time,current,voltage,temperature
0.0,-0.0017172377800081353,3.43767591217065,25.181894185134148
2.5,-2.2573078069144445,3.2327489336695137,25.17695069042083
5.125,1.4927655567246536,3.555552454035118,25.19626810304069
7.593999999999994,1.4920226231927234,3.5690505032590334,25.199241959903844
10.11,1.4904492093249275,3.5788816001916697,25.1867940439196
12.625,1.4893956360183864,3.586986482253883,25.168544767612026
15.156999999999996,1.4933297681285254,3.5951120216754067,25.15049257417678
17.61,1.493121884141897,3.6020283099997745,25.135082687278697
20.125,1.4936745356868055,3.6084265215045925,25.127091220835702
22.593999999999994,1.4888157147896084,3.6146792538676666,25.099802511171212
25.062999999999995,1.4956300994143417,3.620819872918911,25.093688499720955
27.562999999999995,1.4931336095191845,3.6265146809251263,25.085906398035743
30.077999999999996,1.4907883927884997,3.632074244907774,25.071058858802655
32.61,1.4918985326964327,3.6375431813842845,25.052546360892162
35.125,1.4899300956276358,3.642651266955523,25.028689766552382
37.657,1.4896804659351057,3.648042328375721,25.01368690123682
40.11,1.4894887207249048,3.6526946793813804,25.00227861893178
42.593999999999994,1.4914911799028587,3.657629299219915,24.994718973626764
45.062999999999995,1.492490585575772,3.661741392221903,24.966228453101778
47.532,1.4922599021274892,3.66625955758009,24.94729391895507
50.125,1.4898578658899748,3.671000938289853,24.927587975023084
52.641,1.4912740006373097,3.6752709587827006,24.91254345302384
55.157,1.490156447755859,3.67922886393768,24.899269665926735
57.718999999999994,1.4906976130134357,3.683847970695197,24.889021206618118
60.187999999999995,1.4906371866739512,3.6879047797601894,24.873951016977056
62.672,1.491109421359714,3.6915700635544386,24.86046166256186
65.157,1.4905293676982483,3.695532404028193,24.84178791849258
67.64099999999999,1.4920575190810197,3.6992062912812567,24.818541958201376
70.11,1.4918217794403696,3.702839608930791,24.812465531000406
72.64099999999999,1.4909585780444694,3.7066206316631707,24.78190550816372
75.157,1.489897191055824,3.7099276829404992,24.766860307243917
77.75,1.492590205163345,3.7139029494209588,24.7539387278765
80.26599999999999,1.4921298015553475,3.7174850842124303,24.75304931596375
82.782,1.4899436290114405,3.7208157528675505,24.745650127988586
85.31299999999999,1.4903986447799342,3.723993774320811,24.7289961396589
87.828,1.4884328385203114,3.7271592572915235,24.72564366119348
90.31299999999999,1.4923425669468986,3.730585218093292,24.713471308312794
92.782,1.4911851363403104,3.733432956170492,24.706349061118978
95.25,1.4915475566738168,3.736591377662491,24.69593398233157
97.719,1.4931278081968282,3.7394913409399613,24.686685487856177
100.235,1.4927967844289094,3.742825361156306,24.674921703821074
102.76599999999999,1.4870731081081852,3.746018035340873,24.666705613968375
105.282,1.4914337276513516,3.74858550138982,24.651247655167484
107.81299999999999,1.4918440583177737,3.7515762526411494,24.644743544038917
110.282,1.4924715745648895,3.7542767071219014,24.627852561518342
112.75,1.4906907656937907,3.7571950249821584,24.619062941924646
115.219,1.4910354368428822,3.7596569278982317,24.603846279220235
117.68799999999999,1.4889115407436544,3.7624685383247325,24.59477370371872
120.172,1.4905608319899404,3.7650553818867833,24.578087396780248
122.68799999999999,1.4896650154463194,3.7676088814880404,24.558815474743675
125.219,1.490155499199514,3.770285367655311,24.54695949941058
127.735,1.4865875542691274,3.772826922908051,24.545984776595997
130.266,1.4933806509601757,3.7755442289530228,24.54308587325704
132.735,1.4879709608591685,3.7782694350035197,24.518310732298808
135.219,1.4924129900186491,3.7802387602966334,24.504565902614605
137.688,1.4914821860790528,3.78262809377627,24.488110563016896
140.15699999999998,1.4915606979274745,3.7847809282803757,24.48498456878344
142.641,1.4899128610429535,3.787390899901265,24.474151561951516
145.15699999999998,1.4905738411827636,3.7894780078864505,24.46729687107292
147.672,1.4897453746921534,3.79174366966763,24.465853438937998
150.203,1.4932067169139964,3.7941615395797976,24.45488803116391
152.719,1.4937320589932537,3.7960140792178105,24.442634693496334
155.25,1.4905309127710067,3.7984535082987474,24.434553231098295
157.766,1.489325587589629,3.800556304489005,24.426090940784317
160.297,1.4935039601077136,3.8023198144013435,24.41858048493147
162.813,1.493596147266156,3.8044802755780833,24.41034999422207
165.344,1.493553523807236,3.8065248359971684,24.399156711812793
167.813,1.4909983132585682,3.8085032250805564,24.395435972627627
170.28199999999998,1.4890777318494688,3.810438773457337,24.379667129628594
172.75,1.4922604395288455,3.8122185152972596,24.366397051934857
175.219,1.4887143658088273,3.8139003565179195,24.360070545249865
177.75,1.4906898669946902,3.8155621965393824,24.350352461371784
180.266,1.4946510379574698,3.8171903396489184,24.338685126995856
182.78199999999998,1.4930381332131104,3.8188010603123845,24.339274679379987
185.313,1.4895390136464206,3.8203619033064804,24.327413667259606
187.828,1.4903885052578256,3.8217882851012437,24.329095511742832
190.36,1.4895489193158078,3.823250327187248,24.314496391431476
192.875,1.4903135404287893,3.824549867048452,24.30637321511769
195.40699999999998,1.4897060014629528,3.8256872871338166,24.29600735223591
197.953,1.4921423574618728,3.8272674810640632,24.29295240534671
200.469,1.4892449944703139,3.8281940655136424,24.272720169257898
203.0,1.4924130105201618,3.8290122001467215,24.264286604720414
205.516,1.490539405469701,3.830020507616176,24.242009682257976
208.047,1.4933700374808423,3.8310306899377156,24.23618841112854
210.563,1.4896726158366473,3.8321552045954705,24.232531265946385
213.094,1.48953706350924,3.8328046563588885,24.22138489036297
215.60999999999999,1.4917234757069489,3.8335565989999627,24.21364717019064
218.141,1.491540678914333,3.834059682989879,24.21644222138936
220.65699999999998,1.490322390679583,3.8349572590705567,24.207611640263732
223.125,1.486717477823081,3.8358595576021655,24.20742122858737
225.625,1.4889045188303003,3.8364422216660206,24.2041856130848
228.141,1.4905418448080672,3.8372956013691133,24.195356199490565
230.65699999999998,1.4921088413722654,3.8380656214668782,24.18114751266551
233.188,1.4900306407399866,3.8384558837435305,24.17226091029367
235.703,1.4935152311508388,3.8390202477432256,24.1695009123611
238.219,1.489287606971714,3.8395633181788527,24.160975635999307
240.75,1.4970574071648604,3.8401045208405327,24.165769626337024
243.266,1.4916546037066114,3.840925579836349,24.16078258511497
245.797,1.4917095027269336,3.841421738319697,24.15159973622254
248.313,1.4918399651921135,3.8420905042889903,24.152450637938504
250.844,1.490619109701103,3.8423170009098384,24.1513143334615
253.36,1.490277794937224,3.8428921427597973,24.122019560883402
255.875,1.4884914568452883,3.843376711246384,24.106916407939842
258.407,1.4922566188189124,3.8440527248867102,24.114392939167452
260.922,1.4911857413314162,3.8442418489421573,24.11645950084703
263.453,1.491319353630417,3.8449038169660317,24.113710099931307
265.969,1.4932734021067269,3.8453349628629816,24.109075123199744
268.5,1.4887012694250858,3.845596332147716,24.11257523932967
271.016,1.491644357705576,3.846213439870247,24.106777477960026
273.485,1.4914668211054671,3.846725993284522,24.108916677190706
276.032,1.4927433644036177,3.8469514208053113,24.09755029019019
278.5,1.4911333066723094,3.8475725031640864,24.10027550511456
280.969,1.4911236962183252,3.8479453697963004,24.097714054481997
283.453,1.4929393119522396,3.848454747199863,24.083002982039147
285.922,1.491109961971536,3.8490569701531987,24.095061531463546
288.438,1.4906053693473746,3.849323146704307,24.092276383032306
290.969,1.492157523863737,3.849968095815544,24.08074326596211
293.485,1.4892585159517566,3.850386957249901,24.079826221369505
296.016,1.4929876938447078,3.850813139997225,24.070601065575683
298.532,1.4904089357855967,3.851563570495994,24.06782834298294
301.047,1.4890257044026651,3.851841371250581,24.060708994023543
303.578,1.491850657954405,3.8523408308328504,24.058115382973533
306.094,1.4917353533865914,3.852797481683567,24.049058200674665
308.61,1.4912044794114245,3.8529426477062687,24.04799493596043
311.141,1.4914071388028438,3.853685728490692,24.044942392769087
313.657,1.4917459338071095,3.8541060791964212,24.025383510490222
316.188,1.491312380922501,3.8548034630502914,24.025420146473053
318.703,1.4917866219313662,3.855255931757516,24.022597507400064
321.219,1.4921401773303355,3.8557694262177997,24.020762146723396
323.75,1.4891535473564144,3.856363495923694,24.02264730420871
326.266,1.4924441335570238,3.8565812640464854,24.020901267983103
328.735,1.4900741332495426,3.857281081497879,24.023634295302134
331.203,1.4919889605778311,3.8576230075618896,24.02989865219719
333.672,1.4917581714479418,3.8580509886580234,24.033833010868214
336.157,1.489775001954191,3.8584872852750873,24.01886413510998
338.625,1.4919566164271665,3.85917601204231,24.011926887726723
341.141,1.4900710238808041,3.859592664237297,24.018856501540732
343.672,1.491592326734768,3.860092686931064,24.01152548564083
346.188,1.4942754407252077,3.860524115654929,23.99595207499475
348.719,1.4923596124139193,3.861036830116911,23.990226372706505
351.235,1.4913329719771888,3.861558345244202,23.986611581316176
353.75,1.4914314258536043,3.8617928117770877,23.982225740084782
356.282,1.4928552474600856,3.8623723599726274,23.973716484173732
358.797,1.4902986060181425,3.8628664674774598,23.963982283419398
361.328,1.4921051528083087,3.8635018324527732,23.970855944393186
363.844,1.4918921532740965,3.86409689564037,23.97862229588553
366.36,1.4883494730916842,3.864769507843212,23.987832612139197
368.891,1.4901200886734802,3.8650238150021092,23.99343145972481
371.407,1.4901283907973835,3.86557763272735,23.989524871822443
373.938,1.4919265160902762,3.866001591731773,23.99259341308024
376.453,1.490203048864343,3.866600084559408,23.975299980635537
378.953,1.4929371969076308,3.8669959936143967,23.96394854366927
381.422,1.4926499671703946,3.8675875074333605,23.95465993748165
383.875,1.4932370245159654,3.867867167025229,23.95315650222132
386.344,1.4912677720060874,3.8683733164358824,23.953834769935277
388.875,1.4892083645668526,3.8690298341528533,23.95972082716921
391.391,1.4937963833208312,3.8692565770107645,23.96364083834227
393.922,1.4916318886942925,3.8700402078977993,23.96456256670291
396.438,1.4929605075447903,3.87020876336476,23.96990934656801
398.953,1.4909244355194233,3.870687669189565,23.964615384873383
401.485,1.494470222556141,3.871566572103681,23.969389061417466
404.0,1.49381854556056,3.871790329987523,23.962549477478678
406.532,1.4918443057581685,3.872104186922642,23.96297291679557
409.047,1.490164850629456,3.8729194439152193,23.96456683438231
411.547,1.489101334773787,3.873129646595592,23.957891490026086
414.032,1.4921726734490606,3.8738212733104835,23.951077812558918
416.563,1.4892819759650069,3.874161063963061,23.946001850182355
419.078,1.4919433871020036,3.8749246495929794,23.947000721319796
421.61,1.4897595266176105,3.8752890463798293,23.95184730100154
424.125,1.4918932172078612,3.8757409818478705,23.952413825772858
426.641,1.4914701291687589,3.8762034715145446,23.95026651630707
429.172,1.4918314067844602,3.876393147487153,23.946953926842415
431.688,1.4877996430283,3.876761189204459,23.943024987649828
434.219,1.4915420705595472,3.8774451302582276,23.936463795989344
436.735,1.4920519828792294,3.877940761019316,23.925080887361077
439.25,1.4914298522533842,3.8786591851894427,23.9239734277186
441.782,1.4928792316258783,3.879004912431407,23.929361224475233
444.297,1.4913968406701026,3.879447193534472,23.939289340001626
446.828,1.4929344886155442,3.8797486043821947,23.937128837109437
449.344,1.4909185540027081,3.8803121966289478,23.953439060100365
451.86,1.490586027537239,3.88065393974516,23.944088469460354
454.391,1.4925376772305214,3.8813509825720276,23.928580578577748
456.907,1.493048363737535,3.8818144202974563,23.924408700467048
459.438,1.4930486703145838,3.8821993124464127,23.928687430939167
461.953,1.491756020539868,3.882570619096185,23.931035904876236
464.469,1.4902732305856516,3.8831464785596106,23.926859297985825
466.953,1.4921296480146,3.883520608163645,23.920752047357922
469.407,1.4926659871103773,3.8840910001505318,23.926088046518615
471.891,1.4926126858174253,3.884294907313828,23.92348961572784
474.36,1.4917518142081896,3.8848269500932453,23.924203013107928
476.828,1.4892002112794442,3.8853203148053725,23.923126399310526
479.297,1.4945665536431263,3.8859187358301126,23.925163766091913
481.828,1.493816279167971,3.8862991783316905,23.92764721502536
484.344,1.4918554285659806,3.886890064073208,23.924680485301856
486.86,1.492148595436673,3.887023109953001,23.92798368225457
489.391,1.4915604956175363,3.887731463429854,23.926562654509976
491.907,1.4919556300549421,3.8883222609047405,23.92826804602664
494.438,1.4893483164748202,3.888519768210317,23.92968451492488
496.953,1.4909015050813526,3.8888403932459514,23.925326023194756
499.485,1.4930428074907682,3.889455660640761,23.920399714773485
502.0,1.4911233424235752,3.8900148630491747,23.926208218191583
504.532,1.488761865278609,3.8901890314977847,23.912041559934732
507.047,1.4902511515563464,3.8910528545459573,23.9256188074817
509.563,1.487448828172551,3.8911371302793247,23.93375120802014
512.094,1.4900029133438975,3.891905763523019,23.937730419208922
514.61,1.4921180643996146,3.8920978451593395,23.940396301577934
517.141,1.490906062231242,3.892438986536109,23.9337994779988
519.657,1.4917169220538185,3.8930638504639057,23.934113142403575
522.172,1.4938416740839116,3.893562150991943,23.92979970021384
524.703,1.4906366915121607,3.8939396852003165,23.929391218340307
527.219,1.4918318222315052,3.894187276215649,23.920075347525035
529.75,1.4940413862251223,3.894483902445504,23.913681986684956
532.266,1.490649209457835,3.8954140050984183,23.911461629075905
534.828,1.490395216292546,3.8957029901371962,23.90109872282618
537.313,1.4929954717432703,3.8961497072165807,23.88358745100107
539.828,1.4891505054545262,3.896815970609111,23.88036625101926
542.297,1.4907700527707957,3.897015807692355,23.871074784511567
544.766,1.4957148873184491,3.896972152804677,23.88024456084517
547.235,1.4890292452326672,3.8981956455618962,23.88708397956017
549.75,1.4939339234736697,3.898044739422925,23.9043159620534
552.282,1.490037613094083,3.8990227704445015,23.906765450989145
554.797,1.4888975968420304,3.899236609050743,23.9145030365275
557.328,1.489186627600523,3.8994199145770696,23.90956656206983
559.844,1.4919977372833415,3.899904768462996,23.91566079326484
562.375,1.4918113507769746,3.900560477026282,23.91126096186589
564.891,1.4923053616258637,3.900912583888992,23.908734659495934
567.422,1.491657308676522,3.9016074513242254,23.906556181588204
569.938,1.490069056548703,3.9019771572528312,23.90458566698809
572.453,1.4909599918545982,3.902043596778464,23.90272467150156
575.016,1.497801723923376,3.9026345920700503,23.899649605298503
577.532,1.48830027709108,3.903012273246362,23.903508487799055
580.063,1.4904948313595543,3.9038594054198854,23.902613243427695
582.578,1.4930606979018708,3.903535480852805,23.906300703726682
585.11,1.491066063713411,3.9043338870289555,23.8977158301353
587.625,1.492878317481066,3.9047186361795143,23.899608733168602
590.141,1.4899704995817928,3.9051359266449817,23.90465903639393
592.672,1.4909028775011186,3.9054537694946974,23.907326902458514
595.188,1.4896719436835804,3.905905807648269,23.904928355276784
597.719,1.4922822649097212,3.9062911551089834,23.90974987223896
600.235,1.4934035861385127,3.9069219008030798,23.91856476285474
602.766,1.4937263256719584,3.9072728329333954,23.92187664119112
605.282,1.4877392814538668,3.9077635636395716,23.92140363461804
607.797,1.4934978563852674,3.90812901937522,23.921569339779797
610.282,1.4894089718059316,3.9082379136392547,23.919571125014052
612.75,1.4900528433251305,3.9089745529329263,23.918807711817948
615.235,1.491351870829405,3.909189388862452,23.918792684323932
617.75,1.4918424789053308,3.909676875473811,23.905920042698494
620.282,1.4913695441622685,3.9100523595659236,23.903326537868384
622.797,1.4901835832639705,3.910329819393893,23.90588044516166
625.313,1.4919374669607,3.9110753131522933,23.901474922591643
627.844,1.4912994765452074,3.911062225965842,23.90771309891293
630.36,1.4894026169796195,3.9117319672555313,23.90950516791512
632.891,1.493861028345035,3.912083913105272,23.905501132953493
635.407,1.4904431013077997,3.9126217913518464,23.903869220874636
637.938,1.4920400062037633,3.9126647843434776,23.90548953941357
640.453,1.4901817192777274,3.913228453363347,23.909273499918385
642.969,1.4937355211358576,3.9138060511901855,23.90820385131232
645.5,1.489166141924985,3.9138970366965333,23.90247407546131
648.016,1.4911948495529108,3.9144265974450425,23.918284649922054
650.547,1.4924379363159461,3.914805941994826,23.916212868261113
653.063,1.4937741885855347,3.9149776596567083,23.912770375807575
655.578,1.4891353155168325,3.9153764914035323,23.904820972923964
658.11,1.4936955482665257,3.9156931550793206,23.901775061897617
660.625,1.4876157632309235,3.916344779642161,23.88212696063843
663.157,1.4912831117487715,3.916472168123176,23.881924486918155
665.672,1.4905325240588145,3.916750208061465,23.885600737225083
668.203,1.4941169244828336,3.917364603668328,23.890934968832173
670.719,1.4878589368051258,3.9176603811329955,23.888038846348874
673.235,1.4915433422696576,3.918002947523956,23.89553087154032
675.703,1.4890640586380806,3.9181796193812524,23.90673839106879
678.188,1.4928555275424287,3.9185757487241544,23.907101978673925
680.657,1.4912118951994313,3.9189229597739743,23.900841918478406
683.125,1.4913262667347615,3.919600057552264,23.900499211683254
685.594,1.4916706387531355,3.919492031849974,23.910337079554342
688.11,1.491611203783813,3.9203201633646567,23.915162562885655
690.641,1.4909905351965353,3.9199926084880508,23.928281460493373
693.157,1.490697608693011,3.9205608231254083,23.92079366029417
695.657,1.4931749090586388,3.92095622889188,23.92007618671728
698.157,1.4915270076441691,3.9214117314615415,23.916015447534836
700.657,1.4930323607324434,3.9216506504953546,23.916810680396257
703.172,1.490481866787172,3.922011939550968,23.914588170706836
705.703,1.4935782850176027,3.9223844853145446,23.907779076252673
708.219,1.4923348365089417,3.9223579974047382,23.903543462606468
710.75,1.4889233976151777,3.9231801421064367,23.90992388148337
713.266,1.4917995390625964,3.9234794586649784,23.892722188145882
715.782,1.4910040345982263,3.9234925892497787,23.888219986575105
718.313,1.4915585078593505,3.9238014326832933,23.887689667032802
720.828,1.4927359266111222,3.9242902913705966,23.890566799410387
723.36,1.4942900959622707,3.9245970342179897,23.89781470494374
725.875,1.4904498148299905,3.925058978864139,23.901270915318044
728.407,1.489758481295031,3.9253427046415923,23.898482743101745
730.922,1.4864123150704567,3.9252267714074693,23.890821963636824
733.438,1.491122288510206,3.925848278456342,23.888484810227002
735.969,1.4896912025865265,3.9260167799721026,23.889421304790872
738.485,1.4918519797805243,3.9264814770960026,23.898963562865955
741.016,1.495233879066089,3.9266216191775363,23.902059029470724
743.532,1.4907518648488205,3.9269983673166915,23.901490612182346
746.047,1.4899115389872364,3.9272538350246973,23.908336551288777
748.578,1.491133385973537,3.9276129765698347,23.91184391067984
751.094,1.4917103933103464,3.9277654135331432,23.910707253666107
753.625,1.4911287982654289,3.9281336750542475,23.915069480655703
756.141,1.4907375669136027,3.928283919195556,23.909475154201438
758.657,1.4934816712240697,3.928422151813284,23.910415637347487
761.188,1.4902184962627116,3.9286703792604865,23.91327530677044
763.657,1.4891374577900167,3.9294804854869625,23.917430157570806
766.125,1.4919207211071683,3.9295906856746012,23.908707235065485
768.594,1.488660310699047,3.9299839095163227,23.914354817008316
771.078,1.4885752362472007,3.9297147070487646,23.898342380939983
773.547,1.4877449238232832,3.9303032736488825,23.892211990071868
776.063,1.4950185601674266,3.9304982032317963,23.90113002502883
778.594,1.4939321204465845,3.9307289201832516,23.9096874231265
781.11,1.490128865770892,3.9310739533891317,23.920808138336234
783.625,1.4911415998075974,3.9312813315478237,23.920290784124067
786.157,1.4908988145733733,3.9317544451562316,23.920950243482014
788.672,1.492763988437196,3.9316877482509867,23.92478258193373
791.203,1.491432083922696,3.9319474531260505,23.929057412141454
793.75,1.4922278273136262,3.932443526202779,23.937343044636965
796.282,1.4905210793521009,3.9324440636904625,23.92270556741436
798.797,1.4893428429501345,3.932777514512957,23.92703018451767
801.328,1.490171983881096,3.933251151011404,23.921072095702694
803.797,1.4886058979916967,3.9332298670178876,23.91531481431046
806.328,1.4896006717359622,3.9333746345747507,23.92977241693852
808.891,1.4888365894706175,3.933960424084504,23.92554496068661
811.36,1.4945504122272049,3.933958097484527,23.921884890314825
813.828,1.4931226685799381,3.934862849749785,23.916095591346284
816.297,1.4960001844486397,3.9344540538340635,23.917009256689166
818.828,1.492102877557944,3.9348919209370576,23.92045942637571
821.344,1.4908262151472174,3.93522280067404,23.920606078294657
823.813,1.4899648115839756,3.935401265698446,23.910768872850447
826.297,1.4893030261504951,3.935792929627827,23.922275868605634
828.766,1.4906248392799033,3.9357496910804968,23.92027390366177
831.235,1.4935323634591593,3.9363236125607277,23.92739221903464
833.719,1.4899185021165142,3.9362217629214387,23.922431859190787
836.235,1.4890521062686513,3.9363380898754445,23.913764848771585
838.75,1.4933949026892055,3.9365314293105755,23.909696477437112
841.282,1.490769346744876,3.9371146661240592,23.912153079084465
843.797,1.4892461088103202,3.937162587720423,23.921154020185362
846.328,1.4909182763561541,3.9375219519978826,23.919684636673065
848.844,1.4937401444031697,3.937527125585434,23.934826760516465
851.375,1.4892739370036,3.937743130976798,23.937917594127484
853.922,1.4891890026374779,3.9378858760610957,23.93358323509879
856.453,1.488291109330887,3.938192580250649,23.935765659343183
858.969,1.4901780431767946,3.93852106328419,23.94240493095616
861.5,1.4953129632388453,3.938932319581117,23.944287271865196
864.016,1.4931333677086411,3.938771085606208,23.942351995448668
866.532,1.4868872463597986,3.9390961295662588,23.949262077344848
869.063,1.4894131953369265,3.939403856312449,23.949060136774314
871.578,1.4909083476082816,3.939586120287706,23.946578522823337
874.11,1.4901332335310193,3.9398735821046387,23.936262514573347
876.625,1.4925963374054092,3.939914543467359,23.92873271808897
879.157,1.490854401675178,3.9402809725211023,23.92695277489015
881.672,1.4872723492985704,3.940431835407275,23.9264633694309
884.188,1.4931343739502805,3.9410443619279247,23.921620216562488
886.719,1.4927691836480559,3.9408514430980754,23.93371536844829
889.235,1.4921997292045373,3.941326393297674,23.93613793458574
891.766,1.4904078048072353,3.941056785176513,23.94637914400038
894.282,1.491736898098237,3.941418032616434,23.948955796938655
896.797,1.4962136927908223,3.9418008405888934,23.949034478062753
899.328,1.4925290467785224,3.942097522023462,23.951483191631212
901.844,1.4901091933683803,3.9422290026079736,23.948594300773415
904.375,1.4910594898617207,3.9423429111897166,23.946815624589878
906.891,1.493631315850189,3.9429211765917054,23.93395036150202
909.407,1.489457843264809,3.9429078748865947,23.93806966663998
911.938,1.4933060653728099,3.9431931219906406,23.94063092211621
914.453,1.4929300721528063,3.943255593516825,23.938660214174224
917.016,1.4909613794309444,3.943790505818869,23.946313221749335
919.532,1.4925638331235227,3.9435573827841925,23.949810030886017
922.063,1.4948561676117613,3.9438299423402854,23.959158575126043
924.578,1.4908748903032503,3.9441917337716275,23.95830497038339
927.094,1.4930012185818557,3.9444306713606427,23.96339208381054
929.625,1.4929272319151936,3.944675291652255,23.961802108993442
932.141,1.4920183041620283,3.944944141012427,23.970647452251484
934.672,1.4920556250832315,3.944757061143528,23.967422317941967
937.188,1.4904445976508613,3.9450633404410915,23.972298776143305
939.703,1.4936628688350952,3.945409256182028,23.965715503638904
942.235,1.4927949104630898,3.9456920922067837,23.96871400596323
944.735,1.4886665010610731,3.945612234691696,23.962803591278522
947.203,1.4917264428418942,3.9459260238597373,23.979069388570174
949.782,1.490481207289445,3.9461126812747973,23.974036095984797
952.282,1.4906510680304468,3.946336890946553,23.974916371240163
954.797,1.4891297516204345,3.946587718782619,23.969650273008625
957.328,1.4939500280474232,3.946443320369666,23.96496865298113
959.844,1.4945417013715032,3.9468390840370877,23.954222445724874
962.375,1.4937190883692262,3.9470898147396136,23.961033807569226
964.844,1.4899537148199784,3.9471907335996566,23.9569895582367
967.313,1.4909379775015486,3.9476440701368842,23.96888691974967
969.782,1.4902007267901236,3.9478198350593767,23.964750625167976
972.266,1.4900946506625474,3.9476498110676803,23.972008959285827
974.735,1.4935295348631805,3.948094615884507,23.986308340866184
977.25,1.4912136344996625,3.94831795073053,23.98924711625476
979.782,1.487240235416087,3.9483595528657487,23.994007388352244
982.297,1.491724438602261,3.9488278006965234,23.985082080520364
984.813,1.488113990538464,3.948811414018773,23.989414054906906
987.344,1.4869086252462997,3.949138359885449,23.987284969471478
989.86,1.4996720002182986,3.9494152478840983,23.990945488100675
992.391,1.4931516147060406,3.9495071442479732,23.99273586808412
994.938,1.4918602645248082,3.9495029404138124,24.001345625916745
997.469,1.4900662560900686,3.9498604534641526,24.008010345174362
999.985,1.4904725697124572,3.9499750333927746,24.00362368562609
1002.516,1.4936230308110723,3.9502178186059003,24.00385355377884
1005.032,1.489886729339794,3.9502580147361037,23.99786848122246
1007.578,1.4914942827086177,3.9506540949379465,23.998599527651603
1010.11,1.4939225738219124,3.9506043968654243,24.01107643414043
1012.578,1.4933780230043188,3.9510140080321743,24.014559002804358
1015.078,1.4911470166484524,3.951252965029378,24.01236921247155
1017.594,1.4945378290736318,3.9517697146350184,24.01425185323331
1020.11,1.4928689886606865,3.9518631705819045,24.016986142237574
1022.641,1.490913871857456,3.951932487724432,24.01852424594435
1025.157,1.4889993045699883,3.9520998847299142,24.023231720129317
1027.688,1.4878697299223063,3.9521717507998217,24.03193306582228
1030.203,1.490524413142537,3.9524209231159886,24.026627991969406
1032.719,1.489688501529244,3.9525570158805756,24.02946399732507
1035.25,1.492765831469682,3.9527952989740642,24.040441154144037
1037.766,1.4913474065141394,3.9530948297948685,24.028348212905456
1040.297,1.4913611216560103,3.9535502936443394,24.02437573233104
1042.813,1.4939968065095535,3.9538091611697794,24.025337994690354
1045.344,1.488699178323787,3.9536464972635854,24.04114586754258
1047.86,1.4932643631782123,3.9538548347230935,24.038064643276506
1050.391,1.4913657344141318,3.954130925178883,24.05326879976001
1052.907,1.4928837378902655,3.9544132984065596,24.041389585889778
1055.422,1.493640006931888,3.954430448212551,24.047442456050213
1057.953,1.4920542430105252,3.954788977455082,24.058026857594605
1060.469,1.4954213097676636,3.9550108585472006,24.056094161715016
1063.0,1.4909131196369196,3.955218077235213,24.051847059090985
1065.516,1.4903977010977976,3.955495246807517,24.049616007206275
1068.047,1.4948259820352872,3.9556990142295483,24.06095183354897
1070.563,1.4917496876616363,3.9558647420449833,24.06472475971991
1073.078,1.4925386236949616,3.9558073455856233,24.06244443095802
1075.61,1.4937391889693936,3.9560621972129097,24.068424080913314
1078.157,1.4919713081032582,3.956435306982203,24.07051250187718
1080.672,1.4929290355174056,3.9565719688417054,24.079490416822622
1083.203,1.4879077419328461,3.956628024739377,24.063822908185852
1085.719,1.4922732856298622,3.956870539048262,24.06011143220233
1088.235,1.4928804485304947,3.957197265795852,24.063211690065973
1090.766,1.491147441006838,3.957323217211384,24.07481548992725
1093.282,1.4920964160756036,3.957574997233419,24.075187796216593
1095.813,1.490042817749311,3.957850416058054,24.08108384492498
1098.328,1.4945403073301342,3.9581768276197287,24.08347814908564
1100.86,1.4901044576281868,3.9582131753382037,24.089204258656235
1103.375,1.490050557255031,3.958688427670299,24.09591313719759
1105.891,1.4921003208240864,3.958490600431566,24.095938097451704
1108.422,1.4904155120380087,3.958731264773601,24.089717021874762
1110.891,1.4903527956091118,3.9589190188844214,24.086966883049264
1113.36,1.490869728633066,3.959555949918625,24.094472408253253
1115.828,1.4902867249620064,3.959214289223413,24.095799303677637
1118.313,1.489714412388868,3.9597362857979217,24.09759455123348
1120.782,1.4920149629452493,3.9597874684330914,24.10226003085979
1123.297,1.490459719765944,3.960256721827758,24.106960078661412
1125.844,1.4879230360276885,3.9602827053909055,24.108697989830024
1128.391,1.491926209094894,3.960591228449016,24.099822026595753
1130.891,1.4908869140084775,3.960659841971907,24.10964383574877
1133.453,1.4893495416318046,3.9611517500644964,24.110156506771595
1135.969,1.4933879264169716,3.9609797127733892,24.117099379865145
1138.5,1.4892088594795536,3.9613621078151717,24.12374378593477
1140.969,1.493282205584343,3.9618169815586235,24.12741490150439
1143.453,1.4925334276134186,3.961855064260606,24.129854412860578
1145.907,1.488615405995903,3.962104179138985,24.13463882235291
1148.391,1.4891236555852367,3.9620791720128268,24.131499097220953
1150.86,1.4879969681026066,3.9623487848646883,24.147192750343578
1153.375,1.4878496336885734,3.9624521622301363,24.149900163837614
1155.907,1.4918726109806593,3.9628287051793367,24.14168642891086
1158.422,1.4912571197661983,3.9630560800860195,24.14444125574376
1160.953,1.4908781584348576,3.9633303416072936,24.144745850934882
1163.469,1.4909930742878572,3.963415833977076,24.15783217499667
1166.0,1.4922152695140232,3.963560361458676,24.165497816217332
1168.516,1.4902697227704804,3.9637926569380753,24.163880067874302
1171.047,1.4935867811147525,3.9639413820548577,24.161806123224213
1173.563,1.4917143648019353,3.9642229079116986,24.162086051419013
1176.094,1.4928227674042829,3.9643984972306603,24.160023076055275
1178.61,1.4878783716433353,3.9649205056990646,24.158920168555365
1181.125,1.487923944111812,3.9649328085105022,24.154663467904413
1183.657,1.4916955969809984,3.9653861086997058,24.15753057849763
1186.172,1.4929538449379847,3.9653026321185565,24.167145206209188
1188.703,1.4900591381995383,3.9657174168044245,24.165424430890432
1191.219,1.4940212134015145,3.96584708505395,24.16308335251884
1193.75,1.4924937582858664,3.9661965762237417,24.16240523930054
1196.266,1.491840190955765,3.9662047142856474,24.156048852801366
1198.797,1.4905105973885848,3.966197409134262,24.16099823276679
1201.313,1.492963123559708,3.9664778141742056,24.16762684175395
1203.875,1.4919742905793294,3.966734775983731,24.177326409312492
1206.391,1.4895147234885704,3.967149820363681,24.168217424113514
1208.907,1.4909111726678472,3.967128776724536,24.167193723974016
1211.438,1.490131808605802,3.96746521983387,24.170621929744165
1213.953,1.4937409410616158,3.968034453802458,24.17527929241814
1216.485,1.4926874754915718,3.967939165911645,24.180991502369082
1219.0,1.493772307879258,3.968297103486349,24.189610878154152
1221.516,1.4858398877718566,3.968639060442939,24.18746927322244
1224.047,1.4922916979289305,3.9685956643473816,24.191962596620286
1226.563,1.4902048812152149,3.96873797401295,24.190656799433256
1229.094,1.492805039855598,3.968877423135555,24.208913621934073
1231.61,1.4889199689973849,3.9694468192201495,24.208433754681035
1234.125,1.4924622458003467,3.9695215396103527,24.212619178814244
1236.594,1.4932578899484332,3.969848085393361,24.21273231729825
1239.078,1.490306946128604,3.970061170924854,24.216987262313502
1241.547,1.4915287256401901,3.9698459894180904,24.21082901685716
1244.016,1.4914375914249631,3.9700427065134285,24.195384557063196
1246.485,1.4890541728283218,3.9704816814689945,24.19456601857698
1249.016,1.4910566334701625,3.9706180425337414,24.20015364588018
1251.532,1.492720238792242,3.97120933057621,24.205582765329968
1254.047,1.490753507929256,3.9712758385935274,24.20428989190449
1256.578,1.4928577886954433,3.9711769186267514,24.206427695058846
1259.125,1.4911473505535149,3.9715776566882437,24.21751584723812
1261.61,1.4916426827895934,3.9717807943795105,24.20539123001262
1264.125,1.4919768678754946,3.9722399667408474,24.21849795559791
1266.625,1.493272231533244,3.9721182614915094,24.234481573678572
1269.157,1.4930040895100667,3.972384618557573,24.240755154645772
1271.672,1.4883531033597521,3.9725430921046634,24.24026071482609
1274.203,1.4934754316290233,3.9729093280606573,24.23364007928438
1276.719,1.4873353243336405,3.973090785766577,24.230933002005806
1279.235,1.4890490828881844,3.9733156721819234,24.233552293311984
1281.766,1.4900892683939229,3.973660423631623,24.235976531685527
1284.282,1.4897083398486433,3.9738352966355897,24.24627647084742
1286.813,1.4906249926113004,3.9740462604236466,24.25662841176907
1289.328,1.4932270705164241,3.9741051122659736,24.255463276783892
1291.86,1.490397213244821,3.9743214466009213,24.25269485549398
1294.375,1.4916729483845688,3.9746581352837107,24.262547825694746
1296.907,1.491532607097685,3.974728303811693,24.263854778047346
1299.422,1.4915050643087768,3.974899360723481,24.258873025070713
1301.938,1.490010065280529,3.9750525339890608,24.28113416817166
1304.469,1.492041491344373,3.975246525412882,24.27712339092709
1306.985,1.49524712260678,3.9755316795185487,24.287837792999486
1309.516,1.4923451072624705,3.9757276967675788,24.293936500591684
1312.032,1.491911340674082,3.9759935255790757,24.294397726143032
1314.563,1.4920279211906273,3.976325191481791,24.292875135987156
1317.078,1.4916342892213532,3.976219339554425,24.294055133618784
1319.594,1.4908400371813826,3.9764962258285834,24.30514694017775
1322.125,1.4922641727733184,3.977005200404425,24.299803794294334
1324.641,1.4928161412250058,3.9768326840125803,24.30529914227133
1327.188,1.4888333294156597,3.9772228053222904,24.309592535437062
1329.719,1.4939364994895628,3.977354251224773,24.30265402099294
1332.235,1.493493434665108,3.9776967780076387,24.302907365016743
1334.75,1.4925502626300178,3.9779293407512775,24.3163278828736
1337.282,1.4903994778558585,3.978136364818596,24.315981151252693
1339.797,1.4899366916017904,3.9782350818816834,24.32784833863309
1342.328,1.490693305712185,3.9784967406852116,24.3299522153023
1344.844,1.4918611071859658,3.9787944740926156,24.327341793516467
1347.36,1.491466223953388,3.979040209698595,24.331446535572976
1349.891,1.4897074680707583,3.979348221394412,24.336918129089323
1352.407,1.4910058218995796,3.9791454380829694,24.341101704656165
1354.938,1.4937912993289737,3.9795878817953487,24.357088636232376
1357.453,1.4911161543899591,3.9796430750559915,24.35418628937001
1359.922,1.4942397443077633,3.980121479663907,24.35927996044728
1362.391,1.4906222173907,3.980095871429632,24.352304156094732
1364.86,1.4927557215577498,3.980420902730085,24.359230673862093
1367.344,1.4929309861259468,3.980737312973028,24.375866648715803
1369.813,1.49246189173375,3.9807365672635595,24.370301398804866
1372.328,1.491927644100447,3.9809701309847014,24.366810698145766
1374.844,1.4927037728040327,3.9811559845724442,24.370383738408016
1377.375,1.490278677988251,3.981380014885302,24.38240165557235
1379.875,1.4923218089364378,3.981589765319355,24.37885694286288
1382.407,1.4917315591882634,3.9817303425186292,24.368228081616227
1384.875,1.4932780203680829,3.9820802841925134,24.375231506641107
1387.344,1.4898998753235912,3.9822032878795026,24.389979142092333
1389.828,1.4885172856044622,3.9822308014371264,24.391887608570627
1392.36,1.4915356507860873,3.9826084416454433,24.394573421159095
1394.875,1.4924580798220681,3.9830098175015727,24.39899822063546
1397.391,1.492982883856758,3.982992960826309,24.39951603122209
1399.922,1.493117647181201,3.983305870999516,24.402513302631363
1402.438,1.4911830332102347,3.9833356798398016,24.412006564979823
1404.969,1.4908295743086857,3.9835171944396204,24.414339533603453
1407.485,1.4903642976013585,3.9836542784359708,24.426598424712555
1410.016,1.4928172044123862,3.9836688604417394,24.421480274884992
1412.532,1.488614543646728,3.984048389991527,24.429657298752
1415.063,1.4942116831214813,3.9842606246824928,24.42279636411324
1417.578,1.4938198771953375,3.9846594463481737,24.418465595470728
1420.11,1.4892621984860965,3.984774959905282,24.40732346051889
1422.625,1.490980050855383,3.984845873163497,24.410432017929068
1425.157,1.488725815257658,3.985199399890743,24.422923465465328
1427.672,1.4904462462794525,3.985267965394078,24.416322874064683
1430.188,1.490584487159943,3.985551691423121,24.432263675965455
1432.719,1.49213184398698,3.985592967176727,24.438896468488696
1435.235,1.4905950168023807,3.9860753401425826,24.448339137615804
1437.766,1.493227577574521,3.9861913724156715,24.444340237446408
1440.282,1.493657934131242,3.9862044200252593,24.438180871566754
1442.813,1.4928269460711736,3.9864522123422415,24.44322532416701
1445.328,1.4904568032060763,3.98667899834868,24.445366351907314
1447.844,1.4889782048096312,3.9870284101812308,24.450296988188253
1450.313,1.490036230837145,3.986949677956243,24.453904670655536
1452.797,1.4928575670193969,3.9872879278219924,24.46331854271589
1455.25,1.4950819470673762,3.987482469626383,24.470384347817255
1457.735,1.4933266939677983,3.987609594276473,24.473884753658442
1460.203,1.492010697511818,3.987719818399441,24.474369037422424
1462.719,1.4911594380445548,3.988009079633681,24.479830668994538
1465.25,1.492250054307285,3.988138396351521,24.48953873598433
1467.766,1.4918185628913225,3.988579087655987,24.49533661838682
1470.282,1.4921412422031777,3.9886206399033552,24.483193002000508
1472.813,1.4923241628564066,3.988968809978445,24.48181340883603
1475.328,1.4940153658182171,3.9892194377915464,24.482558200695376
1477.86,1.4931918075585124,3.988971734691427,24.4960824383529
1480.375,1.4923745486743147,3.9893876486583175,24.505491608179874
1482.891,1.4940912005794276,3.9894862487192255,24.515233230520895
1485.422,1.4922899418896134,3.9899353450308235,24.523468426790124
1487.938,1.4894070264839248,3.990107008045019,24.518644909872005
1490.469,1.4908358375242934,3.990214885912899,24.52025070836603
1492.985,1.490497339299271,3.99029617767104,24.52587521641403
1495.5,1.489322379145236,3.9907824317950573,24.52604215244741
1498.032,1.4905277936279575,3.9905846042567443,24.527358847174465
1500.547,1.4931536819572064,3.9910932725529538,24.53427865999122
1503.078,1.4914517704574688,3.9910919768952042,24.532748167748476
1505.594,1.4916865381031534,3.9912549772504073,24.525388245828548
1508.11,1.4935555708085424,3.9916474495366057,24.50591783914897
1510.641,1.4926444890366004,3.9917834428854415,24.50169719358873
1513.094,1.4876915813994742,3.991952004677651,24.499403015761732
1515.578,1.4907861631269341,3.9923923513345994,24.50024177863949
1518.094,1.4941632838621937,3.9921147534439942,24.50871227613487
1520.641,1.4909717190370686,3.9925232028213857,24.52166822218513
1523.141,1.4933756230056694,3.9927193984975062,24.537329697527422
1525.672,1.4945030227722287,3.9927861164302407,24.545646254322204
1528.188,1.4920812054394375,3.992910251301987,24.54778530454894
1530.766,1.4928670698570057,3.9935058177781335,24.528861732761026
1533.297,1.4877156067563289,3.9932965692718874,24.529268759843166
1535.813,1.4899467034000058,3.9939326811611187,24.541577472603425
1538.344,1.4925005824875122,3.9940457686537885,24.550533729796427
1540.86,1.493708288884549,3.9941691363264655,24.559549410744886
1543.391,1.4910889926131154,3.9943181647540027,24.579013151779936
1545.907,1.490255740859835,3.994573466242016,24.587655748645588
1548.422,1.4902487964124291,3.994590116738705,24.589634166996305
1550.953,1.4921824204139595,3.994961884380152,24.59105001901558
1553.469,1.4920105770837797,3.995000658150811,24.592539627492695
1556.0,1.492249150377223,3.9955890322912335,24.60957821172058
1558.516,1.492653664035774,3.9953925632281924,24.60959248142309
1561.032,1.4891272541641054,3.9957675361891614,24.59355948092185
1563.5,1.4917520929278818,3.995979272293411,24.5978077282554
1565.985,1.4918481119152447,3.996060608273336,24.614490960091793
1568.453,1.4894426423550045,3.996272352085942,24.60935286339874
1570.922,1.493389559931929,3.996183034374322,24.613434667460407
1573.391,1.486855585081758,3.9967758065451973,24.617110997963675
1575.922,1.4901142026531684,3.9969084984526337,24.634698578223365
1578.438,1.4923910292643716,3.9971689376076793,24.644474502695445
1580.969,1.4907822023907054,3.9974340940516986,24.64575716514924
1583.485,1.490946606208354,3.997337975964447,24.638531572920073
1586.016,1.4926567575214686,3.9975686518366476,24.646647857308583
1588.532,1.4920596093027485,3.997873644042109,24.64909819408276
1591.047,1.4914310613648685,3.9982541582381,24.657658886619657
1593.578,1.4923275489459078,3.9980932541635785,24.659025714288074
1596.094,1.4913929944326452,3.9985906726673255,24.66530293452589
1598.625,1.491239619900492,3.9985778278583535,24.6681771010424
1601.141,1.4932555732994945,3.9989695247515726,24.6717748452454
1603.672,1.489004936547504,3.9990770160261735,24.67622876660966
1606.188,1.4945849683690704,3.999252526493147,24.669620847682108
1608.719,1.493774989245447,3.999404854835073,24.671957216641086
1611.235,1.4890099718941148,3.999646996772092,24.682463319662713
1613.75,1.4929628113103592,3.999820234547258,24.698324163354044
1616.282,1.4891689552791678,4.000134817300489,24.69370470520123
1618.797,1.4884053819704943,4.00010013812382,24.696494319132878
1621.328,1.4910936585673102,4.000354339136781,24.69834165963974
1623.844,1.4891016720435708,4.000593520750566,24.709740169664894
1626.313,1.4918169047714567,4.001099200723052,24.71557100826578
1628.782,1.4884123968705507,4.001075435398848,24.733357358587572
1631.25,1.4936611076707633,4.001387862857384,24.74110224449698
1633.735,1.4928693517910054,4.0015927800156,24.74356554591613
1636.328,1.4904729734543363,4.001639701091632,24.732415525228703
1638.907,1.488189659822577,4.002024855568289,24.730071928721163
1641.407,1.4919743818614732,4.0021581881300925,24.727369416501816
1643.875,1.4911673423913,4.002337735858862,24.728577506400008
1646.391,1.493379601885614,4.002204641922012,24.73084896794233
1648.938,1.4940088370119415,4.00273958910346,24.739123635280933
1651.469,1.4890086963920346,4.003063264267272,24.756311681157317
1653.985,1.4936095692360485,4.003058540794449,24.754664974790668
1656.516,1.4908615485966956,4.00309902933627,24.759706452794422
1659.032,1.490393080566922,4.003484109848228,24.770678749038083
1661.563,1.49305973137891,4.003586812743908,24.772802773322642
1664.078,1.4902935548073932,4.003834736738936,24.773691741157215
1666.61,1.4903424914965862,4.003931730813606,24.779910550533685
1669.125,1.4923692438958176,4.004244048495067,24.78854201594744
1671.641,1.4913463361713208,4.004314500005078,24.784659422057636
1674.172,1.4911019585034253,4.004725559323392,24.796707105399207
1676.688,1.4932489349373521,4.004992255549341,24.811606655593312
1679.219,1.4902215393096017,4.005239087092766,24.813765393876555
1681.672,1.4898848589684774,4.005364152550542,24.810351832344644
1684.157,1.4915864992569816,4.00543835531655,24.81179392221836
1686.625,1.4900207733492998,4.0056341442701076,24.814102920502137
1689.094,1.4913240625199713,4.005650180571688,24.8192203855845
1691.61,1.489791853150753,4.006367280779047,24.818231125772197
1694.125,1.4910462161978373,4.0063727772895135,24.811698554988112
1696.625,1.493202711735672,4.0065674571821575,24.82908648319799
1699.11,1.4920990434843204,4.006787169079617,24.83723945500264
1701.578,1.4913856261697165,4.007054277211594,24.84224745909598
1704.063,1.492826216566,4.007143610426983,24.847777059721842
1706.547,1.4906714498842877,4.007508200340595,24.836493965698125
1709.032,1.4909790512600427,4.0077868341900125,24.839762238148467
1711.5,1.492301483857712,4.0080689765147826,24.839010297344068
1714.032,1.4905674931275543,4.00828708917676,24.834845558349244
1716.563,1.4917633808435877,4.008102281073725,24.84094230309273
1719.078,1.4924853881437372,4.008270835377667,24.838085224392376
1721.594,1.4943058947533574,4.008524960550989,24.854120681266526
1724.125,1.4909189317770517,4.008931705304811,24.862918078320217
1726.641,1.4927216236603915,4.0089988245839265,24.870417999437723
1729.172,1.4905555754127737,4.009280465438807,24.87206318980812
1731.688,1.4895210002391943,4.009573390928996,24.87647186455035
1734.203,1.488850669126181,4.00985580278655,24.868748290289084
1736.735,1.4898432114878892,4.010004722899478,24.871634412364727
1739.25,1.4889987441816275,4.010143179491108,24.865089939274473
1741.782,1.4912299080553544,4.01035956611939,24.851642373262347
1744.297,1.4904951443780634,4.01055113873627,24.863337890778357
1746.828,1.4901802703227427,4.010834058950978,24.873336659613983
1749.344,1.4934773968800887,4.011096441541913,24.867165923695854
1751.875,1.4905782689297478,4.011286741492291,24.88412218848128
1754.391,1.4923691817126141,4.011430396062471,24.895267105217084
1756.907,1.4894086489759077,4.011930837971932,24.88516904556262
1759.438,1.4920485422184047,4.012019916539997,24.867740441948254
1761.953,1.494632770385147,4.012078334331256,24.87295182899176
1764.485,1.4924889208586736,4.0124015083736255,24.890153507095402
1767.0,1.4908410053200463,4.0126675628694155,24.902756570877898
1769.516,1.4927847669340344,4.012772337781889,24.90686940572202
1772.047,1.4911271721405697,4.01286058368906,24.91318562280045
1774.563,1.4905312119938583,4.012948890376101,24.915935092462814
1777.032,1.4924038853137813,4.013667663593809,24.930058922135057
1779.516,1.4894580982004209,4.013753270348646,24.93651973294748
1781.985,1.4915109084431013,4.013828099110258,24.936253550567194
1784.453,1.4904469137597838,4.014181357170581,24.940061037549015
1786.922,1.4913518344461205,4.014169546998704,24.944621242898055
1789.438,1.489635777389216,4.01445019287938,24.952824890582733
1791.969,1.4912406850608995,4.014748610158045,24.961934736348464
1794.485,1.4917380828201452,4.014901302122403,24.963675280523926
1797.016,1.4900677393616482,4.015266624889129,24.965642152383513
1799.532,1.4917185598737028,4.015431139561222,24.97748694816785
1802.047,1.4929155372439376,4.015593127453462,24.98198850700872
1804.578,1.4897494120501507,4.015627526090784,24.983606534008167
1807.125,1.491685440148237,4.016402205428473,24.97508542395026
1809.594,1.4886319888495863,4.01627047579141,24.978358178052467
1812.141,1.4918351313115406,4.016459739193582,24.979942796469985
1814.657,1.4904286203393873,4.016842632637921,24.992248441753084
1817.125,1.4905488811692098,4.016815548857528,24.99109499746582
1819.594,1.4906982825527546,4.017041155434395,24.988143567200805
1822.078,1.49035494084137,4.017462067302331,24.99842370395359
1824.547,1.4920579104936034,4.017701511311457,25.009412302972592
1827.078,1.4922256259594833,4.017669791375071,25.003155385128846
1829.594,1.4901583653239223,4.017949800147497,25.00515238261877
1832.125,1.4904289979750882,4.018353800361984,25.00528730551473
1834.641,1.4900921672367407,4.01851841448708,25.022370200895185
1837.172,1.4902320536230214,4.01867899294283,25.02230146667466
1839.688,1.49122970071593,4.018803672563666,25.003368112635766
1842.219,1.493361390382675,4.018993224349617,24.99739322327032
1844.735,1.4877112746056858,4.019217684832894,25.014194712357217
1847.25,1.489520688253453,4.019739196648105,25.033252162919027
1849.782,1.4884614721021503,4.020103558580641,25.045808612040886
1852.328,1.4923972543741522,4.020280549268534,25.04493168421503
1854.86,1.4914831442117338,4.020358754262755,25.05078052674408
1857.375,1.4915224792174153,4.020366341057705,25.056077547751098
1859.907,1.4930296844889035,4.020810796894705,25.06712234553031
1862.422,1.4918718150805657,4.020976049316044,25.049764378946573
1864.953,1.4880740485496902,4.021393278895765,25.05500323840728
1867.469,1.491524684300468,4.021467427401694,25.070026890095814
1870.0,1.491724888133332,4.021739539049698,25.07439151401529
1872.516,1.4890218258989196,4.022196849274327,25.065226409467044
1875.047,1.4915357275852483,4.022101930742039,25.072473625117095
1877.563,1.4946768705802798,4.022546151016919,25.076560393508565
1880.078,1.4907299740365372,4.022737054533324,25.079045411726096
1882.61,1.4900475368924537,4.022928812288983,25.08489531153412
1885.125,1.492691832694861,4.023194845249756,25.089747767593185
1887.657,1.4929299726440597,4.023159938419503,25.10119936136152
1890.172,1.4879212257125292,4.0236933485157795,25.078146456749103
1892.703,1.491630094931806,4.023919704406919,25.085955935101932
1895.219,1.4922449096660608,4.0242514454851035,25.094899773396953
1897.75,1.493620841349652,4.024330256358624,25.106471787067495
1900.266,1.4938352468320635,4.024896373237047,25.111748128392765
1902.797,1.4917824148103362,4.024757383919287,25.108854017142843
1905.313,1.4896077520152693,4.025098042499846,25.095945042434234
1907.844,1.4912233071453753,4.025557236804153,25.09668584640324
1910.36,1.4892505446878213,4.0255723130532095,25.075851793007587
1912.875,1.488350970272886,4.02571212687926,25.1026042989219
1915.375,1.4908577310143405,4.026212898522711,25.11545755638108
1917.844,1.4919383928015046,4.026531193529433,25.136290429148943
1920.313,1.4922891916930934,4.026460603040274,25.14866034546715
1922.782,1.4907235370636542,4.026834758528034,25.149736247082885
1925.25,1.490982390691535,4.0269592889387225,25.147963573004024
1927.735,1.4879685352063627,4.0271058936214565,25.14668012685295
1930.203,1.4918177302708142,4.0272844340411265,25.144560971063502
1932.719,1.4912520371879647,4.027664441183874,25.151313156225065
1935.235,1.4930286897655205,4.027835562986927,25.15228807549603
1937.766,1.4909633428848883,4.028118447885493,25.16374567500313
1940.282,1.4934340746212917,4.028817082992579,25.17476018027858
1942.813,1.4932051681793745,4.0287142363874215,25.18459512382964
1945.328,1.4928010411456185,4.029031817245534,25.1894927080217
1947.86,1.4882033743651357,4.029294114400626,25.19727292814657
1950.375,1.4897725614264083,4.029581228792608,25.202687009647068
1952.891,1.4913286679031208,4.02967108580849,25.219160326403266
1955.422,1.4923514801501878,4.0302416648817045,25.226760022219537
1957.938,1.4914370438520232,4.030202574958919,25.219319400075992
1960.469,1.488706945121678,4.030564154281666,25.21617620163805
1962.985,1.4931051807218587,4.030870413964916,25.219412950305653
1965.5,1.489183706880799,4.030982602605143,25.226092251043053
1968.032,1.4935923169944014,4.031298937750051,25.23232452558955
1970.547,1.4916960410122404,4.031538567328486,25.23039135407463
1973.078,1.491369963351145,4.0316969610054345,25.23355196526377
1975.594,1.489432100456484,4.032039485253469,25.235961783157883
1978.125,1.491254317044257,4.032152008518048,25.239321053975186
1980.641,1.4915003404474232,4.032511037982767,25.240748943072212
1983.11,1.4904962487986664,4.032649671157499,25.25147101497579
1985.578,1.4927130210727164,4.0330585658767175,25.257827007621685
1988.047,1.4913604663761446,4.033100831464843,25.24521564210376
1990.532,1.491919531908187,4.033627048205072,25.240400975485873
1992.985,1.4933126526949152,4.033675995196967,25.242393859098108
1995.516,1.4947636386272423,4.0338905328291155,25.253677598896363
1998.032,1.4937641502106966,4.03432014884203,25.269738792516733
2000.563,1.4906287995161498,4.03441491086138,25.273389835445638
2003.078,1.49056799496769,4.034578312564446,25.2626154417834
2005.61,1.4911618263886337,4.034993206032548,25.261569358707526
2008.125,1.4905439067738002,4.035225683931826,25.264375864846727
2010.625,1.4942238212466497,4.035583294248552,25.27466408817743
2013.094,1.490953668537303,4.035792121690159,25.279166925468168
2015.61,1.4899908909448019,4.036208262815127,25.293506476670288
2018.141,1.4921652403917993,4.036206673573667,25.31299923138139
2020.61,1.488521132844989,4.036605764217964,25.312087776567104
2023.078,1.4918652778709047,4.036814283968207,25.294562308213028
2025.547,1.4914445970475756,4.0368464133824995,25.284387780864986
2028.016,1.4906176014710188,4.037127583868192,25.265691424384233
2030.485,1.4908557185759241,4.037676034529212,25.26266536801219
2033.016,1.491537940242479,4.037935806062605,25.28702525639935
2035.532,1.4918362852803808,4.038093281292067,25.31446923038872
2038.063,1.4906148515797681,4.038329038676693,25.32788245663661
2040.578,1.489258606452205,4.0388538478319145,25.334618799311478
2043.094,1.4889573431695016,4.039072475167939,25.331160569299367
2045.625,1.4900771201064056,4.03898880651191,25.345928103844987
2048.141,1.4901374247744417,4.039490374461421,25.365448091942802
2050.672,1.492161843640751,4.0395876033656615,25.357743719077742
2053.188,1.492301386267356,4.039915843133973,25.336034608275288
2055.719,1.4941614426124252,4.0403376353564155,25.343032732434697
2058.235,1.4887048542069492,4.040414795165451,25.339790915961217
2060.766,1.4900366472894024,4.040844481096576,25.325057134792075
2063.282,1.4929374924918728,4.040889827230753,25.30901842049422
2065.813,1.4950357572645945,4.041212176278963,25.311132962087143
2068.328,1.4921604698056037,4.041395490755017,25.33372229363762
2070.844,1.4894948888352428,4.041966438737445,25.362326614574297
2073.375,1.4903036850713836,4.04212476719482,25.380202683046004
2075.907,1.4891495450330468,4.042369582561058,25.39456632810007
2078.422,1.4910779999733301,4.042909398726543,25.39465185372765
2080.938,1.4884325297346432,4.042900515310987,25.400497739830705
2083.407,1.4901130653505286,4.043335048295499,25.40917727797737
2085.891,1.488350052190452,4.043465460250124,25.403643669112927
2088.344,1.4925052252575062,4.043794331283288,25.410134182900467
2090.828,1.4909769871979843,4.044013654895302,25.420734292093254
2093.297,1.491446092780391,4.0442994265762096,25.40994390268646
2095.813,1.4914678956489464,4.044587671059355,25.397843718933792
2098.344,1.4948637192984275,4.044916022402704,25.389763977630896
2100.891,1.4953774564730722,4.045009868237382,25.371620970426893
2103.36,1.4925330192037036,4.045384635478756,25.38253183554456
2105.828,1.4889218580560801,4.045393036763611,25.401837353800605
2108.313,1.4863671088042723,4.0460349951241446,25.417181991206967
2110.782,1.4929331142117166,4.0461447623375815,25.434587309037134
2113.297,1.4913920215303973,4.046690730441425,25.447604765523025
2115.828,1.4893063129206872,4.0470113755335415,25.453248510644837
2118.344,1.4902939088583613,4.047148990823683,25.445917728476047
2120.875,1.491991503750026,4.047345438887488,25.447268595464344
2123.391,1.4939463871803518,4.047635780856381,25.439717613912908
2125.907,1.4914072588212224,4.047777717375147,25.45293072958246
2128.438,1.4923473561788132,4.048258665882319,25.465792576224903
2130.953,1.4930471988081397,4.048488071515195,25.470420846057706
2133.485,1.4931889450261047,4.048686976980684,25.472103240824893
2136.0,1.4900493142526812,4.0489847630644595,25.492820404895163
2138.532,1.4907256195277265,4.049372947184313,25.494679899777605
2141.047,1.4893748266353386,4.049346134841544,25.516869749023872
2143.578,1.488961966318003,4.050034111051201,25.514538923772964
2146.094,1.4909670495290845,4.0502129185427185,25.51130433519484
2148.61,1.492124461153472,4.050455293606634,25.514532656917265
2151.141,1.4925677981454686,4.050827598501983,25.513922906994093
2153.657,1.490001976066405,4.050908558460466,25.516598422172983
2156.188,1.4936930265465116,4.051459129106521,25.514381854858087
2158.719,1.4907572150038308,4.051552445898474,25.52239987413085
2161.235,1.4884304951053564,4.051805210358287,25.520450004206698
2163.766,1.4877908649928528,4.05218550331224,25.535173529507873
2166.282,1.4936017481358708,4.05229289749505,25.532594967791173
2168.75,1.4886450653222894,4.052775235287118,25.541118798280067
2171.219,1.4889562598104447,4.053001415194705,25.54646106845608
2173.688,1.491222259735656,4.053216972582147,25.542053563473917
2176.172,1.4899902361526243,4.053519917777953,25.554485352928662
2178.641,1.491387835774469,4.053824827913977,25.555146437829784
2181.11,1.4941318098021414,4.05428024370323,25.561563593033373
2183.594,1.495438871455898,4.054640707471492,25.565802956005882
2186.125,1.4927951863307238,4.054932351786624,25.552464809060996
2188.672,1.4907746431363038,4.055072422935129,25.562191476910915
2191.141,1.4916258599270553,4.055323479032448,25.56649089721275
2193.61,1.4944899869061807,4.055657071922736,25.562617877122804
2196.078,1.4891194129728595,4.055857474949655,25.56558373215966
2198.594,1.4912110600272026,4.056330856886107,25.58757187098752
2201.125,1.4949795897358202,4.056559010167171,25.59278208966546
2203.641,1.4915054005826998,4.0569162837950525,25.59230650094078
2206.172,1.4924588777565864,4.057156671107672,25.59462932266545
2208.688,1.4924468674480706,4.057416516403562,25.594188971140408
2211.203,1.4935044116181002,4.05773281876836,25.60379782854668
2213.735,1.4941452020113284,4.058061444249092,25.60235128246066
2216.25,1.491198614102798,4.058436288316735,25.589654914819256
2218.782,1.4931249031878453,4.058421469666505,25.595993966820455
2221.297,1.4937591377775592,4.058743573881901,25.598905003578963
2223.828,1.4929309146571106,4.059360319772262,25.605513979075074
2226.344,1.492640509010497,4.059599790075493,25.599612289551324
2228.875,1.4907739274233185,4.0598105319110065,25.6192206412667
2231.391,1.4900797415965186,4.060050784622574,25.626382574862195
2233.907,1.4925439092913189,4.06045398754617,25.637978563850563
2236.438,1.491191514581326,4.06075580653271,25.615008239966816
2238.953,1.4923338859396171,4.061101553917528,25.608309288367114
2241.485,1.4898312610478548,4.06119739395342,25.618251597809955
2244.0,1.4896302366906526,4.06171864294789,25.635981321912702
2246.516,1.4907505053526524,4.0618717758354075,25.644156022053995
2249.047,1.489732094938251,4.06237798643431,25.636812144897025
2251.563,1.4936972577884078,4.06274548279032,25.64938324869347
2254.094,1.493794821820425,4.062961970151544,25.658394180895286
2256.547,1.4925362642495519,4.063088589471883,25.668731100185564
2259.032,1.4933141383436028,4.063347380731216,25.671230770353308
2261.5,1.490799748995813,4.063798496166174,25.6813100692465
2263.969,1.4936877823652401,4.0641764303569925,25.69489634518951
2266.5,1.4896190973779417,4.06428425786877,25.698658800818873
2269.032,1.4940378391670561,4.064544604341843,25.699914329395455
2271.5,1.4930302975973115,4.065052872660751,25.70026505234415
2273.969,1.491430330453566,4.065499662642354,25.706726580062654
2276.438,1.4888404303639793,4.065642120449716,25.70557747034519
2278.922,1.4911375180642803,4.065864054619288,25.708843327181103
2281.453,1.4928349539930135,4.066327877883652,25.708745533978416
2283.969,1.4910108690471906,4.066374938420842,25.698508925452828
2286.485,1.490237311076469,4.066729481208269,25.690667617837605
2289.016,1.489685791016078,4.066913503592152,25.70070439153827
2291.532,1.4913701299469921,4.067556498153906,25.712748518396197
2294.063,1.4917195420796117,4.067636411705721,25.718780795509286
2296.578,1.4909161808883102,4.06810803798974,25.72395155382094
2299.11,1.4923175327301597,4.06833431554968,25.731749680560853
2301.625,1.4913640646658834,4.068979737464996,25.72886402671704
2304.141,1.4884987569803598,4.069111408702448,25.71311533241185
2306.672,1.4895424205217371,4.069318638954149,25.7243325189857
2309.141,1.4936882610983744,4.069816504123647,25.741349404986828
2311.641,1.4898682127534606,4.069990284066517,25.751680555913552
2314.172,1.4905524027735408,4.07051100634576,25.75514316925653
2316.688,1.4937241688824257,4.070692186927488,25.754404074601315
2319.219,1.4900071752550665,4.071021595849217,25.743430222164495
2321.735,1.4898185076820887,4.071458720070593,25.75406417701027
2324.25,1.4921509504070507,4.071695422982081,25.76720885276198
2326.782,1.4884709428483966,4.072021776803717,25.75258865786359
2329.297,1.4926079705896595,4.072203888658114,25.778843300966134
2331.828,1.4950990856747726,4.072641968394093,25.79178775173307
2334.344,1.4926664406225703,4.072815079649625,25.79904472916684
2336.875,1.4898108646696944,4.073481513181838,25.814260715301923
2339.391,1.493006577000373,4.073743358866737,25.82360034231748
2341.922,1.4886668994487546,4.073738087572058,25.824242668350927
2344.438,1.4931676864300767,4.07437190230857,25.819182276132818
2346.969,1.4918394990591208,4.074668638560037,25.81238087167953
2349.485,1.4910998684636523,4.074833826513111,25.796638109868642
2352.0,1.4914037091366976,4.075358655983115,25.81442736848815
2354.532,1.4914122985524871,4.075632577658974,25.814996575102377
2357.063,1.491586958072064,4.075863992651554,25.82252127180699
2359.578,1.491092881809622,4.07627811900347,25.83377692272617
2362.094,1.4918460537562632,4.076781200550524,25.83646347197419
2364.625,1.491174480414399,4.076883221103546,25.82715552533201
2367.141,1.4920000639765427,4.07719027889485,25.844914465263805
2369.672,1.4931053181201546,4.07747253269263,25.853788629753915
2372.188,1.491321300548051,4.077901622817029,25.84434834775958
2374.75,1.4947068296579833,4.078432142336195,25.84810084332884
2377.328,1.4900377201238053,4.078319770569191,25.846093881673756
2379.828,1.4914795117557378,4.078971002295844,25.863538742554713
2382.36,1.490616157463915,4.079379666795024,25.875888509846003
2384.875,1.4906618375088556,4.079548608105983,25.886255794376854
2387.407,1.4927636564941542,4.079742222949079,25.887557295412865
2389.922,1.4913031369335559,4.08018045452675,25.868572246109007
2392.438,1.4913746383042468,4.0805317199875875,25.866419820666717
2394.969,1.489120045189174,4.080997396157215,25.889711991184306
2397.485,1.4927995009041017,4.0813460665432615,25.897921005942433
2400.016,1.4934626102858426,4.081726411252847,25.907576816124358
2402.532,1.4885193466127808,4.081959833256323,25.90098434935167
2405.063,1.491293714865936,4.082097778996182,25.912460147267883
2407.578,1.4907293141986384,4.082712012595534,25.917751834787964
2410.11,1.4906050711597456,4.082980186759603,25.912620558727834
2412.625,1.493051912327186,4.083418284651363,25.908260306421973
2415.094,1.491662159429291,4.083816535474808,25.908546933611905
2417.563,1.49166244705563,4.083985127171038,25.91350081570723
2420.032,1.4923247895201361,4.084319202133426,25.91630652192666
2422.516,1.4914840748181308,4.084564447371401,25.935792164131996
2424.985,1.4918780352347032,4.085142737016358,25.93678309804213
2427.5,1.4881476938178595,4.085470573746248,25.932916340777467
2430.032,1.4905205530711014,4.08588569896207,25.937698229587365
2432.547,1.4908241459166476,4.086142588316465,25.935917900130132
2435.078,1.4906188569937113,4.086143880609239,25.944291275134148
2437.594,1.4901553035594124,4.086567404964701,25.944923039621614
2440.11,1.4904359878667788,4.087022694394857,25.96084536918077
2442.641,1.490504894746579,4.087110800856064,25.965248110096734
2445.157,1.49062982477377,4.087923869299787,25.971739717372266
2447.688,1.4907070045859765,4.088278486796357,25.975749890524277
2450.203,1.4876449471344595,4.088456430841325,25.980100597579924
2452.735,1.4921527487764645,4.088922405649444,25.988071417646786
2455.203,1.4908107828685906,4.08915998545164,25.976078785022352
2457.672,1.4934031666644194,4.089481754326316,25.965011873781346
2460.141,1.49208321389625,4.089794053530414,25.974019097368785
2462.61,1.4922854924379694,4.090148622336494,25.98635573494242
2465.141,1.4914001440278999,4.090789541576194,25.99446141403983
2467.657,1.4908831085911383,4.090827460362606,25.994277401656994
2470.188,1.488168022883684,4.091538768698548,25.993711752372114
2472.703,1.489215892429542,4.091791838655187,25.995180636275755
2475.235,1.4917684947975205,4.091535782206798,25.987446160807604
2477.75,1.4909590577896192,4.09211787792767,25.991464639131653
2480.266,1.489773735075038,4.092593248971952,25.986887287898377
2482.797,1.4940903056056931,4.092894807563468,26.000019764041657
2485.313,1.4898535363758414,4.09329382449531,26.022130668381457
2487.844,1.4929388815318652,4.093678847654761,26.033085806693073
2490.36,1.4893419787504636,4.094225899932685,26.018801339784037
2492.891,1.4906538268866436,4.094273097080742,26.037772256971216
2495.407,1.4956079226599992,4.094919962041634,26.032995279003764
2497.922,1.491387100798827,4.095432210790714,26.037588094033694
2500.453,1.491637406416667,4.095700599912495,26.043100315727003
2502.969,1.4916879669262886,4.095981687783006,26.052467690038373
2505.5,1.492564714865128,4.0962399694234435,26.06035152355513
2508.016,1.4899257889287179,4.0966011317176365,26.064585341568144
2510.547,1.489725858829133,4.097076425224228,26.068305259111455
2513.063,1.4920020266996343,4.0973701372022555,26.064228171766807
2515.578,1.4895617033853226,4.097847452447136,26.07216386470731
2518.047,1.4889191976082354,4.098145613770578,26.086509957387428
2520.516,1.4922807909161224,4.098423186670064,26.0961773364827
2523.032,1.4903575629121053,4.0990191968336775,26.072049096014002
2525.5,1.4911034526942464,4.099096229655518,26.07357619603281
2528.016,1.4898493962778443,4.099619332509202,26.089941315581665
2530.532,1.4913008014900029,4.100017453810672,26.10221286470074
2533.063,1.4921340004697032,4.100511259339705,26.122891682021542
2535.578,1.4934416919781317,4.101059600961355,26.129715081815636
2538.094,1.4914082956183456,4.101195513963705,26.125756326782703
2540.625,1.4881772197013168,4.10154147959522,26.129946178518253
2543.141,1.4931929439237943,4.101940780482575,26.134870538667524
2545.672,1.4901676113079885,4.102274111200908,26.144387526777546
2548.188,1.4924695552812262,4.1026304073337805,26.149616063040142
2550.719,1.4910506066322131,4.103176925590045,26.151959751187487
2553.235,1.48926796790806,4.103412753551206,26.154899854834515
2555.766,1.4920212959734758,4.1039049009999875,26.16308555241969
2558.282,1.4911744418107418,4.1040355567222475,26.166910088952317
2560.797,1.4916695021615292,4.104400997498123,26.169658164167114
2563.328,1.4925880144347174,4.104988751078478,26.17535346639064
2565.844,1.490383722356014,4.1053911595981445,26.17728149993677
2568.375,1.4929755634350006,4.105668566951438,26.187065853618577
2570.891,1.4945446850736404,4.106003019488031,26.1995008901913
2573.407,1.4886430591101953,4.106291926900384,26.17959535577679
2575.938,1.4908295518556856,4.1071208742760525,26.17852749346108
2578.453,1.4930033360218424,4.107362002018684,26.187535680882903
2580.985,1.4894791661445679,4.107641483751574,26.181599223810117
2583.5,1.490515785664566,4.107826860628306,26.179737219361325
2586.016,1.4932121510035716,4.108280076751458,26.194187806672936
2588.547,1.4926450598681678,4.10884429537582,26.20253740887966
2591.016,1.4912610182104613,4.108953370809231,26.20113740141967
2593.485,1.494188439579599,4.109667191735877,26.201619972979895
2595.953,1.4905733117089275,4.109991326991832,26.214277057028433
2598.422,1.493543428598928,4.110130383802457,26.22062828883576
2600.891,1.4909071738531285,4.110352229876159,26.228284908542577
2603.375,1.49035024606451,4.1108948441673725,26.231704823700575
2605.844,1.489429358326081,4.111276455287976,26.232189760817473
2608.36,1.490888705172622,4.111613627187238,26.243898368110816
2610.875,1.4908945135209604,4.112152379091093,26.240499261484103
2613.407,1.489479573041339,4.112414661470799,26.247071842984717
2615.922,1.4922928696910118,4.112598672760453,26.245034981856715
2618.453,1.4922670464389822,4.113129714000956,26.241145763911597
2620.969,1.490919741607924,4.113233781112705,26.23952094261671
2623.485,1.4952443706386114,4.113951906630888,26.254184454518974
2626.016,1.490721537209651,4.114342547085509,26.253310921033272
2628.532,1.4905914640185325,4.114944801080509,26.261233976940854
2631.063,1.4933294095227407,4.115244631607187,26.271116371777467
2633.578,1.492428321341358,4.115440763057921,26.267626987357435
2636.11,1.4901687433202928,4.116092640025273,26.266675094366388
2638.625,1.490427756646315,4.116418403085842,26.268976293680694
2641.141,1.4898922367152483,4.116732663388117,26.259135586033487
2643.672,1.4890301591927442,4.11691533285321,26.260858235420432
2646.188,1.4906395997211266,4.1174420689727755,26.281139227037574
2648.719,1.4926351374413,4.118062165485886,26.281458504773433
2651.235,1.4911262683928146,4.117926307295383,26.279201839605925
2653.766,1.4916722182155426,4.1184886891788235,26.28356319294254
2656.282,1.49432515768107,4.118944526122034,26.286606764671568
2658.782,1.4917266706389645,4.119370154305461,26.2838010962713
2661.344,1.4916504474748358,4.119748683834788,26.297847978735774
2663.86,1.4915937268462582,4.120283036732961,26.309650009626026
2666.375,1.4910703960951042,4.120692746031679,26.310820010593282
2668.86,1.48973458528712,4.120966033372438,26.30729760657016
2671.328,1.490903292268154,4.121304968216938,26.32571193266556
2673.797,1.4927972968227232,4.121761503154606,26.339591409213867
2676.282,1.4973783530270846,4.122242736665244,26.333665766036543
2678.75,1.4908701099748258,4.122392437721143,26.311874651703384
2681.266,1.489588087098271,4.122814050080613,26.326218556938453
2683.797,1.4877126561566463,4.123233985084886,26.34350321136287
2686.313,1.487336359145723,4.123599807416379,26.35974866009327
2688.828,1.4939236955386157,4.124027027580676,26.34926926740204
2691.36,1.4911512035408279,4.124824094196811,26.338206703114636
2693.875,1.4930094958282,4.124893612092685,26.336385260972733
2696.407,1.491170157389859,4.1253914506372915,26.323106164010454
2698.922,1.493723560013196,4.125685116836825,26.344300297323418
2701.453,1.489896936282893,4.125795888339596,26.364094510771192
2703.969,1.4924802696966355,4.126360496061893,26.378372184470596
2706.485,1.4933697487147375,4.126953786300973,26.3887135021598
2709.016,1.4912484365233654,4.127146132856947,26.385544292496622
2711.532,1.4919776303073489,4.127686727197974,26.384459398167895
2714.063,1.4904099937339974,4.128084256744788,26.378531300073984
2716.578,1.4912200346014663,4.12833028662504,26.380074147555465
2719.094,1.4905482339128993,4.12883130480302,26.392861716459667
2721.625,1.4918448686767203,4.129254970589087,26.4008155537962
2724.141,1.4903709076323952,4.129530972270565,26.388505479017418
2726.672,1.4923860750573823,4.130048738920571,26.375139137569988
2729.188,1.49227424058472,4.130454987139536,26.365618402114222
2731.657,1.4913036145119,4.1308398449454105,26.38545869659131
2734.141,1.491460632926493,4.131234262272406,26.409353859919815
2736.641,1.4912636434748474,4.131799984309739,26.4203634475749
2739.125,1.4935171596019883,4.132096373267091,26.428087069831285
2741.578,1.490119968184522,4.13256270971167,26.40767100018081
2744.047,1.4897117287718773,4.132838158076425,26.384517276599205
2746.532,1.4892611233540558,4.133219152951676,26.405775997472976
2749.063,1.491490655630913,4.133561572544227,26.427902490099665
2751.578,1.494598360335749,4.134007464151077,26.415878094276735
2754.11,1.4918080886226255,4.134649841589388,26.404168169110708
2756.625,1.4894655178654848,4.1348703804673,26.421633576418603
2759.141,1.4926828157317327,4.135031734385233,26.44918797293976
2761.625,1.4894774910527806,4.135556627513368,26.465779596854276
2764.203,1.4922143115716466,4.136007161346504,26.456415611120217
2766.672,1.4932441716422358,4.136280329003453,26.461871913457266
2769.157,1.4940156651976273,4.1367967763130284,26.475052805660003
2771.625,1.4932546331157193,4.137045697285211,26.485454845451752
2774.094,1.4932313109684847,4.137397442689347,26.48050291533759
2776.563,1.4940602166364627,4.13773353985264,26.49336784957604
2779.078,1.4895028506682073,4.13824178303922,26.499430734066994
2781.61,1.493013777705292,4.138759881909739,26.507346386355387
2784.125,1.4943217825821924,4.139099909662876,26.511666976261104
2786.657,1.4911473817129453,4.139340260357126,26.510322561123253
2789.172,1.4896010778260027,4.13952187299013,26.515880748369675
2791.703,1.4929785532634428,4.140253652606882,26.513063448901754
2794.219,1.4918209693125477,4.140719809807033,26.516868316436476
2796.75,1.4931299089321224,4.141206614784055,26.510535712961776
2799.266,1.492644844584286,4.141652653939924,26.516076239552927
2801.782,1.4910724866788285,4.141725411391998,26.518620173583002
2804.313,1.4924831350040373,4.142186567712383,26.5114055555959
2806.828,1.4902180505188711,4.1428021792354395,26.51425294873639
2809.36,1.4925030532033878,4.143104775543694,26.53981287627385
2811.875,1.4914535980439405,4.143573652363268,26.55698809866186
2814.407,1.493374546777725,4.143783569965317,26.563472385446467
2816.922,1.4917130148799527,4.1441422629387725,26.570031982276014
2819.438,1.4912106731825112,4.14473593124693,26.572059790937736
2821.969,1.4901479826306638,4.145181776525936,26.574131593061676
2824.485,1.4941899053533079,4.145438389439192,26.58128706296206
2827.016,1.4881757578826287,4.146248218634878,26.58090751899468
2829.485,1.4935450451584324,4.145906753138887,26.58135170963316
2831.953,1.493537017102951,4.146434003822723,26.600869263412406
2834.891,1.488885052964599,4.147096154626342,26.602341023296077
2837.516,1.4911237382351374,4.147271778241824,26.60569626343858
2840.157,1.4883711741717003,4.148103823541518,26.606894183251512
2842.719,1.4947124627265926,4.148076346026378,26.594088354755034
2845.282,1.4901529295577738,4.148957488340646,26.61868714947714
2847.86,1.4907112045768447,4.14888330659162,26.63961858479475
2850.407,1.4912590488691528,4.149857936029269,26.635835872867844
2852.969,1.491812976932093,4.14999548751074,26.601852896859
2855.532,1.4899897614925224,4.150434538097605,26.61911116801286
2858.094,1.4912929342129082,4.15098055491933,26.639744333316678
2860.657,1.4932308033215027,4.151191056836143,26.656792166414082
2863.219,1.4892630030856655,4.151499809337461,26.66808200951951
2865.782,1.4934842105539394,4.151634805701301,26.67891595697089
2868.344,1.4944991550612174,4.152212007343941,26.68117481205815
2870.907,1.4942393910937817,4.152540484418004,26.665616877847754
2873.469,1.4908889885035168,4.153210466092257,26.683623713038756
2876.063,1.4955063282893613,4.153740621883637,26.687645780888484
2878.625,1.490361700172151,4.154013569429316,26.712584627703052
2881.188,1.4951829342214562,4.154368977925858,26.720199253265275
2883.75,1.4921525896260528,4.154761674738114,26.72578657567061
2886.313,1.490899682587921,4.155249252488901,26.728971947032775
2888.891,1.4926936165322322,4.155451514432669,26.727656844175257
2891.453,1.4912318531456137,4.155626962654997,26.728214349052852
2894.016,1.490493903571467,4.156349451788866,26.72652578275532
2896.578,1.492134129625947,4.156872427302237,26.73193583875438
2899.141,1.491981175935141,4.1574822887014795,26.736363269618632
2901.703,1.4891418497126434,4.15764086539973,26.70715401646283
2904.282,1.4939733015619037,4.157790820070062,26.733044402540443
2906.828,1.4910835631587311,4.1583975380952545,26.759700521399726
2909.469,1.4896817026276876,4.158882038693652,26.765713136943397
2912.094,1.4890136320654472,4.159170076253525,26.770751235138924
2914.657,1.4886754918824832,4.159533373971115,26.774264554713834
2917.219,1.4903253957981124,4.159919536963897,26.765598527656845
2919.782,1.49476637987837,4.160317944411646,26.78079450209262
2922.344,1.4902394690242988,4.160770434838697,26.79824442861351
2924.907,1.4891782850594426,4.161154969277238,26.809994477678867
2927.453,1.4914304606975015,4.161386937301615,26.808059594563847
2930.016,1.4900390861807273,4.161988007702008,26.801941484846477
2932.578,1.4921307920905986,4.16244354436904,26.804748902419405
2935.141,1.491347815522523,4.1626065231724905,26.812576897444455
2937.703,1.492569839317338,4.163244687305466,26.80843259072582
2940.266,1.4893766130096322,4.163753893909576,26.829392716197948
2942.828,1.493225303690697,4.163946315975184,26.85263626762131
2945.391,1.4896433443831336,4.1643056186984335,26.85341741503883
2947.953,1.490910173397027,4.16496103583105,26.87744949282574
2950.532,1.4882472465548855,4.165329555545388,26.879176190022836
2953.094,1.4936652209396106,4.165676542758643,26.887839507425483
2955.657,1.492005633077004,4.165883611236826,26.8893248023546
2958.219,1.4920775336041805,4.166426644762691,26.89287449157703
2960.797,1.4934908661466364,4.166876862725308,26.887798737566612
2963.36,1.4919570528745318,4.167164330175666,26.895569180801857
2965.922,1.4965473986382871,4.167873842827649,26.909039447640456
2968.485,1.4924690134337204,4.167945462356501,26.923005619807977
2971.078,1.492017922197269,4.1683307425175435,26.92527384010225
2973.688,1.4935572163824669,4.168800672518919,26.92451939884682
2976.282,1.4884315745184296,4.169192237272707,26.921464210088402
2978.86,1.4920302191916894,4.1696270197945,26.91825423056637
2981.422,1.4930049143599762,4.169972022093337,26.92758461350071
2983.985,1.4918194324658087,4.170584711767644,26.93991711378841
2986.563,1.490786878479474,4.170998843914367,26.958812797029857
2989.125,1.4941343949570998,4.171055782912694,26.96825920430598
2991.688,1.4953582112453783,4.171388681703978,26.97191251699047
2994.25,1.4917428155264154,4.171787350397293,26.98858549275815
2996.813,1.4920935919188838,4.1719300748883485,26.990405773019656
2999.375,1.493706733744684,4.172716059309387,26.965193422509046
3001.938,1.4906566084004904,4.173374666694965,26.982810006970716
3004.86,1.4923388645206492,4.1732650646806295,27.003851416115538
3007.625,1.4904957131185832,4.173981541996308,27.025780148281694
3010.297,1.491630443683579,4.174547163010841,27.042518702239928
3013.032,1.4906813126446183,4.1747871403573615,27.032195174323867
3015.766,1.4895440392941945,4.1753099588974,27.045284557967356
3018.485,1.489375159517648,4.175684350992814,27.053543137413165
3021.219,1.4899231315227315,4.176130809698951,27.074464759413246
3023.953,1.4934061291087164,4.17636792866255,27.082625765681122
3026.61,1.491631141382615,4.176983124575686,27.085374401747035
3029.344,1.4921304018963262,4.177400607453959,27.103796446695174
3032.016,1.4895987727352966,4.177833318446906,27.110480797317646
3034.735,1.4916687898673144,4.178199390934555,27.107851260306727
3037.407,1.491396276647839,4.178775458719998,27.113282346206688
3040.141,1.4914214164486153,4.1791463257869434,27.132496344139472
3042.813,1.4938543406571483,4.179591288406012,27.141926158430433
3045.547,1.492238840354607,4.180104219192242,27.152444426480034
3048.25,1.4948694779801441,4.180154351260894,27.16459849332216
3051.032,1.4912633179260562,4.180746580910151,27.173221075199482
3053.766,1.4909096776742214,4.181257826238465,27.187531629904242
3056.532,1.4885772138447233,4.181766773026447,27.174889973086103
3059.188,1.4885243462535704,4.1821249006950385,27.177755240737895
3061.922,1.490284374049955,4.182548937139578,27.19619789807928
3064.625,1.4928452813421151,4.183135551749074,27.210753071118827
3067.344,1.4914945328571627,4.183419400652493,27.219508613632254
3070.016,1.4965334689302399,4.183591996889662,27.23297505381626
3072.766,1.4898001427000378,4.184240569765492,27.239032893234103
3075.438,1.4946181291471867,4.18476340307306,27.24193529551802
3078.172,1.4908744971144552,4.185227553615059,27.251218884183995
3080.844,1.492764394014675,4.185983061175957,27.25886067433373
3083.563,1.4936218746774146,4.1862144938970784,27.27079102167051
3086.235,1.4898866327815778,4.18648672494604,27.26467933910877
3089.0,1.4902299344175465,4.18695207993276,27.247312285845506
3091.703,1.489583359847685,4.187318803613791,27.25127548849972
3094.422,1.4899076414229706,4.1879492697700496,27.274774370618406
3097.094,1.4915586145642317,4.1882985274011455,27.3049851421904
3099.828,1.4900007189934388,4.188745447351985,27.304924676178942
3102.516,1.4936564952911497,4.189196395552404,27.322037977466014
3105.282,1.488966159589979,4.189393384972243,27.330744572365568
3107.953,1.4903729320775558,4.189950475512947,27.32621228636167
3110.688,1.4891084535384207,4.190579436672835,27.340224371884023
3113.36,1.4909348771812732,4.190789964565826,27.345877962491198
3116.11,1.4901118045564385,4.191168620110694,27.363930114983628
3118.813,1.4923696776224193,4.191853354192957,27.375981843434584
3121.594,1.4945594759229817,4.192194127976349,27.38689532788102
3124.313,1.4938180899440197,4.19258779590586,27.38476825286966
3127.047,1.490065517186098,4.193368179757735,27.397915181208866
3129.782,1.4903108039317645,4.193578019539368,27.418005665223532
3132.5,1.4912854432052831,4.194269475407113,27.413599364145565
3135.203,1.4926904812035018,4.1944672025738985,27.423125755069556
3137.922,1.4912785801418604,4.19497302172437,27.430187038318707
3140.594,1.4903166913201846,4.195278887285834,27.43546555574254
3143.36,1.490802608421591,4.195763198027564,27.44393338284185
3146.063,1.4890511728868425,4.196164731877883,27.46477909061916
3148.782,1.4901521077003217,4.196733071648386,27.45830369434902
3151.453,1.4893849173566922,4.197332680902925,27.429455107266097
3154.188,1.4907494973265218,4.197562216150391,27.46191572500625
3156.86,1.493496606384545,4.198151931966415,27.481269129005245
3159.61,1.4918428448704986,4.198572699627717,27.49489772872221
3162.313,1.4932613818371954,4.198903164995661,27.505597897409892
3165.047,1.4906729341282623,4.199333429495169,27.514908382212234
3167.719,1.4935438255523494,4.200077803671753,27.509640483768187
3170.813,1.4853250982823767,4.2000560685757,27.48345119792303
3173.641,1.4884700809931848,4.200550839255893,27.520221432415667
3176.5,1.4860184544983224,4.201083424993485,27.52351955763789
3179.344,1.4864489436894546,4.201365141832993,27.543033081311968
3182.188,1.4870272312194193,4.201818016020321,27.558200958404903
3185.047,1.4862068787674463,4.202201897092095,27.571987357656035
3187.907,1.4790991206403628,4.202458503014711,27.593793403270684
3190.828,1.4812924235623448,4.202986204852067,27.603969382058402
3193.735,1.4838580562687484,4.203271612567132,27.613206616029213
3196.61,1.4812942885038163,4.203725496009052,27.624991170036623
3199.485,1.4799165444130147,4.20418582518185,27.646243754122235
3202.391,1.4777454751233048,4.204461193886351,27.660179310382528
3205.313,1.4776401465196114,4.204772984310604,27.653054490761743
3208.188,1.4750579316364039,4.205443876157064,27.6744254990064
3211.063,1.4758849341753801,4.205637823379224,27.664847715604832
3213.953,1.478169996603313,4.206229930657943,27.666589991955092
3216.828,1.4756706846405812,4.206583429864572,27.674853098083254
3219.735,1.4755367497720093,4.207181728322666,27.67345477750543
3222.625,1.4735181953561503,4.207605353872656,27.698067887901843
3225.5,1.4473797290226889,4.205830508533554,27.711278453418302
3228.375,1.448061362888489,4.206594742758111,27.721446753465095
3231.266,1.424306348474074,4.204763658312489,27.737380798655202
3234.141,1.424450065783126,4.204925349068168,27.752528945314847
3237.016,1.4256157636774043,4.205337632576082,27.737260496600545
3239.922,1.4198430122382961,4.205549446648964,27.736137599794013
3242.844,1.420753876382043,4.205964900806943,27.738220793259035
3245.75,1.4208935813270518,4.206279865965732,27.7390961790603
3248.625,1.4253373754549412,4.206565452095458,27.744380764021624
3251.547,1.4269769787347832,4.20676788724892,27.763658794412457
3254.422,1.4199489818665874,4.20711682210565,27.771813700918962
3257.672,1.419201847057948,4.207647351170702,27.791479363638107
3260.688,1.4000398393292603,4.206150311560128,27.813350710815214
3263.61,1.3997290355664636,4.206535506092142,27.828541055535393
3266.594,1.3964893966838219,4.206638192239056,27.840300407576493
3269.594,1.3957788757729241,4.206832516321518,27.84414980919466
3272.594,1.3962876328671063,4.206926627819006,27.833882056011166
3275.578,1.3923832685689974,4.207593705177038,27.84574234755289
3278.594,1.3699907148292596,4.20591176134419,27.864522475191006
3281.594,1.3690123734953275,4.206124275109762,27.868822245656133
3284.516,1.3677071711329782,4.206425007027987,27.883744627070783
3287.516,1.3678255972182052,4.207091283358774,27.880980576398485
3290.5,1.3659614521319108,4.207184545369415,27.868968537834345
3293.407,1.3685071386306056,4.2073362544441055,27.88137252371803
3296.438,1.363922372789523,4.207857692799421,27.89937760623771
3299.453,1.344488025307694,4.206104111314714,27.90736060824395
3302.375,1.3434639308430436,4.206138185301986,27.912783913018945
3305.282,1.344619593758234,4.207193393255666,27.918133501655717
3308.282,1.343399499083401,4.2068785259032,27.933092815331552
3311.266,1.3423641674121585,4.207491479210104,27.941497170701915
3314.219,1.339447488676069,4.20754536429618,27.936597042203346
3317.203,1.3401704205493798,4.208082315235198,27.937115291812763
3320.219,1.3401424177443624,4.20806789185754,27.942362222764
3323.141,1.3383619411497003,4.208779840993631,27.923781445707455
3326.047,1.3209971535536842,4.2071893116929,27.93712714119633
3329.047,1.316446393119558,4.207255836810182,27.953338879003002
3332.047,1.3161892482806044,4.207698765989737,27.962117574304255
3334.969,1.2927518722633438,4.206177616303806,27.962024409969843
3337.969,1.2934332836885252,4.206092349236299,27.96098269806534
3340.985,1.290003358855056,4.206557789053745,27.972271417962663
3343.922,1.2898426352089842,4.206648708951582,27.96903369916963
3346.922,1.288355123937485,4.206822496029655,27.943128960658125
3349.907,1.2889856533437396,4.207378581376168,27.90898914429075
3352.828,1.2910770044479487,4.207772895958546,27.932849127608154
3355.828,1.2627519654513493,4.206062747902029,27.965281688936805
3358.813,1.2653954107782042,4.2063982787982654,27.970029577024263
3361.766,1.2644535269873758,4.206345337882842,27.970905827436255
3364.75,1.2647172072625745,4.2069955052741035,27.982150085913638
3367.766,1.263853841083835,4.207037620443139,27.996324053395554
3370.688,1.2583989558897213,4.207258588881135,27.99455971125082
3373.688,1.2606725523191111,4.20746930162432,27.994727689312707
3376.672,1.2593842213367403,4.207932372985548,27.998295976424327
3379.61,1.2578103246226449,4.2083811556771025,28.00857720629009
3382.641,1.259332447481307,4.208367529493346,27.983653203384435
3385.625,1.2571688268660035,4.208721761397784,27.989175970953564
3388.532,1.2361266814580323,4.207615843488282,27.970048614952752
3391.532,1.2337710826866475,4.207819672005708,27.98868071847472
3394.547,1.2389966634843659,4.208074705689562,27.994536474055057
3397.469,1.232036534834218,4.208174419420869,27.9948865692932
3400.407,1.2341007918986877,4.208875406068123,28.00621068661838
3403.422,1.2115195545978827,4.206785592174218,28.01307299015277
3406.407,1.209136192107617,4.207266305866358,27.985923037447154
3409.328,1.2102313615095182,4.207543882594491,27.96411281242957
3412.313,1.2080780453522206,4.207872978567544,27.980915758267976
3415.297,1.2085705958237039,4.208005085025765,27.995576855786346
3418.219,1.2086274425012584,4.2081177251873925,27.993439316886036
3421.219,1.2089853071125944,4.208581379194769,27.998800539367984
3424.203,1.183511467885056,4.207215737153156,28.000623284097525
3427.125,1.1855652115934545,4.2075058893495,28.000941465276565
3430.078,1.184772637715273,4.207739403832611,27.991895328253324
3433.063,1.1807201002240482,4.207656939354208,27.987298318317958
3435.985,1.1779648327567334,4.208235158125939,27.982803109451574
3438.891,1.1811206831155174,4.20847408092505,27.98129636680302
3441.813,1.1806119866998568,4.208661082969748,27.99018954626257
3444.735,1.1806174270840635,4.208594186142876,27.99863078885745
3447.657,1.176137714587672,4.209264863151168,27.980446522842346
3450.594,1.178346544254852,4.209459572409966,27.95263214228425
3453.547,1.1752260273033124,4.209733423691118,27.953705384932878
3456.485,1.1560752986282175,4.208499953953912,27.958234275570454
3459.407,1.1529268143803806,4.208668726424415,27.958240180778
3462.313,1.1345584286004249,4.2071724663796495,27.946632382033002
3465.235,1.1324700616192835,4.207130679220879,27.947438042725807
3468.157,1.1290248582229705,4.207443112197781,27.958304141289197
3471.078,1.1280997796147751,4.207915940207972,27.964646409290797
3473.985,1.1285118844368642,4.2078909086123994,27.951626829766617
3476.907,1.1303949403140283,4.208118049562144,27.937216428584687
3479.828,1.1306532602043278,4.2084051967977185,27.947860983136497
3482.766,1.12562105201028,4.208683723627848,27.95118276713689
3485.703,1.1049630610933958,4.207372235276571,27.941652888073268
3488.625,1.1029638692059835,4.207357012131242,27.93754487921694
3491.532,1.1026674842086468,4.207829000429727,27.925499641062384
3494.453,1.1033180421505446,4.208071009450964,27.917181638115505
3497.375,1.1062427926417935,4.208266042299292,27.913085351558472
3500.282,1.101179799152127,4.208662281082178,27.9099966544791
3503.203,1.0797746085918902,4.206877283196353,27.882092646776993
3506.125,1.078144757482904,4.2071671731095375,27.872856964369408
3509.047,1.078890786860254,4.207588975734359,27.85788338499404
3512.0,1.0796624667683512,4.207489673421179,27.855024719988737
3514.938,1.0791101893552364,4.207584723245654,27.87067536540388
3517.86,1.0770001460356589,4.2080463431077035,27.869766145819252
3520.766,1.0788842239832168,4.208276326166826,27.85876892097763
3523.719,1.0772393799322026,4.208544940804504,27.84297322103038
3526.672,1.0769638577167637,4.208773956875597,27.839858896610984
3529.594,1.075798667488514,4.209080448400592,27.836431624440873
3532.5,1.0745046710688253,4.209226101183551,27.83297038890968
3535.453,1.0719383783187841,4.209564308730258,27.816433937971848
3538.375,1.0510078777235452,4.208232785459075,27.822573306650412
3541.282,1.053119903230247,4.208262669471932,27.80909178159968
3544.203,1.0483553190543682,4.208498712003149,27.80697321458502
3547.157,1.04906773916945,4.208893074282337,27.816701577154912
3550.078,1.0485325641158725,4.209196501785549,27.81219304662819
3553.0,1.0481784186535885,4.209306289260688,27.80691366238961
3555.907,1.0494492159398552,4.2096133837405665,27.78344943651064
3558.828,1.0249696650998588,4.208375263769518,27.775389965644603
3561.766,1.023411224651814,4.207992098907728,27.74876156529009
3564.688,1.0228424870996307,4.208705765068434,27.736443758325073
3567.61,0.9992499820366252,4.207123729654779,27.75689536117264
3570.547,0.9995115201033989,4.206970108394145,27.75503438635959
3573.469,1.0030508638346627,4.207228984140924,27.735349133222595
3576.391,1.0017211309108875,4.207450498333406,27.748118836680778
3579.297,0.9979618699218255,4.207321754279813,27.745047779535962
3582.235,0.999923017491491,4.207752124003341,27.740713655074334
3585.157,1.0005779337082183,4.20804719045726,27.73481699612409
3588.078,1.001360688053578,4.208124003155766,27.712537506407834
3591.0,0.9990371567188451,4.208289826847602,27.698572358291823
3593.907,0.9953722322852023,4.208890941810211,27.666736440805852
3596.828,0.9980656539974002,4.208916635093256,27.63572949943395
3599.735,0.9969165329715192,4.20926958894298,27.638903005486416
3602.688,0.9975874188963348,4.209258106400035,27.63885971232293
3605.594,0.9958638045815704,4.2097167931239605,27.65333363325703
3608.516,0.9694372814964866,4.208339094980962,27.64594825630128
3611.438,0.9699127416127928,4.208272247426458,27.60175454785748
3614.375,0.9734452882741874,4.20847650182098,27.576114076230574
3617.297,0.9710465901468746,4.208631051662514,27.56793311773777
3620.203,0.972994097774049,4.208841728978425,27.561622760765065
3623.125,0.9718178365376673,4.209014497628963,27.560102467034277
3626.032,0.9697361641402145,4.209426733313341,27.55450216757105
3628.953,0.969801736869422,4.209649583280358,27.55396766037647
3631.891,0.9442003665788241,4.207740167443171,27.560479512895576
3634.813,0.9459727411225558,4.207852670733252,27.549801047769797
3637.75,0.9447533803520349,4.207823025405525,27.517624787634286
3640.672,0.9437898357464524,4.208378954023652,27.508006244813235
3643.61,0.9423611489376086,4.208475743161003,27.517431865885072
3646.563,0.9422299245483875,4.208833598149441,27.501919320784943
3649.485,0.943137892998364,4.208660293726514,27.50062264902767
3652.422,0.9434902974749634,4.209070460626507,27.504462906728435
3655.36,0.9408082561963241,4.209155738608755,27.484199543654935
3658.282,0.9425830550424465,4.209908076224352,27.480533322059397
3661.203,0.9169740013331238,4.207852201287043,27.457764137590566
3664.141,0.9184589400300561,4.2081728430882,27.44471966817756
3667.063,0.9173350060545746,4.208295238431722,27.437720783276404
3669.985,0.9156560759959386,4.208410172215143,27.432598871363762
3672.922,0.916855955812655,4.208319435983736,27.42795835383278
3675.86,0.9160327797835216,4.208579891053268,27.425740728794423
3678.797,0.9157773006343591,4.209170889642856,27.409491059195265
3681.719,0.9142368148785734,4.209022104212511,27.404271503498972
3684.641,0.9119422273072375,4.209529142340839,27.39597988171181
3687.547,0.9136904208817522,4.2094376247073875,27.371231945071386
3690.469,0.915486390693032,4.209596176098573,27.355519191364397
3693.375,0.9111941455597874,4.210025080271842,27.34514623541969
3696.297,0.9145828355802457,4.210307235067607,27.333226335902022
3699.235,0.9147253315415282,4.210547197721143,27.3167368740158
3702.157,0.9145066376212145,4.210376125259984,27.30241641195853
3705.063,0.9092386079310076,4.21096421807694,27.280699825598425
3707.985,0.8867815453932687,4.209252697141108,27.269012539711262
3710.907,0.8884707611895776,4.209473696746579,27.285489720228988
3713.813,0.8909292560736464,4.209441004752858,27.29077892504999
3716.735,0.8863392167003739,4.209784965236391,27.271209817843125
3719.672,0.8644484113360369,4.2080663341924005,27.254614797234346
3722.625,0.8667894897932007,4.208115319545734,27.233973893676243
3725.547,0.8631345879722144,4.208220767948839,27.223042719496117
3728.469,0.8667466944016811,4.208208013466687,27.225604237331165
3731.375,0.8631738078006177,4.20837737487229,27.222772416093303
3734.297,0.8646189917736155,4.208531988053441,27.20950705134408
3737.219,0.8611069667460297,4.208703426076469,27.204960703459026
3740.157,0.8632204109199243,4.208982696800391,27.189566510374608
3743.063,0.8630086447306647,4.209021121794411,27.172336235860495
3746.063,0.8643496360929773,4.209439099279222,27.155120485189453
3749.032,0.8608975517384434,4.209325240603628,27.15448941267731
3751.969,0.8632360645682502,4.209628860432805,27.13188052714888
3754.938,0.8362613218649725,4.207894239720422,27.11500501136079
3757.907,0.8383209628501979,4.207952615765596,27.096372268293056
3760.828,0.8391112207773794,4.2079475664692225,27.091414491974778
3763.735,0.8367009280594295,4.208075216941961,27.09451822050667
3766.657,0.8387918211744306,4.2082626380994705,27.08265240377886
3769.563,0.8383294664927397,4.208188702439199,27.074576276803054
3772.485,0.835880022937138,4.208499386912748,27.065942150269425
3775.407,0.8382734275271975,4.2085927419623195,27.04663199156738
3778.313,0.8368260336263643,4.208756633717201,27.04444340198997
3781.235,0.8366208534786123,4.209160954964574,27.0331328316498
3784.157,0.8356384867019271,4.209270009276907,27.035724505980326
3787.094,0.8366602247256707,4.209443899874938,27.020890838392344
3790.016,0.8345450159506026,4.209243496687732,27.002709541476285
3792.938,0.8369172845786197,4.2096342254415084,26.980274631848363
3795.844,0.8376405165421152,4.209922488978227,26.97857988934082
3798.891,0.8368731129920403,4.210158739037286,26.96661477227479
3801.875,0.8351679088348519,4.210370075455767,26.91801057406638
3804.891,0.8354952442752216,4.210460964668306,26.93276553729894
3807.797,0.8348356672081858,4.210453546325226,26.921040110620986
3810.719,0.8346797601535461,4.21083765562746,26.90758981797905
3813.625,0.8086764836873274,4.208915261134829,26.909590593421747
3816.594,0.8124870514000394,4.209404912918479,26.89620722029616
3819.563,0.8108740234275739,4.209471092058772,26.885641420374302
3822.485,0.806879832330116,4.209303633749211,26.891054706785393
3825.391,0.8088473228224161,4.209763581400469,26.8822820876813
3828.36,0.8093726722254715,4.209661550647568,26.871082696447456
3831.297,0.8089973997073054,4.2098400257882025,26.856157246086553
3834.219,0.8088435674296282,4.209834448742275,26.83970286681387
3837.141,0.8102122418552916,4.210085547710018,26.83828529339669
3840.047,0.8093540359594945,4.210313698863251,26.82210910394624
3843.016,0.8089827918641831,4.2103898865042755,26.791771629904655
3845.938,0.8071805361966984,4.210677326827082,26.78929179703436
3848.907,0.7854476864393473,4.209124449849845,26.79022568534215
3851.86,0.7816671863054672,4.209139248764837,26.78211328467228
3854.86,0.7822305828774343,4.20933414666655,26.769351020818142
3857.782,0.7848992287029525,4.209156643458651,26.757090545266298
3860.688,0.7859771154332852,4.209429805752094,26.749236505746342
3863.61,0.785403133472165,4.209402588810976,26.74652317724896
3866.516,0.7838296912292673,4.209735346312714,26.73422773214212
3869.438,0.7834469855060266,4.2098497388772085,26.7250298498751
3872.36,0.7830914940171292,4.209776174432928,26.709600000602578
3875.266,0.7826037168103915,4.210241620554518,26.705381853318766
3878.188,0.7824663455556803,4.210335642677599,26.67462552375149
3881.094,0.7849007106983577,4.2104885670741865,26.678625791714268
3884.016,0.7838231174560241,4.210666496090147,26.657181059390645
3886.953,0.7598382207658692,4.208812656845994,26.64429848212963
3889.875,0.7556535359799796,4.2090808573374225,26.645459782503767
3892.782,0.7574218846351756,4.209313783259508,26.6372052465421
3895.703,0.7595389891457868,4.209138319585982,26.612932312235184
3898.625,0.7614692337020201,4.209398241468989,26.60810358309296
3901.532,0.758739858220112,4.209305293605486,26.604283431413016
3904.438,0.755569506412538,4.209466108244606,26.606220667981074
3907.36,0.7614620719787717,4.209360001575464,26.604389730637592
3910.266,0.7568996720400621,4.210223471828462,26.59767212570271
3913.188,0.7588102039521837,4.20963845223696,26.58682723192364
3916.094,0.760816836343717,4.209887538684114,26.581010246166596
3919.016,0.7540490530528923,4.210115891581932,26.5710451137408
3921.922,0.759406700812095,4.209977953664044,26.560508034179826
3924.86,0.7569533714842164,4.2102964949360775,26.535230750917414
3927.782,0.7548522337235134,4.210621224963619,26.51926491260122
3930.75,0.7553411405134831,4.210577208961448,26.51581949671008
3933.703,0.752935609591599,4.210698126363101,26.519722656206827
3936.657,0.7534862672162573,4.211154056879948,26.501259253085426
3939.688,0.7542391215751035,4.211303087022141,26.48883122268244
3942.61,0.7519010159581992,4.211120340216787,26.48506031809111
3945.547,0.7538556257791695,4.211345660430372,26.468876644220433
3948.485,0.752985092541814,4.211518060445371,26.47535535454218
3951.422,0.7537498288178921,4.2118256229562805,26.474511692556835
3954.438,0.7346828393040415,4.2102487923058165,26.470221547761383
3957.407,0.7344517740439884,4.210252577822089,26.458579240593004
3960.313,0.7336466599694993,4.210559040119943,26.454663856426265
3963.235,0.7083025164624664,4.208778274706846,26.44646356757118
3966.157,0.7099707811389822,4.208764035080424,26.434882012139468
3969.078,0.7085133919848029,4.208724521385228,26.433393267579756
3971.985,0.7101044437005329,4.208951661862159,26.41326268994856
3974.907,0.7081815921921728,4.209170989652487,26.396553486689207
3977.813,0.7064571987229278,4.20920173571745,26.387966606515153
3980.735,0.7086562900212229,4.209495593649117,26.379497171839297
3983.75,0.7104214694720532,4.2093821355911984,26.363915679090194
3986.688,0.7058826295569616,4.2093866592112645,26.353427648067775
3989.61,0.7082605508139299,4.20928486990126,26.342530063080176
3992.532,0.7070646989447295,4.209491574476739,26.330300095382917
3995.438,0.7099124747058916,4.209652651873516,26.32703753099762
3998.36,0.7074751631408877,4.210134525090803,26.31184633675039
4001.266,0.7091481223108815,4.209617212981898,26.3238237987715
4004.188,0.7049579320603505,4.21009410462307,26.326494919865496
4007.125,0.7059662668963109,4.210253764314117,26.312908700590892
4010.094,0.7073747981368225,4.210437633942499,26.302569364325407
4013.078,0.703392994464768,4.209848873639065,26.2925706765683
4016.078,0.7024245624714847,4.210482907687614,26.294753083325197
4019.11,0.7039392544782803,4.210527428099793,26.282120748482548
4022.078,0.7076801540512103,4.211136496928708,26.265326698284955
4025.078,0.6819382635852136,4.209198512259027,26.262015010098544
4028.032,0.6836856763676604,4.209238377339307,26.25326928505863
4031.047,0.6823228054273149,4.2094433427521345,26.24132566240922
4034.016,0.6800903185951188,4.209386690880988,26.234220157422314
4036.953,0.6818640440791626,4.2096451404629045,26.21366272606383
4039.875,0.6847720868163003,4.209419445254862,26.214307141502047
4042.797,0.679156922996982,4.209574247439519,26.206709627041096
4045.703,0.6821482115295432,4.209528610998226,26.209106822933062
4048.625,0.6804900439199311,4.210189595603571,26.2105163040911
4051.594,0.677668076451287,4.210092536482484,26.20066435352283
4054.594,0.6781820573066599,4.210196192090785,26.198977524178986
4057.625,0.6805798544538425,4.21015016209008,26.191341372142343
4060.532,0.68083287494631,4.210100963341873,26.188422875191797
4063.453,0.6808292681426379,4.2106532356717095,26.179098115010166
4066.375,0.6830668373813849,4.210745068067492,26.157046771087554
4069.344,0.6810911103087403,4.210464956092097,26.142289357662534
4072.297,0.6790557246355381,4.210720899374077,26.126291374333725
4075.282,0.6768271902273035,4.211173251468415,26.113948581053258
4078.219,0.6762922667146812,4.211232119154512,26.127786923695478
4081.172,0.6782931085941688,4.211431691177328,26.128299238434384
4084.157,0.6751618875118042,4.2113666602847815,26.119902881315763
4087.203,0.6782126411097963,4.211858501256213,26.11340874023612
4090.203,0.6557394683225289,4.210048509490742,26.11343839274796
4093.141,0.6519448544637167,4.210134202398456,26.10576198544036
4096.094,0.6595874804441132,4.21006400609871,26.103888626967397
4099.032,0.6593935811532339,4.210062431428045,26.091885286419362
4101.969,0.6534457062564698,4.21013765606252,26.086915823769836
4104.875,0.6567782511358189,4.2103936785849925,26.0827341580219
4107.797,0.6552596899368234,4.21050556726967,26.079282821494914
4110.703,0.6564325508940702,4.2107878132302154,26.06881803660622
4113.625,0.6543985324004334,4.210636523625267,26.057585354507978
4116.563,0.6509328132756873,4.210960461221676,26.047354000736497
4119.5,0.6512137096360633,4.210813201760249,26.03583938441076
4122.438,0.6532577928281607,4.210974461975753,26.03210384671312
4125.422,0.6508506174669667,4.211198887927515,26.01681184556807
4128.391,0.6518054672651222,4.2112682486333375,26.02121632838737
4131.313,0.64898381672818,4.211356622688586,26.020395707857613
4134.219,0.650771036645924,4.21146110069304,26.01483563763044
4137.141,0.6516335462073441,4.211618165906525,26.019905411533287
4140.047,0.6265336664991611,4.209800758000303,26.009918550858544
4142.969,0.6236654893945132,4.209953481015207,26.005122018983588
4145.891,0.6296564420721831,4.210156257200211,25.996828084381683
4148.797,0.6289571903111116,4.210211884510122,25.99209717458915
4151.719,0.6291471352785368,4.210447307950956,25.985234734606475
4154.657,0.6249936879019558,4.210486216657893,25.97674408512486
4157.563,0.6282556685610307,4.210308177840789,25.963125625585985
4160.485,0.6264413689606103,4.210480304541985,25.959278467352767
4163.391,0.626230478051445,4.2105619833294305,25.951972165809703
4166.313,0.6264517558586717,4.210717867383673,25.942897659166356
4169.235,0.6240598182716967,4.210644251087987,25.929473802324015
4172.141,0.6249775296574295,4.210883233617332,25.93069599593354
4175.047,0.6248909344192715,4.211048236238748,25.912099581196788
4177.969,0.625676236569512,4.211381414452173,25.906233301981622
4180.875,0.6267938929900133,4.211374587420752,25.909294101808026
4183.797,0.6277938677757533,4.211576347939598,25.902902438440957
4186.735,0.6021952684814232,4.209825904122791,25.885274218207265
4189.657,0.6011599772445873,4.209774118054452,25.863675975513964
4192.578,0.6005530114771929,4.209541099275831,25.849043615277594
4195.485,0.6019906029450478,4.209625391032998,25.845994454993637
4198.391,0.6002972715937398,4.209964164508587,25.843492633782855
4201.313,0.5991184814823334,4.209578661325607,25.847381635890933
4204.219,0.5992017310517715,4.209915093471202,25.84849647130572
4207.141,0.6012478245659996,4.210140429718728,25.84525788238624
4210.047,0.603286760808464,4.2100333376859105,25.838557222348328
4212.953,0.6021120697827944,4.210326102349421,25.835052764845504
4215.875,0.6012197655634918,4.210343224088657,25.82854943548308
4218.782,0.6012739324479023,4.210476575275533,25.82514080913182
4221.703,0.6025003898053944,4.210934680497396,25.81178162962129
4224.641,0.5994309762394018,4.2109894934815655,25.8010544603258
4227.578,0.5980452252967642,4.210802287253434,25.796513294971774
4230.5,0.5972736803245087,4.2108152031825545,25.794345467204415
4233.407,0.5974036507110065,4.211335785005843,25.788484092351727
4236.328,0.5969738755749938,4.211315602527546,25.78392587631108
4239.25,0.5993356718282261,4.211459080924168,25.77169101734869
4242.157,0.5974593998572967,4.211541349524493,25.768521329590794
4245.078,0.5980032856688607,4.211730142510513,25.762599490805012
4247.985,0.5757967689296339,4.20990883079733,25.763568306212015
4250.907,0.5763540359315387,4.209808099781399,25.755061060869714
4253.813,0.5747145475327585,4.209942359235791,25.748728347858993
4256.719,0.5741151430802336,4.2099800046061855,25.73959181231607
4259.657,0.5738618116953416,4.210305374337594,25.726350257889006
4262.578,0.5745119901084841,4.210128448650311,25.713360098525627
4265.485,0.5722133393004782,4.2102169762029344,25.713201751408473
4268.391,0.5756698555983328,4.210505970171514,25.712262625538326
4271.313,0.5744486966080797,4.210516494938067,25.700337525076655
4274.266,0.5719121145639516,4.210408344652141,25.690170890184135
4277.266,0.5764688039345681,4.210651903971537,25.694350186014756
4280.203,0.5702874913913508,4.210993568936648,25.689591640140506
4283.157,0.5726405864067761,4.210944208465655,25.682012287658043
4286.094,0.5755135851926756,4.211034029201695,25.66616963895972
4289.016,0.5739527177472162,4.211080218631254,25.667843516733694
4291.922,0.5740005030721086,4.211165486769525,25.665468979462425
4294.844,0.5717906119324798,4.211322487905361,25.668665211101708
4297.75,0.5729433586391555,4.211485013692737,25.651303146094744
4300.672,0.5725492872611578,4.2118052302892925,25.630163580067197
4303.578,0.5483916402686907,4.209950976082481,25.616141201653576
4306.5,0.5484653692916882,4.2099594129323386,25.626330904355914
4309.422,0.5492905471196833,4.209855989085086,25.621860053386392
4312.36,0.5477079333720885,4.210149025370769,25.626092952298325
4315.282,0.5474443887342697,4.210086409060811,25.624224415511193
4318.188,0.5480681367416285,4.210125031075143,25.628028221052624
4321.11,0.5492321506668667,4.210279668553241,25.61062331167193
4324.016,0.5468732709360273,4.210340167858954,25.596075107287643
4326.938,0.548546676254245,4.210361910693641,25.59404749400741
4329.844,0.5493766869513206,4.210493468951227,25.60173175183973
4332.766,0.5512054044210439,4.210536033949621,25.59475774443455
4335.672,0.5473766986828436,4.210507692349028,25.58833744081208
4338.594,0.5478694843253387,4.210801034665914,25.578635605882813
4341.5,0.5467932460150231,4.210938016416114,25.58712797012954
4344.453,0.5484512817619649,4.210906488603363,25.564528842129683
4347.36,0.5476224750228774,4.210922055698902,25.56748552152444
4350.282,0.5457723577976895,4.211023819467797,25.55888675096238
4353.188,0.5439061910096056,4.211067854197442,25.55158734102079
4356.11,0.5454543066194225,4.211417750894243,25.550025159492094
4359.032,0.542536018926124,4.211655858089667,25.543001208748844
4361.938,0.5209433465672145,4.209834494544162,25.54109107451376
4364.86,0.5225871937996929,4.209625421603289,25.545091518699184
4367.782,0.5210371898903481,4.2096503625802955,25.52976363384295
4370.688,0.5215658807979842,4.209878096414349,25.532430198827935
4373.594,0.5201263870158265,4.2097551029715286,25.522104485519716
4376.516,0.5204731355581655,4.209739580769787,25.512138175240572
4379.438,0.5212260078188042,4.209876462061547,25.502011256520845
4382.375,0.5213502198524878,4.210002083369414,25.49253006168613
4385.313,0.5188886351584717,4.210210834010688,25.47145396769533
4388.235,0.5209914433590555,4.21010274074472,25.459812312965845
4391.141,0.519740750054091,4.210080974787856,25.48407289706367
4394.047,0.519606382770273,4.210387310267175,25.491195894892318
4396.953,0.5210707664690125,4.2105740606803295,25.48896403679824
4399.875,0.5175694467231123,4.210373187421638,25.49440682154379
4402.782,0.5207459950245029,4.21057014930829,25.47814939734304
4405.703,0.5175500955379041,4.210663729695926,25.476067204126515
4408.61,0.5194848853853427,4.210958605615583,25.46601911267878
4411.532,0.5209633653669636,4.210942020185556,25.461509974634648
4414.438,0.5186784996618496,4.211261015061228,25.46587629627488
4417.375,0.5202377482491221,4.211447464321786,25.463558544029183
4420.297,0.5170098148600174,4.211298837841547,25.442665384561288
4423.219,0.5172341319887909,4.211365435457853,25.448148594242962
4426.125,0.5182849976710299,4.211480704487273,25.430141742491955
4429.047,0.5203643822215329,4.2116172497028845,25.423070536348963
4431.953,0.5169498864403451,4.211605760236885,25.420636641132663
4434.875,0.5190943618793261,4.211864798248701,25.426155038896873
4437.797,0.5183545427349503,4.212104828092567,25.425635274419268
4440.703,0.5173716184085101,4.211950152748346,25.42266653281505
4443.61,0.5234007116724464,4.211918639409426,25.424977715103275
4446.516,0.5145891534403769,4.212340595237142,25.416737914436087
4449.469,0.5181457989153124,4.21238185916081,25.405886042695233
4452.391,0.5153847036353405,4.212448265618202,25.401024451249178
4455.313,0.5135860674783524,4.2127200570664165,25.396408551932822
4458.235,0.49422995694106897,4.211169934016,25.391072853433332
4461.141,0.49651510292127066,4.210731939271695,25.380113059691528
4464.063,0.4947918835886295,4.210891876681226,25.375576797041365
4466.969,0.49575007570318413,4.211089268160659,25.36350692587274
4469.875,0.49253909213207,4.21126604385123,25.35719615948596
4472.782,0.4920999277617957,4.211001367171408,25.34532929424976
4475.703,0.49361857717332647,4.211196113019843,25.343614591528603
4478.61,0.48962869483094584,4.211536988022061,25.34295045967067
4481.532,0.49169653778108835,4.211378558425847,25.32967543839259
4484.469,0.4951486418427466,4.211267155580883,25.32436103044853
4487.391,0.48842849547018075,4.2117903653102235,25.317650156167385
4490.313,0.4920193772058085,4.211464413111855,25.31032318998081
4493.219,0.4898031594657683,4.211979535637392,25.310807402501556
4496.141,0.4922500942639285,4.211929451804403,25.316342760412493
4499.047,0.4942715314005165,4.212030597888181,25.31772444316215
4501.953,0.49318715206195773,4.212108415923001,25.319118873945513
4504.875,0.4936137054315865,4.2121436957379235,25.320387914555486
4507.782,0.4930948162417253,4.212129233236638,25.312827937598012
4510.688,0.4902563942980671,4.212214541162448,25.308500750338062
4513.61,0.4870453895338755,4.212272350353775,25.310771457763362
4516.532,0.4888714131129639,4.212895365639993,25.299854504856015
4519.453,0.4664825406684697,4.210954468544784,25.272744237454628
4522.391,0.4638205375749558,4.21061874097806,25.275439156911894
4525.313,0.47017333757675067,4.210810580863745,25.261937794904988
4528.219,0.466660800423665,4.2109772061376285,25.264540315626537
4531.141,0.4678963825193182,4.210840017638295,25.265835434635736
4534.063,0.46666497352214337,4.210839387910854,25.25475659508669
4537.032,0.47367445178561707,4.211016552460684,25.254475990788126
4539.969,0.46956218528283444,4.210925884442184,25.253376928315138
4542.907,0.46857271239442233,4.2113698822146635,25.25691568769346
4545.813,0.4680747895983597,4.211235059625178,25.241819962333217
4548.735,0.4653585903449874,4.211545045309755,25.228647024803774
4551.657,0.4629424677175874,4.211698431017915,25.229571793678378
4554.563,0.4429917536796704,4.209972534216569,25.232852349020103
4557.5,0.44653080052729716,4.209419548482675,25.23853981453937
4560.422,0.442049859139133,4.210092991247884,25.23070215379745
4563.328,0.4449732021943126,4.209474859300287,25.2140085719976
4566.25,0.44390042401037566,4.209691568876743,25.206279250045718
4569.172,0.442097165475491,4.209840981514976,25.186198670168984
4572.078,0.4462613330477164,4.209900312030648,25.187364325801585
4575.0,0.44440463005110464,4.209826479169021,25.182320744680457
4577.907,0.4454388244742964,4.209825935522252,25.186077367473228
4580.828,0.44365780546295147,4.209720879965595,25.16668769789205
4583.735,0.44460263290898344,4.2098999928672995,25.162550305410363
4586.641,0.4463832128931354,4.210181916591886,25.16583636220827
4589.594,0.4447232076921199,4.209850668186726,25.173722420707385
4592.5,0.4433360918176439,4.209894197822129,25.1681332654567
4595.453,0.44354915002518586,4.210320794395098,25.165748841862687
4598.36,0.4426570876310355,4.210442976159201,25.16716347682811
4601.282,0.4421777927781071,4.210173364379976,25.17082064093873
4604.188,0.43990733768494367,4.210298937374341,25.15793531039199
4607.11,0.44240680218472567,4.210332025615232,25.156777390971918
4610.016,0.44260826607718856,4.210518236459958,25.15390201534499
4612.922,0.442613593200074,4.210467431909962,25.145908703182986
4615.844,0.4431463746765506,4.210810616017761,25.148378597679795
4618.766,0.4428626331839401,4.210839399431193,25.140429581492736
4621.672,0.4440465323986424,4.2108397271875475,25.14124444469518
4624.594,0.4426779589229857,4.210766323121026,25.141875416801025
4627.532,0.44117158300188014,4.2110657024856435,25.137810057080912
4630.469,0.4408565806479182,4.211169220550727,25.122766660400902
4633.391,0.4422979420837891,4.211267941702882,25.12326161572042
4636.297,0.4362731857742709,4.211389212770335,25.1138590624567
4639.219,0.4421296514891207,4.21126151766294,25.11026413831018
4642.125,0.43863974535380756,4.211492242686524,25.100956280498437
4645.047,0.4388243005507648,4.2117607924377305,25.093409413011784
4647.953,0.41781120640822333,4.209722922157838,25.079699367031264
4650.875,0.4154989303181899,4.209867945561361,25.067673676524155
4653.782,0.41673512354619535,4.210009260533294,25.075978556733308
4656.703,0.4152674159314643,4.209642335968986,25.068571137419553
4659.61,0.4153041222476659,4.209814735209033,25.07288894406544
4662.563,0.41775934327615666,4.209962529478796,25.06195654096444
4665.469,0.41663334690530596,4.209992558792688,25.054181757898064
4668.391,0.4170582348255707,4.209646607106226,25.05218436342861
4671.297,0.41712285926664516,4.210337634408808,25.035781335592457
4674.219,0.4160284763008148,4.2102055077095235,25.033720208746413
4677.125,0.417611796240854,4.210005853334006,25.033786803690973
4680.047,0.4148548435761197,4.209979318874351,25.038760966679973
4682.985,0.41566271531556825,4.210427294523003,25.03225011731899
4685.907,0.4158891393146904,4.2102398946260795,25.027708320446827
4688.828,0.4110782426106464,4.210614083531133,25.026028069034943
4691.735,0.41354446553451163,4.210379820441588,25.004074855222722
4694.657,0.4146271541116332,4.210531657223735,25.013544130552937
4697.563,0.41587776369742746,4.210511431668567,25.022997498292614
4700.485,0.4136958555427053,4.210772347502089,25.01084807178335
4703.391,0.4117828299732827,4.210578208364039,24.993515149556412
4706.313,0.41677368982129165,4.210731412647015,24.997939035317057
4709.219,0.41083578083593286,4.211099076497963,24.985451891044058
4712.125,0.4142153413282089,4.2111418581534785,24.990887702129427
4715.063,0.41255053491239146,4.211112639409662,24.995658148657817
4717.969,0.41289575992950056,4.211041488482683,24.989044532549098
4720.891,0.41466534473800964,4.211156121438141,24.976289929267477
4723.828,0.4125163161730682,4.2113609113397255,24.98167553289854
4726.735,0.4173236977572659,4.211192670156509,24.972031548643557
4729.657,0.41126011185110267,4.211335803325178,24.97543549315417
4732.578,0.41583020184987657,4.211288619809713,24.970532406347864
4735.485,0.41304318023306147,4.211777700607368,24.96320653304824
4738.391,0.41242866585268234,4.211702106920064,24.962279059729635
4741.313,0.41300945009421247,4.211975676200214,24.955654392971645
4744.219,0.4138965727565481,4.211882445605871,24.953394457758055
4747.125,0.41143619705330503,4.211857274042001,24.958506943936108
4750.047,0.41266871352336876,4.211983073198602,24.918179742130445
4752.953,0.41225090217586924,4.211995956270634,24.920110692972035
4755.891,0.411762004823007,4.212414004486318,24.92967806283283
4758.813,0.4126829554442695,4.212223644406716,24.931162476252318
4761.719,0.4120713445905093,4.212326709329484,24.939868168587733
4764.641,0.4136472896172346,4.212317093285749,24.93590875551978
4767.578,0.4094724759765863,4.212502892839895,24.930749918690683
4770.485,0.40815760015101354,4.212568875885955,24.937852691621874
4773.407,0.3842993536178454,4.210779003161801,24.929814421161435
4776.313,0.38792952751924237,4.211038436231193,24.93377843585218
4779.219,0.38788303637583543,4.210938919127708,24.938176398570047
4782.125,0.3877751354830669,4.211066780493281,24.92781900575947
4785.047,0.38624994790250355,4.211267028065962,24.92674779238257
4787.953,0.3871003183471595,4.211136325987894,24.91053437782509
4790.86,0.38847955027320835,4.211078944547619,24.91064544128864
4793.782,0.3838287651722163,4.211277120060261,24.89633551527556
4796.688,0.3845479994505847,4.211310615293581,24.890564189503767
4799.625,0.3846002499473201,4.211360121831726,24.869744806967823
4802.547,0.3892340009084031,4.211459583191924,24.872678632068848
4805.453,0.3922320684650293,4.211604310307004,24.876389144183843
4808.36,0.38330761794258356,4.211419030064369,24.875659706303434
4811.297,0.3866852493341845,4.21145598896084,24.87729896736753
4814.219,0.38824291742520806,4.211522406665501,24.876089206911388
4817.125,0.38470572793210006,4.2115863994592315,24.870399899660416
4820.047,0.3878674468618536,4.211577340510831,24.866508533823136
4822.953,0.3854327535061118,4.211922929971251,24.856942275517973
4825.86,0.38948730330886655,4.211619726133145,24.857053614958605
4828.782,0.3873052115181345,4.212003131960615,24.84214049871902
4831.688,0.3890352121754474,4.212079083498036,24.82649785593232
4834.594,0.38549903667309343,4.21206909367638,24.821613091935703
4837.5,0.38398137867955573,4.21240785782269,24.82105797336085
4840.407,0.3838349847019265,4.212186160459372,24.82226030693869
4843.344,0.38597698170372885,4.212334426222136,24.823415050641618
4846.266,0.3853097820039319,4.212308928247743,24.82401686684645
4849.172,0.3853038132894788,4.21253234386275,24.82026955179671
4852.078,0.3851717819671309,4.212621524346212,24.80649080421551
4855.0,0.36290732175402596,4.210752851493741,24.809854402597644
4857.922,0.3618123945404824,4.2106878908495995,24.810631995142018
4860.844,0.3595532939513114,4.210758099891274,24.809299197165238
4863.75,0.36324846716974835,4.2109712297833175,24.793756881981377
4866.672,0.364756194239253,4.210801691073858,24.788702937758103
4869.578,0.3617254003236555,4.210980811060732,24.790057004195837
4872.485,0.36264279024730095,4.211014375369935,24.78126859722475
4875.407,0.36330265234199155,4.210791648216951,24.76395381459839
4878.313,0.3649030368624985,4.2108996734614115,24.74874297602818
4881.235,0.3607212936768017,4.211004352849717,24.76147147781431
4884.141,0.3649018738224916,4.21078341349649,24.76226170691932
4887.047,0.36254294698088285,4.211203363292436,24.752459631988167
4889.985,0.35924542014726496,4.211135954155215,24.747616863157464
4892.907,0.36236181834958736,4.211009847079938,24.747107795522282
4895.813,0.3643693628719032,4.211332582547798,24.752888248161813
4898.719,0.36162513325300627,4.211199397736146,24.747090397804094
4901.625,0.3610321324077151,4.211494709216448,24.75456519040701
4904.594,0.36147734124376935,4.21152124879666,24.746811079615355
4907.563,0.36226966869691524,4.211421939952493,24.73268102435345
4910.516,0.3619533553246803,4.211634060003544,24.738465845906987
4913.469,0.35655898046183776,4.211495085468211,24.726694754052254
4916.422,0.3605879535048222,4.211646456531654,24.7264265396525
4919.344,0.35985500929038566,4.211834250318228,24.729986144884233
4922.266,0.3637186727395981,4.211709765717453,24.718236085357706
4925.172,0.3585750638481215,4.211728049110474,24.723249397944514
4928.078,0.359832264677414,4.21192642380133,24.71074578029506
4931.0,0.3608259199125077,4.211732987862435,24.709276813215393
4933.907,0.3609618937024722,4.212033528556691,24.710563732155652
4936.813,0.36075350272677187,4.212155111340984,24.707764021535798
4939.735,0.36171874389300035,4.212139470158531,24.693763148038403
4942.641,0.35814064009911145,4.212140295415333,24.693164686196216
4945.547,0.3616995443746729,4.212335842135027,24.690101588882346
4948.485,0.3592376210099946,4.212274856493701,24.686090683999343
4951.407,0.3595923375815543,4.212548369368089,24.68322587361758
4954.313,0.35908019612125325,4.212751697754249,24.686732272831346
4957.235,0.3363940143314028,4.2109686108910624,24.681027076269125
4960.282,0.3374620670119801,4.210933476324372,24.682112845446174
4963.266,0.33548052075059437,4.210695636152583,24.68427496934407
4966.172,0.3380015315299178,4.210635845141542,24.681198017361805
4969.094,0.3338402638064088,4.210929817849952,24.676809178656708
4972.0,0.33459206673208725,4.210849313215401,24.67075187754501
4974.907,0.33781103096396126,4.211021971821717,24.663382126041128
4977.828,0.3356769859128584,4.210915296953003,24.661716876062556
4980.766,0.33507031199008896,4.210890139658809,24.650993621192875
4983.672,0.3376271613789188,4.210896347851902,24.644923268549622
4986.578,0.3362160734633868,4.210769987292796,24.63488364556151
4989.5,0.33569727842587044,4.210933857066033,24.628961060865983
4992.407,0.33902056521347435,4.2109575809207955,24.626051958615808
4995.313,0.336171819236921,4.211153820469094,24.62369568895826
4998.219,0.3368762246482618,4.211141902753615,24.62372641057213
5001.125,0.3355980861297368,4.211266674785415,24.61085827842946
5004.047,0.33670795492638844,4.211240432283236,24.6226986824177
5006.953,0.336391586722716,4.211188579259479,24.628321083934598
5009.86,0.3358199800381454,4.211365133025245,24.621606451581844
5012.813,0.3362744141415984,4.211284897449721,24.619311823297483
5015.719,0.3339741261136322,4.211350650577136,24.621005299649575
5018.641,0.33308314094831537,4.211433857912813,24.611748992537205
5021.547,0.33463181893543803,4.211542211110717,24.610206035471894
5024.453,0.3334418667613144,4.2118088524259925,24.606213909531927
5027.375,0.3334362653503932,4.211808136500397,24.61191038835069
5030.282,0.3317788696811182,4.211731250410168,24.59752891106338
5033.188,0.33622438852937436,4.211807468098205,24.593914162390522
5036.094,0.3354335887336229,4.211849428864884,24.591184572299728
5039.016,0.3343600602152429,4.211919862968751,24.583387744675203
5041.922,0.33204803244829095,4.212044016107972,24.581466728087623
5044.844,0.33433841175870815,4.211897354982775,24.58167162667287
5047.75,0.3342683232010403,4.2121335521087655,24.582461408258506
5050.672,0.3325799458421719,4.212179328244701,24.57459943055316
5053.578,0.3327103559954582,4.212166732407294,24.55537695177329
5056.485,0.3344101790433375,4.212299460524426,24.55055498755552
5059.407,0.33114327017509587,4.212372189014701,24.5523398361275
5062.313,0.3337869108340794,4.212395937780624,24.552619659416685
5065.235,0.3304687941073109,4.212525785396329,24.55629854969903
5068.141,0.33173318418860287,4.212620561848957,24.565831471174697
5071.063,0.33116022835686315,4.212634582647773,24.555034564742215
5073.969,0.33163650728906263,4.2126818687822745,24.54955079898617
5076.875,0.3321039721969412,4.212822274884037,24.546797928933895
5079.797,0.3327006512172295,4.212831655632559,24.542679815850647
5082.75,0.33113772845927714,4.21291007224405,24.523860618408193
5085.688,0.3320369986054391,4.212887698244385,24.52489754721655
5088.594,0.331819635935485,4.212999726305209,24.527401801535486
5091.5,0.3314402320764536,4.213020376737732,24.53543940895262
5094.407,0.3331908798074326,4.213126563989393,24.533531403321525
5097.313,0.33087256372517576,4.213490252411042,24.52248451341227
5100.235,0.32920576607129015,4.213147218423087,24.51468020981163
5103.157,0.33055810867734403,4.213258274161483,24.506702995467506
5106.063,0.33107142339179835,4.213527882910788,24.497650667843725
5108.969,0.3306022925200367,4.2136563514143965,24.500942486611983
5111.891,0.3072903024734995,4.2117439291170236,24.50567872848239
5114.797,0.30714479962778396,4.211708363926739,24.506350545436277
5117.735,0.30662644376142384,4.21184113225562,24.494216124939445
5120.641,0.3095428652347486,4.211486629048761,24.499048179759043
5123.563,0.30834616579446794,4.2117076526550505,24.501698334621274
5126.469,0.3102510327858997,4.211622079311995,24.50386095774223
5129.375,0.30904692166286407,4.2117811386565425,24.502959082781825
5132.297,0.30757846441671205,4.211916774481216,24.503717052740686
5135.203,0.30907951859490446,4.211975173524443,24.496397603393948
5138.125,0.30885404277328177,4.211963598097663,24.48332224943716
5141.032,0.30712548684027496,4.212155193889068,24.48066559187049
5143.938,0.3076176210147963,4.211863684357423,24.474624823732267
5146.86,0.3095175367947258,4.211901103336587,24.473929125642318
5149.766,0.30661735401342377,4.212012694303054,24.47331784435172
5152.688,0.30781815311092564,4.212031704842109,24.475266181959558
5155.594,0.3084272254627657,4.21206396604644,24.472473064888362
5158.516,0.3063624272729954,4.212105885338188,24.476582176171068
5161.422,0.30824426344214095,4.21198062115793,24.462727166403567
5164.328,0.30372878652608243,4.212350835047724,24.468568987398307
5167.235,0.3080339923384903,4.21211596801799,24.461070463303873
5170.157,0.30750539846564784,4.21211834482518,24.45344960751345
5173.063,0.30765919343070913,4.212217500445153,24.44959701572845
5175.969,0.30707918392833977,4.212356184103414,24.448561156139206
5178.891,0.30504493270790906,4.212357226634793,24.450827187333537
5181.797,0.30456025578086166,4.212483573209277,24.439948251592405
5184.719,0.30479031736553974,4.212659996758871,24.446200698660473
5187.625,0.28397817715520274,4.2109330049167335,24.44558690375293
5190.532,0.2840814559814291,4.210648838956745,24.443467837189974
5193.453,0.28024296541890426,4.210895571524121,24.430844552733944
5196.36,0.2838685005169065,4.210641768800311,24.423380018783025
5199.282,0.2842513592657479,4.210833782458033,24.42859268419361
5202.188,0.2855213656771741,4.210767882725359,24.41782021924441
5205.094,0.2841584966385273,4.210630433747693,24.41314956884676
5208.0,0.2844738083385714,4.210764650987499,24.414944706523
5210.907,0.28448071593450514,4.210825155899074,24.418985328886258
5213.813,0.2824858988438425,4.210881405518401,24.4152066780741
5216.735,0.2806435038802417,4.210919090580028,24.407347241947903
5219.641,0.2831491383302581,4.211044503430801,24.409134716357556
5222.547,0.2839831425307623,4.210825320736182,24.40461207708551
5225.485,0.2806677387950151,4.2110172506914925,24.40883772245621
5228.422,0.28195653033075185,4.2107895858089,24.39912660932254
5231.328,0.28500066665704177,4.210799796173077,24.396697509105636
5234.235,0.28212407023656694,4.211021965866185,24.392645720577324
5237.141,0.28226654885988806,4.211212172443814,24.39052862759181
5240.063,0.28464040464253415,4.211080544464343,24.38756038080745
5242.969,0.2831766965416794,4.210991785001702,24.387683608809095
5245.875,0.2826595444721553,4.211238565163112,24.372929935739414
5248.782,0.2842728034432894,4.211230660799005,24.37966195675578
5251.703,0.283012788892966,4.211215468022263,24.375557437492066
5254.61,0.28444101324493504,4.211153067897537,24.379922054993795
5257.516,0.28034380374437434,4.211218568569944,24.381617622437922
5260.453,0.2827973570920243,4.211427633602903,24.37297686123732
5263.36,0.28183445196415696,4.211422108319476,24.356040538649594
5266.266,0.28084710293097226,4.211492710329963,24.35475348489562
5269.188,0.2829537343380496,4.211643315454899,24.341705033821928
5272.094,0.2812930505051105,4.211624229991673,24.34079496678265
5275.0,0.2829281066425433,4.2116541436037265,24.343726158021404
5277.907,0.2802825607251945,4.2115200874390215,24.353894016815843
5280.828,0.27760321731974574,4.211815509813723,24.35054432040236
5283.735,0.28022539652067846,4.211895479646308,24.350663179034967
5286.641,0.28502717771822933,4.211569617577485,24.35534701128389
5289.547,0.2815770947023294,4.211788616328185,24.353045544601667
5292.469,0.2777984074636506,4.211907684325453,24.344554277980087
5295.375,0.2834950645326473,4.211795757617761,24.34276143109067
5298.282,0.280395600702842,4.2119395822581955,24.348874559795338
5301.203,0.28162401685729777,4.211925003064627,24.34843663306734
5304.11,0.281752211133689,4.212140655405489,24.33569483164118
5307.016,0.2810400287244452,4.21215795995083,24.33693208981461
5309.922,0.2791306462913762,4.212339185985987,24.33340126471021
5312.844,0.28111400809264847,4.212186923416348,24.332872445559314
5315.75,0.2814364149876827,4.212315580029786,24.332834471588708
5318.657,0.28120821569733706,4.212268407973388,24.32365965083724
5321.563,0.27856441498242845,4.212424621033797,24.324239327704536
5324.485,0.2803190744094838,4.212462912715187,24.327496140304905
5327.391,0.2836734710254936,4.212424089787653,24.324389390723574
5330.313,0.27980049568360227,4.212467969040931,24.32354477367763
5333.219,0.2798292378776184,4.212511303218448,24.3157700173391
5336.125,0.27867644199347086,4.212579118405903,24.307751974567818
5339.032,0.25779934364175894,4.210895805980221,24.302193558577013
5341.938,0.25860212894646867,4.210867269261521,24.30638534158645
5344.86,0.26167743458640375,4.210679955717087,24.300367527203168
5347.766,0.25793156622382674,4.210964918959538,24.295265110478187
5350.672,0.2563431651361884,4.210976956938487,24.286547877284196
5353.61,0.2558326599509173,4.210871414544394,24.26998816251572
5356.516,0.2586913770672262,4.210907424323499,24.275660293121827
5359.422,0.25594536536881973,4.210696309628042,24.282739946139692
5362.344,0.2573451112603159,4.2108862437330075,24.28157912108237
5365.25,0.2534295625583023,4.210928830126657,24.281035000965133
5368.157,0.2583157318287523,4.210751919716367,24.269387188669008
5371.063,0.25726904329185424,4.210944859902777,24.26105260263526
5373.969,0.256698332608395,4.210750284667064,24.262658766630736
5376.891,0.2580182698865551,4.210929694538582,24.265417337815983
5379.797,0.26069245420844184,4.210818377463787,24.26571737196157
5382.703,0.2574751151154893,4.2112437204251325,24.252549555147702
5385.641,0.2574047577711495,4.210951302336423,24.25319764653308
5388.547,0.25811970420493385,4.211105268757599,24.242267577788645
5391.453,0.2589334757932937,4.211069904935847,24.245015905427874
5394.375,0.25479928462206813,4.2111848985402425,24.24279085749788
5397.282,0.2563493905714737,4.211087783094456,24.243784340635692
5400.188,0.25585708478729097,4.211001798766052,24.24429849228883
5403.094,0.2573961617213081,4.211546020854909,24.25178690472739
5406.0,0.2569714298395357,4.2113158044815675,24.251745364654916
5408.922,0.258140185007637,4.21103639970987,24.23832997199334
5411.875,0.2583822891964974,4.21150035882879,24.234345137864903
5414.813,0.2544033743481663,4.211274596429956,24.237290226348172
5417.891,0.2555733904565408,4.21132154374654,24.224542593299272
5420.828,0.25527839157871707,4.211471895829629,24.22114762803436
5423.75,0.25577448131135944,4.2115329456287,24.21241271993836
5426.657,0.25722650635178756,4.211522234727589,24.22392773221311
5429.563,0.2566361190490076,4.211572784077927,24.213198752511612
5432.5,0.2534869686982204,4.211645682597277,24.205278551362674
5435.438,0.2562053415875342,4.21166614917205,24.21216968473236
5438.344,0.25706749170246207,4.212020744807096,24.210335288592518
5441.25,0.25379739870890444,4.211610853701537,24.203588777706152
5444.157,0.2572494704628327,4.211717897467597,24.210038619209087
5447.078,0.2574823100587899,4.212067918436772,24.20282131279465
5449.985,0.2561353883373519,4.211682327667134,24.208775728616907
5452.891,0.2562669679463519,4.211903556272446,24.201943207608462
5455.797,0.2564955777028092,4.211868018664534,24.203528030618347
5458.703,0.2552539930435195,4.211981972024265,24.2018101983157
5461.625,0.2534623474468723,4.212127091247795,24.212694341705134
5464.532,0.2553173650295796,4.212192957130261,24.20162971457182
5467.469,0.25508953987674843,4.212004933828109,24.203629248505052
5470.375,0.25553072300235435,4.212460796459364,24.200290223206142
5473.282,0.2567911340536927,4.212096316629429,24.167628856171163
5476.188,0.25417774887429934,4.212311933421952,24.15819930899599
5479.11,0.25604354089683057,4.212385664047855,24.16565203073088
5482.016,0.25276892796849876,4.212490865162039,24.16704408172283
5484.922,0.2530277756028258,4.212518833681126,24.180788329650966
5487.828,0.2548999015569642,4.212733327205188,24.18083881606961
5490.735,0.25345660812011783,4.212580460307578,24.174002514528127
5493.657,0.25209980685412026,4.2124635313258185,24.171759564495254
5496.657,0.25346681507635943,4.212860717182976,24.164682048807975
5499.703,0.2539761443973955,4.212693663519401,24.15873674393091
5502.75,0.25299069465872215,4.212900974307024,24.16422265413019
5505.672,0.25323559413791896,4.212744756857787,24.155359743128486
5508.61,0.25176593523234264,4.212953257591004,24.151855830213997
5511.516,0.2535041074690656,4.212853169882269,24.14377348289505
5514.422,0.25152600337928777,4.212994988850639,24.143020643493045
5517.344,0.2527751655636028,4.213056646290482,24.147678129142527
5520.25,0.252504967949773,4.21309842089791,24.145543242619027
5523.157,0.24910210607806998,4.213097442067653,24.14630713953284
5526.063,0.253142801271606,4.213309616013889,24.14783516742197
5528.969,0.25168934352836364,4.213383164208289,24.13216201056391
5531.875,0.25287451645478703,4.213284040384139,24.133007811035416
5534.782,0.2509609121431386,4.213520235044312,24.137002433846664
5537.688,0.2509409882016623,4.21352239375879,24.144343362459264
5540.61,0.2527882772617026,4.213398326538487,24.14565727252864
5543.516,0.2512527383184318,4.213402377896128,24.139083142811412
5546.422,0.24945324387850948,4.213774794835233,24.13753176859
5549.328,0.2320352862092009,4.211706284173451,24.135834982703308
5552.235,0.23141278612544908,4.211927034300147,24.122596707619472
5555.141,0.2296335539697946,4.211649076201813,24.117671475519234
5558.047,0.22957930435767612,4.211759026274355,24.113841286562916
5560.953,0.22879337734211244,4.211630881220504,24.11656301732274
5563.86,0.22990725877949078,4.211481626417657,24.114227089890733
5566.782,0.2276713794112776,4.21181242969891,24.106092935280564
5569.688,0.23030501473991336,4.211971336577464,24.105593032458856
5572.594,0.23076771935214466,4.2117329001633514,24.109177947846305
5575.5,0.2307675334131974,4.212069610445162,24.115415960040835
5578.407,0.2289873091389447,4.211834601779265,24.10056173948433
5581.313,0.22652286869422797,4.212148586013018,24.09992483452536
5584.219,0.23097103516993034,4.211738466903218,24.086111216289193
5587.125,0.23138542054069947,4.211814073038542,24.09187732912681
5590.032,0.23109255421451202,4.212031035108414,24.08368456402732
5592.938,0.2282386584091739,4.212144071303823,24.078105296265253
5595.844,0.2273874564589658,4.211956278290238,24.08515098781428
5598.75,0.23009784019857407,4.2120852830556785,24.079165215561776
5601.657,0.22850960338173398,4.211927759642874,24.076044703786593
5604.578,0.22931141312148035,4.211786522819518,24.056109977870317
5607.485,0.22703597103819584,4.212089665070943,24.06321808845273
5610.391,0.2301321048678168,4.212210319565653,24.06286390873637
5613.297,0.22796901047984644,4.212274262965949,24.074437846986875
5616.203,0.22546086309018773,4.212126485762483,24.07046337343247
5619.11,0.22742590499409943,4.212145267192594,24.059050562928835
5622.016,0.2274888910249199,4.212227935119321,24.053691710918333
5624.922,0.22669813457003882,4.2121139018033205,24.05607134290062
5627.86,0.22989854561712997,4.2124736105845235,24.05766471630295
5630.797,0.22738417476232656,4.212319287110931,24.05245643543607
5633.703,0.22733355851780188,4.212493714659012,24.047416229145536
5636.61,0.22374296993907206,4.212547994562174,24.045550883236654
5639.516,0.22710292573991525,4.212518274333718,24.056119491357485
5642.422,0.22941683763866802,4.21270227709819,24.04255835258779
5645.328,0.22532023124882258,4.212541685569653,24.04447445020763
5648.25,0.22742257661838092,4.212675934601964,24.0506175237029
5651.157,0.225396021937104,4.212705964323825,24.0460210020547
5654.063,0.22730708308724648,4.212486270428662,24.046588789386966
5656.969,0.22512786146264327,4.212657187506522,24.0471871633177
5659.875,0.22727972211845712,4.212679141269784,24.045906333488524
5662.813,0.22798192121067323,4.212897944422597,24.034429807540636
5665.719,0.22493152675027178,4.213149925546459,24.02719866337948
5668.625,0.22747954965951447,4.212831222586261,24.032930740236047
5671.547,0.2274805182248153,4.213160668705536,24.027902059834545
5674.453,0.22429448597634521,4.212870235372657,24.031959888231658
5677.36,0.22278690352244773,4.212809060137346,24.03788715789255
5680.266,0.22423844113704333,4.212994888212108,24.028877053178768
5683.172,0.22667211362118012,4.213267289609877,24.022400922881435
5686.078,0.22882649384387482,4.213077220089809,24.024248490644815
5688.985,0.2262236278131103,4.213205541719334,24.023905988039694
5691.907,0.22511578075887675,4.213145132138059,24.014807024413052
5694.813,0.22690934523577874,4.213173956048598,24.008379977919226
5697.719,0.22591490047171603,4.213436247211562,24.01627478667438
5700.641,0.22860073267829314,4.213390994748784,24.015958709894885
5703.547,0.22781387857348173,4.213459573030359,24.017840941888604
5706.453,0.2238578448386411,4.21358261733093,24.024164119601913
5709.36,0.20035693507427244,4.21167245641047,24.01486189319837
5712.266,0.20078704615335838,4.2115670678720845,24.02053936858709
5715.188,0.20358572704900826,4.21155129301804,24.010479114207364
5718.094,0.20471166553504852,4.211652651571175,24.011092560412404
5721.0,0.20209054844942345,4.211445748826305,24.0014425973138
5723.907,0.20271924887433318,4.211396234201275,23.993558854732058
5726.813,0.20101929996136142,4.211426797179792,24.001843556559948
5729.735,0.2057193148649138,4.211456871769848,24.001123744097065
5732.641,0.2011220090320473,4.211259162662425,23.99205754864317
5735.547,0.19921434951401426,4.2113629908773484,23.999226447827816
5738.453,0.20240537305568984,4.211205773510895,24.00059876733162
5741.375,0.20059447491639254,4.21133322919046,23.988960529314667
5744.282,0.20292189084780074,4.211357060732477,24.000555496048595
5747.188,0.20022702301192405,4.21147706887084,23.994296136915903
5750.094,0.20133166718074036,4.211518396492539,23.996425463255196
5753.0,0.2036132049864488,4.2113919771049675,23.98379288728607
5755.922,0.20313746614465747,4.211721469129038,23.97423347503188
5758.828,0.20188046384406416,4.211673519493523,23.964867339565796
5761.735,0.2018720877048357,4.211634710440889,23.96303582361521
5764.657,0.20195595251452936,4.211591905900936,23.97882130134582
5767.563,0.2035360338436289,4.211694377664237,23.979884632259246
5770.469,0.2014527637974808,4.211606239196853,23.98061037393712
5773.375,0.20087705400367045,4.211828032903077,23.976067057621762
5776.282,0.20421603030560193,4.211683333912719,23.977845748523603
5779.203,0.20441462770191587,4.211664451151204,23.977753134580244
5782.11,0.2019270718482434,4.21176843923579,23.971307736342965
5785.016,0.2019939296302549,4.211872031977779,23.972299368201973
5787.922,0.2014102111990841,4.211743907664854,23.970630255956806
5790.828,0.20184152584784454,4.211910241904867,23.9708227854844
5793.75,0.2001792418510395,4.211851730588608,23.95784776795595
5796.672,0.20322510281440687,4.211846463400971,23.964363342000798
5799.578,0.20063348650888987,4.211892365846556,23.95431212914502
5802.485,0.2025901587875942,4.212058710763107,23.950054720325625
5805.391,0.2023902313609405,4.211828126582564,23.94805328342709
5808.297,0.20337574920813745,4.212196002700967,23.94907820490895
5811.219,0.20209248948909248,4.212032822511461,23.94269963817006
5814.125,0.19989295962417927,4.21201643032279,23.952026437235745
5817.032,0.1998270244397254,4.212269044524053,23.94886902656391
5819.938,0.20200247959346285,4.21192799304007,23.945055203937358
5822.844,0.20292060773686663,4.212246130007738,23.9410701323456
5825.766,0.20085484835929254,4.212325956180865,23.942845286610336
5828.672,0.2022711774160355,4.212310676076819,23.94067346225026
5831.578,0.20293091339072566,4.212445744200753,23.94455790732118
5834.5,0.21097221612481457,4.2123424892858985,23.930791755020582
5837.407,0.20188498204730887,4.212205530505305,23.928501831257044
5840.313,0.20178684156720295,4.212265484192648,23.922234680930746
5843.219,0.2016822094915338,4.212202335764913,23.925359432331636
5846.125,0.20252261507980984,4.21238852436379,23.920583068128202
5849.063,0.2016761724429358,4.212619182916864,23.929416867446864
5851.985,0.2013719210535204,4.212570393720544,23.918068546326015
5854.891,0.20378163853748713,4.212497221143581,23.91921697822026
5857.797,0.2001041441744364,4.212848494611867,23.915257962829255
5860.703,0.19836961983221774,4.212536864021825,23.911311660193096
5863.61,0.20261944991430614,4.212699055771488,23.897735013321594
5866.532,0.20014964103323554,4.2128184238317115,23.884042619970757
5869.438,0.1999721413243509,4.21295713950808,23.89200106154772
5872.344,0.19788901428634112,4.212767469509697,23.87627965308928
5875.25,0.19674277121777778,4.212937287974814,23.880598680794503
5878.157,0.20189087637402348,4.213037133830601,23.885336904089122
5881.094,0.19877235930912243,4.212823952760256,23.888738408961153
5884.0,0.19885803707266625,4.213003041857396,23.87967302167345
5886.907,0.20022981912979518,4.213169460116146,23.881194208024294
5889.828,0.19753784031828062,4.2129966594775,23.88270230500673
5892.735,0.20252796518657448,4.213344757750481,23.879293771283425
5895.641,0.20013407860452795,4.213132532617376,23.885043404286737
5898.547,0.20266491128038722,4.2129531670724845,23.878823425575334
5901.453,0.20200339981794455,4.213341236443806,23.883175298508277
5904.36,0.20134126717455517,4.213085522492124,23.89978885989798
5907.266,0.20053145860429675,4.213336272606061,23.892867535391275
5910.172,0.19950710891733223,4.2131725074221675,23.893593509873167
5913.094,0.2011340758276886,4.213093242876704,23.89093984980585
5916.0,0.19844120907540586,4.213487255944615,23.887463783483515
5918.907,0.20069055340956457,4.213256362639453,23.88010187884594
5921.813,0.19997109827237056,4.21352780741798,23.872120232346735
5924.735,0.1940934585369693,4.213748844109138,23.861365313489365
5927.641,0.17621092879776973,4.211590393686638,23.857324693269003
5930.547,0.17769047741437224,4.2114914114561035,23.860919334707756
5933.453,0.1754021153152387,4.2116325578919405,23.870639866831638
5936.36,0.17646591412339338,4.211550395754928,23.865714624816995
5939.297,0.17694007774220633,4.211793999049823,23.866356907687642
5942.203,0.17413868115657416,4.211510886886643,23.870922768428215
5945.11,0.17448937954514548,4.2114967447085405,23.86098206229827
5948.032,0.17772876142625849,4.2113846555722745,23.86384010836268
5950.938,0.17808513537580484,4.211540020891004,23.85999270902224
5953.844,0.17753904695694964,4.211570176024305,23.855499350726483
5956.75,0.17674234634275646,4.211689638208481,23.856514450063145
5959.657,0.17534112390787387,4.211601095122061,23.854297017874632
5962.578,0.1746657049246646,4.211636212160106,23.849360379262812
5965.485,0.17483289381301442,4.211350379534606,23.838461734317505
5968.391,0.1751643477598267,4.211526331650633,23.838518130952696
5971.328,0.17732047937075598,4.211796625065054,23.843474863222912
5974.235,0.1758903866336995,4.211938512975013,23.858869693719743
5977.141,0.17517319825298508,4.2115452183346465,23.847234116821618
5980.047,0.17507522086515623,4.211579166054217,23.840808084426897
5982.969,0.17627597246424745,4.211653698141472,23.840829458645118
5985.875,0.17607047058252995,4.211658063862475,23.847089305932055
5988.782,0.1779869406446037,4.2116594932767555,23.840255887735342
5991.688,0.17825369842597255,4.211791048474343,23.83946374222199
5994.594,0.1760748760526181,4.211549694208335,23.837824986096898
5997.5,0.17651549498432295,4.211566134036471,23.8353583817671
6000.407,0.17403839835135465,4.211878380652646,23.83818378148794
6003.313,0.17591262968973423,4.211582893734213,23.83611094120274
6006.235,0.1730914729632557,4.212126712424151,23.83192453423625
6009.141,0.17714677178688792,4.211699245589312,23.83439892372181
6012.047,0.17570143361340332,4.212085439746696,23.844409732633675
6014.953,0.1760240326398056,4.211965236135845,23.84122669357889
6017.86,0.17392457783547516,4.211993342715108,23.835798640565212
6020.766,0.17466847311239758,4.211909964659293,23.83184662473574
6023.672,0.17445246460711739,4.211917223627537,23.830316819890125
6026.594,0.17382686600513572,4.212000096761673,23.81481197059802
6029.5,0.17328594217526122,4.2118045267469375,23.813477849559913
6032.407,0.17455401473373408,4.211981565540126,23.815482366466526
6035.313,0.17205310454140849,4.211992588882377,23.82051563639377
6038.219,0.17494430553866316,4.212107770131783,23.815062500330743
6041.141,0.17376954529048627,4.212529063292094,23.822225336223052
6044.063,0.1729543202967247,4.21228764278199,23.817443423030085
6046.985,0.17596075126405633,4.212237547248374,23.81063826749658
6049.891,0.17409308584815747,4.212283910227669,23.812164870884676
6052.797,0.17519652568468044,4.212288294162338,23.81359869975568
6055.703,0.17282243674541461,4.212347107166551,23.813154636439364
6058.625,0.17537990144443377,4.212441489244922,23.810800218281393
6061.532,0.17456738861205284,4.212434855842354,23.809916812516306
6064.438,0.1746326512232057,4.2123484777393685,23.81080359947859
6067.344,0.17455123623571858,4.212324914528185,23.79981866052868
6070.25,0.1739268173671293,4.21255821669622,23.796789785779342
6073.172,0.17354306850441648,4.212504739880731,23.783599710224056
6076.11,0.1745050402383203,4.212470988732694,23.788476101073773
6079.016,0.1757419262928629,4.212435638600126,23.781511318611738
6081.922,0.1760174984014458,4.212633384671113,23.780526533830102
6084.828,0.17131059567842247,4.212889238768398,23.788662813408468
6087.735,0.17228744598117038,4.212408530530788,23.788393879614702
6090.657,0.17404707716775294,4.212818232776973,23.796727855323727
6093.563,0.1738051900042609,4.212805072381688,23.795738468124455
6096.469,0.17186812048370181,4.2129903426164,23.79048073942829
6099.375,0.1739143774408584,4.212899198810812,23.77662183972661
6102.282,0.17186454904743265,4.212764561726541,23.77495550015576
6105.203,0.17526006660987653,4.212706588337188,23.778691302545486
6108.11,0.17540852965577422,4.212676361631244,23.777125850848574
6111.016,0.17330785135402726,4.212900515840931,23.790255515906946
6113.938,0.1732734000222519,4.212811589981385,23.781509916785836
6116.844,0.17254349673554592,4.213020675511574,23.786278894151913
6119.75,0.17211434304967763,4.2130728602512955,23.782644033435588
6122.657,0.17263492293908114,4.2131216864237135,23.783269702012436
6125.563,0.17398282547698346,4.213427292948971,23.77913994676645
6128.469,0.17428697343110647,4.213027883897383,23.773939445506816
6131.375,0.17170781656860512,4.213364518051272,23.771404779668966
6134.297,0.17085861590213747,4.213038043449776,23.771077354316713
6137.203,0.1718048522133274,4.213156230720866,23.763676229992992
6140.11,0.17476918513827291,4.213345995847698,23.765571802553158
6143.032,0.1720853450465901,4.213466870056686,23.774078849696323
6145.938,0.17289646626907398,4.213432130291764,23.772425145238643
6148.844,0.17363904899768096,4.2132498488015715,23.77091308056238
6151.75,0.17498352210537593,4.213411610514865,23.763220684205173
6154.672,0.17556159630828244,4.213162896984364,23.769063232271524
6157.578,0.1723591830037154,4.213431537992432,23.751485167454053
6160.485,0.17424722421768218,4.213376197167146,23.749188728694428
6163.391,0.17106694697649752,4.2133481881324535,23.74833361413434
6166.297,0.1734622333749504,4.213629665018845,23.740547013533405
6169.203,0.14886327973160315,4.2116273114318705,23.75238419701444
6172.125,0.15071292354755556,4.211669672991901,23.75790750481879
6175.032,0.148843826839569,4.2114356414137655,23.748835762735148
6177.938,0.14822749190791387,4.2117013986126,23.762491605588533
6180.844,0.15080337741091335,4.2118060460853135,23.765364551189556
6183.75,0.15353631078544783,4.211614912835957,23.750921763850357
6186.688,0.1537729747923218,4.211507175290393,23.761129236472428
6189.594,0.1500646245502493,4.211683982668636,23.75412921345854
6192.516,0.14925893070147767,4.211796045106348,23.748109528223846
6195.422,0.15159363714120277,4.2117205672759574,23.74741467635329
6198.328,0.15414584857966573,4.211765229388063,23.753492169592032
6201.235,0.15116741691404995,4.211614315764751,23.74244893803929
6204.141,0.14993389988292855,4.211736358563327,23.752271021148868
6207.047,0.14962874454414363,4.211658298673548,23.73459499371927
6209.969,0.15057147901053095,4.211637289305934,23.728030777655086
6212.875,0.1492870093165857,4.211578239464108,23.733983593677802
6215.782,0.14924396706570725,4.211704886607653,23.732427087947546
6218.719,0.15007936133382588,4.211578060059037,23.73205364580601
6221.625,0.14943561327331692,4.211520655683743,23.72431930050859
6224.532,0.15053416433232011,4.211453988044774,23.73324508742587
6227.453,0.14936154198303842,4.211795550225884,23.734273638272015
6230.36,0.14772733435848676,4.2118345365129715,23.730790268946347
6233.266,0.1512594810805885,4.211910088923461,23.715123557388182
6236.172,0.15015147254317432,4.211771498569195,23.720459971653874
6239.078,0.1499005706467586,4.211905707040876,23.721028032632486
6241.985,0.14743859363353268,4.2118743735197,23.715813070161502
6244.907,0.1497386358525144,4.2117342677308,23.731140321163288
6247.813,0.14981117203727248,4.211846733734371,23.725373315308328
6250.719,0.14939883924173872,4.2115509106774605,23.726701048430385
6253.641,0.15052732455273302,4.211647360385986,23.722009740450783
6256.547,0.15023108061837176,4.211864447307755,23.722988499914752
6259.453,0.1489485585183865,4.211858878893642,23.724127907401954
6262.36,0.15104727814547386,4.211898745628184,23.716621450752157
6265.266,0.1523024482185026,4.211797588675436,23.720135803493093
6268.188,0.15100471167247972,4.211812454027226,23.718824529629753
6271.094,0.14940498215492964,4.212035918351911,23.719941350510798
6274.0,0.15182221745489707,4.211900435324906,23.711326191759767
6276.907,0.14936268328923152,4.211934324296945,23.702178812205865
6279.813,0.15015451883220823,4.212106242280202,23.709074598337146
6282.719,0.14980126081155204,4.212048204732035,23.703404116013896
6285.657,0.15039033021838147,4.211875955041524,23.70212742843531
6288.61,0.1511032927088611,4.211975934752321,23.70579207221261
6291.625,0.15088955291290038,4.211989701714254,23.714336842873475
6294.625,0.14837432247447252,4.212149051471335,23.708735056569065
6297.61,0.14928341722573416,4.212214118745051,23.706885062399856
6300.625,0.15194578685986107,4.212383262132206,23.699552852640505
6303.532,0.14801466724672555,4.212359205247258,23.693576556742293
6306.453,0.15078862768699694,4.21222837952244,23.694352172105987
6309.36,0.1482696334459537,4.21209734051788,23.692265949622353
6312.266,0.14808459242684022,4.212141158889336,23.684225942625474
6315.172,0.15075061051255642,4.212178394368326,23.681246060861294
6318.078,0.15075057817714277,4.212235379597931,23.683381931005915
6320.985,0.14929282519243656,4.212271880079189,23.684780261637712
6323.891,0.15040947705984323,4.212430683307072,23.681446495659294
6326.797,0.14869028848006846,4.212266223688612,23.684126099140165
6329.703,0.1485227949734708,4.212472194099629,23.67251599429696
6332.641,0.14937591554538082,4.212366771888233,23.6902973634336
6335.547,0.14980133829588077,4.212554416266455,23.689741549344077
6338.453,0.14818382350487116,4.212364327059324,23.69293361788506
6341.36,0.15021943499127988,4.212423929644038,23.70088546510849
6344.282,0.14863878017307955,4.212464375108728,23.704096459890355
6347.188,0.15089226786244553,4.212486396460028,23.69620946363867
6350.094,0.14849710343551653,4.212536230163364,23.69026132341575
6353.0,0.1490031712951017,4.212649232187077,23.680146410649474
6355.907,0.14864444564441467,4.212678023711697,23.683042874127132
6358.828,0.14891687027461797,4.212715494348618,23.679629577785487
6361.735,0.14824202012255366,4.212700301109082,23.672118039346984
6364.672,0.1501843952669767,4.212732776244299,23.67799087724978
6367.578,0.15020152519488306,4.212803457000834,23.675352424530754
6370.485,0.14635174373046017,4.212845889248978,23.68163091456382
6373.391,0.1491645937523702,4.212833869034939,23.677844668884195
6376.328,0.14672012921130612,4.212941445760657,23.67415129777576
6379.25,0.14610437143101485,4.212575348254419,23.674254046971562
6382.188,0.14648126488758553,4.212803751895454,23.673134320959008
6385.141,0.14848888323738993,4.2129836008349,23.673932502451944
6388.094,0.14715637826012354,4.2127854587738645,23.676581835027193
6391.078,0.1447701718970737,4.213117098477341,23.666827874000308
6394.141,0.1478455120668714,4.212864174722665,23.664693687668404
6397.125,0.14803967533049328,4.212998555410241,23.657166346535256
6400.078,0.14979536447690475,4.213086903141993,23.667263397449975
6403.094,0.14838224771550176,4.212945667990963,23.660465606467792
6406.0,0.14681717043138684,4.213258389848705,23.6589706257074
6408.907,0.14847854248856385,4.213162450810866,23.647513823945083
6411.813,0.15009085868966143,4.213131702052521,23.658006398169235
6414.719,0.14605033443955484,4.213189840568521,23.659301968619925
6417.625,0.14507841547611278,4.213041560264501,23.64831964979096
6420.532,0.14744979020719662,4.21357038656291,23.642224437077697
6423.438,0.12504752085213316,4.211552147696128,23.644594962179315
6426.344,0.12294448633627558,4.211208988152601,23.65021112060835
6429.25,0.12286595935082142,4.211437066478599,23.65195481006768
6432.157,0.12747257703717446,4.211135569184508,23.652332144573933
6435.063,0.12753027123644523,4.211267649247323,23.650505459290777
6437.969,0.12495473662876344,4.211168359358231,23.64777622934382
6440.875,0.12399627047990347,4.211330730432774,23.642292451085076
6443.782,0.12472774902945682,4.211069385702554,23.64253259837878
6446.688,0.1259625668762433,4.2111935656933355,23.640391331419433
6449.594,0.12541441418258475,4.211212817847523,23.63573242904226
6452.5,0.12318228325206625,4.211239331560589,23.63271855592576
6455.407,0.12692975729863198,4.211269574475349,23.63292460837234
6458.313,0.12302192084000199,4.211384997637988,23.63592716800222
6461.219,0.12645174663004582,4.21129047161742,23.639271475120207
6464.11,0.12395099633044485,4.211331705665227,23.64719204444615
6467.047,0.1264825091745507,4.211033560627918,23.64126865131893
6469.953,0.12587847140147185,4.211187105771533,23.633218603909377
6472.86,0.12787324535481218,4.210945705979846,23.64633131307967
6475.766,0.12694350075464864,4.211158233757535,23.63488735743463
6478.672,0.12538813207376623,4.211103579870309,23.635604366038574
6481.578,0.12466571149721974,4.211150205763585,23.64156218429507
6484.485,0.1267732181490316,4.211293891647478,23.632279449976895
6487.391,0.1261162492484126,4.2111161689088945,23.64206209876144
6490.297,0.12478433509610541,4.211028482844018,23.62814443939687
6493.203,0.12592313060088356,4.2111440044523905,23.61861962010763
6496.11,0.12405778036297317,4.2111980134185005,23.612332823064357
6499.047,0.1251926950846094,4.211459181615782,23.620394564711358
6501.953,0.12427902555699166,4.211042441304502,23.62456627008494
6504.86,0.12772154351636147,4.211206438157288,23.61162487083111
6507.782,0.12448051849151245,4.211332187660362,23.621194283652926
6510.703,0.1261181186831254,4.21123429317978,23.627140796041505
6513.61,0.12370600920105446,4.211212121019702,23.62595522898742
6516.516,0.12460428906409082,4.211507290962619,23.619728671536876
6519.422,0.12445068458191205,4.2113221649487595,23.614516119402843
6522.328,0.12642464578179166,4.211484642591229,23.618589256803514
6525.25,0.12211800402684418,4.2114092776194,23.614230582297253
6528.157,0.12653161111160569,4.211440981974691,23.60496368825493
6531.063,0.1271957796160369,4.211554205103502,23.594277454701054
6533.969,0.1274399068206087,4.211370492432631,23.603103480736312
6536.875,0.12500670473024655,4.2115128819370105,23.604437845044554
6539.813,0.1232956345355367,4.21148725813619,23.60416421811876
6542.719,0.12508506422829305,4.211407723287147,23.598307245906646
6545.641,0.1268565498194692,4.211332098984999,23.604821780137943
6548.547,0.12310326696284314,4.211388247887096,23.615697786601025
6551.453,0.12260075589390906,4.211346385468548,23.601481590551806
6554.36,0.12434777961969203,4.211632220706917,23.607537440418835
6557.266,0.12512729299071212,4.211537539758276,23.612962412794502
6560.188,0.12198545011328106,4.211533819514751,23.59426770255326
6563.094,0.12514223075300007,4.211575755992539,23.60389866807041
6566.0,0.12577005817374373,4.211499375272048,23.602885108599732
6568.907,0.12353832049747498,4.2116282615973475,23.591205740554514
6571.813,0.1260719862531591,4.211555081837471,23.59789262917187
6574.735,0.1220597789111597,4.211699270122513,23.594606748970815
6577.641,0.12122940380848236,4.2116029795847405,23.595472142809164
6580.547,0.12610660311111815,4.2118282448393245,23.593259751696742
6583.453,0.12432329529384276,4.211834800125331,23.5944559844055
6586.375,0.12466635921195207,4.211724988278712,23.603316418038812
6589.282,0.12608355685546782,4.211860909096976,23.590403650465
6592.188,0.12617557115784944,4.211444924425694,23.592876086815696
6595.094,0.12610851105531312,4.2118557145211195,23.600325849710636
6598.0,0.12241291691904982,4.211664504684382,23.596062571664834
6600.907,0.12247346221644671,4.211793899871283,23.59644448963625
6603.828,0.1236958754240892,4.211874074030491,23.594864425776034
6606.75,0.12325902966186808,4.211900674568304,23.59722936036837
6609.657,0.12164970616975437,4.211605535220002,23.588767273650003
6612.563,0.12295393053045403,4.211851472082644,23.586068723971465
6615.469,0.1266670365249236,4.211890565408659,23.592627420299195
6618.375,0.1241981367246437,4.211986418519639,23.589728235960262
6621.282,0.12418972257018203,4.211884307471809,23.5870954276133
6624.203,0.1252056758844989,4.2120159260735575,23.576916012237497
6627.11,0.1205968693579728,4.212049271640685,23.57198411102387
6630.016,0.12186277144599139,4.212060936526508,23.5602131967222
6632.922,0.12394182238554231,4.21209585979635,23.565284503376404
6635.828,0.12407568465996166,4.212288799050604,23.566540852744602
6638.75,0.12439739876200571,4.211873378437055,23.570384413849094
6641.657,0.12159963070864206,4.211963632879895,23.576228716283154
6644.563,0.12032312653134083,4.212020203072212,23.581301835151287
6647.469,0.12396716200280636,4.212226370838694,23.579098121577708
6650.375,0.12503226207217766,4.212318562797615,23.572079989354034
6653.297,0.12154740750017781,4.212162893532448,23.56742380235791
6656.203,0.12287716439234575,4.2121488875320034,23.574653568792137
6659.11,0.12387969469214327,4.212426378364821,23.573998287377748
6662.016,0.12134660321230485,4.2125520419702145,23.579048806193622
6664.922,0.11968592777459298,4.212448036260348,23.576442071279214
6667.844,0.12371437979458795,4.212341900385737,23.5732667460869
6670.75,0.12242667945016061,4.212464514527569,23.577319599690824
6673.657,0.1237917046731264,4.212127868744329,23.569400391975925
6676.578,0.12432001826019005,4.212203155780053,23.57118534199327
6679.485,0.12154858265965078,4.212397784178716,23.564538940997263
6682.391,0.12245791786492546,4.21234566386014,23.56643886094275
6685.297,0.12122511132082997,4.212759819774393,23.556713828315335
6688.203,0.11911541458089238,4.212482309835492,23.560850179933876
6691.11,0.12314549877664535,4.2125115366768675,23.558998573833698
6694.016,0.12377845542736551,4.212577748972634,23.558251250375676
6696.938,0.12284782285729748,4.212432990673579,23.55755931682894
6699.844,0.11923838377464123,4.212529205170064,23.555741540679083
6702.75,0.12246589439603464,4.212965917912151,23.547818071693516
6705.657,0.12188537339179169,4.212802380919646,23.549536999819622
6708.578,0.1228291973493206,4.212543735737855,23.55184573958625
6711.485,0.12041094764482833,4.212724813980285,23.547032296312143
6714.391,0.12085468424146362,4.212911298954312,23.545175971396777
6717.297,0.12165407009186016,4.212794294267572,23.551172257027577
6720.203,0.11935114642870179,4.212748606891741,23.554925823619044
6723.125,0.12098737481028765,4.212570307885419,23.549431492958373
6726.032,0.12153934677864822,4.212914467955041,23.550146923277023
6728.938,0.1229863624464924,4.212856703549769,23.53254917365262
6731.844,0.12281100178646594,4.2128812769581225,23.544037747074448
6734.766,0.12380662491725784,4.21291287472191,23.542439630591968
6737.672,0.12031768049848131,4.212747385500989,23.537508781218907
6740.578,0.12227953228228994,4.212996898483447,23.533869743398583
6743.485,0.12428462814498284,4.2131635029192385,23.5404324725778
6746.391,0.1227229808383703,4.2130960558126995,23.54606892780131
6749.313,0.11903682182595872,4.2130454218282924,23.545579373122717
6752.219,0.1254553983296481,4.213238767372496,23.537889504558713
6755.125,0.11982425117279522,4.213155747645946,23.534287888172784
6758.032,0.12198962753569713,4.213059290183178,23.531680750354923
6760.938,0.12239436311266412,4.213236313744593,23.532095795410083
6763.86,0.12278355569646589,4.21328125875491,23.534935924635654
6766.766,0.1216868529793642,4.2129816974638326,23.5296923617487
6769.672,0.11979193212897929,4.213364333987162,23.5298132679225
6772.578,0.12331444835306263,4.213097547886707,23.527144224450765
6775.5,0.12073563476836499,4.213303811134369,23.53050716609095
6778.407,0.12163838489345623,4.213224613419176,23.530268146082264
6781.313,0.12070555243374793,4.213043309259069,23.527254415208738
6784.219,0.12003612288776874,4.213146278670012,23.531086940250407
6787.125,0.12253636367463264,4.2133784595147485,23.527885565479714
6790.047,0.11871605378907019,4.213187861344105,23.521813646147265
6792.953,0.12185384842982519,4.213415737664318,23.51728098145624
6795.86,0.12056850267292055,4.2134188896533376,23.516781934797205
6798.797,0.12171436697073655,4.213461203294483,23.516233124892832
6801.735,0.12260445091963133,4.213289199741336,23.515888338960757
6804.641,0.11901953923374203,4.213504406177679,23.50311769912525
6807.578,0.1179500833738427,4.213458741641623,23.49809068542081
6810.485,0.12076711295060898,4.213626536518282,23.505804690495903
6813.391,0.09771831597515632,4.211575315758673,23.51363366925917
6816.297,0.09650983392214796,4.211336626130641,23.51333527473789
6819.203,0.09873675799703148,4.211493691688248,23.51200421257748
6822.11,0.09667118659064343,4.21132039537353,23.512332705251247
6825.032,0.09708479005631154,4.211225846263812,23.510204719624294
6827.938,0.09698673611682126,4.211288402902525,23.504132500486175
6830.844,0.09779262865023876,4.211187634509249,23.505670315223895
6833.75,0.09707022193290915,4.211229493013698,23.50220555346847
6836.657,0.09859184682144467,4.211093826642025,23.501080699671718
6839.594,0.09959151999563479,4.21130331914149,23.508401276016677
6842.516,0.0972201898904049,4.211338147344989,23.504374566400056
6845.422,0.09717983509390811,4.211462684077819,23.499136120390528
6848.328,0.10101393396496834,4.211119279509197,23.50682709161914
6851.235,0.09719271290283804,4.211208726113778,23.503192860889786
6854.141,0.09496839615247867,4.211408779197817,23.506378291154345
6857.063,0.0982891189848768,4.211561114072438,23.501967686963013
6859.969,0.09908740824535141,4.211184099143344,23.49853229463852
6862.875,0.0960243714921807,4.211429193827431,23.49188004742406
6865.782,0.09986262244592206,4.211038339672539,23.48452786478558
6868.688,0.09954455301888353,4.211296673128427,23.477842248687043
6871.594,0.09406935075195699,4.211349545429444,23.481790858743324
6874.516,0.09303306911259851,4.21118341097818,23.484559028363535
6877.438,0.10049739507366409,4.211196538247159,23.48159182988266
6880.344,0.09703293159949511,4.211135349714688,23.485098087364083
6883.25,0.09720356526536462,4.21110843441745,23.4894838305511
6886.157,0.0979464395327815,4.211217214892799,23.493925488573083
6889.063,0.09668833615333591,4.2111492882675865,23.48835513449804
6891.985,0.10001562280785437,4.2112748858691855,23.488829225274536
6894.891,0.10063828315576143,4.21142343105994,23.486899032876476
6897.797,0.09662658916711003,4.2110307755544545,23.488510720276775
6900.703,0.09783574618186902,4.211087282271581,23.48528562891052
6903.61,0.09749519369619708,4.210938442831659,23.48613780867323
6906.516,0.09707350794888293,4.2112286151611364,23.486891131643105
6909.438,0.09696511099270573,4.21144114161673,23.49824440075445
6912.344,0.09892450767298885,4.211260920631227,23.49100128990237
6915.25,0.09853991616614136,4.211322470588846,23.484927272427846
6918.157,0.09852208043185104,4.2111286940202906,23.49075490158383
6921.078,0.09949525799971082,4.211246969857936,23.49450627980947
6923.985,0.09642558151225228,4.211345642651361,23.493015965814877
6926.891,0.09582083497871957,4.211272772638428,23.491792098970436
6929.797,0.09634254685030869,4.211329921885959,23.485701765523775
6932.719,0.09753864245225906,4.211296002721437,23.487119137602857
6935.625,0.09858264468092512,4.211340203062264,23.484341618660775
6938.547,0.09582222547050277,4.211343271164485,23.485494488639286
6941.453,0.0982215421193844,4.211505734325182,23.489101680702806
6944.36,0.09438750376950225,4.211479364845968,23.488311666747123
6947.282,0.09531482163074503,4.211255719987779,23.483102987804408
6950.203,0.09749963068698066,4.21132453880886,23.484506882330884
6953.11,0.09671356353650919,4.21169318686626,23.487004114140472
6956.016,0.09898830091944781,4.211499848427825,23.47974800813958
6958.922,0.09947014381633812,4.211522790619835,23.482905349424307
6961.828,0.09645300851297813,4.211383794838687,23.483834181445918
6964.75,0.09673769491149876,4.21146288423315,23.470081845217063
6967.657,0.10007799048874234,4.2115524006650915,23.483234172356692
6970.563,0.09931205116516181,4.211684585177631,23.473072509669738
6973.469,0.09659535879642407,4.211261979127652,23.471969046737417
6976.391,0.09563039931360973,4.211311270023458,23.46272139254319
6979.297,0.09567000818500296,4.211608725498903,23.472043662621132
6982.203,0.09804656958589618,4.211509233046491,23.46447439848723
6985.11,0.09703895697708587,4.21162742773441,23.461013775356836
6988.016,0.0964314896427309,4.211696454716952,23.466442104478368
6990.938,0.09816261825881319,4.211793087255835,23.468081699662125
6993.844,0.09646846807305746,4.2118293010111785,23.46292729105589
6996.75,0.09848350217434935,4.2117307724745405,23.465981661091003
6999.657,0.09542743190643933,4.211655806791691,23.458771251776035
7002.578,0.09470419644521058,4.2117769627309345,23.460196779074565
7005.485,0.0974170881596714,4.211828178883342,23.46206016894495
7008.407,0.09470984697510097,4.211788088769393,23.455388504991298
7011.328,0.09569380337894479,4.211711027990374,23.46392261133886
7014.235,0.09454816872789067,4.211699036053908,23.461385936100378
7017.141,0.09651670829127255,4.211739994799956,23.46092985038063
7020.047,0.09706125898284872,4.21169677447699,23.458763494762877
7022.953,0.1011982260033315,4.211708393942197,23.45886431650978
7025.86,0.09568080648616223,4.211756977265626,23.457962979289604
7028.782,0.09679158507908868,4.211703466244978,23.453345295102462
7031.688,0.09499795604238369,4.211822005097633,23.463327115969236
7034.594,0.09691321208549095,4.211824354856252,23.461041041021154
7037.5,0.09709385702960248,4.2117160108130856,23.460711640402213
7040.407,0.09740429320597177,4.2121205417414975,23.46536729842909
7043.328,0.09768535800762848,4.211794906181426,23.454728228262727
7046.235,0.09762425405537105,4.211803088728194,23.449375929471483
7049.172,0.09389969624298085,4.211848223049819,23.45443504650775
7052.078,0.09546297012967211,4.211918642239991,23.446818947712096
7054.985,0.09611965855900143,4.211803303137448,23.442694636502914
7057.891,0.09535207426330117,4.211966941547014,23.443916810466266
7060.797,0.09434024188288302,4.212149980975533,23.44078857601397
7063.703,0.09513414184390574,4.21185924832737,23.44499147522145
7066.61,0.0934433179981257,4.212120922180428,23.455557477138868
7069.516,0.09450467134826945,4.211864847526249,23.452249214246898
7072.422,0.09337737401011392,4.212391858368081,23.459027529325525
7075.328,0.09310796770706442,4.212002690706256,23.462835206904472
7078.235,0.09359139302890901,4.211723086716689,23.457767404186882
7081.172,0.09529663678761562,4.211920597038651,23.456199935730407
7084.078,0.09616643153457463,4.212040438438346,23.457124317697915
7086.985,0.09822858573489818,4.2120238985288605,23.452369411142726
7089.891,0.09478364750982675,4.212280595215456,23.45299817495112
7092.813,0.09598124011180897,4.212412951695132,23.45338627045926
7095.719,0.09558670014590516,4.212315102606728,23.44844304088377
7098.625,0.09631859350349217,4.21202270311781,23.451410386978615
7101.532,0.09256090315213424,4.212009396117364,23.45088054639347
7104.438,0.0953126163191681,4.212296114931869,23.44682171271374
7107.344,0.09252475990071175,4.212270422709928,23.442537433059556
7110.25,0.09558361517075564,4.212445091868508,23.448584177199994
7113.157,0.09395059027970618,4.2125157533187325,23.436119460656247
7116.063,0.0936810154419119,4.21229549916651,23.43721950458644
7118.969,0.09728016993507162,4.212392436266645,23.438493179287732
7121.875,0.09718441976054892,4.2122676782957305,23.438495892655503
7124.782,0.095728042130292,4.212499302607264,23.43221947159955
7127.688,0.09722140851133547,4.21243311088294,23.4297508839535
7130.594,0.09502081547675936,4.212144432590638,23.423900837184615
7133.5,0.09850432283842024,4.212326177910017,23.4333369823279
7136.407,0.09299464696442189,4.212436773741234,23.44278633698731
7139.313,0.09747372287433886,4.212301764001934,23.43911206705534
7142.219,0.09332690095158713,4.212783723952465,23.430713240883744
7145.125,0.09533483617865694,4.212588541877467,23.423042416245963
7148.047,0.09485932719809248,4.2124115440546275,23.41502468821023
7150.953,0.09538876859747865,4.212253937820061,23.42210728702972
7153.86,0.09518202519157447,4.212876985811216,23.42888014689967
7156.766,0.0933917819105541,4.21238748790489,23.438200182599893
7159.672,0.09617774807930853,4.21270972969089,23.427380786616943
7162.578,0.09700979941505487,4.212659747791235,23.4270607594978
7165.485,0.09408647753337668,4.212481281626908,23.426016377978343
7168.391,0.09710653384156709,4.212756181029385,23.42123974574216
7171.297,0.09270948006585553,4.212610881120996,23.4241242143586
7174.203,0.09785645437097949,4.212393295376549,23.426379001947108
7177.11,0.0939082310553674,4.2127512194059324,23.427982047055536
7180.032,0.09372736490788022,4.212754597428239,23.43798222366811
7182.938,0.09485301758420232,4.212501027700551,23.43067173498639
7185.844,0.09301704729607506,4.212907590622575,23.425233121881373
7188.766,0.09330062895585561,4.212846537353356,23.416115781720947
7191.672,0.09349562572455956,4.212782581853304,23.421917530396836
7194.578,0.09382050421063308,4.212945529143263,23.42451490626424
7197.485,0.09115629168801047,4.2129840552559426,23.432553200958242
7200.391,0.09265676409963035,4.212528528328483,23.42626597679514
7203.297,0.09206708976858931,4.212880408979178,23.421784097515012
7206.203,0.09217200704956717,4.212921690601332,23.413049015788147
7209.11,0.09527558458658376,4.212790175123375,23.41984980350111
7212.016,0.09600847418913801,4.212898339565391,23.41785876854548
7214.938,0.09399907730262605,4.21306573572777,23.422159944847852
7217.844,0.09117695877650593,4.212880217460325,23.420373865629923
7220.75,0.09100157374895483,4.213020321086124,23.423523496475383
7223.657,0.09408867946037816,4.213043297668347,23.4171311574062
7226.563,0.09237171467926032,4.212982750782389,23.419375934092226
7229.485,0.09355535994973942,4.212914600629405,23.420208873866162
7232.391,0.09456028317877617,4.213094673743147,23.421481419750695
7235.297,0.09310217101067357,4.213045782991831,23.422255618650695
7238.203,0.09313527527058192,4.213116128802571,23.421368441265205
7241.11,0.09395073024442155,4.213284773977721,23.41867328757178
7244.016,0.09179904448278273,4.213156750505057,23.417423444803212
7246.922,0.09236745112762154,4.213090203606015,23.413672330764275
7249.828,0.09092397878104144,4.213176866669926,23.413721647899763
7252.735,0.09329631300177144,4.213206987955709,23.411980696817736
7255.641,0.0910058194367572,4.213185407536624,23.411001753489085
7258.547,0.09455796966196599,4.2131965802871525,23.406566684219392
7261.469,0.09339517139010066,4.213291180680862,23.406636215694395
7264.375,0.0923063643533173,4.213226077795495,23.412970931167365
7267.282,0.09231060348542224,4.213210119164349,23.413880420553728
7270.188,0.0921458518988697,4.213244218832207,23.412681554215045
7273.094,0.0904938064202833,4.213389311079477,23.40867459389329
7276.016,0.0916835188367964,4.213307623074253,23.405655532173785
7278.922,0.0943450821720448,4.213040151948242,23.40614083842639
7281.828,0.09145964993947038,4.213535732548351,23.407568778837334
7284.735,0.09281007670690279,4.213208343380111,23.40835897447609
7287.641,0.09219777298147887,4.213667717743908,23.40695868696854
7290.547,0.09438152734831554,4.213342326059252,23.408058380862222
7293.453,0.0928459201026598,4.213447258135136,23.405752768024424
7296.36,0.09350434025363588,4.213501215725829,23.405089482699818
7299.266,0.08844280578065328,4.213605094102939,23.401458416525365
7302.172,0.09304785386614876,4.213491224037891,23.399709518610226
7305.078,0.09265754734985471,4.213813962344462,23.398089661858855
7308.0,0.0921519495242075,4.21372982644253,23.38830820581646
7310.907,0.0946687668112603,4.213555765265877,23.38995207978012
7313.813,0.08728556406116766,4.213480148520292,23.393435299439744
7316.719,0.09026469247440178,4.213834481136174,23.397011530832497
7319.625,0.09306827264930166,4.213552019563878,23.39547743158607
7322.532,0.09057643115257681,4.2133099830175125,23.38501615405776
7325.438,0.09549843503101621,4.214214307716478,23.388871943328876
7328.344,0.09324407053350961,4.2139259636520405,23.374965992034138
7331.25,0.09134766787748026,4.213666201311036,23.37754886671259
7334.157,0.09181384692387207,4.213646483947991,23.385632885401566
7337.063,0.08817731965857026,4.2139004996277825,23.38080680281958
7339.985,0.08963210436267961,4.21375479464409,23.380212254204242
7342.891,0.09132955096884646,4.21391254238738,23.385453659675328
7345.797,0.09078142595015466,4.2136708490896595,23.382028788752795
7348.719,0.09227185205291377,4.213874398888911,23.390055513942073
7351.625,0.09364982600790521,4.213848066221579,23.38891784306791
7354.547,0.09092837738206877,4.213718959369692,23.38772364743288
7357.453,0.09073497128660382,4.213893465430641,23.379609050708186
7360.36,0.09240028608340611,4.21405307794351,23.385279987851742
7363.266,0.09414290090519603,4.2139712722034215,23.382660677252016
7366.172,0.09137910274098464,4.214051575776371,23.376550577842576
7369.078,0.08867848170874532,4.214010883520578,23.377542910144218
7371.985,0.08958850272999529,4.214011447867766,23.37827637622677
7374.891,0.09182283252192568,4.213853149109041,23.382293366381884
7377.797,0.0943748766188639,4.213910128813745,23.390598441773648
7380.735,0.09250922337948922,4.214237396143725,23.38954854277046
7383.641,0.09343056121978788,4.214136125338814,23.3763286949443
7386.547,0.09155899532410136,4.213992635153462,23.37951137783631
7389.453,0.08908480988280973,4.214092416194869,23.377753461506344
7392.36,0.08879620920329101,4.2143706910436896,23.384243774519998
7395.266,0.0899125227770535,4.214244354573236,23.379004795212307
7398.172,0.09179137199774728,4.214197770006179,23.37787854480972
7401.078,0.09245467232112212,4.214236604137207,23.38399525396678
7404.0,0.08872099379876984,4.214468834927574,23.375612077113466
7406.907,0.09152019394008756,4.214346583175026,23.375525287539674
7409.813,0.09025897566752045,4.214299212185985,23.36791345339407
7412.719,0.08932519992157312,4.214323168958995,23.375200269255714
7415.641,0.08937838566774964,4.214209529220277,23.377953619458363
7418.547,0.09167229711676213,4.214159619376139,23.379120542659013
7421.453,0.09212547537283017,4.214182606620419,23.369961975779994
7424.36,0.09219087983315241,4.2143164259641726,23.36682752753477
7427.266,0.09053638698697636,4.214518220426252,23.37413480671197
7430.172,0.08989514193454479,4.214492180495985,23.37532343932799
7433.094,0.09090452509465002,4.214455312387733,23.369977197597542
7436.0,0.0884162410524066,4.214393255280523,23.359069040720875
7438.907,0.09091082334867383,4.214402328892922,23.355424680666903
7441.813,0.09066772487271285,4.214564769811239,23.35624922838823
7444.719,0.06637263421027688,4.212521223385797,23.364348385598767
7447.641,0.07152266063113658,4.212482896201774,23.371495360482015
7450.547,0.06704740459778617,4.212361332244077,23.360936768532802
7453.469,0.06609962629400506,4.212698357816204,23.370841749591126
7456.375,0.06764011587768688,4.212356152947652,23.376044837945216
7459.282,0.06670755274123746,4.212291632926934,23.369021078395434
7462.188,0.06625997253719512,4.212405049643652,23.37521490188122
7465.094,0.06755594542093124,4.212159444439136,23.371306128126758
7468.0,0.06666973633714868,4.21234565134844,23.36129088730928
7470.922,0.06882076365112874,4.212239726565698,23.377326047341256
7473.828,0.06657817888777108,4.212513089039106,23.380618412900766
7476.735,0.07006311815579268,4.212154133119698,23.367829250187956
7479.657,0.06744761041382218,4.212398867037617,23.37112770720959
7482.563,0.06898998705780018,4.212405240699665,23.37331805125686
7485.469,0.07032542917461461,4.212180517941154,23.369453568709975
7488.391,0.06785719484127868,4.212144486845402,23.364004384143776
7491.297,0.06783553479758912,4.2122209644961215,23.363739631800918
7494.203,0.06823644186052302,4.212231986476659,23.361756351362057
7497.11,0.06775440055185807,4.212277864594183,23.364544603897205
7500.016,0.07049315563973646,4.212269422165251,23.36403810120354
7502.938,0.06850198031380976,4.212489044324502,23.35811318429396
7505.844,0.06765530570823429,4.212161020474787,23.36407369142296
7508.75,0.07027316979854316,4.212503549812438,23.367909994657683
7511.672,0.06692839401178273,4.212136315373007,23.357453060501573
7514.578,0.06584545235744564,4.211909319662944,23.359689340067327
7517.485,0.06774564095111672,4.212125642627352,23.367320790198814
7520.391,0.06851403984270818,4.21224237761756,23.371863935711907
7523.297,0.06963943289324602,4.212311393883178,23.367256137124222
7526.203,0.06944917711871028,4.212503224484268,23.364552545242894
7529.11,0.07048521873251534,4.212326781013718,23.369259538686403
7532.016,0.06984090894303484,4.212412415552061,23.364899041108824
7534.922,0.07113580546856549,4.212082241607756,23.362543126636332
7537.828,0.06850130060358126,4.211899980859758,23.373642387495725
7540.735,0.06898839145559264,4.212334038011464,23.365954950339823
7543.657,0.0683768147494879,4.212449470194944,23.373102975853747
7546.563,0.06739818043435074,4.212201470501862,23.370439342972574
7549.469,0.07074024453624396,4.2125326169533945,23.365782750615896
7552.375,0.07088590236001459,4.2125222180817605,23.363707658824907
7555.282,0.06751809461217337,4.212321779669289,23.358845986496675
7558.203,0.0683690055913459,4.21228983161539,23.35398510957761
7561.11,0.06989600471271253,4.2121797064309465,23.349424146069254
7564.016,0.06644407061140296,4.212329102088557,23.348567563573855
7566.922,0.0673274731205156,4.212241914720989,23.34520616195419
7569.828,0.06729208842781487,4.212086603301151,23.34558662172784
7572.735,0.06765461954513817,4.212420257334745,23.343828137443264
7575.657,0.06816304098205342,4.212215386748178,23.345281572139108
7578.563,0.06824186350025525,4.2123871164703175,23.347100870314073
7581.469,0.06900603532013168,4.212565398178649,23.339517227705628
7584.375,0.069789039908886,4.2123905180406265,23.338187220243274
7587.282,0.06819770699769576,4.212402281298016,23.341492871770583
7590.188,0.06906057128046461,4.21246234837881,23.343932461561025
7593.094,0.06857013701416995,4.212435434030912,23.338849038215237
7596.016,0.07091675754313043,4.212605446667394,23.33521656973753
7598.922,0.06708911982068566,4.212298075472521,23.33527014087891
7601.828,0.06667154799653945,4.212578173376189,23.34245199987604
7604.766,0.06704712914305347,4.212319168118472,23.344689838003944
7607.672,0.06860884732385268,4.212580167809865,23.336694256727302
7610.578,0.06687511577781262,4.212656077952807,23.328424989216476
7613.485,0.06521440181504429,4.21249697675771,23.3349886426171
7616.391,0.06886947509352899,4.212614691644879,23.33307456011769
7619.297,0.06797957384869577,4.212676896244652,23.337684227549303
7622.203,0.06854348517670816,4.212295113267071,23.338576294083353
7625.11,0.07148681458756631,4.212304996106823,23.33175408540279
7628.016,0.06736834229924213,4.212426628116343,23.326346430260745
7630.922,0.0679213142135924,4.212443282838209,23.330041451499348
7633.828,0.06815152189468747,4.212414122760266,23.327393625751167
7636.766,0.06665650593355389,4.212458205946945,23.335647092326806
7639.672,0.06634274535234885,4.21258643251168,23.331371818368407
7642.563,0.06744710313278787,4.212611529350266,23.328154295409867
7645.469,0.07070999550372684,4.212335999328313,23.335213746535327
7648.375,0.06943066573263454,4.21271478781375,23.337640084899547
7651.282,0.07141568780104496,4.212486067744617,23.335652576849395
7654.188,0.0671976850663467,4.212500998177964,23.335105290720097
7657.094,0.06780730076009958,4.2125368855137815,23.333641882974124
7660.0,0.06668684641345096,4.212470176008753,23.33327683766684
7662.907,0.06679174764283002,4.2126149155682935,23.339774917345718
7665.813,0.06466703098929492,4.212624900799604,23.340428323213917
7668.719,0.06597502624516657,4.21247807420723,23.3265882424158
7671.625,0.06770118665996015,4.2125242167999755,23.330556413127077
7674.532,0.06834280416594113,4.212523306834773,23.33035703752917
7677.438,0.06666613752290107,4.212424398594028,23.335719013453883
7680.344,0.06766388549050914,4.212715512414478,23.339475944603738
7683.25,0.06871508972413264,4.212738352395905,23.340599953699222
7686.157,0.06799201213144178,4.212704764448856,23.33911323543947
7689.063,0.06697031873330858,4.212991583923338,23.32817247931606
7691.969,0.0684902740314742,4.212789644206356,23.329099418470186
7694.875,0.0674764615394805,4.212766649485274,23.324544411674808
7697.782,0.06776478325541777,4.212649129823657,23.332687449866533
7700.688,0.0692300158098235,4.212457624627418,23.327373409442405
7703.594,0.06760010127547562,4.2128175082684765,23.328632109905122
7706.5,0.06640665114509285,4.213195968537195,23.325526635831224
7709.438,0.06883261197404364,4.21264556766607,23.329619299990522
7712.407,0.0660863518938333,4.212819644294081,23.321752294692555
7715.375,0.07010427672117628,4.212576075693964,23.332077344030623
7718.344,0.06919012901969263,4.212772053690212,23.33470608277821
7721.266,0.0677355388949115,4.212631779804303,23.340687184373607
7724.203,0.0690727559757088,4.212664887082377,23.340747896243464
7727.11,0.06910001848691344,4.212900894816899,23.341681441212916
7730.016,0.06736464156527865,4.212805736355763,23.336553109640505
7732.922,0.0691186777905264,4.21274251101139,23.33865781561252
7735.844,0.06965121358539929,4.21322263458134,23.33393814060209
7738.75,0.06699574466627281,4.21294136161788,23.32892115889604
7741.657,0.06513574611189335,4.212905358786396,23.335642639187636
7744.563,0.06874351959789539,4.212801967326363,23.33725718462416
7747.469,0.06794508805515725,4.21285467472524,23.3342860905987
7750.375,0.06735295019105081,4.213045498168306,23.333956846606984
7753.282,0.06764762177225529,4.212890154689197,23.332442404685374
7756.188,0.0669289960533312,4.212878193656735,23.335149969310898
7759.094,0.0664922147944873,4.212977637972162,23.32922356897932
7762.0,0.06627648956634959,4.212924250589307,23.321257336034922
7764.907,0.06925012156710267,4.213211941493686,23.326954167839368
7767.828,0.0695811133928394,4.213195706824664,23.330123416553977
7770.735,0.06542790898807697,4.212703809726917,23.32753370150382
7773.641,0.06781863236445293,4.213021505757912,23.321709441422225
7776.547,0.0656028633027768,4.2133858869718335,23.320255001075278
7779.453,0.06831801470364769,4.212790013747439,23.316717009719927
7782.36,0.06953407942256713,4.2132532384022285,23.32423860476925
7785.266,0.06931525674829682,4.213191348754793,23.306398751493425
7788.172,0.06723571738973412,4.213078839574874,23.30648982248473
7791.078,0.06702941333467874,4.212834174197155,23.307771985036332
7793.985,0.06548632810130744,4.213061916706664,23.312860041188134
7796.891,0.06654589743708748,4.213164860496781,23.31302888624731
7799.813,0.06889771795410446,4.213048842068463,23.31508200205223
7802.719,0.06975520999449834,4.213164252295438,23.31394855445664
7805.625,0.06733336884090643,4.212926784055585,23.30976706736933
7808.532,0.06470138188593942,4.2130067866150975,23.31682841857386
7811.438,0.0672715031295798,4.213364677516831,23.308020222104954
7814.344,0.0667907444307027,4.213001001086035,23.308585689831173
7817.25,0.0698164766521952,4.213290361829594,23.312307499321644
7820.157,0.07035368985517641,4.213086482819142,23.305352379062366
7823.063,0.06833692990223002,4.2135918562938,23.30935657930959
7825.969,0.06625701616950383,4.213452905967711,23.311244048170984
7828.875,0.06481687430889863,4.213117331716631,23.31411243661189
7831.797,0.06504913919254142,4.213219689045805,23.309410835631233
7834.703,0.0665165522121878,4.213442542995702,23.317450055795256
7837.61,0.06376168534248064,4.213313884050127,23.31131441719401
7840.516,0.06384675302500731,4.21319039536125,23.306986333685085
7843.422,0.06494443562855894,4.213218957251726,23.31189395497419
7846.328,0.06885218001121608,4.213275937353641,23.315689632678374
7849.235,0.06692513192367058,4.213249083811165,23.317807059059575
7852.141,0.06511819188929541,4.2130977157919425,23.320534325479265
7855.047,0.06676330665920734,4.213436317865216,23.321388738122522
7857.953,0.06648127947617001,4.2136827709305535,23.3140314766665
7860.86,0.06802162701475452,4.213372701326313,23.2986650805476
7863.782,0.06559543923522355,4.213290442273663,23.29489658648697
7866.688,0.06696533818782566,4.213368196439429,23.29720531859578
7869.594,0.06698383446876595,4.213456001812699,23.29619891948221
7872.5,0.0662073242389867,4.213365270289911,23.301619364178656
7875.407,0.06746691231055876,4.213540050324316,23.29977060328993
7878.313,0.06270322777194656,4.213490231302929,23.294897087343493
7881.219,0.0652283185922675,4.213417001099,23.298406551051443
7884.125,0.07001449973641206,4.213352222248251,23.297356009652102
7887.032,0.06547249931225278,4.213418738645868,23.307923745471708
7889.938,0.06457852070362598,4.213784009615692,23.301483138930276
7892.844,0.06612878153364536,4.213591525581208,23.302588803565705
7895.766,0.06763911963206638,4.213546966845183,23.303846733714803
7898.672,0.06637282243586794,4.213796297433818,23.30622296469216
7901.563,0.0683250197445111,4.213300769918505,23.30768430471936
7904.469,0.06581962689479733,4.213641840823379,23.305400753893863
7907.375,0.06543965561715018,4.2138289170229495,23.308585000306763
7910.282,0.06607656153058235,4.213559305627166,23.31109481828404
7913.188,0.06564870027222744,4.213595296417787,23.30681693759223
7916.094,0.06396665477264267,4.213790385150359,23.301812903243018
7919.0,0.06627558338402531,4.213556095978006,23.2935530059117
7921.907,0.06434205071291409,4.21377833786926,23.292472838643633
7924.813,0.06553378026382743,4.213606457992475,23.299385438693353
7927.735,0.06305166498809135,4.213657255121093,23.301921290931308
7930.641,0.06620602486167596,4.213589708264167,23.308577891269955
7933.547,0.06408703939396293,4.213772295283036,23.312670372979156
7936.453,0.06552757152920774,4.21375114296454,23.301387476047626
7939.36,0.0656076671890422,4.213534442047328,23.30049060787184
7942.25,0.06694965166726989,4.213699986156841,23.299469986695925
7945.157,0.06765251153004284,4.213867055492052,23.303891386568406
7948.063,0.06661609519566244,4.213721567145904,23.302316049031504
7950.969,0.06361540414756048,4.213551323203513,23.31304655816262
7953.875,0.06658732269039008,4.214069621021044,23.306637483161033
7956.782,0.06554383809100547,4.213658275001652,23.306536744194958
7959.703,0.06609298383916971,4.21397642043553,23.305740666505226
7962.61,0.06332611467688515,4.213754403409725,23.302995723323907
7965.516,0.0669740594032139,4.213805611745884,23.299635580481194
7968.422,0.06700067781922811,4.213907393089667,23.302684293796375
7971.328,0.06357458796031602,4.21398317985063,23.302482019498594
7974.235,0.06272513340411542,4.213956502604618,23.2974125229022
7977.125,0.06588294525628222,4.214025603156178,23.2972913816477
7980.032,0.06497555962619457,4.21393370819541,23.29561538845407
7982.938,0.06708016884558889,4.214116011210124,23.2952950636671
7985.844,0.06536053782638948,4.213790273617319,23.28962964510647
7988.75,0.06541177418380555,4.214158030204444,23.292103493765307
7991.641,0.06432184922320328,4.213833339098806,23.285500379177183
7994.563,0.06603884167598822,4.214020022781765,23.289172959541308
7997.469,0.06725568945805825,4.213972768718615,23.286656946334855
8000.375,0.06444909011873329,4.21385183661387,23.297663146008684
8003.313,0.06607551225438463,4.214267750776773,23.295528229104683
8006.219,0.06669794421289582,4.2137911978223315,23.299904575846156
8009.125,0.06426108761860541,4.21404285031245,23.30246129415414
8012.032,0.06489597065419137,4.213957386342172,23.29742599637596
8014.938,0.06649168894022157,4.214176937082203,23.304569225015605
8017.844,0.0653337365120555,4.214310346368348,23.299139688625065
8020.75,0.06596804981372305,4.214126642018815,23.28809656502964
8023.657,0.06669657331415858,4.21411724774114,23.281956374873012
8026.563,0.06374922229394259,4.214300019955984,23.27795274634324
8029.469,0.06665546755388631,4.214149449471257,23.282592398996403
8032.375,0.06223580762977947,4.214122236214486,23.28840410777657
8035.313,0.06499428905052773,4.214402471561976,23.282274938210023
8038.219,0.06430349274468937,4.214407907946,23.295955224119282
8041.125,0.06439864266661871,4.214231175813853,23.289560090721686
8044.032,0.06334250798617017,4.214331747086162,23.293387702281755
8046.938,0.06608732481255084,4.214090558376133,23.291505053829898
8049.844,0.06568121462582409,4.214259829177356,23.291486734984705
8052.75,0.06479327115158229,4.214372879921854,23.28840212795123
8055.657,0.06532648574680543,4.214240915187958,23.278489531534785
8058.563,0.06390009346697738,4.214252250254738,23.28308079233302
8061.469,0.06548448321962648,4.214444948134911,23.28888068487489
8064.375,0.06290245389074854,4.2143679748302585,23.283717804553547
8067.282,0.06700755883257643,4.214397998608291,23.286215814001768
8070.188,0.06419124780565476,4.2145092612509645,23.28852912011555
8073.094,0.06544899228106452,4.214490542391329,23.283992316492455
8076.0,0.06346365960487198,4.214573623402441,23.2776696915304
8078.907,0.04184310762580057,4.212668917029774,23.267766863738153
8081.828,0.045063290270387274,4.212500091385019,23.2719215033329
8084.735,0.043835073401514206,4.212376031300161,23.267918150234042
8087.641,0.043313041038099624,4.212456341278987,23.269375532659136
8090.547,0.043788469603921944,4.212204075215083,23.274247683816565
8093.453,0.042633669048797646,4.212384080884438,23.273830268736187
8096.36,0.03859257129689871,4.212591784222821,23.285213421577268
8099.266,0.042075712161147284,4.212198972354397,23.275177296175396
8102.188,0.04253203771451127,4.212115542825339,23.274132276200895
8105.094,0.042260220086236706,4.212329228815085,23.275720026357146
8108.0,0.042257657118046674,4.2122758137334015,23.27401394871737
8110.907,0.042743753329145366,4.212275258455909,23.271835875602903
8113.813,0.04136893593350609,4.212152783046702,23.261311405022173
8116.719,0.0455237452862271,4.2119753139412515,23.255806853117218
8119.625,0.04307926829233953,4.212069427033754,23.267232380923353
8122.532,0.04147010582080623,4.212007537001016,23.272183585743235
8125.438,0.04204256948397003,4.212149847574112,23.272242893656827
8128.344,0.045343767136336664,4.212066132341465,23.26708766965062
8131.25,0.04197243123797918,4.2121129043533205,23.266591006392563
8134.172,0.04444465361413884,4.212033131884991,23.266735786830978
8137.078,0.04114358459134296,4.2118358080126415,23.273425286988854
8139.985,0.042757544043553614,4.211949773128281,23.27349439678869
8142.891,0.043531275234531035,4.211949851475278,23.27588198993789
8145.797,0.041536059815954506,4.212314484677601,23.270468528657382
8148.719,0.04317694349811261,4.21198500601591,23.271209157547496
8151.625,0.04418041892693714,4.212008082669247,23.26138143826965
8154.532,0.041866687965703205,4.211938403795611,23.263135382155014
8157.438,0.044334814504564765,4.2117603375453605,23.263934943276393
8160.344,0.04319800064975609,4.2117651260902536,23.270796746448617
8163.25,0.040503578196812315,4.2118088946265955,23.273281904602744
8166.172,0.043986780934617054,4.212085904460378,23.270542651281165
8169.078,0.04353851767231952,4.212000527063311,23.272785476312222
8171.985,0.04278082376077001,4.211910141203509,23.274844109878416
8174.891,0.04229981877158065,4.211976354548854,23.271483688637986
8177.797,0.04053738904927356,4.212031237434449,23.2735597057891
8180.703,0.04232383279502953,4.211965700799612,23.273311787224248
8183.61,0.040814707125914756,4.211975514133975,23.264160601773614
8186.516,0.04145532465389101,4.211982545589523,23.267038662034278
8189.422,0.042960680766453666,4.211952344035542,23.271586459409242
8192.328,0.043464529396389194,4.212205329550935,23.270053763749186
8195.235,0.04271614051766822,4.212014160127054,23.269337141171714
8198.157,0.04381896534505243,4.2117660544883195,23.266836897414624
8201.063,0.04319350113318496,4.211855538107031,23.26858054973824
8203.969,0.04634178018288381,4.211766007237609,23.256695165534477
8206.875,0.04290811534961378,4.211994016846397,23.260582127533663
8209.782,0.04223293624303451,4.211866306684732,23.254616943049108
8212.688,0.04093862963149416,4.211818439226688,23.2625624102052
8215.61,0.04340401204493164,4.211750253129856,23.267689332504414
8218.516,0.04365709804494555,4.211846231883945,23.269980735928627
8221.422,0.040001112824456855,4.211959044245605,23.26488131025709
8224.328,0.044552802873805294,4.211949299934946,23.26999094479294
8227.235,0.042966801835275285,4.211825275379665,23.261650319572315
8230.141,0.04338974231311709,4.212069781579433,23.259779422533832
8233.047,0.043754384582781414,4.211956971729078,23.26753125489507
8235.953,0.04282815809784187,4.212142152065431,23.268020683258314
8238.86,0.043805359787766195,4.211957318072902,23.259953496700025
8241.766,0.04648694100444305,4.211973504357157,23.26089672605113
8244.688,0.04369335014426977,4.211989226048145,23.263069693399846
8247.594,0.04053896910357201,4.212058678766478,23.27152076348517
8250.5,0.04488275571648156,4.211928749385739,23.270686852597294
8253.407,0.042153529753120526,4.21178236991194,23.273834044609643
8256.313,0.043720803917721526,4.211945926489286,23.258637834872943
8259.219,0.04315394022607978,4.211867667884401,23.268689715525056
8262.141,0.0403350224531314,4.212130164475604,23.267532276843497
8265.047,0.047443005661639934,4.211860133392994,23.261210587862
8267.953,0.04338464964057445,4.211782386493685,23.267125992597816
8270.86,0.042691700484176295,4.211921296964998,23.25245607541271
8273.766,0.04340265240693654,4.21200854217911,23.258539464599483
8276.672,0.041104390740927636,4.212017665174655,23.263498225000383
8279.578,0.04421843354692657,4.211659048476059,23.26339598723369
8282.485,0.04235115427675816,4.212055851342992,23.271487080724498
8285.391,0.041310026774882075,4.211974386809243,23.26593465143487
8288.297,0.041512731728458166,4.211860860087769,23.259870025206514
8291.203,0.044696102854082806,4.2121285649703575,23.265029485482724
8294.125,0.04287215456083573,4.211744433515239,23.265690998365745
8297.032,0.042586755956663135,4.2119253664579634,23.26913639601245
8299.938,0.041307249071926455,4.212270893198499,23.265924389947173
8302.844,0.0447893880899791,4.211890849455845,23.272863402922027
8305.75,0.044783686629129696,4.212004058900173,23.270836926441213
8308.657,0.0436262881308522,4.2120530818285635,23.261499894156707
8311.563,0.04379695447259491,4.211939729586136,23.258278479125185
8314.469,0.03898468264514469,4.212132748473481,23.26479442495609
8317.391,0.04354548979497994,4.212056948368971,23.267407355301657
8320.297,0.04493947594776658,4.2120531527677185,23.26997474451104
8323.203,0.044507992741896915,4.2118532762429135,23.259347991440553
8326.125,0.04338708513819256,4.212069334634417,23.260019742492062
8329.032,0.041631343323602854,4.212209769920532,23.25953553947607
8331.938,0.04464129722517178,4.21207603582341,23.26400104780241
8334.844,0.04423589564502864,4.211944703170141,23.259418475710795
8337.766,0.04551553834716107,4.211946372998824,23.259373791140284
8340.672,0.043788207982253385,4.211882046145451,23.262384398783894
8343.578,0.04531511139733192,4.2121821881980885,23.258200241198946
8346.485,0.04191132565234525,4.21201062646395,23.256019547040626
8349.391,0.0414410540441226,4.211949758909227,23.26470789765588
8352.297,0.03851844495471456,4.211919847677158,23.26713479035647
8355.203,0.0429284777008307,4.212085612754585,23.269804880371545
8358.11,0.04264655947006567,4.212323034877737,23.259163422528836
8361.016,0.04334489088526365,4.211951273858214,23.259519136865734
8363.922,0.04506441319017962,4.212120777062485,23.25988427006895
8366.828,0.045547268652702894,4.212111755370496,23.2656014737506
8369.735,0.04204877128962154,4.212170990556195,23.256402465575775
8372.641,0.04375264869788634,4.212127401396667,23.24949696704453
8375.563,0.04251374346907784,4.212243471878594,23.242937867213804
8378.485,0.04120371521556834,4.212156034406952,23.241114372338487
8381.391,0.039921886147299995,4.212211326659957,23.24246179419824
8384.297,0.043627152834465735,4.2121719549653225,23.248197516017186
8387.203,0.04240046410840826,4.21216221414955,23.24709041083397
8390.11,0.04303110386079479,4.212219275072587,23.248636323415873
8393.016,0.04177815581276735,4.212223202142459,23.24483410848899
8395.922,0.0439464089946757,4.212259879624341,23.241085873482543
8398.828,0.04369966109621105,4.212092059998863,23.24518961223834
8401.75,0.043697503719614006,4.2121113909926935,23.255135148846914
8404.657,0.044492964878032316,4.21194760031211,23.252658709001953
8407.563,0.04307873419706906,4.212270450446819,23.255014216472542
8410.469,0.04273386348173312,4.212242290188293,23.25054838579686
8413.375,0.040984528888087755,4.2122318497704185,23.245151154657805
8416.282,0.042597770182214625,4.21209814122991,23.252487275589594
8419.203,0.04355458369196367,4.212063483326014,23.245900928947986
8422.11,0.04382912278666864,4.212206966441466,23.245017518689142
8425.016,0.04145981131473611,4.212236317326326,23.24355713997531
8427.922,0.041102251158973445,4.212367258881393,23.251239870006472
8430.828,0.042148189296493145,4.212069138546908,23.246849736557785
8433.735,0.04290937106762747,4.21238425911329,23.24322543771742
8436.641,0.04520680226312134,4.212115914250841,23.245749615779168
8439.547,0.04344142035153406,4.212330932287127,23.24627321826271
8442.453,0.04283187910835629,4.212385730563507,23.251616269019554
8445.36,0.04510608276946713,4.212289175324614,23.25267712012857
8448.282,0.04114413499579513,4.212355286799758,23.257206483044186
8451.188,0.04118302408424644,4.2123626957812474,23.259443466353776
8454.11,0.043279350913483595,4.212026324910087,23.24575091445756
8457.0,0.04181308472281077,4.212470734329089,23.23679677992104
8459.922,0.04051239249845964,4.212276200704761,23.246231700859333
8462.828,0.04026312253423595,4.212310679325495,23.22951888348188
8465.735,0.04527681312900807,4.21215424056393,23.229874777878123
8468.641,0.04230716663353537,4.21244774078445,23.23626680095469
8471.547,0.0431284807339565,4.212408405034887,23.24231713876258
8474.453,0.04414961669919237,4.21217400391555,23.2442629542338
8477.36,0.04150454795192903,4.212409984997967,23.24833603747985
8480.266,0.04203064780132041,4.212135439201658,23.24831119336522
8483.172,0.04295637150142871,4.2121941950661,23.248587211218034
8486.094,0.040892880155055836,4.212162835098834,23.244722355545836
8489.032,0.04102125532570692,4.212558281736713,23.242459269461275
8491.938,0.042065689048627654,4.212381793619913,23.24763398098028
8494.844,0.039287277089182365,4.21243150686107,23.2494328863747
8497.844,0.04265213606835866,4.212358504064131,23.248590542994908
8500.813,0.041948748361195824,4.212293761569247,23.243118955545206
8503.813,0.04378817338070705,4.212210426922528,23.244397128126284
8506.828,0.0436385377589212,4.212292277662385,23.243983229680456
8509.828,0.04221510651173426,4.212390576716984,23.228530477710038
8512.828,0.042096137474715745,4.21236535230261,23.231407574688028
8515.86,0.043675423084604766,4.21233491288663,23.234557762573523
8518.828,0.04145936786904949,4.212666884312926,23.237308393801474
8521.875,0.04360299240750773,4.212383081724303,23.232554189693765
8524.844,0.04022526180699695,4.212446136683232,23.234378533068185
8527.875,0.04234665741474866,4.212303171875389,23.24185657934728
8530.907,0.04385256497647543,4.212437102699996,23.238740867683312
8533.813,0.041891987118991385,4.212379086493383,23.233305470078445
8536.735,0.04006041241655003,4.212631341502635,23.237878739397125
8539.672,0.03875761752812752,4.2124195225489585,23.234598486535
8542.578,0.04317654785571874,4.2126113760111314,23.230658145819113
8545.547,0.0402474644930539,4.212585787109741,23.229462085886095
8548.485,0.042064882500089794,4.21232361756105,23.235417169062927
8551.438,0.04537642804856764,4.2125513093293945,23.230384913483732
8554.344,0.04340048514299968,4.2126414384239474,23.228980977357214
8557.297,0.043549437025312915,4.212491985952652,23.229050155916852
8560.328,0.041714007070670134,4.212495722435877,23.22420815411927
8563.25,0.04244957429004525,4.2126136372676575,23.21966268955263
8566.172,0.04465722830975082,4.2124151196799335,23.22579570399136
8569.141,0.040200129718266385,4.212492102095135,23.228703051417074
8572.11,0.04173712582284148,4.212279687123098,23.235871975912854
8575.063,0.04410276901627342,4.2125333122635285,23.23783574299318
8578.063,0.042027357213728814,4.212444476728255,23.23794290552554
8581.0,0.04153195862584312,4.212617748775487,23.237923894657126
8583.969,0.04131578322928023,4.212692990596219,23.241040169472996
8586.938,0.041707149352894414,4.2125368465012425,23.240859635696737
8589.86,0.04169239590781308,4.212476086851936,23.247516309312648
8592.891,0.042662609380817396,4.212717742718321,23.24271423478748
8595.86,0.04237688766477378,4.2126675783882925,23.24198057499892
8598.782,0.041686580632061446,4.212947314593022,23.234794923303415
8601.782,0.043546758712304845,4.212621009449399,23.23607036003286
8604.75,0.040604280435285585,4.212514099191187,23.24479287365072
8607.672,0.043984340931417336,4.2127159158128835,23.247396219941898
8610.594,0.04185542847578254,4.212672763243243,23.237732035502532
8613.563,0.042484327950944395,4.212553342139877,23.237717763932515
8616.485,0.04006674221231418,4.212634149975568,23.24538170816094
8619.5,0.04351372327571939,4.212536451806693,23.247290430081108
8622.407,0.0421260630857005,4.212360318649934,23.247602302428184
8625.438,0.03952856448366068,4.212917001353955,23.238205678464755
8628.485,0.04215469219669,4.212619221432134,23.241884211462498
8631.516,0.04398754389596313,4.212627243936573,23.24532635378096
8634.516,0.04489928939697769,4.212851994506844,23.237392950663853
8637.5,0.04067338897320388,4.212548152471487,23.242094090199725
8640.5,0.041351196050332946,4.212414672937872,23.248012700366413
8643.547,0.04265287312412574,4.212618451187347,23.245982501992497
8646.547,0.041417734933131,4.212766769635908,23.24971675402683
8649.547,0.04360017221991864,4.212662695788307,23.25266799223342
8652.547,0.040842155355321166,4.21270917580581,23.251412203203415
8655.563,0.03993758655304851,4.2127138999274365,23.24977677616555
8658.5,0.04054638478964535,4.21271039836329,23.248963295738953
8661.485,0.04446304449160056,4.212783694196236,23.248517944860012
8664.516,0.04211516955161868,4.2128274213657715,23.24745468972585
8667.453,0.039615917837677844,4.213029173125492,23.251579250704793
8670.5,0.04054562467222734,4.212817456606187,23.237437867310433
8673.516,0.040896027668375017,4.213076041737723,23.23636167524869
8676.532,0.04124774882097129,4.212970998878718,23.238931253389914
8679.516,0.039824855614307,4.21271761795955,23.234364377875657
8682.485,0.04079515361957476,4.212774530911539,23.23810850568941
8685.5,0.04196813423598988,4.212930636740284,23.239220283790676
8688.469,0.03945713664852614,4.212603012748908,23.239492609436056
8691.5,0.04314805787622985,4.212557955512979,23.238914649478183
8694.469,0.04155048528024518,4.212615981672205,23.237469822913383
8697.485,0.04138206232705612,4.212763317893282,23.238265630229684
8700.391,0.04204216471764446,4.212883172125395,23.227374095623524
8703.36,0.038594330701036225,4.212917982712264,23.228809317175077
8706.407,0.040488303553875324,4.212693798509974,23.232846260897485
8709.407,0.04125803507205035,4.21280175266756,23.23254525475301
8712.344,0.043664071771573144,4.21281980539037,23.2287031912398
8715.375,0.04391650184651496,4.212773411767397,23.22870510052332
8718.282,0.042733783766397825,4.212857867962214,23.22576803406446
8721.203,0.039760443065821306,4.212802476782578,23.227504823399048
8724.125,0.0400994252078662,4.212903600633396,23.235502531263773
8727.032,0.04119051476469247,4.2128875921899915,23.238168192727368
8729.953,0.0409335076711962,4.212768781873244,23.236248738789193
8732.875,0.04077982225909276,4.212958428827718,23.232595869759336
8735.797,0.038328442107064147,4.2127587901423205,23.2283643168189
8738.719,0.04077692108924237,4.212966081250673,23.231785301036126
8741.625,0.04239437760697378,4.212753971435211,23.224817206978553
8744.547,0.042153893800783646,4.212686589496711,23.220975029146505
8747.469,0.043552778443879045,4.2128779786457216,23.23372188143221
8750.407,0.039406086076508196,4.212991990265162,23.2288868476921
8753.328,0.04351930538035294,4.213063344642275,23.22367957495402
8756.25,0.04203165330818206,4.213158436688182,23.228380465101303
8759.172,0.043770025187679425,4.21312420149117,23.233420530966665
8762.094,0.04251964047006193,4.212897464331829,23.229512446962726
8765.016,0.04284931654730438,4.213048673369601,23.237963022112464
8767.922,0.040513866320243966,4.212917244073652,23.241865755708243
8770.844,0.0422647386933914,4.213093016640706,23.22813951864825
8773.766,0.038378622712302204,4.212895732255611,23.23062900175064
8776.688,0.03962873708817639,4.213003357472226,23.21448695119427
8779.61,0.04075856740188393,4.213047548659427,23.219263860941158
8782.547,0.04118598523014577,4.212806008477873,23.209859734747017
8785.469,0.041178886649050846,4.213008017879107,23.214939996995042
8788.391,0.0390466055682105,4.2129699026042084,23.215027712576674
8791.297,0.043632231274174746,4.213100310378356,23.21541326654906
8794.219,0.04016531585588036,4.213226875525685,23.20499934222132
8797.141,0.038944408389241,4.2131713379306195,23.20939248941499
8800.063,0.03980142148779092,4.213251104214164,23.212845325974644
8802.969,0.0403521444640574,4.213008857794981,23.217696392462628
8805.891,0.040214486772105595,4.213248424346057,23.218570858809922
8808.813,0.04062807362551265,4.21312582914686,23.220487825880348
8811.735,0.04350463210605801,4.212958043651986,23.22104206793989
8814.672,0.03889577019727194,4.213080862021399,23.222900939242596
8817.578,0.04194075668163591,4.213131211400515,23.22212816165243
8820.5,0.041596485551284965,4.21320945301325,23.213991065852102
8823.422,0.043908117145155544,4.21320239451051,23.212396700104563
8826.344,0.04196934008337085,4.21319114605237,23.216804763698264
8829.266,0.03966051455678079,4.2130470266566595,23.212752629289835
8832.172,0.042311546509057996,4.213168395060609,23.216089076179344
8835.094,0.04161372426780196,4.213065122634205,23.210539299012748
8838.016,0.03995835338754504,4.2134154926053595,23.208711566522535
8840.922,0.03964720326055699,4.213257024791602,23.21502355366708
8843.844,0.04263487365130347,4.2132466597364795,23.219284291564218
8846.782,0.04284477669089562,4.213248231190364,23.21339007368457
8849.703,0.03849178355270683,4.213441722908185,23.20827633402596
8852.625,0.04237361553695893,4.2133397414018665,23.207463546988357
8855.547,0.040461707438847964,4.213270679557788,23.213044409451207
8858.453,0.04134485027859139,4.213156296410474,23.206617258416586
8861.375,0.03986005534714461,4.213143647850854,23.19862277886843
8864.297,0.04185017739605392,4.213194984334819,23.19878614936908
8867.235,0.04274316941533168,4.213291778863971,23.19456450211768
8870.141,0.04205942235577777,4.213239180156271,23.20688161502229
8873.063,0.03957256841215608,4.213331593689728,23.207364075094638
8875.969,0.04011303543249873,4.213234980047974,23.20803299193822
8878.891,0.039962675473373704,4.213326605760851,23.202748938711604
8881.782,0.039612840678586135,4.213338387695383,23.205056052767347
8884.688,0.03955436717926405,4.213307692399401,23.20998498464941
8887.594,0.0412123860521279,4.21346113093252,23.20574795461405
8890.5,0.041481947927360735,4.213281167021999,23.202954950678283
8893.407,0.03979187288615881,4.213599261277866,23.216231972101863
8896.313,0.043474158305296835,4.213384602089651,23.208226458939883
8899.219,0.04096496605307486,4.213195574753182,23.207413360863313
8902.125,0.03983288647044206,4.213340726432465,23.20321656555687
8905.016,0.04059139771489445,4.213240967302355,23.201483071719974
8907.922,0.043804179487263804,4.2134375327828515,23.2041023263402
8910.844,0.038296772446459584,4.2134332121322595,23.204187797591423
8913.75,0.04177351436901505,4.213144679544138,23.21400759382597
8916.657,0.04219868177461695,4.213463410874935,23.204055080122252
8919.547,0.038850166289189525,4.213334688159932,23.200030931987904
8922.453,0.04307864464703111,4.213533300114916,23.200827817586436
8925.36,0.03961437420102942,4.213456242111157,23.20518275359057
8928.266,0.0403767552768601,4.213355710198676,23.200615828179963
8931.172,0.03896226199555806,4.213454149675014,23.194904245938794
8934.078,0.038895780987406765,4.213571726145344,23.197540282559963
8936.985,0.04179828705893646,4.213459556048285,23.19297123256069
8939.875,0.04088036300889774,4.213439931129431,23.1918805374509
8942.797,0.041447755951572025,4.213512190770845,23.19453249473632
8945.703,0.03992472772395636,4.213564532486592,23.207109581874676
8948.61,0.03674156917983814,4.213597755761586,23.206701022971043
8951.516,0.043329099508272954,4.213449397761858,23.208422514070467
8954.407,0.04157339207361106,4.213386227776411,23.205901596153073
8957.313,0.038193919330831536,4.213374968856155,23.212813971869817
8960.219,0.039075529939185415,4.213585359126709,23.207486033472797
8963.125,0.04081481710361035,4.2134388524918585,23.202991023396816
8966.032,0.04341304012401777,4.213482278772655,23.20078544982305
8968.938,0.040715578218673,4.213557977248354,23.206597502352025
8971.828,0.04025638332201802,4.2135855380320075,23.20518725057886
8974.766,0.04101443137905212,4.213411725407373,23.193188196403668
8977.672,0.03884708508732253,4.213533049303035,23.199963843434936
8980.578,0.04088105456324897,4.21376984194666,23.200809574576418
8983.469,0.03967837622806939,4.213509384465405,23.207064379912296
8986.375,0.038781255322640776,4.213697127676614,23.20120549608481
8989.297,0.0398454178974898,4.2135919374810875,23.203619563719077
8992.188,0.03850642581071872,4.213489055898682,23.206665272661997
8995.11,0.04063235121578256,4.21375045795775,23.201979324742304
8998.016,0.041184785550064607,4.213809795116462,23.2031062012309
9000.907,0.04457275310612937,4.213485259660731,23.192353651673116
9003.813,0.03863873627069522,4.213554342943136,23.190892841737583
9006.75,0.03926704770545275,4.213661446813604,23.202524719086497
9009.657,0.040040706047788824,4.213716081291598,23.206091169479475
9012.547,0.0381545541442106,4.21356893469596,23.20738805568101
9015.453,0.03790716985600649,4.2136464008053025,23.20592308399646
9018.36,0.03874806870039384,4.213630712898298,23.20616755763385
9021.266,0.03793472961305862,4.213748514476547,23.1954937962847
9024.172,0.04086646844001059,4.213796678629599,23.211777390464608
9027.078,0.03738257976757579,4.213709278408315,23.22245365078868
9029.985,0.039182665082478085,4.213696845985618,23.223589088565937
9032.875,0.03901959353621209,4.213806327929205,23.22220511006575
9035.782,0.0393545949304076,4.213750783558155,23.21646595908512
9038.688,0.03897816622460818,4.213762834888169,23.224681879325956
9041.61,0.04144368389807919,4.213752447910641,23.21517950893632
9044.516,0.041911030871689334,4.2137228034435275,23.206179988740665
9047.422,0.04083885880148468,4.213824023017636,23.204033128357825
9050.328,0.03709929906390424,4.213776781889858,23.20618960663292
9053.235,0.03970919134478611,4.213680254352144,23.204435027336277
9056.141,0.03762884423721335,4.213918745881002,23.207036140470052
9059.047,0.037053803318276034,4.213500854963338,23.213686110365874
9061.953,0.04033288457150398,4.213840304051672,23.20734022670006
9064.86,0.04388543613179894,4.213735732551995,23.20509519525489
9067.75,0.03921450517495865,4.213768273568051,23.20300118424104
9070.672,0.04240948144763223,4.214056562353005,23.204129535481908
9073.578,0.03867858298079209,4.213801361501144,23.19904376677108
9076.485,0.04284121163373482,4.213960086624276,23.20263918164275
9079.391,0.04195861629785621,4.213913085863657,23.194591106871215
9082.297,0.04228148287400293,4.213916836545742,23.193706460484343
9085.203,0.03964716433793685,4.21390748491271,23.19575375974054
9088.11,0.0383419353295351,4.2137010039125755,23.194740523797226
9091.032,0.03801640441746618,4.213834653861539,23.19406580078668
9093.922,0.037881976792994154,4.214091920267862,23.197938109762
9096.828,0.03871387972549968,4.214092537554316,23.197122342883382
9099.75,0.03822504676548906,4.21392335034316,23.196404591587946
9102.641,0.03602072335832217,4.213911281537931,23.199707085850306
9105.563,0.0370109666971764,4.2139749591212405,23.198517774906897
9108.469,0.039591261369348894,4.213896287145453,23.195785054812657
9111.375,0.038840529755697385,4.21410626859868,23.198044924247302
9114.282,0.03868682719662272,4.213971671127602,23.194958443729146
9117.188,0.04154052601566107,4.214119129604959,23.196711993230924
9120.094,0.03793467199006595,4.213995213190371,23.196619107638043
9123.0,0.03993400714589408,4.21394347133881,23.200078899779154
9125.907,0.040415546752744065,4.2141283447376665,23.20530640975599
9128.813,0.0391577432249855,4.214074995384527,23.196818838315806
9131.719,0.03822755391402964,4.21398715159404,23.203451778704615
9134.625,0.03956396493821304,4.214026308983906,23.193375662115912
9137.532,0.04153371211586452,4.214146379495526,23.1916741967498
9140.438,0.042011721676861485,4.2141050499381905,23.1931427805668
9143.344,0.04087159898775716,4.214055131159302,23.192929172801335
9146.235,0.037819219179943686,4.214313064874377,23.194574271309165
9149.172,0.04090794106000639,4.214119716753485,23.193066340193894
9152.078,0.03715702318979241,4.214178241477411,23.195009222923336
9154.985,0.03991995079373345,4.214060259365693,23.1966359090289
9157.875,0.0374800327858916,4.214235580609322,23.192520632478676
9160.797,0.03990495944665198,4.2140739363565745,23.199112258675477
9163.688,0.042265180767317265,4.2141354787399035,23.19534965756806
9166.594,0.04079740256383553,4.214050185375532,23.190036705021424
9169.516,0.03813112084405746,4.214121214586826,23.184896807483437
9172.422,0.03964332931204565,4.2142273713370875,23.184055785875263
9175.328,0.03814570565457075,4.214029279999001,23.188272437536373
9178.235,0.03954328664064798,4.214255377203188,23.184391889608595
9181.141,0.03924908458961654,4.214298271025966,23.185936767266526
9184.047,0.03591825364808249,4.214284933432389,23.18067566943541
9186.953,0.037612133291557694,4.214177725176876,23.175674346886606
9189.86,0.04063042505855969,4.214288496807175,23.179639843822923
9192.766,0.03611270304687296,4.2142982541874865,23.181828243456472
9195.657,0.03785113847486046,4.2141963688828366,23.1872261449083
9198.563,0.03796214083396616,4.214164267305279,23.192431443078135
9201.485,0.0383480655196539,4.214371701500476,23.18814624986251
9204.391,0.03857208964793711,4.21425016770305,23.192773787902453
9207.297,0.03642387422997545,4.214324178542644,23.191125690459067
9210.203,0.03896544197535179,4.214192295615791,23.181752055299793
9213.11,0.036234695531919575,4.21420743071242,23.188610189243278
9216.016,0.04072444511545209,4.214231053405037,23.181627841308295
9218.922,0.038991433117205314,4.214232545793755,23.18398158944479
9221.844,0.038808691439808654,4.214258523241154,23.176560440767215
9224.735,0.04075288351615032,4.2142788129813455,23.18116782553723
9227.657,0.03772901136335447,4.214181700180522,23.178698540469572
9230.563,0.03953462379580159,4.214292076830943,23.181447787456406
9233.485,0.03708738561594611,4.214443469494575,23.17992965009647
9236.391,0.037955056922531746,4.214389998519756,23.174936600633114
9239.282,0.038725685130449314,4.214326983277346,23.185042887074413
9242.188,0.03726409405730259,4.214228748893792,23.18772183104923
9245.094,0.03761792818476785,4.214385351217704,23.18515183966154
9248.0,0.03470241461945838,4.214111082320873,23.19186948791401
9250.907,0.04083562539041505,4.214268792087402,23.190997846502373
9253.813,0.03520034427134646,4.214432005199022,23.18909807493046
9256.719,0.0407330147347303,4.214428512760271,23.192665789690157
9259.625,0.0376629069605891,4.21430924362221,23.191683621808433
9262.516,0.035763517486039856,4.214502826339705,23.199805968146823
9265.453,0.040008710413218046,4.214335489585317,23.192858874885136
9268.36,0.040369517796858934,4.214431503465656,23.190855171947966
9271.266,0.03753832112199755,4.214432005895468,23.195962529529243
9274.172,0.04055820710428274,4.214463370340019,23.19339345628662
9277.078,0.038500058292618974,4.214571243076929,23.198508897645194
9279.985,0.017260819499804004,4.212594183305071,23.204957438449625
9282.828,-0.0063785474297380195,4.2090350053171655,23.20100791223723
9285.688,-0.002302596887211424,4.209897433114799,23.197331542758068
9288.563,-0.001256318214151515,4.2096010391357614,23.187972882885298
9291.453,-0.005785351609404185,4.209682133223542,23.185201720981386
9294.344,-0.0029011372851593963,4.209851774637451,23.18230461281404
9297.25,-0.0008127824404197034,4.209711476231452,23.183227418505748
9300.125,-0.0019064999327975348,4.209688423590326,23.188788796039525
9303.016,-0.0032110271987738277,4.209604382920094,23.179856103970394
9305.891,0.0010296853709838513,4.209643431116888,23.18862768501626
9308.782,-0.002589252984311752,4.209807474556022,23.184068363002723
9311.672,-0.001183509226377036,4.209531447059014,23.186691933275622
9314.547,-0.0014215081246085524,4.209719533155268,23.188720624608322
9317.438,-0.0018826838790383786,4.209586639934288,23.189366683846732
9320.313,-0.0031545545453900755,4.209579875041543,23.184029743334
9323.203,-0.004943293931087008,4.209486638476399,23.185647368875507
9326.078,-0.0029479144349080443,4.209433934306859,23.18789879980564
9328.969,-0.001718305312226584,4.20956281296184,23.192626982245372
9331.844,-0.0029105749728149076,4.209445075288502,23.18828372358956
9334.75,-0.0024258779295883463,4.209286568278021,23.192917550766165
9337.594,-0.0009337521667624451,4.209392978986976,23.18902393049829
9340.453,-0.0024557645536635916,4.209085587504741,23.196249772769757
9343.297,-0.0025486447493436827,4.209265125283183,23.194873195824943
9346.188,-0.004258049305454044,4.209265213971552,23.196094760707272
9349.063,-0.0038494474068365707,4.209022103979273,23.191886577134955
9351.938,-0.003133124717485576,4.209356918718692,23.194286718653892
9354.828,-0.0043095464956216575,4.209044655214721,23.189428670355927
9357.703,-0.004744799296872674,4.208902596145546,23.190385050931233
9360.594,0.0006949692485284891,4.20897479422116,23.189274867320044
9363.469,-0.002856220734671517,4.209040894538763,23.184017615665212
9366.375,-0.0006887165017139144,4.209069763666814,23.191877456918213
9369.219,-0.003339099614832588,4.209066013946737,23.187640000852713
9372.078,-0.00503890009434344,4.209001874894562,23.192015976618386
9374.922,-0.0032563313640576698,4.209095427733983,23.19193997247808
9377.813,-0.005172158057728124,4.2087539715251285,23.202895698909064
9380.688,-0.0021291792271992136,4.208983835507225,23.19019858115783
9383.578,-0.003962591738489695,4.208682383425051,23.182690476382913
9386.453,-0.004693444070790562,4.208999137743207,23.181972714783313
9389.328,-0.002290026183435793,4.2086536934939005,23.1851256229465
9392.219,-0.0005710582650477736,4.208672239123158,23.18672449130068
9395.094,-0.00019178658747669888,4.208735267856876,23.190026627657573
9398.0,0.0002798949408552157,4.208800669668568,23.187163452419018
9400.844,-0.00022714795680815812,4.208760125631235,23.185628172888535
9403.703,-0.003845363527347051,4.208802133903138,23.189480930399437
9406.563,-0.0018010818277552105,4.208513364690911,23.19921279542106
9409.438,-0.0014332438509201827,4.208482927207908,23.1927775869672
9412.328,-0.0047025266242534305,4.208773514121276,23.19468044550365
9415.203,-0.0035224659810457136,4.20864126922193,23.20283144991067
9418.078,-0.0014667907283023608,4.208638127901293,23.198430125936973
9420.969,-0.0013254490452235387,4.208676929772276,23.20073941083307
9423.844,-0.0029470612667147145,4.2084868420899895,23.19226033937051
9426.75,-0.0037844719488757993,4.208512374454999,23.193200774395613
9429.641,-0.0013856684759556872,4.208775329846451,23.19928715537304
9432.516,-0.004431784799540795,4.208460438883593,23.196209242491165
9435.407,-0.0024593042800627293,4.208340985667123,23.184278445120178
9438.282,-0.000657492900150883,4.208301966190165,23.19432194085886
9441.172,-0.0009002277215371566,4.2083676296680865,23.20160759757844
9444.063,-0.0025027373152206028,4.208260963856313,23.200415482093316
9446.938,0.0013070531384600048,4.208372819738002,23.185878531034334
9449.813,-0.0028954825959284056,4.208359731716847,23.19181703293182
9452.688,-0.0012271762357328078,4.20836103989151,23.193861851597816
9455.578,-0.005783281986509646,4.2082925362590515,23.193340472475985
9458.485,-0.0015358983702496742,4.208341042262316,23.188227337598594
9461.375,-0.000970432241487643,4.208404447395371,23.195205810185822
9464.25,-0.0007571234109053826,4.208332412976744,23.194164690763838
9467.125,-0.0006705894362616224,4.208260478478129,23.18987329235018
9470.0,-0.0022339074947332477,4.208285119802594,23.187925858806945
9472.891,-0.002173517115255443,4.208279502927691,23.19005746824189
9475.766,-0.0010596863185213118,4.207940086819224,23.193297550435094
9478.641,-0.0014852515038505187,4.208173539179575,23.18901679801096
9481.532,-0.001326574379033564,4.2080830856644456,23.186190349954295
9484.407,-0.0015225374226281378,4.208310767583224,23.184924837594824
9487.297,0.0007313152504213377,4.208208006397912,23.18613102425453
9490.203,-0.002577706398231656,4.208257110236104,23.1933675663403
9493.094,-0.003902419025289932,4.2081490855259,23.190223880993372
9495.969,-0.003782798867642557,4.2081241605887465,23.180016117103097
9498.844,-0.001236841657534002,4.208026179486682,23.19403776060754
9501.735,-0.0001622615765262711,4.208268907137105,23.192733888783927
9504.61,-0.00441454571489639,4.208169479193675,23.19277012943353
9507.5,0.001358085150654509,4.207930055680821,23.188031144929507
9510.375,-0.0033769852319427314,4.208068366565702,23.183053986004868
9513.266,-0.0034570795893488315,4.208076440356406,23.17923238051672
9516.141,-0.0015312097831599676,4.207954026140188,23.19057754816567
9519.032,-0.00012491155962743043,4.207756953610883,23.195392029640754
9521.907,-0.0001116261231158038,4.20789163468476,23.196157432016744
9524.797,-0.0032492807505447503,4.207856725865185,23.1838071291319
9527.703,-0.0003905877778407424,4.208036803352691,23.183770778786368
9530.547,-0.001215734354119815,4.207819286373227,23.190793205876528
9533.391,-0.0019204070401438993,4.20797517822216,23.197578574865137
9536.25,-0.003937954074292655,4.207646938802533,23.186465793859757
9539.125,-6.140146706334452e-05,4.2079372982521885,23.184301672697952
9542.016,-0.0011349435269669445,4.207924977273985,23.191286829922305
9544.907,-0.0014247464793509315,4.207860495537752,23.195891353390714
9547.782,-0.003936963204576793,4.20791658779941,23.191523332364614
9550.672,-0.0010518645486129788,4.20781043306519,23.189483941205925
9553.547,-0.003984819962218011,4.208000626439574,23.192728857531804
9556.422,-0.0010094602443676555,4.207853448911778,23.191454177685053
9559.344,-0.001881810313844549,4.2078016780800445,23.19580680820678
9562.188,-0.005489837165357206,4.207907193765009,23.19360408529052
9565.047,-0.0018223655201053282,4.207706680957492,23.193568091415962
9567.891,-0.0011818646109395272,4.207585972207325,23.19031897148854
9570.782,-0.0014231695611320277,4.207606948507946,23.1858978104061
9573.657,-0.0017229899791362344,4.207643626401961,23.186132262708515
9576.547,-0.0015309576172611618,4.20772197942715,23.190048667544616
9579.422,-0.0034514510564124896,4.207765437028001,23.195718943921698
9582.313,-0.003629025379486185,4.207717070227394,23.198788765290054
9585.188,-0.0023532599680300198,4.207648630139146,23.20163108233287
9588.063,-0.0036813909093252662,4.207606362547576,23.188555674244746
9590.985,-0.0044558886652231455,4.207623625161408,23.192478779276414
9593.828,-0.0023001983706181068,4.207579743901873,23.183370636838514
9596.688,-0.002395762113699691,4.207734888671314,23.195034392372104
9599.532,-0.002686915403224342,4.207512181997531,23.197056556111782
9602.407,-0.0037751201048291075,4.207502319223202,23.193141475110387
9605.297,-0.0015524420469301946,4.207771944752456,23.199981440575513
9608.172,-0.002395191947776097,4.207587245914972,23.19269453556183
9611.047,-0.0011269938669594569,4.207477064882121,23.19642183825062
9613.922,-0.005373683829687002,4.207630197915083,23.2006817302673
9616.797,-0.004424125087520052,4.207471987670079,23.200765732174506
9619.719,-0.004620649999815746,4.207575834461955,23.209006190409365
9622.594,-0.0033828449506558868,4.207448870031073,23.19522168974436
9625.469,0.0013909153817647036,4.207131765060893,23.198138456099233
9628.344,-0.015024885683684649,4.207238469810786,23.19490049695288
9631.235,-0.0009555292268721756,4.20775417418976,23.1922694879515
9634.125,-0.006589504649738296,4.207542391633718,23.196954989959114
9637.0,-0.002661407085046836,4.20763872364947,23.19056460139906
9639.891,-0.005010052290490903,4.207859660079115,23.194571791364627
9642.766,-0.006065832185601733,4.207570340437134,23.190951660725872
9645.657,-0.00029407045944955035,4.207253323075751,23.188269255459037
9648.532,-0.009243458847948414,4.20722044688013,23.18641174552139
9651.453,-0.009068949298668522,4.207465428394433,23.18532035789
9654.36,-0.000958304054631434,4.207303103058517,23.183977240377192
9657.219,-0.003987507965627589,4.207393443710662,23.18997736021746
9660.0,-0.008339186289939614,4.207597493283504,23.191304943454192
9662.797,-0.0017350740865382235,4.2073210285341025,23.192499155735103
9665.594,-0.002996222945534765,4.207228961611348,23.19444860998264
9668.375,-0.0041649194946016274,4.207301722822053,23.1887055121267
9671.172,-0.004127535498760071,4.207355305337842,23.182887656850998
9673.907,-0.003361232275321894,4.207121329198899,23.188160665372077
9676.703,-0.005892174477045787,4.207266674435044,23.19664441912037
9679.5,0.0006262935713654054,4.207201005614715,23.188061991944057
9682.282,0.0013910285149511233,4.206840881762116,23.179700126533245
9685.078,-0.002406153289727357,4.207302771772141,23.178947029448036
9687.875,-0.002256457022579921,4.2072826073837994,23.19120752541723
9690.657,-0.003962586215441409,4.2069767625328875,23.19276960059423
9693.438,-0.0020050183823043634,4.207337138073828,23.194756574996145
9696.25,-0.002639151905448277,4.206946451863262,23.190963412762294
9699.032,-0.0025536236263323017,4.207337083532263,23.193195605939785
9701.813,-0.00036267132761228703,4.207149539201657,23.199757148976374
9704.61,-0.00853068623266011,4.207868722686568,23.197513361101716
9707.407,-0.0026557910256347315,4.207699330717959,23.198977419783457
9710.203,-0.005903982274601273,4.20696021752106,23.198385675487927
9713.0,-0.0038761565540320906,4.2074479823036794,23.195068717189365
9715.782,-0.001434675203812992,4.207283029297169,23.19283000187755
9718.563,-0.0008541701984915723,4.207229957245773,23.18869969988123
9721.391,-0.002099935083325247,4.207076519635998,23.188519404189055
9724.172,-0.003258349996485104,4.207025682281306,23.18190886529277
9726.953,-0.005529819193766079,4.207246380150815,23.18944323670132
9729.766,-0.0030737135299005124,4.206954886737644,23.1914120554003
9732.547,-0.002294905171565899,4.206991106237653,23.18407644774091
9735.328,-0.005296296576651281,4.207185302163803,23.189628466482052
9738.157,-0.0035541134444782812,4.207114668552174,23.19055138278812
9740.938,-0.0048315489220157985,4.207233367483831,23.186701540711198
9743.735,-0.000978696546492537,4.207098546528734,23.191277641371137
9746.532,-0.00518642584555102,4.206920426791983,23.189274792835093
9749.313,5.821068779774573e-05,4.2072221131837875,23.190011353398596
9752.094,-0.003443578389573793,4.207077591539381,23.196046932754875
9754.844,-0.0024275828738296633,4.20700810424025,23.193944657997836
9757.625,-0.0028977057841183948,4.207116490224776,23.186774919581506
9760.438,-2.6175387342306835e-05,4.206807321091791,23.18940288734109
9763.219,-0.0026499511040306745,4.206839991383703,23.196999640999422
9766.0,-0.007086044190466787,4.207456452429493,23.19231100304024
9768.797,-0.0016706091156022812,4.207068324601131,23.193019752589336
9771.594,-0.0017486309836422876,4.207082416338218,23.18879837647264
9774.391,-0.0029781821357958748,4.207118173683525,23.187679111809913
9777.188,-0.004573889943840426,4.207029797823239,23.184266455032688
9779.969,-0.0005597367319165637,4.207081240444378,23.19000716531617
9782.75,0.002898834431045591,4.206961621313283,23.194008330395548
9785.547,0.0010653925811144572,4.206804094278577,23.187672190264372
9788.344,-0.0039544054796918394,4.20694750396298,23.187215507754015
9791.125,-0.0025084267466704935,4.20708394595086,23.183964502873657
9793.922,-0.0012295335727113758,4.207007634693196,23.181648515771368
9796.703,-0.00331608042323189,4.206830262228617,23.180233106735752
9799.5,-0.003048560851114336,4.206819048438379,23.17970750160308
9802.313,-0.0030874711157421572,4.206911142740884,23.17761674062751
9805.094,-0.0015111266659063748,4.207076096299988,23.180462335769256
9807.891,0.00031216333278613037,4.207076446313909,23.18102646213896
9810.688,-3.2108956760587363e-06,4.206876442832387,23.183923654099882
9813.469,-0.003803656347423153,4.20682920935312,23.182858575805724
9816.266,-0.004752582494058374,4.206759943169124,23.18645137484924
9819.016,-0.00016783072444464132,4.2068021525877,23.190375667136394
9821.797,-0.0017333702874473707,4.206931840371667,23.195510591899566
9824.594,-0.0033542350348740573,4.206694770252951,23.184522766561933
9827.375,-0.004036018287563107,4.206812512933779,23.18386099210045
9830.172,-0.003893350682173358,4.207076858626622,23.17862632687773
9832.969,-0.0019285721030712782,4.206819356093982,23.18782544684345
9835.766,-0.0012758251011679047,4.2066956606475445,23.18232055726594
9838.547,-0.002247952522926525,4.206764657066971,23.172591333942908
9841.344,-0.0014022844164207472,4.206838849087431,23.179850315526526
9844.125,-0.0019945210328686158,4.206853533087365,23.181556184909354
9846.922,0.0008837018511619317,4.206494943774225,23.179576589025242
9849.719,-0.0006734414890812974,4.206703989730842,23.185005766274283
9852.5,-0.0004895967533316493,4.206637868791459,23.18752705610099
9855.297,-0.002229431539038158,4.2068184146859835,23.18282930386786
9858.094,-0.0028524577924527576,4.206936284671677,23.190452464097138
9860.875,-0.0011925558914942227,4.206901131117446,23.177849229891216
9863.672,-0.0018245265909634146,4.206983428564014,23.181943331968764
9866.5,-0.0037332444893994634,4.206906714721493,23.178573646594238
9869.282,-8.647953979554069e-05,4.206676275182562,23.180391042667285
9872.078,-0.0014976083845051912,4.206469037280467,23.169317644113892
9874.875,-0.0021682296617939437,4.206760588092259,23.183264701551433
9877.657,-0.0017351625278514257,4.206495663533423,23.185864672133302
9880.438,-0.003904262493956695,4.206874806455226,23.18317379839411
9883.266,0.0015957325720705635,4.206693365964189,23.178994440403752
9886.047,-0.0028873231671208976,4.206552509509188,23.18193357691496
9888.844,-0.0031763477838607024,4.206764921915866,23.178869367214915
9891.641,0.0004715405027810522,4.20668247185237,23.18236501396056
9894.422,-0.0030029741673462886,4.206814910800833,23.192269578588466
9897.203,-0.0011846595815335767,4.2065780619533815,23.18583689655148
9899.953,-0.00417204539110018,4.206571542832584,23.181283756169805
9902.75,-0.0019473004988705218,4.206526049068821,23.19076828095055
9905.547,-0.005601207987910495,4.206678484129396,23.193999710134317
9908.328,-0.00574697695460343,4.206486521568217,23.192219246566566
9911.11,-0.0023706456783052893,4.206371312881929,23.195957797134895
9913.922,-0.003061769498484555,4.206592104488837,23.19223450593402
9916.703,-0.0001639142728846162,4.206582900002545,23.19331848807042
9919.5,0.0012836506168655058,4.206507191163989,23.192414200621325
9922.297,-0.003451137579879316,4.206490216587593,23.193007988623084
9925.078,-0.0029202812134645887,4.206778825763898,23.184083140677753
9927.875,-0.0017713852557056696,4.206663587223516,23.187059321722007
9930.672,-0.002160279848953865,4.206601887938025,23.188824714398496
9933.453,0.0005050680807196792,4.20660363285992,23.187072235182892
9936.25,-0.0005073611006043702,4.206605516086832,23.19127800289621
9939.047,-0.0016278692219016755,4.206394870564057,23.194362425677728
9941.828,-0.003971548765573223,4.206356570144233,23.189296830338314
9944.625,-0.0015700825673335252,4.206460263096204,23.187613975146775
9947.438,-0.0016726959142702726,4.206327697209785,23.185781209995163
9950.219,-0.00380118113865667,4.206223889424811,23.18300935230926
9953.016,-0.0032649520233148793,4.206540638539452,23.183774942994383
9955.813,-0.003940546756843395,4.206417293498554,23.17905068083314
9958.594,-0.003148967213941053,4.206373554400995,23.185958911198238
9961.391,-0.0007387862569470192,4.206455884057008,23.184933411041992
9964.125,-0.0023419736623019167,4.206471167753382,23.191361082116575
9966.922,-0.0012947453659008692,4.206380350049053,23.194742080126897
9969.719,-0.004504506586761452,4.206498661589387,23.186570814768622
9972.5,-0.0031841314601255715,4.206423677697967,23.188164516929536
9975.297,-0.00021087747377382965,4.206290071797221,23.189130552975733
9978.094,-0.002734878043070593,4.206407887829132,23.188539370303975
9980.875,-0.002220661571545307,4.2063588354634796,23.182226397068895
9983.672,-0.002519413838185177,4.206284441845635,23.186549005409585
9986.469,-0.0025865159253454593,4.206185117511744,23.18987136342554
9989.25,-0.0025115242102789295,4.206231468597816,23.18521674827844
9992.032,-0.003997842470086021,4.206205030232509,23.176081266634693
9994.828,-0.0027343630689556048,4.206250112705509,23.180226395989415
9997.61,-0.0018626831879507,4.2066142534271265,23.18207051925722
10000.344,-0.0036851568329433113,4.206491607327554,23.182863367028087
10003.078,-0.00349455218209788,4.2062231465780116,23.18865875472647
10005.813,-0.0026706130953167723,4.206366283528611,23.187373269664427
10008.532,-0.003862291426288919,4.206301349750537,23.18421930360849
10011.266,-0.004638731135640313,4.206217802235511,23.180885480445863
10014.0,-0.0025378290546019776,4.205938501963669,23.185686589685666
10016.735,-0.0019070614404098722,4.2061550983006155,23.190960079352074
10019.469,0.001064487618967767,4.206150734442199,23.182282818371185
10022.203,-0.002825372485027617,4.206219675924505,23.18791362709461
10024.922,-0.003554523525002038,4.206026071662056,23.19095130467445
10027.688,-0.0012901045152650063,4.2062455084859875,23.190411336450985
10030.422,-0.00391019487505112,4.206462649571951,23.181457627577974
10033.157,-0.0021689324264963215,4.206111848498615,23.18050678506654
10035.907,0.0017678641779889297,4.206385356755907,23.180268502937164
10038.641,-0.0031296773112669467,4.206131398704552,23.18552474953114
10041.375,-0.0017937243136201429,4.206213142755592,23.184839705604595
10044.141,-0.0013113738919320612,4.2062983882532405,23.176633397095877
10046.875,-0.0007608027174744245,4.205959886964873,23.181261092592347
10049.61,-0.0011858300260957908,4.2064001118597245,23.185978259256245
10052.344,-0.0043371837472382605,4.206228425225025,23.186998406168133
10055.078,-0.0005410893106331117,4.206115959310205,23.181283764801904
10057.813,-0.0014756692878486223,4.206104082752539,23.178896760791506
10060.547,-0.0009728267409450732,4.206167985179702,23.17744831316971
10063.282,-0.0021876288724079207,4.206269013170071,23.1844479930125
10066.016,-0.0026980452827269517,4.206060316115528,23.181442285692796
10068.75,-0.00546755868385504,4.206289333022243,23.174683976900443
10071.485,-0.003355744209895274,4.206211930851757,23.176237693835603
10074.219,-0.002835128806586303,4.206300484116711,23.17698371119832
10076.953,-0.001772684631235974,4.206007952156714,23.17210393381506
10079.703,-0.0008846445159494963,4.206174012893723,23.17394156794283
10082.438,-0.003177211897272272,4.2060585148622875,23.186567459969293
10085.172,-0.00024632029619134273,4.2060211419212346,23.1819309540753
10087.907,-0.002030052013472444,4.206234554582675,23.174796167550095
10090.641,-0.0018418420373229232,4.2060706771010095,23.17949307879654
10093.375,-0.0011441226263203407,4.205813042256806,23.183386855980725
10096.125,-0.000509797305063755,4.206010905974441,23.18297965664897
10098.86,-0.001438312570773661,4.206100498323404,23.18446093356652
10101.594,0.00033944212844264234,4.206144115302845,23.185307872680887
10104.328,-0.002007592614295084,4.205999598575957,23.18351945202119
10107.063,-0.0018712281276292027,4.206218359291103,23.183150718927582
10109.797,-0.004180071002585948,4.206210090677055,23.180808215307806
10112.532,-0.002720175549163232,4.205880289767566,23.183741119146294
10115.266,0.0005790436443058232,4.206058626906522,23.18434117961289
10117.985,-0.0020563155367413935,4.206016669857103,23.182454246334228
10120.719,-0.0007636587120995478,4.2062321657256,23.184060255213986
10123.453,0.00032733906947981785,4.206032566980939,23.188611915063266
10126.188,-0.004960079296541315,4.206116143347479,23.183864442935562
10128.938,-0.004637667962226837,4.205930135637707,23.18665179987476
10131.672,-0.0037029801872074997,4.206262467620589,23.18821475578831
10134.391,-0.0005999579621693234,4.205827617531149,23.18567599664466
10137.125,0.0010045126288000087,4.205968386965723,23.185608788193644
10139.875,-0.0030882915787093105,4.206053541070282,23.175803304163512
10142.61,-0.0062813522343626044,4.205877582354165,23.17745552090594
10145.328,-0.003240277968535231,4.206072659877505,23.177814045218298
10148.063,-0.003004989948291956,4.2061805463502,23.172563581222878
10150.813,-0.003305498472464285,4.2061686790439685,23.17178436272291
10153.547,-0.002866152766508103,4.205751710936476,23.17435228890011
10156.282,-0.003804293412812958,4.205980227464846,23.170626127507713
10159.016,-2.754308532859952e-06,4.205852679523918,23.17104321214922
10161.75,5.880721982474349e-05,4.205654874399469,23.171814646933313
10164.485,-0.006252264289183801,4.205990607241105,23.1725164056485
10167.219,-0.001806765996900348,4.205936084223881,23.173804984920096
10169.953,-0.00071600308214769,4.206221097110069,23.167859880786462
10172.703,-0.0008563568767319445,4.206138709847878,23.16363012055697
10175.438,-0.0031709739856243444,4.205823699889771,23.16685732423808
10178.188,-0.004387422640001511,4.205548727214582,23.162011647559755
10180.922,-0.0007802019030925811,4.206000971633533,23.174696846838838
10183.657,-0.0018762249686092947,4.206047084650054,23.16615817619414
10186.391,-0.0018690669097049576,4.205765424062441,23.170448365892035
10189.141,-0.002858762795538091,4.205894911275429,23.168195606351173
10191.875,-0.00044665115906174544,4.205872997509708,23.16669907467137
10194.594,-0.0016606858579929766,4.205703373177618,23.172802188566486
10197.328,-0.008414672081998297,4.205749079969344,23.171230599536454
10200.078,0.0010031774365881435,4.205752071061957,23.17921525256125
10202.797,-0.0015120171699019862,4.205767719374626,23.178473894350436
10205.532,-0.005145549300475037,4.205912321901022,23.173483653778202
10208.266,-0.00565039404921997,4.2059447023187335,23.17168293045869
10211.0,-0.0020525103257819856,4.205765955862532,23.176490619889105
10213.735,-0.0030620167603069774,4.206041416427917,23.1910145257705
10216.485,-0.0011237979361279921,4.205860044841544,23.18441325874522
10219.219,-0.004367033037886598,4.206002438282035,23.18798547100124
10221.938,-0.003222932125818355,4.205785306111879,23.1882381829384
10224.672,-0.0015215334383664144,4.20579086869587,23.184211880095948
10227.407,-0.0007985017445231077,4.205522003880993,23.182456648292842
10230.141,-0.0014487787738262233,4.205700333654423,23.18249476222329
10232.875,-0.004101151118642909,4.2057195577131266,23.178455264167034
10235.61,-0.001831828920031532,4.205903493709215,23.181411760277435
10238.328,-0.004522938364219129,4.205635707636939,23.172971680083247
10241.063,-0.0010245383406374889,4.2060483903288715,23.174694966813366
10243.797,-0.003964752778088912,4.205909149216323,23.17464563071721
10246.532,-0.0019518332874922416,4.205702691777033,23.178606877126704
10249.282,-0.0023952941260513756,4.205769313417844,23.177231733051297
10252.016,-0.0029566301401859527,4.205860891252224,23.169412458218797
10254.735,-0.00463885554717307,4.205685817101287,23.17832366754848
10257.469,-0.0007859698769661094,4.205782223907784,23.180713391933697
10260.203,-0.0022826812243054266,4.205678267676841,23.177854138303548
10262.938,-0.00013906860971806608,4.2058954599602645,23.182102673573688
10265.672,-0.0036457314670926486,4.205768554711056,23.184695992139137
10268.407,-0.001024809122634004,4.205502700323963,23.18931123362643
10271.125,0.00019759671199789502,4.205841965674349,23.188705976276307
10273.86,-0.006116378121167313,4.205938614495749,23.18589546610856
10276.594,-0.00038196407932140886,4.20545804526407,23.180830172360835
10279.328,-0.003436832791593387,4.205622120580165,23.185510176334624
10282.078,-0.0002074147390136614,4.20577991279589,23.180528688066325
10284.813,-0.005363281727747481,4.205818212200321,23.175174458915276
10287.532,-0.0028780422869453893,4.205516528316322,23.17591172500571
10290.266,-0.001754461385647653,4.2056365599006105,23.163642332941627
10293.0,-0.005720287489242365,4.205409505697422,23.167819150688768
10295.735,-0.0032195214763598317,4.20570789763511,23.173485543988917
10298.469,-0.0054944029972494755,4.205594418939976,23.168022045207543
10301.219,-0.0007855535406727207,4.205599135926463,23.169674535578395
10303.953,-0.003571609680892651,4.205693565249473,23.17193092594197
10306.688,0.0006549179025658031,4.20574351165734,23.17770422599039
10309.422,-0.002565465720034951,4.205609250557832,23.16937508055065
10312.157,-0.00610149515511932,4.2053212689208594,23.172266295601702
10314.891,-0.0005597754461109706,4.20547296446632,23.17571435211644
10317.657,-0.001925922420506248,4.205491295169773,23.178817156833095
10320.391,-0.0014636639515937105,4.205646216049857,23.176838322365878
10323.125,-0.0053020227080529045,4.2054282964134035,23.179308875925805
10325.875,-0.002981185299017123,4.205482950650424,23.176612039178412
10328.61,-0.003075777169065194,4.205523730442917,23.172053020869804
10331.344,-0.0024324492043996102,4.205578047695838,23.17640870077634
10334.078,-0.001534359518655037,4.20552489555276,23.167313957236118
10336.813,-0.0029650691432867838,4.205398992837906,23.165745376585715
10339.547,-0.003908926707150151,4.205545653248094,23.182501923588045
10342.282,-0.0012958940626066387,4.205492074465394,23.181238044033147
10345.016,-0.001855418169219616,4.2055551150251995,23.180225413512886
10347.75,0.002449178632288955,4.205614337565739,23.167508558728777
10350.485,-0.00013126599121124967,4.205651946370744,23.172155091075204
10353.203,-0.004943181393264098,4.2056286918602925,23.174996938768007
10355.938,-0.004841350094130904,4.205380673586946,23.179171782320704
10358.688,-0.0035525500325099394,4.205397005719378,23.18058744263959
10361.422,-0.0049326283878093815,4.205317156336303,23.17737715554143
10364.157,-0.002257461107148167,4.205355782570292,23.177388411876162
10366.891,-0.00010312170936509123,4.205443294967384,23.180360231251925
10369.625,-0.0032309133159544074,4.205314705915938,23.173451663113173
10372.36,-0.002080173092018672,4.205400378155548,23.17343184630293
10375.094,-0.0015594933918623786,4.205543377120359,23.16848742341856
10377.828,-0.0016734673222449932,4.205439199440081,23.174049184393365
10380.563,-0.0012503642949118674,4.205574403316552,23.171008653936838
10383.297,-0.004459331790821173,4.205315362124798,23.172933411984104
10386.032,-0.005090246869647841,4.205335082802802,23.171007946295546
10388.766,-0.00045552115425062135,4.205492263620036,23.180024838630032
10391.516,-0.0021808994723978435,4.205487053469618,23.173930469317956
10394.25,-0.008304489504941203,4.205296933989938,23.17699545051721
10396.985,-0.0015257000986708613,4.205661262628282,23.176455111838827
10399.719,-0.0011185626572456997,4.205436747444537,23.178160315284714
10402.453,0.0004472906491033566,4.205472258683626,23.174001907660415
10405.188,-0.0026937220394473694,4.205320778723817,23.16474340551678
10407.938,0.000698569672893977,4.205350380350233,23.16939920177761
10410.672,-0.0005755057953439848,4.205452547988497,23.174750407574937
10413.407,-0.002084560629125693,4.205340803785003,23.173467208155024
10416.141,-0.0013922713157433872,4.205444519256461,23.175603680271028
10418.875,-0.006274086158645137,4.2052929365267495,23.18150014334013
10421.61,-0.0013927584415946146,4.205533663673486,23.19177664180507
10424.36,-0.004215451070681784,4.205347670301463,23.187870312498855
10427.094,-0.0026853455627576647,4.205328520298701,23.18642614519242
10429.828,-0.0038988735755736237,4.205328306219915,23.190665192931135
10432.563,-0.004139923128250161,4.205299842367145,23.185285128663413
10435.297,-0.003520155103265369,4.205436041404249,23.185210696198723
10438.032,-0.0007360382815425216,4.20555027913625,23.187071238067812
10440.782,-0.0002680612727939393,4.20542872727298,23.1786661724124
10443.516,-0.0024377316029740113,4.205420063379922,23.177932287271688
10446.282,-0.0027944268815283764,4.205509928082865,23.178738750743463
10449.016,-0.0021359026076383015,4.205287605995486,23.1743325511022
10451.75,-0.0036622986052175462,4.205309614211679,23.17200286018552
10454.485,-0.004259195752457183,4.2051669076123765,23.181146472359618
10457.219,-0.0030946649491825616,4.205243330562208,23.18063849912612
10459.953,-0.0024491811930106517,4.2052592798457775,23.175926186501584
10462.719,0.000729871152981558,4.205251103196262,23.174492178905727
10465.453,-0.002570549812430736,4.20544955407282,23.17880868771328
10468.203,-0.0010512408581438517,4.2055062054629735,23.169147306484465
10470.938,0.0006017095877827822,4.205314564396332,23.17689346986604
10473.672,-0.004023507392727235,4.2053496178153305,23.178952969826355
10476.407,-0.0029877696451946685,4.205110405156501,23.181776006178925
10479.125,-0.001996704669609286,4.205377806906426,23.185641912888546
10481.875,-0.0027780254427437253,4.205170253464615,23.172433438321338
10484.61,0.00024289124795663706,4.205327142830707,23.175910076643856
10487.344,-0.005415772426625424,4.205257156117568,23.172292066245436
10490.078,-0.0020889460730606022,4.205291751213187,23.180588597872315
10492.813,-0.0028707057898065716,4.205243048626609,23.176748251840788
10495.547,-0.001168859626873215,4.205434086202214,23.172740183415517
10498.282,-0.0034632269462187065,4.205184635672249,23.170411278455035
10501.016,-0.0026772212947889186,4.205283138690645,23.165761483361607
10503.75,-0.004087541955173638,4.205226215091699,23.169211997093527
10506.485,-0.0015158517210675617,4.205125325235757,23.167631527807046
10509.219,-0.0005732338449052969,4.205037046095764,23.176785430003186
10511.953,-0.0029952086482971253,4.20515641624101,23.176612057041808
10514.688,-0.0031465438851384017,4.205006972384063,23.170633301220427
10517.422,-0.004536370990692966,4.205043021126964,23.170280127852166
10520.157,-0.0065340098194498755,4.205302717833875,23.16823759494985
10522.907,-0.004437911562373527,4.205203089410574,23.164114270638247
10525.641,0.0006750787077329498,4.20512746697278,23.168663386168166
10528.36,0.0009403880752744053,4.205249561423297,23.170263494439087
10531.094,-0.0009103340583307745,4.204956656823984,23.172863853360877
10533.828,-0.0018614570739676236,4.205330779368009,23.171459211084183
10536.563,-0.0013718595878457528,4.205141175399611,23.173686035996262
10539.313,-0.0005395225073537976,4.205313503337648,23.16833635875331
10542.047,-0.00031903149928037486,4.205116807924433,23.17693591137826
10544.766,-0.0010114638353732586,4.2049892727858404,23.173874671475676
10547.5,-0.002391805212773999,4.205262307190488,23.170906553219577
10550.25,-0.0002182389970039455,4.205382297722584,23.17650689947526
10552.985,0.0024025241213913254,4.2049838952732745,23.175255902413518
10555.719,-0.0022757213070916335,4.205228102638202,23.17617463417257
10558.453,0.002415833707710866,4.204786286676311,23.18145223362301
10561.172,-0.001010462254350895,4.204990007534138,23.176661554728813
10563.907,-0.002902469466885264,4.205143528270104,23.179663751780954
10566.657,0.00025640951633909234,4.205035528641221,23.186127526226084
10569.391,0.0010555416584622091,4.205061531889313,23.179941416858547
10572.125,-0.001876478424975501,4.204904515816356,23.173244036632703
10574.891,-0.001907255891212808,4.204946782430257,23.17805962949821
10577.625,-0.0031478726795775174,4.204946459215364,23.18443358450908
10580.36,-0.0017872593638848782,4.205196975670457,23.183367967093233
10583.094,-0.0028961480836408437,4.205100044854134,23.173107360550418
10585.828,-0.0005929291323297787,4.205109134479784,23.179108166606543
10588.578,-0.0037328328304941216,4.204944930466003,23.18053907509166
10591.328,0.0011715995343573986,4.20537224123383,23.175204828977584
10594.078,-0.003998215342680146,4.205083787624657,23.169817898845906
10596.813,-0.0026372089169749793,4.205129904662064,23.171103140579852
10599.547,-4.8511368340716975e-06,4.204794267436169,23.17338963681376
10602.282,-0.0032051828498080963,4.205142300119714,23.17431076476279
10605.016,-0.0005423322125451118,4.2049873349742315,23.17333913176327
10607.75,-0.0029657072110554315,4.2051146556841035,23.185215367752832
10610.5,0.0010725901570438877,4.205161931996071,23.189475372425708
10613.235,-0.00437935942006324,4.205246107699303,23.188638197422694
10615.969,-0.006084502510372037,4.204836506877386,23.18547732359862
10618.703,0.001376989991590879,4.2049512355486405,23.17691164514818
10621.438,-0.0018526911925515737,4.2050941422599415,23.187727505862565
10624.172,-0.001074082566415869,4.205145556753823,23.183468501305725
10626.922,-0.002191631500660096,4.205208760708231,23.186961022712545
10629.657,-0.003534373307854636,4.20490253704379,23.179399593790194
10632.391,-0.003268363112286147,4.205391244542152,23.17942615245152
10635.125,-0.0018056670639200257,4.204886997285016,23.175155587339535
10637.86,0.00021420954475401757,4.20474004553377,23.174478257767557
10640.594,-0.003910877514312725,4.205008510464513,23.176031785693045
10643.344,-0.0017986822054399788,4.204891302735165,23.16476469043409
10646.078,-0.002153037730553736,4.205075102003265,23.167563875830822
10648.813,-0.002200319195983411,4.204950961094694,23.16630801701031
10651.547,-0.0005008485909099573,4.204877146493549,23.172472413346995
10654.282,-0.001700385364144526,4.205068943028263,23.167703514428535
10657.016,-0.002739220301480003,4.204832022910888,23.171969329332338
10659.766,-0.0003817781518844548,4.204894835172082,23.170055234113864
10662.5,0.0008155809611165995,4.205065335379656,23.175322903984604
10665.235,-0.0029628059538518506,4.204838101670801,23.176059669069073
10667.969,-0.001611491850808137,4.204780696568616,23.178708256458005
