time,current,voltage,temperature
0.0,-0.0029204384813839995,3.580926000715078,26.864487085533906
2.5,-2.258186681343964,3.384148738889905,26.87126860012951
5.125,1.4917200104380641,3.6965311931337186,26.881908349464254
7.625,1.4906930591876704,3.7081321480628118,26.871837703212744
10.094000000000001,1.4886960821954225,3.7160904197605777,26.856511912597384
12.625,1.4924403597964155,3.7235649666552058,26.841155921170696
15.171999999999997,1.4872693362657687,3.7294185722650184,26.826764388776944
17.686999999999998,1.4915953466645808,3.7351717282124874,26.810457479255458
20.219,1.4914985436921957,3.740383468170025,26.795326887859694
22.671999999999997,1.4906778379998056,3.7448977206688077,26.781156424939493
25.156,1.4901282579703514,3.7493883351776525,26.754022679241093
27.656,1.491031238511051,3.7536585728576726,26.73280379690004
30.125,1.490571092390573,3.757385225695262,26.709904044846645
32.593999999999994,1.488526492929158,3.7615964557160977,26.690736648930898
35.108999999999995,1.4916151898239376,3.765649846009728,26.69360905569131
37.641,1.4920458380157298,3.769183068843911,26.676261797813467
40.156,1.4916840117674877,3.7725530557742006,26.655568185020908
42.641,1.4920208909917887,3.7763442389557027,26.633796862414783
45.093999999999994,1.493747557613031,3.7793675650094323,26.606867990279493
47.578,1.4890605199984885,3.782581705009319,26.597305130869366
50.047,1.4890535784303127,3.785877306624614,26.58115196673556
52.562,1.4927328215146884,3.7888300040417024,26.566102669030858
55.093999999999994,1.494515394949424,3.7921086555494066,26.550210636608554
57.672,1.4916962287365583,3.7949299354909978,26.530875288430575
60.141,1.4902802013237928,3.7974667949915135,26.524240295933804
62.625,1.4900907715354,3.8005866592189745,26.5246529028392
65.094,1.4903305137566543,3.802891243960558,26.511177551189725
67.562,1.4929567184980996,3.805382035611752,26.499284649464006
70.031,1.4918761927974657,3.807745615430695,26.481687370901387
72.562,1.4924601788797571,3.810225133914754,26.468528674451242
75.078,1.4919335657672146,3.8127530116851616,26.450476714566065
77.60900000000001,1.4931887393207322,3.814741072981775,26.43220614157019
80.125,1.488816856551688,3.8167330423502395,26.422551026241244
82.672,1.4919205188300537,3.8186843107947936,26.408631842842425
85.156,1.4904011051404595,3.820366464900448,26.389654959199593
87.672,1.4915034589709353,3.8221912100799997,26.383835304810436
90.187,1.4906718216209958,3.8235556187157433,26.371856881729364
92.719,1.4903996246219644,3.8252290165823752,26.365398916494478
95.234,1.4923696682442067,3.8267543477431865,26.33670991760765
97.76599999999999,1.491037522732458,3.8279225110494846,26.32142229902216
100.281,1.4904076308839527,3.8291246536935066,26.305596839527766
102.797,1.490825751278152,3.830488545512798,26.295128676753706
105.328,1.489715410904036,3.8316414260539227,26.294207395950707
107.859,1.4902650298986442,3.8326777623434594,26.284315949799154
110.375,1.489095853857493,3.8337626948224273,26.28096296413461
112.89099999999999,1.4923650929008159,3.8346074559029213,26.266004316638856
115.422,1.4896477135274617,3.835393461025557,26.26078907998655
117.937,1.4914554249733492,3.836262904726972,26.256829635982857
120.469,1.4919904096073597,3.837159958008209,26.243951601225753
122.98400000000001,1.4899847965257478,3.8380787650858976,26.227548085498025
125.453,1.4903168568611642,3.8386670779049767,26.22180527121525
127.922,1.4903795124119033,3.839441031144507,26.208744110093303
130.391,1.4920802322085518,3.8401167556915357,26.20678662288309
132.906,1.4905357232314524,3.84095451819069,26.19732840993697
135.422,1.4910979036170802,3.841346692511404,26.185455907508015
137.953,1.4918624764534933,3.841891212551385,26.18153374665081
140.469,1.489873456921704,3.842582163754009,26.169720548766193
143.0,1.4874932465236974,3.8434956508407603,26.16149720630069
145.516,1.4922247194328695,3.844060434052337,26.151818238341978
148.047,1.4922917692653255,3.8443696273941965,26.14380494997071
150.562,1.4912590527936767,3.8449236627806735,26.13021552228908
153.078,1.4917969819759132,3.845666449115907,26.123515814441042
155.609,1.4946548245491311,3.8461806424989238,26.119994716421473
158.156,1.4921262578053758,3.8467087453108224,26.10987204721779
160.687,1.491061055095992,3.8471088192673424,26.1071818556549
163.203,1.4899835211475865,3.847892654835991,26.098744416353338
165.781,1.4923044255717466,3.848480432911918,26.090635582779413
168.25,1.4922405109457835,3.8489348873767875,26.087862274456892
170.75,1.4906118656764564,3.849705333223047,26.074377340874783
173.266,1.4914492432250217,3.8499342104379264,26.064139383845173
175.781,1.4900899152929654,3.8505971608954126,26.0502865846616
178.297,1.4930312223735316,3.8514006584644402,26.057204403161844
180.828,1.492786758604639,3.8514569079461562,26.047145430409756
183.344,1.4911552352899355,3.8521471324447414,26.036685500727103
185.875,1.489729096745325,3.853062753056517,26.035821443539433
188.391,1.4914206022914107,3.853691465562419,26.025167014652308
190.906,1.4890484051008044,3.853974650752155,26.01420386931029
193.437,1.4902340373995466,3.8544093248916584,26.009568158558096
195.953,1.4901659755728183,3.855688448151473,26.01155206094576
198.484,1.4896511162261046,3.8555520994775234,26.012269024333754
201.0,1.4909769171268277,3.8563624579779163,26.010485194065993
203.516,1.4899107504490727,3.85669189095417,25.997931123099743
206.047,1.490574072061002,3.8571637223186865,25.993676758600017
208.562,1.4896487053544476,3.8579902825523305,25.992326399716028
211.062,1.4905014692273983,3.85851760869384,25.977565175764802
213.531,1.4913996763543307,3.8591663244293426,25.980975098443626
216.047,1.493515155489024,3.8594171952651224,25.975802899671834
218.562,1.4918864453585015,3.859986420244023,25.971218812208047
221.094,1.4910111621989608,3.8606569514295836,25.964947528067007
223.609,1.4937681353106838,3.8612014513922785,25.96227687332701
226.141,1.4904285713488137,3.8616794323657593,25.962942028393396
228.656,1.491247826262395,3.8623641037010987,25.95272948315523
231.187,1.4918215188204997,3.8628709886800565,25.938627840350414
233.703,1.4917158694300328,3.8633685557895854,25.936935217628886
236.219,1.4912227961582285,3.8639632154218675,25.93649483644096
238.75,1.4907087666410372,3.8643928292354532,25.929099844617795
241.266,1.4917811189516403,3.8652401602205533,25.92006053529185
243.797,1.4891549462021298,3.8657263637107686,25.91557874390148
246.312,1.4908853864196614,3.8661446195228675,25.905451877084495
248.828,1.4933250360661985,3.8668263029275796,25.905031628868077
251.359,1.4913605278212219,3.8670853471846733,25.899469474591086
253.875,1.4898367684070957,3.867928302905418,25.899114441165267
256.375,1.4902597121433243,3.8683568274582343,25.892336687209134
258.859,1.4916238958220367,3.868844098499722,25.889406947534916
261.328,1.4913784808654265,3.869567347720043,25.88505887907165
263.812,1.490279606962752,3.8699446177036734,25.878199902413087
266.328,1.4908200336316637,3.870478656930453,25.874506630698022
268.859,1.4916543590100715,3.8711908081842688,25.86999973014128
271.375,1.4925269496745341,3.8715465409992396,25.857885647554692
273.906,1.4919887824291753,3.8721458639605024,25.854776508726268
276.422,1.490985031232374,3.8724575495820295,25.845844507615904
278.953,1.4909287845828272,3.873147017496173,25.842735115289713
281.469,1.4933560654738174,3.873860004004485,25.844608668090867
283.937,1.4885515755351386,3.8741852113666413,25.841138074279478
286.406,1.489524786481014,3.8748407609793873,25.835389735356735
288.875,1.4932111586398853,3.8751921454514697,25.831715657923972
291.391,1.4881571913786216,3.8757752508370973,25.83319595781343
293.922,1.4931723713724647,3.8761777307159764,25.838685407274504
296.437,1.4888584779923226,3.876796526692268,25.83382416542335
298.969,1.4893766137362525,3.8773904688509817,25.823991356855718
301.484,1.4904257216723704,3.8778297949652445,25.826198887138624
304.016,1.4923931158504984,3.878366564476437,25.824189375116557
306.531,1.4925359157323466,3.878892146120814,25.825345834797243
309.047,1.4923134263632525,3.879658120297987,25.82356371612744
311.578,1.491606437201352,3.8797499809759155,25.82129959345251
314.094,1.4910229965599469,3.8803394280860526,25.81335768860791
316.625,1.4914981637469242,3.8811799106432336,25.813141144869004
319.141,1.4915621306480167,3.8813460043621775,25.80692994030452
321.656,1.4879625862343544,3.8819220639177745,25.806484841558444
324.187,1.4907371512951706,3.8824262417929396,25.804765169427455
326.703,1.4888020006617406,3.882769091054933,25.801859713199672
329.297,1.4932570788134418,3.8834487678977814,25.794437389968085
331.75,1.490861312637349,3.884129853440857,25.79041977370193
334.219,1.4944741208532057,3.8843684019158027,25.78712016382438
336.75,1.4904683268791503,3.8849397082484365,25.789055106066684
339.219,1.4889267965998105,3.885543515246741,25.78812430945045
341.687,1.4912080818481688,3.885967954813984,25.79120331657121
344.156,1.4897310494883043,3.8866885624696788,25.785243768895093
346.625,1.4915837687360438,3.8869666377879724,25.77611579294434
349.109,1.4919654107876126,3.887365984390093,25.776428313092772
351.625,1.4908759621683574,3.8879894918321387,25.767638837325393
354.156,1.4904866200300229,3.888444692837113,25.75789142295998
356.672,1.488836222543997,3.889089561544339,25.76206931259707
359.203,1.4917418996266476,3.889319571221993,25.75282284549349
361.719,1.4934981181608318,3.8900522212572723,25.756261836817767
364.25,1.490076629668053,3.8904384291178236,25.751521223390373
366.766,1.4921694795304874,3.891214231711156,25.748822928711736
369.281,1.4900234121675235,3.891222447044061,25.743719409254137
371.812,1.4926728597764134,3.891935575682434,25.741072686889996
374.328,1.488162765677905,3.8924928105419805,25.73754022290534
376.859,1.4934937146690481,3.8929036292713692,25.73921740338438
379.375,1.4919125302111225,3.893328518593896,25.736249587323517
381.891,1.4905678030934055,3.8939317048531077,25.730497539662007
384.422,1.4885409420194677,3.893952339613545,25.732243359835593
386.937,1.4922835925713878,3.894876251396144,25.72859767013702
389.469,1.4925055979987258,3.8952276064553435,25.733511801732373
391.922,1.4878921161758678,3.8956852441507808,25.737590197838625
394.422,1.4917911201253682,3.8962288629952093,25.73622255592491
396.937,1.4904988752068857,3.8967440502587496,25.725563916511675
399.453,1.492059660205172,3.8971910609444693,25.719713695115246
401.984,1.4905616816923373,3.8977652864390886,25.717249653555893
404.5,1.4904162965387429,3.8980581606831115,25.710077506145968
407.031,1.4918474155330252,3.8985115848399303,25.718195450023668
409.547,1.4907342062346367,3.8992953041790814,25.714806926826217
412.078,1.4900669702683462,3.8994126976379944,25.714263568961087
414.594,1.4895559365529873,3.89992364333554,25.71129117542679
417.125,1.4913887866714517,3.9005549393637162,25.712775715228904
419.641,1.4932506562391754,3.9009286166630117,25.706141608916646
422.172,1.4919571137320409,3.9013109891789988,25.701177362784968
424.687,1.4917496072646959,3.9018459073326355,25.703248744860623
427.203,1.490224149684249,3.901989647674287,25.70206970419345
429.734,1.4909632432151056,3.902589959684923,25.697794415932908
432.25,1.4893628761304678,3.903236543602752,25.693796807215662
434.781,1.4874256986097985,3.9037066469147117,25.698780095023686
437.297,1.4903843954013272,3.9040955510246524,25.697707232834585
439.812,1.4906530922749446,3.9045392880876992,25.694395811268386
442.344,1.4895650792830728,3.905069158009378,25.695816301943378
444.859,1.491804148623817,3.9054561907793635,25.69713138504494
447.391,1.4933661961580431,3.9060055733704444,25.68583351737309
449.906,1.489160778416566,3.906116036940978,25.687007252297658
452.375,1.490627181897603,3.906740530534694,25.68734047433467
454.844,1.4894563905735136,3.907350505583737,25.6877578249963
457.312,1.4913546326463307,3.9077598888451104,25.68236148362204
459.766,1.4911695097704594,3.907907240279734,25.67452034407691
462.25,1.490605479488269,3.908418502329184,25.675203418841757
464.703,1.4903469553290096,3.9090608686097568,25.681561175634084
467.187,1.4888696401012511,3.9091163470112678,25.68109681342756
469.656,1.4913563529010203,3.909555823183647,25.67835817368293
472.172,1.4917658816747412,3.9099964457094494,25.67392764780569
474.703,1.493172475590664,3.9107487133563437,25.675933018600073
477.219,1.4903018011470865,3.9110011023174556,25.667836148139834
479.75,1.494188197245971,3.911439202139949,25.667808783469106
482.266,1.4899386010252686,3.911840959055059,25.669259627328593
484.797,1.492367843606285,3.9123963682254286,25.672539656875436
487.312,1.4896418447121007,3.9125572958091217,25.667057436570225
489.828,1.4852267006900153,3.913560360807467,25.664002233599536
492.359,1.4890723650916484,3.913621494811415,25.65930206815053
494.875,1.4900817484782551,3.913951239443151,25.657988224864322
497.406,1.4922028375126892,3.914212514994529,25.662946466297917
499.922,1.49348736701245,3.9145475084957586,25.655793423604507
502.453,1.4910024601476863,3.91490017143066,25.651607655073313
504.969,1.491700056289768,3.9154853307391804,25.644760204255103
507.5,1.4869096682276213,3.9163188625054053,25.645765254306625
510.016,1.4954887721834078,3.916029750801198,25.646839134452645
512.531,1.4922748094405631,3.9164989341390335,25.645655788884767
515.062,1.4932248196218316,3.9169795768035467,25.656116452404802
517.578,1.4950486459937375,3.91744598316658,25.651683323241464
520.109,1.4903963816120083,3.91777695991556,25.64939390614361
522.562,1.490596012201754,3.918082011653513,25.646227496026263
525.047,1.4911786446940605,3.918332768427907,25.641638219514657
527.578,1.4919781314501963,3.918862397683318,25.644298532789485
530.047,1.4922153436621464,3.9190893291317472,25.641762605936144
532.531,1.488756740153243,3.919858505027643,25.639827926170742
535.0,1.4914228477355558,3.919582750882087,25.634072080466822
537.484,1.49234440666918,3.920348729688061,25.62699318199376
540.0,1.491134142323967,3.9205061895616313,25.623634676831003
542.531,1.4944261855380239,3.920834826130305,25.630403836358084
545.047,1.4900360666596961,3.9212998230183485,25.626487290163162
547.562,1.4913854376623736,3.9217541050246383,25.622079331303063
550.094,1.4928547975251458,3.9215479469854273,25.624704328521045
552.609,1.4912571590075232,3.922333244210399,25.625179613792195
555.141,1.4910166904942392,3.9224244082857824,25.627365494394883
557.656,1.487656077813365,3.9228351887961397,25.616969626184712
560.187,1.4910715867289976,3.92337296542494,25.62756969036362
562.703,1.4914440492560488,3.9237174168528353,25.634865484831494
565.219,1.4911553695508755,3.924134236319153,25.62978161664408
567.75,1.4925029653256667,3.9241884093466006,25.621721774141598
570.266,1.4899696455603721,3.9246103795423846,25.62283637272792
572.797,1.4919366714401414,3.924893575026555,25.619680470528788
575.312,1.48902378604744,3.9251671870455223,25.622768187147255
577.844,1.4879256971195747,3.925539084851915,25.610818497023157
580.359,1.49611750203466,3.9256137253945425,25.609951586130663
582.875,1.490137701789513,3.926259228602937,25.61277423414523
585.406,1.4953668255110952,3.9264207078294255,25.61459283136258
587.922,1.4892628561620282,3.9268747447616423,25.612436940307973
590.453,1.4910983227382875,3.926720142446051,25.624631354170088
592.969,1.4919644104709295,3.9274052482486246,25.619651249719713
595.484,1.488933091242913,3.9274664846191993,25.6201217798609
597.953,1.491116115042129,3.927925016136194,25.6214068076511
600.437,1.4890589484649808,3.9281855611647707,25.620789196572314
602.906,1.4930935753082626,3.928528807867887,25.61696673652899
605.375,1.4926169683068382,3.9287935846474547,25.61396315863102
607.859,1.4914169748357746,3.9292024871556004,25.611113537572088
610.375,1.4905709272403245,3.9296267367497384,25.613660384626172
612.906,1.4918435022303458,3.9295282945474814,25.612350621427318
615.375,1.4903048598217954,3.930114898364472,25.612617132698922
617.906,1.4917285819093062,3.9303661599931794,25.611438636774317
620.375,1.490786715816762,3.9305136694920355,25.611632706830886
622.906,1.4916569872280496,3.930877090445375,25.615996600059905
625.422,1.4905830737993164,3.9312644367826812,25.608449035996063
627.953,1.491367301155682,3.931800655476947,25.61581955856713
630.5,1.4908048006443975,3.9315724395709277,25.606344398321625
633.0,1.4896797816179017,3.932281187725752,25.602186353084164
635.469,1.4913449818973021,3.932242195195617,25.602436541384836
637.922,1.4899089559084584,3.9326876376035114,25.601313736359167
640.391,1.4907239306627633,3.932862129939087,25.597684026466762
642.922,1.493729657182078,3.933214308800196,25.58218193528915
645.437,1.4933544346370775,3.9335545476937694,25.586151113586023
647.969,1.4902659704802308,3.933677414670299,25.593996232548403
650.484,1.489993862310738,3.9342425098603844,25.588522675120423
653.016,1.4890052218256682,3.934285819050474,25.589712020983534
655.531,1.491276417392175,3.9344934440914643,25.593504715284343
658.062,1.4915593125966244,3.9347705356816483,25.597031374102677
660.578,1.4931820391673722,3.9349596623218175,25.596346573828114
663.109,1.4923080751935849,3.935351089160887,25.594737930097665
665.625,1.4934048172955503,3.9355220205902697,25.5972167558834
668.141,1.4905305083861484,3.93567597807026,25.594858322586468
670.672,1.49084239575619,3.936244956914227,25.601591482129336
673.187,1.492085435272218,3.9362140053140657,25.596794179933834
675.719,1.4939990938655787,3.9368002406013223,25.58953839506063
678.234,1.4903847635420435,3.936813402643997,25.594152434024153
680.766,1.4891195590607194,3.9373212228155556,25.590440738205967
683.281,1.4899906320341918,3.9376422413058085,25.58925492562439
685.797,1.4890592072146698,3.9374982682971633,25.583980492475945
688.328,1.4898507415287325,3.937865868552295,25.588377823179627
690.844,1.4933076073137366,3.9381979991418072,25.587674585362766
693.375,1.4924845144866956,3.9383705504652524,25.59913462198164
695.922,1.4907937268168592,3.938860049808306,25.5907879591476
698.437,1.4924747371777525,3.9388837975498996,25.59163781910965
700.953,1.4915284381475078,3.9391892513892386,25.591458678817972
703.484,1.4928193080745742,3.939363678233121,25.591834282199198
706.0,1.4915048245978428,3.9398663122445083,25.59816590470655
708.531,1.4942222636547937,3.9397860343031224,25.59512654491149
711.047,1.4929530875712995,3.9402090795868725,25.597803082478578
713.562,1.4914183604278857,3.940417060069263,25.59799748583015
716.094,1.491676808123221,3.940553962086896,25.59442132030844
718.609,1.4935475756509498,3.940939885840403,25.591863945227313
721.141,1.490315721188718,3.941194182154734,25.599748618446135
723.656,1.4891439257447407,3.9414430010639134,25.59859558365773
726.172,1.49022546805516,3.941816074958836,25.592681294308967
728.641,1.4914117092715689,3.941956201038035,25.59796599467359
731.125,1.490291155636177,3.941926142762848,25.597318407845247
733.594,1.4918062185679077,3.942350313144814,25.594252161035886
736.094,1.491142360794412,3.9426827010076733,25.59477390731262
738.562,1.4897287202572504,3.942762550564538,25.598767936841032
741.031,1.4901270431865852,3.9431318607170542,25.60490714299957
743.562,1.4902950682281075,3.943279304285201,25.599465485356486
746.078,1.4902589036947556,3.9435881456617956,25.590115671588997
748.609,1.4921508481129704,3.9435705159579353,25.604173099332527
751.125,1.4888424824026754,3.9439790765173104,25.602578766840235
753.656,1.4915431650971565,3.9442550761298616,25.607584478487507
756.172,1.492373165720318,3.944488667190316,25.594066737843917
758.687,1.4908789365242674,3.9446427479982633,25.592727094780777
761.219,1.4895854010560305,3.94477956811374,25.58630590557701
763.734,1.4916238623852887,3.945436866159837,25.588676603908226
766.266,1.4928281713280829,3.9453171874418946,25.589560966109993
768.781,1.491102484107825,3.9458005343965565,25.591325119860795
771.312,1.491927006067012,3.9457882794775303,25.588011848334546
773.828,1.4906231202960742,3.9461621721800877,25.59221741002358
776.359,1.4949474680547639,3.9466397048126276,25.584317658652704
778.875,1.4895126434923485,3.946388111954901,25.58532620168556
781.406,1.4898117655499645,3.9466197760831667,25.588381284378006
783.922,1.4899786405759732,3.94688504809917,25.585777224412503
786.437,1.4943892958169371,3.9472121556061315,25.59767923725323
788.969,1.4912602127002637,3.9474887798361,25.601604546245056
791.437,1.4914594160912287,3.9475958198245804,25.606476286651876
793.937,1.489520913636506,3.9478760230607,25.60258134830195
796.422,1.4905193065773437,3.948130378802935,25.609789611559165
798.875,1.4896973808236527,3.9482828958709453,25.60738568587318
801.344,1.4906352304448287,3.948374527974434,25.609522575290505
803.875,1.4908154378979714,3.9487668105651266,25.60752655308367
806.391,1.491873550681148,3.9488190841403306,25.611247245989517
808.922,1.4904005669669875,3.949238167423689,25.61022982816405
811.437,1.4900677465787089,3.9493171773163502,25.60617944159269
813.969,1.4911502204680107,3.949567035319516,25.598560935615016
816.484,1.490001711439941,3.949822004252623,25.602889163627662
819.016,1.4926682808654264,3.9500560016144544,25.604023338137186
821.531,1.4939755849735632,3.9503708519344145,25.607862712328163
824.047,1.490881999901438,3.950885813247843,25.609441493378686
826.578,1.4907193183808807,3.9510564792636247,25.60645771730053
829.125,1.494804770788872,3.9511109235136095,25.60958769261967
831.656,1.4894397169307383,3.951317224710128,25.602482484985924
834.172,1.4898577038030927,3.9513798320723135,25.60514703661985
836.703,1.4905152454348476,3.95157284884951,25.605779453822496
839.219,1.4891064785354013,3.9520464892791516,25.611819869864018
841.75,1.4898698008122286,3.9523169454330467,25.616647970144133
844.266,1.4900648746372644,3.952421713940589,25.62130658933672
846.781,1.4912966638046297,3.9527607087379417,25.606757016020264
849.312,1.4895245408767182,3.9526096466290137,25.60897401167885
851.828,1.4902080248379381,3.9531446701109445,25.616210985961533
854.359,1.4926577335759654,3.9531757170709194,25.618475085029665
856.875,1.4919490907773487,3.953415169083824,25.60963324304009
859.406,1.49064312558563,3.9537603091296147,25.617237620036125
861.922,1.4921780894811871,3.9541383174575335,25.630529210357587
864.437,1.4918408110502324,3.95424850495786,25.63024005912866
866.969,1.4922940118044663,3.9545405706800962,25.634153431683387
869.484,1.490973037323693,3.954476087798743,25.630137851529977
872.016,1.494017124715822,3.955069121135855,25.631435047486214
874.531,1.4934035729245592,3.955126666320288,25.628376862627757
877.062,1.491785285283136,3.955276037938226,25.62193064885126
879.578,1.4923925927044792,3.955421855073915,25.621327479870985
882.094,1.4900421164239404,3.955700796942832,25.620101315899063
884.625,1.4934991172098628,3.955889405709031,25.61676651570414
887.141,1.4951431782756568,3.9561314748207352,25.618113033115556
889.672,1.4906371343192166,3.9562318747956127,25.62270153002011
892.219,1.490472069321245,3.956546240556012,25.627823382286554
894.75,1.4925635707319513,3.9570756097725366,25.63428796814966
897.234,1.492104590221719,3.957221853080155,25.625601102152185
899.797,1.491246827952826,3.957095474703666,25.626397697536934
902.297,1.4884994532708677,3.9577469608292315,25.628417448421338
904.766,1.4933617485653994,3.9581272147115114,25.62871429527971
907.281,1.48916707174462,3.958147882555491,25.62751656951516
909.844,1.4908997735668972,3.9584621352531,25.630305794147738
912.359,1.4923184393295958,3.958392895268222,25.629692588805113
914.891,1.4935652626652156,3.9589780404442063,25.633016496890967
917.406,1.4895513956613708,3.958844326549285,25.638106638128964
919.937,1.4878253283222227,3.959299224439088,25.636931580831302
922.453,1.4900624392076667,3.959351828095499,25.64698803457725
924.984,1.4896150349916233,3.959527030109862,25.650405864559747
927.5,1.493014633249289,3.9600330881584833,25.650391138742474
930.016,1.49187597680175,3.9603705824042477,25.65176044586544
932.547,1.4908350165286195,3.960381177766689,25.65392765189112
935.062,1.4922233562413827,3.960530039377949,25.65552052999242
937.594,1.4912215618400355,3.960957065181337,25.656987876926305
940.109,1.490461383936562,3.9608877298870913,25.661713387549575
942.578,1.4911992412975645,3.9609796342149517,25.660711677286425
945.062,1.4905744234662452,3.9614504295048394,25.6567667433664
947.516,1.4913357120813233,3.9617792252361728,25.658849034473384
949.984,1.492424971337089,3.96184085609104,25.666075210809737
952.469,1.4912792938781974,3.9619626541319657,25.667496405245807
955.0,1.4931712989578028,3.9622502312547447,25.666292715245095
957.516,1.4901573113870208,3.962450446054597,25.6757391455799
960.047,1.4883737765140006,3.962609163946511,25.67536793565664
962.562,1.4885817577010805,3.962895540176291,25.680238675093033
965.094,1.4923170413199855,3.963245161461832,25.673773116462815
967.609,1.488520970748721,3.963569131045649,25.672622218067296
970.125,1.4922575697746634,3.963815501003616,25.66969369283011
972.687,1.4898222913568395,3.963918370837649,25.67738362888002
975.203,1.4930038480681034,3.9642872304137513,25.671647098243742
977.719,1.4920646298949236,3.964571062218153,25.68735050433187
980.25,1.4910874179691644,3.9647127526596946,25.687951098886185
982.766,1.4874598910723553,3.964855567022587,25.687445810380673
985.297,1.4961327657195551,3.9650937984091956,25.68200663053185
987.812,1.490930043481193,3.9652154293086572,25.68410192110667
990.328,1.4895707052498026,3.9655427062383986,25.699525301668544
992.859,1.4926531353696602,3.9657507857949867,25.69503991295213
995.375,1.4875771820142496,3.966028359200256,25.694274116359104
997.906,1.4921921041861577,3.9663194072497054,25.69942786510329
1000.422,1.4900671543056543,3.9664309462850103,25.700220223864562
1002.953,1.492864816810133,3.9669280411319647,25.706509012999668
1005.469,1.4878641566572581,3.9667481541616856,25.71153891211282
1008.0,1.48906843665679,3.9672788449752363,25.708419146390188
1010.516,1.4892176814810898,3.967200320640082,25.712195952388193
1013.062,1.4922451404642405,3.9680459747207077,25.7136880821795
1015.562,1.4894049569624457,3.9681662234075046,25.712875575339197
1018.125,1.4914469726300756,3.9681401664465845,25.710394255261882
1020.641,1.4910836769207982,3.9684968500221847,25.708786185364453
1023.109,1.491416261479691,3.9684918075686895,25.701155714513604
1025.594,1.4911098845006874,3.9685455549128625,25.71535586826244
1028.062,1.4921574241830493,3.969016481260035,25.709718363669122
1030.531,1.4918473804809669,3.969233477116733,25.70906806276218
1033.016,1.4907704121121703,3.9694753753152057,25.71251598210989
1035.531,1.4889595897767374,3.969719865624822,25.719295103034355
1038.062,1.4922976508103025,3.970044091871191,25.71775902560349
1040.578,1.4909102882166345,3.970171880266027,25.7260155086032
1043.109,1.4893030344233331,3.9704367572896997,25.717867403891056
1045.625,1.489877049343214,3.9705599080448213,25.72391200164423
1048.156,1.4889521153525114,3.9707416833463975,25.725957415690008
1050.672,1.4913962975288735,3.9713332085827857,25.728676707294486
1053.219,1.4917456590165197,3.971140752139722,25.7300928421337
1055.75,1.49310868682212,3.9714485149888685,25.73065446684977
1058.266,1.4929942155796507,3.9718578331850467,25.740515461647114
1060.781,1.4926310847787674,3.9719332620739047,25.73592131014104
1063.312,1.4910300853867875,3.9724294035883827,25.743899734848465
1065.828,1.4883945930811704,3.972394587685827,25.743356868829178
1068.359,1.4908307500768887,3.9728142835934124,25.75610103807533
1070.875,1.4899133332249355,3.9730120539054483,25.74625304567329
1073.406,1.4919299966865711,3.9733399474105604,25.744067505746642
1075.922,1.4908459432952237,3.973406155877018,25.744679902786125
1078.437,1.4916892789269671,3.9736717869717326,25.752723988812978
1080.969,1.4915183728368093,3.9740209545158196,25.752503707825355
1083.484,1.4894838506655061,3.9742275776078904,25.75913799832806
1086.016,1.4913637011272458,3.974343380037863,25.762008341943538
1088.531,1.4932130082725934,3.9745112908653693,25.761461555847042
1091.062,1.4914899252631173,3.97473293084588,25.765722855929386
1093.578,1.4921427646423122,3.974924667579225,25.766985309665426
1096.094,1.4940607846738276,3.975184863300003,25.771540161355666
1098.625,1.489069458238185,3.9755810175616557,25.767487560177766
1101.141,1.4923292040569178,3.9755688772909963,25.77284290491135
1103.672,1.4894540340792404,3.9761466536774606,25.764542398048064
1106.187,1.4904064338334042,3.975904140495355,25.775719203168826
1108.703,1.4947860032002969,3.9762955916730265,25.782424159364382
1111.234,1.4908500454322444,3.9768079924027435,25.77894578665437
1113.75,1.490180331608572,3.9766080882776387,25.777778683522566
1116.297,1.4935911829916695,3.977377886485078,25.788070095994716
1118.844,1.4900214649888712,3.9773061723021104,25.795381904830197
1121.344,1.4910165825832833,3.977392854480646,25.79565547273415
1123.875,1.4954100835402948,3.9777256021435963,25.800179091095497
1126.344,1.4926946266180645,3.9777820777985764,25.797300316419875
1128.812,1.4890440125386633,3.9782462533750484,25.802177325501624
1131.281,1.493307988718304,3.9783853695509888,25.79870953481061
1133.859,1.4888631951663085,3.9785833564532576,25.809988600187648
1136.391,1.4903983171507207,3.9788370552466676,25.812307160282185
1138.906,1.4925783185419566,3.9792293815141475,25.818775251226715
1141.437,1.4906752332113111,3.979398248574893,25.8204838509308
1143.984,1.490805078257758,3.979589500138145,25.810285754258885
1146.516,1.4905404908933368,3.9797092896766326,25.81426421627302
1149.031,1.4884609963704807,3.9799549351563095,25.818638594292704
1151.562,1.4904363286295865,3.980286248078768,25.819027603422327
1154.078,1.491445928481774,3.980533287371099,25.828108121939994
1156.609,1.4918897377226037,3.9805075912106367,25.831569891582202
1159.125,1.4953042360869278,3.980991764915399,25.831268490827615
1161.641,1.491563838726242,3.9811652168456533,25.82369806489999
1164.172,1.4926297413460683,3.981219787962939,25.832455847049975
1166.687,1.4906939505152565,3.981275564165573,25.846691679185103
1169.219,1.489456861934748,3.9816410463380305,25.838168985488295
1171.734,1.4900418707302938,3.9818206363127073,25.839247803115736
1174.266,1.4911097423115731,3.9822250434574946,25.840978890736718
1176.734,1.4932881329435612,3.9822647038869468,25.843155633950794
1179.203,1.4928059663664033,3.9824841234895616,25.848069763597387
1181.672,1.4926475358109685,3.9830458134735784,25.84814854372034
1184.141,1.4914875992949246,3.9829902795109056,25.846185507775342
1186.625,1.4923978715439459,3.983269420217741,25.853306674952762
1189.156,1.4924057350597626,3.9835147541662086,25.85100227675289
1191.672,1.4925571810217069,3.9839264367922915,25.85394103796274
1194.187,1.491636073593404,3.984150642535571,25.85272340506635
1196.719,1.4916871945359027,3.9841793616991033,25.859504328566487
1199.234,1.4914735573154747,3.9843563859774487,25.862419555046348
1201.766,1.4905823057091152,3.9845433580088363,25.85978143495686
1204.281,1.490611759835699,3.9849661721435106,25.867153533125933
1206.828,1.490330226520112,3.985126643670622,25.873231846795424
1209.359,1.4912812182881465,3.9852291401428372,25.875809596965308
1211.875,1.4903941687114544,3.985492321189754,25.87117195404254
1214.391,1.491778537798114,3.985720009981882,25.875432968954332
1216.922,1.4923696217827835,3.986045209619241,25.878032132343108
1219.437,1.4906249245706364,3.985987261253486,25.882805799107263
1221.969,1.4874101875816421,3.986313395810996,25.88645149086303
1224.484,1.4897199956799223,3.9864610400456475,25.88562324046177
1227.0,1.4905495097017045,3.986845903779884,25.890779975277038
1229.531,1.4900514041256556,3.9869544627568225,25.894515030877013
1232.047,1.4880276210430028,3.987135877317326,25.894071535426395
1234.578,1.4910897266691576,3.987736702526197,25.905457479140807
1237.094,1.4899261532483967,3.987461280558548,25.904425038715868
1239.625,1.4924048728272747,3.9880415750952793,25.904692960160908
1242.141,1.4914685038848543,3.9882275202898296,25.909648368134782
1244.656,1.491778820249626,3.988343704280698,25.91079744996771
1247.25,1.48979788267602,3.9884297373200894,25.90256579299576
1249.75,1.491778294054806,3.9889343777689312,25.906039034446206
1252.266,1.4908879529853545,3.9890920594340686,25.910928965582734
1254.734,1.4920021402372368,3.9891728477258503,25.918795532543033
1257.203,1.4889516709592665,3.9894297228821354,25.91515972503719
1259.672,1.4923195228263024,3.9898158440963907,25.92714366920875
1262.141,1.4950669915493324,3.9897357474920616,25.921709766640124
1264.609,1.4896131616813046,3.9899784256991797,25.92627923458794
1267.078,1.4914182758476016,3.9901420177173375,25.92722669376429
1269.609,1.4900324189759355,3.9905254401857184,25.93314413369389
1272.125,1.4925005936516154,3.9906220414180966,25.936191601444527
1274.656,1.4905325263848006,3.990877817935108,25.935418120781904
1277.172,1.4922975315638949,3.9911648182580586,25.942398397801387
1279.703,1.4912381120997904,3.9915247216106677,25.948578626082856
1282.219,1.491057051809481,3.991512017878497,25.952257392664865
1284.734,1.4889499784106284,3.9920457911743816,25.960887306386947
1287.266,1.4915843069155013,3.992281370874073,25.964235621805376
1289.781,1.4911738242726698,3.9925067513653194,25.965446721580246
1292.312,1.4888036560603157,3.992593857984525,25.96760141532988
1294.828,1.4915256470708111,3.9928234902747737,25.9772295918774
1297.359,1.4927499111887164,3.993009576012655,25.985068414925152
1299.875,1.4916547877153012,3.9932593314511733,25.983091639674086
1302.406,1.4899700113081904,3.9933637281488816,25.9867513477725
1304.922,1.4912653977283339,3.9937972614837074,25.98699510706314
1307.437,1.4901819464212063,3.993644324759202,25.99861145467119
1309.969,1.4894633507545159,3.9940775932041683,25.998423707110263
1312.484,1.4921094664679238,3.9942201277766713,25.98814605338052
1315.016,1.4903845931483175,3.994415670249773,25.98805223640934
1317.531,1.4929957914536174,3.994621218609938,25.988626288179713
1320.0,1.4911127949412617,3.994913248461051,25.99291023677207
1322.469,1.4884915533420753,3.994958164752521,25.997227195847213
1324.937,1.4940106242517859,3.99551006157028,25.996142520867288
1327.406,1.4901644335073712,3.9951931315457676,25.99290656557893
1329.891,1.490637579650565,3.9956593219484486,25.996582716719047
1332.406,1.488670932379339,3.9958018065079464,26.000829327549045
1334.937,1.492235261432685,3.9962493060481283,26.002229652075194
1337.453,1.4931119606647187,3.996571269532894,26.003962006364922
1339.984,1.4900954027994109,3.996572608322061,26.009838156708845
1342.5,1.4913177590198083,3.9968390958180193,26.01014136782932
1345.016,1.4884799242753963,3.9971937604892247,26.01267753286449
1347.547,1.4903702726303985,3.9973643725956296,26.010746452093773
1350.062,1.4888937422222008,3.997340798903408,26.01895085669758
1352.594,1.4938030570075627,3.9978004859236225,26.02820724638362
1355.094,1.4883703225589062,3.9977446691994873,26.027005257208796
1357.625,1.4898549216531616,3.9982640379202614,26.029039868755024
1360.109,1.493692256915718,3.998620214705579,26.03628572245428
1362.609,1.488703542156545,3.9984877919443966,26.040687515535875
1365.125,1.4913748472465786,3.9985450928232673,26.05280774492913
1367.656,1.4946058136741234,3.999355341649274,26.059932443213864
1370.172,1.4916473886637156,3.999554818033514,26.055066056166872
1372.687,1.4919360140309128,3.999254348150667,26.063583898954587
1375.219,1.490389508783891,3.9992189922795283,26.06596874930104
1377.734,1.4909691087367338,3.9998762830241956,26.067491891300662
1380.266,1.4901530766063205,3.999988412203758,26.078295584955026
1382.781,1.491949410623185,4.000329066500722,26.07223017831407
1385.312,1.4896188814019666,4.000796507229152,26.083994495954258
1387.828,1.4915676324983733,4.000830445394825,26.08294314499653
1390.359,1.490586045314749,4.001065288394151,26.0867288187233
1392.875,1.488879586346682,4.0010845868578135,26.091550697490746
1395.406,1.4909306774509181,4.001351610846405,26.100511497490256
1397.922,1.490748720489323,4.001733087724984,26.100242990505368
1400.453,1.4934463099537352,4.001771336833217,26.087465525667707
1402.969,1.489284578340296,4.002018316929627,26.093217605292235
1405.484,1.4897677340165998,4.002662794239031,26.09753267076106
1408.047,1.4910052581209914,4.002502886105793,26.106478454774535
1410.5,1.4954841573503397,4.002870399736695,26.106816560711366
1413.0,1.49369759286134,4.002939524769277,26.104069998246693
1415.469,1.4927655706330556,4.003220550915871,26.10621310669491
1417.937,1.4890588072494069,4.0033967474874625,26.116015590323173
1420.406,1.4902463344666197,4.003789323476932,26.12482884603993
1422.875,1.490645342865094,4.0037590459865635,26.130632214860057
1425.391,1.4933507622305031,4.004146978934226,26.13187144501896
1427.922,1.4915797162770623,4.004056381867016,26.12888600319296
1430.437,1.492225812907832,4.004465808022741,26.137330741257554
1432.953,1.4912845773251313,4.004864214525636,26.142746272348273
1435.484,1.4865712970590248,4.005003981894541,26.146481341666966
1438.0,1.4867441826264316,4.0055089622330815,26.148924859551634
1440.531,1.491102276452658,4.00549573931689,26.144102077841826
1443.047,1.4899365544937992,4.00564261217672,26.16029159410181
1445.578,1.4904043056394516,4.006254329602495,26.162822756611043
1448.094,1.4900736603791356,4.006283080540612,26.158105296916077
1450.656,1.4911784933890977,4.006498500374527,26.166397486738884
1453.172,1.4924796305401749,4.006517367714897,26.16663616200784
1455.703,1.489069435745455,4.006724088445548,26.175296196176063
1458.219,1.491436541547191,4.00731542173099,26.174156922004418
1460.75,1.4927938484872294,4.007165075839675,26.18255866199787
1463.266,1.4894895690771939,4.0074066372228225,26.19307878627636
1465.797,1.4923914323791379,4.00776216672283,26.188209849961577
1468.312,1.4888735629600398,4.007804267322943,26.189737167258603
1470.844,1.4930358455334176,4.008079110301888,26.195160428052397
1473.359,1.4900112647372559,4.008383147274747,26.192309976887977
1475.875,1.4899887519531405,4.008781165190949,26.197412722422484
1478.406,1.4910325298095124,4.008947729453632,26.206652893793084
1480.922,1.4887279841139864,4.009126572482013,26.204877865345072
1483.453,1.4904030794832652,4.009484513786693,26.205329544380792
1485.969,1.4924266027134208,4.009478538911699,26.21389890232316
1488.5,1.4927893443879778,4.009735128707432,26.22200919994179
1491.016,1.4925973805465484,4.009883508684248,26.22170878709509
1493.531,1.490657044116753,4.010293894220161,26.229077174613135
1496.062,1.4892071337823476,4.0106208698526356,26.230560033540222
1498.578,1.4909850287205264,4.010795908766497,26.22912347433378
1501.109,1.492272952522636,4.010921493026941,26.233727763967234
1503.625,1.4931528807226846,4.011417891842721,26.237073823369467
1506.156,1.491118533868876,4.011553842268746,26.233825444810495
1508.672,1.4913233891900641,4.011744785888376,26.23282796214836
1511.25,1.492500676538752,4.011930432285905,26.243050137863
1513.844,1.4896302703074982,4.0120739175525575,26.244409634940958
1516.297,1.4904503294911657,4.01238077034483,26.2478627430256
1518.797,1.4921585125152192,4.012411440953154,26.252600117235605
1521.312,1.4939187322719372,4.012814628292913,26.2530255348257
1523.781,1.4914436212707727,4.012958599793333,26.260952204651545
1526.25,1.4908816287116504,4.0134903459378615,26.2711136506337
1528.766,1.4924068096110263,4.01338327394547,26.263769741629275
1531.234,1.4920182968592983,4.013810320058685,26.264460596382374
1533.703,1.4906353176849931,4.0139333016060315,26.270439130174733
1536.172,1.491862007446569,4.013894313524494,26.27127272074087
1538.656,1.4942214185315847,4.01464578974964,26.27875763781505
1541.125,1.4915189563558873,4.014132505107572,26.280541236466483
1543.641,1.4902232785900509,4.014995438685401,26.287539054941
1546.172,1.492815859565978,4.0150208081913075,26.29071967202272
1548.687,1.494119166707139,4.01548968757454,26.29508707710103
1551.219,1.489299500832105,4.015470401132593,26.290256092279723
1553.734,1.492077587223882,4.0160539873269165,26.291609203824986
1556.266,1.4922394079527614,4.016235818550683,26.29953269962699
1558.781,1.4897885292672755,4.016380403297839,26.30056602148162
1561.312,1.490102599995519,4.016539916062629,26.3006485806666
1563.828,1.4945261890869634,4.016735591735012,26.30829217564172
1566.344,1.4898103800708555,4.016991258930967,26.301571660002356
1568.875,1.489183817550374,4.0175662409195025,26.310759871843448
1571.391,1.4920683161224115,4.017688116576118,26.311483673106206
1573.922,1.4906117605139413,4.018226097591741,26.318369384983495
1576.437,1.4897788397208862,4.018021657842934,26.313314156341686
1578.969,1.4927000968999489,4.018451978184965,26.322124838307687
1581.484,1.4929465018216956,4.018914997244254,26.322944095711254
1584.016,1.487425564366918,4.019124365660982,26.322853595496497
1586.531,1.491663689086439,4.019255362896412,26.328838604900735
1589.047,1.4913946487258294,4.019607834015192,26.331148796601166
1591.578,1.4919123728273562,4.019590386282599,26.34048161938495
1594.141,1.4877035389567423,4.020056601914576,26.342924489363632
1596.656,1.491417051828584,4.020137566116113,26.354347010929352
1599.172,1.494009211948972,4.0204470207279694,26.35430790161188
1601.703,1.4931996456873904,4.0206073368918,26.360088449800475
1604.219,1.4906194935818156,4.020765616717585,26.36019982253091
1606.75,1.4901212899306622,4.021105552604233,26.365761753691398
1609.266,1.4906945865499077,4.021206042618305,26.368536549781634
1611.797,1.4920982410990744,4.02148890186219,26.372591526495516
1614.312,1.4897699952771981,4.021750465164572,26.37681234942391
1616.859,1.4916884997766409,4.022073907260223,26.381358602120567
1619.344,1.4912604262660973,4.022351224888341,26.388954548765298
1621.797,1.4854702129604456,4.023028350622356,26.388214114869147
1624.266,1.4867356722707032,4.0226630758104935,26.38890083454879
1626.797,1.4911402062307422,4.0230198051498585,26.394598415469947
1629.312,1.4908121452959946,4.023922736372836,26.405561034626537
1631.844,1.4941771888691187,4.023442560455526,26.403003954927485
1634.359,1.4944713845664432,4.023583244225051,26.404242452243178
1636.891,1.490323786169941,4.024147406162509,26.4115019304219
1639.406,1.4848353775743754,4.024501987060047,26.412382184942388
1641.922,1.4877341627605147,4.024808580638269,26.41540809801544
1644.453,1.490732411913486,4.025003978594651,26.42317984822159
1646.969,1.492883892756639,4.0254363467692675,26.423704570851676
1649.5,1.4916835187211301,4.025661016754322,26.428136008772036
1652.016,1.4931938715463262,4.0252578153912495,26.43907308227234
1654.547,1.4924256393226556,4.025786374842572,26.42733606243404
1657.062,1.4903583758628272,4.025998931275612,26.4379449493838
1659.594,1.493492463579322,4.026266327632063,26.440221220691786
1662.109,1.490061156088585,4.026501147915373,26.446105038159605
1664.625,1.4889949169375765,4.02684260481315,26.447956905209097
1667.156,1.4880690429568748,4.027089647590373,26.44803151994631
1669.672,1.4899803056729526,4.027353752411482,26.454397650493004
1672.203,1.490618818189331,4.0276458297270885,26.45990425414726
1674.719,1.4935740504749009,4.027875665993533,26.4721531485077
1677.25,1.4942826133581488,4.028500192726551,26.475195349542595
1679.766,1.4919975741028264,4.028612751035166,26.479511048748513
1682.281,1.4910167656764302,4.028811072796748,26.47990035863644
1684.75,1.4933667539497566,4.028991388645499,26.47882642546752
1687.234,1.490855732512593,4.029366743172107,26.478599107827993
1689.687,1.4925139318419425,4.029327781315331,26.48338978168161
1692.172,1.4930018676010308,4.02958207994883,26.4864958428521
1694.641,1.4899407281345307,4.030176702920801,26.493464435763904
1697.156,1.4899525370804598,4.030328763699113,26.498459082285652
1699.687,1.4917584527698629,4.030397899521389,26.49494209892397
1702.203,1.494079007066655,4.0308875929020775,26.500331307197328
1704.734,1.4914873137254177,4.030977186730575,26.51027313996182
1707.25,1.4927569991447058,4.031305237834995,26.508794571931695
1709.766,1.4933649191404106,4.031716167670757,26.51468246497285
1712.25,1.490914339541444,4.03200215847607,26.524490036991484
1714.734,1.4930699222233887,4.031935673220504,26.52614729856402
1717.234,1.4903209528905348,4.03246022647754,26.52803453235404
1719.703,1.4915780009265167,4.0324868888832786,26.537475036310106
1722.187,1.492003657338373,4.03282432829777,26.536071882444237
1724.656,1.4924908599129805,4.033099126144486,26.528076291519028
1727.125,1.4896166967806834,4.033529091262877,26.526207596771993
1729.609,1.4902583730716772,4.033629756861145,26.53821423188163
1732.125,1.4917234400468078,4.03393262520038,26.542715521260238
1734.641,1.4908604106314722,4.03424442859047,26.544774290861135
1737.172,1.4929136328114645,4.034444504811215,26.555814737079064
1739.687,1.4948653528782843,4.034883910276834,26.561431694132583
1742.219,1.4905535651423572,4.035092810796832,26.563908644511343
1744.734,1.4902724887303638,4.035328582357838,26.570207691854794
1747.266,1.4905982905898512,4.035596490331127,26.568308248376415
1749.812,1.4906533143399396,4.035664907562513,26.572189831061564
1752.328,1.4917714627098093,4.036039647036435,26.588326336405686
1754.859,1.4922576058196169,4.036373921992619,26.585508404102722
1757.375,1.4895534336428282,4.036462286331538,26.59317139055356
1759.906,1.491952611196324,4.037030418354279,26.598973553830806
1762.422,1.4905837863583793,4.037193966999748,26.599216679739936
1764.953,1.4950201839598607,4.0376358590756265,26.607174326134455
1767.469,1.4903488055827765,4.037728402897533,26.613579263771236
1769.984,1.4940381356493224,4.037932893333225,26.608759681916446
1772.516,1.493036012406073,4.0381521945664245,26.608419072533422
1775.031,1.4911089051420017,4.038706322658956,26.619456786235524
1777.562,1.49266558439175,4.03874348630959,26.620256452563808
1780.078,1.4906825844496363,4.039200349343719,26.620691952789105
1782.609,1.4922080402021494,4.039447471767373,26.628739639446643
1785.125,1.4890233891864535,4.039495839040948,26.631603409740585
1787.641,1.4945114357031302,4.040195316916853,26.642117430903607
1790.172,1.4932617161395276,4.040327943974104,26.64401389015985
1792.687,1.4930971472277583,4.040485993989633,26.648040139272126
1795.281,1.4904661175357825,4.040825989759394,26.649311494899326
1797.781,1.4903261114217854,4.041028143805196,26.651767949402068
1800.297,1.4933516176050161,4.041406224157387,26.652392484075083
1802.875,1.4924269995616934,4.041602627406363,26.65546684280524
1805.406,1.4939357940693043,4.042076984365947,26.66304673702582
1807.922,1.489834996905407,4.042109509192627,26.66595659269464
1810.453,1.4924316291496962,4.0428206395526685,26.665693142010994
1812.969,1.492530185988488,4.042702609406956,26.675207815114785
1815.484,1.491400738757549,4.043512019397146,26.67101189418325
1818.016,1.4926304835335569,4.043397273455832,26.683074941572396
1820.531,1.4927041771878828,4.043840589860721,26.687225679939914
1823.062,1.493259360365857,4.043837002514545,26.693545992392448
1825.578,1.4886745349665487,4.0441656350164115,26.695380959838676
1828.109,1.4905928141010405,4.044424753613848,26.69972159638667
1830.625,1.4908603841853225,4.044791893080034,26.70694182121621
1833.156,1.4872204404598757,4.045146884926234,26.717769395271674
1835.609,1.4921012401517584,4.045490645062036,26.725202058642502
1838.094,1.4917048160455608,4.045417270994829,26.72622656317259
1840.562,1.4874135306695517,4.046239052887341,26.73179897440448
1843.031,1.4927387200724052,4.046159250879658,26.733873993878635
1845.5,1.4931913155314407,4.0464497059252835,26.72614880525579
1848.031,1.48832525231959,4.0468724204724795,26.724379529873982
1850.547,1.4899466628562779,4.047016593096371,26.729235643172363
1853.078,1.4912000385082052,4.047428505193052,26.734805378785993
1855.594,1.4907111948456604,4.047764995835445,26.730869268814395
1858.109,1.4924909980561063,4.048239964976822,26.733764531309433
1860.641,1.4912482540747205,4.048054566279565,26.742829004570567
1863.156,1.4889384293772208,4.0485083478409445,26.749552834095653
1865.687,1.4921252644189713,4.048925359453446,26.75553514906086
1868.203,1.489107093418302,4.049217644255758,26.758864634027553
1870.734,1.4906974464081602,4.049447990304738,26.75945937826598
1873.219,1.4904544812754665,4.049690927269112,26.769172008658924
1875.734,1.4897096803451708,4.050079928251591,26.77489087548271
1878.297,1.487800686548032,4.050308531632927,26.774602761413163
1880.859,1.4900548643692273,4.050616444036524,26.78149760833832
1883.375,1.4895734021139662,4.050739158226689,26.794499386608088
1885.906,1.490844203976385,4.051293293533014,26.796181444955263
1888.422,1.489703996783833,4.051414742227393,26.805023788314898
1890.953,1.4909221822680445,4.051927031268913,26.802484552741724
1893.469,1.4892013234868307,4.052005428416831,26.798824151306682
1896.0,1.4942349696619923,4.052432453944053,26.79374448665407
1898.516,1.4900011231341344,4.052651221298408,26.800629507220954
1901.047,1.493305319273616,4.053066691223687,26.804549955952844
1903.562,1.4911363387336196,4.053457134331289,26.80667824135577
1906.094,1.4903507790518875,4.0535322722339915,26.81162076645592
1908.609,1.4929076894115478,4.053856112938311,26.8244885691188
1911.141,1.4892523611313022,4.054188057866283,26.829310420926785
1913.594,1.4890515030041835,4.05443587941497,26.825635314027984
1916.078,1.4924121749274153,4.055194716619447,26.834352488026347
1918.547,1.4881951774816113,4.054907982247745,26.840081058997733
1921.016,1.4922725089712976,4.055203604099338,26.838172534915753
1923.484,1.4894533727557355,4.055532008319313,26.841525564180944
1926.016,1.4912700758967579,4.055887068176405,26.857304175505966
1928.531,1.4906500418877275,4.056475123695971,26.857967252320986
1931.062,1.4908292695277388,4.0566287140369255,26.856517200799583
1933.578,1.4894423897059392,4.056893099302136,26.862997201910332
1936.094,1.4915706631150853,4.057348641508887,26.86195778690643
1938.625,1.4877618613609394,4.057369958578827,26.870803712722694
1941.141,1.4892534937863102,4.057823902348759,26.866492382744134
1943.687,1.491674124843479,4.058181939006655,26.869418485925568
1946.219,1.492839431739822,4.0586070455688565,26.878793521787443
1948.734,1.4915217602402504,4.058908148884955,26.89327133981584
1951.266,1.488549723572046,4.059287064505634,26.896466074123865
1953.781,1.4877028335458518,4.059400586352595,26.89771743708907
1956.297,1.4888377688728938,4.059624572704067,26.897597005927516
1958.812,1.4908275155391286,4.0598377904044,26.900795119527526
1961.328,1.4935857422317882,4.06014702056085,26.892362903779603
1963.797,1.4890703059060704,4.060804374455172,26.893858206069144
1966.266,1.4917024127587346,4.061042036997035,26.899234693699412
1968.734,1.4908813378936596,4.061226936925896,26.89585963623857
1971.219,1.4917050300446604,4.061508470500414,26.898346054233603
1973.687,1.4920430218648828,4.061985178228076,26.90450846298845
1976.203,1.4906900378835002,4.062278660334952,26.9141212998281
1978.719,1.489426374966662,4.062638522310242,26.91130775565375
1981.25,1.4937373958596274,4.062487257044736,26.91081105796686
1983.766,1.4908498059714383,4.063181614770923,26.920512455640353
1986.297,1.493694696305304,4.063178023550607,26.925165947718643
1988.812,1.4922043546422836,4.063916706302511,26.937082721325893
1991.344,1.4922607313473537,4.064076610783575,26.944723722301116
1993.859,1.4926447568321772,4.06447918646705,26.943856364799494
1996.406,1.489654080138081,4.064687052398834,26.94237034215144
1998.891,1.4897197543089513,4.065062439382577,26.954033680936394
2001.375,1.4891680557150608,4.065493798579,26.960284867103265
2003.891,1.4893413722355109,4.06589907481975,26.966072637400543
2006.422,1.4923510799834097,4.066311633915898,26.97947222459224
2008.937,1.4902713930312548,4.06627115034931,26.98034912185795
2011.469,1.4948600139721644,4.066758558927667,26.98365174019846
2013.984,1.4908365201768135,4.066986598477326,26.991616613430093
2016.516,1.4931392659505522,4.067208659489894,26.992256852335053
2019.031,1.4893637042430383,4.067651515749034,26.997479535230717
2021.547,1.4895931869456254,4.067809379970032,27.004417560907076
2024.078,1.493230421636385,4.068433861457745,27.005478042630717
2026.594,1.491892779081653,4.0685866237966275,26.998333529877797
2029.125,1.4908466653989032,4.0689050622396365,26.995228890651664
2031.672,1.4907301725487687,4.069133372855642,27.008647013876203
2034.187,1.4906744905844242,4.069528672451782,27.01755366290217
2036.719,1.4896146911499069,4.069902881683335,27.01643014780528
2039.234,1.4902959074718545,4.069974798909008,27.01294220371046
2041.766,1.4940540338238606,4.070650025615871,27.03272291228136
2044.281,1.4911884823159707,4.070966188734053,27.034065558019822
2046.797,1.492338533522837,4.071249625111051,27.035515332456722
2049.328,1.4917786832348572,4.071452513158326,27.04334049905082
2051.844,1.492269748758381,4.071945307062355,27.039808570449935
2054.375,1.488924060625031,4.072077104260599,27.05057926557351
2056.891,1.4888144047218803,4.072529502981675,27.057270725158226
2059.422,1.4906665089782296,4.072880119777529,27.05413909958846
2061.937,1.4924344158904925,4.073102560378822,27.058205710537084
2064.437,1.4913871875293039,4.07332394610192,27.0599240350535
2066.953,1.490189250676368,4.074231969349058,27.06469018240982
2069.453,1.4900454470497495,4.074386903967667,27.065565922971018
2072.0,1.4914533788096482,4.074720204184524,27.074397745008618
2074.469,1.4900468202493686,4.074851156701843,27.0759461811115
2076.953,1.4902032126028921,4.075341066536732,27.084780659065515
2079.422,1.4903347510713345,4.075649354261345,27.087811184376243
2081.891,1.4882436611466199,4.075940655919351,27.086195216918416
2084.359,1.4925098716441811,4.076489622995643,27.096652666948795
2086.875,1.4920207863258121,4.076494257877198,27.099766083768547
2089.406,1.4929301695716837,4.0768441930427075,27.114471146544787
2091.922,1.490377128458009,4.077127434854243,27.1238933475725
2094.453,1.4896317449760288,4.077619258254406,27.12044848900658
2096.969,1.4921442994790877,4.078151762883042,27.11993693111522
2099.5,1.4900888014919116,4.0782953110032505,27.11625079452055
2102.016,1.490448178629758,4.078539627289612,27.122812881628874
2104.578,1.4929761180395082,4.0789737529265135,27.12134924986917
2107.094,1.4904925146331605,4.079476475814421,27.128165155928194
2109.625,1.4930227148836468,4.079933681481722,27.13311633516411
2112.141,1.491353345971529,4.079813492914003,27.137537579850434
2114.672,1.4882169411804902,4.080317051361556,27.13465378233777
2117.187,1.4909816355755132,4.080593821273087,27.1410791256115
2119.719,1.4919433234475892,4.081203571902916,27.15821251017518
2122.234,1.4870237554807058,4.081522643092803,27.151845735447992
2124.766,1.4921147875971716,4.0817484086561695,27.1643124779735
2127.281,1.4921372671509787,4.081997483868075,27.17124040543287
2129.797,1.4909766413108048,4.082586362998213,27.16484813369018
2132.328,1.493085509806877,4.082802081568086,27.165698513082894
2134.844,1.4910972282720383,4.083176787236433,27.172647768270267
2137.375,1.4906190475312076,4.083635832996649,27.18293450526395
2139.891,1.4894792010090319,4.083819426856802,27.182905133839064
2142.375,1.490566405695964,4.083931419525789,27.18963392612123
2144.844,1.4885566660995477,4.084519487066823,27.18488950087304
2147.359,1.489761446916914,4.084677977605035,27.18568250055143
2149.891,1.4916040063299516,4.085226460846599,27.1918383067943
2152.406,1.491802700785199,4.085483513172588,27.200904420498798
2154.922,1.4943886408831106,4.0859749332839685,27.207633824290138
2157.453,1.491150186579213,4.086364849411413,27.211211713293864
2159.969,1.4901678211245242,4.086390332921361,27.22269537505249
2162.5,1.4904680967167878,4.087009208204116,27.227998312624347
2165.016,1.494347292608393,4.087353221367575,27.228398788575667
2167.547,1.49082175402652,4.087707659238265,27.240444782104966
2170.062,1.491676378327397,4.08822274378557,27.241637935319957
2172.578,1.4891292367028905,4.088422576275016,27.243817762628996
2175.109,1.4905861132526521,4.088498584527832,27.242291810278726
2177.656,1.4936025924442704,4.089112652361392,27.254265475199837
2180.172,1.4921554751216022,4.089411790225738,27.26013424939952
2182.703,1.4923575233385225,4.089812329677237,27.262385147908063
2185.219,1.4885963703414644,4.090421020647001,27.260164535297243
2187.75,1.4915167532179456,4.090751141963765,27.269529860706125
2190.266,1.4901664934403942,4.090954966342115,27.277747769186135
2192.797,1.490226297230238,4.091194082969633,27.285002016469473
2195.312,1.4925871927705723,4.091537424766496,27.283581401518095
2197.828,1.4903831380548231,4.092137309735888,27.291682665210473
2200.359,1.490911236906041,4.092608103816333,27.296729202464586
2202.875,1.4904163560573074,4.092938021865391,27.30099832892922
2205.359,1.4882449031439848,4.092957615407138,27.297273781851096
2207.812,1.4931172815749598,4.093550347488366,27.3073765081033
2210.344,1.492071790559665,4.093911969801381,27.303012707961784
2212.859,1.4929824225609887,4.094181105992792,27.314660937099397
2215.328,1.4888664454794638,4.094438880956374,27.31904351297041
2217.812,1.4885317920427203,4.094654467908267,27.318726858430512
2220.266,1.4876443438139062,4.095117610091003,27.322732090842944
2222.75,1.4899743015088183,4.095408666156638,27.32380891402738
2225.219,1.490082412034552,4.095807657895174,27.330589055936382
2227.734,1.4909043499596972,4.09628294057983,27.334704426134152
2230.266,1.4913182105518064,4.096605381371448,27.34300711545803
2232.781,1.494609368238016,4.097141015081377,27.354090884139367
2235.312,1.4909637017497195,4.097517803843224,27.359954644522116
2237.828,1.4946692254436689,4.098124751748046,27.359879878162175
2240.359,1.4902236705130012,4.098403166564773,27.359403420795104
2242.875,1.4923219975154272,4.0988113022126775,27.368387430110477
2245.391,1.4933027586116074,4.099131632494849,27.372291989086765
2247.922,1.488692495851036,4.09928927653278,27.36730836267825
2250.453,1.491515813095865,4.099483329476844,27.381439073841022
2252.969,1.4899450167789798,4.100114253351469,27.38506278816915
2255.5,1.4876570115260095,4.1003375186397975,27.391424484809964
2258.016,1.4938454212841905,4.10102880530394,27.38259583139415
2260.547,1.4934463134161369,4.101531791515251,27.3817784137798
2263.062,1.4922190793047392,4.101779237787221,27.3914391833614
2265.594,1.4884377600975216,4.101841473628533,27.395918579240877
2268.109,1.4935276799573731,4.102280731594356,27.402405307592268
2270.625,1.4910694938074647,4.102652367685727,27.409137324181476
2273.156,1.493271044470923,4.1030100677294055,27.41840263335397
2275.672,1.4886591426043505,4.103351588744435,27.417689076401285
2278.172,1.4922456304303078,4.103833047718742,27.421474671363484
2280.656,1.4908809237685547,4.104015592383896,27.422829674810753
2283.187,1.4910479119063214,4.104887557920413,27.432569651920407
2285.656,1.4919686473841818,4.105106387253912,27.43110256226034
2288.125,1.4928421388774933,4.105135020566201,27.4395125271487
2290.594,1.4894695731781906,4.105734029566855,27.44824406004024
2293.078,1.4911281027065375,4.106197526884599,27.44752345020961
2295.547,1.4910630504812643,4.106521428331419,27.444679296293813
2298.422,1.4899535891918951,4.1069205388068,27.452451468311924
2301.031,1.4926986348483327,4.1073975277760635,27.45286358724059
2303.609,1.491719859279885,4.107495883524996,27.454888024132128
2306.172,1.4927526647044198,4.107885730540131,27.456427700371215
2308.734,1.4895974844906792,4.108426420330121,27.452894436545577
2311.297,1.489750943484975,4.108936171038566,27.461096254098454
2313.875,1.4905473293696876,4.109287091033197,27.46429845790248
2316.437,1.4913844911418823,4.109937097372674,27.47875419148574
2319.0,1.4922870951505531,4.109972021754612,27.480993368914245
2321.562,1.488844172955556,4.110484493148111,27.48915697409326
2324.125,1.4939062063806616,4.110965599974814,27.493071149121423
2326.703,1.4961185475855492,4.1108943652685355,27.51016348723847
2329.266,1.488666576059244,4.111613494624612,27.516662587666254
2331.828,1.4869489563874416,4.112098986898568,27.51403939335773
2334.391,1.4872302531817827,4.112565816258748,27.51420003369145
2336.969,1.4874475604915323,4.113155494483442,27.511201418047477
2339.531,1.487719287070464,4.1132388180335,27.521509829801058
2342.125,1.4921458346979035,4.113567252901579,27.536020970615624
2344.781,1.4968577962984817,4.113927586607355,27.541115821180192
2347.359,1.4936526635519325,4.114506956376214,27.53437532815349
2349.922,1.494802528334579,4.11470785752397,27.53722287293729
2352.484,1.4907277291745824,4.1154392099015515,27.544039874024264
2355.062,1.492443388274916,4.115402344590993,27.542765635150268
2357.625,1.4909072661148342,4.116214562649445,27.55026480185941
2360.187,1.4876569011514893,4.116548872290374,27.545801556009444
2362.75,1.4945087001774584,4.116763544502511,27.55120087449099
2365.328,1.488502324874388,4.117136120807745,27.555035015143318
2367.891,1.4928892690937576,4.117763501285236,27.569864123698864
2370.453,1.4917472613970602,4.117930747767191,27.574839264215544
2373.016,1.4927115538025897,4.118454026634908,27.57736529112785
2375.594,1.4873885221631677,4.118919623543799,27.583819743072645
2378.156,1.4887563428628947,4.119518965572999,27.584306061745135
2380.719,1.49288566441319,4.11935623449325,27.598086403996252
2383.281,1.4921459473289636,4.120140996661767,27.590630005054212
2385.844,1.489772838190285,4.12035938280854,27.591251841666896
2388.422,1.4905878262398835,4.120747670072436,27.595019666092615
2390.984,1.4916936793392528,4.121283894369489,27.60488233359869
2393.547,1.4874436561054019,4.122101349498986,27.605277633421313
2396.109,1.4932809266430238,4.122080513181179,27.605861980752163
2398.687,1.488407970903281,4.122490043168955,27.616777517509927
2401.25,1.4930998913422657,4.123047232629256,27.626256326859288
2403.812,1.4947647932897712,4.123251914290566,27.619024761524553
2406.375,1.4912603833402864,4.124033792722523,27.63538198762216
2408.937,1.4915407127681202,4.123841031730645,27.644276493916944
2411.516,1.4920011882792898,4.124488018834313,27.645331872230283
2414.156,1.4901300513725135,4.124529417113504,27.6466982094678
2416.812,1.4883103510553706,4.125234666218252,27.659002916623756
2419.469,1.490575088774997,4.125940037755461,27.650436864607588
2422.062,1.4907092068922025,4.1262202508582035,27.652578130062818
2424.625,1.493202201585249,4.126280434115797,27.661780132681958
2427.187,1.4891056173016122,4.126715144909182,27.67362590973612
2429.75,1.4952846111258478,4.127637817271853,27.68132011622897
2432.328,1.4894619331566767,4.127689437728659,27.690415679825076
2434.891,1.4931447052411346,4.12813948225955,27.69386230250291
2437.453,1.4901256284277935,4.128888783538057,27.69802485997693
2440.016,1.493036350678396,4.12926560726035,27.698580662381136
2442.609,1.4943765507754545,4.129129740707002,27.705429400647542
2445.219,1.4913939638881002,4.129951125027854,27.712571778589524
2447.844,1.4882836845102103,4.130355090650109,27.718283465074457
2450.469,1.4935590402914156,4.130730473475031,27.72294497282341
2453.047,1.4911379383556176,4.131289698977234,27.735866430617094
2455.625,1.4918340987098417,4.131490670615673,27.735625176217894
2458.187,1.4890753961825978,4.131778164447834,27.74791866552052
2460.75,1.4909427155253028,4.132201758406687,27.74200705943761
2463.312,1.4910113495944655,4.132453628425305,27.748810038875575
2465.875,1.492759741437655,4.13284434203017,27.74406962230704
2468.437,1.4919594317602818,4.1335955979015715,27.757260789134637
2471.016,1.4872784074363925,4.133947338170481,27.757650839017064
2473.562,1.492019149633003,4.13431033478443,27.758108153498736
2476.141,1.4922871707662464,4.134559978392106,27.768321246735933
2478.703,1.4905402232752625,4.135132994097168,27.774639822110057
2481.266,1.4897942239917998,4.135576496975118,27.780084176030993
2483.844,1.4913770956839294,4.135858116737341,27.78854061926445
2486.406,1.4897067538223245,4.136276002467531,27.7960984882434
2488.969,1.4910679344631936,4.136750318077357,27.795076789597328
2491.531,1.4919432818564442,4.137164035120135,27.801809811435792
2494.109,1.4908736319516969,4.137613712068534,27.81356507477069
2496.672,1.4926490607404717,4.137852506925976,27.815562240620586
2499.234,1.4906745550853244,4.13817557942898,27.826911968166335
2501.812,1.4886326281178683,4.13878445676139,27.822823756707
2504.375,1.4932552036212359,4.13922445800004,27.83299927998839
2506.937,1.4912351608106624,4.139508283666203,27.833482652680484
2509.5,1.4933274716533247,4.139908590345029,27.836461760192925
2512.062,1.4905535885595134,4.140369239335885,27.838071321213967
2514.703,1.492245483265637,4.140671139976616,27.8470504673246
2517.359,1.4924774829175949,4.1411434669212,27.85675350285416
2519.922,1.4902861415126953,4.141508552801719,27.862246137811493
2522.484,1.4911416736825416,4.141830900825296,27.86959465718395
2525.062,1.4924519845531425,4.142219392262494,27.872958888973574
2527.625,1.4923602032978658,4.142779439402905,27.88149781230124
2530.187,1.4907413741507618,4.1432443037270295,27.88042661962943
2532.75,1.4892897748799492,4.143683754194871,27.894208144734826
2535.328,1.4918504031053341,4.143990524645009,27.894302040910002
2537.891,1.4915845102198153,4.1445079259231745,27.9013827793599
2540.453,1.4930356569564278,4.144943585807452,27.90002975072466
2543.016,1.4915964897537237,4.145230863869379,27.900516255675985
2545.578,1.489800953935467,4.145593262289873,27.90795670480056
2548.156,1.492716844738162,4.146029439942513,27.917597463195577
2550.719,1.492592848387807,4.145978420798196,27.931756863257004
2553.281,1.4909481034615506,4.146804310373537,27.937993406451376
2555.859,1.4934954966501521,4.1472045301034575,27.939146403903834
2558.422,1.4895119068500746,4.1477493710223445,27.958181960223886
2560.984,1.491536131588081,4.148043660371176,27.964959869954864
2563.547,1.4939746159663678,4.148411044285218,27.977148286771783
2566.125,1.4932838892492595,4.148594976393438,27.977308934566345
2568.687,1.49237815946439,4.149115628335993,27.980212242694382
2571.25,1.4926082809772887,4.1497538073051325,27.987635603856873
2573.812,1.4951382022936723,4.1500372242625465,27.9908580896676
2576.391,1.4919645786350784,4.150487392144265,28.00473438330229
2578.953,1.491833272145669,4.150643754377064,28.01957528022266
2581.516,1.4903733059475754,4.151230780603573,28.02035090170654
2584.078,1.4932404661888616,4.151403475586932,28.025841256239232
2586.641,1.4943724430685876,4.152045967959092,28.03005476179449
2589.203,1.4916998902763845,4.152603079369149,28.036215468703684
2591.766,1.494145695071698,4.152709894163808,28.036360953266005
2594.328,1.4908731317258228,4.153217585192702,28.041010545325143
2596.891,1.4942015496018477,4.153426401429315,28.05506594539805
2599.453,1.489688971026009,4.153970553983409,28.066083429206817
2602.016,1.4897285840386305,4.154489798060406,28.065604108569165
2604.562,1.4901514978700314,4.154679519980337,28.073966698948603
2607.125,1.4901739697863037,4.155316915713872,28.077817430578605
2609.703,1.4886063480737233,4.155395557432823,28.091744444045094
2612.266,1.4914418509266334,4.156202597756708,28.099224626532642
2614.812,1.4948994737094652,4.156139234254583,28.11194174452595
2617.391,1.495267375082363,4.156687163702434,28.114597943447222
2619.937,1.4931151772384335,4.157187542777883,28.11285758746787
2622.516,1.4905351926981476,4.157493833993624,28.119631512085018
2625.078,1.4896205606930584,4.158113858932568,28.123868389710463
2627.641,1.4900826679379993,4.1581641752899134,28.134523346514932
2630.203,1.4909892314048703,4.158704194696268,28.142498284881366
2632.781,1.4916512958426693,4.1589867807026595,28.147603226435816
2635.328,1.4914741775245575,4.159616884063149,28.152942942991704
2637.906,1.4904091510981488,4.159788513717524,28.166278426020757
2640.453,1.4901028850517575,4.160289076380775,28.173286353892102
2643.031,1.491161898255934,4.160692232326496,28.18058130810364
2645.594,1.489230106428237,4.160993513703392,28.184621390396483
2648.203,1.4921020344725975,4.161820276282112,28.185872008955858
2650.781,1.4916771804106204,4.162086765229696,28.193589118414735
2653.344,1.4903185141712127,4.162300613130092,28.208874446443282
2655.906,1.4926186472519054,4.162766669836993,28.217811164414332
2658.469,1.4927369013937914,4.163384614235086,28.223980290745494
2661.031,1.4892745673401295,4.163582225788649,28.233909885246202
2663.578,1.4907549258193427,4.164116477583191,28.233914944178252
2666.141,1.4928415390365484,4.16440918390492,28.240538220625826
2668.703,1.4908976296077059,4.164669284924228,28.253583898188804
2671.266,1.4915989415079014,4.165173793620068,28.26651880631907
2673.828,1.4906215423912368,4.1652855525489425,28.274018330519088
2676.391,1.4919300848657389,4.165780723523301,28.281937665447785
2678.953,1.491467717305671,4.166129777569304,28.28353317230283
2681.516,1.4925788099105735,4.166796557392453,28.305040795648438
2684.078,1.4896743642233548,4.166896466228591,28.31635303122793
2686.641,1.4900590633359312,4.167392973349914,28.323025356104164
2689.203,1.491161981839909,4.167986769899589,28.345200771704366
2691.766,1.490720301018201,4.168171004614754,28.3472118925042
2694.687,1.4889394067948523,4.168632620142203,28.34479400109529
2697.406,1.4898745160999367,4.1689325401719595,28.355758425790984
2700.078,1.4897400496723157,4.169626336560188,28.354282415563883
2702.812,1.493353032583691,4.169997178665132,28.366404669135786
2705.484,1.489831022790337,4.170570179975809,28.37664050901191
2708.25,1.4895708405161228,4.170839003781987,28.38656052532359
2710.922,1.4891553974767449,4.171098000236391,28.38890935176222
2713.641,1.4932582492917486,4.171791377559811,28.39637884125145
2716.359,1.4925293927654355,4.172315023542142,28.410127763058
2719.094,1.490415015423243,4.172575015160234,28.409856790364994
2721.797,1.4906039789165975,4.17311280760908,28.426035429708048
2724.469,1.490183777855879,4.173102255433517,28.43276783960574
2727.187,1.488934585221413,4.173472459708493,28.43617009539067
2729.922,1.493090232423821,4.17412069545587,28.45164692927707
2732.672,1.493423550480862,4.174691693210715,28.464946375441652
2735.344,1.4935851304989918,4.175497344751993,28.468935635874
2738.062,1.4920968587992,4.175556470942287,28.481834566030063
2740.734,1.4893492509247979,4.175989523224889,28.49569812846178
2743.469,1.4902720593937293,4.17627849305334,28.503192876988344
2746.172,1.4896199279526758,4.177054912116959,28.512403050653145
2748.922,1.4897007113009448,4.177193565219919,28.526715420870747
2751.625,1.4878979090722706,4.177962860090643,28.526079339231057
2754.359,1.491872745032059,4.178260029154236,28.542223138394984
2757.047,1.4912868142822846,4.178829853208809,28.56109679449192
2759.781,1.4947693844194323,4.178974291919905,28.57603390382141
2762.437,1.4929651419668606,4.1792301451413625,28.57720848133792
2765.203,1.492669109887559,4.179818473556586,28.58553844287057
2767.859,1.490404176543864,4.180134816822365,28.58790735424404
2770.594,1.4909048159281828,4.18057147404808,28.60481088863848
2773.266,1.490029741372003,4.180798835025064,28.610075611472556
2775.984,1.4906572860684555,4.181507476589535,28.61868327911204
2778.656,1.4911635345664926,4.181560410952526,28.629432284403123
2781.406,1.492536429686429,4.1821684760787425,28.642739266285812
2784.141,1.4923912415610991,4.182793794291067,28.650376109273203
2786.906,1.489372488319664,4.183466506385745,28.653016548240924
2789.594,1.4914442131714043,4.183894814234459,28.669390920887565
2792.328,1.4894645885217868,4.184382592525146,28.667299111264
2794.984,1.4914376288378697,4.184576092607642,28.68286678645057
2797.75,1.4930341490136005,4.185022724028055,28.696202397228504
2800.453,1.4899917062394192,4.185615763998974,28.709363200790698
2803.172,1.488488553244304,4.186115102529292,28.72134456168485
2805.844,1.490477174640206,4.1865616274859105,28.72984947266026
2808.578,1.4913621850851504,4.186849586254387,28.737160186906095
2811.25,1.4906301392444303,4.187162289540736,28.74509749247112
2814.016,1.4905138253247805,4.18790914079627,28.76489751548311
2816.703,1.4903348336210933,4.188245817112545,28.776159967162958
2819.437,1.4919552861978675,4.188707374286234,28.794215644185588
2822.109,1.489004434760342,4.188891458110178,28.787054738725462
2824.844,1.4912165612080364,4.189488176863734,28.795157215327507
2827.5,1.4903650107963295,4.18990731919837,28.809810699354188
2830.234,1.49267337746274,4.1904480179333286,28.812565133316156
2832.937,1.4924944876460169,4.19097754536137,28.83310872421737
2835.656,1.4915453583217921,4.191378167576113,28.837086685125943
2838.328,1.4901255696989517,4.191745709652032,28.837622917613324
2841.094,1.491670776874083,4.1921255589141895,28.847160855036748
2843.797,1.4900687948657112,4.192711958084655,28.861555571084036
2846.516,1.4892115762762488,4.193098356856019,28.876289178023182
2849.187,1.4910143134500022,4.1935475564934235,28.88319586493303
2851.937,1.4924618186402006,4.194030004264498,28.896558725537435
2854.672,1.4913147447039012,4.194357836601339,28.90916827230144
2857.391,1.4911944851279164,4.194981452136283,28.92169233533644
2860.156,1.4937479453381486,4.19563004858132,28.921486426619687
2862.844,1.490418236634288,4.195878223931981,28.93549369716056
2865.578,1.49109911157381,4.1962302889049194,28.956019559286283
2868.234,1.4937755992537871,4.196894285102872,28.97053476129762
2870.969,1.4916203474545684,4.197204416779809,28.973508082838727
2873.641,1.491102960960832,4.197370649788935,28.980187483913618
2876.406,1.49019423909731,4.198211238550374,29.001432201558718
2879.078,1.494161860883661,4.198818188684786,29.00463251956656
2881.828,1.4897508636568886,4.19917505863228,29.023290167114947
2884.5,1.4917704980337607,4.19953516359219,29.024312421105584
2887.219,1.4921488148518915,4.200039435585588,29.02179455617416
2890.25,1.4915862115685385,4.2004900907211065,29.046128995698233
2893.094,1.4944025247278008,4.2011563096862,29.043520776582593
2895.937,1.4898535006109528,4.20145125405897,29.06186310370148
2898.781,1.4909719482349704,4.202156700225785,29.067765835757065
2901.609,1.490795918307336,4.20271526238513,29.07261274326829
2904.422,1.4911511039096632,4.202986576806562,29.0863919899322
2907.312,1.4943390807014638,4.203762327740993,29.09648801475539
2910.203,1.4906738439083655,4.2040561382120885,29.10232897880377
2913.031,1.4920731927327555,4.204707566393723,29.10766304846947
2915.875,1.4906760472797487,4.205265903019788,29.12025940017709
2918.75,1.4921847610065038,4.205602175805185,29.125734682394015
2921.578,1.4905542393340494,4.206112406987191,29.137948454594337
2924.422,1.4900735292986862,4.2066778736748205,29.158556109973137
2927.266,1.489981848136875,4.206989579892102,29.164760767972933
2930.109,1.491573245481315,4.207395036723139,29.170868989291158
2932.953,1.4923986703201446,4.208260495941184,29.17938637430713
2935.797,1.4676666755488252,4.20698839724404,29.19223852699174
2938.641,1.4656444993690707,4.2069448309161634,29.21313692625633
2941.5,1.4673309295254555,4.207346188962799,29.218228264618144
2944.391,1.4663445993780753,4.207824364951094,29.22781088271766
2947.297,1.4430518383967386,4.206481020696302,29.242437790324253
2950.172,1.4433081103393874,4.206857838365071,29.2469987827322
2953.047,1.4189499274209085,4.205091218807214,29.255138208790644
2955.922,1.420569551318544,4.205510974652937,29.257818432513076
2958.812,1.4160603237637028,4.205678788707201,29.267846189173557
2961.687,1.418189961871549,4.205976241297137,29.270944884535048
2964.594,1.4172215135392499,4.206203893027625,29.27738813934444
2967.469,1.4172133903316635,4.206483998765577,29.279839019380542
2970.344,1.4164878319820602,4.206707747844784,29.28795364318196
2973.219,1.41539859065523,4.207174641670094,29.296250063228644
2976.109,1.416073135089932,4.207612117675425,29.30033193338108
2979.016,1.3935886030994185,4.20609940553485,29.306807609947647
2981.922,1.3902466253312398,4.206119631251435,29.3246094727482
2984.797,1.3918439789303656,4.206514858921955,29.34084839946965
2987.672,1.392755864693059,4.20648767991348,29.336121327831428
2990.562,1.3914924657368923,4.206988593327094,29.3408805599379
2993.437,1.3872305938534306,4.207284888545102,29.35036060188199
2996.344,1.389500908514485,4.2076532046385555,29.360340309664984
2999.25,1.3628487837625036,4.206200025791378,29.362949448300856
3002.125,1.3647862673368756,4.206515007389324,29.377065590709446
3005.016,1.364995311622781,4.206664799322966,29.37642309765264
3007.828,1.360970660696012,4.206610266721249,29.392151801978166
3010.656,1.3624885410779317,4.207147771473335,29.391535401377148
3013.484,1.361839398121971,4.207344377069017,29.401168113141875
3016.344,1.3612408992314156,4.207617133686816,29.41082085785581
3019.187,1.3397398961102351,4.2064400436568645,29.41026790368386
3022.031,1.3358991590957119,4.2065597880587005,29.414798099374053
3024.891,1.3336750476482,4.206647497094436,29.42063721439991
3027.734,1.3373663156107363,4.207029830697852,29.41460052790397
3030.594,1.3380732615137771,4.207345082154176,29.42234101326827
3033.437,1.337286208503918,4.207295546907883,29.42875124970949
3036.266,1.33654212642475,4.20807189693095,29.427722590455478
3039.109,1.332037695631828,4.208163400388627,29.42897064422406
3041.953,1.3328948180470692,4.208379786338901,29.427478590294136
3044.828,1.333167710652893,4.2088048885971965,29.440851814493293
3047.703,1.3132441981029508,4.2073197739643735,29.45013174922279
3050.547,1.3081259296795495,4.207501108315007,29.443169072617355
3053.391,1.312217491736502,4.207724196199159,29.451560253616137
3056.281,1.2862125898859467,4.2060778475082445,29.449349828969552
3059.125,1.287278086776282,4.206585054806685,29.458213777181363
3062.0,1.284500120498202,4.206750229656717,29.45804563647993
3064.844,1.2838258739199744,4.207078177703143,29.452844559996382
3067.672,1.2863331477065865,4.207424735127982,29.458384098263966
3070.547,1.2846086355362138,4.207720965302217,29.46541915973501
3073.375,1.262489404542366,4.205947654759882,29.464018048828073
3076.219,1.2628109391333915,4.206205416917511,29.46689128933163
3079.094,1.2588920160632853,4.206231705810788,29.474181350579656
3081.922,1.2583468600717316,4.206533419458706,29.478448671172043
3084.766,1.2572097531178295,4.206705333193361,29.485466011440472
3087.641,1.2570160957020466,4.207057092463638,29.48271151580439
3090.5,1.2591074349480225,4.207621275256999,29.480706569033583
3093.344,1.2566102660115073,4.20754210334117,29.488658848381636
3096.187,1.2553564476532828,4.2080246517918845,29.497953717279106
3099.078,1.2547711397495016,4.208336665962787,29.4988918687011
3101.906,1.2532268673891402,4.208703415645203,29.49705479812413
3104.75,1.2299628987619924,4.207087976810126,29.49294326640612
3107.656,1.2328925098747328,4.207047104463505,29.50791323746193
3110.5,1.230292603658965,4.207603494002877,29.509744013346197
3113.406,1.2303601792129857,4.207835004087309,29.508034375909336
3116.281,1.2311243322754966,4.2080797137054535,29.503085810466708
3119.125,1.230337030085933,4.208333423098306,29.50692618005362
3121.969,1.230086623104479,4.208517608140524,29.492656638699437
3124.828,1.2271281768138764,4.209200423301807,29.493807996499214
3127.672,1.206834640210227,4.208023986339658,29.506735725901574
3130.562,1.2052947005726815,4.2077348317675884,29.509526251436608
3133.422,1.2037270079130606,4.208189317078634,29.509595237835022
3136.281,1.2045350637224508,4.208165633997232,29.502317521389358
3139.172,1.205232774449639,4.2086827450126005,29.50379896661059
3142.031,1.1820186915389914,4.206996054698545,29.493688573602302
3144.922,1.1836285557564894,4.207432494249941,29.490168023624015
3147.734,1.1768500731345461,4.2072462260912005,29.484882920007713
3150.578,1.179843165440256,4.207589661397563,29.492792285117048
3153.812,1.1793776954303499,4.208118632501996,29.490495900628716
3156.797,1.1792269824152477,4.207928572925289,29.483026111480605
3159.766,1.1776363262364051,4.208088412306769,29.478459787386285
3162.672,1.1782364978818547,4.208720753904168,29.47960207193192
3165.609,1.1779519601413895,4.209294075320906,29.48266896021052
3168.516,1.1786149607787646,4.209475292820346,29.482585855457533
3171.422,1.174950358877074,4.2096540013895005,29.47299227109961
3174.344,1.1507365678408206,4.20809041341967,29.475986734643637
3177.266,1.149066373817099,4.208603759148613,29.469660343193627
3180.172,1.127571366703635,4.2070177801716815,29.46322008328062
3183.109,1.1266648658795737,4.206929732369623,29.46297165994328
3186.062,1.129925687293355,4.207099168481601,29.45969145525592
3188.969,1.1248452460503078,4.207234219158392,29.457302799362417
3191.891,1.1279520391477444,4.20768015427422,29.460670656684915
3194.812,1.124847999923411,4.208016745074014,29.44494341190677
3197.734,1.1254980627127227,4.208019856837225,29.445037970256045
3200.641,1.121912822642051,4.208321902658962,29.441265389289946
3203.562,1.1229437752460882,4.208316640214649,29.44602423363677
3206.469,1.1245957710826824,4.208840536560471,29.430382966051162
3209.406,1.0991336593685055,4.20738181924562,29.428578346623077
3212.344,1.1009739366531115,4.2072993416747755,29.430492618331904
3215.281,1.099747260123058,4.2078718259313925,29.419952800940926
3218.187,1.1007319810926965,4.207822935776597,29.40903566238928
3221.109,1.0969202962997893,4.2080967624263925,29.405206791557887
3224.016,1.1048354678715009,4.208485589421142,29.39625406689681
3226.937,1.097970139106848,4.2089655386741525,29.393206383644582
3229.844,1.0759531906019275,4.207206110074288,29.391707647970783
3232.766,1.0764271110930965,4.207326531729841,29.3807430350468
3235.703,1.0745400557279434,4.207690336024495,29.380564798133136
3238.625,1.0769407210599204,4.2077751938631085,29.378551861024487
3241.531,1.073826990295088,4.208053348960027,29.377301516705167
3244.437,1.0737328247115212,4.2083832919205655,29.361891372507635
3247.359,1.06863874296933,4.208450297097705,29.35377558259669
3250.297,1.0721970647631076,4.20906031812675,29.347621087349815
3253.203,1.0749032009025412,4.209277118123033,29.33441562292869
3256.125,1.0726186823039543,4.209384961508038,29.33186879096258
3259.031,1.0699260279326894,4.2095189571984495,29.315334731690974
3261.969,1.0706214444113724,4.209810338551354,29.307848802890646
3264.891,1.0478004793677913,4.208477948338012,29.30343063988146
3267.797,1.04496621501256,4.2085298328137135,29.29657451915387
3270.703,1.045538606097635,4.208640753544945,29.286134251759716
3273.625,1.0453670569609264,4.20907790416966,29.293991434558798
3276.531,1.0443722754726579,4.208997626218881,29.28662983109559
3279.469,1.0438049953520119,4.2090254764730135,29.271985843213734
3282.391,1.043806721010632,4.209580329909635,29.27737987518609
3285.297,1.0215799938844061,4.208331072435505,29.266332439376537
3288.25,1.0198810872558741,4.208313281697523,29.262982241955385
3291.156,1.0224686292198197,4.20827676005307,29.256008791434088
3294.078,1.020311226493469,4.208340320466392,29.232261847291227
3296.984,1.0166303384317659,4.208591267756604,29.225461727292924
3299.891,0.995958475709655,4.20724546275076,29.21946440540586
3302.828,0.9957292162417384,4.2075809088355935,29.20511040111799
3305.75,0.9970740334712672,4.207788255058916,29.202856387231854
3308.656,0.9962426409048489,4.207804970210391,29.195885974436045
3311.578,0.9957933555837112,4.207771016559025,29.19730503412833
3314.484,0.9942242957555502,4.208076899645047,29.18907299496222
3317.391,0.9948048987893789,4.208343767862923,29.177522034241107
3320.344,0.9936862583080025,4.208713960976257,29.165801386888603
3323.266,0.9947714609206326,4.208818714922076,29.157324578698184
3326.172,0.9936556341391606,4.2089413329840095,29.152223495731803
3329.094,0.9909804435331301,4.209364887306801,29.138015959060734
3332.0,0.994271822141126,4.209754626043023,29.131190608534272
3334.937,0.9708377476998921,4.207990551957006,29.11911605826784
3337.859,0.9679842408400383,4.2082480306703935,29.108530761375196
3340.766,0.9673992523177032,4.208181170215369,29.10287449591284
3343.687,0.9687950051841265,4.208147510119564,29.106968861487587
3346.594,0.970140328300122,4.208604227406521,29.093303142544343
3349.531,0.96702391659791,4.2087568977089616,29.085295699224282
3352.453,0.9662558919092947,4.209065936536722,29.074119282741037
3355.359,0.9641872478690134,4.209025644969678,29.068750886225214
3358.281,0.9665660618337713,4.209292802915156,29.064698256503426
3361.203,0.9653251943199469,4.209697169030043,29.0500932317378
3364.109,0.9384017621121359,4.208123893175,29.04780779731438
3367.078,0.9404671046384288,4.208448596532744,29.030732404405263
3370.0,0.9411144825362483,4.208293514010298,29.03264988709574
3372.906,0.9373855971373928,4.208558250307147,29.016587412898538
3375.812,0.9383402385505758,4.208733328298832,28.997235066531655
3378.734,0.9389135872918861,4.208965835212339,28.986979349247534
3381.672,0.9358004453581481,4.209091183930377,28.978501415846697
3384.594,0.9380627433364487,4.209298342762897,28.96625571643822
3387.5,0.9410660309364104,4.209497294143513,28.95455883088347
3390.406,0.9333860350358093,4.209863987078307,28.94703244697562
3393.344,0.9157905211421953,4.208408296674909,28.937299918258873
3396.297,0.9129659997112473,4.2082781114513645,28.925113563932797
3399.219,0.9135245309663551,4.208170473359159,28.914248130246957
3402.234,0.9142537765647369,4.208468468755489,28.90469915667169
3405.156,0.9135604825679723,4.208897441916964,28.895703058160223
3408.094,0.9147475444366219,4.209244883016122,28.88268939241524
3411.062,0.9125432522705176,4.209467034628498,28.873379678177688
3414.0,0.9135560627496335,4.2095077375532055,28.875985925878954
3416.906,0.9109327587782032,4.209650126324957,28.8624012175577
3419.812,0.910707165833808,4.2097710290911285,28.85030583751409
3422.734,0.9136332578931471,4.210107799362394,28.831982111391643
3425.641,0.9116294441161826,4.210176145091409,28.82090891610559
3428.547,0.9115683636877392,4.2105607374737035,28.808118124382624
3431.484,0.8861314232436371,4.208945921972973,28.80444312368815
3434.437,0.8844401444916817,4.208939763563281,28.784854030489925
3437.359,0.8844846153255279,4.209135673581143,28.76833310110775
3440.312,0.88517567459026,4.209254197798395,28.760296607413974
3443.25,0.8834214670454895,4.209696314308701,28.754539668652907
3446.203,0.8609257207308522,4.20774874271229,28.750428251481537
3449.109,0.8660576206458814,4.208078187706089,28.735699768782837
3452.047,0.864338903384819,4.208073397552789,28.727543090683056
3454.984,0.8632005872469494,4.208309734575337,28.71828384156205
3457.937,0.864995528319224,4.208307882920531,28.709664770213536
3460.906,0.8641658882072544,4.208305466432208,28.70160071663978
3463.875,0.8618877284799735,4.208736502972489,28.688645275615208
3466.797,0.8619266376670686,4.208985334416549,28.684281452024873
3469.719,0.8630564706320187,4.209088282168609,28.671833889338203
3472.672,0.8610318693812309,4.209088582909634,28.664031375140453
3475.578,0.8617135071818934,4.209536672937028,28.65692144974732
3478.5,0.8610031786950777,4.209609885357486,28.65080003940991
3481.469,0.8353657842494666,4.20800086764464,28.647860828732103
3484.406,0.8361752253173601,4.2079170784985545,28.643615846346865
3487.359,0.8343748946564785,4.208210062266175,28.61556483646671
3490.406,0.8336561155042274,4.208125061209902,28.60352833500532
3493.391,0.8366232420562111,4.208394587955437,28.592701339494177
3496.391,0.8382251957838485,4.208550208455919,28.577649606819673
3499.359,0.8332153239463195,4.208833665146502,28.566104161844535
3502.312,0.8346702951228437,4.20871343076021,28.553819971926387
3505.219,0.8363317330371278,4.208821252090682,28.54006244986959
3508.141,0.8333718935494578,4.209424637964278,28.525147146104725
3511.062,0.8317725462466186,4.209421817164233,28.516546822678205
3514.031,0.8315675440832789,4.209471571127547,28.51415822981843
3516.969,0.8312203057520359,4.209827972539757,28.499574856924852
3519.937,0.8311316354283061,4.209946550762413,28.503925432576565
3522.875,0.8326262072564578,4.210313239908091,28.502090496035475
3525.812,0.8278802814656404,4.210244914032553,28.493628821727242
3528.766,0.8329436611654283,4.210553169530211,28.480258397201197
3531.672,0.8128960258429163,4.208724122077126,28.46839631544485
3534.594,0.8088916931764469,4.208758630155032,28.453634539986023
3537.5,0.8099314538125346,4.2092048308343815,28.44797794353586
3540.406,0.8087325389204796,4.2091521822535585,28.4324608524833
3543.328,0.8068914576069245,4.209184125576515,28.426254575902895
3546.25,0.8089173053515492,4.209469224803118,28.41383319476795
3549.203,0.805175323343029,4.209822033796514,28.396267802571206
3552.109,0.8087205224752333,4.2098421807633235,28.38785895476451
3555.031,0.8037599053786162,4.209840826919995,28.37595851211666
3557.937,0.805472702704142,4.210025333048532,28.36268047607565
3560.859,0.8054180907611297,4.210247359230994,28.36063325944499
3563.781,0.808244831829894,4.210306294991479,28.352807622322675
3566.687,0.8026759169239497,4.210605264949255,28.342756156115648
3569.594,0.7829630729200093,4.209019918464538,28.334124187719762
3572.547,0.7803494981247776,4.209105679703626,28.317360412153015
3575.484,0.7805778506513523,4.209427496380684,28.310721972874344
3578.391,0.7803140881218451,4.209316756206295,28.30034312510957
3581.312,0.7827824102637221,4.209349557740813,28.294516588532506
3584.234,0.7809717207772027,4.209342846480919,28.286216548119896
3587.141,0.7800330210219423,4.209743360385037,28.27264740651434
3590.047,0.781366603951669,4.209918868252061,28.266879340382648
3592.953,0.7797875702866212,4.209870920925206,28.258298799022015
3595.875,0.7803833164772601,4.210277739327195,28.24385967098041
3598.844,0.7786912914906818,4.210081933675976,28.227523466610403
3601.781,0.7802493480290589,4.210396031845432,28.214651720402777
3604.75,0.782072242216426,4.210621008290943,28.20935524803943
3607.703,0.7559026938722981,4.208980716496106,28.203408840798332
3610.687,0.7557746973807823,4.208848790960276,28.18979920389859
3613.641,0.7570588395769798,4.209283362634434,28.17788463390644
3616.578,0.7553820191653675,4.209369823514363,28.162763865571602
3619.484,0.7553537713359795,4.20931769272395,28.16091332931376
3622.391,0.7538318330040754,4.209415380453826,28.156393585721478
3625.297,0.7539223399747621,4.20937784980533,28.145068103813646
3628.219,0.7535772767975257,4.209710031891685,28.140898582025375
3631.125,0.7569417137008946,4.209773930850004,28.13160335502369
3634.031,0.7534439820222217,4.209880526977418,28.13089451733153
3636.953,0.7556718302439962,4.209998019050644,28.111597851492256
3639.859,0.7571691606484053,4.210252392790903,28.09787202772594
3642.766,0.7569027730641219,4.210463534202545,28.08956733350356
3645.703,0.7534570273490213,4.210490909192526,28.086260901434994
3648.641,0.7542885012544456,4.210784052699735,28.075365917797924
3651.578,0.7518056242985545,4.211138264654909,28.072458059908623
3654.484,0.7547506707088157,4.210985734370959,28.052690675922783
3657.422,0.7547923488746504,4.211158523882505,28.044966440590727
3660.359,0.7519234928226115,4.211232752343763,28.033497189647303
3663.375,0.7528930248979617,4.211569995552367,28.02555696887685
3666.344,0.7264317201007071,4.209785043667525,28.01719107960153
3669.266,0.7290926866721628,4.2099449328969865,28.013884636208957
3672.187,0.7330706649353421,4.210135020387994,28.002820081225344
3675.125,0.7305598369892474,4.210323054019155,27.992157225813564
3678.047,0.7288807346310118,4.210148548983781,27.98125543807853
3680.969,0.7288414994869532,4.210341596181785,27.9717423834076
3683.875,0.729101953961691,4.210660609668513,27.970488034232403
3686.781,0.7081459375681469,4.2089261932223225,27.96811662343427
3689.703,0.7069141398625111,4.208813668632616,27.95684168063132
3692.609,0.7078530836876371,4.2089466559433,27.943219748027182
3695.516,0.7095248607052106,4.2090505243470036,27.932887326028446
3698.422,0.7058871120224596,4.208991486993493,27.92647253416011
3701.359,0.7074524500578538,4.209110816259701,27.916287992552316
3704.328,0.7054894207361125,4.209629914777342,27.903077580683473
3707.266,0.7071034699511098,4.209427558815638,27.88811868455453
3710.297,0.7068619024470212,4.20971650245035,27.86708022208339
3713.25,0.7038317247493889,4.2096449916401,27.86271578504555
3716.187,0.703384540470085,4.209741563653744,27.854254567116488
3719.219,0.7033097573150194,4.2100065448219235,27.842750392441495
3722.203,0.7056417644210966,4.209865942263508,27.834795687504936
3725.219,0.7033060033130248,4.210081842127206,27.83446040043857
3728.25,0.7041524001552356,4.21033717967439,27.818852895772302
3731.281,0.7023614441402763,4.210585283176894,27.823206044134356
3734.297,0.6811020866127426,4.208776775031384,27.810120853201965
3737.297,0.681396685894998,4.208607403291611,27.794431635715107
3740.344,0.681185731860165,4.208830721270011,27.78414152907861
3743.375,0.6790669630639246,4.2088493777754055,27.779832564727876
3746.406,0.6813515148638432,4.209031558806189,27.757024276038976
3749.391,0.6797005620308137,4.209012863857766,27.75564575592169
3752.297,0.6832703355418727,4.209129784857675,27.751424170735028
3755.203,0.68168243325557,4.209374922585692,27.734161635678056
3758.109,0.67855620486753,4.209521512460924,27.716759080516386
3761.031,0.6769107284121012,4.209590568457635,27.71660366368021
3763.937,0.6818471891299406,4.209491219700727,27.706316665409805
3766.859,0.6822820848462083,4.209706386811878,27.702590467556867
3769.766,0.6792409325714094,4.209811000195414,27.691725126643203
3772.687,0.6795447167102763,4.209981597214513,27.67842630813778
3775.594,0.6802694303183356,4.210026975580981,27.675551725066807
3778.5,0.6789807670750087,4.210382452547611,27.665125692312238
3781.422,0.6774569413121863,4.210273890590095,27.655810711769114
3784.344,0.6786062462328631,4.210531380348364,27.655416010381717
3787.281,0.6792298154024428,4.2104423555778645,27.656271007819857
3790.187,0.6758831240433433,4.210723982888066,27.651139851928537
3793.109,0.6758790191457107,4.2112080782345975,27.642905538663943
3796.016,0.6770710408526817,4.210928585472841,27.63128492848262
3798.937,0.6745478457663302,4.211368661347102,27.625102919580534
3801.844,0.6770113560408342,4.2112851337177855,27.61100810258424
3804.766,0.6749424859617535,4.211549535131483,27.608315772421566
3807.672,0.6744613076386671,4.211558026207381,27.599949037778146
3810.625,0.6522110309988272,4.209932538414299,27.592939469538646
3813.531,0.6527075010349837,4.21009755525482,27.576251947629643
3816.453,0.6530193178755007,4.210101271272973,27.568056990827564
3819.359,0.6530986961218718,4.210281700800104,27.557352526827255
3822.281,0.6484576581945787,4.2102990193650545,27.5542236015091
3825.203,0.6496140388130244,4.2102597981321415,27.551209451208624
3828.109,0.6519330813399367,4.2104352585163305,27.542962101534304
3831.016,0.6496103800451336,4.210558541842719,27.5371686460114
3833.937,0.6531215066343894,4.210655847721065,27.53160982884319
3836.859,0.648939212112706,4.210987294883565,27.531476892111638
3839.828,0.6508926932137871,4.210841595864305,27.517745669421906
3842.766,0.6520566439062637,4.210911676375361,27.508416947269993
3845.75,0.6503283803477677,4.211150444598452,27.50543709746377
3848.687,0.6504048028505133,4.2111193436450645,27.497989090426966
3851.687,0.6508339240194985,4.21133704530848,27.487220804619202
3854.672,0.6475099035934796,4.211559420119175,27.47639135556401
3857.687,0.6244767257735807,4.209799927905596,27.471146577247815
3860.656,0.6242826087763931,4.209795615333177,27.453763654745273
3863.703,0.6288143148041989,4.209860909101176,27.44861236820994
3866.734,0.6255262862089611,4.209985404047044,27.44283212605287
3869.656,0.6243669380595602,4.2099805824105925,27.437800025927242
3872.562,0.6288860744339851,4.210185030774746,27.42736981681218
3875.469,0.6276381933107996,4.2100732119243265,27.408495812454888
3878.375,0.626149808992279,4.210261360691364,27.401693048726443
3881.297,0.6249039798364088,4.210370765998865,27.397973473174673
3884.203,0.6229450840103401,4.210619193554876,27.395606031237552
3887.125,0.6235093077608858,4.210483782510758,27.386430550545086
3890.031,0.6245007801648662,4.210737624001038,27.381398060057194
3892.969,0.62235213056054,4.210789714108936,27.377820770209098
3895.953,0.622216842031067,4.210858364629395,27.36013526257028
3898.906,0.6221065356861035,4.211048884743127,27.35160109321792
3901.828,0.6219615566420618,4.211049277098044,27.342762726242515
3904.734,0.6260459029206977,4.211147682710398,27.33902667618741
3907.641,0.623598059657783,4.2114109596574885,27.348131103886566
3910.562,0.6237502210422128,4.211706694501783,27.343859102311104
3913.469,0.5989026154234333,4.209672090865083,27.331062722571954
3916.375,0.5976583858448281,4.2098226784752555,27.326041537939382
3919.297,0.5989558220689671,4.20996552550074,27.313863197948283
3922.203,0.5992405518609898,4.21001039546488,27.304655763607002
3925.125,0.598009559966005,4.209910318539744,27.291576382552694
3928.062,0.5999146548292594,4.210103943602714,27.278274713539055
3930.969,0.5986751441525907,4.210486719286379,27.277206733229544
3933.875,0.60051155110152,4.210119657729238,27.269168187371683
3936.781,0.5973104600160275,4.210387421820486,27.266038533980037
3939.703,0.5992338651769867,4.210387368205589,27.256089311935042
3942.609,0.6018652411651357,4.210305833214273,27.239508401902736
3945.516,0.5994071744811693,4.2106265425507,27.237732120529625
3948.422,0.5961888697040183,4.210925755525715,27.23071737072454
3951.344,0.5971433460891866,4.211072954079843,27.226760350451798
3954.25,0.599209296428676,4.210875913187522,27.21572002769899
3957.156,0.5982235061020559,4.211125545466965,27.198077988972667
3960.094,0.5979910465689959,4.211132147476295,27.186735762784753
3963.0,0.5987356120026207,4.211511261795807,27.18753730724303
3965.922,0.5974715880343072,4.211532954632684,27.188519180772076
3968.828,0.5950106239957417,4.211360024531627,27.17636976921078
3971.75,0.5968642329551537,4.2117619817546075,27.164954262819716
3974.672,0.5765691850467034,4.210085425527176,27.148959712225835
3977.578,0.5725604959744538,4.209817630448359,27.149273879630524
3980.5,0.5763825302666705,4.210047862334934,27.147355667378214
3983.406,0.5735635714284947,4.2099489705628175,27.14127247164714
3986.312,0.5740600840245573,4.210156139877074,27.145106903414817
3989.25,0.5712178721365482,4.2101834824128535,27.136588255237655
3992.187,0.5753958066803125,4.210323208635527,27.125721845133146
3995.094,0.5707986423939695,4.210599534248332,27.108612386072853
3998.0,0.5737764872441345,4.210274147488307,27.11068794040262
4000.922,0.5749796627609673,4.2105564310262285,27.100260974972713
4003.828,0.5743698765611607,4.210822927929112,27.09422911538645
4006.734,0.5733736574616077,4.210688154682897,27.08734351867565
4009.641,0.5712804987938332,4.2109141648977175,27.096276898702527
4012.562,0.5736801977010183,4.210923856821777,27.090575648607935
4015.469,0.573369884034157,4.2108068350738,27.08665328193222
4018.391,0.5711096023871272,4.210933252939006,27.08728870699915
4021.359,0.5732724044501072,4.211258375610657,27.075927553459618
4024.359,0.5713009508730597,4.211399217390203,27.060645723898887
4027.297,0.5731883472328423,4.211240118672226,27.053355002157456
4030.219,0.5718356648411576,4.211623574378604,27.051641467429754
4033.125,0.5455366044574175,4.209857894162123,27.046557195780892
4036.047,0.546441133974938,4.209995780377006,27.039863330639687
4038.953,0.5517816209898199,4.209968681482132,27.027537273785768
4041.859,0.5472342875553784,4.209943311949928,27.00775320720659
4044.766,0.5486717006534764,4.21028561585769,27.006802086549317
4047.687,0.5464006926682514,4.210254301703575,27.011075714465637
4050.594,0.5478434556076521,4.210201104444142,27.004658948490157
4053.5,0.5468266940602245,4.210373604201973,26.997288239942556
4056.437,0.5459542710629253,4.210358075941574,26.988486016804337
4059.375,0.5506342308265064,4.210376698901851,26.98807243964836
4062.281,0.548583410119519,4.210662357972451,26.981510936523392
4065.187,0.5465705621433509,4.2106312788671865,26.981767928020208
4068.109,0.5461978480708927,4.210717450429777,26.978048185644322
4071.016,0.5462632030300347,4.211133630368089,26.966597153658462
4073.922,0.546418271099013,4.210695885229061,26.96850479979706
4076.828,0.5443765861257651,4.2109286923706994,26.953682359469013
4079.734,0.5446350538652011,4.211087220784214,26.9417448389445
4082.656,0.5440799223054358,4.2114815526417555,26.937119482708507
4085.594,0.5461245477798847,4.211579251936574,26.92596137322204
4088.5,0.526229138789435,4.209717958158154,26.928185673294994
4091.422,0.5229287628385609,4.209243658404535,26.920039969525046
4094.328,0.5220548617388617,4.209655694707134,26.91728642526215
4097.25,0.5225535683948784,4.209676788219515,26.91069022959578
4100.156,0.5204962106361355,4.209513627963563,26.897440253189437
4103.062,0.5230062928676315,4.209777155887381,26.895661156636873
4105.984,0.5191271830890992,4.209511813730032,26.885949153010287
4108.891,0.5193209229549244,4.209840837799184,26.878017963868302
4111.812,0.5186931101425927,4.210088509489381,26.86997426640551
4114.719,0.5257527566585708,4.210409347085478,26.86509097140206
4117.656,0.520112332194273,4.210107525360439,26.85173158822057
4120.562,0.5192550655638113,4.210085986045633,26.846480904052395
4123.469,0.5193261243036854,4.2100464167727925,26.83601930135499
4126.391,0.5157218310792127,4.210232469722136,26.825182025565415
4129.297,0.516995339510481,4.210244355895117,26.83714495042516
4132.219,0.5196942067905038,4.210648973860545,26.827755913624323
4135.125,0.5225104813522522,4.210436575975951,26.82701030581418
4138.031,0.5188698622128289,4.210679658503613,26.83068023795362
4140.937,0.5172898004170825,4.210885752317301,26.821096878015677
4143.859,0.5171514885741336,4.210951826556353,26.812249027671115
4146.766,0.5186524684142676,4.210896345947381,26.799561772372396
4149.672,0.5193471252706534,4.211108204722304,26.790134899052973
4152.594,0.5179657060229794,4.211044962109026,26.787648932539103
4155.516,0.5182432845177173,4.211186506346208,26.794651593467144
4158.453,0.5168922014907582,4.211365681089833,26.785477691392177
4161.391,0.5169238176232631,4.211469889446874,26.77839569294365
4164.297,0.5184993220168331,4.2117610895286965,26.776250144376743
4167.219,0.5184906246576422,4.2117001537576515,26.76652091095789
4170.125,0.5168792676352468,4.211864783229578,26.765094030870802
4173.031,0.5148722042428224,4.211634088473976,26.7545752529997
4175.937,0.5147642476900481,4.212169502678832,26.753250209652588
4178.859,0.5161856440840744,4.212360458108479,26.752148674892197
4181.766,0.5139167822793868,4.212112415590777,26.742405725474825
4184.672,0.5152693361890425,4.212418329570017,26.735763564401267
4187.594,0.5167329923118776,4.212332003042569,26.731641493164698
4190.516,0.5140568146455441,4.212335414096594,26.726447352850514
4193.453,0.5177930835484474,4.212593834375629,26.722841521649475
4196.359,0.4936086153691968,4.210724999286169,26.72052342505087
4199.266,0.49364642283470395,4.210940774089813,26.71327802829397
4202.172,0.48992251966679684,4.211084464925969,26.698790297706555
4205.094,0.49314887270671975,4.2110277192088414,26.704620846497257
4208.0,0.49178815570893303,4.211155367277127,26.693628259592362
4210.922,0.4922053867765635,4.211182571470929,26.691420500796443
4213.828,0.49070989549170513,4.211191084911366,26.67995409878839
4216.75,0.4912538358318531,4.211613668523778,26.670003712075772
4219.656,0.49191441369624167,4.211615656569291,26.672735326460884
4222.578,0.48908963387742693,4.211571764987464,26.667880173282075
4225.484,0.48721538780347357,4.211359250379952,26.66555631723855
4228.406,0.48919532955106365,4.211707955753684,26.658503001460325
4231.344,0.4920948260211195,4.211833046572254,26.65408434416507
4234.297,0.493422887453137,4.211891772763486,26.65141680788751
4237.203,0.49259816713890486,4.211849533500143,26.648403165708217
4240.109,0.4923046285760788,4.212075226813378,26.64529141528434
4243.016,0.4900079824165306,4.212014093915888,26.632104960407652
4245.937,0.4903263811995561,4.212554564023015,26.63026802782594
4248.844,0.46780496292090334,4.210589372008668,26.631722124217834
4251.75,0.4660063665709009,4.210489814143471,26.621203463327024
4254.656,0.46623801485277433,4.210381430539076,26.614823275387483
4257.578,0.46779419898969177,4.21066574168663,26.60578187662069
4260.484,0.4684736747675376,4.210447589027363,26.614684163932456
4263.391,0.4683665535546084,4.210554674194487,26.606612059147718
4266.328,0.4670666430752559,4.210730394168216,26.594999704092682
4269.234,0.46474812015867684,4.210877565022141,26.597357812713646
4272.141,0.4650398701886642,4.210784113488906,26.594017785182373
4275.062,0.47052577482288754,4.210811909816118,26.57780531594731
4277.969,0.4659308403238168,4.211235144735878,26.563379683754228
4280.875,0.4624985522756082,4.210964400888531,26.570495226729715
4283.781,0.4662935174137831,4.210989529256078,26.558888764297844
4286.687,0.4621622160263219,4.211651909393315,26.556832362928397
4289.609,0.441721927417105,4.209197084053549,26.55375880538737
4292.516,0.44198583767907773,4.209699370195117,26.54704592835503
4295.422,0.4426819071061774,4.209388540273377,26.54139897143104
4298.344,0.4393468590422554,4.209571885075923,26.53681713286763
4301.266,0.4440642148120722,4.209489494743921,26.535267525710957
4304.172,0.4440909397692129,4.209636677079638,26.525813427806703
4307.078,0.4388137638082834,4.20941464975424,26.519204754460116
4310.0,0.4387892891710372,4.209574030299513,26.51171648707278
4312.906,0.44344294126046946,4.209410616826552,26.51599755084789
4315.812,0.44389365132040276,4.209706706925833,26.511480138722884
4318.797,0.4472644448908397,4.209940288569657,26.50409756186779
4321.703,0.44416259442296097,4.209306207427015,26.49227197088947
4324.625,0.44263408167508067,4.209401958035881,26.49289134006727
4327.531,0.4427659914218124,4.210053914961325,26.485687288816777
4330.437,0.44104648809495106,4.209681696689959,26.476676337980663
4333.359,0.4471688855204527,4.209681200089896,26.475874530655627
4336.266,0.4437274443085365,4.210450084019699,26.470210938462532
4339.172,0.4426058555885848,4.210252008443031,26.461385003256087
4342.094,0.4431379067897469,4.2101195798302165,26.46175295514776
4345.0,0.43861270470152797,4.210354689747368,26.452379237970145
4347.937,0.4480910846902981,4.210213922919931,26.4423325278021
4350.859,0.44271525843895354,4.210615456956063,26.444710402423716
4353.781,0.43995391231432973,4.210270576431316,26.435102091332297
4356.687,0.4385388540769656,4.21057849827546,26.438868179621704
4359.609,0.43958865218916987,4.210615823825373,26.43826915005215
4362.516,0.4398747308203178,4.210732571015998,26.435863154750134
4365.422,0.44268751337138207,4.21125590242487,26.43531613636272
4368.344,0.43938985927413005,4.2107701044970725,26.424693377462685
4371.25,0.4407288059998459,4.211024851427379,26.42190406631811
4374.172,0.4357877635244305,4.211327092909007,26.423608124808283
4377.078,0.43662624055017224,4.211294466112112,26.419572964822315
4380.016,0.43971515746398754,4.211289900034115,26.406925230263273
4382.937,0.4431145152917823,4.21136232766649,26.402983657687265
4385.844,0.43513334938583315,4.211580397395602,26.3960838550311
4388.766,0.41449789853260877,4.209946844583689,26.394042631458884
4391.672,0.417592922149222,4.209277799234453,26.383979428817018
4394.594,0.41388425557227587,4.209587909681494,26.378163120187192
4397.531,0.4167572542714905,4.209554865268307,26.372675705690458
4400.453,0.4153509945672741,4.209779266450657,26.373545510586418
4403.359,0.4160311568679203,4.209585804871599,26.364988528694862
4406.266,0.4140888570047664,4.2098119310303,26.358226573063952
4409.187,0.41802800222715625,4.209707595558518,26.355727297020938
4412.094,0.4152423305920156,4.209813524018616,26.34639310202951
4415.0,0.4168178248336804,4.209937442053543,26.34292055400958
4417.906,0.4152841719420761,4.21004511958474,26.340943356268223
4420.812,0.41354021348791536,4.209980028501951,26.331730612108434
4423.719,0.4152260104658036,4.209898580386205,26.32654125251932
4426.641,0.4128695960774592,4.210060055540988,26.327309361560513
4429.562,0.417049846787257,4.2100572694166125,26.32327344678736
4432.484,0.4146364428032467,4.210217658894592,26.323559144501452
4435.391,0.4174639565379618,4.210066525568814,26.317413722544508
4438.297,0.4157090280093895,4.210502682920356,26.31578218592688
4441.203,0.4129823864356393,4.210490090690401,26.319332142088975
4444.125,0.4119856471301624,4.210664436899455,26.30855762454507
4447.062,0.41115318014011776,4.210669864295643,26.296414942832076
4449.969,0.4124015614273819,4.2109090372597855,26.30364893425289
4452.891,0.4138256884762314,4.2111321736154785,26.300063855101484
4455.797,0.4140110244480145,4.211027117932697,26.28855416549041
4458.719,0.41234751325141045,4.2107800642014475,26.28899701640723
4461.625,0.415412834527816,4.211159636379391,26.276962694091484
4464.531,0.4156677547391874,4.210920504777566,26.277401967408775
4467.437,0.4132980697413865,4.211012071129498,26.275947587350014
4470.344,0.4119966995940336,4.211140003205474,26.275727921705
4473.266,0.4115578981170876,4.211313899004712,26.269905122242022
4476.172,0.4150692957500235,4.211336907580598,26.258072011201136
4479.109,0.41163508066257753,4.211477375160458,26.255275229248404
4482.016,0.4144540674619809,4.211658367510037,26.256705071902022
4484.922,0.41106702403158624,4.211574349424838,26.24834635905752
4487.844,0.41229575626583553,4.211868714480483,26.23495029889783
4490.75,0.41141298084039957,4.211829619214987,26.238632839878193
4493.672,0.412826248000647,4.211860723804977,26.228131308559853
4496.594,0.41474147273213224,4.21177083939307,26.232504505385386
4499.5,0.4158470174195685,4.211757792958364,26.22976456674144
4502.406,0.40970441852598855,4.2124060491770665,26.21332235600599
4505.328,0.40823381848793167,4.21216338220434,26.21894880886272
4508.234,0.40986061757879877,4.212401937196551,26.20528374366884
4511.172,0.4136966422145042,4.212506819259223,26.197773474994058
4514.078,0.4134420213596337,4.212158403301168,26.19761241772118
4517.0,0.40862558499729057,4.212574324847021,26.187952194824135
4519.906,0.3864293714809988,4.210819657683676,26.188832589479837
4522.812,0.3934295528095184,4.2107894074998615,26.18159917988405
4525.719,0.39360404936537274,4.210740147822993,26.17438992733518
4528.625,0.3864572697174736,4.210998838229556,26.178350250841156
4531.562,0.3873723767860409,4.211041805296345,26.17234609115697
4534.469,0.381853806941709,4.211119138250043,26.1700614323138
4537.375,0.3911980859656316,4.210240768831462,26.167920915498915
4540.281,0.39290638258156013,4.210729655705993,26.16885709522935
4543.187,0.3859817128070885,4.211162294650491,26.17338555356695
4546.094,0.38677107511386816,4.211315440915734,26.161487477670295
4549.0,0.38941662761069334,4.211242937799834,26.149593214896917
4551.922,0.383815751962719,4.211662203937682,26.139244104346538
4554.828,0.38858858363552723,4.211506218254436,26.140723988741417
4557.734,0.38741866346479487,4.21122093410459,26.140102469791668
4560.641,0.3823886304980696,4.211521216952744,26.13811284939155
4563.578,0.383204591014564,4.211803120340039,26.13749602605525
4566.484,0.3846217053591951,4.211487014890607,26.129718061944256
4569.422,0.3832300020615147,4.211621577377359,26.115556779935947
4572.328,0.3848251628927014,4.2116178586023,26.117468555055826
4575.234,0.38942582653249985,4.211594019986668,26.116686061315985
4578.141,0.38938440823737047,4.211834292443435,26.10381657269848
4581.047,0.3770319431839873,4.212424548373411,26.10066859703541
4583.969,0.3861964365333561,4.211903448369698,26.08905159464811
4586.875,0.3853688819012733,4.212249988075268,26.092456826733848
4589.797,0.3828151580528995,4.212205721213335,26.09384157565007
4592.703,0.3829165482047397,4.21223032360773,26.08902824694092
4595.609,0.38441044053877454,4.212324914863019,26.08413966737902
4598.516,0.38321506073459377,4.212753156971821,26.083775740391353
4601.453,0.3634255204411893,4.210931278669738,26.074219360729916
4604.375,0.36146998744146935,4.210420838027016,26.069550667614365
4607.281,0.36544378534203936,4.210671534663113,26.070084235385178
4610.187,0.36263767330722124,4.2104651105019775,26.055364472840186
4613.109,0.35667574572267996,4.211291857849268,26.064356649359148
4616.016,0.3626657678045449,4.210316676986555,26.050644033133132
4618.937,0.36170792286172837,4.2107407786658895,26.052190573089355
4621.844,0.3647767058613216,4.210746869607954,26.056565714818788
4624.766,0.3669673988907482,4.210246269871967,26.055169088325634
4627.672,0.3587843804648858,4.210941678635268,26.04702026873086
4630.609,0.3619555604071735,4.210715106994631,26.036977828972873
4633.516,0.35997220440240557,4.210616750158721,26.032218327093396
4636.422,0.3630258757670079,4.210922469933007,26.036093286116525
4639.328,0.3624351510565982,4.210993620274878,26.03634943270015
4642.234,0.36444327472445853,4.210975689971274,26.028059912341696
4645.141,0.35617946683994817,4.2115566664395905,26.02716009191012
4648.047,0.35962466866592646,4.211576791006245,26.021632342330793
4650.953,0.36254293116398056,4.2110897214422485,26.019708489030666
4653.875,0.3578255502476493,4.211366357737535,26.016173293022042
4656.781,0.3613273558582646,4.2113917172873725,26.01439586780927
4659.687,0.35869936804489666,4.21155052154241,26.001180323536662
4662.625,0.3629017431564994,4.211273927672184,25.996523614068046
4665.547,0.35982972029586874,4.211027639759861,25.989824768698625
4668.453,0.35894136446112607,4.211689223586777,25.993769769405418
4671.359,0.36151559065960254,4.211483618109865,25.98795880290577
4674.266,0.3605148520800121,4.2119218469177735,25.988447562355507
4677.172,0.3620111207829757,4.211703074552496,25.986864552599982
4680.094,0.35765477807426116,4.211953005899597,25.98379386895071
4683.0,0.36030870715059377,4.211867826518705,25.978342307686386
4685.906,0.35940352988197766,4.211828480174134,25.96955872392981
4688.828,0.36106750773894436,4.21200870859736,25.96581344791437
4691.734,0.35928966063751383,4.21225420998943,25.970861570374257
4694.641,0.36035845971169994,4.21223385972233,25.96254315038344
4697.594,0.35877187666860205,4.212111577517937,25.966988446402514
4700.5,0.35871818750816215,4.212405064160243,25.964210376468273
4703.422,0.3578277318323039,4.212253994329217,25.955239374017268
4706.328,0.3597301352490989,4.212308840675379,25.945947598709346
4709.234,0.3553853950042475,4.212725174097989,25.942254151134765
4712.156,0.3352014285945025,4.210873613714732,25.9387152873243
4715.094,0.33643492797608615,4.210951005775354,25.919400473766586
4718.078,0.3381669902003998,4.210526802536025,25.917522819406294
4721.016,0.334849962240776,4.210750853752997,25.909261842804234
4723.953,0.3367764148488608,4.210580379445551,25.91268814815486
4726.891,0.3346798753310578,4.210837986417793,25.915021039208018
4729.828,0.33652076101728035,4.21066613389934,25.91316483678785
4732.734,0.3350515069151602,4.2106130261374215,25.91888965594943
4735.641,0.3323040395198128,4.2108585068615145,25.90216595981649
4738.547,0.338372332355247,4.210674820840988,25.893744181487726
4741.469,0.33622883214143745,4.210997851874742,25.88647007641572
4744.375,0.3321019557704859,4.2110558778829645,25.888130859954334
4747.281,0.3320867229379592,4.2111328144105995,25.885521036164224
4750.187,0.333883963890625,4.211172062485334,25.880039138061214
4753.109,0.3356965217962479,4.2110010009300645,25.881185138825387
4756.016,0.3364818897478342,4.211001805149296,25.87478547784547
4758.937,0.3332765726865524,4.210925949179781,25.8750732182671
4761.844,0.3317177984078302,4.2110624661415255,25.876193661784097
4764.812,0.3356686516521023,4.211136689595368,25.86675015354174
4767.812,0.3334803138220834,4.211420645443302,25.867723535350873
4770.781,0.33614627832016547,4.211510684166291,25.8624697316718
4773.75,0.33616737427145754,4.211393258403711,25.84893708205786
4776.781,0.33210654671163337,4.211502988166657,25.85053940592489
4779.828,0.3356562696876278,4.211466863250114,25.852090193201903
4782.766,0.3315019911167711,4.211912518049803,25.85452010914112
4785.672,0.33255121772488594,4.21173387752876,25.852713569498036
4788.594,0.3338127656650176,4.211771999721419,25.846270842817454
4791.5,0.3308163731211325,4.2119478734996525,25.837507711708245
4794.422,0.33492407764149906,4.21158360702313,25.837044188190216
4797.328,0.3356907934925684,4.211894111983232,25.83522502693462
4800.234,0.332399406757347,4.211752337007264,25.826200165690906
4803.156,0.3340370625733267,4.211974434789568,25.83342487905052
4806.062,0.3361135397536672,4.211993982058209,25.82920957178665
4808.969,0.33526857858237336,4.212040757893843,25.82047991405329
4811.891,0.3329201707839705,4.212034886777928,25.821546711577966
4814.828,0.3331292841726087,4.212260170402231,25.80855938805666
4817.734,0.33188071531442503,4.212293310393069,25.804470273900012
4820.641,0.3315138803485047,4.212265376879136,25.798463180703404
4823.562,0.3342441252669516,4.212623178609871,25.797146253682083
4826.469,0.3345029255252539,4.212454039141847,25.796868928123228
4829.375,0.3325347271032087,4.212754941053189,25.797446504260087
4832.281,0.33182198189747736,4.212624718835602,25.78985348629033
4835.187,0.3314469506251275,4.212690132660724,25.784539069992217
4838.109,0.3299233217245799,4.213129993675937,25.77683715720865
4841.016,0.3310030214196918,4.212914457591775,25.78004617307182
4843.937,0.332454060062911,4.213117191512661,25.77656140130996
4846.859,0.3302499048530832,4.213147161501807,25.773303591172485
4849.781,0.32933619758767047,4.213132943233795,25.775626157724442
4852.687,0.3299511191726215,4.213344491017394,25.77190412084972
4855.594,0.3284196101297023,4.2131509057073195,25.763270559428953
4858.5,0.3303518021925075,4.213304681303052,25.75453064571796
4861.422,0.3309895260577822,4.213420259171576,25.759063141191767
4864.328,0.3305819386645088,4.213426188604171,25.75735901514915
4867.234,0.3293744151581656,4.213341643093529,25.759351207717174
4870.141,0.3306477930849214,4.213588725151535,25.753556260873705
4873.047,0.3066366992918626,4.211617809108407,25.746885851024828
4875.969,0.3071744033154207,4.211824970315074,25.728782040354385
4878.875,0.30839168866965344,4.2116839369903545,25.726168960842013
4881.797,0.30527119758528043,4.211691697431172,25.718878743230945
4884.703,0.3085606570111419,4.211614097490149,25.720274071612348
4887.609,0.3064656040860567,4.2116609722821075,25.71993039360685
4890.516,0.3061078857643036,4.211560214609155,25.715418002109374
4893.422,0.3044326217087908,4.2114129936166815,25.72318758801655
4896.344,0.3060239593694691,4.211844761651558,25.722811706743023
4899.25,0.3068087119012928,4.211756241301721,25.71378950090709
4902.156,0.3059507454218652,4.211837736150004,25.714083939769992
4905.062,0.3043324959239207,4.21185438552176,25.70837374034573
4907.969,0.3057746261518337,4.211808771493152,25.707371050486497
4910.875,0.3064742024481055,4.211757023590183,25.698072279562385
4913.797,0.3053954402504932,4.211564259479186,25.699727128667895
4916.703,0.3047049042307008,4.212155535874192,25.69176686356005
4919.609,0.30677466631264927,4.211864257151072,25.694563085654078
4922.516,0.30679331963964623,4.2122766178042035,25.69867956271092
4925.422,0.30728190847695935,4.2119423759568075,25.688257701671162
4928.328,0.30339842183929583,4.212466046171387,25.682769860766747
4931.234,0.30606344729418344,4.212129954757217,25.685117867240628
4934.141,0.3065513874914445,4.212275369276851,25.679274496173466
4937.047,0.3057800058961721,4.212402440456719,25.686609613345667
4939.984,0.30429786585806484,4.212421249437101,25.68284964235829
4942.922,0.3043426723171616,4.212532600674316,25.67961821643255
4945.828,0.30590538403479695,4.21257592699209,25.673358342397663
4948.734,0.28323659112912264,4.210809404818016,25.673498406229072
4951.641,0.283555650121987,4.210634716717593,25.663404150477923
4954.547,0.28275213018816336,4.210624745584078,25.659653295571776
4957.453,0.28505343895707974,4.2105007790276,25.643129686364443
4960.359,0.28183379369779255,4.210698182988374,25.645890485773435
4963.266,0.28249038177349417,4.2107468125665815,25.64763813457557
4966.187,0.2829091665533689,4.210746760596249,25.650698640237646
4969.094,0.2835367460152498,4.210725104524881,25.65143130241236
4972.0,0.2819598895558792,4.210696902520949,25.658550322479446
4974.953,0.2833194430335653,4.210544054389,25.643812758907004
4977.859,0.2848881810542435,4.210454857612489,25.653719530396373
4980.75,0.2819714911215689,4.210707442331727,25.638558620499996
4983.656,0.2794764870128456,4.210944739156726,25.63871999607553
4986.578,0.2826616658681057,4.2107514729317295,25.64092404168159
4989.484,0.2808600631784088,4.210765758029237,25.640319745176676
4992.391,0.28367954569896087,4.211004267293061,25.6453397713979
4995.297,0.27887922092042194,4.210819440514777,25.642249637230197
4998.203,0.28492335037624994,4.210840183532538,25.633868961204467
5001.109,0.2842055011131448,4.2109284584112086,25.629372287442806
5004.016,0.27972772862695017,4.211043366734608,25.626921444171433
5006.922,0.28385906179904913,4.211000308580913,25.62851421755428
5009.844,0.27835742036361294,4.210980239500084,25.61930331347865
5012.75,0.2835124183408757,4.211209382571885,25.613551555503904
5015.656,0.2821515307430482,4.211198910639754,25.60836793779794
5018.562,0.2815790763892845,4.211213272115287,25.60983350817922
5021.469,0.2793346879420902,4.211006788043423,25.610242897219337
5024.375,0.2814765718118889,4.211397621500312,25.602979176074953
5027.281,0.28473417440845233,4.211230365275914,25.596803488395285
5030.187,0.27895556214693373,4.211247545405316,25.598088515216926
5033.094,0.279748452906009,4.211363833229392,25.586734492821776
5036.0,0.27897397920505873,4.211456472428556,25.583543898823226
5038.906,0.2827144409270478,4.211147281622138,25.577069268185113
5041.812,0.2817188624062687,4.211415925861301,25.57129364249156
5044.719,0.28366523345173034,4.211337767672592,25.569072186957456
5047.641,0.2842763227957765,4.211381528374695,25.57373971074079
5050.547,0.28073023315322626,4.211604124185094,25.56684475148075
5053.453,0.28194795426992886,4.2116475701133576,25.573266715420207
5056.359,0.2810175277845245,4.211822304357346,25.56929564499808
5059.266,0.28121279882455813,4.211580115586755,25.563743789625764
5062.172,0.2827124809773775,4.2118020615293945,25.55876285525063
5065.078,0.27984246778137695,4.211673658409687,25.558444152894978
5067.984,0.28204658719914444,4.2119736985398415,25.558689409047712
5070.891,0.28208194638063505,4.211907904118283,25.5602167873246
5073.812,0.28065705648805034,4.212005703821589,25.546598704850975
5076.719,0.27864447281453764,4.212043314117811,25.552048602311654
5079.625,0.2847360647987923,4.21198466896359,25.549687397998728
5082.531,0.2810185003278694,4.21227983867522,25.5421826614675
5085.453,0.279626358659041,4.212222591445742,25.5445103558628
5088.391,0.27672944105989145,4.2125465182536415,25.54918353157716
5091.297,0.2774542141853585,4.212297112213804,25.543794633926197
5094.219,0.2743837640256155,4.21240041131606,25.534978432313977
5097.125,0.28030233601959786,4.21258644934008,25.531658723554763
5100.031,0.2556231286568017,4.210668597475901,25.519367237446378
5102.937,0.25469704131840293,4.21022127394177,25.515655264750436
5105.844,0.25727919172763963,4.210618505623176,25.513828867465335
5108.766,0.2557656481418815,4.210703496227669,25.503126907647474
5111.672,0.25439527960373987,4.210708220162231,25.51413337431262
5114.578,0.257690764315793,4.2105286959589145,25.513552449536654
5117.484,0.25649069511874095,4.210251897090566,25.504273225003896
5120.422,0.2562070880284971,4.2104575211529935,25.511675648996114
5123.328,0.25743458715697093,4.210319204511071,25.49970570648711
5126.25,0.2581655195846995,4.21035757091828,25.49467419085263
5129.156,0.2576618435541294,4.210503322286475,25.49208267015801
5132.062,0.25554299310637163,4.210505644918025,25.50267311682362
5134.969,0.2579824206202215,4.210518309329073,25.493999910143433
5137.891,0.25848946916737936,4.210614625328727,25.497862018736537
5140.797,0.2540593983358557,4.210902219760382,25.48702557777811
5143.703,0.2563534500146099,4.210844405903984,25.48731810148894
5146.609,0.25714035325507006,4.210427945370379,25.483568880548642
5149.531,0.25763494715607416,4.210737426565703,25.47686214722292
5152.437,0.2571438358757352,4.21084614647641,25.478000637399123
5155.359,0.25601849052566045,4.211034643740745,25.476655420162444
5158.266,0.2545269933126169,4.210882915089561,25.473401850279107
5161.172,0.25462292603550607,4.210925409768903,25.470963886826684
5164.078,0.2551262068102525,4.210930117518371,25.45874579384861
5166.984,0.2598386691125841,4.211091075128319,25.45451325207585
5169.906,0.25676219067213707,4.211062673148496,25.449246028376802
5172.812,0.2546888006571589,4.210991159889197,25.44290514918011
5175.719,0.2558493184280581,4.2110879476186,25.449933222657663
5178.625,0.25447844694145016,4.211123086613707,25.45049922001192
5181.547,0.2610457282720354,4.2110340614987445,25.44605717241906
5184.453,0.2529582589495059,4.211214664921324,25.439303006484185
5187.375,0.2562093240391841,4.211174604898323,25.442870712791745
5190.281,0.2576636251176286,4.211207688687503,25.441113697541844
5193.187,0.2570984719287216,4.211357844548271,25.43642375026333
5196.094,0.2563985809370499,4.21124751100297,25.429544162686906
5199.016,0.25637221132591836,4.211631418476992,25.420962875172815
5201.922,0.25542345888873275,4.211370674477819,25.42406550567044
5204.828,0.2549346859914923,4.211217158272227,25.42360693828918
5207.734,0.25478838340387194,4.211236950140955,25.43058125152053
5210.641,0.2562746297140091,4.21156684678768,25.424158897218664
5213.562,0.25553772277600334,4.211587182586154,25.422770175023206
5216.469,0.25892166021422697,4.211771859233291,25.422882020635406
5219.391,0.2557768634750397,4.211633225612523,25.419221053871233
5222.297,0.25709075689982436,4.2118413882107575,25.414118017562835
5225.203,0.2533754632460646,4.211678460507439,25.40540057142113
5228.125,0.25290304727105795,4.211541100572905,25.413803323602007
5231.031,0.25382560203759996,4.211939700178642,25.413091960219628
5233.937,0.25710810915806354,4.211737085847958,25.4106508534301
5236.859,0.25494492763553367,4.211919165743739,25.404335115256046
5239.766,0.2543314545328047,4.211859532809602,25.40415419044931
5242.672,0.25253014911378546,4.2121191021760085,25.39578177065074
5245.641,0.25650864710566185,4.212159381302295,25.39859008602789
5248.578,0.25745746457265434,4.212005952153081,25.393269893544108
5251.5,0.2553775027857049,4.2120879284600665,25.390130475835115
5254.406,0.2556051987793042,4.212374992114617,25.38577411374507
5257.359,0.25375626356132175,4.212283978869051,25.382719633001386
5260.359,0.25017096102953396,4.212399950627504,25.387952562571797
5263.328,0.2561327311285181,4.212368396381978,25.384179333427976
5266.297,0.2509356710129023,4.212468298074281,25.375650580332387
5269.219,0.2546955987583592,4.212271863732877,25.373912214176926
5272.156,0.2524868304823074,4.21240013516467,25.37535770304486
5275.078,0.2500037117380911,4.212825105144087,25.369490283410506
5277.984,0.25222961439633945,4.2127280624464705,25.366926130540822
5280.891,0.2527584749792264,4.212780706411446,25.36107995292138
5283.797,0.2511693869544739,4.212870308819609,25.36502374334148
5286.703,0.2519408350434062,4.213019205548599,25.371926505001827
5289.625,0.2504245876273337,4.21277398071994,25.37143972950871
5292.531,0.25182966132292905,4.212887023377085,25.365585250436105
5295.437,0.2539379723904751,4.212815948474091,25.360169126847083
5298.344,0.2519156970229612,4.21298192292464,25.357253526928577
5301.25,0.25814271821612594,4.213003685897767,25.3603908282148
5304.172,0.24870331573779147,4.2132751772046095,25.360470792703303
5307.078,0.2510816894500847,4.213329186457784,25.356534495237856
5309.984,0.2520010681250763,4.213260169759377,25.350075719536235
5312.906,0.2505112515727843,4.213469575905669,25.349478387518914
5315.812,0.2514684740760465,4.213398988240577,25.34368435469475
5318.719,0.2500477035075951,4.213383539649155,25.338894385184176
5321.656,0.2548165368411274,4.213318457863393,25.33972389692565
5324.594,0.25304266701580835,4.213686215168828,25.333320441798595
5327.5,0.2266865060676648,4.211805561120666,25.340330219191948
5330.406,0.2305404288152474,4.211642615968107,25.339674728245054
5333.312,0.22966064301120337,4.211385907643918,25.32994535868103
5336.219,0.230141040901929,4.211502735095566,25.321114450620662
5339.125,0.2298491229157767,4.211658113432696,25.318277227209236
5342.047,0.23183319686876935,4.211650741800258,25.331715223791747
5344.953,0.22672192940641755,4.211809340846223,25.32348080891751
5347.859,0.22940391481398967,4.211701490115199,25.3129359044509
5350.766,0.2275707567341315,4.211436894281685,25.312944387763935
5353.672,0.22869149422254487,4.2115154390303084,25.306424979300274
5356.609,0.2283837737316901,4.211552916980723,25.30581144416585
5359.516,0.22975409145297446,4.211675970348415,25.30512731509453
5362.422,0.2270088335972013,4.211805264997846,25.298083386110385
5365.328,0.22660663422099123,4.211796320792903,25.29707256987379
5368.234,0.22798467872006303,4.211644672451325,25.28915384475971
5371.141,0.22808605265753373,4.211637587200123,25.289879816797434
5374.047,0.22884457346630357,4.2117827675971595,25.281813844671024
5376.953,0.22955225107407154,4.211746718188503,25.27397982922138
5379.859,0.2282279500682142,4.211628880070573,25.284196300716644
5382.766,0.22619133886504955,4.21182052262016,25.268810896891388
5385.672,0.22989332167057847,4.212078290923986,25.27801349370472
5388.594,0.23173610922054144,4.211971605663653,25.268919423923176
5391.5,0.22936443092405048,4.212009095312293,25.268752843389272
5394.406,0.23022652707016245,4.212019127623067,25.26954997622583
5397.312,0.23034096812642202,4.211958114307764,25.2797527831766
5400.219,0.22946386205380673,4.212100372039733,25.278988803122587
5403.125,0.22790181484274658,4.211942704970814,25.27088365707111
5406.031,0.22789971212623697,4.212000562985092,25.26734785942508
5408.937,0.2294647554949636,4.212224947221529,25.270114752507965
5411.844,0.22793677926933179,4.2126851431352454,25.273478426424195
5414.75,0.22998575211598557,4.212384535554509,25.256541096164902
5417.672,0.23065009163219238,4.212056420920702,25.254695614867405
5420.578,0.23051546301006562,4.212190251800932,25.251772285117745
5423.484,0.22775441451261405,4.212171288721432,25.25502556428515
5426.391,0.2293534974117461,4.212336453483536,25.255791984126716
5429.297,0.2238829498308346,4.212380353090622,25.249016647184614
5432.203,0.22820072840045877,4.2125162195168215,25.243680373864933
5435.109,0.23035210556490013,4.21249253165122,25.233764192433064
5438.016,0.22993300623095517,4.2123248909897635,25.24229912057075
5440.922,0.22385331494881974,4.212294589434054,25.23945779710454
5443.828,0.2277812376195779,4.212633241512515,25.239550107295454
5446.734,0.22884848397573196,4.213069987253902,25.2355071153028
5449.641,0.2249962227681625,4.212844157608818,25.2274087487168
5452.547,0.222721501159322,4.212787404533833,25.224900209592185
5455.469,0.22794561012163503,4.21270258250519,25.223397399452654
5458.375,0.23123653161315452,4.2128428062069485,25.220148346130237
5461.281,0.2275001851755325,4.212843446887255,25.209523475022
5464.187,0.22616694779969218,4.213029100897652,25.204716143938356
5467.094,0.2278155281311549,4.21303149646043,25.207377158150972
5470.0,0.2270079085141188,4.213109672925284,25.207432366047488
5472.906,0.2281210495469067,4.213525670704225,25.204324889473785
5475.812,0.22972627516594848,4.213257908261368,25.19823660708295
5478.719,0.22335932063653263,4.21302158463022,25.199407813780702
5481.625,0.2304204367101307,4.213725415177118,25.197668070581557
5484.531,0.200633385239506,4.211074253020849,25.187990693617994
5487.453,0.20179534861964957,4.211268066246489,25.185020146296758
5490.359,0.2039502475055682,4.211204192110429,25.18947130765232
5493.266,0.20171794746086155,4.211027876025141,25.190692439961694
5496.172,0.20518280097840721,4.2114663265211805,25.185323179814
5499.078,0.20393836826476336,4.211202694674995,25.186619394436505
5501.984,0.20521915391828816,4.210990328936025,25.18669016487662
5504.891,0.20677119722643292,4.2110523513865,25.19163403522579
5507.797,0.20193150697132478,4.210952576247617,25.187149643547578
5510.734,0.2042699445633812,4.210984664093513,25.18545961683758
5513.672,0.2026619115068552,4.211201638807438,25.184251833791183
5516.578,0.20346879513689164,4.211415647450269,25.179089392631937
5519.484,0.20103128545418897,4.211048799081282,25.17783071758686
5522.391,0.20156323913814755,4.211258008687343,25.175423070116395
5525.297,0.2007917841528484,4.21110007954755,25.175354913071086
5528.203,0.20126433247414968,4.211011639697096,25.166235145168603
5531.125,0.20205550265552924,4.210933566769812,25.1632702104727
5534.031,0.2041958946131749,4.211128649995719,25.165380510620157
5536.937,0.2030026342389134,4.211193271469649,25.159525696082227
5539.844,0.2031686936773209,4.211198004791488,25.16621181685238
5542.75,0.20256926442770418,4.211076861944362,25.169844391700487
5545.687,0.20198934473366498,4.2109215804869615,25.16447166161194
5548.594,0.2007174745313945,4.211355537804424,25.159712509658323
5551.516,0.20007349870391625,4.211390179107134,25.15679091551719
5554.422,0.20256189191365548,4.211127770137588,25.14915912103167
5557.328,0.20104664850927673,4.211154298169742,25.154299530873867
5560.234,0.2042151658532567,4.211268744924674,25.145510179905862
5563.141,0.19937657421891414,4.211479556058981,25.147370533995606
5566.062,0.1996796987176091,4.21136348390741,25.14370646261635
5568.969,0.20326045899265796,4.211359835328378,25.15372646237402
5571.875,0.20253294866341282,4.2113042107279925,25.151531938836822
5574.781,0.20384016411955277,4.211410366742423,25.158084557011502
5577.687,0.2029831354515785,4.211385161257346,25.142305714412736
5580.609,0.20255008212929915,4.211527517004472,25.13923754272132
5583.516,0.20491701009427998,4.211647375465024,25.14145635262416
5586.437,0.2019282473549509,4.211507097572681,25.137826716670993
5589.344,0.2025978841390059,4.211588644745582,25.139492835935012
5592.25,0.20428623513963765,4.211457942847655,25.135291515276297
5595.156,0.20077448928209699,4.211736880571839,25.131973504886094
5598.062,0.20373228797362183,4.211857450873131,25.130451757910485
5600.969,0.20222970019428743,4.211691621037808,25.130012058643658
5603.875,0.20294493035475916,4.21167732621576,25.13456721812822
5606.797,0.1999943861466793,4.211648812945787,25.13132944319237
5609.703,0.20289966690174044,4.2118814288210045,25.13136846220381
5612.609,0.20403939891836062,4.2117908100448185,25.12275408855431
5615.516,0.19985050269103846,4.21206922065644,25.116450565258052
5618.437,0.20172971937672748,4.212013763563795,25.119808378987486
5621.344,0.1999991462206377,4.2120148199797365,25.115966716855073
5624.266,0.19846342175829143,4.211912318170393,25.113683916192656
5627.172,0.20277964320230304,4.212018516370922,25.11051707147001
5630.078,0.20266230819922312,4.212035373222068,25.118368316159437
5632.984,0.20010897676836198,4.212112602761364,25.110142522366992
5635.891,0.20164593372297243,4.212058646659452,25.11007813442905
5638.797,0.20156673793094404,4.21195394775725,25.10041135618914
5641.719,0.19912123808348256,4.211962394572206,25.109474394249734
5644.625,0.19973585399132582,4.212143373569482,25.107213895033038
5647.531,0.20017600707680366,4.212095506533131,25.097653719651994
5650.453,0.2018127438293987,4.212283993658034,25.09988138320277
5653.359,0.20220903273824212,4.212191994393763,25.090889418120753
5656.266,0.19679725693567077,4.212340982499571,25.081088001390107
5659.172,0.19879481178378094,4.212517042173046,25.085763184464454
5662.078,0.1982898686363414,4.212405138005627,25.084135036782573
5665.0,0.2013918057335059,4.2123414288578545,25.082488591966488
5667.906,0.1984068043989991,4.212490013801822,25.080328863326045
5670.812,0.20118530882801225,4.212563988153587,25.08868696625309
5673.719,0.19914866561203376,4.212617026051634,25.08621861722553
5676.641,0.19905967052446105,4.2125411839878,25.07891417868792
5679.547,0.20006285501904295,4.212634302185253,25.07045344891425
5682.453,0.20102713773707284,4.212468473044517,25.071032677024917
5685.359,0.19917856524688626,4.21293562219809,25.06802037862884
5688.281,0.201929243806669,4.212641212145248,25.066485435141875
5691.187,0.19945239263829337,4.212911507283154,25.064795112426687
5694.094,0.200489478246215,4.212648952761291,25.065929386998782
5697.0,0.19989023052286983,4.2127938061296355,25.057545364508794
5699.906,0.19836661200544642,4.213172419112085,25.06174296827108
5702.812,0.19803022094027387,4.213031596804074,25.06262951894374
5705.734,0.20041483291982484,4.212903739566852,25.05684633606513
5708.641,0.1980940487825588,4.2130663651391815,25.05280792972346
5711.547,0.1994931084058138,4.212900079826092,25.04396593750506
5714.469,0.19725947178421938,4.212954311737364,25.049191786743496
5717.375,0.19816526141969143,4.213159181778781,25.050849094450655
5720.312,0.1988064202099658,4.212876826102575,25.044242072820587
5723.219,0.1956673291944067,4.213293693023497,25.036184878487145
5726.125,0.1963777545203291,4.213201273325936,25.045168280823717
5729.031,0.20022208261738003,4.213581351877083,25.046889174459327
5731.937,0.17865175359348637,4.211502254051078,25.03597953527311
5734.859,0.17400069337281304,4.211175705485022,25.02876352012055
5737.766,0.17824874943527402,4.211431718262341,25.029979215159358
5740.672,0.17666793235850323,4.21133689355294,25.025977132287505
5743.578,0.17803844124366214,4.2113559779537715,25.029557785368937
5746.5,0.17403699391319288,4.2112678313001926,25.028130983312966
5749.406,0.17632690212845803,4.211162903104091,25.025470696625042
5752.344,0.1791186103736268,4.2110418257889455,25.02115502650655
5755.25,0.17663181116997334,4.211387153573001,25.018429377823413
5758.156,0.17403617881231295,4.2113404008163835,25.02034581965121
5761.062,0.17740293289862144,4.211386938168723,25.022225637216014
5763.984,0.179007619563245,4.211279994909057,25.017646580904835
5766.891,0.1783627497146121,4.211371785331224,25.018592499400235
5769.797,0.1787974088379705,4.21125152187481,25.020102081709105
5772.703,0.17760913100965364,4.211298624670473,25.02481958595889
5775.609,0.1780553878135941,4.211469515131094,25.027799536111864
5778.531,0.17722770449050182,4.211492882084015,25.020621374799042
5781.437,0.1772034921471058,4.211565875797256,25.025035165623486
5784.344,0.17416847258257986,4.211773748404087,25.018115484614157
5787.266,0.1755566407794167,4.211384348795336,25.021061399019548
5790.172,0.17563393687415765,4.211615738402135,25.011893516786337
5793.078,0.17575788755348348,4.2113590644540375,25.012226591636647
5795.984,0.17580793329630717,4.211537577686013,25.013541999146106
5798.906,0.176843771960346,4.211528581711775,25.00925865583013
5801.812,0.17205682808610356,4.2114912283202655,25.00187858711033
5804.719,0.17263234024662044,4.21151007001564,25.00207314446534
5807.656,0.1740677809106627,4.211731614295961,25.005089675723564
5810.562,0.17645643872120717,4.211497022949079,24.998787773290612
5813.484,0.17532526387026276,4.211591243255815,24.994986493770483
5816.391,0.17516326429723122,4.211520002227946,24.99344769310946
5819.297,0.17750653846797654,4.211683124883826,24.9899848782258
5822.203,0.17488812515926178,4.211729905875831,24.990905337344795
5825.109,0.17541990546624447,4.211837553481954,24.990111698024567
5828.016,0.17610896823464245,4.211768222608821,24.98653164893969
5830.937,0.1756677055846578,4.211686552930776,24.98461587732628
5833.844,0.17452696274377996,4.211723285787455,24.990113164751165
5836.75,0.17416575897456385,4.21185687924804,24.987561475431562
5839.687,0.17728171187147246,4.211901955350428,24.993014306124145
5842.594,0.17451383916222507,4.212095885486988,24.988716978540165
5845.5,0.17327401239204127,4.212091757197968,24.987241268595433
5848.406,0.1750647233589221,4.211855887651138,24.982637560413867
5851.328,0.17601715148925504,4.211827362103518,24.981836896749037
5854.234,0.1774264300422198,4.211761865784079,24.97919780032347
5857.141,0.1766687613347477,4.212098398201003,24.96577661172593
5860.047,0.17483773966858127,4.21168780249025,24.96291438194105
5862.953,0.17457023487799647,4.212043739017584,24.96198940664287
5865.859,0.17449060766681782,4.212203967445819,24.96149026481414
5868.766,0.17557146226191722,4.2121245222930765,24.960152034844985
5871.687,0.1750676748420699,4.212141297490952,24.969628713207396
5874.594,0.1729683732897665,4.212328846655344,24.975673268702625
5877.5,0.1741901074516874,4.212303872218636,24.957361928704476
5880.406,0.1756478559731093,4.21223528207716,24.964949200650725
5883.312,0.17687303730368478,4.2124216685186315,24.954957201490235
5886.234,0.17511048437488536,4.212229933103538,24.955766434436818
5889.141,0.17776447440877768,4.212330582072318,24.950099081788675
5892.047,0.17478787129756945,4.2123888785599455,24.947575853797858
5894.953,0.1739636570227174,4.212496315147037,24.94916168122572
5897.859,0.1730753558626649,4.212503749530932,24.9505080055602
5900.766,0.1721397326162905,4.212486994148995,24.940067076632655
5903.672,0.17548117434079438,4.212512369262426,24.932309288332522
5906.594,0.17639799777569556,4.212451565587678,24.940715641950742
5909.5,0.17421557189921058,4.212259866584792,24.93265432878333
5912.406,0.17365457091914105,4.212634933929541,24.944324363706723
5915.328,0.17674782950241055,4.212484252274444,24.938159743753594
5918.234,0.17511546644949993,4.212713671093842,24.94138457731616
5921.141,0.17480010690621856,4.21245858741575,24.932829596435912
5924.047,0.1737295663855455,4.21283253204842,24.93605626510345
5926.953,0.1754153183570394,4.212860570450586,24.934646131068373
5929.859,0.17310922440477494,4.212772878540332,24.929671155043017
5932.781,0.17407197750890027,4.212815368589458,24.921095082625484
5935.687,0.1735771632631873,4.212653025959787,24.92422329699433
5938.609,0.17318387905368215,4.212858702389257,24.920767203680477
5941.516,0.17343689737352055,4.21286226353994,24.92664369605163
5944.422,0.1725954408631832,4.212859147267476,24.92189652841706
5947.359,0.17211468017110693,4.213257432879812,24.91922629456028
5950.266,0.17250590148827583,4.212706457292489,24.913210370324165
5953.172,0.1748376881448452,4.212776420906931,24.92032734231193
5956.078,0.16971692677850825,4.213054135807584,24.915508172201317
5959.0,0.17357439270413083,4.213086889630254,24.905697685692292
5961.906,0.17373353006995995,4.213248158783604,24.917457441515243
5964.812,0.17300251892683088,4.2132460689204985,24.913973989739322
5967.719,0.17542785864148983,4.2132813988076245,24.905602889430657
5970.625,0.17394292907961462,4.213340896153995,24.90371642561196
5973.547,0.17279097057097323,4.213457642036415,24.910283485626422
5976.453,0.17094050073724068,4.213338944151942,24.901137650949327
5979.391,0.17562674632413178,4.21346124274274,24.90264396787298
5982.297,0.17058746454546167,4.213274364724123,24.90281591850143
5985.203,0.17177979665494175,4.213400129346855,24.90337586987414
5988.109,0.17066256716825712,4.2133516133193325,24.897843200272554
5991.016,0.1691944538716741,4.21336305843172,24.90492270115391
5993.937,0.16959742281707318,4.213792100631842,24.896778764036167
5996.844,0.15069632598417584,4.211797163010575,24.89506237155515
5999.75,0.15024450267590142,4.211645130609855,24.895434457636945
6002.656,0.1523265102345506,4.2113503458107004,24.889712057650964
6005.562,0.14898884525829567,4.211415476970761,24.889327736803658
6008.484,0.14596437582824914,4.2114125126083195,24.889791444339902
6011.391,0.1476014430392906,4.211620313499357,24.876868651625283
6014.297,0.1506367645032139,4.211564668048924,24.87981779993143
6017.203,0.14981147874683393,4.211546162077474,24.88221428348294
6020.125,0.14962151252140304,4.2114651282439715,24.886273781269768
6023.031,0.14997050643484952,4.211362457649053,24.87624928394693
6025.937,0.15048168737801196,4.211356415653522,24.884029634545005
6028.844,0.15448499468203253,4.211645980473106,24.885696504383212
6031.75,0.1501566618376497,4.211465572751103,24.88159483349255
6034.672,0.1468757058273467,4.211483236236772,24.884719300195744
6037.578,0.15217033188200868,4.211600754623378,24.88368572524073
6040.484,0.14859035699384937,4.211365668115543,24.87124945179369
6043.391,0.15204339968084718,4.211296888007543,24.877150042682118
6046.297,0.15004229339795902,4.21133310360406,24.870423444824617
6049.203,0.14940691967870084,4.211576791547565,24.874347091828845
6052.109,0.1504288252007562,4.211562788743077,24.866704846794537
6055.016,0.15162233992361915,4.2116221355468095,24.86741215151773
6057.937,0.15287523794446997,4.2115368853033415,24.860590614959207
6060.844,0.15082855505283785,4.211731961099966,24.851432114777037
6063.75,0.14953734281856937,4.211562267837488,24.850990407407654
6066.656,0.14812901511581059,4.211572896010058,24.8546119029907
6069.562,0.14903231337750025,4.211535314026494,24.85509575306029
6072.469,0.15037379939887208,4.211470717299297,24.853181864937902
6075.375,0.1472238102980479,4.211541481288807,24.85553947931844
6078.297,0.1519345232878173,4.211617966595133,24.857202921681814
6081.234,0.14985868174203473,4.211586580440135,24.844609714069012
6084.141,0.15183110406458225,4.211737713183078,24.840649935431212
6087.047,0.14905950124642037,4.211714187697203,24.84252041367063
6089.953,0.14837808856080217,4.211736156115793,24.841202653221163
6092.859,0.14741442310719263,4.211761254751815,24.84444149890481
6095.781,0.14732954085053088,4.211741179349159,24.84164434902998
6098.687,0.15055739949159863,4.211884815882849,24.84487635946441
6101.594,0.14771771999107566,4.211943724947447,24.850693296168416
6104.5,0.14846666165120664,4.211676553303469,24.845731525027105
6107.406,0.15032119219140722,4.211728125462984,24.83534761084381
6110.328,0.1496151549081016,4.21186791547583,24.823637853318253
6113.25,0.1453646583295964,4.211864315131312,24.8281814190655
6116.172,0.1501020144145954,4.2117550316025225,24.821973554738552
6119.078,0.14841184261770457,4.212087525747871,24.82845386705457
6121.984,0.1488067270340345,4.212011953752931,24.827333384937578
6124.891,0.14941083382337125,4.211977830916844,24.828555801372048
6127.797,0.14997336927175817,4.211942308489338,24.82991595334876
6130.703,0.1485290905517046,4.212143945902983,24.833461115112325
6133.625,0.14875887368748997,4.212063101412384,24.827469450202578
6136.531,0.14939036237019934,4.212066217097672,24.82633359604494
6139.437,0.14903803737929525,4.211980874036579,24.830031339192445
6142.344,0.1469552509087056,4.211929425080737,24.827874774340348
6145.25,0.1498815665014981,4.212024187197274,24.81415779673417
6148.172,0.15049194462359908,4.212064959436897,24.81458254418622
6151.172,0.14986436394136074,4.212190949240429,24.81978427943809
6154.156,0.14929691257702285,4.212348284862808,24.82762948216995
6157.219,0.1468354332085147,4.212371426003424,24.82014292258069
6160.234,0.1483404767604493,4.212457846582309,24.8254059372838
6163.234,0.1487240027937575,4.2125772763393785,24.8217456183661
6166.156,0.1496796814738481,4.212513258332202,24.82897452097668
6169.062,0.14860606540746474,4.212246297729693,24.81764469479489
6171.969,0.1496610252027238,4.212557750547886,24.82091436593668
6174.875,0.1483525178636638,4.2124573715563525,24.825473305520852
6177.781,0.14902526749429518,4.212368657353037,24.82235017067438
6180.687,0.14866693525634223,4.212414855557826,24.808424612256943
6183.594,0.14888129485291085,4.2124329991941,24.814654373707814
6186.5,0.14631186294675527,4.212478999283572,24.810060824226852
6189.406,0.14874519979004777,4.212497152811116,24.806956126542083
6192.344,0.1480152152110809,4.212634405889913,24.80147717730461
6195.234,0.14935250007623024,4.212651830068391,24.792729702952045
6198.141,0.14797616875709582,4.212755883304075,24.802588947915932
6201.078,0.14534423261997897,4.212579262061528,24.807146475604494
6204.047,0.14862927964547346,4.212623943963281,24.801604634176904
6206.953,0.1475915898489418,4.212698916166593,24.802373096691106
6209.859,0.14695292060408346,4.212892731167183,24.787039772767113
6212.766,0.14827325155551901,4.21258331041048,24.793482400996545
6215.687,0.14868726621249892,4.212895524234559,24.790428966005496
6218.594,0.14963758509179623,4.212838922607231,24.78772924690497
6221.5,0.14835414812898684,4.213051640167094,24.795254107181172
6224.406,0.1476170101347405,4.21275316656268,24.797574167495227
6227.328,0.1487242706844453,4.213014825471034,24.794499173099066
6230.266,0.1452029429598886,4.212889564151268,24.793500421854322
6233.172,0.14589656075479301,4.213042540123728,24.78836168057616
6236.078,0.14736444028554793,4.212908414379577,24.781939128326158
6239.0,0.14917761075698313,4.213071018417913,24.78811511417219
6241.906,0.14642740605559934,4.213259921381887,24.78362079056871
6244.844,0.1463335706303723,4.213160141338127,24.778565793246585
6247.781,0.14728509734637685,4.2131506435494,24.773661087316604
6250.734,0.14718509198543364,4.2132674689072775,24.7726116449987
6253.672,0.14635144655113524,4.213281195687027,24.775827715640695
6256.609,0.14897367458942853,4.213179220424322,24.773077793360965
6259.578,0.14580935679848128,4.213147630784512,24.784400766807067
6262.578,0.1465503954170027,4.21333528383014,24.772441238554602
6265.547,0.1483741616033397,4.213470879202802,24.769212381706346
6268.531,0.1472363621518757,4.213188356892724,24.77659807417672
6271.5,0.14632212548321494,4.213308072922561,24.77524270499699
6274.531,0.14710411487862007,4.21333417552667,24.779526501878983
6277.469,0.14543910679392277,4.213589743807933,24.774644012977493
6280.375,0.12535537181755893,4.21166205043502,24.774222676260656
6283.281,0.12332183843598055,4.211539454610057,24.77436171823398
6286.187,0.12455128782368163,4.2115008593809735,24.777180015001456
6289.094,0.12582926655440357,4.2115525209932,24.776256774127905
6292.0,0.12473964458799072,4.211382343615627,24.76570729902376
6294.906,0.12482890593271259,4.211275382839163,24.76451106483365
6297.812,0.12266677559137291,4.211527282327232,24.765791369498267
6300.719,0.12336005058036979,4.211338532672923,24.75306295306656
6303.625,0.12251638135496873,4.211459948685103,24.75774636261058
6306.562,0.12518629147706584,4.2110923937789755,24.761163232523927
6309.469,0.12391101829414859,4.211054205674574,24.757455940689056
6312.375,0.12254728785433454,4.2110774490406495,24.75175129852158
6315.281,0.12526936233886443,4.211407755150374,24.750790747158508
6318.187,0.122987354478403,4.211537903221902,24.755803453441278
6321.094,0.12420390879681906,4.21133552834809,24.750517914332193
6324.0,0.12266675597508644,4.2113172575688225,24.75058621694124
6326.906,0.12382013998660137,4.211215655937761,24.74775900941684
6329.812,0.12626219452899382,4.21123147470618,24.74522820241208
6332.703,0.12574826637512287,4.211058727628584,24.742926855885006
6335.609,0.1253982802865762,4.211480896559233,24.74292070493689
6338.516,0.12280767698984549,4.211180297513954,24.742148804245737
6341.437,0.1246030837696217,4.211381629677839,24.745736191467277
6344.344,0.12536560956491255,4.211458348385333,24.749179654943024
6347.25,0.12458246809231387,4.211219282384932,24.754583726176982
6350.156,0.12662678834398067,4.211384063645731,24.750255755921966
6353.062,0.12411275283511447,4.211161141994114,24.750559785848928
6355.969,0.12406558533392638,4.211361298681719,24.747262872991964
6358.875,0.12493431785102008,4.211426896247407,24.73805548407655
6361.781,0.1238922157615542,4.211369782475573,24.736224702423144
6364.687,0.12265161742777796,4.211389899479577,24.736742299695127
6367.578,0.12369285575544947,4.211320226163022,24.740326237130823
6370.484,0.12253062106131563,4.21136737605915,24.739728308075414
6373.406,0.12589583680828836,4.211451363490944,24.737714559334176
6376.312,0.12376637643093301,4.211557587992732,24.73683870175731
6379.219,0.12298609746343192,4.2113052374758215,24.734474485745164
6382.125,0.1281291551018166,4.211570419759157,24.72916306123099
6385.047,0.12454308022343123,4.211385513572789,24.73195938332407
6387.969,0.12424830150864598,4.211688490044784,24.72885955894899
6390.875,0.125085460523496,4.2120347070208295,24.724230713753606
6393.781,0.12312608540429411,4.21160306200812,24.71323871229603
6396.687,0.12448199457464727,4.211664084263844,24.71571576022039
6399.594,0.12553216210173332,4.211746884770614,24.71678967837043
6402.516,0.1225499386800252,4.211582236105903,24.715546339270816
6405.422,0.12230304551718058,4.211463126709203,24.72107426579142
6408.328,0.12308960853711963,4.211786714969438,24.714276709519524
6411.234,0.1255646540010306,4.2114783183802365,24.703182262595398
6414.141,0.1197636587216116,4.2117604087761205,24.711041297910995
6417.078,0.12490513756993046,4.211751536481685,24.709173373665806
6420.0,0.12024223706610696,4.211923947492783,24.7077934963204
6422.906,0.12246165639651799,4.2116887452109335,24.709614485638152
6425.812,0.12274883762145807,4.211946994754903,24.71061750971859
6428.719,0.12465860854634764,4.2116345028795905,24.715267339681795
6431.625,0.1227471753182962,4.211687710121604,24.719940187129275
6434.547,0.12434867519888695,4.211853764489999,24.713585360943952
6437.453,0.1216954632032133,4.211776220476052,24.70793261377199
6440.359,0.12251588352583825,4.211520425456788,24.70663565297852
6443.266,0.1268290042066103,4.211692357415999,24.711362285916444
6446.172,0.12440403960971781,4.211910447236702,24.7097389669577
6449.078,0.12209997008910864,4.2117695980178755,24.69469533387809
6452.0,0.12413313543681678,4.21171404184762,24.69333859232012
6454.906,0.12254134933312327,4.211850581844526,24.68979987969447
6457.812,0.12471798561808155,4.211808817430669,24.69569488868577
6460.734,0.1250328647302657,4.212008048382923,24.704409472512005
6463.641,0.12167182230538974,4.21206868265923,24.696100495776257
6466.547,0.1231971130666814,4.211958429656821,24.701310388375106
6469.453,0.12420548581231323,4.2119230526560525,24.6951895129105
6472.359,0.12212509856840707,4.212031908782066,24.688875830777512
6475.281,0.1222070361015307,4.2120665125503,24.692547038200754
6478.187,0.1187915194583911,4.212122107347046,24.68947387207036
6481.094,0.12421359186563662,4.211986457173773,24.68807451324877
6484.016,0.12292074492344983,4.212210679794922,24.681962505920357
6486.922,0.12074894292925518,4.212097456295601,24.687239429350754
6489.828,0.12047864112032888,4.212127157224333,24.682608016000145
6492.734,0.12254285540233034,4.212055092893308,24.677691266290285
6495.641,0.12170901675065304,4.21215824385921,24.68195502542795
6498.562,0.120705236770474,4.212461004555126,24.681399955242792
6501.469,0.12411081935437494,4.2123212289700644,24.690700233637834
6504.375,0.12412294611043809,4.212155532600306,24.685705164828462
6507.281,0.12253643034536124,4.212483818417818,24.688642228626552
6510.203,0.1246703240253275,4.2121894588333015,24.680413027473822
6513.109,0.1218261621409795,4.212363214722501,24.67883603520396
6516.016,0.1243646149362334,4.212306642121301,24.687628081698378
6518.937,0.12147133185596823,4.21237876499276,24.67920703686189
6521.844,0.12247218178015329,4.212527125670802,24.67310466625999
6524.75,0.12399672599416121,4.21231164321565,24.668152307763002
6527.656,0.12168998382628232,4.212510430069347,24.674883323688228
6530.562,0.11923505799045478,4.21237350391581,24.666541876960117
6533.484,0.12024750828652835,4.2124499307614265,24.667655844595657
6536.391,0.1224496879318887,4.212656374797727,24.65938273545258
6539.297,0.12258012715055083,4.212385335791,24.65828366958668
6542.203,0.12141989470242064,4.212751371184227,24.668627911626302
6545.109,0.11994625038778575,4.212543153191048,24.666208162718103
6548.031,0.12288075198705001,4.2125565295954575,24.663206691706907
6550.937,0.12128291442325607,4.212885596540221,24.6599704753496
6553.844,0.12509173359408013,4.212572971294238,24.65810157923639
6556.75,0.12353786100530198,4.212712599175068,24.65907685566428
6559.656,0.12211313572978512,4.2127084947826745,24.657891998547676
6562.578,0.12159086873543165,4.212832015012295,24.65266316023427
6565.484,0.12020176418268842,4.212989727905479,24.653601605212238
6568.391,0.12353297070329906,4.212827721691619,24.650974071429925
6571.297,0.12288044894124805,4.212719788918503,24.658675076952672
6574.203,0.1217682565294528,4.212863008027073,24.652795977330964
6577.109,0.12242697189876658,4.213087715183434,24.65077247403094
6580.031,0.11926523432897686,4.213121440429705,24.651844252605102
6582.937,0.12123610768455552,4.213192111994771,24.65658242340808
6585.844,0.11967637143375484,4.212984530877579,24.652765795993854
6588.75,0.1215296577768063,4.2130201844910795,24.653363270327407
6591.656,0.11884193454637773,4.2130174339282815,24.64473997380493
6594.578,0.12214903589688396,4.2130614384828995,24.64389623336554
6597.484,0.11990953556271132,4.212949811630406,24.639928689850308
6600.391,0.12021982380695286,4.2129369703797845,24.635560573593875
6603.297,0.12191120975180261,4.213158752658852,24.64198301705902
6606.203,0.11892994734128401,4.213117183403819,24.63638275093063
6609.125,0.12310393045297448,4.21307602153022,24.640439164199414
6612.031,0.12327862445216804,4.213106003706852,24.638671974966872
6614.937,0.12095465846856718,4.213158972866789,24.635603415080578
6617.859,0.11982630148965553,4.213149698844198,24.634664670910873
6620.766,0.1219697622973609,4.213216633388796,24.638058954658888
6623.672,0.12119827533481968,4.213163239896447,24.639713161513562
6626.578,0.1214565748840755,4.2131404784651565,24.632015108109066
6629.484,0.11895929751925083,4.2133296305295325,24.62725479046446
6632.406,0.12064703721756624,4.213323470807817,24.61774805081216
6635.312,0.12096815402504399,4.213362286481657,24.63431490533374
6638.219,0.12214322222457495,4.213384345397876,24.63053042366706
6641.125,0.11633673446498086,4.213192824192702,24.628587411123892
6644.047,0.12031664430776391,4.213355038259079,24.625800578150457
6646.953,0.12258254374596525,4.213538602971537,24.62925707160934
6649.859,0.11999915006404645,4.213387859209848,24.625353597411483
6652.781,0.11922275543719703,4.213861004767083,24.62307560402437
6655.687,0.0945213919527688,4.211588115716024,24.614422893272856
6658.594,0.09326952521493918,4.211685942379014,24.611494983037094
6661.5,0.09631320657108877,4.211466137779527,24.61791816164007
6664.422,0.0979610496250469,4.211383096838028,24.61434876462603
6667.328,0.09792191361957425,4.211304986137296,24.61002488513302
6670.234,0.09713965610769655,4.211179569371321,24.60663982494495
6673.141,0.09719601068284028,4.211263267097855,24.608981010030956
6676.078,0.0960606035828981,4.211229991057156,24.608988787589066
6678.984,0.10031013149884765,4.211185613295114,24.613430144809236
6681.906,0.09369755453150147,4.2112532910614044,24.61031919409949
6684.812,0.096892499701488,4.211187252248689,24.60847798128106
6687.719,0.09839471165906641,4.211017784384158,24.610925278081343
6690.625,0.09943631478957891,4.21111815797527,24.605905663105336
6693.547,0.09571457868863,4.21113839073794,24.612988737768
6696.453,0.0962582548495478,4.211220062922247,24.61528534514256
6699.359,0.09848286424537367,4.211014473703799,24.623398747706407
6702.297,0.09362114390962965,4.211259571549711,24.623326677878758
6705.234,0.09506546456309133,4.210767937313825,24.615375242213588
6708.141,0.10046343913796016,4.210962818466376,24.610168890120384
6711.047,0.09870414457667091,4.211253710202498,24.611968270312058
6713.953,0.09822122591117897,4.211112134392899,24.62006392283204
6716.875,0.0956254465268574,4.211236753182336,24.611803605628396
6719.781,0.09878221529473481,4.211143660583974,24.608860378785835
6722.687,0.09842448705146013,4.211139281279162,24.612111666881738
6725.594,0.09753185260943903,4.21132204656412,24.61172485413612
6728.5,0.09793738915955509,4.21115873501553,24.611557428752885
6731.422,0.09644527924474659,4.211275438153442,24.61427364676318
6734.328,0.09470209814904645,4.210929609211688,24.60796650117483
6737.266,0.09743317507198358,4.211310309074653,24.60120830272178
6740.172,0.09701067706442018,4.211249255460444,24.6021838160634
6743.078,0.09685470363668468,4.211150075140756,24.603389322525825
6745.984,0.09829900638612386,4.211125907945269,24.605672513755774
6748.906,0.0967379418859796,4.211181246280839,24.59647048477146
6751.812,0.09710808388316361,4.2111729923608445,24.6020846046522
6754.719,0.09539072427200662,4.210987631893275,24.608225684909932
6757.625,0.098274329946211,4.211112884015393,24.60597778129837
6760.531,0.09960556658857868,4.211296578396655,24.607407146409845
6763.437,0.09909900424797222,4.211034757685505,24.60017443116708
6766.344,0.09760476875229634,4.211055523724177,24.60406850196983
6769.266,0.09830144328319343,4.21131196282464,24.59971043491666
6772.172,0.0958805012280286,4.211322659031527,24.593225781313894
6775.078,0.09752533290291886,4.2112061808091585,24.593235855793026
6777.984,0.09667391727632246,4.2111970412037145,24.602096388178
6780.906,0.09583438022846068,4.211302207474086,24.595996006591076
6783.812,0.09897118302851055,4.21129756221021,24.597350176240788
6786.719,0.09876658480137408,4.211308272261771,24.595424730447142
6789.625,0.09697966395233876,4.211339299318103,24.599467382716426
6792.547,0.09673415023278259,4.211329054234459,24.5937455696979
6795.453,0.09428767913439179,4.211319986328123,24.593132844644362
6798.359,0.09760387613484206,4.211186437037694,24.588254274275283
6801.266,0.09687709653596457,4.211471921393165,24.58313932810528
6804.187,0.09472067428135215,4.211506748428255,24.581252721404283
6807.109,0.09824057841564456,4.211315328188704,24.57871581599903
6810.016,0.09502872898836018,4.211223875466797,24.587413883101284
6812.922,0.09621791333297604,4.211430937043984,24.58613542015771
6815.844,0.09765304717547967,4.211314991342329,24.583077125294306
6818.75,0.09456203780167487,4.21136107232259,24.584319181262103
6821.656,0.09825267761158575,4.211463626751285,24.584734907017467
6824.578,0.09836034593641123,4.211452570903176,24.58707712644262
6827.484,0.0952984625758336,4.211390344469876,24.58661016060529
6830.391,0.09822004126847157,4.211593060562708,24.582825751263858
6833.297,0.09624863593626397,4.211482837773596,24.579230691615173
6836.219,0.09662080449418524,4.211634581186577,24.578593518814788
6839.125,0.09333239298358811,4.211586902381324,24.57628385240218
6842.047,0.09735991097888193,4.2116890688811175,24.574148184458803
6844.953,0.09465403758831413,4.211571340624254,24.576586510212948
6847.859,0.09402799374041007,4.211633157817558,24.574656940570208
6850.766,0.09733937621588346,4.211571141756661,24.570402490066847
6853.672,0.0963745774203582,4.211369850556537,24.572735998820544
6856.594,0.09251869310098425,4.211528547903389,24.570090023503543
6859.5,0.09673984051044596,4.211542255321197,24.569654200981304
6862.406,0.09616952517271528,4.211549329492032,24.56857611130915
6865.312,0.0977446140873227,4.211709497847064,24.5697736483274
6868.234,0.09577995098216989,4.211556325253434,24.56594574924386
6871.141,0.09492258596474541,4.211769870175429,24.57088124615921
6874.047,0.09631621300905888,4.2117434460555865,24.565256164540926
6876.953,0.09461762516628741,4.2118929210583955,24.561891114591514
6879.859,0.09769719471380335,4.2115412834810035,24.560332480366974
6882.781,0.09243210284175643,4.2118129455241045,24.565454498681767
6885.687,0.09646791960607674,4.21172617416799,24.569534460834316
6888.594,0.09755851227934806,4.211713112539225,24.563767005769723
6891.5,0.09358373337302281,4.211826978840291,24.563051543391087
6894.406,0.09323309893154706,4.211947660678098,24.562201790867043
6897.312,0.09692020689627626,4.211670590947469,24.56029315386872
6900.219,0.09511910492316616,4.212058168286903,24.569152359428944
6903.141,0.09705573989107966,4.211854025166038,24.56435885928876
6906.047,0.09417129510142955,4.211700811618912,24.56134858723508
6908.969,0.09374181780793653,4.211948083086834,24.557356874695415
6911.875,0.09651730117948924,4.2116631553103945,24.547645315850456
6914.781,0.09420932679402581,4.211857271668504,24.546072707673424
6917.687,0.0955396422439058,4.211970451480571,24.559859064012098
6920.609,0.0927487871518335,4.2122049522672995,24.550250408599318
6923.516,0.09604362443253095,4.211809494643056,24.55252782916146
6926.422,0.09591470691502854,4.211843295665156,24.556270677575316
6929.328,0.09580711840447526,4.212048174348407,24.55493593329122
6932.234,0.09782910025716894,4.2122447689265226,24.54379539581928
6935.141,0.09728224946898978,4.212163617903002,24.546339637127556
6938.047,0.09606477015999784,4.211998234882061,24.54223628706362
6940.969,0.0969265397764162,4.211969856309932,24.54350168816666
6943.875,0.09806169963024951,4.212149079515307,24.542004631236658
6946.781,0.09437315591020877,4.212063055045446,24.536425825009278
6949.687,0.09429718372981209,4.212255836909878,24.544170713927283
6952.594,0.09461484851284101,4.212183693417408,24.54711769643825
6955.516,0.09649444012853846,4.212088193550898,24.537363835498585
6958.422,0.0958444374262141,4.212378231079875,24.540142828646417
6961.328,0.09309632360847614,4.212283123306852,24.542328654627056
6964.25,0.09692065668320743,4.212134051345362,24.539766843674
6967.187,0.09483636563743793,4.212037326680054,24.533413325774905
6970.094,0.09355591176587733,4.212263309616368,24.541019175856533
6973.0,0.09568789721474799,4.212224003011917,24.538965687200236
6975.906,0.09465733054355246,4.212398395888045,24.54267806360312
6978.812,0.09832954979101059,4.212248268388439,24.547110947520093
6981.719,0.09640168385120652,4.212374951210631,24.54303827913268
6984.625,0.09480768925751146,4.212576846602194,24.542776094082917
6987.531,0.09425392866113198,4.212612510788478,24.549760037539585
6990.437,0.09543190050671174,4.212316901507958,24.543883536001093
6993.344,0.09505524657080978,4.212348953136912,24.535863011645706
6996.266,0.09301528374807515,4.212464657518723,24.540143772056076
6999.187,0.09436108955330312,4.212271606089986,24.533232618028045
7002.109,0.09457032313601876,4.212104268915928,24.526901655253326
7005.016,0.09508998496236104,4.212700557667294,24.530362811185594
7007.922,0.09379255009561197,4.212615895051214,24.53132770663187
7010.828,0.09206491240956116,4.212453494944459,24.535063300341825
7013.734,0.09475925504757154,4.212344734461008,24.528880048518847
7016.641,0.09266026989142336,4.212408829557397,24.52742645816777
7019.547,0.0952174151947211,4.2127815166862765,24.526854615480367
7022.453,0.09297683977005676,4.21263091612353,24.5208115198065
7025.359,0.09088874287728652,4.212620514167885,24.51371617517902
7028.266,0.09111909419428278,4.21284033543136,24.513624497365473
7031.172,0.09536775867710612,4.212439165044048,24.506350110097607
7034.094,0.09469719787043306,4.2126618412478445,24.50068720190763
7037.0,0.09213784356350609,4.212588856692476,24.508610007182238
7039.906,0.0926393652537142,4.2128048570376935,24.51466414533171
7042.812,0.09259002517306247,4.212726209837582,24.512282788747676
7045.719,0.09435951057597335,4.212708890738717,24.503918439023813
7048.625,0.09565833995816682,4.212988374979691,24.504331428169344
7051.547,0.09178936545028189,4.213029281316852,24.50943321207538
7054.453,0.09677061633369796,4.212607986458761,24.511042787402246
7057.359,0.09188754846993315,4.212769181227286,24.51395198273464
7060.266,0.09122080747159143,4.212763023895897,24.51432799515832
7063.172,0.09306912248909603,4.212996043576165,24.506233555394637
7066.094,0.09226108822651496,4.212975794525724,24.500939210662718
7069.0,0.0926236434438266,4.212775914669347,24.50758384364279
7071.906,0.09274707295904248,4.212945186030966,24.50510273680757
7074.812,0.09106756885762701,4.2131284938854945,24.50299008670585
7077.719,0.09289000784470976,4.2130213702979225,24.502363461190104
7080.625,0.09422776042932735,4.2130260663895935,24.506605068005605
7083.547,0.09500325892039911,4.2128652017370305,24.497913525120456
7086.453,0.0913887030530516,4.213069937972724,24.494728672422745
7089.359,0.08825458372230459,4.21311369108086,24.498556555777043
7092.266,0.09407385937560356,4.213090790139935,24.50134263176962
7095.172,0.0947878105217847,4.2129386758860505,24.50027744984439
7098.094,0.09435128625156917,4.213120355635014,24.493981161208918
7101.0,0.09474373420456407,4.213133499317731,24.496412342839406
7103.906,0.09447858642681066,4.21300779423324,24.500047595247935
7106.812,0.09111516206202293,4.213147716942573,24.501654065915115
7109.719,0.0911536756814873,4.2130963791704685,24.504361010786134
7112.625,0.09408846360589841,4.213203092382511,24.49421144433395
7115.547,0.09090992464515303,4.213161684678554,24.493261395208577
7118.453,0.0929578965778579,4.213514967785555,24.48648639905984
7121.359,0.09300824615642966,4.213442101228724,24.483795475952213
7124.266,0.0931450217851747,4.213056183626303,24.49299866668414
7127.172,0.09090035873266065,4.2131841093644855,24.491195607648923
7130.078,0.09244836034847373,4.213137997041972,24.48590926764745
7132.984,0.09459057584145515,4.212924144122616,24.499425543984692
7135.891,0.09232655609886391,4.213131466586729,24.501907622507034
7138.797,0.09027270817114859,4.213283768057523,24.483161317489927
7141.703,0.09230402142744672,4.213446798428036,24.4896636732519
7144.625,0.09254186395164789,4.213402397914008,24.488539675840173
7147.531,0.09077404779067183,4.213403162745719,24.482605339972967
7150.437,0.09257132953760515,4.213491046650801,24.48652049032696
7153.344,0.09046367154975972,4.213456739481139,24.494295610701343
7156.25,0.09192757931650178,4.213470606365362,24.4896400663624
7159.156,0.09238387416915063,4.213470966137677,24.493414573263436
7162.062,0.09270238452270534,4.213475270735647,24.478120122877062
7164.984,0.0922731546875941,4.213618673870522,24.483645136555914
7167.891,0.09334380313891341,4.213507437678869,24.479458931873115
7170.797,0.09125445757797414,4.213655223140833,24.484633257243953
7173.703,0.09378240848476045,4.21356064115845,24.483072455124688
7176.609,0.09051440716386529,4.213643864090348,24.483022302658817
7179.516,0.09230507728411334,4.213744325953715,24.47844243344389
7182.422,0.09113074315996553,4.2135482769678765,24.481336363530264
7185.328,0.08884941800056707,4.213613641878403,24.48103721882592
7188.234,0.09311125927086673,4.21359468523817,24.48583500107363
7191.141,0.09201412926381079,4.213631013944554,24.481942488199202
7194.047,0.08829160698269096,4.21381133664026,24.47805200347236
7196.953,0.0895163477845639,4.213785809199378,24.481612960369855
7199.859,0.09137523865028371,4.213690281727369,24.481746360137265
7202.766,0.0910451361503116,4.2137033082873865,24.481359112862098
7205.672,0.09262609484882771,4.213746815346279,24.47124542188039
7208.562,0.09176301496362364,4.2139780605823365,24.470921192524404
7211.469,0.08925214036807132,4.213764100552735,24.462851651935928
7214.375,0.09338106527060382,4.214011223862755,24.462136306011004
7217.281,0.09226058893340332,4.213897820243322,24.467171792823965
7220.187,0.09206941914281654,4.2139991637566725,24.459614903765218
7223.094,0.09148962284927947,4.21387776997215,24.4606394547448
7226.0,0.09274989115000337,4.213950713341794,24.45990362975255
7228.906,0.09121639203262116,4.213896895451938,24.466204972289084
7231.812,0.09047464850332841,4.2140488833486796,24.45985979770206
7234.719,0.08977104756039633,4.213881845758572,24.46097827807853
7237.625,0.0914235497500666,4.214228779708086,24.45390956163844
7240.531,0.09177533588074749,4.214070758239623,24.45909972259221
7243.437,0.08860352682854643,4.214106534902123,24.450175927578027
7246.328,0.09123214214607032,4.214076087267244,24.44737369358402
7249.234,0.09016798214743416,4.214196009186852,24.448204103452646
7252.141,0.09207759991164116,4.214122324350083,24.447743180508343
7255.078,0.09110473043936376,4.214247515407042,24.456795454986953
7257.984,0.08912683910362316,4.214406754627182,24.454917153582173
7260.891,0.09194362315413007,4.213926903318177,24.45753582732802
7263.797,0.09189230041994895,4.214181176477745,24.45446644262589
7266.719,0.09200720988296579,4.214221457454034,24.457986163701964
7269.625,0.08905610882622286,4.21414930505295,24.451801513033207
7272.531,0.08886191707536582,4.2143085251328465,24.445917962805893
7275.437,0.08964449105615356,4.214575774033428,24.4514775917906
7278.344,0.0663038846654405,4.212472552543943,24.447247841535038
7281.25,0.06455079860985033,4.212112468449377,24.442636478505698
7284.172,0.06989299948835306,4.212385971521102,24.439399302900377
7287.094,0.06731712839057229,4.21220305973326,24.44768693473364
7290.0,0.07134772893099182,4.212048349700215,24.44597509892446
7292.922,0.06951065518481093,4.21211098951299,24.450113510683185
7295.828,0.07105081235379708,4.2121211695416605,24.455230231625674
7298.734,0.06878566083450406,4.212132763078506,24.446796910227782
7301.641,0.06817854886930726,4.212073009693242,24.452019373589124
7304.547,0.06934343685339972,4.211921216103754,24.443144159439115
7307.453,0.07116137303893709,4.212077973424652,24.444696841821436
7310.375,0.06747809609307112,4.2119974243955305,24.437834156932514
7313.281,0.06925524082141829,4.211988941540826,24.44296655848692
7316.187,0.06599460662127733,4.211955536801144,24.440178461483196
7319.094,0.06907326441027578,4.211984854258484,24.43357642323455
7322.016,0.06986316213116489,4.211763041573261,24.433497390870542
7324.922,0.06761421038226295,4.211655370470625,24.4321931385617
7327.828,0.06773902315464558,4.212091351158294,24.428714746271762
7330.734,0.07065681463849284,4.211982835233366,24.43479838266166
7333.641,0.0694975655495827,4.21197955894228,24.43519856462815
7336.547,0.07010725833698797,4.21219485267763,24.433369313883976
7339.453,0.06659550950691814,4.211964174264187,24.4335910969574
7342.359,0.06742689983985165,4.2119565565683,24.425252869187894
7345.281,0.06849956995572544,4.212055943407836,24.434922003318313
7348.187,0.0689536408001222,4.2118442057189975,24.43200539183556
7351.094,0.06836096133674886,4.212262375505535,24.432656231785625
7354.016,0.06899199226296009,4.212087226118621,24.430631862855485
7356.922,0.07050032396390103,4.211820652013192,24.43481206779376
7359.828,0.06810194974261995,4.2120731667614,24.43271347161296
7362.734,0.07064378236341332,4.2121683914350205,24.429289056137662
7365.641,0.070164315953552,4.212044601623923,24.435488054543512
7368.562,0.07074422953378386,4.212160366276961,24.43248723858172
7371.469,0.06927077119077395,4.212128764251488,24.43438321886542
7374.375,0.07227269989005612,4.2121770487347305,24.435847685000017
7377.281,0.06989958609304328,4.211791263405457,24.43715065825636
7380.187,0.07263768749012997,4.212404073841529,24.425557893399795
7383.094,0.07143353677259921,4.21218772945157,24.426233587464434
7386.016,0.06830268476679659,4.211967466815588,24.428264420899882
7388.922,0.07214612353836025,4.211996145089601,24.419613289915382
7391.844,0.07172819908736563,4.21195786679245,24.428081283334517
7394.75,0.07232093762176509,4.211723004059205,24.42961555589164
7397.656,0.07164156062886887,4.212191531948779,24.42994016746527
7400.562,0.06768634077403918,4.212153623492412,24.426229760370823
7403.469,0.06901498793896675,4.211843589190789,24.42557524106783
7406.375,0.07014376148145747,4.211920044754434,24.425800109576944
7409.281,0.06779499992209896,4.211905577460994,24.424581900270855
7412.203,0.06755005915852456,4.212034774015104,24.421274517029637
7415.109,0.06881150406396357,4.211779351635253,24.415660447999937
7418.016,0.07187867545730343,4.212172552926073,24.417454706893835
7420.922,0.07037830830993684,4.212400513825888,24.41469517666743
7423.844,0.07231069463110318,4.2120812663197436,24.412444452040127
7426.75,0.07225350847034559,4.212295543096009,24.418896791030946
7429.656,0.07106661981001743,4.212119503645552,24.418392795882518
7432.578,0.06707148860862805,4.212014428144137,24.42581157982958
7435.484,0.06871330564510972,4.211947728107064,24.42367137621085
7438.391,0.07291002577918727,4.212144595160695,24.418649184774434
7441.297,0.072137985235927,4.212032658762008,24.420814946671374
7444.203,0.07087129653174608,4.212464616995549,24.418301254940477
7447.109,0.06800939952051055,4.212001373382791,24.426183348235085
7450.016,0.06836294046699697,4.2119594144963175,24.424125900993324
7452.922,0.06818573420395674,4.212268914217979,24.41935163483781
7455.828,0.0650086589526175,4.212194670229978,24.415741160371105
7458.75,0.06643663886381647,4.212173411904925,24.410561389676154
7461.656,0.06802145265198291,4.21210757968667,24.42430502106445
7464.562,0.06968372847299989,4.212530329450963,24.411288263776456
7467.469,0.06824919878906266,4.212275755955293,24.411233461381048
7470.375,0.06676585018687924,4.211984998971377,24.421889493492973
7473.281,0.0682910048479645,4.2123019519490885,24.403034310714087
7476.187,0.06806504266657375,4.211948459746886,24.409852064798535
7479.094,0.06932040761837369,4.212076666307885,24.41253595833486
7482.0,0.06923686714459108,4.2125294311035795,24.41309166142663
7484.906,0.06690958935066903,4.212256217649014,24.410441469548537
7487.828,0.06874625897785587,4.21225174888746,24.410988727043772
7490.734,0.0669087152118094,4.2121695096468175,24.41382908803601
7493.641,0.06927931905241327,4.212342071495738,24.414204544152028
7496.547,0.06537383947281446,4.212116863417796,24.402370645961096
7499.453,0.06570704735164584,4.212251841075443,24.39597592842924
7502.359,0.06654401430809641,4.212410560457637,24.406030589985114
7505.266,0.06745121653101739,4.212524303882768,24.40274381123309
7508.172,0.06869142762436009,4.212573507077298,24.404150588261718
7511.078,0.07121220317241406,4.212464380913026,24.39671871645562
7514.0,0.07052536105799136,4.212143856795059,24.39640752845929
7516.937,0.06850727227031637,4.212670141965234,24.4025013162623
7519.844,0.067129361204365,4.212373156804577,24.40267401840762
7522.75,0.06797024574563497,4.212394851666212,24.402392294014078
7525.656,0.0714390878503423,4.21253388349615,24.397497972964608
7528.562,0.06819525006472545,4.212637179945692,24.400448995147357
7531.469,0.06782541530651351,4.212251443922071,24.398044744844018
7534.375,0.06923105180794706,4.212323375189437,24.394005058964954
7537.281,0.07019078459335173,4.212523153836588,24.396294503220215
7540.172,0.06963961839110931,4.212216478587623,24.391022895162223
7543.094,0.06806668519117566,4.212591251893949,24.389143540230034
7545.984,0.0671150568904118,4.2126362939588535,24.39263544661739
7548.922,0.06690018187697763,4.212641525669128,24.390585715112053
7551.828,0.06604335070896651,4.212419162592506,24.39728787485283
7554.734,0.06858446887470779,4.212690810719271,24.39284493011937
7557.641,0.0679946700379769,4.212749465347201,24.393749170044558
7560.547,0.06896428178323144,4.212339173274233,24.38649995404948
7563.453,0.06603222010565925,4.212568363978619,24.381697208934114
7566.359,0.06599056525822554,4.212412382058093,24.389150732713407
7569.266,0.06613144148688889,4.212643386788476,24.384407650894676
7572.172,0.0682192199675422,4.212632630454294,24.380475781817154
7575.078,0.07071484286435754,4.21244181242753,24.375077839177052
7577.984,0.06991854053715185,4.212752784944498,24.378187075344517
7580.875,0.06645418386547944,4.212867206301091,24.38051370704309
7583.781,0.06770646051098535,4.212454083327181,24.37886278000032
7586.687,0.0679040548038266,4.212538856778636,24.385587418115026
7589.594,0.06652043580525727,4.212921341419367,24.383424885924867
7592.5,0.06569099376060865,4.2126958759363715,24.37773510264889
7595.406,0.07375753929401561,4.212919947618923,24.382030748831255
7598.312,0.058921421009824726,4.212096362571265,24.38687796878758
7601.219,0.06661148933561976,4.212677907654534,24.37654505686101
7604.125,0.06596677943180815,4.212890829460626,24.37915877597456
7607.031,0.06583758091228005,4.21268827832917,24.378583366468924
7609.937,0.06632574587743355,4.2127808487741145,24.386038761501545
7612.844,0.06648368885591044,4.212885830234934,24.381670771020488
7615.766,0.06939790187765087,4.212795293320221,24.380044930645035
7618.672,0.0698925180469783,4.212638765348666,24.37689446211638
7621.578,0.06782161308728007,4.212224168673925,24.381879024054122
7624.484,0.0646273490716612,4.212801915252708,24.37301757791158
7627.391,0.0660064959116521,4.213000133253696,24.374999100298638
7630.297,0.06505925676483029,4.212725690129487,24.381921921557012
7633.203,0.06620027001217328,4.212956593759625,24.37017868394226
7636.109,0.060534820816752606,4.2124744841339075,24.361162517478043
7639.016,0.062127548918067606,4.212939930389646,24.361667774568804
7641.922,0.0664890999411585,4.212665107119392,24.367246685339882
7644.828,0.07096729918587245,4.212858597991845,24.369159801872676
7647.75,0.06760559739040993,4.212822090377841,24.368548450489747
7650.656,0.06689601912519832,4.213251134565379,24.375918309873345
7653.562,0.06728260530441933,4.212981399256551,24.377616440486875
7656.469,0.06666790259168927,4.212935906767309,24.364670580405246
7659.375,0.06776505443175075,4.213161133331437,24.361490017290706
7662.281,0.06444189532340097,4.213175767168579,24.364212834975625
7665.187,0.06771887477425174,4.212928202647505,24.362764159047366
7668.094,0.06789332832161003,4.21289481880233,24.362830960476742
7671.0,0.06617510876623971,4.212930332275468,24.37043500771101
7673.906,0.06803383363577023,4.2131338360456905,24.36893910938703
7676.812,0.06580301304907299,4.21284118949703,24.365547936670318
7679.734,0.06599886883282678,4.213187780502675,24.371230426789353
7682.641,0.06696993568608785,4.213084727115738,24.36812017618414
7685.531,0.06800439572965598,4.21317384007509,24.370945935230083
7688.453,0.06655458221213133,4.2130379174050425,24.371593581212537
7691.344,0.0650456453367085,4.21315457139425,24.368117761814986
7694.25,0.06601987979399718,4.213012025852208,24.377613936820456
7697.156,0.06851790943648453,4.212884614259202,24.371574910969727
7700.062,0.06605505299898638,4.213006639413913,24.36124101908536
7702.969,0.06567761755201158,4.2131498495265065,24.363210391234297
7705.875,0.06810191469226894,4.212847329429625,24.359730943696363
7708.781,0.06582034759564881,4.213156785838919,24.35660028354135
7711.703,0.06453863108698892,4.213157819268086,24.35949948531991
7714.609,0.06635989145611233,4.21321388640952,24.36311272164543
7717.516,0.06817939890049853,4.213268529067517,24.353922845486984
7720.422,0.0691590341264812,4.213477847683139,24.360516729531636
7723.328,0.06819107138242976,4.2132834441486375,24.361520020034074
7726.234,0.06412568150155892,4.213293723043095,24.357278739541762
7729.141,0.06667255215308805,4.213116625362997,24.364057702647624
7732.047,0.06534981472538852,4.212909283472239,24.359560063196124
7734.953,0.06563090862210331,4.2132693078072005,24.352831102839314
7737.859,0.06687827460529022,4.213088887391379,24.3557514851708
7740.766,0.06640635721833918,4.213390930324072,24.351570519232958
7743.687,0.06498096147362507,4.213465368585627,24.36339976552153
7746.594,0.06639605838173379,4.213287510378872,24.363160956081323
7749.5,0.06880848619540766,4.213312348068543,24.360620163757485
7752.406,0.06267758542362219,4.213370982485423,24.35720345341102
7755.312,0.06575741876791943,4.21323857714204,24.364670400837607
7758.219,0.06674124450774167,4.213633598071968,24.360451740778476
7761.125,0.06466090930560393,4.2136142620212995,24.3618601316604
7764.031,0.06604037248574936,4.213303008248643,24.36024761644115
7766.953,0.07003732603715884,4.213445961459493,24.361471023100357
7769.859,0.06415663175827133,4.213366153043958,24.353636453969674
7772.766,0.06466207387601106,4.213500290279518,24.35500542149279
7775.687,0.06519973845175113,4.213781039622188,24.367728625899417
7778.594,0.0643027790609136,4.213493413902028,24.35835493875738
7781.484,0.0644937144591467,4.213495544281635,24.355657168077993
7784.391,0.06947978252834813,4.213575095304921,24.35128637103376
7787.297,0.06472363658562139,4.213669571748097,24.354348775538906
7790.203,0.06558751009140723,4.2135843734479845,24.35740843398282
7793.109,0.06486373161034371,4.213809194833273,24.34843794435247
7796.016,0.06764052411335811,4.213253756002697,24.356220492681775
7798.922,0.06920491457156908,4.2132236970383845,24.358468380980835
7801.828,0.06695401467952297,4.213697454322604,24.35769549838337
7804.734,0.0664247741067359,4.213691365880469,24.351194277029183
7807.656,0.07066916114819692,4.213460111809007,24.353994709391948
7810.562,0.0656877866293824,4.213544540213138,24.354609142291984
7813.469,0.06510983857971606,4.213652755351206,24.348433669115757
7816.375,0.0660978036751366,4.213597038574953,24.355091087631866
7819.281,0.0677824701321204,4.213691925253902,24.3484413361707
7822.187,0.06863051034277895,4.213643293290406,24.347696335581933
7825.094,0.06580699696202744,4.213500790932808,24.343096604217486
7828.0,0.06604392239843457,4.2135228872661505,24.349803390506032
7830.906,0.06151233802013301,4.21375834959441,24.34717551422026
7833.797,0.06617784560702364,4.213533292614831,24.34455021309843
7836.703,0.06571004233922745,4.213973512703344,24.345491194468412
7839.641,0.06321256204610338,4.213671370589949,24.348663962721783
7842.547,0.06472617841822237,4.21395253070243,24.354174820693693
7845.437,0.06543161356963648,4.213536488511226,24.353600421965226
7848.344,0.06700055509694751,4.213741871803188,24.349458097230272
7851.25,0.06952565209250837,4.213466588997506,24.340040967615717
7854.156,0.06478069480806765,4.213785070110089,24.338251472467494
7857.062,0.06692898478438404,4.213845065247402,24.3352691939711
7859.969,0.06659212589176057,4.213609425879139,24.334007685615536
7862.875,0.06586091193264247,4.21362841081779,24.333217311302928
7865.781,0.06656108722263906,4.213645292176219,24.334685665046653
7868.672,0.06465766190304147,4.213907981242329,24.338287935823704
7871.578,0.06430923910328519,4.213737509960927,24.341596614879467
7874.5,0.06479338931433803,4.213897673967831,24.342584034695122
7877.406,0.06369322292591569,4.213923031328997,24.343828945501695
7880.312,0.06372522739791003,4.213921525450791,24.34856636920617
7883.219,0.06541863152446088,4.214025731173263,24.346153584253425
7886.109,0.06316166004923332,4.2139980318862635,24.32972797810779
7889.016,0.06712987135997614,4.213994327318953,24.334979342730236
7891.922,0.06313257990385794,4.214182346660556,24.333500868102146
7894.828,0.06549363248047932,4.214037376083049,24.343547143967832
7897.734,0.06579345988633384,4.214086384316982,24.330782163668967
7900.641,0.06504526887380846,4.213979898034494,24.328224451442594
7903.531,0.0680742463801216,4.214118318516002,24.334267345519677
7906.453,0.0648087387178895,4.214202818439986,24.328028423960134
7909.359,0.06408537265345036,4.21410662171916,24.327984463746986
7912.266,0.06582441773824425,4.213969845985036,24.32597630057893
7915.172,0.06454958544947542,4.214056382615539,24.331088308716154
7918.078,0.06255373414824561,4.214043766431607,24.3255262783184
7920.969,0.06576490616682656,4.214102673172932,24.328632819343028
7923.875,0.06507378483372721,4.214307458782644,24.333173703418403
7926.781,0.061611178415579206,4.214035192121658,24.33590322724894
7929.687,0.06640548257202193,4.214274468202984,24.33393356478063
7932.594,0.06564617930418241,4.214202355695222,24.328104555824215
7935.5,0.06332723321375236,4.214216108340638,24.325124542038697
7938.406,0.06207520230936759,4.2143154730415855,24.323966102988592
7941.344,0.06414167182538778,4.214313987039151,24.315305732986072
7944.25,0.06181401598590119,4.214336144377764,24.32254957106238
7947.156,0.06609463772990466,4.214181911423048,24.316050716111498
7950.062,0.0648209602580665,4.21431181399026,24.315446861233234
7952.969,0.0651817584118119,4.214125962804334,24.318994830327775
7955.875,0.06584817882730248,4.214125328296852,24.323205209463005
7958.781,0.06225325278793712,4.214323013458151,24.31579411381862
7961.687,0.0647559975975899,4.214203139325573,24.311323411954348
7964.594,0.062201992055895314,4.214623533956246,24.312096464360845
7967.5,0.041710388543480935,4.212573430779977,24.30708450915282
7970.406,0.043014086037752,4.21248290741796,24.316942760418392
7973.344,0.04210551888732406,4.212040296327311,24.314561067314855
7976.25,0.04389946311896877,4.212383194240763,24.30934975998068
7979.156,0.04198061827610725,4.212343214099838,24.30321094287817
7982.062,0.042579545910849996,4.212515582092182,24.302215043785967
7984.969,0.04366583147793353,4.2123793032942025,24.307156666914274
7987.875,0.04409332535319697,4.2122342016108725,24.316950142014942
7990.781,0.03909118018080979,4.212428807203508,24.30953383811305
7993.687,0.044948208437198475,4.2119317071247195,24.308133028945274
7996.594,0.040221355588494705,4.2122510427925945,24.304992047514837
7999.5,0.04086240256634292,4.211913073453016,24.313915305169083
8002.406,0.03842710109456133,4.212440540611299,24.31027302006769
8005.312,0.041521289258031106,4.2120968653282125,24.313913261430585
8008.219,0.043790159174356136,4.211851676692286,24.318621012124076
8011.125,0.04224900726147904,4.212064419212117,24.31072715250123
8014.047,0.04406225402878224,4.212042298991735,24.31295143496649
8016.953,0.04460572679887749,4.21186594875466,24.3108170535126
8019.859,0.04155303542339721,4.212186765723021,24.304128903140292
8022.766,0.043982558872658145,4.211956160154317,24.305897362034795
8025.672,0.044481533185796944,4.211815110050803,24.305488659793053
8028.578,0.04306254221611696,4.212065165122297,24.3053895507222
8031.484,0.04333545594094671,4.212005407068519,24.305606462769106
8034.391,0.04547607235160901,4.211717128024918,24.315712153783366
8037.297,0.04482604952394522,4.212012133774257,24.312037772482597
8040.219,0.04304260200337163,4.211813006224103,24.308621146640654
8043.125,0.04269559629977839,4.211985988538316,24.309241943969415
8046.031,0.043669445450032325,4.211866360227103,24.319851009940805
8048.937,0.046223518305567694,4.211702195022093,24.311968034473896
8051.844,0.040333918758209616,4.212106628687446,24.311163399411672
8054.75,0.0448132071579075,4.211841989501958,24.30337046899602
8057.656,0.04209811865555499,4.211792181418599,24.305443016308413
8060.562,0.04233093513918408,4.211919690911816,24.303547385483572
8063.469,0.044183994105721824,4.211740510246946,24.302370041757875
8066.375,0.04178614938065671,4.211842221821138,24.300622717704563
8069.281,0.043584431686101356,4.211938296094101,24.306372153062327
8072.203,0.046176113806549554,4.2119101147332465,24.300154251741237
8075.109,0.042568334025497805,4.211900195180964,24.303257206286318
8078.016,0.044743167572222575,4.211713433103731,24.30187132270996
8080.922,0.04263196217698904,4.211710944181793,24.308090484886108
8083.828,0.0414349607143407,4.211945094496453,24.302983465675343
8086.734,0.042311116112406365,4.2118607440778195,24.30318846250478
8089.656,0.0442681329836693,4.21167066791057,24.311087335639446
8092.562,0.04459930149118569,4.211959311343987,24.301370311670414
8095.469,0.04215910998808561,4.211787683737895,24.305341343731495
8098.375,0.04275408422976755,4.211764468726486,24.305249401553638
8101.281,0.043188325658071326,4.211885756557255,24.297291498331482
8104.203,0.0446150120170317,4.2118062889083845,24.29464844649353
8107.109,0.04310359868574671,4.211905362633955,24.293947684785422
8110.016,0.0432209849218008,4.211725852319425,24.295839397042656
8112.922,0.03895924187216577,4.21173847281932,24.29488125787983
8115.828,0.0437637193670241,4.211715821069914,24.29792224854007
8118.734,0.042522344594524884,4.211851389028782,24.302465784719512
8121.641,0.043083880925607665,4.211766562947226,24.298202277245654
8124.547,0.043172343814407745,4.211677668929964,24.30126471659865
8127.469,0.04304507654111869,4.211957941548049,24.290459368117958
8130.375,0.04482665971180695,4.211795221741232,24.29936431294136
8133.281,0.04314399459512947,4.2118580602997255,24.293130269067884
8136.203,0.044453452568262504,4.212056828432141,24.291354030230913
8139.109,0.04004458344134026,4.212046704685592,24.28915312267965
8142.016,0.04537141598389879,4.211926297081896,24.286176891639133
8144.922,0.04357899821609644,4.211690144460236,24.28328807935265
8147.828,0.042517596350235436,4.211929672622498,24.285823812221448
8150.734,0.04167590926125326,4.212105578588065,24.288863828477446
8153.641,0.04492361187785038,4.211835467245638,24.28888391708353
8156.547,0.04166523298994492,4.211873318473149,24.284153245795903
8159.469,0.04355448410469898,4.21177612413455,24.28151091138408
8162.375,0.041376206001013605,4.211800590030202,24.284390728204254
8165.281,0.04256262453554095,4.211992566823347,24.290382415526846
8168.203,0.04226563837618593,4.211829581483763,24.296378514005173
8171.109,0.04321470430250301,4.211852469778947,24.29548457587363
8174.016,0.039622871331985034,4.211963105703334,24.285715163778967
8176.922,0.041322689562487296,4.211856063916623,24.29075636578377
8179.828,0.04216941950608228,4.211932621461406,24.28787284372088
8182.734,0.04488067172131772,4.211837710600661,24.293951487625478
8185.641,0.04528225578826569,4.211712210973249,24.286006773015846
8188.547,0.043425033435018974,4.211768000903967,24.293009411015124
8191.453,0.045133368881750555,4.212067608565374,24.293596442822167
8194.359,0.04246253589198067,4.211803506377839,24.290270271724108
8197.266,0.044338158664742784,4.212050489643458,24.295118544771697
8200.187,0.04614666871045333,4.211991835492067,24.29562804539962
8203.094,0.04450477032705622,4.21197423150832,24.28652039747724
8206.0,0.0432759269504229,4.211936615576305,24.28991192186678
8208.906,0.04333593270696039,4.211842697853212,24.287147831686013
8211.812,0.04087310296612293,4.211793695593154,24.282904151347353
8214.719,0.04059982336667943,4.211896769675053,24.285443906147332
8217.625,0.04119319433987203,4.211976472902768,24.29034254875163
8220.531,0.04295130549044928,4.212015869276026,24.29204399403439
8223.437,0.04401928069320572,4.211973480864835,24.288570721197893
8226.344,0.042731763510364805,4.212085396015072,24.29818795025619
8229.25,0.04236965002450031,4.211832616835517,24.28993212846155
8232.187,0.041416323752116097,4.212108559454635,24.295295875962847
8235.094,0.04000509254907886,4.211976515878599,24.298888312840667
8238.0,0.04636106303455452,4.211823384583545,24.29516200160084
8240.906,0.04457114712627914,4.211958294302885,24.291021160633182
8243.812,0.0443206126177622,4.211971153922018,24.289099290221646
8246.719,0.04141835054837734,4.212099759801545,24.286294899020962
8249.625,0.042168126872179135,4.2120692510621485,24.29343356737463
8252.531,0.04432684199268571,4.211872518838309,24.287960935397113
8255.437,0.043521897879119975,4.212011036659722,24.28426696357006
8258.344,0.04317439442296118,4.211754830933996,24.277826657980683
8261.25,0.04198816284887979,4.211930095584727,24.278109504512237
8264.187,0.04144862926305639,4.2118802336661485,24.284183788735355
8267.094,0.04166178381543733,4.212054359799334,24.28077273321818
8270.0,0.042051846250641296,4.211963311747077,24.284857405749925
8272.906,0.04391288984618991,4.212154595448835,24.285911931286925
8275.812,0.046299326230879935,4.212044289229206,24.283011468206354
8278.719,0.04225575370476633,4.212091876121798,24.291540498910585
8281.625,0.04004053339354021,4.211831330843043,24.295578881237123
8284.531,0.04275729429077169,4.212023240931277,24.28861376439208
8287.437,0.0399552649019582,4.212035693043288,24.281407457620066
8290.344,0.04237026756624645,4.212002140029006,24.275279086894294
8293.25,0.0427118034846258,4.212246111841359,24.281684792993843
8296.156,0.041293302908391026,4.212044199441087,24.285063279635494
8299.078,0.042900784735572656,4.211925488435355,24.280119696973433
8301.984,0.04209441527689393,4.212058913224859,24.276972669148304
8304.891,0.04173602847100151,4.212121883230038,24.276301957124705
8307.797,0.04463365922972635,4.2120740060401465,24.286819345240303
8310.703,0.041952919046643056,4.212052317972309,24.283984159667618
8313.609,0.04169086666181568,4.212044450490334,24.28107510056599
8316.516,0.04461548905277363,4.212028410655352,24.28092370588658
8319.422,0.04528929295962071,4.212003455219024,24.279547925465742
8322.328,0.04249364173650085,4.212245383393185,24.273155308571756
8325.234,0.042738502786543196,4.21213023220723,24.27183657882605
8328.141,0.0424119010315987,4.21213194534105,24.263507274744626
8331.047,0.0415187773058409,4.212062486873901,24.26898231241332
8333.969,0.04165337689811345,4.212008092964306,24.266552390378727
8336.875,0.04531854840011134,4.212001371810771,24.272224306053197
8339.781,0.044014091553421154,4.2120469645639735,24.269531465856787
8342.687,0.041534009658131255,4.21215346272543,24.273006347153693
8345.594,0.04249180923664051,4.211857867771834,24.27424720275268
8348.5,0.04358444191496005,4.212036085842694,24.2701782961476
8351.406,0.04328344826184777,4.212253598005572,24.280627797817644
8354.312,0.04436371345474126,4.212159748964625,24.27464478556273
8357.219,0.04333642101305932,4.212546066692197,24.273542246334458
8360.125,0.044374525848506347,4.212182404272668,24.26726069145513
8363.047,0.04066161887257542,4.212316909576922,24.270881061940162
8365.953,0.043514369006335006,4.212247041668814,24.267916275352178
8368.875,0.043236370853951295,4.21209650816555,24.263599642070115
8371.781,0.04154081689667182,4.212190236716712,24.263889794106056
8374.687,0.04375675975951341,4.21225200815019,24.259760900689603
8377.594,0.044753033633837286,4.212092178704476,24.258608057041684
8380.5,0.041556695551071846,4.212294684831242,24.255790500721268
8383.406,0.04289498869677163,4.212289369934217,24.25366182796956
8386.312,0.04260152528688324,4.212204839644951,24.265954458486465
8389.219,0.04383853198976308,4.212155678490459,24.268348600780964
8392.141,0.043973152884039066,4.2121625653498045,24.25467778100191
8395.062,0.04424705754389557,4.212409224233998,24.250284275050618
8397.969,0.043826166598887564,4.21234698755739,24.254703599906424
8400.875,0.044244078577361894,4.212303540763738,24.25401755467699
8403.781,0.040855936682408285,4.212301751599547,24.26458575704341
8406.719,0.04271661424866183,4.2120994089664645,24.271464558847637
8409.625,0.04051315384489743,4.212180305502646,24.2655218024536
8412.516,0.04317135443107274,4.2120369798352435,24.26288384857604
8415.422,0.04340538426313684,4.212173535940402,24.262867429164313
8418.422,0.04158210057777781,4.212268118836702,24.260822205022173
8421.422,0.0408391785022991,4.212175663206057,24.261289008992055
8424.422,0.04155410559556342,4.2124105334728075,24.26068943462154
8427.484,0.04440449992220988,4.212371636158259,24.257018172455705
8430.484,0.04211876128842253,4.2122503710053625,24.259906305843902
8433.422,0.04123497611569938,4.2123665988811885,24.267148995303558
8436.422,0.04377175184417437,4.212290957294149,24.259780022339296
8439.422,0.03826200768491784,4.212339110838394,24.254091098018122
8442.391,0.04203717362664615,4.212455239072659,24.260306543562503
8445.391,0.04346127116525118,4.21219273345598,24.259784125389903
8448.375,0.0428387056500259,4.212142975613728,24.25215931024659
8451.359,0.04230025796771066,4.212438022739989,24.255772431649945
8454.266,0.042246461810088426,4.212413345490724,24.25391887969203
8457.187,0.04286036404762009,4.212378650420462,24.250607736366046
8460.094,0.04044608589000055,4.212241813666493,24.258519196848123
8463.016,0.042042387784093894,4.212208368997621,24.25459590505255
8465.984,0.04077173003573368,4.212174643569343,24.24980611707893
8468.984,0.044679405711766186,4.212190484351583,24.243461842806195
8471.922,0.042480320895646524,4.212266306286478,24.239835341057727
8474.844,0.043973408449894294,4.212321911730794,24.24004051178094
8477.766,0.04296518607959614,4.212228515098,24.234434803177017
8480.672,0.04021892914101401,4.212508970400014,24.239140529823434
8483.641,0.042372051475675326,4.212470420231495,24.24123289620141
8486.609,0.04093798103110206,4.212666366632438,24.24602639112894
8489.516,0.037357596837246446,4.212423441322873,24.243060610431403
8492.516,0.04247917881272704,4.212543031636292,24.238548427419005
8495.453,0.04434074008471236,4.212506221943022,24.24669142370953
8498.375,0.04291732800950709,4.212493687542367,24.247223017592166
8501.312,0.04179987115194193,4.212590602803887,24.249976687412733
8504.219,0.04041855692957429,4.212429465466492,24.253256784709965
8507.141,0.04167058773873606,4.212457087802726,24.24527664629989
8510.062,0.04095168833830765,4.212569386552619,24.245009917365337
8512.969,0.042182180968827566,4.21254801993663,24.2431731444048
8515.937,0.03919185166601836,4.212537008347967,24.243058204597574
8518.984,0.04251775250435136,4.212424240028645,24.239261588106647
8521.891,0.042959700683310294,4.21246952658946,24.252938688182812
8524.812,0.042665197871410425,4.212546728653325,24.24823023885528
8527.734,0.040605276951267005,4.212372459603305,24.248761805946994
8530.656,0.04194408052423499,4.212494628483947,24.24798147832367
8533.625,0.04049563707014039,4.212548506218311,24.247487574241525
8536.594,0.04373815825156327,4.212652629285756,24.247913169383352
8539.531,0.04296820348375909,4.212727448270543,24.242243532670233
8542.531,0.04485883316784351,4.212394366427705,24.240405758359415
8545.5,0.041331571040376054,4.212419481895471,24.240991931198497
8548.547,0.04109999277802286,4.212578347124475,24.242502528022204
8551.578,0.04281824433307012,4.212572873573529,24.240918109651144
8554.547,0.04088493888709208,4.212632278222808,24.24260944779042
8557.578,0.039489849337620946,4.212446376756684,24.238062732806885
8560.547,0.03922358430584394,4.212672087553553,24.242830609111053
8563.516,0.04037737176491987,4.212705826361487,24.235071697813154
8566.484,0.04191470280794101,4.212474521931489,24.231257625890084
8569.453,0.04328090284587844,4.212802810490293,24.242778332011742
8572.406,0.04018956294583324,4.212471982022777,24.235637905787236
8575.422,0.03884254062636226,4.212813728519817,24.238878439939523
8578.422,0.04074369582132449,4.21286327218012,24.245808606712437
8581.422,0.04446445271916457,4.212777227239898,24.241093058106497
8584.484,0.041560177122701276,4.212740499750628,24.24818126984827
8587.547,0.042123254461124464,4.212758577209466,24.245869130149106
8590.547,0.042447926721115234,4.212731315973944,24.24646122716017
8593.547,0.03837805706053283,4.212656532810766,24.23259992106098
8596.484,0.04099194884799985,4.212864338501665,24.23154741230151
8599.469,0.041619578580077636,4.212810134127463,24.24244527827482
8602.453,0.04119782911671398,4.212883898812084,24.243805296393955
8605.391,0.0415035756258607,4.212821877069837,24.243329931556705
8608.406,0.038904198377913334,4.21289927089189,24.242158350683134
8611.484,0.03971546463290759,4.212491090665687,24.23494271911011
8614.5,0.04156444090783163,4.212668578286213,24.225771516221364
8617.5,0.041245421089562494,4.212825726851501,24.230107360229667
8620.531,0.04155682052984885,4.212778324606424,24.233185969706785
8623.594,0.04214837824603299,4.212846976707709,24.233174889701488
8626.562,0.03725060761320695,4.2128869780444385,24.22509213171011
8629.562,0.04216231699957638,4.212844417010696,24.225763254317254
8632.562,0.04111488844568327,4.212647921962636,24.232626286763303
8635.531,0.04201526208259048,4.2128524143490464,24.23391993195683
8638.5,0.04173536728235637,4.2128753748065195,24.23730344190042
8641.453,0.04080982755260678,4.21297759901933,24.236210167080557
8644.422,0.03894400867401016,4.212966946546198,24.239113540898533
8647.453,0.04107322321368843,4.212606168820575,24.236214305707097
8650.437,0.040905256834589857,4.21290145918279,24.234787884212007
8653.359,0.04222306283197901,4.212901793643084,24.239200132365326
8656.266,0.042602537633310525,4.212833199017707,24.2367139803736
8659.234,0.04068695179124343,4.213078485113056,24.231916389531648
8662.156,0.040016957624500235,4.213006620148512,24.2304630181501
8665.062,0.039067127464682556,4.21316843052265,24.232749916809045
8667.984,0.0402118097375408,4.212898087507738,24.227456094503673
8670.906,0.04162657515729859,4.212960297544927,24.225824242619353
8673.828,0.04071714968618106,4.213020331772507,24.228689992120636
8676.75,0.03993479310471065,4.212966801202265,24.22193033774933
8679.656,0.040145380551033526,4.21303550867603,24.225515633847895
8682.578,0.03863476020238896,4.213080255597231,24.22386980915898
8685.5,0.042806732841025506,4.212896055689346,24.224351461212528
8688.422,0.040376652000259486,4.212885006364729,24.216859084727
8691.359,0.03969114121605654,4.213035772935762,24.219226890820018
8694.266,0.04401519524161967,4.213147627406221,24.220256316038327
8697.187,0.04165876977630974,4.212954789185257,24.214049872605663
8700.109,0.03814137588353089,4.21281632406402,24.212620694447025
8703.016,0.04222669640122786,4.2128941471666925,24.21491168290147
8705.937,0.03772363152633746,4.213127873638809,24.22225033635479
8708.859,0.03809763479109231,4.212870779025918,24.22362065043855
8711.766,0.038949595200500134,4.213103822039446,24.22573674665615
8714.687,0.04400070878587766,4.21316205573687,24.213953975318688
8717.609,0.041555415359830074,4.212972891558236,24.220104977963317
8720.531,0.038837178966159874,4.213203896906228,24.219870117626876
8723.469,0.04030689351812665,4.212990502692627,24.219932176648832
8726.375,0.042910104210341964,4.2132835785609,24.219754005863738
8729.297,0.04106049895197888,4.213127783556397,24.22254724471545
8732.219,0.037336586525800276,4.213072042215923,24.225272307051952
8735.125,0.03814097178952023,4.213152678335604,24.2211577943084
8738.047,0.04202870575865669,4.2130819466593294,24.21679101987678
8740.969,0.039450607579058085,4.2130592849089314,24.214380113962143
8743.891,0.040610568809617574,4.21323923701368,24.212151956263995
8746.797,0.03989599180628408,4.213317993927542,24.206925493369752
8749.719,0.041400196947262304,4.2133121161596705,24.210097031044125
8752.641,0.041948470569241024,4.213178002821189,24.223673696969254
8755.578,0.03905735600463607,4.213211624264041,24.22588899624457
8758.5,0.041504471304794885,4.213064494756581,24.22294004922774
8761.406,0.039968210882366836,4.213210119329419,24.21218918068154
8764.328,0.04106833557932587,4.213348122952907,24.217917826995155
8767.25,0.037263455982983765,4.213132513624924,24.213952002118226
8770.156,0.04072271396384693,4.213208683674325,24.2146238737289
8773.078,0.03977864804403718,4.213206023641873,24.211854341627348
8776.0,0.04059129045026876,4.213269054480681,24.21748612981507
8778.906,0.04336518880007447,4.213273482235223,24.216380118293053
8781.828,0.041725790913606106,4.213129799035551,24.213263935256755
8784.75,0.03944432520568342,4.213248756632868,24.21856709011808
8787.687,0.03883231969081178,4.213438531942021,24.212241196407845
8790.609,0.04037487773385082,4.213441237783529,24.229292429648453
8793.516,0.03898002711963486,4.213198786031127,24.221892705784263
8796.437,0.03840686497855143,4.213229940094348,24.216924334640304
8799.359,0.042598005630003176,4.21330238400075,24.215100796742554
8802.281,0.038899903688181366,4.213262893819778,24.208950726564993
8805.187,0.03828242591451578,4.213378663336333,24.214010055262964
8808.109,0.04264699244175122,4.2131690041356915,24.222023333461582
8811.047,0.040252680531247524,4.21314441209223,24.2085789305794
8813.953,0.03945228621820043,4.213156780210671,24.226272249807874
8816.859,0.0409979264767727,4.213245757619712,24.226406732962793
8819.781,0.04237317231155214,4.213317069022446,24.216218567599515
8822.687,0.042131044211892295,4.213367405375687,24.21376942991271
8825.578,0.03938720288723122,4.213395883059318,24.22360772324191
8828.484,0.03772290717063302,4.213378526208252,24.216437287439895
8831.391,0.04140494965788435,4.213503855883168,24.21508242894157
8834.297,0.042923649400217104,4.213349562898837,24.212776790627814
8837.203,0.04041731125584924,4.213316422914409,24.21031898356353
8840.109,0.0419462149333401,4.213382042444672,24.21224506784195
8843.016,0.041906104140495316,4.213308669918878,24.212969293057746
8845.922,0.04152801248345436,4.21353442880312,24.206350024805264
8848.828,0.03805721909971653,4.21337231932042,24.206339768534217
8851.75,0.03763996107849341,4.213533361326198,24.21871642596931
8854.656,0.038866376169223206,4.213334588693592,24.205357255749604
8857.578,0.03836896458413011,4.213565838620486,24.220775424163165
8860.484,0.04170617642084484,4.213446413259209,24.211358687620187
8863.375,0.03765118721719179,4.2135111980396145,24.212765724528495
8866.281,0.04108268992732488,4.213484539142697,24.216694467139796
8869.187,0.042995118409163584,4.2135348171646605,24.21335289408943
8872.094,0.040849563179561996,4.213492942705175,24.216833281318884
8875.0,0.03926626117114809,4.213415868346691,24.21352441310285
8877.906,0.03995305402715532,4.213530100760843,24.203400578774502
8880.812,0.03617008109046498,4.213502156106649,24.204204690197784
8883.734,0.03904684076655193,4.213605099150142,24.199996561348925
8886.641,0.03996768407181267,4.213466816286668,24.202926206782745
8889.547,0.03881675870565921,4.213329936636603,24.20110501920532
8892.453,0.042088340998477525,4.213310187305925,24.20411712290379
8895.359,0.04214529219559897,4.213478284655915,24.19634268562967
8898.25,0.03920745842224837,4.213480060756615,24.19549995535777
8901.156,0.040406225321633474,4.213443785353503,24.188598186229882
8904.062,0.040054635435214134,4.213568797999847,24.19007688261626
8906.969,0.040341220414113206,4.213397490849304,24.191470773846184
8909.875,0.04171931452132223,4.213708092907009,24.192856881811462
8912.781,0.03908662526460615,4.213490161121373,24.207442676479197
8915.687,0.041510277279347495,4.213393728489414,24.206589158455312
8918.594,0.038631299358676076,4.213384315145693,24.204676049009837
8921.5,0.04046661202401867,4.213684602945807,24.194592065851293
8924.406,0.03827795125933973,4.213523427510725,24.195482744989285
8927.312,0.03954727034643951,4.213634074003937,24.19642237201434
8930.219,0.04254776128243211,4.2134727451903355,24.19705672614765
8933.125,0.04107024304756079,4.213751107779194,24.194087513779177
8936.016,0.039242495300787196,4.213638480935527,24.199375481437475
8938.922,0.039060415837641825,4.213725192517124,24.20143027393637
8941.828,0.03842928482962406,4.213387993625687,24.205577861786264
8944.734,0.04121498084321141,4.213744095632995,24.20286871571557
8947.641,0.03790526055859202,4.2135559013925095,24.203576172949884
8950.562,0.03744917285597257,4.2137031696901,24.21477988405441
8953.453,0.03969645283260515,4.213652447311678,24.20860767890175
8956.359,0.03896901209838753,4.213661752951525,24.203773802488676
8959.266,0.040470695366836104,4.213783619123932,24.203113508082886
8962.172,0.040484683735581055,4.213785466496476,24.199472203618914
8965.078,0.036824957430720645,4.214042973890957,24.198646308759077
8967.984,0.0429025789188808,4.21374647181074,24.200866966861796
8970.875,0.038152125414128144,4.213621368103812,24.202293308239362
8973.781,0.03475469358487048,4.213755012065186,24.19548434657663
8976.687,0.036721734264249226,4.213977475012547,24.196539025999762
8979.594,0.03814000058023479,4.213702730758867,24.195024909370648
8982.516,0.043566351760540856,4.213770038152986,24.19884039191109
8985.406,0.03811056480461176,4.213897986428717,24.192986102543905
8988.312,0.04079801480075853,4.213766008138157,24.192405611417886
8991.219,0.03968480157497889,4.213824351404582,24.193189466120405
8994.125,0.0374616150410553,4.213886332006278,24.196833345916794
8997.031,0.03832290030822361,4.213825406571369,24.18950438955516
8999.937,0.03674168772338441,4.213796429600102,24.20528152696684
9002.828,0.040354037485251265,4.213917947983707,24.206088284706723
9005.734,0.03693547905985073,4.214065114580187,24.202481594907237
9008.641,0.038201830735782295,4.213861608862023,24.198911777474787
9011.547,0.040792993244713256,4.213818072870873,24.195066113579237
9014.469,0.03972542919772722,4.213708245238332,24.196606963485458
9017.375,0.04024289347737253,4.213858796222579,24.2039232049238
9020.281,0.03723165453189328,4.213712444654791,24.19979333257975
9023.187,0.036769140319370786,4.213659905196502,24.201808642034308
9026.078,0.03480104869718117,4.213957433613843,24.214530255274298
9028.984,0.03701171065572336,4.213957084170512,24.21051172199181
9031.891,0.03984373325865777,4.213919189432163,24.210209567061856
9034.797,0.03869330867932751,4.2139249576771745,24.205358052243653
9037.703,0.03704795649364652,4.213853171998694,24.206462600659542
9040.609,0.039693473988665004,4.214135697044069,24.20265061413594
9043.516,0.03798011759939702,4.214028603282112,24.203292231596144
9046.422,0.038653082087070495,4.2138701478038385,24.21043003445968
9049.328,0.0385831518172411,4.213947242061462,24.20199683001659
9052.234,0.038326559197350764,4.213898930393397,24.198656763477693
9055.141,0.03894574125949722,4.214329391041001,24.20033627042843
9058.031,0.037223097885461534,4.214033614183564,24.20194052455551
9060.937,0.03788133735003577,4.214006828182713,24.203513338273034
9063.844,0.03733139423983492,4.2142294282750505,24.205974474263513
9066.75,0.037751400848716886,4.214135032239308,24.206760879007476
9069.656,0.04086017282502517,4.2140141858518465,24.18617920280337
9072.547,0.03987967429448733,4.214310870526074,24.188863100031146
9075.453,0.03892369059821997,4.214193975490961,24.186946289653978
9078.375,0.04008261525138957,4.213939628320374,24.192875736977165
9081.281,0.041240158209328345,4.2141117347834545,24.197329278280186
9084.187,0.03886205158872945,4.213845413426317,24.196903737075253
9087.094,0.03667819060179551,4.213830411036839,24.190975286889895
9089.984,0.03866678999106151,4.213943283080737,24.20016573843302
9092.891,0.0374601437682711,4.214123108501978,24.195475476247626
9095.797,0.04047004162312178,4.214068983591697,24.196542700036808
9098.703,0.038148633920843375,4.214040566330497,24.195853136196558
9101.609,0.03781976865997424,4.214327845811482,24.194660347252718
9104.516,0.03876557483560257,4.214180813268058,24.195931219169204
9107.406,0.03887796328884208,4.214158515929449,24.194120128879806
9110.328,0.04060930563665762,4.214194980816134,24.193316117261464
9113.234,0.03993149782399422,4.214125436188976,24.195415611138724
9116.141,0.0402023960627745,4.214210717226212,24.189360213689984
9119.047,0.036805893174142165,4.213989649971969,24.191884311000734
9121.937,0.03791166653996866,4.214489617751424,24.186149548387462
9124.844,0.03619943778620587,4.214103324813986,24.194125191425066
9127.75,0.03940654530045367,4.214101584874031,24.1870704076033
9130.656,0.03882069220825241,4.214383465959798,24.20090462952316
9133.562,0.03937642032469882,4.214072280709736,24.1987656066813
9136.469,0.03758491658619759,4.214108741606148,24.196292718972195
9139.375,0.03895868101325137,4.2142278926993315,24.185487188936133
9142.297,0.04095885709167613,4.214492470831313,24.188627203655724
9145.203,0.037424292578383755,4.214564999490476,24.18331210511013
9148.109,0.01625476427832554,4.212308339257098,24.191516495155174
9150.953,-0.0030657871148082358,4.2085867372058905,24.182462533173386
9153.812,0.00020236330564437214,4.209263372182749,24.182988908069063
9156.687,-0.006041225415277032,4.209244452238722,24.174853928392086
9159.578,-0.0030887739063111407,4.209686281757711,24.173762068805463
9162.469,-0.007088668709440131,4.2094871129705576,24.178596190067324
9165.344,0.0018588699999866401,4.2093891823905984,24.177265567530146
9168.234,-0.003590573559972158,4.209563728040502,24.18119118980495
9171.109,-0.0026922248809791954,4.209499155407031,24.199368412608376
9174.031,-0.0034766461747612826,4.209326305749273,24.190043482436568
9176.906,-0.003660065403787179,4.209121376388741,24.189487580129544
9179.797,-0.0027793972435836887,4.2093589169442165,24.190491015551597
9182.672,-0.004127173292972031,4.209220455568738,24.191414495694094
9185.562,0.0010957436623257838,4.2092051479104615,24.19020163994471
9188.437,-0.0022853812547626567,4.209472729626744,24.191102529858846
9191.328,-0.0013889823427534493,4.209147360972052,24.197149537921124
9194.203,-0.0037792062321952433,4.208870519602526,24.18887931975434
9197.094,-0.0022108038909990084,4.209022359377048,24.19392285740222
9199.984,-0.003988981735215567,4.208871411646351,24.196347077553085
9202.844,-0.004406919795008302,4.209068808045477,24.1931876924574
9205.734,-0.0009607965746590185,4.208941702396616,24.187281924226035
9208.609,-0.002751896695142978,4.208834922238392,24.18239327059968
9211.516,-0.0006493375124569102,4.208847592162367,24.193407168658112
9214.359,-0.0015384555679893881,4.208917421572695,24.17980729245239
9217.219,-0.0034916235948534552,4.208773771633328,24.180409699052586
9220.062,-0.0027060727830566502,4.208787391735349,24.190570677038846
9222.953,-0.004035149493561389,4.208891025024542,24.187035234872013
9225.828,-0.006545876028399347,4.208774475328868,24.182609322257857
9228.719,-0.0028087398436844255,4.208434817388024,24.190181392464105
9231.594,-0.0017031627932724317,4.2086683237178555,24.191613809847485
9234.484,-0.0029848201205512365,4.208704503334677,24.184340452638132
9237.375,-0.0014538355378175848,4.208538549991327,24.18431686559006
9240.25,-0.0030088744458734427,4.208710626699391,24.18417463972027
9243.141,-0.004155045297807854,4.208585237239889,24.184586865626564
9245.984,-0.0030914798066220195,4.20854988516358,24.181509908753196
9248.844,-0.0036452358719240873,4.208362187808458,24.182397347648514
9251.687,-0.00018468408886691758,4.208414358141041,24.185896506164852
9254.578,-0.002958537676349912,4.20845435329728,24.1915438873796
9257.453,-0.0012791925081209494,4.208454132279314,24.190864219388143
9260.344,-0.0026169504304343985,4.208313328232148,24.188410519007334
9263.234,-0.0021955899156051294,4.208466861015002,24.186482616376093
9266.109,-0.0033219807418994355,4.208347116943662,24.179761827610992
9269.0,-0.005437931868138387,4.2084380268502075,24.183591632092586
9271.875,-0.0031921150658879727,4.208385693919621,24.181292749776468
9274.781,-0.002337110106802369,4.2083029373259135,24.176999460604943
9277.625,-0.0005746987001267846,4.2082104466434425,24.183048183016933
9280.484,-0.002097666622351287,4.208239748759773,24.18256355040832
9283.328,-0.0016291607630392869,4.2083722713912,24.184319877430944
9286.219,-0.0029900301450021924,4.208296920987793,24.183122028685315
9289.094,-0.0036033146937774537,4.208264089876568,24.174988082307625
9291.984,-0.0033902872675270266,4.208379274728369,24.174130018194177
9294.859,-0.0021199247118488143,4.208024685951036,24.181076322870485
9297.75,-0.0018309806550585713,4.208321296777033,24.176486164408722
9300.625,-0.0015143065010744929,4.208196448512244,24.177207903338758
9303.547,-0.00023613481369933503,4.2082147154596266,24.180167845925858
9306.422,-0.0007823131528104675,4.207933101408179,24.175183859907957
9309.297,-0.0035032689456243973,4.208063620490716,24.175913222921064
9312.187,-7.082966205439869e-05,4.2080924428704884,24.172639474300578
9315.062,-0.0037181409823140482,4.208139822472302,24.170764383418096
9317.953,-0.0017521215292681809,4.207946117361315,24.173878420437813
9320.844,-0.0021703337407490988,4.208034623879932,24.16954307483739
9323.719,-0.0029965869656160995,4.2081503979661505,24.168076891660817
9326.609,-0.002083425598736658,4.208146152809636,24.170814954840765
9329.484,-0.002704756726482188,4.207795413587247,24.178080995983525
9332.375,0.000995395649264567,4.207964172742966,24.18022759415437
9335.281,-0.0011671462522492842,4.2079510381641745,24.183120431425696
9338.156,-0.005623316964530879,4.207723762993513,24.18009057704595
9341.047,-0.00450627878759415,4.207916840653317,24.17514451039282
9343.922,-0.003517932405005428,4.20786757354797,24.17057935534524
9346.812,0.00016743249286131157,4.207814724167939,24.18427607148933
9349.687,-0.00083513485555668,4.2078772247870395,24.187167954589373
9352.578,-0.0029302535715632918,4.20788580656489,24.176570980238235
9355.453,-0.006032037207363453,4.207869968029661,24.1785881260072
9358.328,-0.0028854242443110954,4.207763270796531,24.173654618125834
9361.219,-0.002331065019477578,4.2078191393443864,24.177620787079935
9364.094,-0.0006836513507147516,4.207627190217986,24.18026700011379
9367.016,-0.0013402833552674405,4.2076249054044,24.17769661213056
9369.891,-0.0024802426089886097,4.207660707788111,24.173778164789315
9372.766,-0.0018118994061437769,4.207689455523801,24.170972897918475
9375.656,0.0018323702252805271,4.207764566952798,24.175119082756368
9378.531,-0.002876750214633763,4.2076859542718505,24.18166672035085
9381.422,-0.0015111720641335401,4.207518117907766,24.174906385087887
9384.297,-0.001425612687915123,4.2074236581256725,24.173117278445844
9387.172,-0.0044415320823808216,4.207572423266243,24.168409768208836
9390.062,-0.007124718260063233,4.207530937970988,24.172775522220956
9392.937,-0.0018915648035576088,4.207432470098399,24.16576428553498
9395.812,-0.002224064124838204,4.207499301285364,24.167991693465623
9398.703,-0.0013180264919027624,4.207560797547658,24.166289269632298
9401.578,-0.003917841464220604,4.207602532556873,24.16953272536571
9404.484,-0.0024580400835278603,4.207405319581226,24.162195976521534
9407.344,-0.0032749784537758416,4.2072838980168905,24.162221966474274
9410.187,-0.0017136494741828226,4.207428547936362,24.171872967564358
9413.047,0.0010149756388681474,4.207509405853471,24.175968465551755
9415.922,-0.004044689053728855,4.207473453693449,24.17365381337184
9418.797,-0.004741137575847297,4.2074206281520246,24.176658394129387
9421.687,-0.004215285303376417,4.2071923138448994,24.172852853766386
9424.562,-0.001189568455484671,4.207584269957168,24.171050275840955
9427.437,-0.0012017140744566184,4.207345415710161,24.166093819264972
9430.312,-0.0018976252322828676,4.207542969909136,24.173608020506684
9433.203,-0.0016148469823161911,4.207284302943222,24.16578356102221
9436.094,-0.0034825248381885362,4.207318200719067,24.16837449075386
9438.937,-0.0036786244717257294,4.207118788867554,24.169284760120586
9441.797,-0.002873701186903097,4.207065859392952,24.1700349441866
9444.641,-0.003737957345568894,4.207281950029655,24.16482036875785
9447.531,-0.00294808142406517,4.207384405006126,24.164285238179563
9450.406,-0.003451344322651304,4.207111702660748,24.167016685647095
9453.281,-0.0031151018913388616,4.207285476293549,24.166218950006595
9456.172,-0.006802945108194112,4.207313112944516,24.165060884813617
9459.047,-0.0012740727190341612,4.207139314813586,24.161955088543394
9461.922,-0.002520150372652293,4.207088254786478,24.160911335832083
9464.797,-0.005238321566617062,4.207149429397395,24.16143115362578
9467.703,-0.003017501887805547,4.207233153842105,24.160693358426236
9470.547,-0.0020963089429634606,4.207192760561454,24.163419760673786
9473.406,-0.004396013841697223,4.207036194770011,24.16605094887323
9476.25,-0.0034699272370912167,4.207042550308574,24.167298430168678
9479.141,0.00036536229980457823,4.207115029730962,24.164868282032632
9482.016,-0.005327549958646382,4.207112997026164,24.16975723290365
9484.906,-0.002321680038707887,4.207096735207757,24.164413189578955
9487.781,-0.004440055664148897,4.206993198894653,24.166649682887794
9490.672,-0.006019813778598479,4.207090657354291,24.163507195246563
9493.547,-0.0021250182203367144,4.207113708376958,24.170045614867547
9496.453,-0.0030095221770633715,4.207105776492063,24.171563865512628
9499.344,0.0003442851418899078,4.2071554872510255,24.171532796793976
9502.234,-0.004301984498327829,4.207111815652673,24.16527101634755
9505.109,-0.004802287349262474,4.2069753275550505,24.162013102465902
9507.984,-0.0012340197278158007,4.206990669198115,24.159615752946713
9510.875,-0.0015420603957429523,4.207010209927188,24.154711645905692
9513.75,-0.006888590838877508,4.20690839890014,24.15381908533293
9516.641,-0.0045260576936250576,4.206923656624689,24.15431614288293
9519.516,-0.00243802095276724,4.206776783468584,24.162462421677176
9522.391,-0.004425340338376222,4.206806958508257,24.1670989810711
9525.266,-0.0034930842580003616,4.206898561381452,24.16228309960186
9528.187,-0.000754753431082851,4.206826284415256,24.16046679021907
9531.062,-0.0038697303766022256,4.206742263797879,24.16018087470236
9533.953,-0.0041559644532721445,4.206720552394445,24.1569248085965
9536.828,-0.004116687667317516,4.206861943803339,24.15910084231847
9539.703,-0.006242722453272717,4.206911894587809,24.162516020440826
9542.594,-0.0010468364163408925,4.206713473105331,24.162434420504216
9545.484,-0.003979615316021366,4.2068450457124476,24.15730653430667
9548.359,-0.002764304007226811,4.206785884048266,24.163338913735043
9551.25,-0.003702558316329521,4.206945594133511,24.164688090535133
9554.125,-0.0006569990426933833,4.206701275301249,24.164503049323617
9557.016,-0.0010371758431031016,4.206791106662964,24.166937316092273
9559.922,-0.002697385642649616,4.20676103856339,24.163046046068906
9562.812,0.0013363548912460762,4.20674433757404,24.17006986995243
9565.687,-0.0010481168316590207,4.20685673203116,24.17000001437032
9568.578,0.0035509708290748006,4.2065621671816285,24.16270717622066
9571.453,-0.0018572354092169716,4.20677247902819,24.158321132869006
9574.344,-0.0011820705323883464,4.206781674465545,24.161647109065676
9577.234,-0.004385768436895207,4.206721049719095,24.16452574900414
9580.141,0.0020236835483069945,4.206675414960157,24.153501639690777
9583.016,-0.0009683491068234992,4.2066048792720405,24.15828417545973
9585.906,0.0002495520875103693,4.2065750673763445,24.1564519498975
9588.797,-0.00358490539262603,4.206650017672658,24.161319179446675
9591.672,-0.0014926278865123501,4.206698284518452,24.154984014997925
9594.531,-0.0016465241191590593,4.206588021443171,24.165613326835995
9597.312,-0.007120513934243048,4.206789458396361,24.160758121247422
9600.094,-0.004347114119820734,4.2067803105310935,24.16653195963778
9602.906,-0.004812071188203038,4.206522627056424,24.159697043901346
9605.687,-0.0014048785246200308,4.206872543111028,24.158597600369692
9608.469,-0.00330755209935288,4.206588989393533,24.160454198048182
9611.219,-0.0022636802366231864,4.206789132351373,24.161021149896268
9614.016,-0.007767024604440979,4.206667112281477,24.15755793781195
9616.812,-0.001751687412903968,4.2067193577354445,24.161204474524105
9619.594,-0.0022634619682837163,4.206601693760387,24.161466963227674
9622.391,-0.0010367971811448594,4.206794554621058,24.16772539739535
9625.187,-0.0009665808870482794,4.206776525263898,24.16736969841285
9627.969,-0.003097954198678679,4.206654758236386,24.162698456513745
9630.75,-0.004752538476466171,4.206321515445852,24.164638305983875
9633.547,0.002855038333710801,4.206656341011215,24.174586048521604
9636.328,-0.0022946829170068903,4.206377258864269,24.168746603677626
9639.125,-0.001545833329785429,4.206418612021228,24.16575529464734
9641.922,-0.0034192378258676884,4.206528772245401,24.163408557628106
9644.703,-0.004516000727480766,4.2064234951643344,24.15933540635805
9647.484,-0.005385882933268678,4.206263732254013,24.16416554508866
9650.281,-0.0036838662621426054,4.206676842534635,24.157531779886565
9653.062,-0.0031013616209380384,4.206287900842451,24.16436559055429
9655.844,-0.0013460072106190066,4.206674330023348,24.158228286453063
9658.672,-0.007652605489557092,4.206591666586501,24.161269310523284
9661.453,-0.0024322640175867133,4.206679869930425,24.16263535685051
9664.25,-0.0026119676654329234,4.206509134106102,24.152933780977786
9667.047,-0.001628079119185768,4.206455945703207,24.158707859662712
9669.828,-0.0005075763895073596,4.206250538209781,24.157348396524856
9672.625,-0.003864789805896805,4.206311286105288,24.153471251533688
9675.453,-0.0003832458105261796,4.206585302891778,24.15216153240177
9678.234,-0.002500560954163696,4.206355767680214,24.156256495464962
9681.016,-0.0023257314419500804,4.206437687337281,24.15709609666987
9683.812,-0.0016223590508729932,4.2065462342604185,24.157620932942773
9686.594,-0.0017928807186674627,4.206432081463594,24.163506868428446
9689.375,-0.0046399132665804295,4.206319102050976,24.16875656929628
9692.172,-0.006239487714339056,4.206345237658305,24.162397210656703
9694.953,-0.002953832662537504,4.2063944972705425,24.156458588407858
9697.75,-0.0018083877091687778,4.206191332485639,24.158774165158885
9700.547,-0.005133473515132575,4.2062767938676195,24.155045959310513
9703.328,-0.0026784200262763625,4.206437490880787,24.146207425704276
9706.125,-0.0013731848143826166,4.206644500067062,24.147115932681725
9708.859,0.0008665139374080398,4.206048429555707,24.148818621844544
9711.656,-0.004967932215273607,4.206292466389764,24.1561167181107
9714.453,-0.0009684737625140363,4.206279321428504,24.15632810688449
9717.234,-0.0020767333670600294,4.206314356027697,24.156321353730053
9720.031,-0.003608355363006964,4.206050745563406,24.157822765475935
9722.828,-0.004436954288259972,4.2062244163529465,24.14576328469006
9725.625,-0.002576572907903351,4.206265794592796,24.150897176251135
9728.406,-0.00045333291004525083,4.206211101559884,24.152561885324452
9731.203,-0.003323393144819593,4.206328427748622,24.145743882452958
9733.984,-0.006009449362702945,4.205975320649875,24.14310574229138
9736.781,-0.0011692315881515721,4.206470946343301,24.14553772006217
9739.594,-0.001760673112306537,4.206292174302186,24.151731593618205
9742.375,-0.000880139096289769,4.20614197258706,24.15413571757743
9745.172,-0.00024093672271981913,4.206198984276841,24.14878651769033
9747.969,-0.004104709178204678,4.206137035900303,24.15157426187662
9750.75,-0.00045642940892705146,4.206004974010816,24.146407601970648
9753.547,-0.002023446229363522,4.20611027913989,24.142837325584885
9756.344,0.0007133737247750118,4.206152489204941,24.142531890348423
9759.125,-0.0037288027303615276,4.205857014448252,24.152807518306073
9761.906,-0.0018080717868186394,4.2061499177489585,24.160462324472423
9764.703,-0.004493959645938139,4.206059034496154,24.152926971378612
9767.484,-0.004106682550019378,4.206045923595787,24.156549073060326
9770.281,-0.003319082270728794,4.206135360533412,24.150359523235878
9773.016,-0.003146703688769889,4.206238895799982,24.154609491198848
9775.812,-0.0029156025378041447,4.206393868629357,24.154609333947548
9778.609,-0.002450645815868721,4.206228769540783,24.15290427951085
9781.391,-0.0033621730479999603,4.206120466572664,24.153919604838297
9784.187,-0.0017795737660130614,4.2061649206892655,24.147566607084475
9786.984,-0.00616950615258017,4.205932548780402,24.156066300283012
9789.766,-0.004357857141887148,4.206032068266281,24.149589813926973
9792.562,-0.002493944454102363,4.2059083829434165,24.15242883332467
9795.359,-0.0021972731943539483,4.206198248636444,24.142556329148473
9798.141,-0.004445334452211908,4.206099957156666,24.14257831522025
9800.937,-0.003290054977621624,4.20584707311204,24.156554953809366
9803.75,-0.000489281894560334,4.206015659698634,24.155378806140554
9806.531,-0.0050096203225462555,4.205974299952373,24.158062327791416
9809.328,-0.002481196106091116,4.205962229002544,24.151656518907174
9812.125,-0.00423348756229795,4.205808351171109,24.152152068078813
9814.906,-0.005721336307410752,4.206117286691579,24.14612823682556
9817.703,-0.0004385126311704161,4.205998129856454,24.144952207372548
9820.531,-0.0002073176191028713,4.205850708430862,24.153238878658776
9823.312,-0.002938949997885945,4.206086927009377,24.144423758023862
9826.094,-0.0017117310458272612,4.206037721060578,24.15061345146693
9828.906,-0.00042944019213195445,4.205865912641153,24.146812725917194
9831.687,0.0005912038059509914,4.206014129944046,24.149411419861327
9834.469,-0.004061549239436345,4.205894433071929,24.141282652936425
9837.266,0.0008209667475217044,4.205840901257441,24.144591935907563
9840.047,-0.0037852840838597875,4.205709322523358,24.146135664955132
9842.844,-0.005511652023204903,4.205751770356014,24.145765301615302
9845.672,0.0004326892836546503,4.205914995178149,24.14572004058522
9848.453,-0.0032097928519391476,4.205874294813156,24.144603004479148
9851.25,-0.003551323381909606,4.205745199710716,24.144846152309256
9854.0,0.0004150740557965679,4.206010857117771,24.14981852459374
9856.781,-0.004696690057565381,4.205902608570002,24.142513426515468
9859.578,-0.002243144436807181,4.206036906363563,24.137974110027265
9862.359,-0.0031945405851247577,4.206142844478463,24.13965736961134
9865.156,-0.001662254186673438,4.206043146734273,24.142536000049795
9867.953,-0.0005282594848159148,4.205887846562458,24.137227957140528
9870.734,-0.003917760869383522,4.205764251565307,24.144026680629246
9873.531,-0.004079684640155814,4.205744164810438,24.14246882820108
9876.328,-0.0009600967833629356,4.206198171092821,24.140899997659805
9879.109,-0.001176574361528443,4.205963167566054,24.142996139328567
9881.891,-0.004602670332958134,4.20559549617653,24.138260920036732
9884.719,-0.000716633681941854,4.20576444223252,24.1414568533621
9887.5,-0.005243416795497012,4.20577374063909,24.15015999458037
9890.281,-0.0022294888875945443,4.205428932665365,24.142497350475505
9893.078,-0.001627920739291648,4.205799519504349,24.141968126648006
9895.859,0.0020609397047495846,4.205734023998487,24.14637189195189
9898.594,-0.0024145273743960516,4.205572925797685,24.142679117314835
9901.328,-0.002813196116241758,4.205471361514015,24.142890154907384
9904.062,0.001122813919758552,4.205582451322005,24.14572937190715
9906.781,-0.0056214347272711416,4.205743062499964,24.155294716335572
9909.516,-0.00015627297169491436,4.205563886678841,24.13768373200483
9912.25,-0.00476725012656254,4.206169064160472,24.147154289942566
9914.984,-0.0040429867633720315,4.205588230477219,24.144476629188805
9917.719,-0.003363960577775135,4.205697523699848,24.138084949894104
9920.453,-0.004950147954723115,4.205722063466648,24.128673150016514
9923.187,-0.0042372991764168455,4.20596086742276,24.12447207406785
9925.937,-0.0038331500258864948,4.205767960054237,24.12342701663741
9928.672,-0.002263507844511192,4.205847389176505,24.128839732060662
9931.406,-0.006445069235831991,4.205715914660131,24.124411417610105
9934.125,0.0007829703438393571,4.205550083181412,24.124108504902377
9936.859,-0.004518435384594274,4.205631971922459,24.132678419252862
9939.609,-0.004342133635286567,4.205896817838595,24.127849710638333
9942.344,-0.005055171639521503,4.205737369299324,24.124802446687497
9945.078,-0.0029258711656595477,4.2055969812032545,24.12403217097755
9947.812,-0.0019993297467789436,4.205900784282108,24.140756831471627
9950.531,-0.0025137984259744135,4.206160411232404,24.13472507556797
9953.266,-0.001968244108933216,4.205441482065131,24.139692614686354
9956.016,-0.005500244886716759,4.2057338810754406,24.127443344212203
9958.75,-0.00468115277453997,4.205491982367957,24.12062816018542
9961.469,-0.001689498384906387,4.205500338879039,24.117758534392845
9964.203,-0.0026023259088140903,4.2057488781911445,24.119832377572965
9966.937,-0.0027695400971871104,4.2059374278103645,24.129338488607686
9969.672,0.0053809232672730675,4.205525071479383,24.130010905882703
9972.391,-0.002793736322981332,4.2058683640303824,24.132924817461245
9975.125,-0.0026594614363909066,4.205634042860542,24.132654743010338
9977.859,-0.0038734442707029754,4.205588430196257,24.131779955607815
9980.594,0.0009589931458560861,4.205595684155336,24.13135587208147
9983.312,-0.0001889168453964157,4.20590077343717,24.12634975730964
9986.047,0.004177163639373094,4.2055431415816855,24.124569612410312
9988.781,-0.002733142983018594,4.205708594684208,24.12313771895532
9991.516,-0.0003710000691752643,4.205538513880759,24.122792875186224
9994.266,-0.0016971606624974855,4.205629288884148,24.12626627354744
9997.016,-0.0015077608836140857,4.20545634765238,24.122117926052713
9999.75,-0.004016218587377459,4.205567759645166,24.128977636815726
10002.484,-0.0011295353584333128,4.205429005352898,24.12585580545485
10005.203,0.00149562907023673,4.205558023092167,24.121740429284408
10007.937,-0.00042806041044532434,4.205711782647051,24.124994488890444
10010.656,0.0019140822666701494,4.20554963929634,24.12616534232224
10013.422,-0.0002088477272754218,4.205377862693061,24.12915939862168
10016.172,-0.004057566108739227,4.2052861045823695,24.13603570803136
10018.906,-0.002496228230894689,4.205813997296928,24.13217427535811
10021.641,-0.002467803478350332,4.205491033186476,24.12447531262697
10024.375,0.0006619294981347777,4.205382911453995,24.131207968655175
10027.109,-0.0009418182382344749,4.205715029652512,24.128401351632725
10029.844,-0.0020499956927507662,4.205481701073784,24.13185221629938
10032.578,-0.003587833006622928,4.205425249204013,24.11947582018068
10035.312,0.0016684935580803394,4.205605174141236,24.116137470875614
10038.031,-0.002885349274841413,4.205407873107084,24.12310483924138
10040.766,-0.0018789589402473654,4.205504406070274,24.114857192027223
10043.5,-0.0021861480078723696,4.205598363859993,24.11589175201596
10046.234,-0.0011250590812236644,4.205169018283764,24.12995093620068
10048.984,-3.4967859891040736e-05,4.205593630016125,24.12892631622648
10051.719,4.24669311878781e-05,4.205749986696965,24.133778810735528
10054.437,-0.001966851829065771,4.205534900556791,24.135190926864084
10057.172,0.0009206895914937708,4.205296491768422,24.128807872718756
10059.906,-0.005734444618746464,4.205456798587805,24.131238983204643
10062.656,-0.004137854834698665,4.205334041224469,24.11783345933536
10065.375,-0.002596148365120603,4.205455434765305,24.12159234026908
10068.109,-0.002087934887365814,4.205261302484977,24.125849861931037
10070.844,-0.0037786143408267514,4.205431529305746,24.12834759679132
10073.578,-0.00028542146134069677,4.205491460682231,24.11623673845183
10076.328,-0.00274264038412536,4.204872678865105,24.116821612248902
10079.062,0.0008737379118503853,4.2051444182473166,24.1119428811255
10081.797,-0.003075471012571896,4.205339361809618,24.11407634293595
10084.531,-0.012676921390050923,4.205382910624016,24.12304257405949
10087.25,-0.0019507982326761283,4.205220034331152,24.12716723313726
10089.984,-0.0034546223224359925,4.205278104094322,24.121477729541944
10092.719,-0.00813981095399948,4.205697658919859,24.127047747748623
10095.453,-0.0033991101531007403,4.20520241907738,24.12943357820561
10098.187,-0.006324125138903566,4.205235231332174,24.141558305573565
10100.922,-0.0031587976421850994,4.2054050239355245,24.13164439180813
10103.656,-0.005945054741016998,4.205274343290856,24.13719642508625
10106.391,0.00503600098777207,4.205209458708992,24.13375918632634
10109.125,-0.0007421573817825943,4.205620394428838,24.130219243014476
10111.859,-0.0029947631618693713,4.205315702846909,24.136075056470727
10114.594,-0.0008016884501292913,4.205250924719511,24.13844748395679
10117.328,-0.004007725710796201,4.205172573708741,24.135489620493242
10120.062,-0.0026667342145419632,4.205106854008668,24.133788649503703
10122.797,-0.0051744950392346376,4.205206874138315,24.13258059938035
10125.516,-0.0032218785668883068,4.205365690753668,24.13310563914695
10128.25,-0.004703714804077189,4.205229617784564,24.12940831140543
10131.0,-0.00040983123969435425,4.205397852491106,24.12959932756126
10133.734,-0.0030196593591250245,4.205203812379828,24.129265341115392
10136.469,-0.0013830569312002774,4.205513526548957,24.126124053173758
10139.203,-0.0043109537499471835,4.205525165331933,24.1240274400496
10141.953,-0.003833315471787664,4.205395067141809,24.127970615644912
10144.687,-0.004071606141685103,4.205137150279974,24.124218568855248
10147.437,-0.0072935391599211604,4.205481401212694,24.12529537021733
10150.172,-0.003683255169719688,4.205197354961112,24.13425803980738
10152.891,-0.004926112151262372,4.205073137642399,24.12197243605812
10155.625,0.0007213658522880071,4.2052109465918495,24.124091537644738
10158.375,-0.00360463661572844,4.204951190850267,24.12845946138891
10161.109,-0.007203513172846316,4.205246160557825,24.130224180388783
10163.844,-0.00393526560392396,4.205305335723881,24.124428887458603
10166.578,-0.0031422033822388526,4.205301260295674,24.12965731509029
10169.312,-0.0038704640484947175,4.205397998031903,24.117357990879988
10172.031,-0.0036711041782632944,4.205176296516561,24.123610179467345
10174.766,-0.001534006614912023,4.205106777350216,24.111938619888953
10177.5,-0.0033571465512681506,4.20500026751032,24.117764264662224
10180.234,-0.0011244872815556436,4.204410597010035,24.12037666028201
10182.969,-0.00329090206020994,4.2054752154489154,24.12243769368552
10185.703,-0.004046304556276142,4.204837574940054,24.12554854879536
10188.437,-0.0015589875927428593,4.204857899829236,24.121806690787242
10191.156,-0.003366867620280314,4.205200558291086,24.12399555160976
10193.891,-0.0018667026314881452,4.205034499958731,24.120174659321663
10196.609,-0.0033353118764596823,4.205225333256352,24.124703847025877
10199.359,-0.007783739469548437,4.205316813101762,24.125254174658693
10202.078,-0.004438468140110339,4.205309874997568,24.125482831433203
10204.812,-0.004734871820527828,4.204880828961488,24.122961633257972
10207.531,-0.004027999965201475,4.205200749591186,24.117359680107448
10210.266,-0.003554949091802957,4.205234043467384,24.121575221386056
10213.016,-0.002517954028753533,4.205082332695747,24.120231770374204
10215.75,-0.0030388891365943803,4.204968031360892,24.122710185944648
10218.484,-0.0058421909042488335,4.205072029166787,24.121194198008347
10221.219,-0.001959273482162801,4.204854585223803,24.11924576809572
10223.937,-0.00479663549412937,4.205051356999478,24.11309946849896
10226.672,0.0011906680533512442,4.205171139239105,24.117644766635372
10229.406,-0.0013279173497488426,4.205039657981608,24.11897146182942
10232.141,-0.0006519680013366784,4.204989079010994,24.12819243865167
10234.875,-0.0032202395152743472,4.205080893058047,24.1207920910307
10237.609,-0.0016345578809575912,4.2051667087061295,24.114802265346036
10240.328,-0.0011127820507464779,4.2048542900671775,24.101597339910345
10243.062,-0.00561639904013055,4.20486261491598,24.107258427660263
10245.797,-0.00026947491187306335,4.204939730424863,24.12148425195042
10248.531,-0.0009004029545178699,4.205438413295795,24.11987681658658
10251.266,-7.410604965028638e-05,4.205186125191297,24.119353480638043
10254.0,-0.004305740838688765,4.204991114740108,24.115864726147365
10256.719,-0.004014113493009048,4.20492244588195,24.12412751684296
10259.453,-0.0029066229329352397,4.205075069226309,24.126680808348162
10262.187,-0.0013452907811263577,4.204956480242442,24.116593993364965
10264.922,-0.004064964956589235,4.205274418084127,24.117193064642674
10267.641,0.0010665719528256254,4.204951446434215,24.116887652311053
10270.406,-0.002236879420755449,4.205110717554971,24.12368418210515
10273.141,-0.006322003651639749,4.205185098042802,24.117675120618262
10275.875,-0.0024241008005798895,4.205012030197332,24.11359664904147
10278.625,-0.004364340619066281,4.204799504303661,24.116737144684237
10281.359,-0.006432021472133376,4.2049250785630266,24.12519679376509
10284.078,-0.0010591260292937869,4.204985553559308,24.124571842633795
10286.844,0.002520851327845644,4.204785811302774,24.1202140369371
10289.578,-0.0008476372530000232,4.204869643569026,24.11784007120119
10292.312,-0.0023383403919950557,4.2049316794837495,24.12659919476856
10295.047,-0.003959911148416952,4.205238072703979,24.119340885115122
10297.781,-0.0022097859973580656,4.205150985884625,24.12236681598576
10300.516,-0.00043823038690667636,4.204776104338935,24.12412419513588
10303.266,-4.0961817324606056e-05,4.204877439067574,24.11382709926466
10306.0,-3.1219195714468903e-05,4.205113840929183,24.11116444423641
10308.734,-0.004053193410922586,4.204819810343905,24.11343496238178
10311.453,-0.002270891759273918,4.204873169073491,24.121707180972397
10314.187,-0.0033956799263252044,4.204921617604153,24.12103687158028
10316.937,-0.004084090840231258,4.20498111221968,24.124822293072018
10319.672,0.00021690936232397,4.204818633590192,24.122773266869903
10322.406,-0.00493199330669478,4.2051202898666995,24.124889031368593
10325.141,-0.007490463342000599,4.204816887591832,24.108109640745425
10327.875,-0.0041802741745815,4.204789321901722,24.112138760906433
10330.609,-0.0032097039946236486,4.204617048781083,24.11590758784871
10333.359,-0.002263252033051318,4.204730714902827,24.109892469531264
10336.094,-0.0044515165808002065,4.204873385946847,24.114549625190705
10338.828,-0.0035953129610175054,4.204808740120117,24.11191331780999
10341.562,-0.002440375964507852,4.204840612462487,24.111414347298545
10344.297,-0.00022021815377364253,4.204869133349995,24.11663615375975
10347.031,-0.00012416267828877176,4.204734045297288,24.12193355269386
10349.781,0.0010862854661218143,4.204965587321817,24.108945054258033
10352.516,-0.00034655032147753474,4.204746158993737,24.11491076368102
10355.25,-0.0030300058303793682,4.204649272517009,24.114287372845528
10357.984,-0.006312120379762909,4.204706632854786,24.114384828437036
10360.703,0.0017533132395936232,4.204725451385292,24.12286741767333
10363.437,-0.0035589417961540424,4.204848431556284,24.116462690847598
10366.172,-0.0020682032323994294,4.204751047007714,24.11936010258761
10368.906,0.00019077857597325887,4.204638072239715,24.107398055784806
10371.641,-0.002439222965982886,4.204940377002668,24.115969006640476
10374.375,-0.00203270023672804,4.204702026456338,24.105017138024305
10377.094,-0.0035077703299038767,4.2044492564762725,24.10681749513643
10379.828,-0.0014892654586134801,4.204807240032746,24.10859260804134
10382.562,-0.003478092687578434,4.20496931351999,24.108241736287223
10385.297,-0.004859694229203841,4.2049659628563125,24.10711365118658
10388.031,-0.0007992108381585184,4.20464692800131,24.108886177365154
10390.766,-0.00010510726622845705,4.204670927455497,24.10231585553234
10393.516,-0.0033426877633913705,4.204818999412372,24.108390697935064
10396.25,3.8840145815464515e-05,4.2047215088808585,24.100048481673717
10398.984,0.000677250343047062,4.20487213452258,24.100124220321273
10401.719,-0.0030340202670647797,4.204941640681091,24.097095529908376
10404.437,-0.00024307991934706814,4.204754897671301,24.110824575003768
10407.172,-0.002435219105240094,4.204569667565929,24.104201013280267
10409.906,-0.001037683187494781,4.204723886190313,24.100554125150197
10412.641,0.00018440278049344533,4.205096083745167,24.104711009128113
10415.406,-0.0026305786035238613,4.204840296802733,24.10773363477936
10418.141,-0.0016974621205349074,4.204730744941417,24.112276573236393
10420.875,0.00017626214713543808,4.204631570205729,24.105649711744743
10423.609,0.00025454171428022964,4.204581274302891,24.113284346503065
10426.344,-0.0022564303941340607,4.204764547173146,24.106669534511145
10429.078,-0.003647947773535333,4.204561146450768,24.10579200977015
10431.828,-0.002407041985473345,4.2048663767442145,24.10494479735588
10434.562,-0.004984420469366716,4.204689695303235,24.10926737997747
10437.312,0.0012926362309606146,4.204798128473289,24.106673573516133
10440.047,-0.006797143900813176,4.204758576992006,24.103902465772926
10442.781,-0.002147338898088505,4.2045634902661355,24.10926129744722
10445.516,-0.00019156441893591062,4.204847877703557,24.107639451777032
10448.25,-0.0016467424957156615,4.2046938203603546,24.09723525324499
10450.984,-0.0006400601402927546,4.204669953763147,24.10096711743732
10453.719,-0.00017111287802833955,4.20465817707971,24.097612895691
10456.453,-0.0013195509187410674,4.204650763599757,24.096504225443194
10459.187,-0.003049644383662801,4.204733193253071,24.097945231020553
10461.922,-0.0024795634201057373,4.204527681537095,24.10359953083158
10464.656,-0.002950036112180073,4.204605652690043,24.11131165399942
10467.391,-0.0014782326029246116,4.204568238326084,24.10517359081777
10470.109,-0.00443225192009026,4.2046496484133415,24.108775182299826
10472.844,-0.0011693050370605827,4.204713998895582,24.102631347261887
10475.594,-0.002884654200925198,4.204543370999157,24.106475093673122
10478.328,-0.002615439232187762,4.204385940793923,24.107165059385945
10481.047,-0.0036864349037166715,4.204709161895828,24.105128076556007
