time,current,voltage,temperature
0.0,-0.0018958085698182873,3.464793751619439,26.064735923785744
2.5,-2.25924764393366,3.26482214302538,26.07012351970832
5.109000000000002,1.4912759936035986,3.580447499189515,26.08139105050433
7.578000000000003,1.4887628416597212,3.5933398109488883,26.08845285566622
10.078000000000003,1.4879486917008966,3.602880256827701,26.06946230787215
12.625,1.4924332539687053,3.611309693788034,26.057999096410896
15.186999999999998,1.490540326211513,3.6186820913268796,26.04275913260989
17.703000000000003,1.494065147764994,3.624923628278302,26.02705351001062
20.234,1.4903458915340586,3.6315688331172105,26.006186038986723
22.75,1.489746157170211,3.63746873834207,25.993058373536048
25.218000000000004,1.4913802349367578,3.6428710662181305,25.97736548296862
27.686999999999998,1.4889862737190933,3.648473886193679,25.963157761450642
30.156,1.4908153273255955,3.653470022504333,25.95611971041219
32.671,1.4916103117473594,3.6584583340834596,25.924970918808175
35.203,1.4907631887446802,3.6634077643277254,25.918471056196882
37.718,1.4914916940390783,3.6679461292788744,25.900115531752114
40.25,1.4893206672926342,3.6727390965618474,25.884819168275644
42.781,1.4899900945921105,3.677304895264599,25.875019198780052
45.25,1.4929485656862154,3.681633138781258,25.855631204766507
47.718,1.4924313686681951,3.685582301839104,25.83783925004865
50.187,1.4949223053326868,3.6895429129015898,25.812743358643417
52.687,1.4907197400519332,3.6937936357250587,25.80082913024529
55.187,1.4895904808031148,3.6976984359722405,25.795979189616332
57.671,1.4899151125483647,3.701741012437027,25.781063934069568
60.14,1.4894065436379478,3.705317076154805,25.7681922512183
62.609,1.4901005822860498,3.708902627461167,25.749374137968353
65.10900000000001,1.4903913665863047,3.7126586761538856,25.732339741171142
67.625,1.4884267100905655,3.7161468154838553,25.723280823174417
70.156,1.493131966159796,3.7195031800772993,25.707694870239195
72.67099999999999,1.4935318581478283,3.7233005369991856,25.685229502538004
75.203,1.4883251266036195,3.726553829734475,25.66954606297852
77.718,1.4897572130575771,3.7300784323969145,25.653295611905484
80.23400000000001,1.488747184773369,3.7330918655797793,25.643783072688446
82.73400000000001,1.4930848024753713,3.7361837956562134,25.61843392981669
85.218,1.4912853434589064,3.7394262918433676,25.609500236040166
87.687,1.4920208511406448,3.7421343300020182,25.608490886106846
90.17099999999999,1.4905120358112183,3.7454834708595444,25.606640598662946
92.67099999999999,1.494178479320506,3.7480883016352595,25.589995244175125
95.125,1.4902878977139815,3.7510795403378303,25.581539535302554
97.60900000000001,1.493874548513527,3.7541115812613643,25.569759337337786
100.078,1.4927488934798288,3.757168858437285,25.548713118151735
102.54599999999999,1.4913581414599386,3.7597974633069287,25.540080904113616
105.04599999999999,1.4909277674068977,3.7622780669450266,25.538344509594584
107.515,1.4895843044826644,3.7648261623877364,25.518786529794088
109.98400000000001,1.4908400430834172,3.7676320710631375,25.511313145661873
112.5,1.4910695468281303,3.770178264684532,25.507370201504898
115.015,1.4934428474050707,3.7730435153017945,25.49185311070855
117.54599999999999,1.492048298746454,3.7754863271186943,25.475127133360175
120.062,1.490895558077006,3.777871978727237,25.456357447114925
122.593,1.491399590448721,3.7806376885301467,25.441318026946714
125.10900000000001,1.4918928353439789,3.7827968479006056,25.422757095157376
127.625,1.4894652888288593,3.785141731192122,25.416292450742866
130.156,1.4906423154948945,3.7877409992778523,25.414649242077243
132.656,1.4939104920760384,3.789904243873445,25.399459209464712
135.125,1.4900953617849158,3.792113111934619,25.390346984973924
137.59300000000002,1.491175046574375,3.794457301969218,25.363720621943425
140.109,1.4928237814753855,3.7964884399526055,25.348995188024777
142.64,1.490857710704989,3.7988827246825623,25.340231812005996
145.156,1.4926759703270764,3.8009493042566875,25.32596214479686
147.687,1.4926112723764442,3.8030901508612502,25.322900021558564
150.203,1.492983178797086,3.8051071056426005,25.329557178551322
152.734,1.4893167356773473,3.8073112022970323,25.328911326649035
155.25,1.4889398911779423,3.8088206953767565,25.316401615243088
157.781,1.490552590922758,3.8107606540439525,25.312987725683335
160.296,1.4922221285011263,3.8126107993665563,25.297186617728094
162.828,1.4910732550048278,3.814380238223361,25.29127555855837
165.296,1.490451842312419,3.8158937558891504,25.268101783583184
167.765,1.4929044568073415,3.817840412810001,25.262955759872103
170.234,1.49301651758099,3.8196287757719576,25.25046976404928
172.703,1.4944380326491338,3.8206733650553604,25.239576366436008
175.187,1.493316659974356,3.8220323298129832,25.23705211533571
177.703,1.4908950575896072,3.8234836534199657,25.213732265534873
180.234,1.4927023835902107,3.824916392375381,25.189277829901073
182.75,1.492812859318911,3.825800491666604,25.18415390156152
185.281,1.49151393503441,3.8270976019406326,25.188136973918432
187.796,1.4892591044182535,3.8279355514022138,25.18624279397015
190.328,1.4887401905528488,3.8289875949560237,25.175496854967555
192.84300000000002,1.4910824699079273,3.8300339689089324,25.159581958704692
195.359,1.492007558442945,3.830971215435549,25.154331356776485
197.89,1.4912841415258333,3.831958277949283,25.145820761903423
200.406,1.4939229000846646,3.8327372579918313,25.163232816963507
202.937,1.4887017520304884,3.8335039357255765,25.150482977466144
205.453,1.4930871702486708,3.834048871730103,25.147871127668964
207.984,1.4916152303831494,3.834652444167194,25.137051067522872
210.5,1.4882254221254159,3.8354289400962345,25.12940690437499
213.015,1.4914033708148295,3.8362356525753043,25.109770209071964
215.546,1.4886223757754578,3.836830110646681,25.099954000302798
218.062,1.4925317222476855,3.8375269354299193,25.09326121231273
220.562,1.4931622398493831,3.8381237611457557,25.085364251853395
223.09300000000002,1.4910422977070787,3.8386861630494034,25.066401229091007
225.562,1.4874544441441027,3.8390172920849546,25.057435161207195
228.031,1.4897207713343514,3.8396805428628844,25.060794233432244
230.5,1.4928392853545966,3.8402175898346713,25.064548452655767
233.015,1.491490393712322,3.8409036087379964,25.05871611311057
235.546,1.4938344997950634,3.8414281329213646,25.04451752464998
238.062,1.4908175027747268,3.8417824378680074,25.036374708197506
240.578,1.487765789525008,3.8425151282836856,25.02903942251999
243.109,1.491234877524476,3.8429008627561907,25.0213632995888
245.625,1.492023398296071,3.843395827921744,25.01339219996112
248.156,1.4923077743825999,3.8438318583087474,25.018530766776895
250.671,1.4924597964666835,3.8442257258595505,25.01857318559757
253.203,1.4925420579648838,3.844722889136371,25.01142469337062
255.71800000000002,1.4911634659167514,3.845259367332545,25.00548229673872
258.234,1.4907854056234606,3.845807363440761,25.00425353307272
260.765,1.4927927389089484,3.846317813193675,25.008826213950154
263.281,1.490337637469411,3.846547251465737,25.00320732750131
265.812,1.493022186380068,3.847226712930631,24.99316286894934
268.328,1.4909150279651822,3.8476868282463363,24.99622546766356
270.828,1.4884799734669352,3.8482005295294646,24.999868485388717
273.343,1.4899592558610968,3.848519293852471,25.00674501879166
275.812,1.4890386839467242,3.8491767186830432,25.00653017138539
278.281,1.4945151887477177,3.8494117048325363,24.991044157768407
280.75,1.4943376061053375,3.8500833320335164,24.98459416628242
283.281,1.4940585202033378,3.850518185105798,24.969091422465254
285.796,1.4910063942042884,3.850842694870731,24.956733120918372
288.312,1.4901267909821858,3.851477022964553,24.952711351499847
290.843,1.4929097471574881,3.8520145402604777,24.945374003628732
293.359,1.4911177620657743,3.852537683206322,24.934254192560825
295.89,1.4919272890520274,3.852903671366365,24.939196561503618
298.406,1.4909324293486188,3.8532461620751297,24.935919240933497
300.937,1.4937965947230716,3.8540197529460993,24.926690634565098
303.453,1.4907468599656652,3.85448808242505,24.913263711084372
305.968,1.4933015141691084,3.8549680466792595,24.898475028681617
308.5,1.4906582535468826,3.8553938847345264,24.887138135829247
311.015,1.4937047715498717,3.8559962131478587,24.89478115634288
313.546,1.4926819213258287,3.856288396110096,24.9031249345113
316.062,1.4908853647844436,3.8569763872646496,24.9013885173131
318.578,1.4917412076447003,3.857361046407656,24.917068154068534
321.109,1.4916733236464181,3.857915119443308,24.917507667906868
323.625,1.493890505484379,3.858452191825534,24.924893551270692
326.093,1.4940720142063917,3.8590108244728856,24.92370312476121
328.578,1.4925085787417236,3.859409410787417,24.906644749567405
331.062,1.4905541510718525,3.8599283467207375,24.895638051580857
333.578,1.4952487358248574,3.860539668217712,24.898599388588796
336.109,1.491626019804501,3.8609746377384178,24.897951956271186
338.625,1.4886774432335683,3.8613980840454727,24.90419252987558
341.14,1.491837494150768,3.861929125664193,24.899982484749025
343.671,1.4925752366045848,3.8622420640877224,24.892653590672772
346.187,1.489412368718047,3.8628967788155544,24.89540891609702
348.718,1.4922657978679905,3.8633846584461624,24.89706435148701
351.234,1.4938446769995641,3.8638845587807236,24.902405487941827
353.765,1.4912028525294554,3.864525616095629,24.89355856457951
356.281,1.4899303090383529,3.8648320733535027,24.89197486079056
358.796,1.4897518124091935,3.8651269123581566,24.88816267143387
361.328,1.4930554206589342,3.8659150387261474,24.88283893845619
363.843,1.492677442543138,3.8663802973315833,24.878818726623194
366.375,1.492737035200813,3.866651594349807,24.87611001413242
368.89,1.491279451206159,3.8674106573848817,24.87112316539286
371.421,1.49270051127743,3.8676524858312016,24.869092922345832
373.937,1.4905006031769343,3.868218601572088,24.854989919543975
376.453,1.4895732005958147,3.868810609364904,24.8541975150956
378.921,1.4940675766549487,3.869397677365964,24.85454736287003
381.453,1.4910069353556,3.869914381060332,24.86766132137891
383.921,1.4873385300138555,3.870268130348759,24.860284135684452
386.39,1.4932772708200726,3.8707433071299415,24.85733119810862
388.859,1.4908032566257123,3.8711419528200453,24.8571844815392
391.375,1.493678235858834,3.8716026220288846,24.862299640743288
393.906,1.4935267628657154,3.8724948098567107,24.84730814003416
396.421,1.4917721121413832,3.8725575711601805,24.849981451075347
398.953,1.4935238301645863,3.8730888504489958,24.846038118625703
401.468,1.489283901661421,3.8735515759878183,24.845940953299152
404.0,1.4928852211306216,3.8740573790025588,24.84410290462573
406.515,1.4910343123335175,3.8746389916739576,24.84604379272525
409.031,1.4901884301288666,3.8750328946637964,24.83101436965201
411.531,1.491519414856931,3.8758309959380526,24.813656132237952
414.0,1.4936407229246498,3.8758779718400174,24.81117009540854
416.468,1.4895172042502773,3.876472139069219,24.819843207310146
418.984,1.4899465891592536,3.8772303553155973,24.821531478822983
421.515,1.4904257699858598,3.8774484134851557,24.81968108445267
424.031,1.4902628636134676,3.8779545730627345,24.82322225620401
426.562,1.48930708126243,3.8783680669459017,24.82110815477669
429.078,1.493510368088661,3.8789340455129273,24.828658239571435
431.593,1.4907277469360949,3.8793873757891517,24.826150442861106
434.125,1.4884919129721992,3.880031650582516,24.820123680713532
436.64,1.4924504528523141,3.880625841897821,24.813406710242543
439.171,1.4932804789627467,3.8807651321554375,24.82222073872481
441.687,1.4910740217604714,3.881357313478434,24.81455220170658
444.218,1.4930038421573855,3.88171147982295,24.81561970180617
446.734,1.4929230739393091,3.8822517099111766,24.82096573204553
449.25,1.493184269576027,3.8826965925704005,24.810232184043624
451.781,1.491892098025802,3.883213538147927,24.817634033524772
454.296,1.4907481192017256,3.883474758838781,24.815926610674655
456.828,1.4904571716680763,3.8840105163267498,24.82248966800931
459.343,1.4918291358585294,3.884439892189658,24.823824317222183
461.859,1.4919515982829175,3.884771913829885,24.82628322208692
464.39,1.490261783689977,3.8855068203443435,24.817517730798773
466.89,1.4932605715252334,3.886226814599323,24.80416053450406
469.406,1.4906431492263734,3.8864220632055306,24.80803780445147
471.89,1.4923531655444788,3.8867439413830485,24.80792758300318
474.359,1.4901124674973734,3.88733415624204,24.809093459823785
476.828,1.49388132107712,3.8879191491265184,24.81373613636746
479.343,1.4911614439913141,3.8882441104465446,24.819173054402935
481.875,1.4910890553593859,3.8886382842311122,24.81207652897627
484.39,1.4925172569286378,3.889105923438619,24.797155993178734
486.921,1.4925019409807299,3.889389058025037,24.781835216479976
489.437,1.4897207045857161,3.889995257381051,24.78791315068822
491.953,1.4894950916100036,3.890449645034356,24.79456710478616
494.484,1.4906155104789016,3.8908582402175607,24.788148641304648
497.0,1.4890650335885425,3.891311038814194,24.793885905840504
499.531,1.492895960294875,3.8916534610470324,24.793075462110725
502.046,1.4914594459645547,3.892477315912894,24.793494734353665
504.578,1.4919157285701565,3.892675029642291,24.800175124026282
507.093,1.4912479548114046,3.8932083009351017,24.79883259612999
509.609,1.4901727101010271,3.893508420334361,24.79790056829298
512.14,1.4902459918177062,3.8940350625532183,24.80763319448597
514.656,1.490318021590849,3.894224470433671,24.811323586514025
517.187,1.4919142370591905,3.8953579282446347,24.797706635044776
519.703,1.4938695089058063,3.895511305684466,24.805760339992364
522.218,1.49288745988846,3.8957560471417745,24.806706724944142
524.75,1.49081062137586,3.8961529207944627,24.80648414053126
527.265,1.4902150587771827,3.8969528182605995,24.800825878619666
529.796,1.4941176919489314,3.8972016703589896,24.807357675096736
532.312,1.4918276936801975,3.897663460082007,24.805007162840347
534.828,1.492133163530625,3.898132168933921,24.801258724393698
537.328,1.4931782141036247,3.898354753321401,24.792308121304355
539.812,1.4902537132396687,3.8988488326600743,24.791914355606025
542.343,1.4916913611353895,3.8992214852963563,24.788427345588623
544.859,1.4910997149563652,3.8996953149197044,24.79181988274668
547.375,1.489255780441238,3.900251928050287,24.790215767045567
549.906,1.4901451785592261,3.900290274493055,24.790018867422603
552.421,1.492857671341836,3.901002134462027,24.786859303851056
554.953,1.4911053175475701,3.9014585284902146,24.786985781765054
557.468,1.4917171036230745,3.901823243058165,24.78955782592452
560.0,1.491837455428,3.9021250742290268,24.786915158054157
562.515,1.4925526927751116,3.9028008864684245,24.785205749628474
565.031,1.4918183524357203,3.9030657244675337,24.793288291200145
567.562,1.4907731430910074,3.9035090639315437,24.79055017581013
570.078,1.490452981730618,3.90412328149743,24.793134390674478
572.609,1.4916721893606553,3.904453293069862,24.79583643754341
575.125,1.4910953705590828,3.904696349129947,24.795011078879487
577.656,1.4897332094933824,3.9052294160740026,24.792517234178792
580.171,1.4932868510509552,3.905515147684264,24.79763484179557
582.687,1.4917516264061572,3.90605110396598,24.793564667199057
585.218,1.4925033365820275,3.906491112323008,24.789361313954792
587.734,1.4911930621686733,3.9069103992452416,24.798280746151526
590.265,1.4937454119587745,3.9072520592365625,24.783953709968884
592.781,1.4913247767583688,3.9079853917795444,24.78656607331311
595.312,1.4913857326962163,3.908219448215664,24.78773749665916
597.828,1.491624751444515,3.908693539801582,24.767345060507147
600.343,1.490905113704273,3.908677722796683,24.766087746830298
602.875,1.4904975568535013,3.909158834917898,24.779290894099624
605.328,1.4939785406027648,3.909867308139405,24.779391227805828
607.843,1.4901502433430798,3.910127375589242,24.779279144086466
610.312,1.4895529697655596,3.910544812369535,24.78001566593506
612.781,1.4906954031055841,3.9106581407583136,24.78219997927422
615.25,1.4896438720012077,3.9116511385336064,24.785075068034057
617.734,1.4888349731656312,3.9118160436880838,24.788036179153064
620.265,1.4934206502027318,3.912123706550404,24.79615432871307
622.781,1.490000172775161,3.91241187865949,24.7958901979818
625.296,1.4909453957737446,3.9129647628317863,24.797200959493104
627.828,1.4888093979731802,3.9134249489999395,24.795439124164165
630.343,1.488511025255337,3.9135615381140583,24.80372051889501
632.875,1.490556638430945,3.913707566723486,24.801982448438796
635.39,1.4927922963777527,3.9144653788909674,24.80393161028353
637.921,1.4898030918938185,3.914606897348488,24.81442108317746
640.437,1.4923142662008002,3.9150149914937415,24.801786471832898
642.953,1.4927752395747194,3.915354741560389,24.798449561424256
645.484,1.492424117887723,3.9159110698221533,24.81330003083935
648.0,1.491788951937177,3.91640909796968,24.81465253690712
650.531,1.490451796857489,3.916503508406401,24.810957979796388
653.046,1.492664837952298,3.9168878484219665,24.818103678605503
655.562,1.4933939673655656,3.9172155362782357,24.804589008371227
658.093,1.4903893219479563,3.9175732232326275,24.80676175759799
660.609,1.4919145210447635,3.918321388643604,24.798138033744156
663.14,1.4913335938567283,3.918273310522461,24.797812596431427
665.656,1.490708760863038,3.9184045713683404,24.79693422987747
668.187,1.4884137362728167,3.918969754967686,24.79191723333086
670.703,1.490303272102944,3.9192126377540637,24.78189113040193
673.218,1.491672096684275,3.9197242149912217,24.783141600980755
675.75,1.492083385876301,3.9197268751617416,24.780687762933933
678.218,1.492617419406797,3.920431187204487,24.779982691959596
680.687,1.49181728313699,3.9207478336105495,24.7854875511807
683.156,1.4892482765521933,3.920825540322168,24.785540616422868
685.625,1.4939285954851222,3.9212856836675924,24.786883883482588
688.093,1.4889863255431837,3.921241094373126,24.791863463372135
690.578,1.4925029622732282,3.9219530805639207,24.793287139406708
693.093,1.4950907897988392,3.922174553056166,24.782152881390218
695.562,1.4927554057628778,3.92216576813241,24.7746425256043
698.031,1.4921114081298317,3.9227490689083253,24.762417925861
700.562,1.490554664713947,3.923161888471296,24.77196770425747
703.078,1.4934761245424333,3.9233369291268025,24.77404826116968
705.609,1.4931872740176477,3.9236516217267354,24.769677527177894
708.125,1.4917503578179425,3.9238037111250024,24.771144734266073
710.656,1.4907323365674683,3.924237325009507,24.783688048157487
713.171,1.4926133143314806,3.9244930499634534,24.77952676373746
715.703,1.4877736447799421,3.9249131447718955,24.77777236648051
718.218,1.4905725108099226,3.925045285676072,24.786621469624222
720.734,1.4903639018861956,3.9257299208052445,24.787519538547603
723.265,1.4907988582709109,3.9259056392577265,24.78863799173833
725.781,1.4917009403887806,3.9261257665327562,24.789364578680683
728.312,1.4889465473135683,3.926211554466598,24.788532487650222
730.828,1.4897688836160732,3.926469676148578,24.795475640376807
733.343,1.4903513311427217,3.92692525032146,24.780711084241762
735.875,1.4910644911122382,3.926854192684095,24.762590432334044
738.39,1.491813200032499,3.9275205264212336,24.754818442118577
740.921,1.4906590779701614,3.9278182606861676,24.773050973860165
743.437,1.4901079420625631,3.9278885889221984,24.765984179426287
745.968,1.4922366892697039,3.9284035681709915,24.75319567891199
748.484,1.4922862733062972,3.9288326367555104,24.757751774382143
751.0,1.4908998062899919,3.928391925497449,24.753140066389193
753.531,1.4901378810694483,3.9287459269430474,24.76541673290091
756.046,1.4903094009059927,3.929132688869807,24.77208694435872
758.578,1.4895252678218023,3.929584856262219,24.78013350702669
761.093,1.4926638310417737,3.9297872309804274,24.77919968312978
763.562,1.4902911252131452,3.9301830577589016,24.788789613470534
766.031,1.4913655371077459,3.93034397261126,24.77471665392506
768.5,1.49386944156004,3.9305981363252176,24.78584870233852
770.984,1.4901547175818544,3.9306649374834683,24.787092430005764
773.453,1.4880736861620767,3.930927913805693,24.79136351004212
775.968,1.4917171354714238,3.931365270890827,24.796558571328767
778.5,1.4902773228799528,3.931461391813901,24.798768401660404
781.015,1.4924279932789941,3.9321014648665797,24.796581522348674
783.546,1.4900784467996482,3.9321610986626614,24.798741481145868
786.062,1.4893446127990841,3.9321392763015335,24.78370095076033
788.578,1.4903875361477303,3.9328175573600688,24.784452546214027
791.109,1.4914804763424119,3.9328616720978107,24.78679762273028
793.625,1.4912151329644316,3.933064935165993,24.791703120048066
796.156,1.492517906961854,3.9335115422177545,24.790122354832874
798.671,1.4946536896418998,3.9337026384646894,24.789296648817487
801.14,1.492919804275046,3.933914902898432,24.805626303111808
803.625,1.4922761608817947,3.9344623135102026,24.797570210583814
806.203,1.491658229167184,3.934234271030706,24.800299201941616
808.656,1.4910965926789705,3.934676046128604,24.797042949425837
811.14,1.4896282348531402,3.934933618266575,24.798548904233076
813.609,1.4916861840401325,3.935066105795609,24.791011925616214
816.093,1.4937131888906443,3.935001203610016,24.78949525008196
818.609,1.4888432266012814,3.935675972812624,24.790443711603373
821.14,1.4924533441144936,3.9358643598174385,24.79434113065178
823.656,1.4875256466552698,3.9360856605188994,24.785152544066598
826.187,1.4892955608990408,3.9361477953531714,24.790006595442673
828.703,1.4917386157027026,3.936415420845064,24.793042590649986
831.234,1.4914485008614051,3.936798330118844,24.776438124233216
833.75,1.4898078915425912,3.9367083405981056,24.78344810541007
836.265,1.4948574289490195,3.937271665280553,24.78705365658536
838.796,1.4911670135523947,3.93769560617317,24.79714613734904
841.312,1.4938490194617058,3.93765223403019,24.791869698872294
843.843,1.4946297596172289,3.9378685940728104,24.775342095823955
846.359,1.492310627968465,3.938091185515611,24.782454323423273
848.89,1.4916240368901887,3.938389537223952,24.7927332835635
851.406,1.493740088382621,3.9385367493008223,24.797803763210695
853.937,1.4877018439879106,3.93854710722697,24.794509849270092
856.453,1.4900911889797603,3.9390333701246094,24.78951135883629
858.968,1.4932418324168393,3.9389120295704676,24.794075274689728
861.5,1.4920676782292948,3.939417220608142,24.79618294940984
864.015,1.4930094004941443,3.939569587143617,24.78606710418658
866.546,1.4905092393242154,3.939752825068366,24.78793442795694
869.062,1.4898461846837232,3.9399473242920853,24.79075852026317
871.593,1.4919887367014706,3.9403249602968464,24.80110798279485
874.109,1.492130519090996,3.9405153946490894,24.803763685567787
876.578,1.4916366009115285,3.9408296213015155,24.79888547362034
879.046,1.4915669224787147,3.94083517842863,24.805912099822777
881.515,1.4926262732127347,3.941010954968419,24.811802917782153
883.984,1.4922010886896382,3.9412575321983647,24.813567079056092
886.453,1.488378268998291,3.941576864540515,24.811138953918114
888.984,1.4907754994532325,3.9417178213087074,24.81204995223581
891.5,1.4914070068102652,3.9419734602496996,24.81029963676861
894.015,1.4921558275710034,3.9420056894854607,24.807676787834716
896.546,1.494038268360295,3.942190246868856,24.813858644479424
899.062,1.4897569657551712,3.9427435960046746,24.816751757361903
901.578,1.4910709869312926,3.942663563200649,24.82477674727793
904.109,1.4953481876070875,3.943046716344973,24.82362770898574
906.625,1.4933426341094294,3.943069613458504,24.816765848711558
909.156,1.4913179823770366,3.9434614016429332,24.81006095156103
911.671,1.4921136471033296,3.943775187212368,24.820387196850298
914.187,1.4918782880711186,3.94362468595505,24.815086841409173
916.718,1.4930931614688503,3.9439899479974225,24.819919251118726
919.234,1.4927638130946168,3.9442349783170414,24.820083272029958
921.75,1.491169852497865,3.9442366454398194,24.830230490153912
924.281,1.4897636393487224,3.9443945150872235,24.82790996570079
926.796,1.4907835711118622,3.9447446532064023,24.830952385742314
929.328,1.4912636514437216,3.9449842449643717,24.826643810311293
931.843,1.4953368786417889,3.9452452785188643,24.83754712459437
934.375,1.4910743879213224,3.945216063280957,24.84784049757354
936.89,1.4916321453306625,3.9454741419526473,24.850366008552975
939.359,1.4892320862017627,3.94583915542785,24.85120997855347
941.828,1.4925304345012487,3.945599335722196,24.83916801061394
944.343,1.490401885008711,3.9463846782679637,24.842962403365163
946.796,1.4879525487275187,3.946317066922515,24.846828070218454
949.281,1.4896594969545145,3.9464981492549325,24.840179395582563
951.75,1.4907845710016345,3.946414722043557,24.845424689723288
954.218,1.490919785411706,3.9469437137109793,24.842768221606672
956.687,1.489264634270362,3.9472030854950115,24.841348532223574
959.218,1.4903787470669705,3.9475449579672177,24.831392096575925
961.734,1.490498760091504,3.947338883191972,24.83969211848054
964.265,1.4907374583170445,3.947710009514116,24.843965926872908
966.781,1.491395694829828,3.9477680942132434,24.850837214832364
969.296,1.4894744682827012,3.948312039987429,24.842288690188454
971.828,1.4881324249045065,3.9485232919355853,24.85275758852882
974.343,1.4906906344912554,3.9486997038765814,24.856474846662266
976.875,1.4911417147183126,3.9486187028011743,24.860768960314928
979.39,1.4891299268397462,3.9488961879158873,24.86770119217917
981.921,1.491747248108018,3.949114476496685,24.86546127061925
984.437,1.4941569121542402,3.9494712399890357,24.856623009470024
986.953,1.4903522127112665,3.949692333942332,24.841689337592758
989.484,1.4926093998081427,3.949811199083306,24.83606218009035
992.0,1.4908539944358044,3.950187685862742,24.833788108056122
994.531,1.4896866389073435,3.9501515862172085,24.849637767437173
997.046,1.4919605682187003,3.950525370843835,24.857493258016454
999.578,1.4889907044714998,3.950612793343158,24.860385665288216
1002.078,1.4916776414180946,3.950922632724289,24.870067763096593
1004.593,1.4914872136660564,3.950970272016313,24.858026100399393
1007.109,1.4912637845047836,3.9511958207421554,24.85204496626235
1009.64,1.4919793511000776,3.9514751284435365,24.854877810235095
1012.156,1.4882669984770787,3.9516050237562697,24.8686637624087
1014.687,1.4927908109197525,3.9521063306382778,24.880102246937017
1017.203,1.489456133651035,3.9522678194512264,24.88711695469528
1019.734,1.4914822278059545,3.952229608963473,24.894484071133917
1022.25,1.4909859228894025,3.952602644373389,24.90250278542398
1024.765,1.4921706582306271,3.9527306402818203,24.907848327102673
1027.296,1.4904984771905532,3.952653790919121,24.897864811190804
1029.812,1.4922751555369562,3.953031976445751,24.904519796991693
1032.343,1.490148943028518,3.953478227110629,24.90390568962937
1034.859,1.491900836881729,3.9534159704552305,24.902182896321428
1037.328,1.4918837424320557,3.9537019372212465,24.90261737490766
1039.796,1.4926621364815693,3.9540896844430566,24.90849723563806
1042.265,1.4931784251616578,3.954241035489725,24.907105910320823
1044.75,1.4899958742337496,3.953929786834803,24.918681147235784
1047.218,1.4913916003997143,3.9546353623036343,24.91268742339743
1049.734,1.4893703225315111,3.954474075718704,24.91203986282059
1052.265,1.4938000558992588,3.9549286810155087,24.90386521428659
1054.781,1.495647313799578,3.9554087832568112,24.910377472565152
1057.296,1.4950543783715684,3.955315026183596,24.910702150896526
1059.828,1.4892127424799668,3.9557357587506736,24.91767019412491
1062.343,1.4913019758361814,3.9558208420949126,24.924096375871464
1064.875,1.4872944370411592,3.9559161441933965,24.92291780945197
1067.39,1.4941035450727733,3.9562954193575672,24.933679780346015
1069.921,1.4932975075557497,3.9566128179570015,24.92979577184507
1072.437,1.4948466918619963,3.956583549302587,24.93218302657164
1074.953,1.4914887898611098,3.956811795410783,24.93068551658564
1077.484,1.4908697189485998,3.9570169925969574,24.929010433162063
1080.0,1.490315744537706,3.957421160331061,24.93483769671351
1082.531,1.4927952080201838,3.9572909465282335,24.93067345366529
1085.046,1.4924016748571647,3.9577297536857596,24.937559247308723
1087.562,1.4918913137585474,3.9577497705941993,24.934521843178484
1090.093,1.4929999313685294,3.958146594512901,24.930363536152303
1092.609,1.488366391184813,3.958092507445637,24.920085320985393
1095.14,1.4927547268421828,3.9584625601911405,24.919275404917563
1097.656,1.4905959721647182,3.9589132945929992,24.932749662657297
1100.125,1.489259005879733,3.9587633265728885,24.93601742858165
1102.593,1.4920066196566162,3.959171077309842,24.949372281172575
1105.062,1.489664677011437,3.9594237941109394,24.962182639261297
1107.546,1.4891976536396172,3.959165866592809,24.956228025030672
1110.015,1.490975940620949,3.9599273988042385,24.936058758247878
1112.531,1.4917738328162282,3.959975670103402,24.947481068963018
1115.062,1.4905618606365927,3.9601542766504907,24.950242528687117
1117.578,1.4917011319469842,3.9603079247722754,24.957588263335765
1120.046,1.4897979686518565,3.9604564853136193,24.96077343160263
1122.546,1.4894394166064895,3.9606100098105035,24.958439286749186
1125.046,1.4965625073270092,3.9609648717025494,24.96834892588958
1127.546,1.489527557104687,3.96126349590933,24.963679202058874
1130.062,1.488104235899651,3.9614079690238873,24.961783678288775
1132.609,1.4912396084202204,3.961611950762207,24.969965582650985
1135.14,1.4908723735603262,3.9618607310794784,24.98004685859341
1137.656,1.4910404614253296,3.961983362335352,24.99130259119204
1140.187,1.4908720067668355,3.9620867086171385,24.994442606462567
1142.703,1.493941824359925,3.962674902633979,24.99364014119376
1145.234,1.4933826550185603,3.9625998883299682,24.994864479387797
1147.75,1.49054096969768,3.9631196781743316,24.994181774189055
1150.281,1.4915324521082496,3.9632595018406964,24.989669457764883
1152.796,1.4912876948612424,3.963434530550519,24.988874876368943
1155.312,1.4891510340361298,3.963610590034144,24.990955761994247
1157.843,1.492478469918099,3.963769395798791,24.988898325339772
1160.375,1.4924244674723632,3.9639971385740056,24.993604164687714
1162.89,1.4914505439924086,3.964081286634079,25.002484576698873
1165.359,1.491076005198506,3.9642109258211726,24.99397978414015
1167.843,1.4887044864503773,3.9646711134553105,24.987816026637336
1170.296,1.4906328829064186,3.9649257417397883,24.98903377831525
1172.781,1.489108713554859,3.9651895055839343,25.002224757057082
1175.25,1.491833622686507,3.9655148334217594,25.015004093225453
1177.765,1.4934075151497694,3.9658451615058645,25.014629075708456
1180.296,1.4914128209555122,3.9657134728498513,25.01929251373612
1182.812,1.49086975546648,3.965971909316085,25.016603967921313
1185.343,1.492602226800943,3.966255749384688,25.021673974701663
1187.859,1.4919691724208106,3.9662945417712727,25.01945547355911
1190.375,1.4911308172761397,3.966661799591244,25.025498203558588
1192.906,1.489647124169935,3.966773410330568,25.025377960921883
1195.421,1.4930213337147045,3.9668256918436455,25.04126703898628
1197.953,1.4927806872634164,3.9671569738970223,25.049846791202842
1200.468,1.4888262522940752,3.9676015399617612,25.0484397463366
1203.0,1.4909066506787865,3.9677109275759483,25.042062066782314
1205.515,1.4912483367115141,3.9679844778569113,25.039557845621715
1208.031,1.4933185679762913,3.9683097969354986,25.038019476726536
1210.562,1.4913528075048752,3.9680832201564864,25.045921530088258
1213.078,1.491382158396914,3.968453862611566,25.05935305775858
1215.609,1.4908183278573708,3.968764905400233,25.063170141161976
1218.125,1.4913681596583999,3.968979365940668,25.073010018044936
1220.64,1.491430565919488,3.9692076195693367,25.06342248195714
1223.171,1.490201697652059,3.9695011512921967,25.070510668480797
1225.687,1.4904882990078923,3.96967742777903,25.07860392297056
1228.156,1.4919180581875808,3.969704322921643,25.087344899361835
1230.625,1.4905961353936135,3.970054597189256,25.083953036796277
1233.093,1.490181933894247,3.970406949760172,25.09284861343505
1235.578,1.4903472320046307,3.970520852942055,25.093720023571713
1238.046,1.4921084716854156,3.9708116405684533,25.101237709017187
1240.562,1.4934881181286628,3.9708826357852813,25.106424688266298
1243.093,1.4883086867869397,3.9710318191211447,25.11403181173622
1245.64,1.4893104324515578,3.971248748298581,25.116517250350473
1248.14,1.4909734948720177,3.971495378907903,25.117397343727653
1250.734,1.4942142122314224,3.971539868686367,25.114525164628866
1253.234,1.4924215124716036,3.972051297281494,25.08833671476754
1255.734,1.4891731447607512,3.9722296258150256,25.085265158998677
1258.203,1.4900122347337172,3.972538034723359,25.070256992186184
1260.734,1.4902685131494284,3.9727701715630035,25.087089705014
1263.25,1.490772961236283,3.9729451445169324,25.09962916366711
1265.781,1.4900296403932844,3.9728941185204,25.116552008385426
1268.296,1.4922429870463116,3.973143212911926,25.113810888704283
1270.828,1.4920831617548473,3.973452559860317,25.12105591598151
1273.343,1.4924945896172623,3.9736817596597294,25.115900192931733
1275.875,1.4934774730200764,3.9740881103838595,25.110494080768998
1278.39,1.4923757734987948,3.9742467075678,25.11363653349461
1280.906,1.4921737257106926,3.97444821550127,25.119983927331795
1283.437,1.4922236477810689,3.974594878964077,25.128277827443792
1285.953,1.490385597197642,3.974825769381796,25.11385006752662
1288.484,1.4910342011583906,3.9750288854977285,25.11247101467955
1291.0,1.4915690832144637,3.9752527141080933,25.123181477680223
1293.531,1.4904707465975653,3.9753906343240635,25.123625371818083
1296.046,1.4923464786241034,3.9756734642372127,25.129349936512398
1298.578,1.491923590367789,3.975749760732663,25.143159601020127
1301.093,1.490186802122515,3.976060074125807,25.14615494496944
1303.609,1.488039676643792,3.976293423037802,25.154549428435377
1306.14,1.493324777527042,3.976511718087491,25.164271275505353
1308.656,1.49332364020692,3.976615251037368,25.17320252662694
1311.187,1.4925426216060351,3.9766998581142468,25.17743710743413
1313.703,1.4914669642305116,3.977183830228153,25.18746279186845
1316.218,1.4928754705569107,3.9771195334876497,25.180743204984225
1318.781,1.4934065418966953,3.9773856646195846,25.18094155811116
1321.296,1.4888212054110785,3.9775799927983515,25.175536569989884
1323.812,1.4914386369391819,3.977679628138731,25.184364117980646
1326.343,1.4900913220686058,3.977827536263827,25.18597993880824
1328.859,1.4913855350618057,3.978152131881316,25.19267470676808
1331.39,1.4909771709025335,3.9785772549780813,25.188197353677047
1333.906,1.4927093935037825,3.978788770830248,25.19780176114451
1336.437,1.4913943613020664,3.9789850979597574,25.20227377859695
1338.953,1.490857920609088,3.979047234847779,25.202032683389685
1341.468,1.493588536564049,3.979340879044387,25.210580276199245
1344.0,1.4941006630185,3.979600784682029,25.21587385374473
1346.515,1.492650122298776,3.980004364718134,25.22547403984017
1349.046,1.4915481183739863,3.9799010554759513,25.22963956160793
1351.5,1.4910322902855349,3.980065964147234,25.234364440184827
1353.984,1.4917733494049548,3.98056445750079,25.241386177930988
1356.453,1.4917650501865751,3.9803658068314736,25.241591284129104
1358.921,1.4891415235120946,3.9808593267359784,25.244312660740004
1361.39,1.4925161919363206,3.9809301373010655,25.255103665615046
1363.875,1.4908353881841154,3.9812567774359255,25.25363974553224
1366.375,1.4935019140516663,3.981689662917883,25.25015711083048
1368.843,1.4929292948287294,3.981500464414249,25.255053308840047
1371.359,1.4919148296406926,3.9817760375554405,25.261061057701177
1373.89,1.4925722364380982,3.9819364233577015,25.261743112837802
1376.343,1.4889192245440974,3.9821480323754472,25.26584702744621
1378.859,1.4922036872309428,3.9824190863851148,25.270114660057583
1381.375,1.4905071120521451,3.9826879012415994,25.2705082086257
1383.906,1.4930366491172788,3.982936770690694,25.282251606667543
1386.421,1.4915854562132693,3.982732532825682,25.285021620656927
1388.953,1.491933272013286,3.983073779473583,25.276608995217494
1391.468,1.4906654135539241,3.9834773309484097,25.273318670898746
1394.0,1.4911706624836434,3.983349764262891,25.289613662418844
1396.515,1.4917380398566016,3.9838956695762797,25.295900360223538
1399.031,1.4927290381500884,3.9838359170245456,25.311128798959096
1401.562,1.4920078229703386,3.984080849111807,25.317587482612154
1404.078,1.4917120882049126,3.984339278607289,25.311586575776193
1406.609,1.4941555568378602,3.984659193726008,25.3076674965654
1409.125,1.4918738136095986,3.984896123200385,25.307749591279137
1411.656,1.49278806028242,3.9850129110522645,25.31092809324859
1414.109,1.4902657366273078,3.9852694166887077,25.31890239552632
1416.593,1.4913914387531606,3.985311910435351,25.322160810604235
1419.062,1.4911827641714066,3.9855981028818337,25.31802818846605
1421.531,1.4906021880391045,3.985920674356229,25.313793555441144
1424.015,1.4915977036330015,3.9860380862775875,25.321736273659106
1426.531,1.491064860801188,3.986124777518637,25.323695228149276
1429.062,1.4909804984345598,3.986415061237356,25.329792060277775
1431.578,1.4906132333278361,3.9866803531426727,25.33458861377783
1434.109,1.4902733521990161,3.9869509367896887,25.339955713043125
1436.625,1.4926191161976727,3.987265643667296,25.345488509189003
1439.14,1.4948798853681875,3.987020880053611,25.341765462975502
1441.671,1.4935104376519752,3.9871315166818087,25.337082953287723
1444.218,1.48833530596807,3.9876953052973803,25.34831761866481
1446.75,1.489212920539282,3.9880664855432197,25.34466551755635
1449.265,1.4927638851236444,3.987870195328333,25.355888815143775
1451.796,1.4910628037802642,3.9882012776216738,25.367042107889763
1454.312,1.4918332236947418,3.9885298186320624,25.345410666715843
1456.828,1.492758444308564,3.9884183614458917,25.344694461342364
1459.359,1.4929342000604502,3.9889884124621995,25.34637269361722
1461.875,1.49124051902813,3.988970326801985,25.370661273762693
1464.39,1.4927905813052682,3.989327096087756,25.368320780340834
1466.921,1.4963773659868218,3.9897684115752003,25.373551374213307
1469.437,1.4927450854237865,3.9893295682035053,25.375102538270124
1471.953,1.493210083577418,3.989789406915661,25.377102076192514
1474.484,1.4888973345167287,3.9899866073110535,25.380266846691566
1477.0,1.491184660004156,3.990242066082103,25.380784998874528
1479.531,1.4877085513884385,3.990533116521194,25.386499342961496
1482.046,1.488853234348994,3.9906411645596442,25.3908222037785
1484.578,1.4904946956857212,3.991255879009042,25.39602471386938
1487.093,1.493350407872291,3.9911468986357543,25.387785791477526
1489.609,1.492004213378332,3.9912679201373336,25.37803073206896
1492.14,1.490950582050033,3.9913880908196453,25.38508165155477
1494.656,1.4913889611102178,3.9918620782785204,25.380694726202613
1497.187,1.4883392403240878,3.9919425090942964,25.402301042709002
1499.703,1.4917094123372097,3.9920411548345602,25.40620940697355
1502.218,1.4914227229028258,3.992307880978698,25.417529793315417
1504.75,1.4886552724176425,3.9924215610143117,25.418678489644666
1507.218,1.4919384458325167,3.9927712833913582,25.428924258662143
1509.687,1.4889415812692266,3.992938678794899,25.43675762437515
1512.171,1.4907170926060889,3.9930867411984083,25.447880204461132
1514.64,1.4929896719846556,3.993149568428016,25.437829441426125
1517.125,1.4921328847301891,3.9931348642367035,25.4507716758522
1519.609,1.4905870406496142,3.993635484155688,25.4551984226376
1522.125,1.4927903952662624,3.993867790373543,25.465058314091472
1524.656,1.4918051971290054,3.994258836713628,25.467026802149096
1527.171,1.4908594650205889,3.9941128525529153,25.474666300948726
1529.703,1.4896535026546491,3.994503003365073,25.4861343967397
1532.218,1.4948554899669975,3.9944122496248005,25.481455208188926
1534.75,1.491115000176699,3.9949132837857504,25.482187427159523
1537.265,1.4930213217257615,3.9951526235255366,25.480393478462283
1539.781,1.4894770240064943,3.995475469028361,25.478285912110916
1542.312,1.4886787303831865,3.9955579520774647,25.483599540836885
1544.828,1.493419852633201,3.9956335945184325,25.49384678964519
1547.359,1.4912915690513562,3.9957906994740426,25.496115931083704
1549.875,1.4908877103036398,3.9958569191998636,25.49507005368153
1552.39,1.491673401633958,3.9962097698957457,25.501194646020114
1554.921,1.4913913723790908,3.9964607397171443,25.497816002454673
1557.437,1.4912374401703055,3.99654866723018,25.502267479742546
1559.968,1.4938527744737404,3.9969589265770846,25.499091012350075
1562.484,1.4931838664261894,3.9972930599897367,25.508351494036802
1565.015,1.4911951705210864,3.997224120722219,25.505628382975164
1567.531,1.4920859314586583,3.997779020914213,25.504600810886735
1570.062,1.4920792942072383,3.997665444840087,25.518743318384526
1572.578,1.4915928778023944,3.9979641147918317,25.513731227018695
1575.093,1.4900115230280149,3.998199521960125,25.519513669249186
1577.625,1.4914741513340664,3.9983801616760974,25.51364702543961
1580.14,1.4920076366035142,3.9984657199727516,25.517885416447715
1582.671,1.4929672458616872,3.9987760884976153,25.519304014203865
1585.218,1.4905319662776801,3.9990965010567194,25.528258807247074
1587.75,1.4936161783175481,3.9993776040530493,25.536707450396317
1590.265,1.4911997875661076,3.999342618791338,25.539349352812287
1592.796,1.492019431415479,3.999616192619028,25.53480311934949
1595.312,1.49124409916665,3.9995475167367625,25.51000648674275
1597.828,1.4909778641341422,3.9997771156031647,25.520685223826764
1600.359,1.4904054616672477,4.000345574335718,25.543933077068907
1602.875,1.4895017584425547,4.000129665974104,25.56517837100059
1605.406,1.4928955236571562,4.000548916112386,25.570779873370856
1607.921,1.4949268989798556,4.000863172988392,25.57505455568668
1610.453,1.49002958538681,4.001365967549302,25.582145766893266
1612.968,1.492936812766279,4.001215134447236,25.58489149672284
1615.5,1.4945780312803507,4.0014141116539115,25.571633248903424
1617.984,1.4895280532056898,4.001553667476481,25.577546154436053
1620.546,1.4918850136975985,4.001885435568354,25.573546115470343
1623.078,1.4921781174398316,4.001814355218416,25.57396195794715
1625.546,1.4867012416443974,4.002193634453642,25.58906436734335
1628.078,1.4905784145639638,4.002345051814941,25.604591426804337
1630.609,1.4922886958825972,4.002518232865684,25.605103625689882
1633.125,1.4912258664023545,4.003026743224101,25.601227701300523
1635.656,1.4929141937439905,4.00314414422388,25.603432464367046
1638.171,1.4924618315333884,4.003282700464976,25.607691259137088
1640.687,1.4901752239399702,4.003564434094676,25.620383864200363
1643.218,1.4925076909209214,4.003884009658181,25.62525143931492
1645.734,1.4957158070191596,4.00408132615117,25.61125787515918
1648.265,1.4915197708725256,4.004280861198542,25.620535174490737
1650.781,1.48949297088917,4.004389378381587,25.620980315356757
1653.312,1.4904312954471879,4.0046337996546395,25.612221254271827
1655.828,1.4906154312360278,4.004820851409124,25.61200739811814
1658.343,1.4935183751940577,4.005185310851076,25.598410565414298
1660.875,1.4914968567313212,4.0050495394090495,25.613387081759775
1663.39,1.4920289491268062,4.005252899070103,25.62095461939719
1665.921,1.4921919342591974,4.00568227196103,25.63716355676869
1668.437,1.4911431317847268,4.005886168976587,25.63255261403505
1670.968,1.4894033071571577,4.0060800583201015,25.635961761419637
1673.437,1.4928373843767881,4.006644836059782,25.64057361346342
1675.906,1.4918068051766142,4.006405748830886,25.634798580171
1678.406,1.495175546801368,4.006493883366208,25.642450018152523
1680.953,1.4924986431675002,4.006920083530575,25.667000195242334
1683.468,1.4935308030233152,4.007291783833159,25.673251190641032
1686.0,1.492441493456524,4.007327496642054,25.671200179845574
1688.468,1.4904966857122957,4.007705959124921,25.676284296393813
1690.937,1.491490459430474,4.00783178936855,25.68712692661356
1693.453,1.4906481871314947,4.007964431079831,25.694021817937173
1695.968,1.490220631945188,4.008180893167678,25.698751317526003
1698.5,1.4898428094896166,4.008339448195624,25.711876788431585
1701.015,1.4902115888885183,4.00876437435988,25.711950050297162
1703.546,1.4905257111759695,4.008914752289772,25.719279039218932
1706.062,1.4909734054457398,4.009130946658691,25.72120472818106
1708.578,1.4912996500741438,4.00928716349965,25.722314135710334
1711.109,1.4927852808417084,4.00975872871961,25.72236724541517
1713.625,1.4928569710799002,4.009903023857887,25.734559732952494
1716.156,1.4913714023039164,4.010124937988676,25.747974020556484
1718.671,1.4912088138829158,4.01006682640058,25.751993726973094
1721.203,1.490513548712017,4.010642762880625,25.753175861382978
1723.718,1.4903422371096566,4.010794890237529,25.755025297505473
1726.25,1.493163572225382,4.010976617650304,25.76857903016848
1728.765,1.490872633828675,4.011203426911952,25.765669500618515
1731.296,1.4897721202491625,4.011433638005092,25.77501478820049
1733.812,1.492305877763283,4.011794336463402,25.779966505569426
1736.328,1.4910225533256476,4.011949249810635,25.77174883821544
1738.859,1.4882331051742403,4.012175413173457,25.771596660117783
1741.375,1.4897336617281685,4.01234828215099,25.780382771438777
1743.906,1.4883147527717666,4.012315112981934,25.79348994315071
1746.421,1.490425465293876,4.012866848319928,25.800785494395722
1748.953,1.4896491143557349,4.013009188401899,25.785099449494627
1751.468,1.4933858943382075,4.013039639664704,25.7918053148797
1753.984,1.4920054642779836,4.01339287522468,25.784857948999193
1756.453,1.490192217602432,4.013507202557352,25.793371987516522
1758.937,1.4928332029404179,4.013919572393233,25.807479207827477
1761.406,1.4913150829945867,4.014000289717947,25.818878695587653
1763.875,1.4911121243956915,4.014344176275937,25.82303148910996
1766.343,1.493564499477375,4.014350001439289,25.82534935139048
1768.859,1.4903809616749062,4.014672610070284,25.825208990540773
1771.39,1.4938093468412923,4.015088443483886,25.820984285346636
1773.906,1.4895294709069804,4.015246308028379,25.829250329437286
1776.437,1.4921831169860864,4.01545412582688,25.845438458793357
1778.953,1.4918710216517275,4.015703603130379,25.84635836351475
1781.484,1.4897146005844368,4.015686525015922,25.85605109467606
1783.953,1.493603672818374,4.015974207377013,25.84768389560999
1786.5,1.490721870271409,4.016345775228887,25.84687385989594
1789.0,1.4907337208185116,4.016548248817679,25.8464035376493
1791.5,1.49580265453724,4.016785484508739,25.845357595802106
1794.062,1.4916052203273094,4.016843503452194,25.852855257764812
1796.578,1.4917531896827296,4.017388802800734,25.855737665341188
1799.109,1.4919833692186162,4.017255868018881,25.857813598430287
1801.625,1.4896815132356884,4.017635517041582,25.859604997418607
1804.156,1.4891792904160361,4.017834232974444,25.861680338082902
1806.671,1.4927714529072817,4.01821964539994,25.870668839826315
1809.203,1.4910135259985196,4.018633449300953,25.888294103190972
1811.718,1.4912325434030054,4.01835128804837,25.884120105997688
1814.25,1.490959153291081,4.018810799579236,25.88461757157263
1816.765,1.49273977979302,4.019029357331162,25.879616785072983
1819.281,1.4891094962952063,4.019247055147584,25.860241600397863
1821.812,1.4886105959403617,4.019250772170313,25.86205251989017
1824.328,1.4920157632731803,4.020006134613227,25.860765017374895
1826.859,1.4906929077821895,4.0201150531640275,25.863517749404174
1829.375,1.4912283033850424,4.0204236108918145,25.875315770783025
1831.906,1.4902136415125347,4.020660613222026,25.898510852596207
1834.421,1.4879454576157671,4.02070616626341,25.908069666942534
1836.953,1.4942121582334091,4.0211257167812695,25.925565266622453
1839.468,1.4911122522802358,4.021128625851123,25.94177909395325
1841.984,1.4925983717388052,4.021745558026199,25.946109874464778
1844.515,1.4905843349151673,4.021765119307649,25.959312691114402
1847.031,1.4916791464411148,4.022022931450528,25.970322340841093
1849.562,1.4934410959203637,4.022132509284613,25.966205626371803
1852.078,1.4918167709710812,4.022517259513484,25.976956269715192
1854.609,1.4915879098974842,4.022703892239314,25.984782756595386
1857.156,1.4928784626295089,4.0227855585605115,25.987625547293966
1859.687,1.4917930704157611,4.023325230976432,25.984287175104544
1862.203,1.49191305603536,4.02357794937133,25.99022175393028
1864.718,1.4908557610920796,4.0238325064673175,25.987671462247537
1867.25,1.4947914127424455,4.024107249880481,25.98313527275421
1869.765,1.4889807737599425,4.024075604541761,25.946278932539855
1872.296,1.4906426063732892,4.024398958854409,25.950490158763376
1874.812,1.4924645634485194,4.024704178261795,25.97056662410839
1877.343,1.4909619208448002,4.02498187040863,25.982091722439964
1879.859,1.490317459620696,4.025184477118277,25.997200339159335
1882.39,1.492684953079884,4.025488608191379,26.00431412352569
1884.906,1.4912322899238968,4.02584433149662,26.012695994294848
1887.421,1.4925544692888524,4.025847192743139,26.022176895072583
1889.89,1.4916774488457532,4.026274860958192,26.032856756341292
1892.359,1.4927030199806288,4.0264334294788515,26.027680404202616
1894.828,1.4919671826645322,4.026707524053114,26.01660460142223
1897.296,1.490302876861033,4.026882878926735,26.035571120416723
1899.765,1.4926034888274176,4.0272241434002645,26.047025718810332
1902.281,1.493108392544698,4.027426740115266,26.04614121919019
1904.812,1.492176603400412,4.027385093010862,26.039433471901212
1907.328,1.4921851401841435,4.027926377682656,26.043178861149
1909.859,1.492142162885989,4.028156866227005,26.050316940734117
1912.375,1.4914702255431866,4.028507102529258,26.050620399152624
1914.906,1.4916404470417328,4.028437427489293,26.045395773137116
1917.421,1.492643170044506,4.028898532995966,26.05131484757052
1919.937,1.4908071576343866,4.029345857221741,26.053212642651623
1922.468,1.4901599524903317,4.029584020549808,26.056162011801764
1924.984,1.4917317454057402,4.0295976175992925,26.06161820283542
1927.531,1.4902235173430438,4.029914608608803,26.07961107457876
1930.062,1.491447297180174,4.030515625670465,26.0892677696424
1932.578,1.4907943024855896,4.030503233309233,26.0924871923003
1935.109,1.4936392598111328,4.030720856146895,26.08119311307014
1937.625,1.4933852534139718,4.031026967506083,26.082062620980444
1940.156,1.4927421402867673,4.031110444630836,26.08682598502828
1942.671,1.4953090294170508,4.031299940440203,26.093743559218716
1945.187,1.4920046197924226,4.031887256591394,26.09897319458782
1947.718,1.48994623751734,4.031910753978468,26.10382697568097
1950.234,1.4934369380004828,4.032431503026457,26.10653769949092
1952.765,1.4911317649467113,4.032507120071407,26.1133601993264
1955.281,1.4934933327242599,4.032786712751597,26.118737897603364
1957.796,1.4933240980595741,4.033233225678797,26.131113856853776
1960.328,1.4935201606283537,4.033387446551935,26.1321489262404
1962.843,1.4909655307616863,4.033747479342056,26.143707628605323
1965.375,1.49141927118743,4.033683638560813,26.144942350430394
1967.89,1.4911662658744476,4.03371283294119,26.125342457984793
1970.406,1.4906654558147816,4.034446287594977,26.143524256844145
1972.937,1.4885299471940634,4.034801139467842,26.14730672777722
1975.453,1.4907806897779547,4.034879312901357,26.15427899772215
1977.984,1.4912224174776132,4.035341826900769,26.169852186470745
1980.5,1.4938474114332758,4.03549504269236,26.170414895563948
1983.031,1.4902777874380972,4.035690411734594,26.180301685367088
1985.515,1.4909922156140518,4.035972933236359,26.174126290700773
1988.046,1.4908858978878252,4.036399271907071,26.17881595812574
1990.546,1.4868520622042283,4.036416585460507,26.18085602865727
1993.015,1.4903161652758854,4.036870018838215,26.193659030695372
1995.484,1.4915037675632157,4.036838607791086,26.20448204330541
1998.0,1.4900706304235574,4.03725621935828,26.210205575491205
2000.531,1.4923934218612784,4.0375391845855555,26.184233745933444
2003.046,1.4904066657984716,4.037844574925978,26.169979793788546
2005.578,1.4945437381468425,4.037889070670761,26.190400599002267
2008.093,1.4928889811586996,4.038334601860773,26.198205756539252
2010.625,1.4916405148465217,4.03858355467207,26.199225884830863
2013.14,1.4901589675035336,4.038394345420388,26.197369968675545
2015.656,1.4931177062404477,4.039237144816034,26.205461091172854
2018.187,1.4934742257211442,4.039363341815181,26.211014525939902
2020.703,1.4910397565975417,4.039646299572979,26.218360789804464
2023.234,1.4910402386353199,4.040194444691983,26.220789029403946
2025.75,1.4912602071166483,4.040398821970399,26.230495512583122
2028.265,1.4927175295069748,4.040845266088663,26.23897462112199
2030.796,1.492521784828301,4.040672251048906,26.236302921603343
2033.312,1.4880749522243193,4.040805684932058,26.23660961729865
2035.843,1.489543854949505,4.0413832444919136,26.23726216043266
2038.359,1.4908105368942126,4.0415449847591915,26.209282161896738
2040.89,1.4932240792823468,4.041589787380861,26.218695962362425
2043.421,1.4894186599647994,4.042148832957221,26.235653419569875
2045.937,1.4912597696923726,4.042378726580348,26.249768597765943
2048.453,1.4917373569701915,4.042656170274404,26.267906964717678
2050.984,1.4929006534995979,4.042772164879792,26.269424592766857
2053.5,1.4934016164851867,4.04332667165308,26.276024940640877
2055.968,1.492790252237609,4.043550211320372,26.278540395816
2058.437,1.4896284250988203,4.0437307410236665,26.287301288094167
2060.906,1.4897269201719954,4.043990500462965,26.301558472693813
2063.39,1.4917809087134346,4.044513574192659,26.300247552849882
2065.859,1.4895830744232788,4.04478866065826,26.305801050660797
2068.375,1.4912594022078827,4.04513256632984,26.303205568069643
2070.906,1.4909656890200398,4.045232625424763,26.30619473903248
2073.421,1.4932570740344804,4.04558855046789,26.29968596192406
2075.937,1.4913579118978995,4.045802225560752,26.28618024266714
2078.421,1.4893521305289397,4.045800230252256,26.27339739403816
2080.89,1.493749482306226,4.0461521647957985,26.264883604040744
2083.359,1.4910011094945081,4.046739734298492,26.27095366613864
2085.875,1.490109575978562,4.046937365713485,26.28798250658555
2088.39,1.491501189044182,4.047154809154037,26.313438855680058
2090.921,1.4911687978044614,4.047379621504804,26.32792668275682
2093.437,1.4895363393101435,4.047765770404215,26.330844300996628
2095.968,1.4928026087901185,4.048172838937462,26.332373087994668
2098.484,1.4941266626500513,4.0482258850264765,26.34461093527372
2101.015,1.4909975652737422,4.048585421515448,26.348989868860578
2103.531,1.4930693336838397,4.049070893986412,26.352507361729167
2106.062,1.491650888647636,4.0490131175269495,26.362383676840288
2108.578,1.4938492131737275,4.049383703712112,26.359655375142296
2111.093,1.4937221616060334,4.0500118694532325,26.380586101501073
2113.625,1.492261050799213,4.049898670120215,26.38365344177543
2116.14,1.4921737424138724,4.050604737168564,26.37802728647326
2118.671,1.4937354163516776,4.050474448594202,26.37886019959344
2121.187,1.4907325483179696,4.051042924223992,26.38582910164269
2123.718,1.4938311281793322,4.051194524178883,26.3804410098945
2126.234,1.4913188807113518,4.051569959596647,26.39036741395797
2128.765,1.4908124926465525,4.0520672023852295,26.385056381325292
2131.281,1.492310813454884,4.052141887478602,26.385585343188474
2133.812,1.4911517303595598,4.0525854637356,26.39863325844397
2136.328,1.4916598784315378,4.052774024229998,26.40703868113743
2138.843,1.4931405245097527,4.052605637077376,26.421465102072453
2141.375,1.4913843362636012,4.053354752865256,26.417945629037124
2143.843,1.4922105098692433,4.053766157297544,26.42571160748814
2146.312,1.4892358060799409,4.053935463411236,26.42523965068585
2148.781,1.4925688759913878,4.054144088071777,26.433502552049365
2151.25,1.4893896929129826,4.054510627479726,26.443394080094375
2153.718,1.4961859862080373,4.054666524929906,26.450523281721722
2156.25,1.4908823419485877,4.0552667353303695,26.465863553056547
2158.718,1.4887275885836446,4.0553180834334235,26.466448831907304
2161.218,1.4893016403049666,4.055465536417535,26.45565946213721
2163.75,1.4929915429889762,4.056008407625138,26.438770279791235
2166.265,1.4914965100265871,4.056222769451567,26.435353698180556
2168.796,1.4911708113118007,4.05663989571871,26.446893309159652
2171.312,1.4932174017503452,4.05691594203782,26.470113039470966
2173.828,1.492983728473008,4.057116587206107,26.487079766032995
2176.359,1.4909466846855748,4.057330387564164,26.499731423095877
2178.89,1.4918666594581858,4.057917548166238,26.508667628032775
2181.406,1.4902068436193028,4.058107526849862,26.5148922745857
2183.921,1.4894191648242867,4.058540427665004,26.513799765830672
2186.453,1.493639453704394,4.058858851673495,26.511407081712342
2188.968,1.4937521549934332,4.0592730225263285,26.524051437148117
2191.531,1.489170128690709,4.059213856270411,26.509324041347305
2194.046,1.4895536404524858,4.059326045383056,26.508805681346487
2196.578,1.494325297548345,4.0600037096885435,26.51330837725874
2199.093,1.4920547910264406,4.0602129740724955,26.51125291899086
2201.625,1.4928060039839899,4.060430267163328,26.524985398574348
2204.14,1.4911532875934166,4.060662433593298,26.533556512159166
2206.656,1.492860084530706,4.0611742411692155,26.537625198818407
2209.187,1.491326197744936,4.061301323892359,26.535745729888532
2211.703,1.4899761166299224,4.061859392145315,26.54754044261609
2214.234,1.4929251327040889,4.062090714740266,26.55093170592119
2216.75,1.4916755335246359,4.062418689386981,26.546157049390455
2219.265,1.4905789354962258,4.062670476297197,26.545906069633283
2221.796,1.4927393684107986,4.063089828351511,26.559028865533683
2224.312,1.4908701405781732,4.063475494127372,26.55875081384451
2226.843,1.493301425284051,4.063853936238652,26.564473487162555
2229.359,1.4905697417872683,4.064127347945288,26.56724492687795
2231.875,1.48912235761584,4.064387281428951,26.569143677057895
2234.406,1.4913386885625426,4.06475635904751,26.5833934990899
2236.921,1.492192564808541,4.06486052249433,26.592236591886792
2239.453,1.4890050215298243,4.065545030975887,26.588595796697312
2241.921,1.4915501287082398,4.065742771089565,26.59047076094751
2244.453,1.4916197829640023,4.065915903417927,26.599756442968587
2246.921,1.49114926931924,4.066338497749566,26.602429334344723
2249.39,1.4933426708291122,4.066329162881005,26.612353837917702
2251.859,1.4948804955065569,4.0665609742799775,26.616123786134875
2254.328,1.4930093620583544,4.066902658693327,26.628126326338858
2256.796,1.4902250679167415,4.067351944068857,26.62682105674972
2259.328,1.4907491624348332,4.0679774328306575,26.606872219189
2261.843,1.4915158874597345,4.068339094279998,26.600179553904006
2264.375,1.4933670941815038,4.068332373482542,26.618848478932982
2266.89,1.49061846176762,4.0687112838171045,26.63197496372622
2269.421,1.4916516591968927,4.0688716664303355,26.63722731543296
2271.937,1.4933356095158892,4.069494845648419,26.643811942496
2274.453,1.4923650776962711,4.069701592342562,26.65645963942955
2277.015,1.4913531536948708,4.0702609852528955,26.665935133386657
2279.468,1.4932163686344329,4.070194786101506,26.667938060455707
2281.937,1.4927680760031203,4.070822064281313,26.670434683764494
2284.468,1.4931467568503367,4.071099109174876,26.67795282656146
2287.046,1.4902924291091695,4.071356362029977,26.690511082086562
2289.562,1.4918205812457004,4.0716669723314505,26.67964242788563
2292.093,1.4918264336187714,4.072024334693462,26.680558715791086
2294.609,1.491433725994262,4.0723843787747285,26.67966736108896
2297.14,1.4902714517231186,4.07268251759527,26.69328680872815
2299.656,1.4883997614136661,4.07287022787413,26.707631776221795
2302.187,1.4944898256921164,4.073648540400907,26.707872702009468
2304.703,1.4934917194988415,4.073792315039576,26.717052840925813
2307.234,1.4912614960229338,4.074315152345837,26.708626400159975
2309.75,1.4921593124389203,4.074296136840048,26.711686761521985
2312.265,1.4907253620306897,4.074575027440459,26.719187725111258
2314.796,1.4888872133196238,4.075022560627874,26.72120983869925
2317.312,1.4928539632938764,4.075377031053676,26.728244570977278
2319.843,1.4911607893308336,4.0757221027950905,26.727310116052355
2322.359,1.491345780709349,4.075515299973309,26.726976761296715
2324.89,1.4870455138439855,4.076252753430045,26.728939293742666
2327.406,1.4923137175845487,4.076779972745255,26.743000051669597
2329.937,1.4894796464508728,4.0769116769481,26.747459588600492
2332.453,1.4917145145462058,4.077344841800595,26.758587755606644
2334.984,1.4941641287967449,4.077595691135194,26.769315568434017
2337.5,1.4894732573502498,4.077983152147515,26.77267169085901
2340.015,1.4927286610685553,4.0784061954373705,26.77360104388766
2342.546,1.489677500558843,4.078722617751676,26.78382310048341
2345.062,1.490882325430992,4.079177888136709,26.776083773633317
2347.593,1.4926670109253937,4.079247116130005,26.792964721159358
2350.062,1.491197204185555,4.0796068164698065,26.789327154395732
2352.546,1.4943022233397962,4.079946951034567,26.79637291562241
2355.015,1.4910313518726663,4.080405110976652,26.803778083884744
2357.546,1.492504244882238,4.081000167977789,26.795559109187355
2360.062,1.4906538315777065,4.081232859736262,26.80850058344914
2362.593,1.4926940668265978,4.081306748628712,26.811541835050257
2365.109,1.4894433964175824,4.082019807392654,26.81743347957085
2367.64,1.4915744343051829,4.081947494705375,26.815795110470027
2370.156,1.4947095291490338,4.082521701407131,26.813617802008835
2372.687,1.4930527816487735,4.082720412158858,26.812890925287412
2375.203,1.4918492556594554,4.083102398859293,26.813684730474534
2377.718,1.492436208556815,4.083323235122993,26.822697065031495
2380.25,1.489638564361776,4.083946658450696,26.82547249545902
2382.765,1.488326525719362,4.084092464860296,26.84875049787186
2385.296,1.4888403840924698,4.084676879169474,26.851303930791374
2387.812,1.4898808692226384,4.085146679738648,26.861946258690327
2390.343,1.4922430824142734,4.085182770799035,26.879560619770963
2392.859,1.493599656396352,4.085437082377692,26.869798484753986
2395.39,1.4926245365012185,4.085929910943219,26.87192415432325
2397.906,1.4933718878293372,4.08594256788222,26.86984201762458
2400.437,1.4927340573963697,4.086807671856957,26.875422913507087
2402.953,1.4893555640854486,4.086702295498737,26.872225282879384
2405.484,1.4934095082847365,4.087339549231559,26.844515457029164
2408.0,1.4928008588691948,4.087819090227697,26.82556627161976
2410.515,1.4904438134268605,4.088019145850597,26.817354230908293
2413.046,1.4933885954840582,4.088400577929391,26.84809072465478
2415.609,1.4920474044771355,4.088840382342816,26.873573489176923
2418.125,1.4944053944166182,4.088823875037946,26.88933396163296
2420.64,1.4912336787459108,4.089444890943133,26.90894262798455
2423.171,1.4917048655685716,4.089872633024604,26.922518618641075
2425.718,1.4924287919859025,4.0904577191711,26.92904011497813
2428.203,1.4922069667659474,4.090499951826475,26.930747652079575
2430.703,1.4899998773334449,4.090837652476787,26.917727919284594
2433.187,1.4944075447782428,4.09121699653859,26.92344020428743
2435.703,1.4905766560569242,4.0916388853180825,26.929926573441747
2438.234,1.4938203922375126,4.091968791691804,26.93520289466557
2440.75,1.489409106302501,4.092608705570607,26.92317157570632
2443.265,1.4912294017364667,4.092871092764229,26.936179528328015
2445.796,1.4897053972482692,4.093127342176227,26.940212153081486
2448.312,1.493937410444509,4.093457763521322,26.95387664526552
2450.843,1.492658224730333,4.093814642356856,26.958378616614464
2453.359,1.4927104159594542,4.094112926860582,26.961607643515016
2455.89,1.4909611534714478,4.094709566446936,26.960891062690393
2458.406,1.4903252029242955,4.094735897035501,26.960745151833166
2460.921,1.4923109790651854,4.0951290988980515,26.949950832331474
2463.453,1.4962445491193999,4.0955433121108715,26.970322172219092
2465.968,1.4895310121030276,4.095958087043598,26.98202837912587
2468.5,1.4894243540255923,4.09666084354146,26.985256761542093
2471.015,1.4905963875163437,4.097071202919833,26.998724747299548
2473.546,1.495998565866716,4.096864910040004,26.998234253843524
2476.062,1.4899231175013408,4.097283735331153,27.000303820311895
2478.578,1.4917829610858993,4.0978081825400166,27.017078123586945
2481.109,1.4905155059714865,4.098021566387673,27.017172819339084
2483.625,1.49700155864397,4.097811782626754,27.0256859872474
2486.156,1.4904900634896945,4.098873886841754,27.02495340519085
2488.703,1.4946123053212796,4.099234286296158,27.008771928414117
2491.171,1.486857473934945,4.100013522483756,27.013612233502315
2493.64,1.4915138373516963,4.100128082071533,27.02564058356085
2496.14,1.491091526515345,4.100424347014904,27.029449912988053
2498.64,1.4906659514101843,4.100921281256102,27.02946679038074
2501.109,1.4912871009118343,4.101279281037139,27.033152737577495
2503.578,1.4901758370650067,4.101425428685728,27.045853531733016
2506.046,1.48944049913452,4.101787237472393,27.05717505189648
2508.531,1.4913879962467174,4.1021726308277655,27.075778174193452
2511.0,1.4910027132632304,4.102767951092858,27.083781691962873
2513.515,1.49145097743026,4.1031643147113295,27.08435739973555
2516.046,1.4932773495818539,4.1033344359207655,27.083585441524015
2518.562,1.491366663563943,4.1037242025283565,27.08900691608939
2521.093,1.497000832632414,4.103841368868211,27.08857856884201
2523.609,1.4900137517373602,4.104556710196834,27.094268669022483
2526.125,1.4938259582404891,4.104763893081046,27.101663612261856
2528.656,1.4915434716522638,4.105342825792382,27.104907835414647
2531.203,1.4897211440663225,4.105724955836896,27.107550455846845
2533.718,1.492463172213616,4.105999234840617,27.110719188232746
2536.25,1.4911726401815188,4.106521665558529,27.115870369731855
2538.765,1.4898780645064678,4.106981796351829,27.122904320057597
2541.296,1.4919434924707098,4.107334642256072,27.12319759107026
2543.812,1.4930196598150836,4.107537544752084,27.129470081196835
2546.328,1.4927506879645511,4.107841950911095,27.137298120409334
2548.859,1.4901448326246398,4.108142862638175,27.142044525855876
2551.375,1.4892261127347017,4.10858122811319,27.144365972099298
2553.89,1.4927870514475157,4.109169678942264,27.141425661751292
2556.421,1.492568954218506,4.109494408729396,27.118796972082635
2558.937,1.4909431158989905,4.109864962736018,27.12576158197287
2561.468,1.4905161491904861,4.110087658523788,27.127623237613264
2563.937,1.491416090513201,4.110776204572837,27.1287619424766
2566.406,1.4900664040150042,4.111142750183045,27.141171406038456
2568.921,1.4925342980404648,4.111573686402036,27.161509072186757
2571.437,1.490704931190725,4.11173047741793,27.168047121259644
2573.968,1.4905221152687744,4.112070082680703,27.17789611001356
2576.484,1.4934717572348035,4.112486549285589,27.188781130174842
2579.015,1.4922013519709616,4.11292094966706,27.19101720044343
2581.531,1.4931212314812785,4.113278463538748,27.193415503500763
2584.062,1.4929414458334787,4.113651145902677,27.198952953492284
2586.578,1.4914761311287554,4.113987067812271,27.198169166007155
2589.093,1.490632425123734,4.1144588093206815,27.19330585988868
2591.625,1.4931908962309821,4.114741277282257,27.195932497876143
2594.14,1.4920767598630709,4.114980442270307,27.209174160676234
2596.671,1.4942401045146654,4.115520575640052,27.210902133508565
2599.187,1.491259387222318,4.115886308927254,27.20096686988308
2601.718,1.489391139554308,4.1162036762507626,27.213130182024482
2604.234,1.4909046522377416,4.1165934557699915,27.200194199438247
2606.75,1.490037888410049,4.116968606075022,27.218046426609696
2609.281,1.4922041545678917,4.117596128049475,27.231110084191865
2611.796,1.4918678675331714,4.117816206561709,27.241520199756554
2614.328,1.4929979579894443,4.118216690125005,27.244035751514865
2616.843,1.4913788743807945,4.118860673822193,27.243161689202076
2619.375,1.4925661043057579,4.119203182355211,27.24874363355238
2621.89,1.4932542832750648,4.119243680617887,27.246324351509834
2624.421,1.4913978923829194,4.119726433094929,27.262549667640144
2626.937,1.491881060699129,4.120250710453711,27.25548111505536
2629.406,1.4914282097706375,4.120782938046614,27.25293156937913
2631.937,1.492177793135326,4.120980915353755,27.26043497451336
2634.453,1.4914891489784006,4.121335933139362,27.261119171530115
2636.984,1.4914368791538901,4.121848199817509,27.268976552353912
2639.453,1.493723715201486,4.121999932444959,27.25537451530605
2641.921,1.4928421566681878,4.12271516289333,27.24686499823789
2644.39,1.4926982221797354,4.123274035335897,27.264448718656
2646.859,1.4917484418519733,4.123297816782887,27.277727453672977
2649.343,1.4914195643831754,4.1238123600807395,27.297872979219274
2651.875,1.494112496026254,4.124248553686537,27.315435216109037
2654.39,1.489691811913197,4.12422948011183,27.324406384005083
2656.921,1.492289378874068,4.125157032321166,27.32426439226153
2659.437,1.4913797075052946,4.125315162860693,27.32984692545741
2661.968,1.4927017985773625,4.125808853337834,27.32264526989965
2664.484,1.4898695456233733,4.126198066465616,27.325130030570993
2667.0,1.4884410046057766,4.126693162075884,27.319270807450774
2669.562,1.493788054190089,4.1270358850301,27.29651787574255
2672.078,1.4895040252379068,4.1273714322518,27.301869051559716
2674.609,1.4918559702810366,4.12762172551674,27.286651821345558
2677.125,1.4909632381903013,4.127924118558068,27.313051011199196
2679.656,1.4900959206682585,4.128728800333619,27.332201065279296
2682.171,1.4909915893271102,4.129097978371131,27.330562854611237
2684.687,1.4894499253073479,4.129380039396135,27.351048698574832
2687.218,1.4933470105579998,4.129713434090791,27.35025116656121
2689.734,1.4892796014253842,4.129950889110845,27.351892589303695
2692.265,1.493437244538097,4.1304580522093275,27.3679622353991
2694.781,1.4915012706323658,4.130826896635823,27.369619364650376
2697.312,1.490556338447268,4.131223183138682,27.382205243692024
2699.828,1.4895078606177437,4.1316478843787525,27.38514340831135
2702.328,1.4905920651237377,4.132053487123784,27.390745923658297
2704.812,1.4926264288958646,4.132484438965815,27.395490251527264
2707.296,1.4912052278298509,4.132895112084027,27.402248820144106
2709.796,1.4915471424028885,4.13303345290029,27.414780897999382
2712.312,1.4929296975266495,4.133610884458568,27.429493409577347
2714.843,1.4929248501182704,4.133799389221902,27.438001792671802
2717.359,1.4912437696580303,4.134348443329466,27.438669327044494
2719.89,1.4921186060629053,4.134767024739336,27.44412239342795
2722.406,1.4924938460160633,4.1354541835201735,27.444897393277184
2724.937,1.491552857079936,4.135472766680325,27.437112469848504
2727.453,1.4950590067454796,4.136000683451049,27.443068634898044
2729.968,1.4906126868844736,4.1361236293649535,27.4569356265976
2732.5,1.4911019243047905,4.136714033876863,27.4504486582257
2734.968,1.4910588723527562,4.137131328185379,27.459270197752407
2737.437,1.4925184187369331,4.137368408842712,27.460523510406066
2740.0,1.4909952973351217,4.137816280225574,27.46764581727389
2742.468,1.4907895855155888,4.138354235222749,27.478205100995943
2744.968,1.4923687895759368,4.138643195089222,27.491677474947068
2747.437,1.4899876255230726,4.139125344214431,27.49306826308768
2749.906,1.4913891065005531,4.139344631281136,27.496102451819095
2752.437,1.4929442430093438,4.139926076346629,27.50187548378855
2754.953,1.491530203247952,4.140404504016697,27.507751816761235
2757.484,1.4936987101939965,4.140502172764335,27.528628554996796
2760.0,1.4925070205862507,4.141012770283957,27.52680225935068
2762.531,1.493377157886007,4.141400030216828,27.517486977456024
2765.046,1.4906152077321517,4.141917882626388,27.5219097425196
2767.562,1.494502974546156,4.142078804100517,27.5450280924654
2770.093,1.4914529751932077,4.142548415400515,27.544657387398498
2772.609,1.489962950778387,4.142888808894658,27.52948259153703
2775.14,1.4923438201231563,4.1433519313550615,27.505643785881663
2778.015,1.4904075143507474,4.14390316836294,27.519207307465997
2780.625,1.4901849058489922,4.144161427705675,27.541266636268876
2783.203,1.493015052923177,4.144187212546229,27.54887884328134
2785.796,1.4921613478718425,4.145000865376493,27.56940963611422
2788.359,1.4917774162347173,4.145402101442722,27.58119200251487
2790.921,1.4901692909298245,4.145646606400369,27.593090060404375
2793.484,1.4896281185908593,4.146074987944648,27.59383796224885
2796.046,1.4906994324876364,4.1466483895118165,27.601526081593363
2798.609,1.489949363282985,4.1469176795047344,27.617282045788265
2801.187,1.4885584979097992,4.147225577732286,27.624315664240438
2803.75,1.489884800936222,4.147748150196707,27.62329164788149
2806.39,1.4914860761903737,4.148270901892702,27.631488156479076
2808.984,1.4916032049626062,4.148609555976622,27.63894037746105
2811.578,1.4915559896285895,4.1490800090923825,27.649270489398937
2814.14,1.4916507635636427,4.149262131874728,27.6458273451323
2816.687,1.4939657821645183,4.14988539757867,27.62363878769074
2819.25,1.4913848144855166,4.150176145329572,27.638958410603344
2821.812,1.493586136949114,4.150640800310055,27.646511927254455
2824.375,1.4941006317618275,4.150657290923312,27.66111283345173
2826.937,1.492411815974569,4.151052953355384,27.67564245205806
2829.515,1.4903586186436641,4.151688838974944,27.673811447569786
2832.078,1.49162459901258,4.15200224768243,27.69714412555082
2834.64,1.4905321536572116,4.152331668482493,27.69665691474139
2837.187,1.4905246704943498,4.152931745785778,27.70618528336257
2839.765,1.4904535672287922,4.153115332814691,27.718795483549467
2842.328,1.4931136444170794,4.1535062829494445,27.718341712010808
2844.89,1.4911422771419758,4.1540212473088385,27.72198625601964
2847.453,1.4929412803894428,4.154611924556553,27.72629963972817
2850.015,1.4921018840470666,4.154835754501386,27.74103314271085
2852.578,1.4939410654699572,4.155384460355719,27.750481494331712
2855.14,1.49222099985392,4.155531580938606,27.76248411608224
2857.718,1.4921950988591586,4.155756732608408,27.76880135188713
2860.281,1.4892963452905723,4.156304229205067,27.77747277814783
2862.843,1.49239215412384,4.156734020828336,27.753030859630922
2865.406,1.4901328115070662,4.157170778981449,27.744277071543053
2867.968,1.49331711576709,4.157584904496621,27.759951328055266
2870.546,1.490564681555855,4.157805955541153,27.778754672378316
2873.109,1.4913168957623713,4.158201701943028,27.799008655841625
2875.703,1.493068967913044,4.15868877974227,27.797585995413648
2878.265,1.4905925864220884,4.159098591461603,27.81391019496648
2880.828,1.4918690286380407,4.159417950649063,27.822525776308044
2883.406,1.4914700899836053,4.1598183167842775,27.842073933601444
2885.953,1.4926520622564503,4.1602865847642,27.845793135587325
2888.531,1.4913248640231909,4.160602013458066,27.851358036428767
2891.093,1.4925029659057012,4.160968362734565,27.8633399791661
2893.64,1.4902183336335508,4.161387473053136,27.865449279389235
2896.203,1.4909632544011595,4.161685029386718,27.875785436215384
2898.765,1.4902763165283823,4.161964698925382,27.886511412891437
2901.343,1.4923672877031977,4.162521253206055,27.90065947072156
2903.906,1.4919538076915582,4.1629318157066475,27.92469977144381
2906.468,1.4920457781196457,4.163396159029188,27.912341295191982
2909.046,1.4906607784894295,4.1636963408264975,27.903011675932333
2911.609,1.494263086986508,4.164289090815129,27.916007085649827
2914.171,1.4907482672809653,4.164490107845134,27.922723883150354
2916.734,1.4900249821513079,4.164730495237701,27.946397798236745
2919.296,1.4911009025640998,4.165400932433564,27.953063650603372
2921.875,1.4928447091733346,4.165683672756643,27.965235952142596
2924.437,1.4917192701869308,4.165878206578694,27.97692849088721
2927.0,1.4923529863865028,4.166444828886792,27.97825861447826
2929.562,1.4934031027045913,4.166825941489293,27.985120150450758
2932.14,1.4906621486721385,4.167088251292074,27.989255547170725
2934.703,1.4907542288761888,4.167827627375202,28.00596257066475
2937.265,1.4880677236476312,4.168017315864256,28.013900742194554
2939.859,1.4891834950149947,4.16866250518884,28.023683801656848
2942.468,1.49082084177849,4.168833940420696,28.026924732132166
2945.031,1.492330731697833,4.169343468645344,28.038599046693612
2947.609,1.4916081906056828,4.1696434641436335,28.03157568709843
2950.171,1.4909855418437001,4.170006338130934,28.039368773261902
2952.734,1.4917449910988858,4.170374595330063,28.052759108709264
2955.296,1.4907257633695876,4.171026399863331,28.046640899729585
2957.859,1.4933916012579393,4.171130517780641,28.05519775601259
2960.421,1.4890534403327893,4.1721705752648885,28.068102708752022
2963.0,1.489905470191667,4.171825790687555,28.07985864181262
2965.562,1.4880122404236438,4.172645327739386,28.099497003566608
2968.125,1.491928726801791,4.172869040493504,28.093669696415695
2970.703,1.496366659448857,4.173343492458212,28.100114956015595
2973.265,1.4906560188002833,4.1735198935548565,28.117111057049772
2975.828,1.4916756121939057,4.173924661017456,28.12934892972894
2978.39,1.4917378746225145,4.173969348108519,28.141106481406748
2980.953,1.4924709086599697,4.174616041725401,28.1485467580222
2983.89,1.4855718377089413,4.17524946680868,28.166157644722134
2986.625,1.4937490318600133,4.175249122317936,28.177302685411693
2989.281,1.4911194757965456,4.176144958490648,28.19845416730999
2992.015,1.4887622427599192,4.176461019794577,28.192326794784332
2994.687,1.4892600429052993,4.1770207672889015,28.22595857803271
2997.421,1.4914751425131632,4.1772022023189015,28.232202875417425
3000.14,1.4923659755950973,4.17790181353467,28.221745498683006
3002.875,1.4906945411639148,4.1779337165488535,28.226818841954668
3005.531,1.4899113074165533,4.178535073604932,28.25678547222172
3008.265,1.4921256875844586,4.179602204913985,28.266690218207497
3011.0,1.4923103876642465,4.179617712189891,28.26591481130087
3013.718,1.4899932815896106,4.179992303864278,28.27060347617499
3016.453,1.4914371485611493,4.180540096052133,28.288624039777254
3019.218,1.4903561851743337,4.180825660719463,28.290538256125362
3021.89,1.489901116615955,4.181285686409797,28.282989176854688
3024.625,1.4883227877175618,4.181612853154817,28.29819057015632
3027.296,1.4924857161353107,4.182163975111156,28.30851030189243
3030.046,1.4926056049771568,4.1827111616742245,28.325068961410278
3032.75,1.4908979689340887,4.183115848812104,28.34249503835813
3035.468,1.4917745752449911,4.183473640543993,28.35530333336766
3038.171,1.4927285014340927,4.184031223029317,28.37166900764697
3040.89,1.4918717152328573,4.184473621274664,28.385483806502794
3043.578,1.4922791801073967,4.184899905940931,28.378123752542916
3046.343,1.4921758357679877,4.185165386768735,28.402424330163555
3049.015,1.4902830563219276,4.185541753186824,28.41487383550866
3051.734,1.4922199181581015,4.185905969446306,28.433921352928675
3054.406,1.4917811282362292,4.186679695304814,28.441731231249772
3057.14,1.4904804109125425,4.187190750007519,28.449624019760655
3059.812,1.4900682429550398,4.187520499669739,28.46234457422221
3062.578,1.4895370797529441,4.1878747194291,28.460521482751854
3065.328,1.4929603031192193,4.188484660581048,28.477025705208018
3068.093,1.4927851031828556,4.188957599222663,28.47578197157876
3070.812,1.489260755954558,4.189481055337463,28.490640413265304
3073.546,1.4918158340948369,4.189836435041204,28.51222621826462
3076.218,1.4900994135223875,4.190295469940701,28.522285547256306
3078.984,1.4905883663566866,4.190914285705806,28.538031492637735
3081.671,1.492531994364712,4.191244053219197,28.53736098828081
3084.406,1.494678366518915,4.191736706906465,28.554473044062846
3087.078,1.4930003335577378,4.191996110792107,28.566859257158878
3089.812,1.4900480454264313,4.192668666312819,28.575671378448117
3092.5,1.4938021751257082,4.1932441850836994,28.600560124755496
3095.265,1.4928136378616073,4.19342707001854,28.603639539997793
3097.937,1.492017360601113,4.193860568527207,28.612910580252564
3100.671,1.49255410237456,4.194270120066135,28.605935470311337
3103.328,1.493304037040622,4.195070049094413,28.610546048512273
3106.062,1.4926382015232733,4.195529476261991,28.62364323881265
3108.765,1.4915223526961272,4.196011381575194,28.627069027793475
3111.484,1.4923600253494687,4.196310239851235,28.63391520451492
3114.156,1.4916656414014253,4.196649752984823,28.652885897269382
3116.921,1.4891467634394262,4.197213305088349,28.672777665969132
3119.625,1.4908338352125579,4.197797680037455,28.684035674999077
3122.343,1.4898214301278132,4.198357779408833,28.70961338844736
3125.015,1.4894285392433797,4.198981600526295,28.707544326948735
3127.734,1.4885011583844847,4.199077115934438,28.71415359827222
3130.437,1.4910955691764258,4.199463858943043,28.70317889168457
3133.203,1.4917193326260034,4.200160985815586,28.725961244929447
3136.234,1.491729405627734,4.200778131546465,28.744266558534633
3139.109,1.4907569761588313,4.201255605162603,28.749040842241715
3142.0,1.4926835965356018,4.201794069412168,28.76361861214643
3144.843,1.49019428446847,4.2023680535757135,28.789153930004336
3147.718,1.492154925570821,4.202794847660837,28.78602998198273
3150.546,1.4914752130726823,4.203310962975679,28.809778328879787
3153.39,1.4929511578835004,4.203795797641229,28.816425921569582
3156.265,1.4896173962269228,4.204395669741588,28.8215947553609
3159.125,1.489795763001052,4.205025159331807,28.821903895002013
3161.953,1.4914198972030694,4.205410296656254,28.84676321727608
3164.812,1.4926004295108102,4.205900567612752,28.85849809532978
3167.656,1.4933914646897368,4.206549108368785,28.862505382435213
3170.531,1.4918147644122328,4.207286470236795,28.88559489331434
3173.375,1.4891126828858006,4.207665964697455,28.891423929519533
3176.218,1.4685892285541557,4.20678415123706,28.905828747044996
3179.093,1.467849838869807,4.20668863907584,28.924343299514664
3181.937,1.4698383833892206,4.2073490844964505,28.93767487023375
3184.812,1.467374462539657,4.2074832086069,28.94712976395368
3187.671,1.4657855215035036,4.208142062422707,28.937030941924263
3190.515,1.4432692408320829,4.206816429902661,28.953723047170254
3193.359,1.4224227307924786,4.205336965837866,28.96981252778046
3196.203,1.4212792310764135,4.2055386515095785,28.976863559005803
3199.062,1.419692263241926,4.205666395482808,28.980612001087856
3202.031,1.4190197782521823,4.205797191312869,28.977490123479797
3204.906,1.4174144728406697,4.206049526407695,28.98926965355111
3207.781,1.4188964124820118,4.206828557391719,28.988161601931743
3210.718,1.4171171339296846,4.2068714215690495,28.982595973449122
3213.578,1.419202737570723,4.207512374498879,28.994553641656978
3216.437,1.415208654681027,4.207566516006402,29.00195444361251
3219.281,1.3924170694695321,4.206166557200879,29.025810458293535
3222.14,1.393618788997988,4.206400668891386,29.042947583881105
3225.0,1.3933626248945905,4.2067889422245495,29.05224819073622
3227.859,1.3953035595904857,4.207127862873491,29.059325198601375
3230.703,1.3900409068875657,4.207648724878098,29.07473673849724
3233.546,1.3651401287611213,4.20595396537191,29.074255612723277
3236.39,1.3673730508121709,4.205904936209482,29.071124782419044
3239.265,1.3667030548832293,4.2063861984002235,29.06483936782074
3242.14,1.3633338628571467,4.206619186967252,29.08565123288456
3244.984,1.366748868607928,4.207063352021895,29.072433778627385
3247.828,1.3647388263071674,4.207248756010998,29.064210700467072
3250.671,1.36477168087222,4.207697884057666,29.063540672532163
3253.531,1.3387981929735662,4.206111079534599,29.078287219777735
3256.375,1.3391485548182582,4.206454351516454,29.082733908887658
3259.25,1.3399528300735732,4.206444725089245,29.097416911436746
3262.125,1.338325674993713,4.207105356582516,29.118698661662112
3264.968,1.3360762784735623,4.2070271494716875,29.131537933821466
3267.875,1.339362379095808,4.20722689078702,29.132255529786423
3270.687,1.3378162448661373,4.20800722051028,29.12907487895704
3273.515,1.33389911560978,4.207986635955706,29.11775906364853
3276.359,1.3358281665450935,4.20826119478156,29.13013816290497
3279.546,1.3362700688882607,4.208910114350052,29.12907359120622
3282.562,1.314425052433142,4.207527503810528,29.11370752817805
3285.562,1.309451226293429,4.207567269291951,29.13809159221418
3288.562,1.287821584732543,4.206156651942538,29.14732376458891
3291.484,1.29115321028706,4.206350954062288,29.15609530188425
3294.484,1.288730796408755,4.206665548162154,29.164333077492238
3297.468,1.2877520635407878,4.206720048942231,29.1698098869355
3300.406,1.2903399565055433,4.207324959185913,29.16961992956864
3303.437,1.2856326980001527,4.207464216796053,29.178081379277984
3306.406,1.2862857643249972,4.20789751360196,29.178495525650277
3309.328,1.2593222645628936,4.206436609903545,29.161212590049647
3312.328,1.2605635439721476,4.2063779459568345,29.154162630245732
3315.312,1.2605670158849451,4.206912925373768,29.15725315090465
3318.265,1.2628451224289274,4.206929374494479,29.152331739993823
3321.25,1.2548840973673985,4.20749354193275,29.160950758598272
3324.234,1.2589967647567941,4.207851329763417,29.161940893399404
3327.187,1.2561172013781652,4.207958464743653,29.156916799679877
3330.187,1.2584551064876794,4.208283897802299,29.15663568489581
3333.171,1.2585605767636006,4.208657448094582,29.15865507454274
3336.109,1.2329598001283864,4.207538667985844,29.17323708193145
3339.109,1.2323759380460055,4.207209842027184,29.186400854561846
3342.109,1.2322640886604015,4.207924590555431,29.200173089787796
3345.031,1.2295768117929855,4.20790503512949,29.195975243033256
3347.968,1.2282669758699483,4.208336420981651,29.189937155347955
3350.984,1.2304766647276424,4.208732023201088,29.18406703712555
3353.968,1.2063486431490267,4.207447781155577,29.18165408383632
3356.875,1.2054494169726198,4.207658282461709,29.18678110262583
3359.875,1.2026678127751176,4.207861873996234,29.178665321606974
3362.859,1.2066547988591572,4.20797662528105,29.168024976238843
3365.828,1.2076819686131408,4.208546446052429,29.172887551144484
3368.781,1.2047551127224212,4.208784974240047,29.18217618026329
3371.703,1.1820103883890074,4.2073555059980325,29.166474276489673
3374.703,1.18003293285966,4.207562791580911,29.17761258650947
3377.687,1.1799116155380471,4.207628877409242,29.179531613055214
3380.593,1.179280091959839,4.208222740035995,29.17538709951172
3383.531,1.1815979678166955,4.208408478318955,29.182255499999407
3386.546,1.1766578592408166,4.208624949629707,29.18207816046185
3389.546,1.1794833724607656,4.209157980720628,29.188903620836705
3392.5,1.1758979164519845,4.209364675839821,29.177661543009442
3395.421,1.1755028794068298,4.209841095677236,29.175120333460058
3398.343,1.153043983996308,4.208211628060769,29.166162617901133
3401.25,1.1507037445728947,4.208382242675603,29.12037501469454
3404.171,1.1504088664664562,4.208758925800627,29.05471176216941
3407.109,1.1291875589037061,4.207030944578585,29.017569611990343
3410.046,1.1267729051095652,4.207419524579403,29.053444623337487
3412.984,1.1317093480047962,4.207472234985857,29.086161447514336
3415.906,1.1267166870558805,4.2076249139156605,29.105236472229034
3418.828,1.1269123622915451,4.208540064618031,29.112191844406095
3421.734,1.1277009760279681,4.208498584523754,29.117319543408172
3424.656,1.1256045914438189,4.208812627563397,29.111626307370454
3427.562,1.1024293851175981,4.207165109744174,29.109992404127247
3430.468,1.0992474354377282,4.207458314690138,29.109548913116672
3433.406,1.1025495812386057,4.207574354544416,29.10563665998024
3436.312,1.1021661049908256,4.207862324501396,29.099716663874236
3439.218,1.1020261991911413,4.208234552642149,29.09245338589118
3442.156,1.100408747323155,4.208602808119539,29.091450095656047
3445.109,1.0770695064586853,4.206733974386945,29.08842902930652
3448.031,1.0771901487873594,4.206995200422221,29.07441395270902
3450.937,1.079064096632273,4.207265175765665,29.074942287055617
3453.843,1.0760030777580207,4.207580011614679,29.07817166148192
3456.765,1.0774869144435493,4.207981024751814,29.06710365291749
3459.671,1.0752826991912532,4.208190257069575,29.053782597870743
3462.625,1.0745915215259823,4.208514414730929,29.049482589864475
3465.531,1.0719819119881437,4.208567208352089,29.039795819801295
3468.484,1.0727967424260205,4.208937319894018,29.03916015459612
3471.421,1.0731205340454972,4.209170292679082,29.026854796378302
3474.328,1.0729490908785528,4.209503408739115,29.02909254491287
3477.25,1.074162580742149,4.2097356069751815,29.02370920341465
3480.171,1.048306668148884,4.208295158819252,29.01806680010415
3483.093,1.0478390965259012,4.208387148249681,29.001985784007438
3486.0,1.0494965592446555,4.208966722027571,29.005585507706158
3488.921,1.04820595879768,4.208928551715118,28.99384736464488
3491.843,1.0455615836134076,4.2091661341979965,28.97817177263759
3494.781,1.046706273988777,4.209306020653245,28.965814973240228
3497.703,1.0474230349541738,4.209546995284955,28.96124127535301
3500.609,1.0451673018746241,4.209936315450811,28.962384336709103
3503.531,1.025975056553253,4.208641302524894,28.96345869683295
3506.468,0.9979320691566826,4.206982177771788,28.942061567224147
3509.375,0.9983831966348298,4.206982183077568,28.926895799699242
3512.296,0.9986963887693514,4.207140262011889,28.92942575775686
3515.234,0.9994825505170106,4.207176759321784,28.924132546000713
3518.156,0.996802635646807,4.207659087255196,28.91302603482629
3521.078,0.9975808259222038,4.207717838400653,28.89349111081644
3523.984,0.9984898280053353,4.207975982312569,28.877964635356925
3526.906,0.996450452785621,4.2081366112406,28.869538441338392
3529.812,0.9951627956082928,4.208449832825279,28.857656611092988
3532.765,0.9956915167488346,4.208257903906938,28.82526646916104
3535.687,0.9947352306655871,4.20887886596917,28.822098296128722
3538.593,0.9986835143984417,4.209344721942161,28.80624880726197
3541.515,0.9963586259925593,4.209282953625622,28.809697114461105
3544.453,0.9949535621755947,4.209359389740277,28.794437015504666
3547.375,0.9918975446902162,4.210237308489282,28.789198556976093
3550.281,0.9717207010377281,4.208452191018558,28.781961279315162
3553.203,0.9671699019230829,4.208629836359906,28.781031320336908
3556.109,0.9698963475515275,4.20886423726969,28.77595650603493
3559.046,0.9689735401886039,4.208948532202524,28.767687613429796
3561.968,0.9704332777890803,4.209017482693627,28.759284058243992
3564.89,0.9659413991203013,4.209384034197444,28.74965598043113
3567.796,0.9667425262535398,4.2094838453200465,28.737245683648876
3570.718,0.9639919701003067,4.2096687247299505,28.693040078081964
3573.625,0.9403223830516373,4.208107035950618,28.654165062801862
3576.546,0.949344999469113,4.208535555012336,28.668146753700135
3579.484,0.9417014510199965,4.208469132517949,28.672316883222255
3582.406,0.938396022288214,4.208827940942798,28.672163202056215
3585.312,0.9421033060522227,4.208882711259283,28.65194682737752
3588.234,0.94135744405047,4.209088616849696,28.64690094065104
3591.171,0.9398628679219987,4.209279161910967,28.634559697936243
3594.093,0.9421892590157417,4.20960327197173,28.631817523660576
3597.0,0.9149378915022718,4.207879672818766,28.620250192449436
3599.921,0.9172493818003502,4.207924136065831,28.609058603531903
3602.843,0.9168321534888935,4.208173223072741,28.593036153019813
3605.75,0.9177634990151328,4.208249193216607,28.57814722064931
3608.671,0.9174410276715498,4.208691784798516,28.566499007421534
3611.578,0.9170847453197016,4.208431525516695,28.566779270505826
3614.531,0.9139947033756833,4.208963899565789,28.5498008897337
3617.437,0.9149234551769981,4.209117738925488,28.534365740768198
3620.359,0.9158653268016178,4.209323654242297,28.518242004312178
3623.296,0.9149020672343574,4.209260578614995,28.513247388417017
3626.218,0.9119755007949596,4.209501726992949,28.506416286960704
3629.125,0.9126134050135429,4.209818369668464,28.49295415983822
3632.046,0.9104721319737501,4.210085434888304,28.48485893347497
3635.015,0.9140707009857775,4.210221130274415,28.4657896412077
3637.968,0.9125927632151666,4.210282203037451,28.44195299792122
3640.875,0.9102219947356487,4.210633705136347,28.441509174819736
3643.796,0.8875748237908966,4.209245273499362,28.442221374731638
3646.718,0.8903530294866417,4.209089219433653,28.426748665954758
3649.625,0.8890995862501149,4.209415325307303,28.40526927632538
3652.562,0.8871428254318613,4.209734399636043,28.40604781829501
3655.484,0.8655606469794623,4.207921752032717,28.406208848965008
3658.39,0.8651870367595076,4.207823188108901,28.38142552104275
3661.375,0.8645632578499793,4.20812874376805,28.372328217049144
3664.312,0.8659407160430019,4.208014041240258,28.353292987958852
3667.281,0.8635809578071454,4.208406686534835,28.34717955608522
3670.234,0.8626574195073247,4.208731546051716,28.33636076895778
3673.156,0.8633237614401504,4.208658818359421,28.321863051251356
3676.078,0.8611092053575543,4.208720821778226,28.302764573364655
3678.984,0.8620635705696154,4.208834560214361,28.297354546500323
3681.937,0.8596314399755887,4.2091935245474605,28.2843734955203
3684.843,0.8608620009956537,4.209481498844508,28.259027826036682
3687.75,0.8580250580354155,4.209452413988678,28.252931266726975
3690.687,0.8615987324382683,4.209726650062506,28.25323245732787
3693.609,0.8392351487422562,4.208077901147452,28.233693865156997
3696.515,0.8365238045457375,4.208420171975839,28.223879560664493
3699.437,0.8382802605532291,4.208192862807565,28.19999370457961
3702.343,0.84009884512723,4.2084233559078035,28.18632770553176
3705.265,0.8338480358920225,4.2085554615339165,28.18785309338373
3708.203,0.8380088107159162,4.208588507648436,28.16612727998322
3711.109,0.8358446971169556,4.208872042933254,28.154466148824273
3714.015,0.8352783240917118,4.20878512084701,28.152424966307056
3716.968,0.8366664859275391,4.208991830869489,28.15813717650852
3719.906,0.8326558097193485,4.2092891035591675,28.147255520863744
3722.843,0.8363101224097054,4.209563779793432,28.13978351243068
3725.781,0.8367279725113437,4.2097500238462615,28.129952957563344
3728.734,0.8339491820161382,4.209561315826542,28.110564183852354
3731.64,0.8332750434515576,4.210032184755559,28.088176479828682
3734.546,0.8362758069575231,4.209715902335435,28.060256650997264
3737.515,0.8309124697942512,4.210126133331116,28.057116269537612
3740.437,0.8344448187861214,4.21029465150232,28.045824264565358
3743.359,0.8325720180684084,4.210803153043196,28.049115680863537
3746.312,0.8116597107565596,4.209375826311083,28.036895157288793
3749.218,0.8132403677706617,4.208471445520104,28.026749624620923
3752.14,0.8132947976455108,4.209194837498143,28.013492927293267
3755.14,0.8096351927038704,4.2092815555981975,27.993737824745715
3758.125,0.8095682153868294,4.209025395257552,27.983747674684476
3761.046,0.8060709911054232,4.209675971023994,27.96481574127092
3763.968,0.8105502598175085,4.209910342458067,27.96387010435368
3766.937,0.8067584460283388,4.209994961190063,27.951932489473467
3769.89,0.8093881913436272,4.210045367187511,27.926728265347236
3772.859,0.8109086431162706,4.210271067291302,27.928003401014834
3775.875,0.8065002714029911,4.210550252712321,27.918578348107378
3778.828,0.7852571707459102,4.208775215528723,27.907225313660437
3781.75,0.7842482875050021,4.209095796473458,27.8885751234347
3784.734,0.7832979261061024,4.209075365342843,27.88740275651612
3787.781,0.7810377918108815,4.208995941164601,27.874870417504997
3790.703,0.7823125051204126,4.2092199243313,27.8434230782417
3793.625,0.7844693548537991,4.209247438184751,27.82567527237999
3796.531,0.7869636395482659,4.209447858177308,27.81913681950259
3799.453,0.7828802405623237,4.209562979128587,27.808214671157298
3802.359,0.7805488639904021,4.209736561624168,27.794506566272855
3805.328,0.7802632397658701,4.209880132744403,27.787393546784852
3808.312,0.7854864629551298,4.209959936229867,27.792983798819346
3811.25,0.7791578445944399,4.210272936487842,27.796390894164208
3814.171,0.7811712295052619,4.2100621933535,27.774120680823398
3817.093,0.7818239187178594,4.210514997351899,27.75944667551454
3820.0,0.7782333276706485,4.2107116812142955,27.74041924285284
3822.921,0.7596813094893992,4.208845368138227,27.740380205946327
3825.843,0.7591814755087141,4.208858376321731,27.72324027211181
3828.75,0.7588565285082923,4.209128757448717,27.718978452140608
3831.687,0.7589561354763877,4.209324927065419,27.701467161957027
3834.64,0.759663907455475,4.20934756083412,27.70239119459831
3837.546,0.7599666288001694,4.208992187537899,27.69272367544772
3840.468,0.7585763232910362,4.209617439679289,27.67419456528079
3843.375,0.7587664941965259,4.209502334147734,27.659060324872097
3846.328,0.7560234139386947,4.209737165719869,27.667901460866833
3849.281,0.7562260805036315,4.209898364395009,27.64923796049285
3852.25,0.7553878180698711,4.210023830693506,27.63816519626478
3855.234,0.757097285442466,4.21019018932455,27.62856376769439
3858.203,0.7533804539602664,4.210142654946131,27.623980863601666
3861.203,0.7561981493329828,4.2104014814121244,27.608124660892248
3864.171,0.7567944222044125,4.210608854803534,27.589850451842313
3867.14,0.7576615647397525,4.210691941631109,27.5613046507457
3870.093,0.75739526691972,4.2108073722451165,27.54825614229562
3873.031,0.7525118134502954,4.211029254633654,27.552000711364958
3875.984,0.7526558838873402,4.211218462633367,27.55288724920283
3878.906,0.7541155040409557,4.2114432614434385,27.54058141839302
3881.828,0.7533636014490573,4.211467776278586,27.53481102787279
3884.75,0.7520650005742094,4.211615726887034,27.52849291257274
3887.656,0.7317906855910781,4.21002436548949,27.52575967115776
3890.562,0.7334035939386659,4.210149073259118,27.505357304076774
3893.484,0.7302974231413134,4.210215585643623,27.50980060696136
3896.406,0.731223387291381,4.210446346986296,27.465031966453356
3899.312,0.7290998708255346,4.210390460678237,27.450208007219718
3902.234,0.7307499945282794,4.210697554904275,27.447112137791024
3905.171,0.7077746392660514,4.208975994444624,27.450187057284598
3908.14,0.708939924915436,4.208890536940096,27.45467667268699
3911.109,0.7088359380087748,4.209256725283905,27.423037799483893
3914.015,0.7100322172434269,4.209229945097892,27.431652520703462
3916.921,0.7075182160114186,4.209196157344208,27.431721908938144
3919.843,0.7076569070155968,4.2094278916291685,27.401957338643314
3922.765,0.7074640919874243,4.209217512101545,27.400672178769675
3925.687,0.7052746698932499,4.209430974672275,27.405728904520515
3928.593,0.7062714512953675,4.209461220940868,27.406204599366536
3931.515,0.7071629641013389,4.209618309675203,27.385627468701344
3934.421,0.7042806845822529,4.20992295996046,27.37544194308058
3937.343,0.7061711598935209,4.209792084424133,27.349692324810416
3940.281,0.705665014932769,4.209859853331869,27.356309348735557
3943.218,0.7038969228020073,4.210310072397151,27.364080520367818
3946.187,0.7042745373859892,4.210400927210012,27.348634382978005
3949.156,0.7043392647251872,4.21035815084129,27.343768896135337
3952.125,0.7047379253625627,4.210339904233544,27.334619018372177
3955.078,0.7031279402486773,4.210903673364691,27.308626912219008
3958.0,0.6824686566068315,4.209323137066282,27.29334258047143
3961.015,0.6809728516211898,4.208907202707817,27.289189315586754
3964.031,0.6812632550079596,4.209195704449209,27.27893307646443
3967.0,0.6801564450601456,4.209056352026715,27.26537691522378
3970.015,0.6819630592908255,4.209032281692071,27.26483061763485
3973.0,0.6803970145842231,4.209663278105037,27.240626689686742
3976.0,0.6775820758726918,4.209656999376378,27.23384457377672
3979.0,0.6846946021639037,4.2092341635680866,27.231546364058737
3981.937,0.6808396593980158,4.209585187448287,27.23055823552738
3984.875,0.6806710997183086,4.209989822621677,27.222510279821993
3987.781,0.6854146719783578,4.209722920704657,27.21026251013549
3990.703,0.6761845052015963,4.210015880607201,27.201809511592604
3993.625,0.6768297924472243,4.210217095858893,27.19630295253521
3996.531,0.679226582995555,4.2103729563361565,27.201333457598796
3999.453,0.678395805606067,4.210463201472643,27.189072598547046
4002.359,0.676640057274345,4.210505580241537,27.18411513045219
4005.328,0.6803078324016483,4.210488561520823,27.17482804047385
4008.343,0.6749837363256421,4.210919753211927,27.162945591093536
4011.265,0.6767503964844993,4.210802358467855,27.149214557567518
4014.187,0.6758379083588956,4.211127856318823,27.1516446185419
4017.093,0.6774718524646823,4.211319013940974,27.149112860649133
4020.015,0.6790836591663566,4.211218532095172,27.132117903257107
4022.953,0.6755884463326938,4.211276832485581,27.12602920350117
4025.921,0.6757930217375098,4.211427954934883,27.13571829655624
4028.984,0.6791928712420652,4.212038729719511,27.113037153454474
4031.906,0.6528805861802501,4.210133622721093,27.10755833613758
4034.828,0.6532466315197399,4.210364795365964,27.093042585508844
4037.75,0.6516153240728391,4.2102738456308,27.092998329815416
4040.656,0.6534867190352994,4.210140555085189,27.09347681206311
4043.578,0.6521143514766609,4.210527973254878,27.07754621142278
4046.5,0.6525084616985068,4.2106814435163304,27.069838817525568
4049.406,0.6532957091601066,4.210821922484552,27.060603270197753
4052.343,0.6519278179985185,4.211090362245449,27.05224528002517
4055.265,0.6531877694919851,4.2111669320142004,27.046273924800776
4058.187,0.6509365966512348,4.2110785106789095,27.02917590085995
4061.093,0.6524755130562173,4.211298493544082,27.018847828636183
4064.015,0.6514433341188671,4.21137686075275,27.005993832605043
4066.921,0.6535122372268347,4.211803883934407,26.96547985718913
4069.843,0.6287875954172126,4.209938763835084,26.967518716580717
4072.812,0.6284423537936266,4.210094856241855,26.98554521822959
4075.75,0.6280666132917477,4.209736481292843,26.97948801803276
4078.703,0.6266039539212379,4.210051935815232,26.974881594426325
4081.671,0.6256404308728893,4.209619722417772,26.97303956671369
4084.64,0.6228737516384437,4.210120217196084,26.958576265514356
4087.562,0.6298790845052267,4.2101172776768685,26.96553386173756
4090.531,0.6273856166048858,4.210059752581383,26.96678902937344
4093.562,0.6242311282018361,4.210477924037736,26.955779628633337
4096.5,0.6260961928422477,4.210272903778202,26.941749278314028
4099.484,0.6245139269090306,4.210429573576113,26.92550973774113
4102.437,0.6261744055925741,4.21050098740382,26.924198234076606
4105.39,0.6256109034046575,4.210495560017526,26.914575190468714
4108.343,0.6274877168991012,4.210985542002218,26.902188349730306
4111.25,0.6250944784345887,4.210824390614255,26.89046013162749
4114.171,0.6245246533980191,4.210827502898543,26.883904098132618
4117.078,0.6253648350362926,4.21137781518792,26.886962090264447
4120.0,0.6253902491495141,4.211356928086305,26.88109514822013
4122.921,0.6217750641747134,4.211526642131968,26.875368519301425
4125.828,0.623557473588276,4.211371840387992,26.85461132061398
4128.75,0.6225868945133343,4.2115422631208626,26.85369620242273
4131.687,0.6230886500876897,4.211745908553003,26.84562651166482
4134.609,0.5991730949859827,4.209863522163876,26.829496723924592
4137.515,0.6030258769038073,4.210108297757075,26.850906928122466
4140.437,0.5983778885341099,4.210207172863631,26.843499083410318
4143.359,0.6000980127964933,4.210451383813402,26.834129340165234
4146.265,0.6038481443904835,4.2103279512826015,26.827403669453222
4149.187,0.6006600951272757,4.210373819196426,26.818540042908843
4152.093,0.600693093159813,4.210455003189822,26.805718662348504
4155.015,0.6006319779376977,4.210449546297082,26.797131838294607
4157.937,0.5980621757594555,4.210439075985603,26.78902560879545
4160.843,0.5983252363438138,4.210618234925364,26.77920847312156
4163.796,0.6006460185717415,4.210623261959298,26.7737587789369
4166.703,0.5961959834650324,4.210959336390761,26.778595233592323
4169.625,0.6010063858664197,4.210986286250699,26.767761064236037
4172.531,0.5964795621443975,4.2112026538317195,26.760570772863783
4175.453,0.5979990609048372,4.211157579913452,26.747975558294247
4178.359,0.5981371931364348,4.2115361925110655,26.757823500176347
4181.281,0.594678997228071,4.2114801015232155,26.74490996695454
4184.203,0.5998692522822695,4.211684136543082,26.73010435891328
4187.109,0.5720989987378464,4.209914041696315,26.71766651967585
4190.031,0.5738661308660751,4.210094418510563,26.711996603162145
4192.953,0.5786559588275166,4.209938759191497,26.717306300573593
4195.89,0.5765747932376089,4.210212953383117,26.709079438384137
4198.812,0.574857346583491,4.210284423318395,26.70865208299079
4201.718,0.570552228808713,4.210085763077862,26.696102970936984
4204.64,0.5728750864335465,4.210152617058313,26.682676088567526
4207.562,0.5765432872843383,4.210555242747429,26.683859065531877
4210.484,0.572501208191608,4.210685089406565,26.68701094596932
4213.39,0.5724816367654462,4.210378979018157,26.679333799922276
4216.312,0.5756045746236277,4.210516186244754,26.650777136821237
4219.281,0.5748676828558779,4.210964689873436,26.631515710085434
4222.234,0.5711084178692238,4.210716109847687,26.630802028810223
4225.171,0.5731220636981705,4.2108819983423045,26.628994083239373
4228.078,0.574328045863005,4.211191432011933,26.635317004693665
4231.0,0.5723716863102074,4.210913325370291,26.63333697839809
4233.921,0.5719798471266978,4.211199078262084,26.615387563113277
4236.828,0.5723615964673284,4.211331956296288,26.6005638687151
4239.75,0.5714939805196353,4.211808522557774,26.601268642925085
4242.671,0.5486019198893948,4.209828877718369,26.61331211060354
4245.578,0.5491667132757685,4.209930691957525,26.613438933215157
4248.5,0.5490894697903755,4.2099070845924755,26.597891092462433
4251.437,0.551162739007813,4.210153888945851,26.595785492859513
4254.375,0.5476663341781417,4.209720311474024,26.59712790254788
4257.343,0.5496243299413289,4.210287617535671,26.594261261058584
4260.265,0.5469998885373727,4.210242972318603,26.579421620849107
4263.171,0.5508810974383376,4.2100980825356915,26.56821209297667
4266.093,0.5483293140628183,4.210507515353682,26.561382527300147
4269.015,0.5498482688886774,4.210487827809601,26.556530406891053
4271.921,0.5475376081998785,4.210368094510738,26.55146071869018
4274.843,0.5498793101168917,4.210228983535584,26.54511089541221
4277.781,0.5458254508921581,4.210678474292922,26.538645305905167
4280.718,0.5475291436461482,4.210935704762432,26.534788492276164
4283.64,0.5498912340186808,4.210967063041697,26.526035398671986
4286.562,0.5449695611122325,4.210840677610208,26.52913564641177
4289.468,0.5446110167877387,4.211213770471287,26.519415475783713
4292.375,0.5436589912502632,4.211298633377899,26.524453908045835
4295.296,0.5480665423942537,4.211248762704656,26.523048131287133
4298.218,0.5473981294777966,4.211482607199513,26.517694126681445
4301.125,0.5443899128179914,4.211934406871452,26.517593659062708
4304.046,0.5182867801697914,4.209438020094742,26.511329053126644
4306.984,0.5226833197555535,4.209713926014735,26.49072940876578
4309.906,0.5216283396596658,4.209706399914633,26.494071979245188
4312.812,0.5227556642014327,4.210007295346338,26.48424148742114
4315.734,0.521528343475086,4.209972889740003,26.479626315844815
4318.64,0.5205114699552671,4.209914367379097,26.471094169556604
4321.562,0.5217801391776183,4.210011393119325,26.458588438731773
4324.484,0.5199764687604229,4.210256753176568,26.456766645580014
4327.39,0.5181305818620875,4.2101777893180365,26.46251873805162
4330.312,0.5197320496735081,4.209818975542549,26.455321164042196
4333.218,0.5188196219813896,4.210290564334315,26.44861500067667
4336.14,0.5208611550147904,4.210379494074382,26.45520602672793
4339.078,0.5205984010506832,4.210706306197489,26.44283356700512
4342.0,0.5209455657742249,4.210829208966242,26.43740901664329
4344.906,0.5184925471202863,4.210710299048058,26.407474460371404
4347.828,0.5165138181792057,4.210767658266991,26.40162124143608
4350.75,0.5185249771766333,4.210928577909036,26.398423597137818
4353.656,0.517398887464668,4.211089478742863,26.417906830769986
4356.578,0.5187979352645303,4.210965848062858,26.405057878781168
4359.484,0.5170733555584596,4.211074340091324,26.383639385385894
4362.406,0.5174234841673796,4.211428785603883,26.378120313372467
4365.328,0.5169062239624406,4.211289402281468,26.37874383222671
4368.234,0.5197888359483024,4.211578188281897,26.37958831156881
4371.156,0.5173088177504296,4.21170196081362,26.381162607134502
4374.078,0.5172663081194818,4.2116403458766865,26.37957365176124
4377.0,0.5145760204986292,4.211782987690059,26.36962672243338
4379.937,0.5146379718340971,4.211951965294746,26.367723059770018
4382.875,0.5193551698675024,4.21206811222354,26.35292971943021
4385.796,0.5196396450285188,4.21210301243694,26.339679144865524
4388.718,0.516143248764233,4.212348707425434,26.32627785350432
4391.625,0.5176098029932713,4.212561932420484,26.32666697539847
4394.546,0.49154313030733365,4.210639762863276,26.318896821360475
4397.453,0.4951344463325753,4.210630718604523,26.324221959671323
4400.375,0.4921155152316397,4.210619456890001,26.309257232442334
4403.281,0.4940722318769492,4.210865067151814,26.306873111545208
4406.203,0.4935040826081123,4.21069158691076,26.29460846247668
4409.125,0.4922563272122618,4.210870295395612,26.282220388906445
4412.031,0.49458738689913695,4.211017375411015,26.267455414839922
4414.984,0.49416972409999077,4.211236688354415,26.266872579161948
4417.89,0.49256400375269604,4.211087202796207,26.24262439805074
4420.812,0.4902549916605398,4.211247605032966,26.23870995606305
4423.734,0.49103749977977784,4.211425270766375,26.251772154732553
4426.64,0.49215816964055786,4.211447881384043,26.261116346068164
4429.546,0.49287294339533855,4.211407991730116,26.26356558489491
4432.468,0.4924221485710871,4.2116020726692245,26.260564584476494
4435.39,0.49049926086457785,4.211709922812816,26.249239624578838
4438.296,0.4903409158440819,4.21169326690739,26.25485433250225
4441.218,0.4897696225600119,4.2119346067413055,26.250881427875893
4444.125,0.49361951433121226,4.2120546189088515,26.250925429708037
4447.078,0.48815679072456525,4.212028454121317,26.251996037454862
4450.015,0.49451171437082536,4.212155218109209,26.25155595409424
4452.921,0.4887178723763059,4.212188308358597,26.240213641616393
4455.843,0.4890279559680254,4.2123432284391775,26.23391998946601
4458.765,0.4948866848207644,4.212553009502299,26.2413218689157
4461.671,0.4689359714279905,4.21076536048861,26.23603776168345
4464.593,0.4660613523706825,4.210788203288821,26.21332295738246
4467.515,0.46545960567459566,4.210842735867727,26.203974460012695
4470.421,0.4688336440234045,4.210823092430032,26.200864842574255
4473.343,0.4629427995961188,4.210896914953322,26.203110146002917
4476.25,0.4666931310080473,4.211033083557712,26.18396802649328
4479.171,0.46687680965200706,4.21097015625359,26.18511946672669
4482.109,0.46623309662252743,4.211175260199369,26.192317211115874
4485.031,0.4689963914014897,4.211276424117152,26.198947635157793
4487.937,0.46842386442106393,4.211319726248502,26.184415252601855
4490.859,0.4643497908388907,4.211349709982899,26.16170770987452
4493.781,0.467124058020464,4.211019192524261,26.140989567251903
4496.687,0.46704199652286194,4.211499902148317,26.146147224226894
4499.609,0.4656653259783356,4.211696030643587,26.150009803861376
4502.515,0.4452948470259622,4.209895449969904,26.15472835032977
4505.437,0.4431961267332132,4.209725292195038,26.153817296099998
4508.343,0.4440403749834853,4.209742058760746,26.15540093988453
4511.265,0.4445213410272951,4.209708874897158,26.151921027998256
4514.187,0.4421781418920837,4.209873968046601,26.136206535118102
4517.109,0.44474814034036386,4.209959806323225,26.12738509414292
4520.078,0.44597097820049575,4.209856192336488,26.132797064187834
4523.062,0.4419816047222507,4.209757946345231,26.106942769752607
4525.984,0.44431153732802786,4.210058586533744,26.103311705405766
4528.906,0.43860437039300715,4.209965655886155,26.10299006752906
4531.812,0.442827453661361,4.210146580072412,26.1122937601668
4534.734,0.44251495578214917,4.210067109220901,26.107732371256986
4537.64,0.4431368203931956,4.210281318945814,26.101837715627692
4540.562,0.44145292357463867,4.210244621581706,26.0994230135499
4543.484,0.44262689641122116,4.210387245846196,26.09801284301494
4546.39,0.44179369452892764,4.210512849463107,26.09715247037782
4549.312,0.4425803921760359,4.210776739545776,26.081769388416262
4552.234,0.4424091537897634,4.210602075261413,26.075774553617276
4555.171,0.44270370832454536,4.210723402716412,26.077980375598322
4558.078,0.4423921532134001,4.210959464709449,26.079666549560333
4561.0,0.44162106433414683,4.210809236297327,26.071469261779107
4563.906,0.44108674703209844,4.211054311838184,26.047674705439583
4566.828,0.4432792492909093,4.211039202395882,26.050912892662136
4569.734,0.442526660109506,4.211234712239819,26.049675025400404
4572.656,0.4405251708160731,4.211187629277102,26.040657482446505
4575.578,0.4420414550523847,4.211383597272929,26.03663858544605
4578.484,0.4389587927151116,4.211580318610353,26.039601908325743
4581.406,0.41984744208741276,4.209508803063391,26.04136035897585
4584.312,0.41780838461086717,4.209674286456305,26.030496387807116
4587.25,0.41729640090367537,4.209595926228077,26.02951671000978
4590.171,0.4181287058837457,4.209586095853663,26.010517976045318
4593.093,0.41693666059863016,4.209634463236941,26.002429810736974
4596.031,0.4148711265572135,4.209755006651395,26.000944206781035
4598.937,0.4173157796484966,4.209754670389807,26.00304288617499
4601.859,0.41501922907292665,4.2098493116793,26.001137061906217
4604.781,0.42079189097192415,4.209777401077728,25.987499512531144
4607.687,0.41540173001877306,4.209821195297382,25.971022125700753
4610.609,0.4146819962298695,4.209917846582955,25.97035862702083
4613.515,0.41403961948494694,4.210121107717349,25.95974323942459
4616.437,0.41520981962516723,4.2101073770694,25.964371348478068
4619.343,0.41664056708337915,4.210100147794056,25.97533447755781
4622.265,0.4147431343449435,4.210250451575419,25.970109481487867
4625.171,0.41508459942217835,4.210306540641812,25.963866683737574
4628.125,0.415893364365776,4.210255820533774,25.9459138538377
4631.031,0.4155221564957076,4.21027218780559,25.956607818168067
4633.953,0.41430507568976327,4.210495085541742,25.950735848041898
4636.875,0.4127896643184439,4.2106764060944,25.95025107886224
4639.812,0.4117755970043181,4.21058402850469,25.944904123924246
4642.718,0.4126682422985973,4.210606876978494,25.935574096386333
4645.64,0.4133060594134427,4.210825315767509,25.930820715098186
4648.546,0.4130946564884971,4.210645903739709,25.93521460166521
4651.468,0.41506951091857974,4.211078968793685,25.929350772351015
4654.375,0.4155559119968206,4.210934232137206,25.916156767440135
4657.296,0.4156274214016925,4.211147922268734,25.914951299097943
4660.203,0.41354232888306464,4.211192706658041,25.896862603172995
4663.125,0.4161450723752641,4.211153572507346,25.893973866443524
4666.031,0.4154171617232601,4.2111963459799515,25.892779453529748
4668.953,0.4133152021661865,4.211407143203491,25.88449785244283
4671.89,0.41091731321363556,4.21174859771811,25.87956128635686
4674.828,0.41160736241677803,4.2114619233899235,25.882295537717752
4677.75,0.4130797912033778,4.211644896597322,25.875513914832425
4680.656,0.4109366196905475,4.211818814494527,25.85988983268118
4683.578,0.4127965887571153,4.211744821633696,25.87426912426419
4686.484,0.4108303662181454,4.211885528394144,25.866048861428094
4689.406,0.41192366932237434,4.2119597104036,25.869122834513192
4692.312,0.4121599889101095,4.212119931146851,25.87075148204727
4695.234,0.4115199691419665,4.212158641566664,25.86425981844084
4698.14,0.41044616118000404,4.2120661991235036,25.850008334381428
4701.062,0.4126158341303407,4.212277941782811,25.837868402513855
4703.968,0.4092501448990255,4.212534941972458,25.836956305188878
4706.921,0.40833803459182383,4.2127068486132995,25.843584708646233
4709.828,0.389392335843574,4.21087501186294,25.84720091660351
4712.75,0.3853277469048952,4.210848579564287,25.83970520130057
4715.656,0.3886658517435623,4.210823231326962,25.82841914583147
4718.578,0.3869553038134897,4.210829670503339,25.82127725843135
4721.484,0.38944798601938313,4.2110330187307135,25.80331318988923
4724.39,0.3885842230304579,4.211084215746777,25.795365144851335
4727.343,0.3863237298757231,4.211153663752735,25.79917138083069
4730.25,0.38685496028799865,4.210744141993125,25.805914876544858
4733.171,0.3903178480481595,4.211045413196251,25.797162683096595
4736.078,0.38860904965148463,4.21118899119792,25.804099861244076
4738.984,0.3868925910736079,4.211124980294643,25.80328299557803
4741.906,0.3889107209840998,4.211428230136189,25.79854877939445
4744.812,0.38655629537411285,4.211316655083351,25.776286248988654
4747.734,0.387660747825982,4.211304687596241,25.77327322976255
4750.64,0.3897035089856904,4.211475931399476,25.784294101276142
4753.562,0.3868533181587804,4.211736607367516,25.76732308371051
4756.468,0.3858551316295604,4.2116636830235175,25.7590221321523
4759.406,0.386583542726226,4.21154841937919,25.75135980235077
4762.328,0.38576657194934943,4.211780284840014,25.736303494274992
4765.234,0.3885709491065351,4.21172258635034,25.731285782477766
4768.156,0.3865661752930828,4.212049278631223,25.72940064402454
4771.062,0.3844402146128904,4.2117941048186935,25.739624972152537
4774.0,0.384748559250778,4.212070420840859,25.73426975769774
4776.921,0.3840643119648832,4.212246328894028,25.738571846022715
4779.828,0.38546993530734486,4.212061882185201,25.724203545628562
4782.75,0.3836638111173782,4.212426028910731,25.72475358911017
4785.656,0.3843520011831985,4.21240955076999,25.73909268814947
4788.562,0.38487396528852574,4.212291497683283,25.727831042889576
4791.484,0.3868092773561183,4.212654117168573,25.712831389857307
4794.39,0.3649264826655396,4.210899536186939,25.7102219258338
4797.312,0.36010368291858563,4.210706218122816,25.71109347495772
4800.218,0.36181630315095153,4.210643206565987,25.705646982301296
4803.125,0.36265643104827816,4.210797707514452,25.707400592494228
4806.078,0.3625980956259057,4.210959625199748,25.709996739371757
4808.984,0.363237727908548,4.210799985310902,25.70283784623987
4811.89,0.35995023708667145,4.21084562130533,25.699535335733028
4814.812,0.3629687593275549,4.210946279745904,25.7050039271757
4817.718,0.3633011240937171,4.210964610742657,25.69945684690812
4820.656,0.36402095048178373,4.210824767338877,25.68159404241411
4823.578,0.3603178559147353,4.2110911227934,25.669766087682852
4826.484,0.36274204310763086,4.210866414410286,25.667333084480067
4829.406,0.36398747218523503,4.211036222867416,25.670787405879818
4832.312,0.3642449962458192,4.21132075557687,25.65654766774469
4835.218,0.36439777636486603,4.211366789040671,25.659211839201422
4838.14,0.3627516948728576,4.211621027531394,25.65313332373773
4841.046,0.36254214969002585,4.211399052896941,25.645919022359216
4843.968,0.36206222848695724,4.211595206378185,25.650273007276084
4846.875,0.3602018238870414,4.211728604419523,25.646561150348834
4849.796,0.3607987004779439,4.211446525386392,25.637259533758293
4852.734,0.3577952003234143,4.21163949897785,25.61956831235307
4855.64,0.3577551380157008,4.211665781073484,25.615047056894195
4858.562,0.36020039019638594,4.21178526439797,25.61344605817441
4861.468,0.3601964035310757,4.2120002700711785,25.614423454184042
4864.39,0.3614076113394128,4.21159344882879,25.610380990175642
4867.296,0.3576935950265515,4.211853711907404,25.61122288057742
4870.25,0.3584144776010404,4.2120371000951815,25.61297370062134
4873.156,0.3613226822894062,4.212230119793339,25.60336980249352
4876.062,0.35968182804426124,4.211909816693751,25.592959834260874
4878.984,0.3590135746022805,4.21218158461737,25.594458826543736
4881.89,0.3615677324413044,4.212121139119741,25.56521647482943
4884.812,0.3598190270206729,4.212464681215834,25.544706833637946
4887.718,0.3586335068801933,4.212309815448804,25.548515357190773
4890.625,0.3570473066799126,4.21258476408862,25.515788446961377
4893.609,0.3367092476698149,4.210660551671436,25.539699600579137
4896.671,0.33704361982463943,4.2107476728069955,25.560443987533777
4899.656,0.3359388542203448,4.210515639846378,25.5613645504864
4902.578,0.3367143093369453,4.210775304601119,25.56177245876533
4905.5,0.3352601280839881,4.210813829453715,25.56482298541902
4908.406,0.3373296204664564,4.210585691236844,25.560460739272006
4911.312,0.3357438479731024,4.210746922322188,25.557034421606982
4914.234,0.33503842255467936,4.210783994340948,25.534418864196212
4917.14,0.3370717381831174,4.2107603716265265,25.54021386026516
4920.062,0.3329986200702581,4.210777037133567,25.553178115691516
4922.968,0.33836821260220384,4.210744938608041,25.55064085453975
4925.906,0.3344317437933402,4.211084901974627,25.55146283226478
4928.828,0.3378361642398524,4.211207570221075,25.548306338026638
4931.734,0.3349066596208512,4.210964317073823,25.552160780909894
4934.64,0.3379745906658616,4.211025380001744,25.53427162930997
4937.562,0.3352828707307287,4.211021693590148,25.532428510225962
4940.484,0.33431519066302307,4.211339336023398,25.519525131728937
4943.453,0.3346422662655586,4.211318343865214,25.50035880360873
4946.437,0.33823467197260015,4.2113525183194,25.505945317326024
4949.437,0.3344878961005447,4.211142464575392,25.515742251868563
4952.359,0.3345752837515772,4.211314055638058,25.518791443163344
4955.265,0.334996719783049,4.211555531184298,25.514433610898728
4958.187,0.33611097222550224,4.211578356417892,25.505534792352723
4961.093,0.3343491624508266,4.211829174164616,25.506964941352457
4964.015,0.33474024084627346,4.211513185602893,25.508383777555895
4966.921,0.334538455348652,4.21193717187986,25.508381074178097
4969.828,0.33396538837168976,4.211857922231787,25.50455460486423
4972.75,0.33374173841671906,4.2119090195627935,25.50110001421598
4975.656,0.3338007654897304,4.211963326848703,25.508328802274974
4978.562,0.33506705969202477,4.211844515390425,25.4975863178153
4981.515,0.33447361218988647,4.212048113150677,25.487107327303587
4984.421,0.333443501668119,4.212032164223383,25.481761131762575
4987.328,0.33536300469895597,4.212215529826022,25.476665860135334
4990.25,0.3326295729399146,4.2121164728919815,25.466936778102493
4993.156,0.33381112149316133,4.212410006870975,25.470660677056284
4996.078,0.3322982313420659,4.212283557103105,25.479495241868346
4998.984,0.3324345083251949,4.2123859949199405,25.46866993797428
5001.906,0.33227424434243796,4.2125165140348475,25.46193623691906
5004.812,0.33326646436920804,4.2127373053125305,25.46321057202147
5007.718,0.3334722357341627,4.2127725595558765,25.471148751345947
5010.64,0.33326449795443075,4.2127191714261745,25.471881111717
5013.578,0.3316081252351844,4.212923855877152,25.45524423078916
5016.484,0.3326735873187927,4.21292445148651,25.46238977400917
5019.406,0.33290582219419146,4.213225563331095,25.453115181061452
5022.312,0.3341152718767946,4.213230864130584,25.437505338770123
5025.218,0.3305159351665928,4.212929994227241,25.413816503601364
5028.14,0.33207571223633203,4.2132445566723495,25.410216937884545
5031.046,0.32843708766452157,4.2132269647530896,25.40924661789689
5033.968,0.33010080369200206,4.213244505129477,25.403295298517122
5036.875,0.33060747010405495,4.213392320938819,25.406651639315992
5039.796,0.3305411504176189,4.213405655066466,25.40997282207312
5042.703,0.3321930711296995,4.2136601837215775,25.4033953620524
5045.625,0.3071774620806391,4.211661483434286,25.39398948566201
5048.546,0.3091566094284057,4.211624919426177,25.408230607727454
5051.453,0.3085929191702601,4.2115862500264365,25.412865126444743
5054.375,0.30767651790898537,4.211331099958722,25.412466938243043
5057.281,0.3079764975459861,4.211625434272961,25.408072291860712
5060.203,0.30877115926312787,4.211769648602484,25.39828740519163
5063.109,0.3083270735418419,4.211675036492881,25.393523206935267
5066.015,0.3062226570448982,4.211598109811403,25.39327089681537
5068.937,0.3082271962880403,4.211655662726729,25.39499593316456
5071.843,0.3056035267148313,4.2119481064693565,25.388366576670233
5074.765,0.3079564839647163,4.211926273826305,25.38159814736184
5077.671,0.30727219520818727,4.211817654325024,25.351711312513867
5080.593,0.3051151728726616,4.211872629468889,25.364319353415194
5083.515,0.30495996038379136,4.211836100814381,25.364033871884605
5086.421,0.3065105008151576,4.211916636334122,25.359248582268823
5089.328,0.3053847324760612,4.212192878612623,25.36287409523624
5092.281,0.3067031825397471,4.2119875368252275,25.357083420011435
5095.218,0.3054870015239585,4.212062389607105,25.347290233101184
5098.125,0.30893463621803496,4.211996550829619,25.345974917813667
5101.046,0.31147535440172036,4.211966094840189,25.353321798881346
5103.953,0.3049804871318052,4.212517314850807,25.355300469028286
5106.859,0.30633355636111803,4.21231498754935,25.354519608831588
5109.781,0.3052073959166798,4.212442586671164,25.348900660903478
5112.687,0.306074080332212,4.212419325815887,25.331353957480427
5115.609,0.30679403273917244,4.212478549479865,25.3305350747363
5118.515,0.30482524465172534,4.212465160328082,25.331036885457134
5121.421,0.3080023467965209,4.212415402325329,25.33736757546704
5124.343,0.30558413715817745,4.212857885889143,25.33087579059862
5127.281,0.2834894594766781,4.210826158584204,25.332583265932723
5130.203,0.2826068945259162,4.210980267406451,25.333727749142668
5133.109,0.2823642773685648,4.210885021171522,25.327927652353296
5136.015,0.2828325163027414,4.2108711495665565,25.326808163692547
5138.937,0.2855645921743704,4.210704287690756,25.330042287072192
5141.843,0.28177246601987616,4.2108952533648925,25.320462449694627
5144.765,0.28439608540801253,4.210673988570618,25.31713306827813
5147.671,0.28519588169043447,4.210936811066982,25.306136018007194
5150.593,0.2822642938343699,4.21079433232942,25.31765987445995
5153.5,0.2844153575956649,4.210940583829288,25.320860697103686
5156.421,0.2802564291121875,4.210901541255826,25.319126195869764
5159.328,0.2818547513387138,4.210845589330101,25.31527709250491
5162.25,0.27972698256281464,4.211068688295151,25.29845039143602
5165.156,0.2831784102358576,4.210913921134973,25.30184595207958
5168.078,0.28107568757287804,4.21084579820177,25.301435982348526
5170.984,0.2829232111468271,4.211001327397127,25.289458783426927
5173.906,0.2837745162265454,4.2108386009534815,25.288029023204206
5176.812,0.2803445839068117,4.210990622498248,25.283364967027744
5179.734,0.2809872323265967,4.210944173256622,25.285261503283518
5182.64,0.28284498398426805,4.211071920000211,25.28863854144448
5185.546,0.2820519845668719,4.21117899856151,25.26630794107762
5188.468,0.27985954628029897,4.211551057295635,25.27700066254357
5191.375,0.2783734618858428,4.211272396189297,25.267532669672832
5194.296,0.2840113373127432,4.211444194968176,25.273135168912212
5197.218,0.2819307858787681,4.211248832405932,25.269807118219223
5200.125,0.2800495996611997,4.211255575791741,25.25989175648829
5203.046,0.28124743487336434,4.2115042464490084,25.256998921891068
5205.984,0.2805759957526118,4.211480125583451,25.24865422001901
5208.89,0.2797056543662055,4.211351424556701,25.246235925285966
5211.796,0.27969817305578415,4.211471535199093,25.251874187636822
5214.734,0.28030902097010596,4.2115155134421824,25.252958497030527
5217.64,0.2799257066766028,4.211899159749486,25.241478164347164
5220.562,0.28095605940950236,4.211837362258181,25.23871275128043
5223.468,0.279478208166807,4.211747556986888,25.238482279927663
5226.375,0.27953598850274064,4.212017743848793,25.238193237409124
5229.296,0.2799065120227605,4.21175497823908,25.239912281325108
5232.203,0.2821665095391864,4.212006407286545,25.237152618960863
5235.109,0.27890798824673035,4.2120361900118795,25.235710967363488
5238.015,0.28054618415589433,4.212070047686466,25.224175986054657
5240.937,0.2793126521500583,4.212237077322448,25.22438363640576
5243.843,0.27724243856151576,4.2120257980840865,25.22394296362337
5246.781,0.2803544514916853,4.212238696464595,25.226813822897185
5249.687,0.27834028778181363,4.212332142459132,25.219349527637352
5252.593,0.28131752209302624,4.212461577623158,25.193492177330278
5255.5,0.2779090131547793,4.212478642319424,25.19050307952052
5258.421,0.27988602225303516,4.212433324020184,25.201473227362097
5261.328,0.279088509676401,4.212515094431044,25.200432329877213
5264.234,0.2771777494078183,4.212527472524226,25.19820633950621
5267.14,0.27929465532147,4.212639216198524,25.20537575557094
5270.062,0.2566415798129948,4.2108277822832685,25.199835825033038
5272.968,0.2557934224248222,4.210565349792365,25.195910556735754
5275.875,0.2583930604721254,4.210830428812428,25.198293692127816
5278.781,0.25860718067235355,4.210833215379923,25.19374425043751
5281.703,0.2582848727035305,4.210688389157162,25.183743691509317
5284.609,0.2587676672985819,4.211000293281682,25.166400431978673
5287.531,0.25982498925014963,4.21093660815904,25.1430779021142
5290.437,0.2563687325675491,4.210598411511481,25.127456196302465
5293.343,0.25470698024698285,4.210631944079621,25.131642268575384
5296.25,0.25709688535078395,4.210808619304783,25.150154549107043
5299.171,0.2582025681821497,4.210769826589611,25.15786593983822
5302.078,0.2559858665495583,4.21086282461138,25.154837145406184
5304.984,0.25735954454833315,4.210912802338678,25.1628161803462
5307.89,0.2556989036493884,4.210733007598061,25.1565357902072
5310.796,0.25797009093420675,4.210806500843658,25.136913477228948
5313.718,0.2574497250387207,4.211041061951924,25.120776388247485
5316.625,0.25406600273760016,4.211044682178002,25.10605551094609
5319.546,0.258535086347095,4.211039034948715,25.101928804844345
5322.453,0.2570821045338696,4.2109793609175465,25.115406460914887
5325.359,0.2542687204101366,4.210973688621693,25.126785427054138
5328.265,0.2560327126803312,4.211255078302933,25.12896751223358
5331.171,0.25485410211547443,4.211170152759499,25.114818822546315
5334.078,0.2527718345625581,4.211177223377502,25.118088522125152
5337.0,0.2564155827206097,4.211523514461275,25.10009522797354
5339.906,0.25416890802174696,4.2112660612865485,25.096548024463914
5342.812,0.2564367022175386,4.211400171509393,25.098475904341917
5345.734,0.2567492729974078,4.21145034648583,25.111331089218062
5348.64,0.25434169721622285,4.211219196641171,25.110627306349254
5351.546,0.25911468734623916,4.211655904295656,25.11229136839177
5354.484,0.25372109465655107,4.211587100977085,25.119456785285752
5357.406,0.2568078875849386,4.211526146036606,25.112472465810768
5360.312,0.25641738509103484,4.211506739922366,25.102737794180335
5363.218,0.25328598828900534,4.211269270637518,25.10476803142681
5366.125,0.254297449949109,4.21150690172602,25.097387778689125
5369.031,0.25484218695309274,4.2117908280158565,25.10164758389775
5371.953,0.25544774085359284,4.2118048811904405,25.09886853652743
5374.859,0.25423657226349156,4.2118047430703065,25.085854424323117
5377.765,0.25529537653115847,4.21162608122228,25.076329226381997
5380.671,0.2521609555097054,4.211857833733408,25.079909045107293
5383.578,0.2559775765481184,4.21173593904598,25.08048617565473
5386.515,0.2547785093372831,4.211831409403767,25.08065977345621
5389.421,0.25354875144634215,4.2119223982845995,25.078446161393924
5392.406,0.25371570334787336,4.21191663156329,25.07410570981288
5395.343,0.25368800735885944,4.211943222682001,25.074740218307525
5398.281,0.25625269433553016,4.212166755443374,25.062719529223752
5401.218,0.25353789833168017,4.212150110208472,25.06887538792807
5404.156,0.25535675983310074,4.212358155597333,25.069927998502227
5407.078,0.25372086130220495,4.2123377361908405,25.0492661950185
5409.984,0.2547415307953093,4.212422540017041,25.061442965036314
5412.89,0.2506818701672225,4.212571669466947,25.054529979361032
5415.796,0.2550927614287731,4.212275641938367,25.053673682965215
5418.718,0.2512198448266915,4.212735013771059,25.051331355008948
5421.625,0.25528050216134807,4.212696634053051,25.05489287815523
5424.531,0.25515823823881506,4.212470378239105,25.05297154040434
5427.437,0.25746099831230623,4.212476163026631,25.045829460654613
5430.359,0.25222095096650504,4.212607946197144,25.04274440275211
5433.265,0.25522195575554907,4.2126104787701975,25.032436475566566
5436.187,0.25300185471007325,4.212679429703039,25.029146203122664
5439.093,0.2539454324013884,4.212793678842385,25.014671671042944
5442.031,0.2516087286823149,4.2129284769164395,25.00906632009975
5444.968,0.25147206518305226,4.212876418209827,24.992108372968286
5447.875,0.2526489415921035,4.2129813142113655,25.00204584908463
5450.796,0.2523892069349891,4.2129749655342055,25.01572995095906
5453.703,0.24993546492154747,4.21303752052325,25.013103099297247
5456.609,0.25241045826370395,4.21330795627433,25.001489081856874
5459.515,0.25047841696659257,4.213437183826253,25.000448304330693
5462.421,0.25289418108458955,4.21328701404414,24.993400554594427
5465.328,0.2515489038690719,4.213336468536604,24.99425801430641
5468.25,0.25025925930690707,4.213530108680219,24.989614384822705
5471.156,0.25359480730285217,4.213268226017606,24.996282016318283
5474.062,0.2525192872652628,4.213691850594965,24.994463117745397
5477.0,0.22697587373480144,4.211772342039981,24.990704404832016
5479.906,0.22741925789597847,4.211645031060388,24.995251805454114
5482.812,0.22742684417497283,4.211688591259026,24.994765978529287
5485.718,0.22826924009594168,4.21149279996608,24.989586459193337
5488.64,0.23245070122125108,4.211797608643042,24.996583152859777
5491.546,0.22906714201071654,4.211580039850458,24.996278068635075
5494.453,0.2257988684836094,4.211655596018294,24.995908123522458
5497.359,0.22900088961491516,4.211767930558465,24.991818048572796
5500.265,0.22623457984825424,4.2116905203074895,24.989517097769387
5503.171,0.2270920148723896,4.211748086683235,24.998093746584217
5506.078,0.23062497831658801,4.211862238481088,24.985612342343302
5508.984,0.22557302305835705,4.211693525083613,24.980273514819835
5511.906,0.23038100413334697,4.2118033812278775,24.968523446233128
5514.812,0.23204289050807766,4.211616746645514,24.959746595918773
5517.718,0.22897925878878944,4.211860309489902,24.962786343141648
5520.625,0.22800854759196623,4.2117396569797565,24.965273008841063
5523.531,0.2284613796539274,4.211867073780801,24.95582665529056
5526.437,0.22979851771697338,4.211722357017597,24.952877012897215
5529.343,0.22847612379670376,4.212078900925356,24.959756529953996
5532.25,0.2279302702550572,4.211989969485848,24.960024325100438
5535.156,0.22912329891004463,4.2120625403671275,24.962410716547268
5538.062,0.22835825909669763,4.211876057179098,24.96302797064234
5540.968,0.2305936174000996,4.211932711634704,24.96497346510386
5543.875,0.22700673543731892,4.212091449618534,24.964727654518168
5546.781,0.2255825115349657,4.2122638738143525,24.96447430773418
5549.703,0.22697038262089508,4.211886794836241,24.949209542292664
5552.609,0.22673162549227183,4.2123022849463405,24.92131830580678
5555.515,0.22706677967002833,4.212167035241025,24.92111733099654
5558.406,0.22926869965609584,4.212153401727738,24.920743603307834
5561.312,0.22575376359417432,4.212422382272159,24.934772605293514
5564.218,0.22896308874011023,4.212204806387665,24.938945853323524
5567.125,0.2286023675923925,4.212295218561616,24.938024004208792
5570.031,0.2291382609583789,4.212392511942992,24.936484164146897
5572.937,0.22978075011618107,4.212591689237362,24.943477002965796
5575.859,0.22748830348249885,4.212372520466982,24.944058360500104
5578.765,0.23025216479741567,4.212639400843325,24.93570018352239
5581.671,0.23001737286479226,4.212393686360019,24.923292787230817
5584.578,0.22673513204013432,4.212526447253004,24.919356620640237
5587.484,0.22841740311877096,4.212556926383852,24.917497555321837
5590.39,0.22792558794564158,4.212664178919638,24.909032994238
5593.296,0.22604040003699566,4.212651038435419,24.899228132549222
5596.203,0.22405426735801529,4.213135702586783,24.88572303423114
5599.109,0.22733481140919623,4.212966897774441,24.887317823774694
5602.015,0.22463980085832713,4.213004454503893,24.88220254506634
5604.921,0.2271538985998087,4.212779241656954,24.887560785803583
5607.875,0.22744560064337097,4.212985037693361,24.899514310289067
5610.812,0.22519240285025585,4.213035463960283,24.90279581223903
5613.718,0.22841262042362806,4.213134333719752,24.894452349816866
5616.625,0.22784243251390293,4.213115373877061,24.898350785791564
5619.531,0.22232660857200365,4.213121817628799,24.89805102458575
5622.437,0.22880037646673337,4.213292558893597,24.89364134874497
5625.343,0.22658966253411134,4.213159604796464,24.894953513634057
5628.265,0.22480424066382804,4.213242951230445,24.891666884971254
5631.171,0.22526446964717226,4.213371633110001,24.893567126990625
5634.078,0.22953935790541471,4.213298133025772,24.890017315269255
5636.984,0.22730557158414452,4.213507049158637,24.888892386503652
5639.89,0.22694289767367626,4.213349003608737,24.891093288605337
5642.828,0.22439033263187716,4.21344452322038,24.891921436420994
5645.75,0.22633116967031558,4.2138098845025445,24.883687114380642
5648.656,0.20278709357632813,4.211772749580782,24.87594315490097
5651.562,0.20075911253277726,4.211420306955821,24.876141702527672
5654.468,0.20179730006150332,4.21166918924888,24.873275858235132
5657.375,0.20045358305915773,4.211960558986602,24.868537138518544
5660.281,0.20112012873377677,4.211551315264279,24.86705352453099
5663.187,0.2028018842232097,4.2115804764546265,24.867002850549905
5666.109,0.20143318797628249,4.211612970973227,24.86920566522546
5669.015,0.20029730684718133,4.211617865281194,24.85828606113177
5671.921,0.20008974556292633,4.211605497697161,24.856726201641262
5674.828,0.20115620848063984,4.211428216948464,24.85719087592865
5677.75,0.20253402130437,4.211545597027679,24.854423030892068
5680.656,0.20362825745145977,4.211609924143947,24.853390501863938
5683.562,0.20291493247992648,4.211492350468652,24.85360425557169
5686.468,0.2026589707508643,4.211534395970488,24.854726658477567
5689.375,0.20117959022552898,4.211631280127725,24.85766376675749
5692.296,0.19898779388306023,4.211648386708615,24.857383775643683
5695.203,0.20136438930286263,4.2118678710457536,24.84943323551501
5698.109,0.2005789921510944,4.211558761076286,24.836969908731245
5701.015,0.20014988696236402,4.211530027856478,24.81644039041959
5703.921,0.20085915863453208,4.2117684882638935,24.80740228904593
5706.843,0.20338216226057726,4.2114802131817095,24.820383511520255
5709.75,0.1996731837557567,4.211733499638025,24.823476020321298
5712.671,0.20102911610956783,4.211733998490685,24.828792807418022
5715.578,0.2010316314411987,4.211662657978312,24.828744449517586
5718.484,0.2035905695659564,4.211859783435709,24.826168057555037
5721.39,0.20122271232893563,4.211863922319399,24.82857979614534
5724.296,0.19929802512529915,4.212029511119457,24.826163942532464
5727.218,0.20382320287928363,4.21187341511224,24.812902876820615
5730.125,0.20137452983497608,4.212118969335458,24.806628250332995
5733.031,0.20451619297146562,4.212195918308733,24.801062994976924
5735.937,0.20248790014413537,4.21196502654406,24.81626734195568
5738.843,0.20182390442825143,4.2119635245013285,24.819538246622646
5741.765,0.20008800884416547,4.212117270159165,24.81142479518978
5744.671,0.2014351991099438,4.21213621748571,24.81374390288748
5747.578,0.2024687870912408,4.212144939337156,24.81597790531485
5750.5,0.20203569582668351,4.2122738190157145,24.816089083607036
5753.406,0.1982938377364918,4.212386669828745,24.815236157400488
5756.312,0.20232596730130942,4.212128762901157,24.82104019294578
5759.218,0.20020035619501111,4.2122300015434275,24.815569751092
5762.125,0.20108348793978603,4.212350464064006,24.80404628725525
5765.031,0.20162252305863623,4.21220254337759,24.78947211568012
5767.953,0.20029702862839965,4.212340740960277,24.792721593214747
5770.859,0.1978389114991922,4.212439183032066,24.790179016443787
5773.765,0.20374227902466321,4.212431656699182,24.789949874520698
5776.687,0.19909430354577987,4.212625980907508,24.79348995433636
5779.593,0.19802650332846658,4.212541811454334,24.803366854781792
5782.5,0.19963854700841616,4.212538606296324,24.795214431805643
5785.406,0.20027329915773312,4.212444438808787,24.78708538964134
5788.312,0.2018241034236992,4.212933805301305,24.788987557290643
5791.218,0.2019744670098969,4.212653751692179,24.78456448038488
5794.14,0.20153968620948431,4.212834492318094,24.770547543821717
5797.046,0.20110073980617685,4.212671287751869,24.74325559846814
5799.953,0.1974315691406641,4.212915623899844,24.744709750858384
5802.859,0.19844494151897285,4.212600727470024,24.736902255615256
5805.781,0.20153531158701415,4.212607081654832,24.738734600640353
5808.687,0.19723458915882872,4.213101948458333,24.74232710322794
5811.593,0.19926744071148408,4.212876811524984,24.74863281790866
5814.531,0.20065383228551492,4.212990475427668,24.738546878455548
5817.437,0.200677116160027,4.212998080649791,24.732575345655345
5820.359,0.19929820855572686,4.213349758780675,24.74525787032827
5823.265,0.19845248355742082,4.213107802619053,24.743864241849696
5826.171,0.19808408049283552,4.213100665454613,24.743175053303855
5829.078,0.1965092957440718,4.213198090289987,24.735060334935433
5831.984,0.19838842201924214,4.213230858688498,24.73349372295571
5834.906,0.20089240178268766,4.2132084409903,24.72879437390246
5837.812,0.19815091068640264,4.213344915619317,24.740582569589115
5840.718,0.2003852141376881,4.2134794344354765,24.742391630643887
5843.625,0.19762752672946607,4.2135082859863155,24.73513305316836
5846.562,0.1981231837399185,4.2135118606796516,24.725215253203675
5849.468,0.19472441101807622,4.213447001759967,24.71823870669892
5852.375,0.19789150897809551,4.21346077657528,24.70892463420242
5855.281,0.1960161346404418,4.213370120542427,24.717521036092165
5858.187,0.1959405938831174,4.213598782505916,24.72094830006338
5861.109,0.17558770961827336,4.211855591438996,24.72130400410496
5864.015,0.17418322324018867,4.211746418389573,24.72148882138224
5866.921,0.17739061467255404,4.211745231299723,24.725539745712595
5869.828,0.17682388173994482,4.211716668730578,24.716899306398787
5872.734,0.17523033941010363,4.211738559632381,24.716538344682057
5875.64,0.17615321935046016,4.211572966276097,24.722529791041858
5878.562,0.17732560125196453,4.21171865468926,24.715092355192926
5881.468,0.176414816310454,4.21144338366392,24.70836389856047
5884.375,0.1758558699621859,4.211553774922492,24.703816769132057
5887.281,0.17621526181127142,4.211705897360472,24.70841540267937
5890.203,0.1723248404334768,4.211498261455784,24.704057332875923
5893.109,0.17489063226892693,4.211909800880253,24.7122388444167
5896.015,0.17667749310470077,4.21149855117989,24.706676477104846
5898.953,0.1738787098639309,4.211650767755694,24.70631055562307
5901.859,0.17769597369838513,4.211889841709995,24.711742891999073
5904.765,0.18239542462580094,4.211566634005024,24.705358891307686
5907.687,0.17660890056146852,4.211695028422014,24.710205644678442
5910.593,0.17770271632951345,4.211756272244944,24.70407638430185
5913.5,0.17683549804590873,4.211997683002372,24.702932925274435
5916.406,0.17940352833936613,4.211792169786787,24.704869266789927
5919.312,0.17633283547986978,4.211719748968894,24.695807418037884
5922.234,0.17495823141192363,4.211966660349787,24.695115565993305
5925.14,0.17788040115995932,4.211873097145931,24.69734702299327
5928.046,0.17317263824622492,4.211872288880236,24.692469778563087
5930.984,0.17612020279469057,4.211975766539351,24.683654201040287
5933.89,0.17271438152274357,4.211580083680947,24.690465266295917
5936.796,0.17466159226373992,4.212056796138598,24.69193929023015
5939.703,0.17549543068935897,4.212140975903928,24.689992848970515
5942.609,0.17014830694557317,4.21184624290128,24.663603771068857
5945.515,0.17567823833265184,4.211933886951438,24.673159664334204
5948.421,0.17560028268510558,4.211943451171713,24.666447853910775
5951.328,0.17239396783964542,4.212323902177574,24.654199172691477
5954.25,0.17740779607782128,4.212155150082546,24.662190628407377
5957.156,0.17574545293759797,4.212079337474055,24.664114846426994
5960.062,0.17240081100351473,4.212159886529434,24.673400556921976
5962.968,0.1734467275713491,4.212036194677083,24.662692911953354
5965.89,0.17644516009077,4.212230050851834,24.6432919454421
5968.796,0.17110363739927398,4.212265400877558,24.634395481484024
5971.703,0.17498688870566392,4.212232735846874,24.64974059973777
5974.609,0.1773476413228753,4.212470251923379,24.64486484791989
5977.515,0.17561382743128345,4.212522098335497,24.64585046017898
5980.421,0.17600760157892487,4.2121003037914395,24.638452385253355
5983.328,0.17681744467634866,4.212434974067672,24.627977215893974
5986.234,0.17314593366926012,4.212456219610986,24.631253234676695
5989.14,0.17515515902228895,4.212585052121712,24.643154745695487
5992.046,0.17260190281013457,4.212503008371076,24.655024827319558
5994.968,0.17654836258773632,4.212435490454047,24.647525353894597
5997.875,0.17362328140201155,4.212586911894818,24.651172159011065
6000.796,0.17221338994327184,4.212652721639393,24.6448741747416
6003.703,0.17303518555964442,4.212297668012726,24.64338545457886
6006.609,0.17519990534037405,4.212559079516414,24.633784022142745
6009.546,0.17456369745722755,4.212733155145523,24.635218401404803
6012.453,0.17145729077499405,4.212644863017988,24.63273312711361
6015.359,0.17403605578263803,4.212717905194629,24.632359417390557
6018.265,0.17534154568167395,4.212572994709079,24.62289474739868
6021.171,0.17531739996038243,4.212566220954216,24.630140012233262
6024.093,0.17409705598481356,4.212649098010733,24.621436104415825
6027.0,0.1762435331688858,4.212784422393788,24.62285861422276
6029.906,0.17318448449237703,4.2129150894819585,24.628019131523793
6032.812,0.17478075322534567,4.2130931597655,24.621796082947274
6035.718,0.1737747945663452,4.213047526322067,24.62287564185491
6038.64,0.17627489173773478,4.213192137577311,24.622521186126384
6041.562,0.17465189550763977,4.21293544743411,24.63328069596643
6044.484,0.17312302182293582,4.2131399446849995,24.622192642805576
6047.39,0.1714910190234427,4.213214410082753,24.620930343512466
6050.296,0.1720293056420618,4.21324190365207,24.618109335662048
6053.203,0.1731409146680053,4.213210032666598,24.612788478197036
6056.109,0.17406780446520934,4.213239346624495,24.615275885111526
6059.031,0.17100998579824073,4.213130015743112,24.61376283628793
6061.937,0.1728365684762187,4.213131670794234,24.615903140307342
6064.843,0.17028188771051894,4.21341492306613,24.612987166784794
6067.75,0.1724597985785493,4.213271767978056,24.612384858146076
6070.656,0.1748007895861994,4.213233416784284,24.609953812110625
6073.562,0.1744049109370631,4.213266152710363,24.6117841283851
6076.484,0.17347023585427054,4.213210409317783,24.613370990088093
6079.39,0.17330710634788732,4.2135492406408925,24.617120471031217
6082.296,0.17191877355060184,4.213593446527452,24.60124719513825
6085.218,0.1500356971015605,4.211883921875375,24.598387860502115
6088.125,0.15104981882842533,4.211629720772038,24.592045382862064
6091.031,0.1522517149672082,4.211551163625056,24.59949324767411
6093.937,0.15019310840302927,4.211450517275126,24.58734967161668
6096.843,0.1498303302039575,4.211534361997363,24.58844955465639
6099.75,0.15285372738373157,4.21156488468982,24.58031620286631
6102.656,0.15241085711041125,4.211577704542682,24.58355596547037
6105.562,0.15025700948505555,4.211520995520458,24.578015613982284
6108.484,0.15414253619403326,4.211546208909169,24.57586855532667
6111.39,0.148568892644547,4.211426356070082,24.568046955303625
6114.296,0.15312518861189173,4.211446489347813,24.56283190952318
6117.218,0.15145440423030282,4.21127788321143,24.558234617390333
6120.125,0.15044840094631834,4.2114884816070655,24.557976516427882
6123.031,0.14852730618982105,4.211788926604775,24.557771406461566
6125.968,0.14833639247183694,4.21166648103083,24.561174810662575
6128.875,0.14645666246410347,4.211661142435316,24.544891520983313
6131.781,0.15119223556654005,4.211655367558854,24.554809649885048
6134.687,0.15274246768362834,4.211445683088805,24.557002446723757
6137.593,0.14979577559278312,4.211612454546899,24.55648596246855
6140.515,0.153294997934018,4.211566351463299,24.56203827744412
6143.421,0.15294565035558513,4.211310613967409,24.56478882742248
6146.328,0.15207278812913053,4.211517469761339,24.561720504571426
6149.234,0.15110303484203877,4.211580484394225,24.571342703859745
6152.14,0.15084809727013468,4.2117496094661675,24.572518540213892
6155.062,0.15002999070586615,4.211463492161265,24.569840678849793
6157.984,0.15103597469517285,4.211854107314026,24.557132704469808
6160.906,0.14898991978499296,4.211771581610136,24.554778698923297
6163.812,0.15063916430556878,4.211597617402223,24.550832680710464
6166.718,0.1523449093199533,4.211610184340033,24.556293525155404
6169.625,0.15286985768659445,4.211614390288797,24.538844457980176
6172.531,0.15078284202800274,4.212039275727505,24.54068035301174
6175.437,0.1534460011862467,4.21173451544423,24.549218530463392
6178.343,0.14730461088101168,4.211852454747486,24.548813513008692
6181.265,0.152278010683039,4.211770055712621,24.54552371279941
6184.171,0.1522483626021146,4.211807874601357,24.539801142842265
6187.078,0.1480353534435776,4.211570138973786,24.55184869670898
6189.984,0.15074896817059028,4.211792847441179,24.549269163267677
6192.906,0.14645264692184443,4.211883577157641,24.54584141455677
6195.812,0.1493305407374281,4.211895896709388,24.53689296511401
6198.718,0.15012730330306145,4.211881913146816,24.535794924245746
6201.625,0.15089296424706763,4.211971489634052,24.53853752877877
6204.531,0.14922772993283331,4.211779318326632,24.54191492874382
6207.437,0.15110919264003694,4.2119384740428245,24.535872688157028
6210.359,0.1472355159054125,4.212020050664137,24.531985536105026
6213.265,0.15008118622659475,4.2121634385466225,24.518279786037077
6216.171,0.14898584897324502,4.2120075005500714,24.520828828071515
6219.078,0.1477493908821924,4.211757858057864,24.535337357779145
6221.984,0.14851551964169085,4.2119188029709065,24.539457837895363
6224.906,0.1503478564232286,4.211932188234342,24.533149223582768
6227.812,0.14776710012744085,4.212291786841032,24.54273211806987
6230.718,0.14768956453717838,4.212122440168217,24.54191876658003
6233.625,0.15138205145643127,4.211956838671138,24.537436969722485
6236.546,0.1540441320763006,4.212228581276087,24.542016290927467
6239.5,0.15075113438313506,4.212336280121269,24.53963073912449
6242.437,0.14994188782612203,4.212430182061683,24.52505494893992
6245.39,0.14664866015318576,4.21231388655889,24.530797070178814
6248.359,0.14915811800446965,4.212128546763827,24.526297640848068
6251.296,0.1507003034641414,4.212424567393829,24.521010327526703
6254.234,0.14898763485852926,4.212323465003495,24.517802494976753
6257.14,0.1475467237612399,4.212245980252514,24.520792665446095
6260.046,0.14953791193854393,4.212273598382549,24.512313777025835
6262.968,0.14896741253227996,4.212325818933768,24.510274626323376
6265.906,0.14904793535900232,4.212454157233622,24.513988514756488
6268.812,0.14680212592034464,4.212326701721106,24.51573357205326
6271.718,0.1473983092064841,4.212613599567295,24.507439642963348
6274.64,0.1493442660437416,4.212636301462714,24.51054932868648
6277.546,0.14953466438164392,4.212731368128912,24.500612608132506
6280.453,0.1475025814649276,4.2126680506375775,24.510991209136403
6283.359,0.14864405815588866,4.212860873823432,24.501122644624708
6286.265,0.14897626010839332,4.213147161205981,24.50025217641435
6289.187,0.1468259158134655,4.212804180318276,24.49476988087687
6292.093,0.1480132793809917,4.21288944497171,24.490152602395227
6295.0,0.14655588548775622,4.212739200846776,24.48770036588114
6297.937,0.14867133262709,4.212805687318152,24.49531686781355
6300.843,0.14654434031542068,4.212933579762332,24.49294851029513
6303.75,0.14511754482249514,4.212730516795484,24.494193916637045
6306.671,0.1484907971029782,4.212905314366708,24.489615255107704
6309.578,0.14623005429149322,4.212814535516979,24.482922841960168
6312.484,0.14974291876714385,4.213026413112857,24.485148036440417
6315.39,0.14895454002179734,4.213010747659307,24.483435157254934
6318.296,0.14795199199137418,4.21314699812128,24.483126160237912
6321.203,0.14996851779510886,4.212608908696212,24.47303583651489
6324.125,0.14572322434610596,4.212934254731467,24.473531350797312
6327.031,0.14707054185541535,4.21323412090108,24.47799389289984
6329.937,0.1493929353200355,4.213019916438383,24.48341566638559
6332.859,0.14526391972336805,4.213136391994675,24.474781788105854
6335.796,0.14740413337970307,4.212998936420812,24.476308083073697
6338.734,0.14784969372008736,4.213292918318431,24.462774455903965
6341.671,0.14546118640519834,4.2133461024310686,24.466092882479593
6344.625,0.14594436846705772,4.213514884111542,24.471274699817037
6347.625,0.1473451144358523,4.213152733633149,24.47514661591009
6350.64,0.14690904219284515,4.213466053965572,24.474279860972178
6353.609,0.1470783724471095,4.2135848184009905,24.471358584328513
6356.593,0.12658865081415457,4.211589401843851,24.46496662945057
6359.578,0.12573726341815628,4.211363635318675,24.45135313168033
6362.484,0.12268525136962265,4.21138484955359,24.446697365454703
6365.39,0.12711900911180615,4.211352361353257,24.455493918167466
6368.296,0.1259665114056818,4.211255587010711,24.450928670597115
6371.203,0.12377605205675693,4.211351984210702,24.439969128421495
6374.109,0.12127893108809577,4.211253312539894,24.434456366078173
6377.015,0.1215446778863452,4.211470654040707,24.436580187066074
6379.921,0.12686906393289674,4.211393561714523,24.438922070973764
6382.828,0.12602045971676276,4.211379245511047,24.446900255039747
6385.734,0.12397523751159771,4.21139396660264,24.428910966734772
6388.64,0.12408936696014382,4.211325878317931,24.431502211883103
6391.562,0.12437041044895969,4.211127471075337,24.433425909045543
6394.468,0.12629312890647992,4.211382083296975,24.444020806253913
6397.375,0.12401793436245016,4.211158886561803,24.44571078938043
6400.281,0.12753349176500786,4.211438071002018,24.441174561875012
6403.187,0.12447475154894784,4.211350048110095,24.42388628374416
6406.093,0.12489262118841553,4.21122808460857,24.43039807066028
6409.0,0.1256917665929419,4.2113927674562515,24.41847761355998
6411.906,0.12205038781043652,4.211414025573083,24.418469102405506
6414.812,0.12291510162038059,4.211208930075431,24.405997734145156
6417.718,0.1277058684500377,4.211320840720316,24.413038230731573
6420.625,0.12150989493353043,4.21147757243322,24.426938302244576
6423.546,0.12207126919999439,4.211204259431986,24.437268991040817
6426.453,0.12385304098046984,4.211180788111267,24.433659166508928
6429.359,0.12491855496182977,4.211279151067258,24.435532631693818
6432.265,0.12253055315111422,4.211150467497443,24.440139365404352
6435.171,0.12275219871434627,4.211316182038637,24.430011404738874
6438.078,0.12501117349875981,4.211760051414611,24.43819781760139
6441.015,0.12337582342219208,4.211323978378193,24.43569517939596
6443.921,0.127546777928461,4.211706436386464,24.435810354462408
6446.828,0.12352570748103393,4.211267168102424,24.433721795308855
6449.734,0.12477190948605793,4.211606662660569,24.424452961905637
6452.656,0.12755507797736432,4.211184242340214,24.41213741364913
6455.562,0.12764261120014186,4.2114687319178685,24.41336051591626
6458.468,0.12303828601857754,4.2112314169125,24.412785147566723
6461.375,0.12355330520440098,4.211614483394561,24.41911209200207
6464.281,0.12743389721094578,4.211286596590074,24.431586181177497
6467.203,0.12598680371498577,4.21162203182054,24.42686780868208
6470.109,0.1253197752553674,4.211779653429003,24.424992510705223
6473.046,0.1272412361745611,4.211782613891322,24.432219272274622
6475.953,0.12640175175568355,4.2118982940694165,24.43682801924065
6478.859,0.12263788286573915,4.211822820255174,24.41937069004445
6481.765,0.1252067894920839,4.211365836265322,24.420013428429474
6484.671,0.125402417188199,4.211471565834743,24.41445203477411
6487.593,0.12544009589303898,4.2116273179686585,24.414613572265072
6490.5,0.1278338113929503,4.211556899217532,24.40467373679479
6493.406,0.12530130516323681,4.211681282136354,24.40562600275761
6496.312,0.12505629552688563,4.211825521332273,24.399163444824502
6499.218,0.12683168411534704,4.211577604762784,24.407361199708255
6502.125,0.1214767171267079,4.211963095632866,24.41164611631375
6505.046,0.12557534761169709,4.211826628535109,24.4152104521278
6507.953,0.1220936966539237,4.2116859498832655,24.410155906459707
6510.875,0.1231608050242813,4.211668787470451,24.405055419238867
6513.781,0.12225806708317509,4.211821006116014,24.409033536802536
6516.687,0.12302744456134135,4.211702253471563,24.40601954633534
6519.593,0.12673632580987085,4.211861255356342,24.400991505202526
6522.5,0.12291778499238198,4.21187282691989,24.408063357788702
6525.406,0.12387561921797685,4.2119554390348295,24.403358985274334
6528.312,0.12474036643706768,4.211901326493496,24.40622217347465
6531.218,0.124880919873938,4.2120393728994125,24.40874316834517
6534.125,0.12453897677461659,4.212029391630449,24.39281230755024
6537.031,0.12164634238965182,4.2116980437741836,24.387496256606052
6539.953,0.12221132847633294,4.212052667090607,24.383065921054264
6542.859,0.12224867378366006,4.211920843273286,24.386830559316603
6545.765,0.1238333979284671,4.211794484265037,24.38536253682296
6548.687,0.12432067499466476,4.212258538449796,24.381040063223224
6551.593,0.12174701607477902,4.212100787300013,24.378540950911855
6554.5,0.12130826533875211,4.2123604704107,24.374808820707496
6557.406,0.12469449079208647,4.212325667457067,24.372432654897818
6560.312,0.12411092934900293,4.2120701522407185,24.363876802762707
6563.218,0.12422267005213507,4.212365876668398,24.366515162197345
6566.14,0.12247554328400154,4.212177722525392,24.379346255414852
6569.046,0.12402698203440472,4.212200665654434,24.37548470056878
6571.953,0.12393349476234462,4.212214567336465,24.37633612030679
6574.875,0.12248581998782324,4.211980215124398,24.380619672133637
6577.781,0.1237327222238222,4.212118190425101,24.375461107938627
6580.687,0.12367806707488344,4.212388662988245,24.37171486320931
6583.593,0.12139471533336656,4.212503857400178,24.37295119819965
6586.5,0.1228433980018188,4.212439942573858,24.371535999807747
6589.421,0.11942219301723728,4.212280421905366,24.366154638548164
6592.328,0.12084535876947446,4.212455637549284,24.36060752474273
6595.234,0.12227207611395545,4.2126486364286775,24.360973517467094
6598.14,0.12206584992985416,4.212627969401969,24.35844256739353
6601.046,0.11965426252470025,4.212428146110914,24.35289229224725
6603.968,0.12682552219425305,4.212284891808139,24.3585821176032
6606.875,0.12520564620453897,4.212429775733817,24.356747348490117
6609.781,0.1216401212576149,4.212613118415543,24.351623079429285
6612.687,0.12272565913773645,4.212789984888238,24.352754181287157
6615.609,0.12307745976589622,4.21258803125616,24.34984124632169
6618.515,0.12043707864864833,4.212788373387698,24.34989180251957
6621.421,0.12578893866658594,4.212535516318694,24.34652796884803
6624.328,0.1206855273956093,4.212860457056468,24.352786997709032
6627.234,0.12090275861835696,4.2125543297226145,24.35025907421474
6630.14,0.12143083114953511,4.213066237330365,24.353826945995642
6633.046,0.12319154022470259,4.212925818511593,24.352244105763678
6635.968,0.12230958103086681,4.2127170543180075,24.346980020605894
6638.875,0.12206945179731958,4.212975643263254,24.34813741816467
6641.781,0.12253496892018743,4.212699783903163,24.357073410339495
6644.703,0.12297027179705854,4.212874615894133,24.354380014101924
6647.609,0.12151939201266886,4.2132405043478,24.346058045772367
6650.515,0.12261333478971147,4.21259896248253,24.340265945819294
6653.421,0.12029916937022841,4.21302646300195,24.341083880539184
6656.328,0.12349764539900648,4.213003672578578,24.352688484394367
6659.234,0.12030742940453144,4.213181565033206,24.34410908753576
6662.156,0.11894355289259492,4.2130386762275345,24.345926660615067
6665.062,0.11964971179889834,4.213083058545572,24.351544386582955
6667.968,0.11991145398271384,4.213023658200766,24.34328443789619
6670.89,0.12170343012705559,4.2129987809437575,24.330551448262298
6673.796,0.12002334933414903,4.2130079832865635,24.32594245823253
6676.703,0.11824822445898187,4.213116041576675,24.331475688133292
6679.609,0.12403788448143827,4.2129870773210545,24.325746966119777
6682.515,0.12381529177973163,4.212995621004154,24.329824622834895
6685.421,0.12119394029284959,4.213242252632689,24.336762630582932
6688.328,0.12146791635311148,4.213051415964512,24.33672189010919
6691.25,0.11823215158924753,4.213490621811308,24.333928466220186
6694.156,0.11985493917469688,4.213587133507024,24.323708037313658
6697.062,0.09719772909735806,4.21147970540827,24.322417252511233
6699.984,0.09560104016514383,4.2113120486158895,24.318735908022013
6702.89,0.0977738696436392,4.211024084946677,24.333157648949452
6705.796,0.09512773565299845,4.211205409326809,24.34086205296265
6708.703,0.09769843078057375,4.211149843862616,24.34057761733593
6711.609,0.0971138064479152,4.210791006231952,24.33590463963656
6714.531,0.09960241674430391,4.210859331432387,24.338991703011935
6717.437,0.09912306385424471,4.21096742368685,24.333850018813656
6720.343,0.09941130397292099,4.210882630993083,24.32965246874192
6723.25,0.09283524034197826,4.211215745666704,24.32953966294838
6726.156,0.09830854449147816,4.211057258045329,24.331648253888382
6729.093,0.09691491855966833,4.210982650780415,24.320755638641344
6732.031,0.0948341842664724,4.210895355934289,24.327470905792136
6734.937,0.09873196769432174,4.210887726126142,24.324137118632795
6737.843,0.09736344253952867,4.2110559967027905,24.321905626305472
6740.75,0.09785263941818717,4.211171956512572,24.326043925521436
6743.656,0.09516186170563007,4.210816561871653,24.326235258786838
6746.578,0.09495394773900886,4.211322825848242,24.316583660344108
6749.484,0.09662035329726132,4.210945063313974,24.304315203339257
6752.39,0.09671567964572465,4.211018389589304,24.301335496568292
6755.296,0.09569902071271935,4.211179813451476,24.2997516357687
6758.203,0.0961003382975988,4.211042951426859,24.301736566508747
6761.109,0.09919400160632565,4.211021757112998,24.30381348656941
6764.046,0.10038056410052783,4.211250065975946,24.30004942078939
6766.953,0.09571944049551256,4.211113720658932,24.3066089290033
6769.859,0.09721759058355947,4.211245460577758,24.312559939888335
6772.781,0.09935243478083634,4.211040352461354,24.310214345495922
6775.687,0.09610013296454853,4.210874656637225,24.308443151806856
6778.593,0.09660771768687357,4.211131104127068,24.30850030561076
6781.5,0.09721949630624623,4.210725410709431,24.307530759859667
6784.406,0.09165889377373188,4.21076662327984,24.305783162881813
6787.312,0.0978268647400712,4.211394446373183,24.30367152968701
6790.234,0.095786752259365,4.210946981218878,24.29887509690465
6793.14,0.09910191299379734,4.211037731468924,24.30044786027606
6796.046,0.09531991254869797,4.210943532445682,24.304266375768773
6798.953,0.09663261539327488,4.211218813880242,24.306873335874116
6801.859,0.09853920803199377,4.211063632949557,24.306312619895348
6804.765,0.09502186454829369,4.211048105529869,24.312075872392175
6807.671,0.0946030305147831,4.211066996461353,24.303073444635395
6810.593,0.10097138304494778,4.211063572762899,24.300803137475846
6813.5,0.09517356835831656,4.211283880344099,24.302366180405
6816.406,0.09981333315543461,4.211458035055659,24.309500865477382
6819.312,0.0986992667193959,4.211142639346724,24.305470934787692
6822.234,0.09762163238734477,4.211301777920209,24.305457906664174
6825.14,0.09885881245636455,4.2111221358392505,24.30349186232239
6828.046,0.092103599524909,4.211264953959642,24.296791233753442
6830.968,0.09609340780040694,4.211164118501077,24.29387866255029
6833.89,0.09709053646999075,4.211363118125065,24.294574923917324
6836.796,0.09526216293696813,4.211366864538644,24.29509300416381
6839.703,0.09725780036812125,4.210812440471832,24.294357825763534
6842.609,0.09551463996884582,4.21145052693107,24.291038629086138
6845.531,0.10024761357022978,4.211192614573516,24.295226721986076
6848.437,0.09610646073245636,4.211348658177439,24.290600769265044
6851.343,0.09649186482796449,4.211224552425029,24.27565280954031
6854.265,0.09685106758330461,4.210935612414248,24.27277829636074
6857.171,0.10075973295035424,4.211410464327991,24.272986384571333
6860.093,0.09802412690622105,4.211367105082591,24.274673789314207
6863.0,0.09545223678998643,4.211062116221513,24.2787017017424
6865.906,0.0983220267917052,4.211481963379144,24.28136493545189
6868.828,0.09607607210203851,4.211268900936455,24.284981540248044
6871.75,0.098618258282232,4.2112912922049865,24.279594432371407
6874.656,0.0933684516642517,4.211248946751199,24.286416198725014
6877.562,0.0973970669567523,4.211402478548769,24.279460539787003
6880.468,0.09815128693460452,4.211601485628101,24.2844970448869
6883.375,0.09948528685961631,4.211285465939142,24.28225501758261
6886.296,0.0967318080177435,4.211447544060047,24.286224122938677
6889.203,0.09309962423700299,4.211383188194085,24.28120562120425
6892.109,0.0983963784558192,4.211310162731972,24.2801440900828
6895.015,0.09931066520357208,4.211655746563222,24.272256962939935
6897.921,0.09422538617104512,4.211511382088529,24.266495174513846
6900.843,0.09794789334085378,4.211398509949436,24.266427443929643
6903.75,0.09491266899312686,4.211463365083832,24.269949336472372
6906.671,0.09566608458190255,4.211704709289001,24.266332424468512
6909.578,0.09910740302757096,4.211599141293125,24.262300525413036
6912.484,0.09600682557035597,4.211532838046505,24.2669245663667
6915.39,0.09663203999395764,4.211502334550956,24.258280809709813
6918.312,0.09641142574973262,4.2115091801755655,24.26060108095547
6921.218,0.09560573651900174,4.21155349257948,24.26045384076941
6924.125,0.09150151982511098,4.2116683591111554,24.264550168794276
6927.031,0.09523591103084217,4.211453432348872,24.265890734999715
6929.937,0.09768869628367671,4.211579600240221,24.25526301475855
6932.859,0.09347899507701408,4.212002938173941,24.255086516145802
6935.765,0.10002988273255126,4.211530052977771,24.257305080255804
6938.671,0.0969252002972175,4.211703341640332,24.24509258700148
6941.578,0.0961832168066272,4.211917774245704,24.245341685818936
6944.484,0.09703652043431384,4.212062098997347,24.239213076954147
6947.406,0.09788379185769364,4.21174867373476,24.236392046063873
6950.312,0.09595270757461664,4.211676792488316,24.2348772788821
6953.218,0.09388789850902027,4.211884775600327,24.240163325100312
6956.125,0.10026387756523925,4.21155666876841,24.243311676315983
6959.046,0.09616056684205389,4.211905399940399,24.233989869535105
6961.953,0.09435920278370585,4.21168981310641,24.2281968081629
6964.875,0.09670517275503322,4.211612118294242,24.241470667776813
6967.781,0.09512472952576982,4.2119441711528465,24.242669762247196
6970.687,0.09879348383015366,4.2118192575285995,24.242827440923637
6973.625,0.097392097024121,4.2120191078515585,24.245596142694524
6976.531,0.09856281076558933,4.2120666959851,24.243442925120306
6979.437,0.09417135620970274,4.212016042565085,24.247879486590005
6982.343,0.09793553854064939,4.212048580942539,24.241788628636947
6985.25,0.0974727453754654,4.211816696946294,24.234620328335364
6988.156,0.09564192089016868,4.211789243277723,24.24201373127918
6991.062,0.09160618069355164,4.211832139101302,24.239204455980442
6993.968,0.09601951919934132,4.212208628349432,24.243153035781845
6996.875,0.0986314614085066,4.212061722966694,24.246677888636725
6999.796,0.09635343751083293,4.212388949182773,24.239324426288963
7002.703,0.09436856508399652,4.212105944940075,24.234885419798633
7005.64,0.09626068863716222,4.212111674537429,24.240018168146015
7008.546,0.09552755878996105,4.212141690750002,24.231449470146075
7011.453,0.09802603371352066,4.212035324116975,24.230710757116533
7014.359,0.0962619339258653,4.212170388081269,24.229776483240762
7017.265,0.0952396652903095,4.212132403184685,24.24384771174355
7020.171,0.09381640993429848,4.212362081345947,24.235088467513005
7023.078,0.09400311348175587,4.2124491013202805,24.238755898373906
7025.984,0.09204366541537315,4.212166061967537,24.234700466107757
7028.89,0.09483704834933034,4.212412023814368,24.219170760428735
7031.796,0.09631143267874093,4.212521611108515,24.219433712901914
7034.703,0.09691830678146551,4.2122157767396375,24.226338052716326
7037.609,0.09139144390452802,4.212219963602811,24.231907746387478
7040.531,0.09381120936874592,4.2119605101623705,24.23310486148368
7043.437,0.09511074668268019,4.211981122090444,24.23426758167898
7046.343,0.09435532715730303,4.212143464415091,24.238460753834232
7049.25,0.09423289998177989,4.212288023584681,24.234834060799642
7052.156,0.09574762059121487,4.2125518021453905,24.220552663515516
7055.062,0.09507157749251226,4.212287518983821,24.230920529582825
7057.968,0.09707335745624779,4.212640081107339,24.220311966369206
7060.875,0.09399797869375172,4.21228978558941,24.225261392051088
7063.781,0.09577819177916054,4.212686163972273,24.231417670757935
7066.687,0.0917085914621508,4.212241814720562,24.23561423971008
7069.593,0.0946671016656277,4.212863045324769,24.23165395583296
7072.515,0.09685171017393986,4.212584308308484,24.235546851561836
7075.421,0.09224754009915993,4.2122477156511495,24.231211024581658
7078.328,0.09441382230279534,4.2125981215191235,24.235021268860354
7081.234,0.09529097429926416,4.212728853571922,24.22859007545218
7084.14,0.09673353075904008,4.212493747690411,24.22672594396926
7087.046,0.09075228350481208,4.212752255290931,24.22374945309613
7089.953,0.09743666303080692,4.212475735445021,24.224478891721184
7092.859,0.0964627049582982,4.212700975453467,24.215931018867416
7095.781,0.09174271334170156,4.212707769435753,24.23167536527156
7098.687,0.09544242489195938,4.212785022995039,24.22520127058275
7101.593,0.09420643088639769,4.212295260409211,24.21546060803269
7104.5,0.09322019327690806,4.212637455861835,24.212090234415648
7107.406,0.09504057008188119,4.2125957051151826,24.219921539565554
7110.312,0.09227170887583465,4.21288530301203,24.212341943952698
7113.218,0.09493340660795357,4.2131477243606845,24.21208964136449
7116.125,0.09451277869978744,4.212679708680746,24.211139126640855
7119.031,0.09536129965906548,4.213059833329108,24.21464210603855
7121.937,0.08986690276535945,4.212960030367513,24.212917399664143
7124.843,0.093969905996723,4.212823460865534,24.206648432478598
7127.765,0.09200170354444412,4.212698908721511,24.20251181853121
7130.671,0.09407751138392295,4.212763376763613,24.20791734685535
7133.578,0.08983701688414154,4.212822325053179,24.221765146371364
7136.5,0.09052817862613809,4.212739037583256,24.217404984591862
7139.406,0.0915845127589397,4.213025425171682,24.225621289571944
7142.312,0.09468865849700649,4.213184367204345,24.220908697951423
7145.218,0.09002475204946919,4.213224112932401,24.215354114646324
7148.125,0.09213507437671038,4.21306759915916,24.218135858291596
7151.031,0.09351739658532603,4.213108492367083,24.21674634963063
7153.953,0.09318862589736242,4.212956723956596,24.208101914469896
7156.875,0.08883356422942555,4.212961487672162,24.201311129207518
7159.781,0.09217555398637155,4.212898386985286,24.195685335238636
7162.687,0.09478849846442101,4.213123439848837,24.19648579801552
7165.593,0.09224056700066,4.2135621506013985,24.19418955704941
7168.5,0.09563343473161295,4.213263300003509,24.197645564535968
7171.406,0.09497432915210646,4.213026649352061,24.190903627318114
7174.328,0.09192161640698339,4.213175868181473,24.18919557121147
7177.234,0.093281371849425,4.213303788450023,24.19809982153947
7180.14,0.09114799601914998,4.213286978624572,24.196512611412125
7183.046,0.09031672887666284,4.213158587759571,24.201875016840273
7185.953,0.09075582883939519,4.213475917656312,24.192599666151327
7188.859,0.09627956046794273,4.213431704700539,24.192663767986655
7191.765,0.0928153135883639,4.213226190381266,24.193659877208027
7194.671,0.09488945626013914,4.213251718784714,24.20026901633206
7197.578,0.09161094424619641,4.2135168853963245,24.18913387884454
7200.484,0.0916416759033104,4.213384000231734,24.194413303406822
7203.406,0.09329187104682202,4.213391590736595,24.190976543666682
7206.312,0.0923163131445877,4.213491057579498,24.18099281984966
7209.218,0.09106244272152188,4.213567659089415,24.174821701872162
7212.125,0.09223188238660826,4.21336384777806,24.178140887020053
7215.031,0.09257098436042158,4.213505323928489,24.178808620256508
7217.937,0.09341414235267667,4.213430992977798,24.167838642278095
7220.843,0.08661271530374672,4.21357128597588,24.16398853569036
7223.75,0.0917623438203979,4.2136732745724625,24.17047863743659
7226.656,0.09049407696736875,4.213498726015404,24.17371425117149
7229.562,0.09270630347102735,4.213649347744778,24.168261728548252
7232.484,0.09153382010381492,4.2137825871219645,24.174245471232812
7235.39,0.09288647459755925,4.213563326945194,24.17623284218029
7238.296,0.09372824818267533,4.213753874759863,24.17083184844824
7241.218,0.08691058128497559,4.2138346840803695,24.166144780234895
7244.125,0.09437819736252459,4.213852810451132,24.168972985376307
7247.031,0.09140562477275793,4.2137670689033095,24.169910092824665
7249.937,0.09279312173963901,4.213914838078654,24.165798452307733
7252.843,0.0908891466518022,4.2140331318019,24.171954942047964
7255.75,0.09174248988489814,4.213629778634077,24.17316174726154
7258.656,0.09204225905757304,4.213901738712358,24.176342273516994
7261.562,0.08951786752221379,4.214019048785251,24.177460847454018
7264.468,0.09144060880508917,4.213792020422179,24.169765043339805
7267.375,0.0931574109351109,4.213948349759583,24.167577153777685
7270.281,0.09232714218342904,4.213839631310646,24.174635149038743
7273.218,0.09100814379847261,4.213698262561561,24.169081464310317
7276.125,0.09399028466479245,4.2138816125726475,24.17057663837508
7279.031,0.08990700641867169,4.2139874131624655,24.163273963950843
7281.937,0.0907147361039072,4.213974181438894,24.164021535170594
7284.843,0.09107038624139659,4.214113823892224,24.162627412938072
7287.75,0.08849677033154352,4.21378793119123,24.157874823482285
7290.656,0.08844439126362127,4.213986838372569,24.161990171831942
7293.562,0.08900485842378053,4.2136912454474995,24.162087134801393
7296.468,0.09050966319126307,4.214103362075275,24.159547655245692
7299.375,0.09152789218430779,4.21400851826606,24.153581385192112
7302.281,0.09016422712349893,4.214299647498498,24.153380039144412
7305.187,0.09480344641455825,4.214043148313172,24.152804629544526
7308.093,0.09256646005103848,4.214248353175887,24.14919627044966
7311.0,0.09401025719751245,4.214053138884453,24.13865711042848
7313.906,0.08872947902165318,4.2141071868109155,24.138765827358398
7316.812,0.08948706171050629,4.214224008099768,24.148602253436916
7319.734,0.09141974053347036,4.21414170938719,24.15433163925247
7322.64,0.08914018680141461,4.214263384310122,24.14560688049631
7325.546,0.09024538862209698,4.214110543822542,24.14228618817526
7328.453,0.08889616788132605,4.214386469606725,24.146831270415138
7331.359,0.09000960090902521,4.214554126265048,24.138437891774668
7334.265,0.06822558699782617,4.212610758969327,24.13431358784226
7337.171,0.06955920304238403,4.212350026732789,24.136229884042
7340.093,0.0722934693430037,4.212307160378578,24.14357648751788
7343.0,0.07165362713386725,4.212110317274202,24.145470882882645
7345.921,0.07164672339162506,4.2121458991769,24.152922655125124
7348.828,0.0709375096833422,4.212159392157159,24.15257290529563
7351.734,0.06752667109537402,4.212293858478325,24.1516668669212
7354.64,0.0697520713670612,4.212410378426786,24.1562828571678
7357.562,0.06907210892574502,4.212442439810491,24.140394160105238
7360.468,0.06687275204632097,4.212476697322415,24.141466555883113
7363.375,0.06824929950725245,4.212333966857147,24.139700712070955
7366.281,0.06897662454978525,4.212137567402766,24.13032970257205
7369.187,0.06822727227090815,4.2121572375108345,24.13361217046126
7372.109,0.07255026514531232,4.212068048132846,24.13449674024776
7375.015,0.06908209756103072,4.212070799253486,24.12072052080903
7377.921,0.06703735193657515,4.212171776605145,24.12855482704178
7380.828,0.06929977641976988,4.211994422797832,24.13075006563768
7383.734,0.06967570565480888,4.212139831011594,24.131333086630633
7386.64,0.0684939261608865,4.212175621056937,24.127953551237418
7389.562,0.06972594024358539,4.211991434541546,24.123275369993127
7392.468,0.066802455906965,4.212373484840247,24.11497305070334
7395.375,0.0683006423983622,4.212110533048727,24.117167609532576
7398.281,0.06958011733141754,4.21209749885972,24.12109748395973
7401.187,0.07149292202013172,4.211885833376206,24.11574110101587
7404.109,0.07113936534129454,4.211990980946022,24.12168382028847
7407.031,0.0718574372784939,4.212258930782394,24.111574207790714
7409.937,0.06847022660797632,4.2122013375696685,24.116414738092452
7412.843,0.0668601990911919,4.212189866275666,24.12600217700188
7415.75,0.06883592817398707,4.2121056011054385,24.12913150047092
7418.656,0.06809247685120827,4.212302177915555,24.134975407602703
7421.562,0.06885083228077463,4.212215472842264,24.12977338765473
7424.468,0.0701171830822628,4.212077543062047,24.12338417248869
7427.39,0.06949323069058688,4.2121620552809205,24.13098331119011
7430.296,0.06875830676948723,4.212329097379264,24.129770023306868
7433.203,0.06989428820640829,4.21203183272609,24.12823780891664
7436.109,0.06876016884319046,4.211962304252392,24.125476324540372
7439.015,0.0710775012062016,4.212118817109728,24.130919596331587
7441.937,0.0670081543730263,4.212767465247527,24.13242630068187
7444.843,0.06912837119388439,4.2125388298451885,24.125675675348493
7447.75,0.06417099179526888,4.212216759991068,24.12864630842902
7450.656,0.0698207748900199,4.212279016379229,24.114873281296646
7453.562,0.0690057585183205,4.2121193203020635,24.114170416062713
7456.468,0.07067704206903916,4.212248869619546,24.119345098281787
7459.375,0.06954178057291172,4.211976601010035,24.11911181301729
7462.281,0.06698108403932077,4.2122355989878075,24.113809673276318
7465.187,0.06602085422232902,4.21222205433877,24.12098154726978
7468.093,0.07116466115186634,4.211968756427099,24.119302108367613
7471.015,0.06783660881728655,4.212317596431076,24.127852325433466
7473.921,0.0699495690449505,4.212209049404982,24.127242914002327
7476.828,0.06989832046736023,4.212140243859106,24.13139837026288
7479.75,0.06972065701918044,4.211862344144713,24.120189376076222
7482.656,0.0706817722893263,4.212195345814023,24.11554109007724
7485.562,0.07057559696437302,4.212331528119004,24.11570742028413
7488.468,0.06922526209529688,4.212405010706808,24.120052056911607
7491.375,0.0709133410911947,4.212264203596318,24.12869629562029
7494.281,0.06790174044497711,4.212179186109441,24.134379683207566
7497.187,0.07117461292951391,4.212194605155736,24.12343946287114
7500.109,0.06892058971566184,4.2122329201621795,24.12510873559876
7503.015,0.06743038220237256,4.212242982491288,24.125851517566876
7505.921,0.0665195987123618,4.212258010592299,24.10340886804226
7508.828,0.06809411029806807,4.212507258657578,24.105080703247936
7511.734,0.06696126041815108,4.212216190106025,24.105101988138813
7514.656,0.06830747351389624,4.2125508631146715,24.099358936040826
7517.562,0.06638859093772406,4.212137639484831,24.09908216521471
7520.468,0.06979819610686067,4.212177686023349,24.091924267250004
7523.375,0.0693874310104171,4.212406545512996,24.097098623586486
7526.281,0.06791298582473113,4.21254757486332,24.10059564258159
7529.187,0.06816360936144629,4.212394873106891,24.104760404908205
7532.125,0.07060797326134949,4.212246063526692,24.104164870503915
7535.031,0.06907741842055344,4.212560706370621,24.096468520845576
7537.937,0.06630491970287569,4.212350699279338,24.091790962127163
7540.843,0.06702819399372932,4.212447162230675,24.090966373688577
7543.75,0.06912044207271595,4.21227314632982,24.08731804602258
7546.656,0.06962846672324322,4.212344164872332,24.093446156743738
7549.562,0.07118615654982127,4.212168799616646,24.09885876463355
7552.468,0.06798245441574036,4.212412688940703,24.09473431762508
7555.375,0.06708724087626358,4.212498874278612,24.099013168451236
7558.281,0.06949256108013195,4.212444197483194,24.105718558702616
7561.187,0.0682403588696074,4.212743895509467,24.110541048335865
7564.125,0.07236604387584326,4.212481275447937,24.108717189450406
7567.031,0.06654132794063584,4.212615004197697,24.103710059160996
7569.937,0.0682570317333403,4.212316527484932,24.102150182135464
7572.843,0.07001077593081075,4.21229969301502,24.108811069947844
7575.75,0.06896414115905489,4.212519153940348,24.10501977688049
7578.656,0.06489540258062597,4.212810771270148,24.106741423027287
7581.562,0.0688318905636321,4.212655620166229,24.103767577520134
7584.468,0.06665676052945865,4.212769453946306,24.097547962850776
7587.375,0.0679864720797486,4.212642394778483,24.106272739811754
7590.281,0.07115741174251368,4.212718917411186,24.10273437512389
7593.187,0.06831470879887701,4.21266348128928,24.10957740220748
7596.125,0.06815139477121882,4.212817964400573,24.089795113548163
7599.031,0.06891119727160985,4.212420294059206,24.088258911744507
7601.937,0.06853690361505374,4.2125048995168655,24.08432526402183
7604.843,0.06923070948737704,4.213000324763424,24.08893187041019
7607.734,0.0705378822446425,4.212617822038065,24.080069470926126
7610.64,0.06759445744052857,4.212787596790281,24.072528223009748
7613.546,0.06800488354271567,4.212546303592417,24.08706899427668
7616.453,0.06484760012196744,4.2128071752451905,24.080286943795866
7619.359,0.06548197849274162,4.212645494724947,24.07982435411072
7622.265,0.06736356397341783,4.212844263776034,24.083151400160602
7625.171,0.06816560764458458,4.21260420902446,24.070185604948435
7628.078,0.06746127150383883,4.212716868700098,24.07537271259642
7630.984,0.0696196245827191,4.212844267638356,24.07464191201961
7633.89,0.07072691850759362,4.212981243392814,24.077474242885863
7636.796,0.06918686309135486,4.213010569544928,24.073947468934474
7639.703,0.06399557167858708,4.212873057740994,24.073922441320057
7642.609,0.06696145190658499,4.2128242738604165,24.074505080286816
7645.515,0.07309050532372782,4.212645034823589,24.080536507785663
7648.421,0.06570619043305836,4.212832594970174,24.076512953176803
7651.328,0.0677859449669672,4.21278475215022,24.08834644725639
7654.234,0.06493522032371318,4.212655108214391,24.07368508628046
7657.14,0.06402228677340455,4.212701593927306,24.07303149228712
7660.046,0.07036956778910303,4.212840923921249,24.08068614635853
7662.968,0.06640462922134664,4.212962257377121,24.077867150037108
7665.875,0.06722058837961938,4.213071369976347,24.075248042536018
7668.781,0.06712688195600337,4.213010153991378,24.07897959555069
7671.687,0.07033331867851424,4.2133465177494385,24.076032061594358
7674.593,0.06680563324843133,4.212791940002618,24.078821355572707
7677.5,0.06664938869332454,4.21310700080367,24.083510221959713
7680.406,0.06903515560491096,4.212948572279509,24.0877838308228
7683.312,0.06388976699368616,4.212796209262783,24.0839040366242
7686.218,0.0678779713790359,4.212767375368472,24.082115661515946
7689.125,0.06700177183017494,4.213066756768829,24.075800059665852
7692.031,0.06777072480019372,4.212759060586734,24.074406978612274
7694.953,0.06931666312842698,4.212959037753915,24.0715238671507
7697.875,0.06968690370140948,4.213013684021541,24.080103367871327
7700.781,0.06684202851325405,4.2130772840445525,24.082558204056323
7703.687,0.06916492131507199,4.212947129197579,24.08100153140965
7706.593,0.06688816906127744,4.213017420738291,24.087727962312243
7709.5,0.07007654566972084,4.213088046510189,24.08912126980884
7712.406,0.0677061370641773,4.212888998299938,24.079507521146535
7715.312,0.0642788376843638,4.21336240036389,24.067395995379933
7718.218,0.06777861233459848,4.213352107029549,24.072989545779315
7721.125,0.067216851537915,4.2134074618612525,24.07489884040022
7724.015,0.06847670917181119,4.213119230938552,24.077380112495838
7726.937,0.06571234750136634,4.213332788640711,24.07205909922784
7729.843,0.06704972067575012,4.213401848821125,24.081237394117018
7732.75,0.06902882682895874,4.213330595596415,24.082394546223426
7735.656,0.06736669510107013,4.213414855372179,24.06740935067225
7738.562,0.06352093851991758,4.213526600870743,24.063254161275534
7741.468,0.06890061557003889,4.213233884473516,24.06528879832207
7744.375,0.06994746695589854,4.213262418104879,24.061611240093775
7747.281,0.0667293944116549,4.213239269885642,24.07119675365753
7750.187,0.06644194139914536,4.213303756945277,24.069438262218846
7753.093,0.06583753325231395,4.213651602591718,24.080572066298803
7756.0,0.06751208604724802,4.2131265255410355,24.075593640280786
7758.921,0.06673709673419435,4.213211532231245,24.06979079594637
7761.812,0.0660439770008511,4.213599263284511,24.06878464478376
7764.718,0.07011745837887705,4.213195214963502,24.0691852379144
7767.625,0.06804025452930179,4.213539696038956,24.06286799923651
7770.531,0.06698976854186221,4.213120571372094,24.058628959495714
7773.437,0.06846174503331356,4.213245086775982,24.058492218294493
7776.343,0.06641753539892457,4.213520158360344,24.058107105267947
7779.25,0.06870132636319648,4.213391564638489,24.058446689992817
7782.156,0.06547305151784182,4.213258000024407,24.060299995587915
7785.062,0.06675870762327135,4.213455519326792,24.066043221126783
7787.968,0.06945890704980867,4.213331111362667,24.072477508321022
7790.875,0.06867766647671462,4.213389852274269,24.07643015721749
7793.796,0.06690942076917823,4.213654843773827,24.074499392102084
7796.703,0.06557606788536488,4.213466965803137,24.069938562398768
7799.609,0.06619361465503745,4.213550783802654,24.07543020520788
7802.515,0.06516641906033428,4.2136079045757215,24.062901075487673
7805.421,0.0686455273029671,4.213616971162255,24.06664920331646
7808.328,0.06713058917802378,4.213527776324904,24.0606810930185
7811.234,0.06679689544367157,4.213765313235121,24.06183923874569
7814.14,0.07014773147810464,4.2134883557599005,24.0555598448627
7817.046,0.06827182851004857,4.213889152415931,24.059645716180917
7819.953,0.0640991070961744,4.213676570848383,24.046255229667825
7822.875,0.06578905291886204,4.213781149939236,24.047157494423733
7825.781,0.06657013075859272,4.213761359602306,24.041708464843968
7828.687,0.065653039861489,4.213638656826146,24.04567701039056
7831.593,0.06704258178147142,4.213430039217508,24.040231357026627
7834.484,0.06798189087416869,4.213529591353927,24.0444119599471
7837.39,0.06435056934294922,4.213638208542284,24.05216197876706
7840.296,0.0653654833523549,4.213911433412836,24.05219645397615
7843.203,0.06659593137789846,4.2134836460835965,24.050640694329758
7846.109,0.06360068664445943,4.213754673080762,24.0521051739107
7849.015,0.06756074962425748,4.213845661222384,24.04123969071851
7851.921,0.0662101350095977,4.213778490490938,24.043691494989833
7854.843,0.06611017840567665,4.213821603930915,24.034415306361264
7857.765,0.06676700525643536,4.214095336628671,24.035928629315745
7860.656,0.06737696729045602,4.213867789144703,24.025719640310275
7863.562,0.06862591641558316,4.213806954331854,24.03553536695828
7866.468,0.06860782486236724,4.213874254196434,24.039588323357144
7869.375,0.06464265448899106,4.214083627470111,24.040076607062694
7872.281,0.06631269782218999,4.213901371693978,24.03983375164369
7875.187,0.06749459983183456,4.213878701483404,24.04230977198569
7878.093,0.0654263746473301,4.214073603655591,24.040888747533696
7881.031,0.06677597073552753,4.213749912513195,24.042108820458978
7883.937,0.06381045892102391,4.214261362860248,24.03037697295335
7886.843,0.06477392148885353,4.213983586741791,24.024610084973258
7889.75,0.06414338676961936,4.214085876609419,24.03375012869523
7892.656,0.06705058154805597,4.214057206806776,24.040042547245328
7895.562,0.06413295349831773,4.2138896337446194,24.0430029290952
7898.468,0.06397901588103805,4.213917367511526,24.03919616992614
7901.375,0.0639829346901673,4.2140118631673955,24.03198019931323
7904.281,0.06508321583709423,4.213985037712824,24.034417835406465
7907.187,0.06567401872683487,4.214089523881718,24.038949467361387
7910.093,0.06272798666656035,4.214173494756087,24.038865421433538
7913.031,0.06297463999458344,4.214194561989479,24.02952239400623
7915.937,0.06414104518056218,4.214037118964792,24.03360027956432
7918.843,0.06616903189970093,4.214223710793092,24.023934064905802
7921.75,0.06134984888761928,4.213977119200245,24.021124087471602
7924.656,0.06679548441391218,4.214138206500535,24.017842009711767
7927.562,0.065926949785308,4.214015281472976,24.01412850465328
7930.468,0.06368574111655904,4.214285076603085,24.016427173290626
7933.375,0.06538259750715517,4.214286317783106,24.017024557870954
7936.281,0.06387424169170748,4.214279721438231,24.013504194175272
7939.187,0.06610683120017435,4.214141715518411,24.01083908916553
7942.093,0.06653524307648603,4.214320538270301,24.007549182530134
7945.0,0.0670387597522538,4.214231424388445,24.015347813912182
7947.906,0.06596900858091954,4.214212556912575,24.01296195484476
7950.812,0.06691382313365671,4.214284414614571,24.014873922929905
7953.718,0.06454424687292562,4.214478444818357,24.022637953682615
7956.64,0.06496803290284424,4.214293136599075,24.022352888352955
7959.546,0.06549871724163539,4.21410081834438,24.015518763902662
7962.453,0.061906522335253004,4.214453854056299,24.022565120101373
7965.359,0.06600842756279579,4.214303817217819,24.022867045178693
7968.265,0.06420802876016575,4.214329976656824,24.01806783541037
7971.171,0.06433623566741116,4.214437663423225,24.01995465741477
7974.078,0.06402526490457953,4.2144373149533845,24.018224527116377
7976.984,0.06298134192004183,4.214468842580193,24.01587710955909
7979.906,0.0649843316095248,4.214387520640516,24.016439202116107
7982.812,0.06513531998410912,4.21453487352998,24.016531374487013
7985.718,0.06452994348431397,4.214555714701429,24.012642566867243
7988.625,0.04159352351237574,4.212625931313297,24.015187777960733
7991.531,0.04385174108408866,4.212222979944242,24.02294261963138
7994.437,0.042628285060593386,4.212504975699874,24.017594181551484
7997.343,0.04323499926274933,4.212366585206691,24.011030675012577
8000.25,0.04130606080221303,4.21251332942514,24.01998413006233
8003.156,0.04274522983185449,4.212238014926941,24.026839140770015
8006.062,0.04282642931456255,4.21236934506529,24.01279211586397
8008.968,0.04361202490865126,4.211989549284217,24.016407098576543
8011.89,0.041793413840285835,4.212448595775334,24.01978844851731
8014.796,0.04240392335964055,4.212337153693477,24.009017327003434
8017.703,0.042007631881875354,4.212212412267582,24.008997836507024
8020.609,0.03957162883641028,4.212438272433733,24.006248026313322
8023.515,0.045112668130321575,4.212107881965338,24.003652243829755
8026.437,0.04095883243721913,4.21202121365038,24.00914584598724
8029.328,0.04331856968394508,4.212129188234681,24.01355687049778
8032.234,0.043449713138393777,4.2122410273065265,24.010358273701176
8035.156,0.04221726542556628,4.212410037580768,24.012325582105092
8038.062,0.04242617764763335,4.212211839409725,24.01384283827663
8040.968,0.04289843598892845,4.212004023318092,24.00998642153406
8043.875,0.04539779936315807,4.212199894422184,24.017322276645647
8046.796,0.047450428050362294,4.211682622533373,24.01227985237414
8049.703,0.042855750811259155,4.212165562381615,24.014388930680504
8052.609,0.043452578734118084,4.2121214720387945,24.009129467517187
8055.515,0.040911119570437915,4.211843695701424,24.020253689305125
8058.421,0.044655017417445174,4.211993994624257,24.017039731490698
8061.328,0.0437478692993009,4.211942730155945,24.002754965874463
8064.234,0.047372708218635706,4.211860494834522,23.99842628461422
8067.14,0.04396466622560503,4.211799618861195,23.996128387064495
8070.046,0.04242443168514431,4.212151250960792,24.00744453444477
8072.953,0.043634189855628114,4.211776650987488,24.008909905681936
8075.875,0.04547872798568897,4.211964625728736,24.008374519201972
8078.781,0.04250091604279189,4.2118816895298945,24.00752885980777
8081.687,0.04509282084001804,4.211892452441741,24.00878785423677
8084.593,0.041631715081589867,4.212020489376475,24.012160460828454
8087.5,0.04284071061508812,4.212200876068913,24.013875526204146
8090.406,0.043557406567534374,4.212123225448539,24.008410766442303
8093.312,0.04326928289499007,4.211797759620387,24.009839570853313
8096.218,0.042229443851619475,4.2120949966264885,24.010185106107865
8099.125,0.04603680362376737,4.211789639989829,24.000562802816468
8102.031,0.045652967854452824,4.212048474918627,24.01215890275793
8104.937,0.04355240047588829,4.212147641456788,24.002146472322682
8107.859,0.04456253494480567,4.2118690141524056,24.001922699568606
8110.765,0.0441042196112833,4.212042925122795,24.008366573678693
8113.671,0.044812338932820564,4.211921327073954,24.01349572921102
8116.578,0.04297968450223736,4.211848774243433,24.011394527761976
8119.484,0.040960567179747796,4.21205194518907,24.012622824010258
8122.406,0.042789242546279554,4.212120451091298,24.00667263426562
8125.312,0.040053514559145756,4.211978454079159,24.005401429497205
8128.218,0.04349786108854485,4.212074342257757,23.9961174673945
8131.125,0.04361975266072666,4.211834305919606,24.00552598914651
8134.031,0.04512010563309621,4.21177708687765,24.003215891223377
8136.937,0.042901938388173404,4.211885056147002,23.995928413095577
8139.859,0.04445645763088451,4.212047271214767,24.000990679731665
8142.765,0.043628331548016194,4.211549432255764,24.000888015950416
8145.671,0.04180071278247197,4.212044891821597,23.99504431292884
8148.578,0.04208425192872527,4.212217689646041,23.996203245403137
8151.484,0.043726624101645295,4.211670711424566,24.003608491649835
8154.39,0.042373924273218226,4.21194969957445,24.00593889182291
8157.296,0.04484719106387923,4.211891339810512,24.014039119815994
8160.203,0.04452115942804617,4.2123239661483645,24.006908003517204
8163.109,0.04225340847103676,4.211900587324636,24.009348635091325
8166.015,0.044515752549436106,4.21186879149737,24.009215566494948
8168.921,0.04415916465701593,4.211863069254122,24.00528671629636
8171.843,0.04393560588168229,4.211953215412259,24.003072226971543
8174.75,0.041548130784087235,4.212233727123358,24.003264219360474
8177.656,0.042516648199365334,4.212185114746209,23.99922577944363
8180.562,0.04331208400362197,4.211997451787594,23.984279979830887
8183.468,0.0434434386416584,4.211980592802458,23.993032921090887
8186.375,0.043400016846004974,4.2118902795401425,23.99678582293683
8189.281,0.04753153708382551,4.212010748796736,23.996477477846884
8192.187,0.042765881349797245,4.212309002031036,23.999529975662846
8195.093,0.04420975916671201,4.211918103226751,23.998575677593497
8198.0,0.04232230682075617,4.212267134102603,24.00066694597878
8200.906,0.04093989454114997,4.211950816321465,23.999293475466597
8203.843,0.045632662208918075,4.211947374019981,23.991121478292843
8206.75,0.042766406812057664,4.21212877080795,23.9790445430422
8209.656,0.04435127709082659,4.211801034254866,23.97164442377913
8212.562,0.04236360878713734,4.2123771928491225,23.97051908384769
8215.468,0.045476713602610366,4.212285898746668,23.97633858982108
8218.375,0.04424704566134329,4.211950049127576,23.976058077736766
8221.281,0.044398618319651556,4.212305020772132,23.974914401959094
8224.187,0.04118208899677994,4.211894656353406,23.970229040219948
8227.093,0.04162508165189774,4.212120701703508,23.97764136529098
8230.0,0.0417464282084833,4.21207072473718,23.97443939039224
8232.906,0.04566897025102868,4.2120644019494256,23.97819590159773
8235.812,0.04642518384243211,4.212090192283711,23.983732609199613
8238.718,0.04245746991842186,4.212285475507029,23.98524769367838
8241.625,0.04598535992627784,4.212324062287695,23.975336792048953
8244.546,0.04458976306816248,4.2119854603518645,23.980453119007286
8247.453,0.04605027472280547,4.212107384395681,23.98307986520963
8250.359,0.045556946328024435,4.211938206844356,23.978249455227676
8253.265,0.04268782026030855,4.212005226753592,23.97983403772724
8256.171,0.041625486164297926,4.212331166997097,23.985886546838024
8259.078,0.041974238818276374,4.2122855195177165,23.984515091502228
8261.984,0.042786190301912636,4.212126772532459,23.982805194936986
8264.89,0.04247044441497199,4.212036956760921,23.987625588161638
8267.796,0.043420735815420865,4.212199204809499,23.986588281205805
8270.718,0.044114980831184175,4.212110587222718,23.985386283893938
8273.625,0.043077404802235014,4.212190746645841,23.98870570628909
8276.531,0.04060423747079154,4.2118738413090435,23.991894495232984
8279.437,0.044190247031299014,4.212180863621948,23.992141245474976
8282.343,0.04215963838840038,4.21212858133443,23.992138944786806
8285.25,0.043277439294898905,4.212129141816328,23.995463024786098
8288.156,0.043821320378960256,4.211859613082985,23.990257856015905
8291.062,0.0409008765331218,4.211935430241141,23.980461390026303
8293.968,0.042208945752632815,4.212278545029703,23.984791204282192
8296.875,0.04078722358961522,4.212159776514399,23.97771406655092
8299.781,0.04452905072772069,4.212241352764178,23.977434021967017
8302.703,0.043058214099101794,4.212169342613859,23.97344246751366
8305.625,0.046233269603975384,4.212312268486285,23.97202484468153
8308.531,0.04310119413621956,4.212252487642547,23.97285335101217
8311.437,0.042951480539549995,4.212303500236105,23.969838245745752
8314.343,0.04556791940139388,4.212384286219242,23.965287634690224
8317.25,0.046773318243099375,4.212458457493158,23.966013663125324
8320.187,0.042992391377251665,4.211998720218684,23.964865326488017
8323.109,0.046278224327282694,4.2124017536416005,23.96121145077449
8326.015,0.04124999156549181,4.212307379403246,23.959733113213005
8328.921,0.04322897956887556,4.212237663582447,23.959871696736613
8331.828,0.0460238979369137,4.212193763863156,23.970305079671128
8334.734,0.04328718375622667,4.212245508184565,23.969123377503756
8337.64,0.04158399530268434,4.212312186388803,23.962571662914065
8340.546,0.044349530722477964,4.212254819737121,23.96516443862799
8343.453,0.04316278142597406,4.212294209358219,23.964822143469117
8346.359,0.045205760709396706,4.212354166181571,23.97656334387132
8349.265,0.044385942676815365,4.212423681678019,23.978696708335892
8352.203,0.04092804151243518,4.212294146722941,23.968781929267124
8355.109,0.04041149258769846,4.212271673944807,23.963846525260614
8358.0,0.04416920189889353,4.212606622576994,23.966980091710173
8360.906,0.042849423033700325,4.212220623469815,23.970890147163797
8363.812,0.0450991043331307,4.212218239301279,23.962896119889734
8366.718,0.04367291306863059,4.2125005903354475,23.956937001629758
8369.625,0.04276770745815254,4.212187894547295,23.957062591995296
8372.531,0.04449147931910469,4.212185901955843,23.963749980519918
8375.437,0.043253708242955366,4.212350373080489,23.9653303740977
8378.328,0.04390082328856579,4.21241234208325,23.966257895076495
8381.234,0.03860733780933604,4.212424623509989,23.967387160624472
8384.14,0.044617357067905226,4.212343346133748,23.972037548217553
8387.062,0.0415660147219548,4.21219943629691,23.971882228336558
8389.968,0.04109244460271501,4.212368435378733,23.965998291254156
8392.875,0.04473862275371718,4.21219496462018,23.976502439158896
8395.781,0.040149450450406146,4.212293708585748,23.969974913191425
8398.687,0.044080498996848544,4.212278674035313,23.958573307340767
8401.593,0.04512405323001348,4.212455107587838,23.968341062062528
8404.515,0.04424339792235499,4.212366478082498,23.966223356149982
8407.421,0.04514664289252447,4.212253346962194,23.959700712432923
8410.328,0.04256170137220571,4.212188765452728,23.956308533508956
8413.234,0.04341866101915127,4.212393484146864,23.950153761302882
8416.14,0.04438932970699496,4.212189622152006,23.948961222233756
8419.062,0.040486601968863965,4.212672267296015,23.951512472952746
8421.968,0.04363124709770725,4.212280893608939,23.95670400397
8424.89,0.04393922774753569,4.212703178494186,23.96130394346052
8427.796,0.04201387212905023,4.212715647708667,23.955860014487204
8430.687,0.04348241366694968,4.212577922644233,23.959230471705066
8433.593,0.04283788692013551,4.212397458073361,23.959549151100816
8436.5,0.044244887482342066,4.212451174411121,23.959849040319813
8439.406,0.03984029719771222,4.212522955517556,23.958405710193354
8442.312,0.04209185611268739,4.212353453798783,23.96240749228853
8445.218,0.0418265299145702,4.212440085108705,23.95494835119118
8448.125,0.04345828005978044,4.212648129953387,23.96159319196715
8451.031,0.044419186628168905,4.212505955112309,23.955497577154674
8453.937,0.0424483073797315,4.21264674475318,23.95764751541131
8456.843,0.04314248034800343,4.212354878128191,23.961659076046516
8459.75,0.04448729562431924,4.212566864682408,23.956764277231365
8462.671,0.04380615074479283,4.212396830211355,23.9584967253232
8465.578,0.04553115459038848,4.212922814614822,23.954158057024266
8468.484,0.04329166132543145,4.212453531666013,23.940551580701868
8471.39,0.04436913232691804,4.212452405450881,23.95247438644472
8474.296,0.04355438870836084,4.212904204726073,23.938169905119693
8477.203,0.0419155717271191,4.212766319012576,23.943233975398414
8480.109,0.044016087581840085,4.212611638037859,23.947061473646194
8483.031,0.04433511010894558,4.212572965710643,23.952836205043916
8485.937,0.03912479338129066,4.212629503572166,23.955948720831852
8488.843,0.04302368586610247,4.212748604164971,23.951487908067378
8491.75,0.04023464110323247,4.212570717136819,23.9512504799419
8494.656,0.04803982834571485,4.21250154857398,23.95157308419278
8497.562,0.039341859240366935,4.212673542053243,23.951029623276007
8500.468,0.04254227729697203,4.212769680296156,23.958612993740754
8503.375,0.04362659203846207,4.212539064148039,23.96247731834221
8506.281,0.04386433560713734,4.212506760295604,23.956496275214775
8509.187,0.04230889048026091,4.212572725023263,23.960385102424414
8512.078,0.04357028158132352,4.212361617428983,23.957456939883063
8515.0,0.03581241973770555,4.213105115657255,23.95164385980384
8517.921,0.0431348450063165,4.2128199499874155,23.94850342434115
8520.812,0.043170173369723557,4.212797344947423,23.958998587092694
8523.718,0.04071783933631594,4.212602441283735,23.96380089332991
8526.625,0.042834920012421555,4.213178220228046,23.95867213879794
8529.531,0.049198913656920494,4.212682348737405,23.955244942316206
8532.437,0.044057211763948244,4.212731477273673,23.961944227020265
8535.343,0.041968611985764404,4.212841250893237,23.95323217273762
8538.25,0.03654704063926676,4.212851379704961,23.94719465609174
8541.156,0.036391987480098587,4.212850673212536,23.946710200783176
8544.062,0.044370317002399795,4.21275655973596,23.941491500461105
8546.968,0.041676329280253804,4.212643937185738,23.93614593070348
8549.875,0.04027882689579557,4.212623195026694,23.944607278317466
8552.781,0.042544532615913316,4.21246111658986,23.93742889729232
8555.687,0.044635959292136526,4.21257785129143,23.94672997390443
8558.593,0.04331766765380139,4.212752987498978,23.937803337990694
8561.5,0.04609321388635511,4.212587967638908,23.93996197668341
8564.406,0.0410908506572601,4.212777068166084,23.94770465176612
8567.312,0.04270113252545761,4.212450560759158,23.940967090845447
8570.25,0.041501428827719004,4.212884103709096,23.93649514234786
8573.14,0.04453046724627508,4.212728994854661,23.932992352317854
8576.046,0.03824374067900914,4.212837908029436,23.928370755646583
8578.953,0.0415958552537574,4.213019075904851,23.929369515345304
8581.89,0.03916009926601154,4.212488658907334,23.921776541712582
8584.812,0.04678957218547873,4.212446031274442,23.932307910708698
8587.718,0.03855940003341087,4.213138436664075,23.92753986056204
8590.625,0.04624108305967133,4.213083587809942,23.933183386505597
8593.625,0.044503192442598455,4.212496621376517,23.938395348481492
8596.625,0.04057908340429024,4.2128978210945025,23.934606453103765
8599.593,0.03945530509695527,4.21294346529125,23.932909223557534
8602.593,0.043357924890006436,4.2128739816322875,23.939803253903744
8605.625,0.04008703707303977,4.213145345133292,23.933763671077028
8608.671,0.04335357413070166,4.212998589471702,23.93494498557216
8611.625,0.04197608420556647,4.213165582939042,23.934971870120336
8614.593,0.04235881944072203,4.212766884617931,23.92815185165632
8617.625,0.04211184339328024,4.2127866473401525,23.930116775630516
8620.671,0.04272416516841072,4.212898555642803,23.92662193314538
8623.703,0.04638450589477285,4.213179577492795,23.921907942809952
8626.734,0.03918052635767771,4.212862082465375,23.92778322954328
8629.718,0.04095714032602119,4.212732611000106,23.93617364623877
8632.703,0.043073578656912956,4.213127219035581,23.935169982733598
8635.734,0.04397032867284752,4.212889423733576,23.93844021617491
8638.734,0.040488685646556506,4.212916093315116,23.929293986956854
8641.703,0.04153296791522471,4.21307961781514,23.937371117349695
8644.734,0.04509744981931191,4.213117717465113,23.935004531267747
8647.703,0.04209575598259276,4.212818654727683,23.933142013019282
8650.656,0.03815388179929695,4.213222292726284,23.92348833389038
8653.625,0.04056627147107061,4.213229372673092,23.920334797978235
8656.546,0.041471920778471956,4.213344169955984,23.922344708486005
8659.515,0.03935031426925106,4.213211314218633,23.925141831184664
8662.484,0.03977590888931218,4.213003046712967,23.927491234906277
8665.39,0.03763460866621459,4.21294573327821,23.93200050403447
8668.312,0.04017454679228675,4.213021885416692,23.926436737292896
8671.234,0.0416007093435441,4.212842244119086,23.926241760244842
8674.14,0.04119857713363403,4.2129540077732495,23.926199350064238
8677.062,0.04249045520017328,4.212598018627562,23.92484663834995
8679.984,0.03727045903716489,4.213405257618815,23.93259511395214
8682.89,0.04104397202961988,4.21332413206821,23.92662470540084
8685.812,0.045568817198044384,4.213357804067672,23.9291068798606
8688.734,0.04112627777160205,4.213327803533035,23.920407747630815
8691.64,0.04422352256643422,4.212977977666783,23.92071081014309
8694.578,0.04415618298632005,4.2134551931185085,23.91721253120158
8697.515,0.04356890714940421,4.21312651591802,23.921429653754068
8700.421,0.039332109636207806,4.213252439054517,23.928759604367304
8703.359,0.03800461446567866,4.213169104233521,23.93009673931093
8706.25,0.04156135810726137,4.213287470955881,23.91248692525684
8709.156,0.0381043671810696,4.212822846699288,23.92234960973548
8712.062,0.04555893066616597,4.213118865222663,23.924372639577083
8714.968,0.04416446860874174,4.213073637251,23.926407424318164
8717.875,0.04153579697023324,4.2133949867083675,23.923111452457015
8720.781,0.03689760840344033,4.213102614486794,23.92306120801707
8723.687,0.041417339112574544,4.213789522851124,23.92715618302441
8726.609,0.03690269805578624,4.2131259509394114,23.926151371819145
8729.515,0.03768029813533739,4.213129215512645,23.916858615107454
8732.421,0.03916235438873319,4.213163959637744,23.920936763182514
8735.328,0.04200614031134646,4.213088006418848,23.92073403784066
8738.234,0.04202160684006541,4.21322637273787,23.920893791204794
8741.14,0.04141270962565862,4.2135910271897865,23.91779473361586
8744.046,0.04125738247319437,4.213192236660312,23.923867540746347
8746.953,0.04211028726496023,4.21357740458083,23.918247700484653
8749.859,0.041198226825108514,4.2134626552373255,23.91899099522674
8752.765,0.040940266853205926,4.213239594020037,23.91562624663842
8755.671,0.04393014689365117,4.213536563758088,23.91586026224464
8758.593,0.037298729104073905,4.213609294329429,23.913461582944652
8761.5,0.03822575667431691,4.213471989954462,23.9141590971182
8764.406,0.04079507274503942,4.213314716240773,23.91006634285158
8767.312,0.041648093735314966,4.2133736612342,23.921347713244526
8770.218,0.037348019786845287,4.213172892916547,23.923298160674968
8773.125,0.04142411787231151,4.2134711898624815,23.92155631900712
8776.031,0.044023730256368986,4.213231224817,23.915226527708523
8778.937,0.037818508921526724,4.213188415150039,23.916507369953777
8781.843,0.03701974306792139,4.213206835680889,23.917744812263873
8784.75,0.04065449595364214,4.2135392882326395,23.922672282227254
8787.656,0.03854034705984442,4.213226049616671,23.9157904329251
8790.562,0.040753683913134615,4.213377803417823,23.916218362634414
8793.468,0.04033485065793773,4.213252476227099,23.913485707296722
8796.375,0.044735028425665686,4.213355424730298,23.91122020968523
8799.281,0.039378066518503535,4.213563725594601,23.91413797497539
8802.187,0.03566333833719926,4.213662409747504,23.918471396706842
8805.093,0.041746052904011864,4.213259537121945,23.916704443233552
8808.0,0.03990969029612644,4.213500602822756,23.91828895570091
8810.906,0.03976411173908575,4.2133846692571035,23.920700196984217
8813.812,0.03868226880371549,4.2135693499418485,23.916875171457285
8816.718,0.04278814274531803,4.213609016374463,23.90439091285721
8819.625,0.03548833784569923,4.213193545948744,23.91452940310522
8822.546,0.040416504273775446,4.213308363472072,23.910158942762585
8825.453,0.04268929025494017,4.2134154188477115,23.906636098315968
8828.359,0.04079974867081563,4.213416376457056,23.90728540677953
8831.265,0.03977204474118442,4.213556818980745,23.912428558421404
8834.187,0.040865516625374916,4.213463101241631,23.91215828092551
8837.078,0.039410517786668584,4.21333924613754,23.907109470244
8839.984,0.04076055004503984,4.213293134639911,23.90182375814971
8842.89,0.04232731615465002,4.21327333546693,23.90065128819647
8845.796,0.04229815318445928,4.2132821304598735,23.903604709108382
8848.703,0.04030289600366179,4.213659766089738,23.9093698417887
8851.609,0.039965861432159897,4.213576036557296,23.912711669337856
8854.546,0.040196010342360075,4.213711575010059,23.90270195932692
8857.453,0.03925601686086329,4.213648077574256,23.900440192373537
8860.359,0.04128638421938822,4.213587483829782,23.909805938836623
8863.265,0.04355195827595214,4.213478254792606,23.909310269039384
8866.171,0.03908996610450443,4.21350609891265,23.903767565944005
8869.078,0.03886143602657534,4.213721700314999,23.90094993886125
8871.984,0.03978858705661508,4.213703448996891,23.901550379599204
8874.89,0.04097565849847694,4.213492375644732,23.90719779266324
8877.796,0.03757488420721054,4.213483946980437,23.910144419205714
8880.703,0.041216852298266674,4.2137728487954575,23.917786605807994
8883.609,0.03961713053601204,4.213791194489805,23.917606812110716
8886.546,0.04241300864054444,4.213872758053046,23.920392702293544
8889.453,0.03913397864237263,4.213715884085347,23.918031846742178
8892.359,0.043403029507394456,4.2136227538596795,23.91589986134377
8895.265,0.04122776599297552,4.213378234060218,23.904988044594994
8898.171,0.04406538100704906,4.213165801882597,23.90881694410281
8901.078,0.04266478243573049,4.213714615569434,23.904802925920283
8903.968,0.04129392067896452,4.213692260554558,23.914344622251214
8906.875,0.0364735927118648,4.213837215910397,23.90694606485326
8909.796,0.03838851797772559,4.2138799674891585,23.915512872423612
8912.687,0.043283430381365784,4.213817946986954,23.917018454461008
8915.609,0.040098161820669415,4.213647324857632,23.910532076960905
8918.515,0.040052613360378846,4.213562447783043,23.91802539823716
8921.437,0.040230059780961454,4.2137960349165295,23.912040456830873
8924.328,0.04129731480725455,4.213642602366383,23.902792712884636
8927.234,0.03984686213623948,4.2137259759596635,23.897199262061807
8930.14,0.03861697467592252,4.21396815003691,23.8945427937305
8933.046,0.04031376211733124,4.213714153998939,23.892691758804315
8935.953,0.03963603499502942,4.213957849894544,23.890209599710513
8938.859,0.040865213735082416,4.213901818438189,23.89290172404354
8941.765,0.04243647142888892,4.2137641953822955,23.885500322294448
8944.671,0.03904150006281943,4.213776174776229,23.90109055670507
8947.578,0.04533158912231704,4.213608727155804,23.894673705021113
8950.484,0.04304527016373149,4.213558040586965,23.89508004245858
8953.406,0.040620743804703874,4.21349557169289,23.90133892613046
8956.312,0.04062689343911004,4.213871097880475,23.90067288311388
8959.218,0.038392412239206045,4.214041468820822,23.89984802513647
8962.125,0.039132498939067756,4.213707386057046,23.902856112993724
8965.031,0.03703734667087948,4.213867969751074,23.904090585308808
8967.937,0.04203029745503916,4.213925434805013,23.909116371800334
8970.843,0.037875807286213134,4.214195175262302,23.902106509237502
8973.765,0.041400458953992726,4.213973208193961,23.90938835600664
8976.656,0.037972052017893804,4.21391140136674,23.900762989251266
8979.562,0.04130731344131285,4.214242981943358,23.904525825458776
8982.484,0.03748395753980333,4.214174518109297,23.890192612735106
8985.39,0.03837086523631843,4.213810731205778,23.90256601686511
8988.296,0.038961385062058485,4.213826179295305,23.89877439182287
8991.203,0.03933059519364232,4.213856216145706,23.903053173813625
8994.109,0.03726509896547189,4.214043655407105,23.891306378326924
8997.015,0.03748293950725846,4.213797984782621,23.882891481203252
8999.921,0.040484676895473026,4.2136969048951505,23.88110450761306
9002.828,0.03733008035569679,4.213941894539506,23.882909101036624
9005.75,0.0409147804530722,4.213914746012038,23.892169582075606
9008.64,0.04075669031146282,4.213953203302823,23.887225870967804
9011.562,0.04130456446873707,4.214002792060596,23.884700605445303
9014.453,0.03880938875805806,4.214061207999474,23.882976347373468
9017.375,0.03996200469622353,4.214123194096414,23.887431729628794
9020.281,0.039648368251471354,4.214426361527062,23.894638447238442
9023.187,0.04188592251174316,4.213984906412889,23.890891191884627
9026.078,0.037187187939481774,4.214219120915028,23.89096926347284
9029.0,0.039955246782754444,4.214251366811786,23.88753859531144
9031.906,0.03900943195526126,4.214051214628211,23.895161705203353
9034.812,0.04005990900792042,4.2139339124840545,23.905508762261064
9037.718,0.04773266544794958,4.21401775529731,23.89153838018127
9040.625,0.039540466929172326,4.214303457897336,23.88761947820964
9043.531,0.03813448345118984,4.214172159050939,23.87701537503782
9046.437,0.03598452917401681,4.214172464811578,23.878780434711835
9049.343,0.040105727527969016,4.214161825724763,23.88039167679731
9052.265,0.034837547273682636,4.214161439123725,23.876591392691566
9055.171,0.038515667631788444,4.214172894253872,23.87075941096265
9058.078,0.039634231682258485,4.214233851059614,23.87924779817727
9060.984,0.03746912316173208,4.21421897875643,23.878589272398983
9063.89,0.03656572182310732,4.214442425632564,23.871967543531575
9066.796,0.03991732179493798,4.214166076094666,23.87018147063595
9069.703,0.041445268060474945,4.214322575488884,23.8753440612792
9072.625,0.04175348125833449,4.21391873991454,23.868901824219613
9075.531,0.03818670967175023,4.214087737622786,23.872530993444215
9078.437,0.03983719081527387,4.21421798138502,23.875437595819168
9081.328,0.0407649734194728,4.214083419997411,23.87294184736635
9084.265,0.03902582008952737,4.214489991579253,23.88202244017858
9087.171,0.0383711292245842,4.214238789933075,23.881930900019515
9090.078,0.04080089768099212,4.21448458602107,23.88762877570166
9092.984,0.04116145894711674,4.214135981195422,23.883695918798473
9095.89,0.04121224262244858,4.2142744043829765,23.894836409928853
9098.796,0.037188914314269704,4.214245165005244,23.88551942553928
9101.703,0.03795922061267337,4.2143881994925065,23.882131414174
9104.609,0.03949293842629911,4.214283054425519,23.888992308052124
9107.531,0.04088766978350247,4.214287454955477,23.886558120264674
9110.437,0.03789939846576902,4.2143202993373725,23.875196397753758
9113.359,0.037398922134030704,4.2141213334996035,23.871134469324385
9116.25,0.03785723903542811,4.214387620189536,23.876652114339574
9119.156,0.03498652312715037,4.214516844680218,23.87570009531581
9122.062,0.04074791959715266,4.2144584269555345,23.88939290188089
9124.984,0.04090738326104864,4.214349056396537,23.888989542803436
9127.89,0.03717329950908376,4.214256934261965,23.881995139131543
9130.796,0.038140338288609264,4.214301585625073,23.885786597463234
9133.703,0.03627107457936991,4.214286432931226,23.881506155296
9136.609,0.03995437920602935,4.214133441190787,23.881780713303783
9139.531,0.03830365935604307,4.214483648955371,23.888115602902147
9142.437,0.04012815978850119,4.214313615067723,23.881391720868837
9145.375,0.035075312026325155,4.214715552650301,23.885621579199164
9148.281,0.015336496979489758,4.212269026438052,23.87515112461143
9151.14,-0.003012177771791434,4.209155426294986,23.870330781179703
9153.984,-0.004451841825899176,4.2100488130895455,23.869167762181736
9156.875,-0.004125043310818889,4.209293432425358,23.877826641428502
9159.75,-0.0009836144775657342,4.209779001568351,23.877483424448176
9162.625,-0.002354053819813479,4.209607408786601,23.880535816638535
9165.515,-0.0038923066874549978,4.209570487270979,23.873181207260743
9168.406,-0.0035905766445330895,4.209586638268482,23.86750789787629
9171.281,-0.002111107357835345,4.209548459428095,23.88232223439964
9174.171,-0.0065760761183699295,4.210002509155417,23.882074812899962
9177.078,-0.004398342250746346,4.2098543307183105,23.88361193105961
9179.953,-0.0026971429537887602,4.209591718745392,23.872922593093207
9182.843,-0.0027777656614332326,4.20952859485547,23.874775359497097
9185.718,-0.0005563510879314961,4.209238786303425,23.868134115684914
9188.609,0.0015329358084623425,4.209366507579564,23.869385177429674
9191.5,0.000434172541694169,4.209549971734721,23.8789599694455
9194.375,4.5825227009969846e-05,4.2096544425042985,23.878219975676462
9197.265,-0.003570666570766384,4.209406116451035,23.88102329824184
9200.14,-0.0025463290422951443,4.20946782526304,23.872812145814013
9203.015,-0.003965013823121441,4.20956547757229,23.871631630371628
9205.906,-0.004021211469745878,4.209445914175842,23.88857055935289
9208.781,-0.004763775071078142,4.209238034081848,23.879856203071597
9211.671,-0.0014119305229516677,4.20913614817684,23.87793887969872
9214.578,-0.0010267436055545391,4.208947990471561,23.878070956569395
9217.421,-0.005093381197656285,4.209002043457955,23.877276014319825
9220.281,-0.0019979896017968866,4.208954754742987,23.87786221815283
9223.125,-0.0030976657070175433,4.209407649046661,23.866053493586318
9226.015,-0.0012394814293583852,4.208768354710786,23.87550288276437
9228.89,-0.004774547887748718,4.209287872852769,23.871277699742492
9231.781,-0.0032898735095785044,4.209019205049587,23.87556383621913
9234.656,-0.0037083180859034575,4.208920827386795,23.87531301357381
9237.546,0.0001970645006354457,4.209075092115648,23.879358540654717
9240.421,-0.0002073916175182437,4.208983253189023,23.875944987049483
9243.296,-0.004045765615837648,4.209158451504502,23.875470840120467
9246.203,0.0005064208558899013,4.208963138059861,23.876510909343914
9249.046,-0.0018413519616048638,4.209014217167901,23.88345762589545
9251.906,-0.000953871224212427,4.2087794632996465,23.886280836822028
9254.765,-0.0014664464396409904,4.208655578048401,23.878625776732427
9257.64,0.0004619412850648369,4.208948151064507,23.883520672508446
9260.531,-0.0025875098309217546,4.208887419027014,23.87832864468549
9263.406,-0.0001281116503908189,4.208753311063251,23.88983447022604
9266.281,-0.001456050845978957,4.2088400895584455,23.88479490606604
9269.171,-0.0013631489436057704,4.208838561494893,23.88762510104227
9272.062,-0.004455665491066771,4.208835783801915,23.87964592933267
9274.937,-0.0030915962027718833,4.208681297847307,23.875937934593463
9277.843,-0.004400966683538486,4.2089002941556215,23.878121829122943
9280.687,-0.0038852570669222,4.208641220755653,23.882452153232915
9283.546,-0.004327094279583793,4.208482852610503,23.87683525671811
9286.39,-0.0022987358542451127,4.20852765607445,23.876010652671408
9289.281,6.9256719562365e-05,4.2084163250424025,23.874713342666073
9292.156,-0.0022656437405651655,4.208360491211372,23.88207400746721
9295.046,-0.002229234150959961,4.208433860473323,23.882074094317392
9297.921,-0.004823723855160791,4.208754021334506,23.874195085811394
9300.812,-0.00010496942055142424,4.208651078808216,23.865499274949784
9303.687,-0.004338602642223483,4.208356507660638,23.87230839988245
9306.593,-0.0018380330000177744,4.208403668657142,23.873136556028253
9309.484,0.0002252003271447788,4.208420839191384,23.86494692647704
9312.375,-0.002887975189597601,4.208535642310579,23.865840751106276
9315.25,-0.0015698015399896541,4.2082645309614435,23.864619348516882
9318.125,0.0009702555975482137,4.208058197393625,23.86585054003398
9321.015,-0.0015573477013039467,4.208277891456854,23.862012647906106
9323.89,0.0012956615263058063,4.208071076324436,23.86432251838409
9326.781,-0.0009123096892143422,4.207951416505789,23.866449684888423
9329.671,-0.0020138498487740097,4.208060020891649,23.868757025721074
9332.546,0.0010580600414296657,4.208196375964956,23.86996749424721
9335.421,-0.001629496324235018,4.2083935526145675,23.874767246518587
9338.328,0.00025740504833389916,4.208490179286919,23.874345902646656
9341.203,-0.002683351549029728,4.208287763827476,23.87890812655255
9344.093,0.002886364738927248,4.208119332781093,23.871110810799248
9346.984,-0.002529516173231557,4.208233010391102,23.87029457962502
9349.859,-0.00013167977476692905,4.207879042106952,23.878791061169387
9352.734,-0.0022859138692442366,4.208121200305881,23.881869297442908
9355.609,-0.003689113118672848,4.208224642153294,23.886934072723637
9358.484,-0.006755835035351559,4.20800632954483,23.889955767712557
9361.359,-0.00420716629068343,4.208491362241438,23.893171461609548
9364.234,-0.002505470851498363,4.207760911172511,23.87737387864865
9367.125,-0.0049443215060002346,4.20806072738253,23.879873676672887
9370.031,-0.002169533737484653,4.208140267395647,23.870339235314628
9372.906,-0.002234513422199923,4.2080497703301205,23.872804694933166
9375.781,-0.00027505139362275663,4.207655697154176,23.876104744883914
9378.671,-0.0033428485579560293,4.207974324886898,23.884045607127653
9381.546,-0.004350959856541983,4.207894536991859,23.88571637995162
9384.437,-0.005731091123941656,4.208093415177709,23.87609390824815
9387.312,-0.005694671511157465,4.207896400033931,23.875746868347242
9390.203,-0.002418702557020616,4.207690135318232,23.875942142046323
9393.078,-0.005510806009114642,4.208013122976061,23.88436616535356
9395.953,-0.0009958665697072304,4.207859888451909,23.87726780868552
9398.843,-0.005429062631199625,4.2077922614778105,23.873010057168916
9401.734,-0.0010170334617138025,4.207871315305991,23.878280990195357
9404.609,-0.0007483296524346481,4.208006184127594,23.875514683011993
9407.515,-0.0033361303119860924,4.207783793656213,23.864656963768823
9410.359,-0.0020652627920870123,4.2080850314670295,23.86973994703822
9413.218,-0.00204335165378406,4.207737374825006,23.86700885258865
9416.062,-0.0013814046085200238,4.207579106109216,23.863771119593004
9418.937,-0.004384251098656483,4.20776908302976,23.86277751937723
9421.828,-0.000932257515432918,4.207926143017068,23.852202814240417
9424.718,-0.001987982159265276,4.207845030995976,23.864414402515695
9427.593,-0.009062691411348328,4.208039847670062,23.863452166765356
9430.468,-0.0012099150931683352,4.207581366241073,23.86917975816009
9433.343,-0.004454263312112119,4.207890239793242,23.86676125003825
9436.234,-0.0013544319071419864,4.20747922329259,23.854574283278392
9439.14,-0.001390352508897442,4.207576890886764,23.862245629440864
9441.984,-0.003850818796673617,4.207674352293887,23.86436744787361
9444.843,-0.0038004322316080755,4.207552178454299,23.869465367498506
9447.687,-0.0035162515122405084,4.207741765508129,23.871702805858394
9450.578,-0.0029453464404575716,4.207600201330476,23.86656648475333
9453.453,-0.0011848368906972676,4.207657513030543,23.861856110620202
9456.343,-0.005422441014025624,4.207744051740363,23.855954143691896
9459.218,-0.0015376398590679929,4.207615099453551,23.863472730185418
9462.109,-0.0009196588678436377,4.207397752381392,23.862145840770975
9464.984,-0.0016951476966201098,4.207802183821058,23.85872418173097
9467.875,-0.0016126726978012895,4.207515998378617,23.858952129270936
9470.781,-0.0041861730233564015,4.207628556500227,23.858920477352907
9473.625,-0.006644055028520251,4.208030031990297,23.865039423464555
9476.484,-0.0031989714941110642,4.207436032714828,23.855584347418677
9479.328,-0.0009612673885534757,4.207371813571011,23.856560873755342
9482.218,-0.0018168840064363878,4.207528667236868,23.85371348366889
9485.093,-0.004045882700826553,4.207425242760694,23.86020847765203
9487.968,-0.0063076341178959425,4.20775734907053,23.859834114768987
9490.859,-0.002587129191375164,4.207325525823482,23.861235369545955
9493.765,-0.005233210791177797,4.207525002723677,23.85363878877664
9496.64,0.0002490063931113845,4.207402502251269,23.853152766485888
9499.531,-0.0002910772866881908,4.2075578361098955,23.837049636093887
9502.375,-0.0026228570916958034,4.20738559357332,23.835158096359503
9505.156,-0.002867047993083942,4.207438238362565,23.843445426422665
9507.953,2.0609547700382123e-05,4.2073053770706865,23.850602804750487
9510.75,-0.0028558656962529867,4.207157727980064,23.845582773571195
9513.531,-0.0031173648539472468,4.207251299817939,23.84382707134247
9516.328,-0.0025408553734327316,4.207475208548865,23.845922725965053
9519.062,-0.0026986144681007012,4.207377940521541,23.848313376101
9521.859,-0.003265666104535154,4.207325170910037,23.850379856786855
9524.656,0.0012764053501554964,4.207627048422227,23.851886703784164
9527.437,-0.0015969639344333578,4.207266183015782,23.857418643498193
9530.234,-0.0005088448063480303,4.207347202238095,23.8512786016552
9533.031,-0.004978615716350873,4.20756558066588,23.855688272114197
9535.812,-0.0012811837092485154,4.2075456187817455,23.850298695055013
9538.609,-0.00509414170066575,4.207453419941819,23.85139204575089
9541.406,-0.0015245318162008558,4.207503030490899,23.853679901963286
9544.187,-0.002089355715371289,4.2072308271767715,23.855470955351382
9546.984,0.0018423621285873315,4.207276794399282,23.844605410780314
9549.781,-0.0031459601316180578,4.207124931992927,23.851114904032176
9552.562,-0.0002923277109646877,4.207347536862161,23.856665855820104
9555.359,-0.0012083183206022573,4.2073540612481635,23.85983766825319
9558.156,-0.005143705658506462,4.207064445256561,23.86278598793223
9560.937,-0.005210795983646657,4.207449507587937,23.86069526398884
9563.734,-0.0038317138257681514,4.2075012792759425,23.87187450609903
9566.562,-0.002044385025075083,4.207335185004789,23.86274584093658
9569.343,-0.005113400054922268,4.207333792306122,23.864604576590846
9572.125,-0.0014179275401282902,4.207413100693049,23.859789876027207
9574.937,-0.00388204828732276,4.2073048585381,23.859837383509213
9577.718,-0.004758748466182032,4.207323946410143,23.85354038288681
9580.5,-0.0030229485952826024,4.207185612869897,23.858503283118438
9583.328,0.0006885332622556602,4.20725722345321,23.860695242171637
9586.109,-0.004346329666093376,4.2070758220114595,23.85692684940681
9588.906,-0.0035278410197269387,4.2071534919033695,23.86096906594444
9591.703,-0.005346268545060344,4.2072251515747245,23.85483339738949
9594.484,-0.0028350757150479317,4.207098127732351,23.859880892174267
9597.281,-0.002392414939438993,4.207112368826087,23.85833678380682
9600.015,-0.0020262062755800566,4.206818135652209,23.85297374078589
9602.812,-0.003616338821303285,4.2070952171240465,23.852921363330733
9605.609,-0.0015918114863817748,4.207189524510544,23.854023364467952
9608.39,-4.064490380894657e-05,4.20706710811101,23.858129014532597
9611.187,-0.0015242449034610424,4.207057776189317,23.854582368906573
9613.984,-0.0015110331127984062,4.2072278593939885,23.847118582322405
9616.765,-0.003895975198071292,4.206853657460839,23.854874324536976
9619.562,-0.0016995755889971252,4.206971453183499,23.853099910535
9622.359,-0.0028384325824839522,4.207028381415773,23.861108881968594
9625.14,-0.004009392485674202,4.2070895581489,23.855024197069515
9627.937,-0.002055830932921194,4.206993909631528,23.863712997694137
9630.734,-0.0050188327715359115,4.207025579804446,23.86882560602852
9633.531,-0.0005536458608093872,4.207300783721296,23.867688587488725
9636.312,-0.0037011360731706673,4.206885957969948,23.864830517391496
9639.109,-0.0032277252559485352,4.207052664500839,23.86627338029696
9641.906,-0.0032545720719669704,4.2070288403525815,23.858634490818073
9644.687,-0.004313800858830726,4.207046347655421,23.85148667127902
9647.515,-0.004143674843781768,4.206794242665192,23.857395384811056
9650.296,-0.0006543659523389639,4.206934388496107,23.84947588212292
9653.078,-0.0018526799104169555,4.206805958562642,23.851786222796086
9655.89,-0.002360633186171679,4.207017310669646,23.858653613573132
9658.656,-0.0031738124964142333,4.206951455928048,23.859187393844817
9661.453,-0.0023008918009601877,4.207067539053342,23.850836660194723
9664.203,-0.003322713904986668,4.206988674596817,23.851467416667127
9666.984,0.0006771131753154516,4.206711544032361,23.850776540334586
9669.781,-0.002334688811623305,4.206976378827557,23.85537947778964
9672.562,-0.003231953993933741,4.206713636129745,23.865287125462228
9675.359,-0.002590228603230849,4.206978852203912,23.857319452049396
9678.156,-0.000609353451103759,4.206869850484863,23.852556368186907
9680.953,-0.00395043105876333,4.207035656757055,23.84792941494435
9683.734,-0.004421432167270156,4.2067480777754,23.853893503065784
9686.531,-0.0010880932113014555,4.206899917770448,23.856205767491712
9689.312,-0.0043968033069815195,4.206892232595168,23.848783982085774
9692.109,-0.0019766523518539945,4.206827595737246,23.847792544939438
9694.906,-0.0007748887691914819,4.206992173903221,23.84920973417082
9697.703,-0.002223567631070559,4.206890151199822,23.847130565968236
9700.484,-0.002264516791174678,4.206870062680347,23.843102814212095
9703.281,-0.0024544424944745852,4.2068126471659415,23.849097064414902
9706.078,0.002171748033047348,4.206522476360748,23.85458287596023
9708.859,-0.0018854746897464896,4.20648164379144,23.85203858455939
9711.671,0.0003156578832167689,4.206607639654057,23.852531124482756
9714.468,-0.0022992793458801158,4.206782819260417,23.855755434933688
9717.25,-0.0017382399095492917,4.206703555255336,23.85020467180366
9720.046,-0.0011980770460426628,4.206561578658189,23.84916242348057
9722.828,-0.0010365196356481512,4.206618303459863,23.840398115819777
9725.625,-0.00240391941201583,4.206844239592927,23.84339821203541
9728.453,-0.0004798943750103328,4.2068950696336795,23.841622251227797
9731.234,-0.0025567245199236833,4.206762409603133,23.83793448526171
9734.031,-0.003138015057067698,4.206898565467013,23.837321712600545
9736.828,-0.0019035706723867383,4.206698495920309,23.842897605535413
9739.609,-0.003468233318275183,4.20662972702454,23.84368201633039
9742.39,-0.005384152961034083,4.2066039148436065,23.847866392007155
9745.14,-0.003217270122949177,4.206767032410456,23.855389570359335
9747.937,-0.004108195523059831,4.206615030440395,23.85087897634865
9750.734,-0.002099368003863077,4.206480403862,23.847837330680374
9753.515,-0.0026920091479629665,4.2067623887569185,23.857904211408325
9756.296,0.0009589620342291808,4.206632670832863,23.851248957874287
9759.109,-0.0010617004097630198,4.2068616932201905,23.84452981594485
9761.89,-0.0029183042457880024,4.206680814381582,23.85470034263179
9764.687,-0.005118251300744377,4.206605419398196,23.8510142207507
9767.484,-0.004297845961852924,4.206623432960011,23.843431721373182
9770.265,0.0012739463524993465,4.206463915989591,23.849567692806062
9773.062,-0.0009384803583311765,4.206590959424069,23.84797997422429
9775.859,-0.0024438734288895095,4.206604452158467,23.851062505799238
9778.64,-0.0036092238282656995,4.2066120954709545,23.852953902302154
9781.437,-0.001699125825197011,4.206848083924943,23.854016837955736
9784.234,-0.0002341174392824865,4.206647762704149,23.849539202814857
9787.015,-4.273359522058614e-05,4.206262159817162,23.85178566719763
9789.812,-0.002009426634046537,4.20631362228229,23.8426209466713
9792.578,-0.003162436383505876,4.206604043696813,23.84032446284003
9795.312,-5.735898162142041e-05,4.206611378262885,23.82979575841078
9798.046,-0.0017372593682367535,4.206590190852022,23.828371253090705
9800.781,0.0015737513663289348,4.206503123459155,23.83502662241297
9803.515,0.0005672059940408051,4.20677517074008,23.830712714318686
9806.265,-0.0017142162422263847,4.2064990933848305,23.823777424583966
9809.0,-0.0037782470648416943,4.206771704425942,23.833880810085354
9811.734,-0.003547413498213991,4.2065861765242785,23.832734093298317
9814.468,-0.002917841788797338,4.206615611439227,23.833691788700225
9817.187,0.0014311931280999353,4.206372181247884,23.836769572029784
9819.921,-0.002788827516291952,4.206758844800157,23.834774728837964
9822.656,-0.0022197887168799463,4.206769096824935,23.835830828720603
9825.39,-0.0026975937967994774,4.206343117855143,23.823316976215533
9828.109,-0.0033508637139690878,4.206592042165815,23.828978044126668
9830.843,0.0007081270096262971,4.206215203756191,23.831728630734524
9833.578,-0.0012560980149876684,4.206449475099208,23.837771621532287
9836.312,-0.003008199459217272,4.206498491580732,23.84153665267133
9839.062,-0.0004347804931890392,4.206597574931182,23.838666357943918
9841.796,-0.004181976511758551,4.206432407055317,23.828667554712776
9844.531,-0.0021006517037665687,4.2063145363123295,23.836429318777896
9847.265,-0.0030880784137524283,4.206500443676407,23.829916387399273
9850.015,0.00098625753302255,4.206492802772699,23.835181638981933
9852.75,-0.0018670457375284477,4.206257650254182,23.835100941747722
9855.484,-0.00472780604739154,4.206358700711692,23.840612153948673
9858.218,-0.0016251608895421835,4.206380757956621,23.82958209557123
9860.953,-0.004636133790563176,4.206441078065173,23.830174699220247
9863.687,0.00038489513976984046,4.206108238587004,23.82784466776982
9866.437,-0.0009224172812220386,4.206196928792919,23.826535736983654
9869.171,0.0003899841509654146,4.206497239106655,23.825968974550765
9871.906,-0.005517475663820188,4.206434801068149,23.820047593964127
9874.64,0.0006047628633618767,4.206380998731004,23.819575543046593
9877.375,0.0004166931621395218,4.206385531085608,23.82709369535092
9880.109,-0.003315513726384159,4.206412989717781,23.838679034589344
9882.859,-0.0014868701560004707,4.206367859536891,23.836589517484025
9885.593,-0.001543700125792604,4.206141998630039,23.830128136653595
9888.328,-0.002087349975395142,4.206252191933083,23.82618604389472
9891.062,-0.0019132018033750477,4.206311104282151,23.83070502621839
9893.812,-0.0023065393421427246,4.20619969004392,23.833334284953082
9896.546,-0.00502207668803991,4.206266221256844,23.82748243192132
9899.281,-0.003837445750181302,4.206350738841304,23.833199395553002
9902.015,-0.0007459974798626227,4.206397385462845,23.826599386467777
9904.75,-0.0018531847050827508,4.2063790860386305,23.83387073833438
9907.484,-0.0013400850787178326,4.206292347336001,23.83701975329982
9910.234,4.005429030124303e-05,4.206317628046907,23.836167158359892
9912.968,-0.00323833610210632,4.206162128900854,23.82675690445983
9915.703,-0.001560982150474127,4.206271231858782,23.824422027352608
9918.437,-2.446717377296475e-06,4.206372387770946,23.806301857057075
9921.203,0.0016111596089713456,4.206184172968488,23.81830437548894
9923.937,-0.003378999930223902,4.206134564953011,23.815604119575667
9926.671,0.00336040651002989,4.2059466923047175,23.826729021759892
9929.406,-0.001711985957139107,4.206316315984222,23.818870397254578
9932.156,-0.0035279197969974047,4.206111394478796,23.82801074624676
9934.89,-0.0037637240745579306,4.20604085251514,23.818513505338135
9937.656,0.0008178414725570511,4.2062110102936145,23.823815833514843
9940.39,0.001915806255426205,4.206076033261295,23.821216477247386
9943.14,-1.4931763273201877e-06,4.206262142635968,23.82278057067097
9945.875,-0.0005548429447194587,4.206073829265742,23.82954168147022
9948.593,-0.002533558526120722,4.206217074471161,23.824448621771403
9951.328,0.00084792739483673,4.206241526465758,23.817166652842253
9954.062,-0.002136383046832106,4.206198945198393,23.823401777494105
9956.796,-0.002206483668163469,4.205999140453349,23.82439135786049
9959.546,0.0004256626913507609,4.205955766384651,23.830669885888884
9962.281,-0.0014056193412483994,4.205979760340852,23.821297912457297
9965.015,-0.0015846743531926265,4.206137652744303,23.825397438456044
9967.75,-0.0010643292756866264,4.2059936409767875,23.826255252790826
9970.468,-0.0027997808545029606,4.206020868080962,23.83036124353591
9973.203,0.002373159074587337,4.206167874456247,23.83312651913102
9975.953,-0.0048571197825208485,4.206068231124191,23.830484271041655
9978.687,-0.00489193001598156,4.205886508762916,23.828745146648668
9981.421,-0.003560052314736742,4.206182708509478,23.8381225053977
9984.156,-0.0016661343378989058,4.205997261758036,23.82649296609316
9986.89,-0.00202894594828228,4.206140713522061,23.83031966585973
9989.625,-0.002061960161616862,4.206336852210093,23.829775543131074
9992.343,0.0008968915634156119,4.2060633709053,23.834398720145096
9995.078,0.0005548900014761669,4.2059053191186555,23.833574576747626
9997.812,-0.0010037485351811902,4.206108776657455,23.845106210629027
10000.546,-0.000724008044746925,4.206050085146431,23.830937229418907
10003.281,-0.005362150715376117,4.206028173622876,23.827007511474406
10006.015,-0.0022529687500342597,4.206073080371626,23.8356830422901
10008.75,-0.0007346844760266731,4.206200134049212,23.834328064180017
10011.484,-0.0032988178516046326,4.205948526565683,23.836333929385262
10014.218,-0.00244680287174097,4.205999733928703,23.837034575045518
10016.953,-0.0008726716091449184,4.206033051873943,23.84115234425495
10019.687,-0.003346585990787726,4.20609952209143,23.841419316785036
10022.421,-0.0029226261722986296,4.206099255410325,23.82983207549899
10025.156,-0.002128340599110157,4.205935593172728,23.83583339260239
10027.89,-0.005998701410874519,4.2061081902955415,23.82853510331805
10030.625,-0.0006802737969580382,4.206108495550686,23.82494160391437
10033.359,-0.0015172803811019679,4.206013898531727,23.8271443173579
10036.093,-0.0029734607704502733,4.206082241532239,23.828038776606103
10038.828,-0.0002780045433433097,4.205801932618912,23.825604985920215
10041.562,-0.0002245873895885997,4.2057504810771915,23.827692841207018
10044.296,-0.0032013016362542326,4.205926052766704,23.82078225988362
10047.031,-0.00027033587677506343,4.205985977723598,23.82629622899569
10049.796,-0.0011192554418269442,4.205971052987195,23.82356831308695
10052.531,-0.0017675333842201062,4.2059996100754455,23.822949561492056
10055.265,0.000594917012044113,4.2062805240352255,23.81689358757896
10058.015,-0.0013748419550770046,4.206136842303866,23.817006581191908
10060.75,-0.002656142080945202,4.205990562921166,23.816591773261703
10063.468,-0.0015220433244389681,4.2058561577119145,23.82682311772844
10066.234,-0.0019801551424172433,4.20587626557163,23.829913667672617
10068.968,-0.004626687031462379,4.205881051658086,23.831426845837424
10071.703,-2.6394439588876586e-05,4.2057225257539566,23.823503897693563
10074.437,-0.0028000846832960985,4.205781485572909,23.829878208943004
10077.171,-0.002304868497243249,4.205987936089744,23.82940342180273
10079.921,-0.0018620129746169385,4.205792083131534,23.828892648108038
10082.656,-0.005177357625721315,4.206113654971116,23.8269883129784
10085.39,-0.000959795139440461,4.206000264675799,23.82612649368301
10088.125,-0.003260069442288903,4.205938087153843,23.83104316283951
10090.875,-0.000688632820405142,4.205801226523474,23.83099348090659
10093.593,-0.00382724986215557,4.205782532337684,23.83015041541746
10096.343,-0.0018529924743399511,4.205901430259215,23.831760065410926
10099.078,-0.0012184172066093486,4.205981159693002,23.829726148178036
10101.812,-0.0047158665512890725,4.205560098390461,23.830170366635482
10104.546,-0.002944998577940156,4.205736643620004,23.82464078009133
10107.281,-0.0030651858491714877,4.205688491890072,23.836741449744025
10110.015,-0.0006963984694951239,4.205782098166249,23.833443773429817
10112.765,-0.003873665244520146,4.205649732658469,23.837180690298432
10115.5,-0.005722023436223354,4.206034654791261,23.840150475365057
10118.234,-0.00759911017590735,4.205950615345263,23.83738202213235
10120.968,-0.0027095473896977186,4.206083163243854,23.8475188991325
10123.703,-0.004093567540179822,4.205718928232147,23.832083236142754
10126.437,-0.00025011722353948294,4.205860715313966,23.827163569034997
10129.187,0.00047902669105372685,4.205818898767329,23.82510078910722
10131.921,-0.001981471833627444,4.205622391308822,23.824396754710016
10134.656,-0.0011850365393531884,4.205773885656458,23.820817394415315
10137.39,-0.004485001939433972,4.205665286357804,23.82515860460835
10140.125,-0.0013849558622150333,4.2058918346317,23.83040504542283
10142.859,-0.004558036879499392,4.2057220796272485,23.836628896747573
10145.609,-0.0016242948069318947,4.205609560007075,23.84117789375032
10148.343,-0.004237133592168229,4.205764445653841,23.841995662423084
10151.078,-0.00485111169784668,4.205441703775086,23.82748042054752
10153.812,-0.0025508884671921386,4.205740612774452,23.836587630059853
10156.546,-0.004229287517639423,4.205638306922655,23.844414350887632
10159.281,-0.0005068186956552671,4.205762436296199,23.849314318703726
10162.031,-0.0027251607257968795,4.205799844559398,23.83764999871552
10164.765,-0.0030917399776249264,4.205547047469054,23.834562507989745
10167.5,-0.004155840205269359,4.20551824654443,23.829765715502074
10170.234,-0.004810339376650434,4.205913641558577,23.83183059790602
10172.968,-0.0008312310267010625,4.20546872631653,23.831978866662467
10175.703,-0.0024247551183713377,4.205744295931053,23.83584507908478
10178.453,-0.004193543127009367,4.205733486873443,23.841312599204894
10181.187,0.0010395437072543848,4.205520701821489,23.841182830957543
10183.921,4.450615904460216e-05,4.205446079101775,23.839750673394644
10186.656,-0.003134632929010084,4.205806812667247,23.836370583469186
10189.39,0.00036097543195397544,4.205637998747978,23.832853117297294
10192.125,-0.0020335290471151807,4.2054605516190415,23.83828801839661
10194.89,-0.0006500848204290063,4.205453863705455,23.83402873026357
10197.625,-0.002650924480450053,4.205427516904688,23.83238110875379
10200.375,-0.005563991363678798,4.205450878635165,23.83316928533841
10203.109,-0.0007044110323796849,4.205674418251215,23.830679916712562
10205.843,-0.0042124756286598414,4.205595295017579,23.835591582279687
10208.578,-0.00014993527997901167,4.2055944209009,23.83261595531075
10211.343,-0.001806970766623815,4.205864400661713,23.83578683498094
10214.078,-0.0007017852007952641,4.205386035346794,23.84067735380006
10216.812,-0.007430932575117218,4.205509886538221,23.83688267590342
10219.546,0.0003941451645750418,4.205655896029661,23.836699642476873
10222.296,-0.0003640335005356011,4.205469997341272,23.84047371097689
10225.031,-0.0001464815424832897,4.20559455751194,23.841644817414384
10227.75,-0.0025861322472588077,4.205432731857045,23.839731611582096
10230.484,-0.00396389562450861,4.205597852693514,23.832264529772093
10233.234,-0.0015037529218151712,4.205512390674335,23.832700697962263
10235.968,-0.0018858176712090195,4.205531051205781,23.82923200383598
10238.703,-0.0004179490561711662,4.205375600729749,23.828585586065028
10241.437,-0.002077065486182065,4.2056496707832975,23.82428339415754
10244.156,-0.002725962645867781,4.205432172203091,23.835323298065905
10246.89,-0.0054833474292977245,4.205490208009679,23.828687566217685
10249.64,-0.0018897671183069386,4.205728485979272,23.830619968796597
10252.375,-0.0031244121070853896,4.205581115652954,23.83221436815755
10255.109,6.468648009237633e-05,4.205639931335658,23.83511325830956
10257.843,-0.002308993336462666,4.205537516305307,23.834801885762353
10260.578,-0.0030640307321479743,4.205478323983903,23.842894072450722
10263.312,-0.0013680887984958753,4.205538120865652,23.84243425340752
10266.046,-0.0012209572208825219,4.2054721802112915,23.837470120599733
10268.781,-0.004867265626653423,4.205392961197299,23.843389014033946
10271.515,-0.0016684995541492488,4.2056261377675614,23.838070453527436
10274.25,-0.0022960505156017497,4.2055262864033995,23.83518405907492
10276.984,-6.443873328242105e-05,4.205503340744031,23.829807099602426
10279.718,-0.0003747208138374481,4.205333327906429,23.832535348644367
10282.453,-0.001015074849485438,4.20547892321034,23.8333245959098
10285.187,-0.002217268071016853,4.2055721740000855,23.839389685685074
10287.921,-0.0035972114218231406,4.205315322217336,23.834998556353785
10290.656,-0.004354939213639344,4.205242632931915,23.84171144791453
10293.39,-0.0002428204184094236,4.20538281168818,23.83778029176144
10296.125,0.0010341486505586715,4.205447467592534,23.83854906844673
10298.859,-0.0032439959234916195,4.205453599324895,23.82751311937064
10301.593,-0.003017378649512188,4.205509232328549,23.83554719377095
10304.328,-0.0011464147429377516,4.205368027860321,23.840600737945504
10307.078,-0.0007751907221126792,4.205347869820925,23.843322133581758
10309.796,0.0001404389398344372,4.205414802573668,23.843126869776786
10312.531,-0.0031456414221341725,4.205425865863412,23.843796730882683
10315.265,0.00038575164889906435,4.20531252607616,23.844147912461057
10318.0,-0.005594617729975125,4.205361739586864,23.84420437236891
10320.75,-0.0033264460894316525,4.205353618961527,23.836626507120805
10323.5,-0.004742430557448296,4.205309590262761,23.82950337634143
10326.25,-0.0029549016730126727,4.205477605251342,23.831458020490416
10328.984,-0.004163195201366722,4.2052288624070595,23.83696313264429
10331.718,-0.0008084409456786917,4.205361818718537,23.835168544708683
10334.453,-0.008426674060545626,4.205355477939754,23.834402037925635
10337.187,-0.0008406752011093408,4.205615429610178,23.830277679933584
10339.953,-0.004044897295482427,4.2053187428224055,23.830961127118805
10342.687,-0.003550081898453738,4.205306687927366,23.824339747269214
10345.421,-0.0056235434217825585,4.205197269572205,23.818840955521278
10348.171,-0.0012646317284753339,4.205214085731521,23.818020073700335
10350.906,-0.005775492740980931,4.2051781234944094,23.818326613983594
10353.64,-0.0016752548412571364,4.2052511906469485,23.814106041396748
10356.375,-0.0041643997957771855,4.205397203782196,23.814000117997004
10359.125,-0.004216413219762383,4.205235671925795,23.81962064167643
10361.859,-0.004084874656261359,4.205540641279985,23.816351382208726
10364.593,0.0003009527731948451,4.205295631689667,23.81085786624817
10367.328,-0.0036520922795373134,4.2052663123136105,23.808904449535323
10370.062,-0.005894170618423208,4.205403052810629,23.8132465926579
10372.796,-0.003799164567176558,4.205267806408347,23.813650959218922
10375.546,0.0021877230918273794,4.205239779617629,23.820499263403377
10378.281,0.0002575538527257049,4.2054740346432125,23.824752690482477
10381.015,-0.0018797172966044933,4.205253601543382,23.826358818296594
10383.75,-0.002773851414772309,4.205379113783586,23.82530160996579
10386.484,-0.004946010028009224,4.205101023521293,23.820218764328544
10389.218,-0.0022024008479559144,4.205302589106159,23.82975754504657
10391.968,-0.0028510701977910486,4.205242609770574,23.82882794417578
10394.703,-0.00038223157995945,4.205270090184821,23.82955985239397
10397.437,-0.0029481240099538527,4.205345959877516,23.83499513018051
10400.171,-0.0058353376840263,4.205168073362604,23.83502988592287
10402.906,-0.0005313506217919959,4.205375517896845,23.83267795654379
10405.64,-0.0013366292970182338,4.205362970450329,23.82968358650942
10408.39,-0.003859565851879714,4.204918008856247,23.827964284625565
10411.125,0.0008754499402612901,4.205323083009128,23.82739620772886
10413.859,-0.007148882030226705,4.2052798282782105,23.82264156678805
10416.593,-0.0026202891941693274,4.205113447052364,23.80853070960338
10419.328,-0.0035242646851146356,4.204862356047894,23.81198639359323
10422.062,-0.0062071742537909615,4.205006633127774,23.811376049786535
10424.812,-0.00044496920384743923,4.204913450814745,23.809997788413842
10427.546,-0.0010424746126427885,4.20522127308955,23.81137502530168
10430.281,-0.001602156695027409,4.205451884283614,23.81603603740298
10433.015,-0.0015321996557026082,4.204984970914079,23.815419463583982
10435.75,-0.004093423467234769,4.2052005898608105,23.812711940422034
10438.484,0.002693714680221912,4.204890405229937,23.823003674065777
10441.234,-0.004990452228351721,4.20500879343875,23.81639035305636
10443.968,-0.0014306543883884377,4.205015827834335,23.81634910449383
10446.703,-0.004087782031035409,4.205058551181873,23.810439772100047
10449.437,-0.0029834999537458316,4.2053577075549615,23.820726641492953
10452.171,-0.0007550057886063141,4.2051744122233785,23.82575355951591
10454.906,-0.0023890445470571738,4.205257345362964,23.82586785960162
10457.656,-0.005299798447546476,4.205341628899913,23.832641173116656
10460.39,-0.0053285489395898675,4.205300277220416,23.825046457301745
10463.125,-0.004997537956597424,4.205045354091032,23.8378850786871
10465.859,-0.005641043708474048,4.205028382161721,23.82762780566041
10468.625,-0.0010346116034551953,4.205128651889677,23.821990368694788
10471.359,-0.001703735679871985,4.205121645131284,23.817769643666043
10474.109,-0.0027557476392155514,4.205095580058999,23.812580823116008
10476.843,-0.00598546093974281,4.204697893853737,23.817694420607282
10479.578,-0.003316684625911604,4.204946240884422,23.82967864083357
10482.312,-0.000732139921996534,4.2052402118321,23.831326580655492
10485.078,-0.004264396276846188,4.205004560426629,23.82843495957554
10487.812,0.0009197286691961797,4.204913019814778,23.82035669124092
10490.546,-0.0026374901077220567,4.2048684083248125,23.81825533675574
10493.281,-0.0029146417505072648,4.204884547251608,23.814810556140376
10496.031,-0.0009202041051843337,4.205304280119083,23.802849400462627
10498.765,-0.0018195895266552408,4.205056404890861,23.804971102863224
10501.484,-0.0013830132419682369,4.204888706934392,23.807768096300023
10504.218,-0.0018486094159865974,4.204808044213076,23.803792485273252
10506.953,-0.00042691242080666555,4.205064450158114,23.795626834948486
10509.687,-0.005673778207679535,4.205134447969608,23.796299258769164
10512.437,-0.002500605225814559,4.205409883376702,23.799040194567464
10515.171,-0.004988864837537313,4.205130774547066,23.8013385584132
10517.89,-0.0054147575458340915,4.2049867737878355,23.80111940560052
10520.625,-0.003859116730684454,4.204800598478639,23.800147634841053
10523.375,-0.003178551297660262,4.205042085515684,23.80478053593528
10526.109,-0.003359156697267605,4.2052606954129494,23.81049321697815
10528.843,-0.002064022087460798,4.20515416294098,23.814727375356753
10531.578,-0.0013044779238864487,4.204948351838638,23.828163084971827
10534.296,0.0019652156372673736,4.204942362137964,23.823948775737268
10537.031,-0.005244668856404748,4.20480257828489,23.82746679037148
10539.781,-0.002497973245734099,4.204750718907517,23.821259526619805
10542.515,0.0023573489060755228,4.205072948076509,23.809844980691818
10545.25,-0.002728322213991353,4.20462186479977,23.808996945350266
10547.984,0.0005872649419958378,4.2049640782246875,23.788103904178552
10550.718,-0.0003727948510780096,4.204975181970752,23.78853488642523
10553.453,-0.006769448281579647,4.20509881152107,23.795471316439055
10556.187,-0.0025219032041731127,4.205194589140347,23.801122803921395
10558.921,0.0005987564060887771,4.204931258223056,23.79870250033323
10561.671,-0.0022399201881615387,4.204990610048231,23.79803178632946
10564.406,-0.001233553201256596,4.204870178280249,23.801059232847855
10567.125,-0.003937702500167909,4.205170486502695,23.800111315400002
10569.859,-0.000413772265282468,4.204898258286701,23.80743949813272
10572.593,-0.0036190807441850007,4.205024730602228,23.796868790809143
10575.328,-0.004371535799780563,4.204895061677477,23.804692727517736
10578.062,-0.004420805488288921,4.20488723336642,23.80484322412194
10580.796,0.0006203194075458965,4.205079260944286,23.800031629919236
10583.515,-0.0016102204783102758,4.204764304796289,23.80360089049834
10586.25,-0.0028533982426307857,4.2047196120837,23.79913601415114
10589.0,-0.00027759065257097846,4.20491520445794,23.796500343459957
10591.734,0.001362773433620617,4.204788512250997,23.799924531098444
10594.453,-0.0006804494437388744,4.205078051599226,23.799658071928537
10597.218,-0.0007734665450584021,4.2048083634195095,23.80384514567261
10599.953,0.000640513566887347,4.205078920598567,23.79354568981977
10602.687,-0.0025495696577500396,4.204900198400451,23.798281546688948
10605.421,-0.005102602847084192,4.204799449776011,23.80651695561732
10608.156,-0.0045985800685645175,4.20479937866995,23.806927371619036
10610.906,-0.0057973670817723375,4.205205294240365,23.80423806976103
