time,current,voltage,temperature
0.0,0.002312213015825953,3.681895191838304,25.739513500458514
2.469000000000001,-2.257828874652089,3.4689243884004695,25.73608821390649
5.094000000000001,1.4940710415943435,3.8080430012985627,25.73882339350833
7.562000000000001,1.495165449866862,3.8195609821284338,25.733199143426784
10.047000000000004,1.488186377887431,3.8266786330989584,25.728941557649193
12.609000000000002,1.490195535134966,3.8316936091230245,25.71479502532889
15.125,1.488461091226215,3.8357420541032643,25.70814284508522
17.656,1.4935704326082961,3.8391543215037385,25.70589873629854
20.172000000000004,1.4981440474450978,3.8425958644852507,25.69834376489689
22.687000000000005,1.487149863655531,3.845868907965779,25.67902314859284
25.219,1.4866196962406941,3.8485565040314023,25.67538084637656
27.687000000000005,1.4885907034695667,3.850265741339469,25.67303331217274
30.156,1.4916174545207384,3.8523737538406766,25.65950470438178
32.625,1.493104441803752,3.854182777198321,25.665276263756446
35.094,1.4898158402086585,3.85671058286029,25.652998697022444
37.578,1.4921690581917473,3.857685559716465,25.64852996900773
40.094,1.4914926781324516,3.8596113292748466,25.644880434628888
42.609,1.4877504113027733,3.861467403225243,25.642490711881035
45.14,1.4873674877157432,3.863166829577472,25.632738431237755
47.656,1.4893043593584208,3.8644029228738788,25.620284324305647
50.219,1.4902031217208755,3.8660404013816194,25.61609036137456
52.734,1.4903405330297106,3.867710140520512,25.609189650874683
55.265,1.4844256509330718,3.869199896146532,25.60595424992456
57.781000000000006,1.489343839331372,3.8705128793505366,25.614249343058418
60.25,1.4961528176332046,3.8714825119241216,25.603914390962636
62.719,1.4878770214404031,3.8727687889334153,25.599850060752285
65.187,1.4929187396701835,3.8744165001430475,25.601255142216967
67.656,1.489789230434879,3.8753136127570804,25.60025124307648
70.14,1.4954872414344478,3.8764036916648217,25.59145087685899
72.68700000000001,1.4907193318124063,3.8777092560018946,25.591503537638506
75.156,1.4931789534243118,3.879076462988906,25.58904624831297
77.64,1.493120753829993,3.8801126603612395,25.584492696043135
80.094,1.4876889644739253,3.8815224131718375,25.585589107706305
82.56200000000001,1.4897299259660286,3.882545787309813,25.576986964432564
85.047,1.4908890707966922,3.883729028226788,25.568495707235655
87.56200000000001,1.4948548728877895,3.884977753153665,25.572110217586285
90.094,1.4949155339529627,3.8858872004367577,25.563886631274183
92.60900000000001,1.4880496301315824,3.8870336838619304,25.559362727359943
95.14,1.4949917293490362,3.8882529382832334,25.55499900054214
97.656,1.48845608226538,3.8893826073239617,25.54901917294841
100.187,1.4917300049448448,3.8901058704255362,25.546132103705336
102.703,1.4876661635234503,3.891701635333712,25.546721438003683
105.219,1.4922424245641672,3.8923352732663488,25.53738103574531
107.75,1.4931758425462531,3.8935017882185337,25.540245232035605
110.297,1.489821557039361,3.8945091202815014,25.538516823331
112.828,1.4915166175446763,3.895417086437298,25.53579785467034
115.344,1.491083224351957,3.8968375652632505,25.543012537030126
117.875,1.4911982810616935,3.8975906530785305,25.53343534139645
120.39,1.4874100424067846,3.8986556786033466,25.530034432493572
122.906,1.489378949809017,3.9000019804784483,25.530724702375867
125.437,1.491836260188555,3.900905827069201,25.521640816928148
127.953,1.4891201927912527,3.901509397604746,25.523555317480103
130.484,1.488186151663326,3.902828221775448,25.524581940810343
132.969,1.4908299803376102,3.9036008639826187,25.522046149169746
135.469,1.489544345720328,3.904410366633471,25.51818120239329
137.953,1.491526397831961,3.9051251588804363,25.518013518575653
140.469,1.4926824682572994,3.9064268134709517,25.514597590532617
142.984,1.4910752051034493,3.907407599785269,25.51784615655833
145.515,1.4921815713369417,3.907982450789461,25.51246018615108
148.031,1.48247462743223,3.9090387751587548,25.505661896451368
150.562,1.487563791634289,3.910428373807961,25.508542293259392
153.078,1.4914633120224277,3.9103100705004694,25.501542744469223
155.609,1.4851311276718921,3.911574754766691,25.494748573258008
158.078,1.4917701680993742,3.912739296104864,25.5034470304936
160.531,1.4927335366662955,3.9133531019849523,25.495288613501536
163.0,1.492295069000978,3.9140078399619966,25.498360105608533
165.484,1.492535706769736,3.9147268279431775,25.496010358506645
168.015,1.4911072541525279,3.9154442442584165,25.494612584963775
170.531,1.4928546165624206,3.916613554507016,25.491973935052947
173.062,1.489121978752932,3.917732012420284,25.491264021390247
175.578,1.4879138052740843,3.918436797676257,25.499145841294162
178.094,1.4879845218168248,3.918943676427756,25.487898167062276
180.625,1.4859197060911966,3.9200504333121624,25.488916702750362
183.14,1.4849489120170436,3.9204980908350473,25.49589064738421
185.672,1.4906687203451026,3.9217825597879044,25.49257294546921
188.187,1.4852034591972683,3.9230155830294087,25.49813487595619
190.719,1.4928901580346792,3.922939382939087,25.494638876217795
193.234,1.4961245110013737,3.9238208877743035,25.496945243781315
195.703,1.4907269916086259,3.9244518677231612,25.50198532139461
198.187,1.4908342137542998,3.9254956503603546,25.49946464937546
200.656,1.487044481723067,3.9262158431775895,25.489874424103032
203.187,1.4849849534022541,3.9268997574711992,25.482421186828713
205.703,1.492336454811332,3.9276857191036965,25.488802851312098
208.234,1.4907335798248256,3.928623945046686,25.4906655890486
210.75,1.4908252595406433,3.929147045595819,25.489316485863025
213.281,1.4899741579024688,3.9299942199640427,25.47902648272015
215.797,1.4961561501010658,3.9306119899633054,25.48694114166693
218.312,1.4895216597364855,3.9312543784489145,25.49038022664569
220.844,1.4923478738383653,3.932044270686597,25.494556824090832
223.359,1.4916650005715162,3.932796925178395,25.490671315185708
225.89,1.4909395928470346,3.9334719214706935,25.49464504317859
228.406,1.4898382850661473,3.9339847173925926,25.488609837629358
230.937,1.493692920779202,3.9346574076187677,25.49318130670107
233.453,1.4899763827953552,3.935211130114732,25.491977858434456
235.969,1.4921655176116992,3.9361745954620773,25.49095352859626
238.5,1.491360012400384,3.936631146199921,25.486227335109447
241.015,1.4931159900089253,3.937298916529645,25.481433336132035
243.547,1.4923495064700534,3.937980006988501,25.47439389895589
246.015,1.4891164641209815,3.938897945435094,25.48209809193831
248.484,1.489920208843331,3.939157664049754,25.474937603970034
250.953,1.488058408515415,3.939781993220539,25.467690852106262
253.437,1.4894542007655462,3.940259202678256,25.47534779878957
255.937,1.4916659983775764,3.941272643634804,25.477965769716345
258.406,1.490253802519549,3.94174044342258,25.47534550686062
260.875,1.4880525888051448,3.9421793365019457,25.477642954036085
263.344,1.4917730643817104,3.9428690437280998,25.47787026619267
265.859,1.4907158895411523,3.9433428647823074,25.4740679529882
268.39,1.4971982440640776,3.9434509155581448,25.475287870111476
270.906,1.4881966504352355,3.944857555568578,25.473239737686328
273.437,1.4864105934913903,3.9448973555536466,25.483028149738075
275.953,1.492455132218045,3.9453470931793424,25.484096411193207
278.484,1.490587681407654,3.946483631892829,25.490749352998076
281.0,1.4931493697038314,3.94653410292841,25.48807030945215
283.531,1.4911972665638895,3.9474110478619386,25.493179495526107
286.047,1.491315590599218,3.9480500457031726,25.490555818503342
288.562,1.4925626656650564,3.9478603122190137,25.496142481756813
291.094,1.4893475226397555,3.9495218036751965,25.494671207939533
293.609,1.4911753677323054,3.9496817033220077,25.491792418082813
296.14,1.4896965289268975,3.950187485307679,25.487946631082433
298.656,1.4860513449784167,3.950921648217051,25.488361404229213
301.172,1.488188284745199,3.951197651376048,25.48127850513438
303.703,1.4911422616610235,3.9515653168311182,25.488240708466755
306.219,1.490775427020162,3.95223199522233,25.491285522243135
308.719,1.4917222456463732,3.952469461986385,25.490757810305148
311.234,1.4919966847957729,3.953046946612719,25.493911593645773
313.765,1.4864209613716357,3.954023213553803,25.481585087972796
316.281,1.4889034069012352,3.953986841429783,25.477098858618202
318.797,1.4891561521737045,3.9548230442493875,25.482473647463603
321.328,1.4951450379840108,3.9547202778862816,25.480690566428056
323.844,1.4920864062406034,3.9556116232667176,25.484064221725315
326.375,1.4934082354734355,3.9560656079631618,25.481061824323785
328.89,1.4935265479341597,3.956107016354061,25.488148769137087
331.422,1.4911845795341006,3.957115238321696,25.49299163188405
333.937,1.4876618877445271,3.957542533953205,25.49680733980511
336.469,1.491643302237228,3.957816626188768,25.495707642244582
338.984,1.4898418777341291,3.958339288717939,25.49583221818459
341.5,1.4906136254798146,3.958960823819831,25.506000316821087
344.031,1.4914064202714643,3.9592204148618544,25.501017703023486
346.547,1.4966175015426932,3.9594705901447163,25.500450364583873
349.078,1.4908265052808911,3.9602495918744087,25.50129055064592
351.594,1.4896767329179366,3.9608118522513824,25.501591347524517
354.125,1.4922531072099072,3.9608270030856287,25.49576813713496
356.64,1.4922596077949686,3.961797089612941,25.49027180720154
359.156,1.490104510824957,3.9618257573769218,25.494328158281288
361.687,1.4898354631870183,3.962482476640471,25.499141776066796
364.203,1.4888392532558505,3.96270344951614,25.49751159541763
366.734,1.4878252458760377,3.9629715750964984,25.502050411450135
369.312,1.4900990868607036,3.9638070003970425,25.507552067587486
371.781,1.4893148297538534,3.9639256229580786,25.50939894063401
374.25,1.492391629200284,3.964207739233501,25.510420866396892
376.734,1.4924348911645953,3.964820578851641,25.506337711693316
379.203,1.48974093197772,3.9652656477292147,25.510020605636505
381.687,1.490722083920241,3.9656073568180648,25.514324544583967
384.14,1.49228049203693,3.965927923220792,25.513268512111043
386.609,1.4882822202608663,3.9662832254189277,25.511461511290587
389.094,1.4881334058090918,3.9670463809803507,25.521975284831264
391.625,1.4926931668440417,3.9672690898704728,25.514490045024402
394.14,1.4903938113117847,3.9675071839916507,25.516564420880034
396.672,1.4891075871032597,3.967672245351509,25.513996587398257
399.187,1.4911033520215473,3.9682649437044226,25.51179373644125
401.703,1.4914925167877386,3.968861048401598,25.518452632511092
404.234,1.4919564548585937,3.9692757301896795,25.508140852715012
406.75,1.4919044830042374,3.969054535985906,25.523604803605632
409.312,1.4884515608711475,3.9697060005895075,25.517950325444634
411.828,1.4922948355855685,3.9701026208356427,25.522994994754654
414.359,1.4905271858170956,3.9708754729111635,25.523473721078677
416.875,1.4962601516344358,3.9713388198227215,25.525613010439272
419.406,1.4911956396298869,3.9712540465246926,25.529007267895853
421.922,1.4934265651055039,3.9719907928612064,25.532174348543307
424.453,1.4872308114440798,3.9717930614687087,25.536971676780635
426.969,1.4952139288257318,3.9722641955198474,25.52936172193017
429.484,1.4889271312087884,3.9728709064109644,25.535972634417064
432.015,1.492135072477343,3.9732067628359653,25.53798615695186
434.531,1.490998810863165,3.9734706012570093,25.5275378832592
437.062,1.4901234272604928,3.974096058796408,25.536875175951707
439.578,1.4909164753174784,3.9741055803549137,25.538761072612377
442.109,1.4895662369448124,3.9747720951134866,25.542545914483558
444.562,1.4935086017324404,3.9749538676282987,25.552160573582075
447.109,1.4937288269071114,3.975479592880364,25.552541518387315
449.625,1.492059734217541,3.9757241170729807,25.55157662309345
452.14,1.4898142616253172,3.9761387685659906,25.555037048606565
454.672,1.4924641677349417,3.97659247450305,25.557735888239925
457.187,1.4945089362620654,3.9763752905961334,25.554278738663367
459.719,1.4897327672797216,3.977192986817945,25.556393644543366
462.234,1.4892526024474497,3.9775264876200165,25.561047231572232
464.765,1.4939043681695614,3.9775593989280664,25.560997735564357
467.281,1.4885034411935885,3.9784187449905652,25.560760551803423
469.797,1.492207909706886,3.978445430137846,25.56037265966337
472.328,1.488006216485331,3.978693885196781,25.56824427193034
474.844,1.491368609702429,3.9788286790459466,25.571560881796163
477.375,1.492798212251665,3.9792579916505457,25.56576540309459
479.89,1.4934363121510807,3.979616498494484,25.57635715584035
482.422,1.4889854800700715,3.980468147660436,25.5806407632041
484.937,1.4943968765590814,3.9804310735391275,25.574513948072532
487.469,1.4912607849047739,3.9808643272190114,25.576714467273792
489.984,1.4917834565468389,3.981220545494586,25.582372386039584
492.515,1.4912068875354636,3.9814398029954767,25.58031223233365
495.031,1.4920604578383438,3.9818812272057684,25.57976301685033
497.547,1.4901879725541352,3.9822511466642365,25.58457380191001
500.078,1.494994505967048,3.9823820182049823,25.583734076817674
502.594,1.4894250369535833,3.9829164221770204,25.593060158865732
505.125,1.492725095765322,3.9829295185683624,25.593788476894133
507.64,1.4920210983834212,3.98362350200136,25.597376849486174
510.203,1.4876859589054854,3.9839489846126996,25.593978874425407
512.672,1.4912737751118226,3.9840670611577504,25.590884322504955
515.14,1.4909230113212668,3.9845181949225763,25.59537217524718
517.672,1.494162241432299,3.9847808748238194,25.60101842653947
520.219,1.489699678676163,3.9848526872539938,25.603821178210644
522.687,1.492037435238006,3.98517302430981,25.600739386055924
525.156,1.4926678067023134,3.985865452550351,25.60981326665201
527.625,1.4936845644729666,3.9858344625581967,25.60790026477703
530.094,1.4896956203127245,3.986619306021286,25.612657262335578
532.578,1.491708998665607,3.9866126749386606,25.619866087789575
535.094,1.4901040011043372,3.9869288533809866,25.62249117361699
537.625,1.4898829509536573,3.987174759463927,25.63024332804133
540.14,1.4866388697628217,3.988217527942846,25.63055445633126
542.672,1.4924059195153563,3.9881124975690128,25.626191966649223
545.187,1.4918569057938218,3.988139534658876,25.63096566634151
547.765,1.4880017039099722,3.988805631614415,25.634117590410785
550.297,1.4929624469608267,3.9889010752663223,25.62797626866005
552.812,1.491769571798358,3.989010984270718,25.632151933834585
555.344,1.4935611601492493,3.989433097640362,25.647562612128016
557.812,1.4936474163277107,3.989703138639886,25.648773389472296
560.297,1.4915411900451154,3.990265913616481,25.644380777009747
562.75,1.490598382816892,3.9906032100882936,25.64382001152455
565.219,1.4906305697304396,3.9907408958144246,25.64773294930391
567.703,1.4967479051982797,3.9909147108106913,25.653616409164698
570.234,1.4934587782046946,3.991123357207176,25.650330970046657
572.75,1.4903312732046679,3.9916771010324297,25.648116948197128
575.265,1.489153782828743,3.9919746273449612,25.643692584189026
577.797,1.4909020510859303,3.9923333775311174,25.64773288702368
580.312,1.4892610207661947,3.9927025536129697,25.65366376650445
582.844,1.4891374241296225,3.993036927260511,25.65627887627911
585.359,1.4892633550111614,3.9930505676523214,25.657392648782555
587.922,1.4921613229097084,3.993725728564,25.664037415618488
590.437,1.4912079304675436,3.9938548580685973,25.660838398909636
592.969,1.489071497515208,3.9942900375507517,25.65785530500017
595.484,1.4939383881531938,3.9944884371009155,25.67253166925699
598.015,1.491373092998485,3.9949153944595532,25.67259861236516
600.531,1.491970429656479,3.995399982591109,25.676056714040932
603.047,1.4909781839996612,3.995455035709072,25.6726843841776
605.578,1.49183807426104,3.995575178648723,25.677867714760485
608.094,1.4915571662668488,3.9960135146977143,25.672187948540945
610.625,1.4926454750907499,3.9963522713479396,25.67076213691732
613.14,1.4904055922072443,3.9966750398714685,25.66877566368674
615.672,1.491898806973434,3.9971250489599264,25.677210039782725
618.25,1.49280945452863,3.9974432354451355,25.681253621005943
620.75,1.4912404830374182,3.997864931040928,25.685128765056465
623.265,1.4907137979283829,3.998214925439678,25.692167345193045
625.734,1.4903293679554488,3.998366640767259,25.68524908916216
628.234,1.4913305912333843,3.9987266635176084,25.69337894347108
630.703,1.492868063396284,3.9989117603048236,25.6861578216261
633.172,1.490252769611968,3.9990204617332132,25.692954844366465
635.703,1.4890213536587877,3.9995157510768786,25.69242821009845
638.219,1.493204508639615,3.9998555583241058,25.697067822474025
640.734,1.4933359506946295,4.00016330563405,25.70272439780519
643.265,1.49009906226752,4.0004363034553165,25.70148647044831
645.781,1.4888093780454907,4.000862963165318,25.693843700045296
648.312,1.4891625818162426,4.0011339401964685,25.705676662768646
650.828,1.490034799188186,4.001586845692153,25.6990804178134
653.359,1.4907196796024693,4.001782291682652,25.705777154674752
655.875,1.4884396412386516,4.002053964178282,25.72148493014178
658.406,1.4904395932902634,4.002499041791391,25.72242694777172
660.922,1.493047377563647,4.002596871592987,25.72584069007428
663.453,1.4913957016890529,4.0029381777195665,25.727835915277634
665.969,1.4922072156783395,4.003046254891181,25.730910284796426
668.5,1.490104425269302,4.003536587684031,25.73406605106039
671.015,1.4884229218026934,4.003981089639538,25.73172044508904
673.531,1.4913033375020002,4.004134361192014,25.737631177382635
676.062,1.4917378377486168,4.004386810042607,25.732643009897988
678.578,1.4915318621357818,4.004737057223503,25.742905740045707
681.109,1.4902936843574934,4.005264733471206,25.74653789118859
683.625,1.4905298981394557,4.00534043533909,25.752357052223946
686.156,1.492122811144963,4.0055541246647834,25.7491288526274
688.672,1.4904910897595123,4.005957234238388,25.760047166885446
691.203,1.4908026433434354,4.006595721323091,25.752316576260032
693.656,1.4918252776643388,4.006408577717772,25.753119845819242
696.14,1.4912881071946487,4.007015634171912,25.764448434500093
698.64,1.493940637218656,4.007142267344612,25.767649815208593
701.172,1.4933873023190964,4.007494954194929,25.779525144118757
703.625,1.4887790513226904,4.007827087533604,25.779937837817414
706.094,1.490439074837458,4.008174433118518,25.782482266460157
708.578,1.4885737574817557,4.008658701180011,25.77504649916705
711.109,1.4925036673323113,4.008919715649717,25.779577275973875
713.625,1.4917108669624521,4.009202832646686,25.782267750282198
716.14,1.4943913794112045,4.0094142588262836,25.778388448767572
718.672,1.4904736492269808,4.0097441509501675,25.79107768739809
721.187,1.4927256987496256,4.009958299318502,25.78748270973414
723.719,1.4877910848579505,4.01004658347461,25.787928299393098
726.234,1.4890846049556044,4.0105776519649154,25.784966525434964
728.765,1.492120740467116,4.010775154321787,25.793912387935446
731.281,1.492289368448007,4.011366900022175,25.79403200725517
733.812,1.4926793016609092,4.011677232296096,25.79502282058385
736.328,1.4943591192864163,4.011763682587355,25.800367208728904
738.859,1.4925058676006866,4.012206026806882,25.799826750609675
741.375,1.494574635287169,4.012333773013635,25.805125009285792
743.89,1.4902632548390817,4.012751298166897,25.812077818473973
746.422,1.4917606335687548,4.01312839955154,25.80972752639854
748.937,1.494550853742756,4.0134753957243845,25.81356889039313
751.469,1.4914443555404098,4.013505991000028,25.825435776063003
753.984,1.4920732589892611,4.013877587606406,25.82246415679001
756.5,1.4937545284368663,4.014144543098697,25.83164709168657
759.031,1.4910699818232325,4.014712474538705,25.834519928386097
761.547,1.4958720063435074,4.014541167113998,25.840412656174646
764.078,1.4967854854112448,4.014786075244271,25.83715636996388
766.531,1.4876435811386326,4.0156021302165525,25.839053683803584
769.015,1.4936878350733007,4.015679061681227,25.84972936093741
771.5,1.4912498360150475,4.016076864287239,25.848872145214735
773.969,1.4937430510378413,4.016109573814947,25.856863171541235
776.437,1.4942421164995217,4.016573460905884,25.861839981769062
778.906,1.4891876028910855,4.017105122924959,25.867406271791893
781.39,1.4948422789106686,4.016850150166132,25.875283458234712
783.922,1.492336261655931,4.017391984344391,25.867599957817287
786.437,1.4917047005054418,4.0176570474513245,25.87547311205533
788.953,1.4949813091857107,4.017468446134394,25.878215709269035
791.484,1.4954111419641696,4.018228127925839,25.87421579885849
794.0,1.4924567455069875,4.018537479825883,25.87324099066303
796.531,1.4869822731174414,4.018940553405782,25.874133753455542
799.047,1.4895133523787643,4.0191230943047636,25.881082309906848
801.578,1.4894500781563589,4.019486852849933,25.888377712936244
804.094,1.4951069589458006,4.019608352755675,25.880547978716027
806.609,1.4921627385827791,4.0201630572183324,25.892021170307565
809.172,1.4930806210903529,4.020500693882676,25.899035485779827
811.687,1.4948855832156007,4.020702963340454,25.896063382510526
814.219,1.4912497565161815,4.021175187420607,25.906038698618296
816.734,1.487271259600268,4.021419017196296,25.9118273256238
819.265,1.4904042536865225,4.021888038398533,25.90610669949405
821.781,1.492519035719951,4.021817924013957,25.918526443329007
824.297,1.4920542736396176,4.022387703171905,25.910264762402957
826.828,1.496950541757263,4.022293139329304,25.90816111291068
829.375,1.4909942635819737,4.022570194453003,25.913971140379598
831.875,1.4903260853925042,4.023161081399584,25.915332856661145
834.39,1.4894108628497584,4.023457767605204,25.912958233575583
836.906,1.4911265185483,4.024009246523568,25.91276817458948
839.437,1.4914864114443256,4.024270677024823,25.918329421838653
841.953,1.4916490736529142,4.024304517132306,25.921265233125123
844.453,1.489033785722988,4.0245842835672745,25.922479020753713
846.922,1.4941197172571712,4.024658300947792,25.923730536701637
849.437,1.490076037102674,4.025268848832401,25.92486047365324
851.969,1.4876614639591477,4.025517128352497,25.915019974673847
854.484,1.4942782541390036,4.025659357847589,25.927349219886363
857.0,1.4938571718623717,4.025906499648577,25.934589682903322
859.531,1.4909375362032586,4.026446611144503,25.93457548758135
862.047,1.489032359075216,4.026661486469823,25.93766935632956
864.578,1.4900907699229657,4.026951550189363,25.945986118475286
867.094,1.491480918294056,4.027168948636601,25.948104035949534
869.625,1.4892901050764358,4.027347511979144,25.948641460264415
872.14,1.491199058877725,4.0279869007662965,25.9554727592092
874.672,1.4899793747260175,4.028237409695061,25.961869927541102
877.219,1.4916367601942815,4.028451088068136,25.966549824839813
879.734,1.4884522470795676,4.028775632500148,25.97007248450454
882.265,1.4913365652662334,4.029042980619955,25.977854893804132
884.781,1.4906458582855064,4.02945911415056,25.985514493200128
887.312,1.4909398299565366,4.029263166600616,25.986430608221646
889.828,1.4927543868182984,4.029612387858359,25.984344401736
892.344,1.4932823164309434,4.030415879212226,25.992120755313763
894.875,1.4917055182074843,4.030546258928524,25.991747425383505
897.39,1.4938179412555501,4.030873475213188,25.990909129612184
899.922,1.488479877387531,4.031426810108208,25.992789406581
902.437,1.4910034025389418,4.031530716688343,26.005875817173756
904.953,1.4882154937281216,4.031627579368222,26.002791237883066
907.484,1.492994941415978,4.031801768670759,26.013572652152167
910.0,1.4901715253117005,4.03232470545339,26.016269037228714
912.5,1.4913530897935587,4.032573719396645,26.0131769177409
914.984,1.493100416335279,4.032682618326998,26.014243034085492
917.515,1.4927415698131146,4.033217727220932,26.013474324323976
920.031,1.4901746967666964,4.0334456069187965,26.016328983643085
922.5,1.4917037754126685,4.033510833117462,26.025721226413822
924.969,1.4940658932882116,4.0338425421351936,26.027039539806495
927.437,1.490853299361507,4.034359931745541,26.02733047381907
929.906,1.4901878714077303,4.034496788539341,26.033333200449402
932.39,1.493285566630963,4.0347613855309525,26.036784694166
934.906,1.4910159167073187,4.035181762423498,26.0397398177848
937.422,1.4923333123393845,4.03538943333053,26.039823148595577
939.953,1.4921245926696554,4.035948430078529,26.053109380172568
942.469,1.4904544816039216,4.0362806991095495,26.065504836443296
945.0,1.4929734246882527,4.036463433657425,26.0678910867643
947.515,1.4911235430441925,4.0366888724970345,26.064175639884862
950.047,1.4924302681558466,4.0371085823528166,26.067001978880274
952.594,1.4883330365687313,4.037189939570531,26.072557189715674
955.125,1.4889230672488734,4.03754542738798,26.07519271716864
957.64,1.4930635055045123,4.0379693396023635,26.08194683728896
960.172,1.4921556272012753,4.038217419874611,26.086848476392888
962.687,1.4922750505202969,4.038379386823779,26.084485473436832
965.203,1.4942118097192068,4.038574408366558,26.089474114972337
967.734,1.4900857057216106,4.039064826643154,26.097614904556274
970.25,1.4919797648152335,4.039195971459886,26.104603039028756
972.781,1.4915202106453982,4.039819709024632,26.109125763239472
975.297,1.4927538215191671,4.0397786701581975,26.11273497574559
977.828,1.489687387205022,4.040263197768415,26.11307838677474
980.344,1.491764432095091,4.040591473969026,26.1246997729338
982.859,1.4910256140576654,4.040946433311755,26.12989581964835
985.328,1.490622265703501,4.041186824950427,26.127944640146826
987.797,1.4897841102240175,4.041529187284961,26.136625338545496
990.265,1.4892461206882273,4.0415530786072305,26.140783328396957
992.781,1.4911834134146082,4.04208052067095,26.138944788856175
995.312,1.4917813032944465,4.04252457496273,26.136495461274198
997.828,1.4916431274515298,4.042707709588723,26.14358115224147
1000.359,1.4908109898388389,4.0429886666326995,26.14674197838439
1002.875,1.493293139183572,4.043193326473403,26.151377577224157
1005.406,1.490633834830545,4.043862008110126,26.14839286874911
1007.922,1.4906356879213716,4.044038950075944,26.15342699036836
1010.437,1.4913268201387029,4.04422328487252,26.15743525650451
1012.969,1.493132158863425,4.044511201075876,26.15958834507149
1015.484,1.4918517913627087,4.044895186636018,26.16174599285807
1017.984,1.4897970940241534,4.045131725290301,26.15851262811447
1020.484,1.4879933775936727,4.045351509539689,26.165915327862912
1022.953,1.490809214076227,4.046000907021526,26.16985923679309
1025.422,1.491212292188342,4.04593767168382,26.175453714391438
1027.89,1.4917609553191156,4.046175421615187,26.18287221769087
1030.359,1.4932832119875692,4.046495057435029,26.192567601953513
1032.844,1.4891930756230987,4.046937168530866,26.192670616530236
1035.359,1.4900540968484624,4.047359665382252,26.200603298542013
1037.875,1.490457106759658,4.047724439442843,26.20149114503261
1040.406,1.4901727493314865,4.048125810908298,26.20641348810808
1042.922,1.4912621075722259,4.048422288754282,26.210817991633835
1045.453,1.4899080451101996,4.0485075183621,26.21823265469567
1047.969,1.491321561256999,4.048691391120349,26.2206283236937
1050.5,1.492384098990755,4.049081856585077,26.220845068644664
1053.015,1.49061028715376,4.049613252985975,26.224905031988843
1055.547,1.4908185609317584,4.049770051814171,26.228254261498282
1058.062,1.4882483885285316,4.049824522187059,26.232316811090257
1060.578,1.4886192254223811,4.050374083381353,26.228297744011982
1063.109,1.4898709643843,4.050733392882037,26.23635359937596
1065.625,1.4908476214212305,4.050982068112099,26.236243375144674
1068.156,1.4897316141505537,4.051295061242738,26.23394835521697
1070.672,1.4918050991746448,4.051610092009728,26.24595554417593
1073.203,1.4920223432624418,4.052067125774703,26.243262432000677
1075.719,1.4910035517716003,4.052102222261096,26.24462867434925
1078.594,1.491657352053347,4.052703967153315,26.253856157569068
1081.156,1.4900757310640362,4.052978812316582,26.252156245002478
1083.734,1.4923788018494681,4.05323895924482,26.254449522450436
1086.297,1.4916272749742678,4.053855275833253,26.25876865404455
1088.859,1.488123933190695,4.053705273557899,26.260399448284566
1091.422,1.491470124196848,4.054301809075424,26.26524071254767
1093.984,1.490082657911919,4.054581840051835,26.282504623155205
1096.531,1.492743555249024,4.054932089111787,26.288197511788294
1099.094,1.48598045205917,4.0549645647537975,26.28818111605587
1101.656,1.489527035686778,4.055539778042118,26.289997801604898
1104.219,1.491868708684865,4.055989681719866,26.297728162115153
1106.781,1.4913266648088146,4.056158579532047,26.304597359833817
1109.344,1.491519751358766,4.056358921960393,26.30403020523786
1111.906,1.4937243423093935,4.056953505026892,26.30407405048798
1114.453,1.4927511218695013,4.057123788854454,26.305982987361094
1117.015,1.491360540515446,4.0572332603912304,26.308939900122297
1119.578,1.4905696759928828,4.057692857819136,26.306968873963392
1122.14,1.4936042955420596,4.058174185534027,26.313410304532376
1124.703,1.490261409375648,4.0583419447436,26.325283280490126
1127.265,1.4869544164283648,4.058605691385243,26.331150035552614
1129.828,1.4918457533234606,4.058991615607154,26.337100285945713
1132.375,1.4922000910575004,4.05951864160363,26.34885799503469
1134.937,1.491343419161137,4.059649938040664,26.34961632420844
1137.5,1.4928411008864921,4.06022284663718,26.35370471302912
1140.062,1.4910881393422322,4.0604741870841785,26.358951756618378
1142.625,1.4908739354171996,4.060699912489247,26.366409618358514
1145.187,1.4904865468565223,4.060995111203072,26.37302903386812
1147.797,1.490162178100641,4.061344086260498,26.373993943503645
1150.437,1.490749121125897,4.06156581000589,26.376531824112263
1153.0,1.4936171997658325,4.062139797101111,26.37509629377694
1155.562,1.4907023173480578,4.062067861807163,26.375342435973636
1158.125,1.4900692001581577,4.062824574531635,26.381567730471172
1160.687,1.490783826262082,4.063127670438779,26.385919714074586
1163.25,1.4907692562339794,4.063416486455198,26.38746061356435
1165.797,1.4931227740515993,4.063822876338476,26.389606433153386
1168.359,1.489942544335334,4.0641580370631045,26.406857216385962
1170.922,1.492032661048928,4.06424846239609,26.412281576586857
1173.484,1.4913349598845518,4.06484933799339,26.413007506909366
1176.047,1.4895432619625155,4.065176461795101,26.413455255732696
1178.609,1.491837530975639,4.0654284268360055,26.413258725627596
1181.156,1.4946211394614417,4.065559633106883,26.422340577211283
1183.719,1.487505579310839,4.065995147785446,26.420252452143767
1186.281,1.491607160435661,4.066392343736647,26.424760929558275
1188.844,1.4896041946700298,4.066627043071062,26.42948421173762
1191.406,1.492198068245253,4.067323301676321,26.43722469548233
1193.969,1.490432260207554,4.0675711495919,26.44447210095602
1196.515,1.4897797173910374,4.067766174599425,26.451083154243147
1199.078,1.4899302004953652,4.067969837728808,26.449945978790257
1201.64,1.4924070652690065,4.068496106692535,26.456876649260078
1204.234,1.4928476999712113,4.068812115663699,26.45394615534696
1206.844,1.4886530356188838,4.069194123489939,26.45436332689861
1209.422,1.4923413715795464,4.069384640610438,26.463117749264836
1211.969,1.491645634042187,4.069606143685802,26.469994863908873
1214.562,1.4925647649414113,4.070094305425338,26.46707402339659
1217.187,1.4911492918149125,4.0704104226587035,26.480606429031546
1219.797,1.4886610966695981,4.070707252501348,26.48104921760903
1222.39,1.4925383888409256,4.071176402700141,26.480997006704463
1224.953,1.490635691895916,4.071726163378885,26.48117447305133
1227.515,1.4925222071958464,4.071745266812085,26.4939941236117
1230.078,1.490847692936048,4.0724031337145545,26.500099141687073
1232.64,1.4905395135183457,4.072745022909154,26.5015913892227
1235.203,1.4911677545183537,4.072800593814276,26.509780834220543
1237.781,1.4901634654891436,4.0730910806736995,26.513251697611814
1240.344,1.4903368386658389,4.073533364569749,26.51427479918935
1242.906,1.490629688862428,4.073897024100623,26.516733245882303
1245.469,1.4893034087342174,4.074219361634902,26.521223901764362
1248.031,1.4922132348598067,4.074621237286274,26.52238076835846
1250.578,1.4889916632201041,4.074960691364984,26.52558446343704
1253.14,1.4936464778878549,4.075497223907092,26.53231824241224
1255.703,1.4904892201810307,4.075685674416074,26.53847791175735
1258.265,1.4912457313280696,4.075698121469878,26.54707881809027
1260.828,1.4915785355269446,4.076682797418494,26.55572435037929
1263.39,1.4920217632586072,4.076867609309589,26.558641654550147
1265.937,1.4869294708661072,4.077079720716925,26.56429148855215
1268.547,1.4906361262971448,4.077341241483304,26.57447393958466
1271.14,1.4928142861971307,4.077808187626193,26.57743250554193
1273.719,1.494032540520733,4.078011230426294,26.574993741239027
1276.281,1.4942337785268809,4.078583729701247,26.582002021005007
1278.828,1.4925278044380443,4.078794686576633,26.581048284513265
1281.39,1.4910716725012858,4.079263331912117,26.59909700025854
1283.953,1.4924823920762824,4.0798794282252455,26.597378117881583
1286.515,1.4923275915235286,4.0799157798819445,26.60550711446824
1289.078,1.488174192103479,4.080646302722918,26.60375736576972
1291.64,1.4895659823466245,4.080780005304922,26.605316415250815
1294.187,1.490851518101195,4.080987113881245,26.613638630107264
1296.75,1.4908414566944324,4.081718133714419,26.62716003574339
1299.312,1.4892187018133884,4.081749217689782,26.627985377524833
1301.875,1.4910121057332626,4.0818708932986185,26.631419280744446
1304.437,1.4919031505751819,4.08258701445299,26.64043189366752
1306.984,1.4898337840287434,4.082766172603079,26.632706618986127
1309.547,1.4924485603750877,4.0834112949642165,26.6395729090969
1312.109,1.492926967460828,4.0837148312922125,26.647896562426034
1314.672,1.4912761361161229,4.083892299636631,26.650684226792073
1317.234,1.4858745833872542,4.084418909470032,26.65928943583034
1319.797,1.490406742282232,4.084684069198806,26.65318301218865
1322.344,1.4908892848770474,4.085315671107354,26.64941920073819
1324.906,1.4934519945361597,4.08546928877051,26.659861602301845
1327.484,1.4937699265871691,4.085729155208282,26.65343791043992
1330.047,1.4863825488493512,4.086176334404737,26.65879982076301
1332.609,1.4913575014596365,4.086675446712944,26.670270981456053
1335.172,1.4934930130313164,4.086769775887734,26.679805654636144
1337.734,1.4909023871076825,4.087389798006196,26.689909600995385
1340.297,1.493970588438493,4.087579868141786,26.693385011741558
1342.844,1.4896885531454376,4.087872511373045,26.69397159719394
1345.406,1.4909647636800625,4.08833729300293,26.70814254001833
1347.969,1.4906306169355743,4.08891823075917,26.71376157003554
1350.531,1.4889305789637413,4.089023270311837,26.718602615596705
1353.094,1.4899347050088492,4.0893640129365565,26.725647848692986
1355.656,1.4912389362195468,4.089799519489203,26.723390200655093
1358.219,1.4870734752081307,4.090203038482412,26.725429404406494
1360.781,1.4927096649698022,4.090533776098073,26.73613345654309
1363.328,1.4877476955829905,4.091182880729609,26.7398597394327
1365.89,1.4890069297252786,4.091255291370648,26.741595782869563
1368.453,1.4898269791612826,4.092139435635306,26.746542915889947
1371.015,1.4899748857626967,4.091968373355412,26.760846491880997
1373.578,1.4897334983671107,4.092528308833597,26.761926838060155
1376.125,1.4933235201769932,4.0929891627032875,26.754121248061857
1378.687,1.4930551695994736,4.093265463955749,26.770060768188827
1381.281,1.4897712963016434,4.09377870922678,26.778061041921358
1383.922,1.4936556155237664,4.093861782214655,26.781462114579103
1386.515,1.4896178439388896,4.094631475853832,26.78655535222175
1389.078,1.4910124564626355,4.094630769156807,26.788053600393333
1391.64,1.4923282518852057,4.095178864732403,26.789493719091954
1394.203,1.4902379033476723,4.0957222914939795,26.78924103611999
1396.765,1.4921946983303354,4.096180208165151,26.80160267928412
1399.328,1.493860266919154,4.096529287870741,26.801033455768053
1401.875,1.4883750785688017,4.096943841555116,26.808397630822128
1404.437,1.493564085360486,4.097182682350843,26.809175902944144
1407.031,1.492889365779293,4.097493231181426,26.813321499931153
1409.656,1.4917625615554966,4.098087256850997,26.82343395916252
1412.265,1.4924887858534475,4.098622062279707,26.82297443042581
1414.875,1.488835252188363,4.098456189439392,26.831920986981956
1417.453,1.4888409000795328,4.099341579022504,26.830108274678526
1420.031,1.4915267636673835,4.09957877185101,26.82918133409607
1422.578,1.4927058578240742,4.099971699295045,26.83628330670513
1425.14,1.4895177556894217,4.100367085086208,26.846160559310597
1427.703,1.492098320611581,4.100599913711512,26.853616902695652
1430.265,1.490785891367438,4.101069717428292,26.855344495567497
1432.828,1.4929089630241617,4.101520368992298,26.85675027982575
1435.375,1.4913085583937424,4.1017743169756145,26.85947242175373
1437.937,1.4885249001201528,4.10213000088156,26.854895920873606
1440.5,1.4911151303856174,4.102398655932006,26.867008617098058
1443.062,1.4900281446139523,4.10286945138847,26.88429890533018
1445.625,1.4897153586095526,4.103497802886683,26.88546436408434
1448.187,1.490695933720854,4.103903681077706,26.8913132766984
1450.75,1.4901062684035458,4.104173798175467,26.903907538863667
1453.297,1.4911635185092182,4.104484147895392,26.903610392602978
1455.859,1.4903801759108308,4.1050387168680995,26.905829068049215
1458.422,1.4904051785271255,4.105362609295167,26.920205240222593
1460.984,1.4952015957402969,4.105810566245264,26.92324799481076
1463.547,1.490555558297919,4.106252462276938,26.917558334310172
1466.109,1.4900917432207113,4.10660598670392,26.926730321071354
1468.687,1.4922499306485681,4.107270501931585,26.926872377302363
1471.265,1.4898121159150273,4.107282870079123,26.933969125184394
1473.844,1.4900914280936246,4.107905982130101,26.936269872691827
1476.406,1.4898571056165946,4.108246776354389,26.9421644842689
1478.969,1.4926809957289917,4.108783542213672,26.949145108244178
1481.531,1.4917450376578065,4.109153142214634,26.962256224145356
1484.094,1.4893858287260262,4.109690038167052,26.965748390671987
1486.64,1.4948582020683718,4.109793751048964,26.973928421561713
1489.203,1.4914014849015924,4.110217163100085,26.97865828351673
1491.765,1.4923536257343222,4.110644073190534,26.979217039518122
1494.328,1.492137776293229,4.1107693053642596,26.985950030614518
1496.89,1.493258014018152,4.111359998646606,26.992176222360722
1499.453,1.488249528561897,4.1119219490222045,27.00108473659876
1502.015,1.4915466018023238,4.1122411287151435,27.008988864329144
1504.578,1.4915130298492032,4.112734166877903,27.009576426774277
1507.125,1.4954646477476436,4.112996999491459,27.003901461870683
1509.687,1.4890158312466424,4.1135866801047225,27.01315930309766
1512.25,1.491593750473178,4.113654522900904,27.022709877283248
1514.812,1.4889466960266606,4.114210654071935,27.035945599100177
1517.375,1.4919562489567104,4.114574576614939,27.036193860786753
1519.922,1.4909686551933825,4.1153523098356395,27.052928877252228
1522.484,1.4893208621792988,4.115520711325224,27.04963078778981
1525.047,1.492514963281677,4.11579373579552,27.052475166743353
1527.64,1.4905882264623798,4.116321373811981,27.055637298576777
1530.203,1.4890350498389266,4.116579093454107,27.05911415719679
1532.781,1.4889566908301506,4.117201956899755,27.073543603577576
1535.344,1.4928327772784737,4.117581734328935,27.077070994456342
1537.89,1.4905844471615741,4.1179554890596295,27.07612482053354
1540.453,1.4905419659113521,4.118167718187726,27.080498288172294
1543.015,1.4882132320380947,4.1188479328983965,27.094614481775224
1545.578,1.4881989782479057,4.119404577458166,27.09297057587386
1548.14,1.4910373562489956,4.119439819105898,27.112431685904646
1550.703,1.4941377770924893,4.119748809384484,27.10363787778146
1553.265,1.4914469097700216,4.120471597990471,27.110612688432838
1555.812,1.4962438815941914,4.1210440037663485,27.1056327817988
1558.375,1.492862402449406,4.121335634659126,27.11211947473616
1560.937,1.4849202480913233,4.121766734372745,27.12383801258178
1563.5,1.4942148023664605,4.121986829181974,27.1292907037228
1566.062,1.4923021213220273,4.1225882497447195,27.130139538459186
1568.625,1.4906653994836547,4.122847315808897,27.13467599468279
1571.187,1.4904562621536528,4.123413803254004,27.130306028031846
1573.75,1.4891868883822885,4.1239742612397805,27.13643199529118
1576.297,1.491651131192073,4.124265195938914,27.146331102950274
1578.859,1.4922307287220595,4.124436397869246,27.148555516193134
1581.469,1.492752699797996,4.12522404507989,27.151624427721476
1584.109,1.4935912681547712,4.1257640315307,27.168320570798446
1586.672,1.4919979758886368,4.12588562559329,27.165691152214325
1589.234,1.489616249387666,4.126272829144663,27.179221609784314
1592.156,1.4923430434799787,4.126854769932872,27.182008202369285
1594.875,1.4954306824948047,4.127123638538441,27.184675258051602
1597.547,1.4892311771011992,4.127689226338453,27.198862435677466
1600.265,1.491425854716401,4.128283310912533,27.20195931962462
1602.937,1.4892566124906126,4.128645410855011,27.210690096383523
1605.656,1.4915578687534339,4.129029680811977,27.219316372194204
1608.39,1.4915671533664923,4.129536123055359,27.223830610826745
1611.109,1.4945187012000993,4.129939594184212,27.24232755786719
1613.781,1.4899566548744012,4.130651153163679,27.242493450389954
1616.515,1.48951538964473,4.130895388909112,27.24739374686
1619.25,1.4924000559782575,4.131410126821761,27.248846605288296
1621.969,1.4898498646740397,4.131883861303965,27.265331799359313
1624.64,1.491304939113766,4.132262603975238,27.26272961162865
1627.359,1.4910946094491444,4.132543108551249,27.256402052004436
1630.031,1.4872911190733493,4.133159105399538,27.259273269465993
1632.781,1.4894975774257073,4.1336124523312945,27.271479744519862
1635.484,1.4906843828462126,4.134207148038974,27.273262797679177
1638.234,1.491450716514203,4.134187138105022,27.28283140698997
1640.906,1.4905828732042128,4.135017272286338,27.287801306702832
1643.656,1.490312196834012,4.135302036761921,27.29880555433504
1646.328,1.4915650734963137,4.13571578695772,27.30815354969098
1649.062,1.4933438813651234,4.1364298864655415,27.31306155329376
1651.75,1.4941937975738218,4.136651323911117,27.313870312934796
1654.484,1.4879790628394447,4.13718310170277,27.31022075049578
1657.156,1.4923875722274396,4.137567182948563,27.322022427619963
1659.89,1.4935840873576198,4.138104650665515,27.32519668747278
1662.562,1.4920118786007783,4.138726404188586,27.335839519634455
1665.281,1.490100795615756,4.139121928325309,27.33184628209222
1667.953,1.4924584827657255,4.139420055982649,27.34596227057322
1670.672,1.4927274829904584,4.139980729947774,27.345597433946445
1673.375,1.4914750726990615,4.140259411144709,27.3495017300514
1676.125,1.4915896728222562,4.141180933605105,27.35224359143145
1678.797,1.4929597257597422,4.141455722877264,27.362138892315077
1681.531,1.4911742705940876,4.141927334902016,27.372189587446076
1684.281,1.492862995716756,4.14230375298658,27.386846034296774
1686.953,1.486801433765865,4.143075089250439,27.389372150526366
1689.672,1.4886690492854777,4.143134791924794,27.387710373883927
1692.375,1.4924302488036436,4.143599305878384,27.397315838158377
1695.14,1.4915641446555614,4.144225960011835,27.40163234359075
1697.812,1.4920502739499366,4.144350116932339,27.4124477385315
1700.531,1.492395699932709,4.145226496641444,27.419196818610725
1703.203,1.4925252766968566,4.145531247732818,27.421426204238465
1705.937,1.4934410648161585,4.1460408745055135,27.432089847118707
1708.609,1.4908438708549006,4.146452082707484,27.432265097328195
1711.359,1.4920837290971443,4.147089672334415,27.444531132827485
1714.062,1.491788314188899,4.147525281814447,27.44541020134056
1716.797,1.493037395963689,4.147897543855742,27.44987508306525
1719.469,1.4914918914424637,4.148324886223183,27.4573780760164
1722.187,1.4874678254408285,4.1487727249215105,27.458722058795356
1724.859,1.4920383505352697,4.149200571235169,27.46023336647354
1727.578,1.4871256815212082,4.149602125339042,27.465569690704008
1730.25,1.4910896091185544,4.150350315507891,27.480709830705013
1732.969,1.4896290576817004,4.150449479371262,27.480653038553246
1735.64,1.491674835690001,4.151109208114974,27.49775127538505
1738.406,1.4890808323941556,4.151824524774918,27.50176412234725
1741.062,1.4894326623750067,4.151951178561993,27.516349263303596
1743.797,1.4908773613824242,4.152452357325939,27.527875994052756
1746.484,1.49105990140998,4.152915395753436,27.52425740631937
1749.25,1.4905892058533057,4.153561585598036,27.53041503632289
1751.906,1.4902081241218725,4.153862898239559,27.540338636993948
1754.64,1.4937647362571622,4.154474544203,27.550677312690866
1757.312,1.4899651878072262,4.154863965172243,27.567493968438136
1760.047,1.4908644980174997,4.155528398483996,27.563436912744432
1762.719,1.4951911734181664,4.155946425589293,27.577369157566725
1765.437,1.4906093307670558,4.15629756132731,27.58183894472997
1768.14,1.49056869865676,4.156773951706653,27.58837464968487
1770.89,1.4907717252438577,4.156944074023991,27.590905025094926
1773.625,1.493481822992816,4.1574920002635745,27.598113418700247
1776.344,1.4919582498606936,4.158099280319539,27.604845077333273
1779.015,1.4904419829831208,4.158993161142998,27.608029179131766
1781.765,1.4936153257159341,4.159242661674679,27.604775280028804
1784.515,1.4914119228541067,4.1594522635083235,27.619304024656262
1787.187,1.4906595078332503,4.159909951432502,27.62512232235851
1789.937,1.489344476898944,4.160565505995844,27.632973592349728
1792.609,1.4865664758661867,4.160967536323021,27.63869513489635
1795.344,1.492876195117808,4.161200779587706,27.647172244800874
1798.015,1.4905873421127858,4.16166519003744,27.64651258098988
1800.734,1.4909825857032504,4.162279524975503,27.66396276501462
1803.437,1.4887003470850462,4.162664747044396,27.658279003380393
1806.156,1.489680397647414,4.1632089504566885,27.667844388975553
1808.828,1.491109566644152,4.163674595470311,27.68659960808777
1811.547,1.491791177294002,4.164356276367771,27.693003777547528
1814.234,1.491066986159294,4.164858533487154,27.68469683740498
1816.969,1.4906847679044593,4.164893508330779,27.69385569775438
1819.64,1.4911902015794616,4.165566091360667,27.711609141545594
1822.39,1.490772442845441,4.166225420240276,27.72400440201139
1825.062,1.4911760939873377,4.166446546504612,27.730284047607963
1827.781,1.4920929507541347,4.167112959858753,27.72985207605132
1830.453,1.4923380133718682,4.167379293388811,27.73585028344962
1833.187,1.4901986367266224,4.1680641545743535,27.741831110097454
1835.89,1.490506047466925,4.168422516130738,27.745611987743224
1838.625,1.4908209247044035,4.168661937405939,27.75151611415525
1841.297,1.4930125470994327,4.169258107808521,27.76386459322176
1844.015,1.4930385483304762,4.16972495724056,27.765787497032633
1846.719,1.491892477273285,4.1703277339792155,27.777793184944716
1849.437,1.493326599406241,4.170737326609302,27.78120235102361
1852.109,1.4886753238888093,4.171019920754693,27.792025637027848
1854.828,1.4925596614853283,4.171767196293019,27.79874417864081
1857.5,1.4923980742846759,4.1721074134207425,27.807668793312917
1860.219,1.4904267589882128,4.172767979330614,27.81278025887545
1862.953,1.491396908550907,4.173134110343853,27.818007961873175
1865.687,1.4934718198116694,4.173690212536238,27.83365934915275
1868.359,1.488496014975881,4.174020078576969,27.833036997159496
1871.109,1.4930917803628532,4.17460595644298,27.846238940787355
1873.812,1.4918002585165635,4.17507120316161,27.8513349338899
1876.562,1.4916218274430464,4.175353349347989,27.863496587165198
1879.234,1.4893042731146289,4.175966021299424,27.866806305523692
1881.953,1.4904834198269583,4.176400083642513,27.884527769653317
1884.625,1.493614476564383,4.176952462057011,27.87776336330129
1887.344,1.4912200055119582,4.17749380513459,27.897599764336807
1890.015,1.4876838229353904,4.177786292049753,27.90236320482745
1892.75,1.4906970882883683,4.178168559018126,27.91552807743707
1895.437,1.4892653131609668,4.178836145310388,27.92460091695799
1898.156,1.489026677991681,4.179211767251582,27.924024953463263
1900.828,1.4905168741915409,4.179508641286498,27.941271022212412
1903.578,1.4908106301290187,4.18018072612589,27.94550545843289
1906.25,1.4946372733930515,4.180610499449642,27.96352671353004
1908.969,1.4903337001796733,4.181044090297572,27.970511236213977
1911.64,1.4908702849772595,4.1814333165810185,27.974872283833935
1914.359,1.4908719856376955,4.181852796059617,27.980756497379602
1917.031,1.4911426820366187,4.182352385337217,27.98163156615391
1919.75,1.4948776541547897,4.182901117307888,28.00142382514432
1922.422,1.4917238259157988,4.183284388041429,28.013322386060352
1925.172,1.490005143242879,4.184006209986355,28.025864366928918
1927.875,1.4922846108804182,4.18428340653889,28.03195803391985
1930.594,1.4899338029944629,4.184893982321164,28.041799702732614
1933.265,1.486403487851414,4.185299805758073,28.043091684811564
1935.984,1.4918043349200085,4.185873361071398,28.05858005594052
1938.656,1.4922405938783154,4.186217739563717,28.078512267905676
1941.375,1.4926231653304767,4.186799929712886,28.08661897424681
1944.047,1.4904022330455216,4.187334371725188,28.08811825270171
1946.797,1.4901414133866806,4.187798733012944,28.089719277640395
1949.5,1.4890615617020468,4.187926663596144,28.10582152717501
1952.219,1.488980163883617,4.188739402900041,28.11271221669549
1954.89,1.4913611783202145,4.189261789034654,28.125934394415196
1957.672,1.490524631448372,4.189493103382426,28.13742285095279
1960.375,1.4897786569323537,4.189921425975347,28.14362150471514
1963.109,1.490855544521793,4.190815147560906,28.14460714824079
1965.781,1.4888600296147019,4.191007566648936,28.146523492990667
1968.5,1.4922910484019833,4.191530266073706,28.15906223233333
1971.203,1.492206637254439,4.191998032410086,28.173872718254955
1973.922,1.4929505600400188,4.1925730010567435,28.18141465991157
1976.625,1.491452062613636,4.19290152041414,28.178025672970243
1979.344,1.4889820501858861,4.19346621808186,28.1993365588641
1982.0,1.4916937315194787,4.193912975781984,28.20574465460394
1984.719,1.4913515697171398,4.194437631146422,28.211751388320305
1987.39,1.4909527951751607,4.194561775307337,28.21634048644707
1990.14,1.4893815865956357,4.195383738872128,28.226847857652547
1992.812,1.4902108446070776,4.195938267149507,28.22807617227269
1995.531,1.489605672761207,4.1965155461508745,28.24602415811848
1998.203,1.490960979922435,4.196667149606626,28.259561950432964
2000.969,1.4901014589618056,4.197308877426249,28.269657692921268
2003.656,1.4916514245708072,4.1977769336802835,28.273307822432376
2006.375,1.4930014374552572,4.198300706923647,28.285604638482443
2009.047,1.4909525545788052,4.198739307405748,28.299628002956137
2011.765,1.491511682922503,4.199314461885766,28.305288786082453
2014.437,1.4897354526720372,4.199519504425225,28.304002868828572
2017.156,1.4921790146167089,4.200259734995133,28.316481919583904
2020.187,1.491003340835763,4.200685914551994,28.332593656169824
2023.015,1.493057444112472,4.201257924436557,28.339309017544142
2025.844,1.4909798081003587,4.201661868641946,28.35424416989463
2028.672,1.4912114858439842,4.202431806379876,28.367114989571633
2031.5,1.48989853526273,4.202890007567481,28.36472043597479
2034.344,1.4894335495301665,4.203323316357049,28.378806444151866
2037.187,1.4899804855507908,4.203981489532125,28.391031141061216
2040.015,1.491066035963616,4.204259910839287,28.400103275989732
2042.844,1.491941763076971,4.204878344167993,28.412643370684243
2045.687,1.489768095609074,4.2053313489960615,28.417803900937635
2048.515,1.4935042236423421,4.206009536432352,28.432672875748608
2051.344,1.4920133173002366,4.206555569222486,28.440086775711364
2054.203,1.491021307377544,4.2066165759048,28.459352975620458
2057.047,1.4881616354220206,4.207293594554335,28.470662822294788
2059.875,1.4871624820960163,4.207663296167092,28.483714138832113
2062.765,1.4641516452509498,4.206213805804821,28.488595709045047
2065.625,1.4636574898124095,4.206559185577737,28.49844248513146
2068.562,1.4602913644995452,4.206831290897564,28.513962373834556
2071.375,1.464022017081717,4.206867110756979,28.521682001705503
2074.203,1.460630599432661,4.207737716706994,28.52757896644592
2077.015,1.4396241720934642,4.205716826102906,28.539757474509198
2079.875,1.4383812685083153,4.205929429221337,28.535874655794668
2082.703,1.438312202364778,4.206248122878752,28.550926320200855
2085.578,1.4366165345114807,4.206656356900433,28.56372554386224
2088.437,1.41755067140826,4.204970115497946,28.565880661751493
2091.265,1.415726331956847,4.205112425849909,28.568505232212452
2094.109,1.4151455544154419,4.205170843671476,28.585436537277353
2096.953,1.4126329335340184,4.2054778506081405,28.591739908491242
2099.781,1.4145080529109688,4.20582900810905,28.606712886895824
2102.656,1.4148853647223278,4.206132270423264,28.617906988886137
2105.515,1.4124947240402235,4.2064662347322335,28.627277439352117
2108.359,1.413028667723509,4.206387498726145,28.63361891256685
2111.203,1.412248396452417,4.206886011118976,28.638102850145078
2114.047,1.4115326583982366,4.2069580916159275,28.655718437934222
2116.875,1.413163686578018,4.207596058362105,28.65879214385409
2119.719,1.3885590286073348,4.2060501401581005,28.66253105122017
2122.547,1.3874015167633302,4.206054587009108,28.674043500143085
2125.39,1.3888517826231512,4.206002971580819,28.680343084787754
2128.25,1.3872435972426018,4.206391502522084,28.698678276025728
2131.14,1.386222513738798,4.206800076613962,28.710844190616697
2134.031,1.3861593332433217,4.207047001074774,28.712374455865238
2136.875,1.3870477482802128,4.207362314605541,28.71638320414828
2139.687,1.3876349736580622,4.207729453526981,28.723646316944617
2142.531,1.363908623971417,4.205843158067993,28.72769733000677
2145.406,1.3597508816449169,4.2056719336132815,28.739046487871853
2148.297,1.3570534547478486,4.206099050584812,28.742207317139055
2151.172,1.3604082028015354,4.206409234967698,28.745438825791073
2154.047,1.3612172360857764,4.206444600795178,28.74654931749945
2156.859,1.3609047377576964,4.206729783477312,28.754448103403163
2159.672,1.3586000440791355,4.207141456189981,28.765176306405486
2162.515,1.3588039993608967,4.207392486532342,28.770185977814908
2165.406,1.3559721526742967,4.207650195486331,28.783717870378254
2168.312,1.33373563382757,4.205942207830381,28.785326521720034
2171.234,1.3354622870498039,4.206234971098433,28.798242565975045
2174.109,1.3340042016291611,4.206386594929637,28.79599854378999
2176.984,1.334222126364648,4.206490947006644,28.806055643874465
2179.797,1.3353943099715286,4.206993290235544,28.80646742153738
2182.609,1.3337936672769117,4.207138544382537,28.82156776727608
2185.453,1.3330413918117645,4.207354910709679,28.829767204397154
2188.328,1.327870566457713,4.207856538635645,28.831802064220344
2191.219,1.3289058454915592,4.207973533136967,28.840008732202868
2194.125,1.3292854277912645,4.20826967130949,28.85312435231595
2197.047,1.3310859568908768,4.2087863010112025,28.85245315212202
2199.922,1.3070658743812187,4.2071153731634,28.857338695912897
2202.797,1.305942192299443,4.207218972684976,28.854437013453044
2205.609,1.3070042014880665,4.207375697642513,28.863125228643938
2208.422,1.3047436907992223,4.207654522478573,28.868771720350455
2211.265,1.284451308552615,4.205943690718421,28.876261119379976
2214.14,1.2853498654608133,4.206049197499037,28.886090795380415
2217.015,1.281506389512386,4.2062502359228775,28.88767035820724
2219.906,1.2828998409812329,4.206339844312094,28.892494511498008
2222.812,1.2849066235112414,4.206543600227894,28.900797909397177
2225.687,1.2805207655829225,4.2068940574563936,28.91040630000264
2228.562,1.2825076738860661,4.207418272942485,28.908433511635153
2231.375,1.28026488748161,4.207838018250346,28.91128393813851
2234.187,1.2571906463558573,4.205836548018622,28.90475092896497
2237.078,1.2569477538481355,4.205870841506812,28.91884840718704
2239.937,1.255755954023046,4.206148496784292,28.919551090738544
2242.812,1.2562062247900652,4.206139291888609,28.91381592866108
2245.687,1.2564496813032742,4.206427026165894,28.912518239313602
2248.5,1.2542498856327775,4.2069031888721025,28.912464672914655
2251.344,1.2538504299977864,4.207171825694798,28.910713727547286
2254.187,1.2510606532329853,4.207261704506691,28.927632216728327
2257.062,1.253368690144346,4.207761113921741,28.927017953103515
2259.953,1.2530094960053666,4.208023391569089,28.940843893015703
2262.859,1.2530041851981115,4.208195579604609,28.93518889979143
2265.734,1.251267196147021,4.20846308828667,28.930597436347846
2268.656,1.252385174038532,4.208958730592099,28.935042133802884
2271.531,1.2280218301847923,4.207283256757488,28.94573435577357
2274.453,1.2271148374312209,4.2073953788994665,28.943866487960427
2277.281,1.229972402268716,4.207523266883381,28.957778611507454
2280.109,1.2271605785002049,4.207980120681621,28.95708852913494
2283.0,1.225048759976854,4.208313027730895,28.958517009996616
2285.875,1.2244927812697082,4.208547134790621,28.963440087046173
2288.734,1.2265284098246536,4.208834692580144,28.961754793353695
2291.625,1.2004872448574777,4.207134940651464,28.965994136441438
2294.437,1.2022238286932605,4.207371322444161,28.967615992568337
2297.25,1.2028988891411692,4.2073379788085905,28.97044036348746
2300.125,1.2029016076488928,4.207750892237377,28.969621103045135
2302.984,1.200441867966981,4.2080131651644965,28.96587068639073
2305.859,1.1999646807260989,4.2082364091726046,28.963943980211877
2308.672,1.198533883291406,4.208349737528975,28.959902874471204
2311.484,1.1980692872839191,4.208961733172812,28.96013529868765
2314.344,1.1763866058151071,4.20745309759766,28.96279051454201
2317.234,1.1754323229829668,4.207679191797161,28.968168189224176
2320.109,1.1772038424516085,4.20769102576974,28.967603996627293
2322.984,1.176121859731533,4.208076217689298,28.97322607144016
2325.797,1.170622596628803,4.207976355418665,28.965098058013215
2328.609,1.1755309524146758,4.208369132639373,28.96603984889549
2331.453,1.1770927741451456,4.208504085040867,28.96781239268923
2334.328,1.1717412109330625,4.208818419162804,28.969469109515998
2337.203,1.1726190821458446,4.20940565340836,28.972034526838033
2340.125,1.1687842780885254,4.209731961407572,28.974806088960836
2342.984,1.1485648186156059,4.207952966683643,28.970214951756702
2345.875,1.1485883537007384,4.207882864055611,28.977493514390392
2348.687,1.1465393755499167,4.208311303165549,28.977916208560085
2351.531,1.1475592090320363,4.208546971736048,28.970469888087084
2354.375,1.1450298995972044,4.208579036982756,28.971624105298233
2357.234,1.1258742393992776,4.207166330787023,28.97822770733875
2360.109,1.121424525004552,4.207175633567455,28.981164449902195
2362.922,1.123140651386927,4.207680207740331,28.97875179773744
2365.734,1.1223813951647144,4.207843506275823,28.98532286604206
2368.594,1.12271067567932,4.208345292117254,28.975614176969827
2371.484,1.119798064239822,4.207996136979055,28.973125719960798
2374.39,1.1188750346774272,4.208344777565732,28.962713333226564
2377.203,1.1236497649455612,4.2087280403328835,28.970693866621072
2380.031,1.0998520566374068,4.20726124292364,28.957273647914885
2382.953,1.0971591588903509,4.207265080387935,28.952196533990854
2385.875,1.0986475184234645,4.207612120731099,28.954074334531107
2388.797,1.0971082151291571,4.207644311520516,28.949003851158512
2391.672,1.0962491480038405,4.207642219166807,28.94794946165292
2394.484,1.095334118201317,4.2080714772337595,28.947795418003604
2397.344,1.0956714104245813,4.208227674331038,28.93457373340162
2400.219,1.09600843483737,4.2086241239363895,28.93046823491311
2403.062,1.072721956864888,4.206742325953714,28.93147746039284
2405.875,1.0718733562136258,4.206841379715781,28.929216288963197
2408.734,1.070933800914694,4.207327888507696,28.92732262224918
2411.625,1.0733976506185967,4.207481363939859,28.9266926805565
2414.5,1.0700679384575817,4.208047937374391,28.917366994925235
2417.39,1.0702690879352745,4.2080743202918285,28.9139014012901
2420.265,1.069188254252499,4.208297169942409,28.91509411602861
2423.14,1.0709745207167767,4.208537151274385,28.909404103366217
2426.015,1.069765248941954,4.208508998282228,28.908979601478958
2428.859,1.067368698909658,4.209011587592551,28.89725401800336
2431.719,1.0682020896812467,4.209353046042513,28.898557721280323
2434.594,1.0717697701346987,4.209419664354361,28.89540132095729
2437.531,1.069980481641215,4.209702505519463,28.89200389338339
2440.469,1.0429379995002284,4.208223279172538,28.88524083646304
2443.281,1.0412474786759232,4.208322833879489,28.890058445894788
2446.156,1.044995951859799,4.208429350280949,28.884447187018193
2448.984,1.0427683916016786,4.208689487677974,28.87644285684591
2451.828,1.04196263719413,4.208842339517537,28.871822668813827
2454.672,1.0444500508237482,4.208997781193046,28.863488826223353
2457.484,1.0414607328393388,4.209676192863419,28.86383801307919
2460.328,1.0197322335601322,4.207860995962947,28.86037712025181
2463.203,1.0140687785618738,4.2073924818254715,28.852893988318183
2466.078,1.0196847131000917,4.208029319824057,28.853816758763983
2468.89,1.0169561132689964,4.208265668648951,28.844694872463243
2471.703,1.017187797132889,4.208487073199329,28.853174982119835
2474.547,1.0175144798048892,4.208481269642533,28.844108867882998
2477.422,1.0185189466645896,4.208639393599193,28.838828122899425
2480.297,0.9931323511900841,4.207115002721233,28.838286263879702
2483.125,0.9961901439258296,4.207152924456539,28.8293266914237
2485.937,0.9967956535082501,4.207238754807773,28.819164885506233
2488.797,0.9908856298674288,4.207548921186436,28.81456319483069
2491.687,0.9915593576745996,4.207896431405438,28.8201017574189
2494.578,0.9919269758356779,4.207930337513438,28.804953672953296
2497.515,0.9941119208221004,4.208046053821819,28.79717408652216
2500.328,0.9908781853766382,4.208534958336088,28.80359995527125
2503.156,0.9911052984830225,4.208353596182626,28.800770543626776
2506.0,0.9904160628038043,4.208634764547268,28.79325160933625
2508.875,0.9869340404545045,4.209037418414187,28.791761833494046
2511.812,0.9924217416608223,4.208907589370934,28.78189786686368
2514.672,0.9905294327179794,4.209506482558798,28.777095001519893
2517.484,0.9903565903981428,4.209739287459052,28.771687623124333
2520.344,0.9649797348717134,4.208097100383396,28.77487319306713
2523.219,0.9678958251682048,4.208075372812177,28.76266596685848
2526.422,0.9641216312044492,4.208131960745122,28.74086653474179
2529.328,0.966961473097121,4.2083906043668735,28.73807440729165
2532.234,0.9644236296721445,4.208814335462017,28.73121235173066
2535.156,0.9634586077859177,4.208741486239835,28.734821832786107
2538.062,0.9629137308168798,4.209038085167175,28.7282001571571
2540.969,0.9649253620059559,4.209209939049614,28.71504133129462
2543.89,0.965753165576787,4.2093554847323205,28.721140581779757
2546.797,0.9659493051494633,4.209700133590952,28.71008033884983
2549.719,0.9374267158058373,4.20793668372489,28.7104964227997
2552.703,0.939171630260984,4.2079196194817365,28.696221621905615
2555.625,0.9391435171016808,4.207875409029419,28.692117296523204
2558.531,0.9394143050500757,4.20812910473133,28.694279619204835
2561.437,0.9360430676162259,4.208301396846908,28.676085058747468
2564.344,0.9375923598288426,4.208541795898455,28.674355823267707
2567.265,0.9353480379954833,4.20868407283614,28.666170639477784
2570.203,0.9408676244980375,4.208715676639527,28.6616919222222
2573.109,0.9358913377922631,4.209226324113925,28.649075997323155
2576.031,0.9345724233217095,4.209234093588067,28.653021106290304
2579.0,0.9372588684724577,4.209545556178592,28.649864058974842
2581.906,0.9347305190514981,4.209543949132334,28.641615065983522
2584.828,0.9369793236162891,4.209953887307729,28.638084335100903
2587.75,0.9118405829202321,4.20831355505193,28.62355054452454
2590.687,0.9097304599873662,4.208592387565554,28.62581563570705
2593.64,0.9115249107387764,4.208356642802593,28.617722137052137
2596.64,0.9106949050461878,4.208430303290413,28.607820645407052
2599.609,0.9148478096816425,4.208496106625299,28.59994038316414
2602.656,0.9105635134533614,4.208634362981112,28.594181034175623
2605.562,0.9123829483069281,4.209161175573382,28.579387577595202
2608.484,0.9095391186794587,4.209341623302584,28.56931358786411
2611.39,0.9105875902205547,4.209437171940525,28.561145956140823
2614.312,0.9107338415960632,4.209718033671736,28.557716324655456
2617.219,0.9095169915408042,4.2098033399880554,28.554762899537263
2620.125,0.9072380291975016,4.209897485654013,28.542257931616128
2623.031,0.909641822206694,4.210072106352051,28.539497877582626
2625.937,0.9098392094795552,4.210402703599821,28.54086182072713
2628.859,0.9070135279649012,4.210357515982806,28.532304891341695
2631.765,0.906964835156006,4.210534113438265,28.52499251211839
2634.703,0.9065994556934158,4.210680432664132,28.513047360051395
2637.609,0.8834850244748597,4.209313424827188,28.500761423703082
2640.515,0.8849360292996733,4.2091428954711105,28.49704697130753
2643.422,0.8854642151938806,4.209282099356891,28.497429986349626
2646.328,0.8811495223573723,4.209524923080222,28.494231885952814
2649.25,0.8820359023714085,4.210020935735012,28.48057667814743
2652.156,0.8631120968003712,4.208164932664406,28.479147714136484
2655.125,0.8611389384553512,4.207997873697286,28.46735581002101
2658.125,0.8609794641707575,4.208082315554029,28.459014772376225
2661.109,0.8604823972048425,4.208178566472993,28.44663590724693
2664.094,0.862841315377407,4.208255854249397,28.43734508731797
2667.062,0.8614798032428193,4.208359808045567,28.43357697979558
2670.0,0.8602551469221155,4.2085618867178365,28.42274165694333
2672.984,0.8593889517683657,4.2087155387039115,28.412741328221923
2675.953,0.8589241919186608,4.208836846911262,28.408504042881543
2678.937,0.8598103364925026,4.208963367885972,28.39951035742272
2681.969,0.8597993256717892,4.209043714507117,28.39172377789424
2684.89,0.8592233263537011,4.209096786641102,28.386313341842058
2687.812,0.8580000985198782,4.209655568330474,28.372335054824593
2690.734,0.8374950409911021,4.207495854627143,28.372171524017393
2693.703,0.8378047862662864,4.207583497138468,28.36240464522818
2696.719,0.836710997726586,4.2075336385183775,28.35855820701403
2699.64,0.8349773058586308,4.207593435471128,28.345144934533653
2702.547,0.8336575606048047,4.207641571346411,28.344039520116752
2705.453,0.835136240839838,4.207736861385812,28.332688202839144
2708.359,0.8341047062758911,4.208224534016525,28.321715818674104
2711.281,0.8324659044416658,4.208019123118905,28.316124157025584
2714.187,0.832401807671659,4.208306340049625,28.30287845503482
2717.094,0.8330233262235384,4.208412219225639,28.304725066086014
2720.0,0.8358419250172714,4.20861340482031,28.29892226148725
2722.937,0.8338015029300054,4.208637501920652,28.293392421017163
2725.906,0.8320310437745585,4.208737469501662,28.28032876988039
2728.828,0.8328324140356173,4.209011740946266,28.281835750100885
2731.75,0.8307047884451852,4.209418137729184,28.2724153313952
2734.703,0.8293012309375315,4.2094251606882205,28.260189606102813
2737.625,0.8292053938119057,4.209527898773619,28.25453745481196
2740.531,0.8324969250710756,4.209616871593813,28.239706782959864
2743.437,0.8304297098241226,4.209653295866017,28.230339841023042
2746.344,0.830750039643439,4.210001650312463,28.224340076798565
2749.25,0.8287275302512895,4.210372490786377,28.223335110700027
2752.172,0.8272611715370298,4.210485559305277,28.21548675143686
2755.078,0.8292639662259949,4.210565952943068,28.207111419049607
2758.015,0.8069684612074656,4.208954829077303,28.203207402562928
2760.984,0.8057411032191898,4.2088232641148755,28.195209188468013
2763.969,0.8060096646950746,4.209047821414448,28.19230058509948
2766.922,0.8055920124841875,4.208990647079431,28.172851862788658
2769.844,0.8056623443810031,4.209343371535478,28.168937201304747
2772.844,0.8053616241095966,4.209369452948652,28.156497141873785
2775.859,0.8044082648979589,4.209617864166353,28.144239565052644
2778.844,0.805712275275859,4.209669257284929,28.140059597224266
2781.89,0.804942894676805,4.209841255682574,28.126690743402232
2784.828,0.8062980951866989,4.21001647022204,28.123032966702826
2787.765,0.8038767619313992,4.210141555028527,28.114622884128394
2790.765,0.8042274828231092,4.21050891806593,28.115530336154993
2793.765,0.8043326541070773,4.210358559093194,28.100885860433873
2796.734,0.8022545155621288,4.210733405294016,28.10183011023895
2799.797,0.7790768718085013,4.208945636280689,28.09353493924063
2802.828,0.779496695812237,4.209048220410667,28.087399294179345
2805.859,0.7816758739377782,4.209140579162724,28.08590227693693
2808.906,0.7801314308303593,4.209223211968483,28.063110481625035
2811.922,0.7792570361244461,4.209159890656993,28.044785496605353
2814.922,0.7817717545153974,4.209415215493565,28.047882776533456
2817.969,0.7791894629117043,4.209617271812576,28.037046054519024
2820.984,0.7813043932890816,4.209477371746594,28.026766245123767
2823.953,0.7780044755157998,4.209752496950854,28.02945796740509
2826.906,0.7809502140367126,4.209850300119186,28.0251242299672
2829.937,0.7767896874981505,4.210122929817342,28.018946663886812
2832.953,0.7782496442354664,4.210225492785692,28.009951213969615
2835.922,0.7787144946593215,4.210268184813137,28.00316169294269
2838.875,0.7761362270616876,4.210476884992157,27.98350296229414
2841.797,0.7783029585738364,4.210614745867604,27.98060314234082
2844.703,0.7564972752975702,4.208942225072221,27.985112731721237
2847.609,0.7560360919662069,4.2088852427868835,27.968239589540744
2850.531,0.7550136245176676,4.2087094870988775,27.953265628713265
2853.437,0.7556519895575634,4.209118762212881,27.95661813825773
2856.344,0.7539914659720911,4.209233129852416,27.952873950085763
2859.265,0.7536925630779137,4.209085972252548,27.945162511264154
2862.172,0.7555433368711434,4.209402852672845,27.9361050683076
2865.109,0.7547530025988001,4.209548067846666,27.92967193477083
2868.047,0.7535975505306376,4.2095232073147715,27.92548660393519
2870.953,0.753241184537809,4.209822551070208,27.919031603151026
2873.859,0.7526205319690208,4.209686203444997,27.90405290974942
2876.765,0.7520071521132183,4.209968112114219,27.892697421602197
2879.687,0.7501613187969226,4.210045479681369,27.88382510343974
2882.594,0.7508757901050624,4.210533062977873,27.863884714470114
2885.5,0.7509025357142506,4.210512434949176,27.853469348571878
2888.406,0.751822059420719,4.210714407150688,27.846645853739783
2891.328,0.7501331725511023,4.210794142304012,27.846503169529047
2894.234,0.7501735904798563,4.211002914794793,27.837178395478897
2897.14,0.7495639565401436,4.21117952359042,27.828330139015545
2900.078,0.7509362268687169,4.211310507332559,27.83424168293748
2902.984,0.7506564765384094,4.211488861068915,27.825771046877065
2905.922,0.7473634026237042,4.211539677678233,27.819566143468347
2908.844,0.7492431549726404,4.212046419782415,27.808580400499743
2911.75,0.7301977012141728,4.209933179419821,27.79555385173434
2914.656,0.7298894148318984,4.210047165395025,27.791584695403188
2917.562,0.7280294150176512,4.2102219410994755,27.794272602183828
2920.484,0.7269035329065456,4.210329951074187,27.78315863246246
2923.39,0.7292043616798735,4.2102824004814146,27.774493974770348
2926.297,0.7304433913949218,4.210473860764989,27.774654446573177
2929.203,0.7267611807625783,4.210610979043861,27.77213355503562
2932.109,0.7036577847074901,4.208793293292871,27.763146427062747
2935.015,0.7056291154437015,4.208926128791788,27.762506794009518
2937.953,0.7052471796153844,4.208736840829276,27.75854299545047
2940.937,0.7055772421459419,4.208684023752459,27.742613955609134
2943.89,0.703720228285974,4.208950631760996,27.723878359253856
2946.859,0.7054778969922971,4.20863045206157,27.716873887264953
2949.812,0.702518630809405,4.209086721283437,27.708340180383008
2952.797,0.705093941467017,4.209055624072402,27.700258607490372
2955.812,0.7023310455052252,4.209502708885255,27.700389810495274
2958.797,0.7011817336486645,4.209294569933563,27.68764539828357
2961.765,0.7048202009413919,4.209481276515071,27.685580040129594
2964.75,0.7036736591195176,4.209463177346095,27.667342193836525
2967.734,0.7057305971667301,4.209773904980549,27.65888303264336
2970.687,0.7042959395689253,4.209992389199193,27.657171165643078
2973.672,0.7031269041470343,4.210032072881157,27.64764311932317
2976.625,0.7028953032010442,4.210172611348947,27.645612283710246
2979.656,0.7040512161985688,4.2102439268111755,27.63819779083675
2982.672,0.7014423117878827,4.2103493199725675,27.630600671261902
2985.656,0.7006739375501975,4.210547164954566,27.631609083218606
2988.64,0.7022295457162975,4.210706145876056,27.618750078593102
2991.64,0.6759599598597386,4.208994882846184,27.615093660446743
2994.64,0.6790946767593506,4.20905854247417,27.598942327410633
2997.625,0.6767005250772796,4.208755837050832,27.59371658676901
3000.547,0.6788932783204547,4.208920815816598,27.58334014732595
3003.453,0.679999346806156,4.20903884346893,27.575898797326918
3006.359,0.6767741426223383,4.209124722890536,27.577702199627694
3009.281,0.6787994265800438,4.209520073281842,27.56544770125102
3012.187,0.6771743291779252,4.209404006148612,27.556863340013074
3015.094,0.6793798007595147,4.20957202694974,27.55112734963354
3018.0,0.6780312045262447,4.209418878238393,27.541377664440677
3020.922,0.6744173140947385,4.209669985908789,27.531763150312628
3023.828,0.6780063035166286,4.209740771388106,27.525466307930543
3026.734,0.6760215204221816,4.2100620146002985,27.51519978565709
3029.672,0.6756983916536277,4.210074911760127,27.514324625981537
3032.578,0.6756232338808381,4.21020959901865,27.49720339215889
3035.484,0.6781499844110421,4.210363762410281,27.490345168901836
3038.39,0.6765651286448447,4.2104728712963455,27.48954538000441
3041.328,0.6730154792061237,4.210435396224653,27.486403061696162
3044.234,0.6765175835689745,4.210817635614075,27.482806904468497
3047.156,0.6781613415393395,4.211005646644564,27.47110693251577
3050.062,0.6755737509279425,4.210842583590952,27.469815526163554
3052.969,0.6747595725759648,4.211017054372568,27.450607951263052
3055.89,0.6742256006995,4.211346431570405,27.450307808403558
3058.797,0.6731777243061731,4.21124878903288,27.4406783251963
3061.703,0.673849143152456,4.211409679364068,27.429630329536568
3064.609,0.6732031125337424,4.211681941483589,27.41729373095106
3067.515,0.6498828826141901,4.209751920118179,27.416337457168133
3070.437,0.6499772350787876,4.210043171236142,27.414639901405824
3073.359,0.6527668481373656,4.209952540631018,27.40142128030909
3076.281,0.6510327494324724,4.209907053750539,27.40097974518085
3079.187,0.6492496195582161,4.210054608263402,27.391317752209847
3082.094,0.650711689486896,4.209988160685134,27.383168293686353
3085.0,0.649401032224489,4.210254262242296,27.378447777163924
3087.906,0.6511542225555564,4.2102599932592355,27.37733345983771
3090.812,0.6495415071168529,4.210479907286799,27.36902091569395
3093.734,0.6495842227700317,4.21059943556246,27.36161213816292
3096.64,0.6499061214865611,4.21067500907136,27.360869460952117
3099.547,0.6507755297487188,4.210793909684192,27.35332092693416
3102.453,0.6478466381570301,4.210793770455076,27.33974614248717
3105.39,0.6499915536306629,4.211000349055295,27.33625501274252
3108.328,0.647616984154822,4.211296697588249,27.32351834979927
3111.234,0.6487061116724108,4.211522107658705,27.316051743741816
3114.14,0.6510575282572217,4.211610657031415,27.30924476406812
3117.062,0.6244398001199359,4.2095322109375575,27.30258130550816
3119.969,0.6247223678703678,4.20961852159484,27.306605340419274
3122.89,0.6236967853205033,4.209638494033678,27.30534456514285
3125.797,0.6229076331358696,4.209608649160843,27.28774988802685
3128.719,0.6256760363754817,4.209781664877677,27.29296853208004
3131.625,0.6283046015289204,4.210107665306399,27.28255664282561
3134.531,0.625012565591539,4.210027044028854,27.27599604371088
3137.453,0.6243905040377676,4.2097752805727175,27.266862567297554
3140.39,0.6234448444019799,4.210055948323584,27.262434444594557
3143.297,0.6224752651856104,4.210217761948892,27.2580952033578
3146.203,0.6236067140203002,4.210254199583155,27.242734511664008
3149.109,0.6213046793744506,4.21039741918866,27.23324212782931
3152.015,0.6243006681611748,4.210416429172385,27.22915506956503
3154.937,0.6221087256946033,4.2106446566003255,27.220661920006375
3157.844,0.6217490698153301,4.210636371615312,27.21185273902619
3160.75,0.6262091837456918,4.210819726335782,27.214065256558605
3163.656,0.6230710891883408,4.211061399648173,27.206085403486586
3166.578,0.620138788483958,4.211149000125046,27.199827804827848
3169.484,0.6224981484950635,4.211117081488602,27.186737558449465
3172.39,0.6194378286769452,4.21121794739899,27.187637376746892
3175.312,0.6194875624319367,4.21143869958136,27.17571653630814
3178.219,0.621769726080042,4.211320374666702,27.162955224160395
3181.125,0.6210305808870565,4.2116983879237875,27.164556587117385
3184.062,0.5956972756041125,4.209698050373827,27.16617923018538
3187.0,0.5996387711067184,4.209715006836958,27.14612735616911
3189.906,0.5998064783099821,4.209995388420335,27.14479674954101
3192.812,0.5964278570782264,4.2101855872698515,27.141848503423322
3195.734,0.5961231876932683,4.209973883886111,27.140459569163593
3198.64,0.5979009705127354,4.209854995684659,27.126423316606623
3201.547,0.5987244023083764,4.21007407577699,27.120445982464584
3204.453,0.5997044237018183,4.210110239771902,27.115955681443314
3207.375,0.5990219938836833,4.210324420801731,27.09468258960244
3210.281,0.5966920964212459,4.210340083692105,27.100813430274986
3213.187,0.5951208819803426,4.21044523110857,27.08319393676837
3216.109,0.5964650790993778,4.210648224616091,27.081367233432406
3219.047,0.6020902047241555,4.210749273833894,27.070682855091235
3221.953,0.5944886595388019,4.210844647825431,27.06264398485381
3224.859,0.5969678304356585,4.210862453200781,27.058628230839425
3227.765,0.5956888701517316,4.211092912491355,27.05694284407041
3230.687,0.5948633501368212,4.211222896533341,27.048164907501643
3233.594,0.5997140808185741,4.21138534599922,27.044472167675494
3236.5,0.5941735856707548,4.211199182789342,27.03380272557359
3239.406,0.5914977802829714,4.211538969254523,27.029982761572057
3242.312,0.5920631120688788,4.2115848918202,27.021478961255216
3245.234,0.5692215439269656,4.2095996702869245,27.017323080904795
3248.14,0.5744106678930632,4.209937865817175,26.99835475312467
3251.078,0.5727969810615959,4.209660786003969,26.994517392630954
3254.0,0.5762520903445421,4.20963954928171,26.992666158922205
3256.906,0.5725280563733331,4.2099597847696995,26.9770757631288
3259.812,0.5703385863480349,4.209837281539594,26.975674530929968
3262.719,0.5741640703514971,4.2100686439836075,26.96973234113908
3265.64,0.5725857191943365,4.209970719844481,26.961025946522327
3268.609,0.5733291289509491,4.2102952508962135,26.95110300628659
3271.625,0.5729070915239223,4.210349562906823,26.94268622796796
3274.531,0.5736233500457172,4.210384248824062,26.94865573324817
3277.437,0.5738707054308173,4.210304585752075,26.94976412813126
3280.359,0.570544381199385,4.2105352194988255,26.94097698679944
3283.265,0.5729098087764756,4.210554437885442,26.932374618674125
3286.187,0.567436281510147,4.210659792459917,26.92262702967897
3289.094,0.5709022349144858,4.210765053988523,26.913544027312707
3292.015,0.5739176899729687,4.211051190051416,26.908656875744725
3294.922,0.5709906506004225,4.210952357145515,26.897029369673316
3297.828,0.5727418460201824,4.210978007380726,26.892807200812822
3300.734,0.5674923250157741,4.211364062363658,26.88404834336985
3303.672,0.5705969418221507,4.211219272040147,26.88050902832058
3306.609,0.5680173717549051,4.21143283892559,26.87466455512408
3309.515,0.5677827073851769,4.211482860386702,26.872466315682473
3312.422,0.56752435680759,4.2115856539930885,26.865758162679178
3315.328,0.5451417717048094,4.209993628215774,26.85675398751394
3318.234,0.5464536794336421,4.209763712704821,26.85349678128692
3321.156,0.547816765760427,4.209967596454546,26.848007249591586
3324.078,0.5463159543205865,4.209844108846661,26.845060424302265
3326.984,0.5434017556517324,4.20996000543182,26.842713396657846
3329.89,0.5471040180390967,4.210230927047088,26.835599647184747
3332.797,0.5459969141229569,4.210306106046571,26.830622906410657
3335.703,0.5436866281181955,4.209989221987272,26.827227093735363
3338.64,0.5451226306348237,4.210177391541317,26.820495947538134
3341.547,0.5456401085394128,4.21035510887399,26.812860407639207
3344.453,0.545271674802439,4.210340868459254,26.817233757889717
3347.359,0.545426480924909,4.210392218118779,26.809921626247093
3350.281,0.546723282463864,4.210517257549386,26.799555548142234
3353.187,0.5468709819196238,4.210543691514667,26.786837705019014
3356.094,0.5460656887158671,4.210902080319903,26.78355373914668
3359.0,0.5442629326328385,4.211037828342211,26.778009586881623
3361.906,0.5482349567988188,4.211239767351036,26.77311523797222
3364.812,0.5458500695804367,4.210960048609004,26.778202552628308
3367.734,0.545111373133134,4.211149378388578,26.770005897927916
3370.64,0.5468314077088096,4.211365414291257,26.763062231697646
3373.562,0.5447081780086551,4.211466334939019,26.759019613338317
3376.469,0.5428908043567766,4.211414542395105,26.7499707278547
3379.375,0.5433845057321048,4.211514501325246,26.735182565635366
3382.281,0.543903779379256,4.211749546002873,26.729277588198443
3385.203,0.5196459589711188,4.209638643948076,26.717704584057778
3388.125,0.5185159379029455,4.209624871694646,26.7151091234396
3391.062,0.5192830918385681,4.209637885822145,26.697867002667767
3393.969,0.5204405688199484,4.209734810676925,26.699083564607516
3396.89,0.5186457928459588,4.209856091602262,26.697266397925624
3399.797,0.5173538565455758,4.209943222352465,26.68483121637458
3402.703,0.5201046664165166,4.209890224955185,26.679564602268805
3405.609,0.5174624662310771,4.209887339130075,26.671834922302306
3408.515,0.5197975667347188,4.209920726091921,26.671270821252516
3411.437,0.5201211379827628,4.2099342986729065,26.66220692882591
3414.344,0.5161329751812811,4.210129292506208,26.65854111476294
3417.25,0.5219572390696722,4.2101760383160975,26.646283609203547
3420.156,0.5218527158601148,4.210160261271898,26.64531661579496
3423.094,0.5200221261863851,4.210447260062136,26.6420677022199
3426.015,0.5162369338447445,4.210310860290618,26.632396432504734
3428.922,0.5164682882386178,4.210356654433271,26.63349675994085
3431.828,0.515496175795708,4.210620003123884,26.625944608440776
3434.75,0.5179304130987473,4.210806561419749,26.618500605644204
3437.656,0.5212309703069874,4.210673518472684,26.6102362366302
3440.562,0.5154818065684663,4.211162699791954,26.613933286372713
3443.469,0.518781251346175,4.210897454498639,26.60560665506184
3446.375,0.5182980831304375,4.211137846437434,26.596131823704688
3449.297,0.5203943831278869,4.210879707664974,26.594702501243493
3452.203,0.5140512642990516,4.211287285524223,26.601614407726718
3455.109,0.5179377908071555,4.211481952253139,26.585827962807144
3458.031,0.5146439551147034,4.211524281572626,26.576857102797103
3460.937,0.5146303278735384,4.211673120051537,26.56934068250129
3463.844,0.5134966058455378,4.211776022346932,26.574446789861476
3466.75,0.5143211329405618,4.21179796312129,26.570688275226352
3469.672,0.5120356543666114,4.211921856338489,26.553572418091736
3472.578,0.5138928679062821,4.212144040197197,26.540832320192685
3475.515,0.5161355343992415,4.2120256128145535,26.545453576119495
3478.422,0.5124458150531231,4.212614770066269,26.547536542402714
3481.328,0.4924529377748286,4.210508995608985,26.53145466343866
3484.234,0.4883085001736042,4.210349679135574,26.520417584808783
3487.14,0.4934957476495103,4.210333880679724,26.509154695080742
3490.062,0.4926960247580798,4.210452905415688,26.502565692628067
3492.969,0.4925824812233135,4.210617666482665,26.495311329220293
3495.875,0.4896682589575524,4.210506809798652,26.498738121585735
3498.797,0.4918468621567039,4.2107042036527185,26.48199297088432
3501.703,0.4945614292678809,4.210667372282378,26.48625822462706
3504.609,0.49124443930638967,4.210787940843074,26.479965369619674
3507.547,0.4915660932736389,4.210760020982524,26.469065356601334
3510.453,0.4921722076621796,4.21081506286169,26.453997572276016
3513.375,0.4939563863318848,4.210891763127921,26.459849335300355
3516.281,0.4930114196528928,4.211126317223249,26.453877143941817
3519.187,0.489416070664422,4.2112375738263905,26.445823562233624
3522.094,0.48774351066289373,4.211241751667261,26.44579997082546
3525.031,0.49036262156881844,4.211441066166879,26.444585789031592
3527.937,0.49009031059978037,4.211304984397424,26.43301742431443
3530.859,0.48891330641081004,4.21156309422387,26.441241219202823
3533.765,0.488559854167603,4.211663388049904,26.42586295639763
3536.672,0.48733132912572513,4.211742879229577,26.42569061149082
3539.578,0.48855816465640467,4.211652433546966,26.411798959064594
3542.484,0.48818560060844585,4.21183770125651,26.41601150761723
3545.39,0.48976665353070836,4.212115033676546,26.403418451611852
3548.312,0.4898911479163119,4.211976948415748,26.393575725482773
3551.219,0.4908473615361874,4.212168333655814,26.397401449576865
3554.125,0.4863891697688804,4.212305860064818,26.38026642997237
3557.062,0.4876712458597705,4.212360521157437,26.369863193570062
3559.984,0.48802753554932327,4.212454146096526,26.372484850539433
3563.0,0.48972144831457737,4.212671537420632,26.36688196134756
3566.0,0.4656400518731695,4.210721833678964,26.370364395996084
3568.922,0.4668242090672474,4.2109709178987025,26.360393712772797
3571.859,0.46812635943897163,4.210637743619849,26.363880811366133
3574.781,0.4647863336577903,4.2106251645811055,26.35996452424681
3577.687,0.46517347727681235,4.210771807264248,26.349610367827047
3580.594,0.46746743024799614,4.210700286119339,26.33701710479961
3583.515,0.46704491825677014,4.210879699299156,26.339017619661046
3586.422,0.46302132589703926,4.210968294452156,26.326818496318147
3589.328,0.46649623508036053,4.211271831772636,26.32247814192791
3592.25,0.46316214023722824,4.211058401493698,26.313614275561772
3595.156,0.4637335401041853,4.211368784556356,26.311727026967706
3598.078,0.46450741767225345,4.211155643268155,26.30934468645575
3601.015,0.4630451454670608,4.21140711076641,26.29878628497744
3603.984,0.4634177498681569,4.211634627874102,26.30024623839354
3606.953,0.4410238886157091,4.209429192267095,26.30579853495352
3609.859,0.4418702412269898,4.209462030589193,26.297748238328552
3612.765,0.44174336748861287,4.209347519288715,26.295397860459925
3615.672,0.44280479729679084,4.209283469962377,26.28378080311082
3618.594,0.4431272514442268,4.2095229416494915,26.27842303139476
3621.5,0.44373253206638436,4.209379674371913,26.268605217754907
3624.437,0.44252769075863024,4.209363874810622,26.258711091231465
3627.344,0.44245586919783797,4.209394361754503,26.253176634756553
3630.265,0.4418011291377512,4.209468022657513,26.24642064382366
3633.172,0.4414031921999361,4.209544187238716,26.243149916831868
3636.078,0.44382397187430833,4.209505363641149,26.242618043398334
3638.984,0.44216226833919536,4.209610821382505,26.239855900965125
3641.89,0.44532043001350774,4.209479169928914,26.225732455462445
3644.812,0.4422863850809443,4.2098582485072,26.210977828167195
3647.734,0.44294479135098047,4.209867841735031,26.221037713455537
3650.64,0.44245337790864786,4.2099739048828075,26.20912628436493
3653.547,0.44228323893149757,4.209801780631411,26.212758124935682
3656.484,0.44098001532170494,4.210086792339295,26.204372306187576
3659.39,0.44012872915173235,4.20985887937174,26.198053706573763
3662.297,0.44022323523409135,4.210163348079608,26.1941182499546
3665.219,0.4406502868534085,4.210252113443824,26.184216480890548
3668.125,0.44000788439744887,4.210233164552564,26.177705155512776
3671.031,0.44086231084666866,4.210307962332013,26.173690495306985
3673.969,0.4430760124495162,4.210402220997987,26.17516735396211
3676.875,0.44314432450805885,4.210317623249548,26.169817750591314
3679.781,0.4397026516120694,4.210381851785144,26.161310667706303
3682.687,0.44029802454313155,4.210816228508021,26.151793000365558
3685.609,0.4405883481165658,4.2106917013452065,26.153753322904294
3688.515,0.4402627621770757,4.210830414453961,26.150299178862074
3691.422,0.438864603912997,4.211212377471435,26.138070623144092
3694.328,0.4409861468909502,4.2109465610134755,26.127564263560224
3697.234,0.4376904782630992,4.211020290379971,26.122414257785678
3700.156,0.43927630587191474,4.21129391873431,26.11519450842084
3703.062,0.4403239766560758,4.211299329880959,26.11436243931908
3706.0,0.43712003671246635,4.21124447694267,26.10234647015913
3708.906,0.43941856126259227,4.2111750986194245,26.10546621382408
3711.812,0.43859696815317173,4.211496853529649,26.103733748548382
3714.719,0.4419227287215725,4.2116129959301825,26.099495073491784
3717.64,0.414573177263895,4.209670035509065,26.095406197239914
3720.547,0.4175354302154882,4.209548601076004,26.081592125766544
3723.453,0.4152312501156872,4.209259456343311,26.083575202313757
3726.359,0.41236012259551946,4.209495494123233,26.076644820731243
3729.265,0.41479122390287526,4.209587671977279,26.080187130897137
3732.203,0.41496797370210275,4.209595136380638,26.079621116240457
3735.109,0.4149885232480724,4.209815278165617,26.0644030028815
3738.015,0.41257249868048945,4.209446372975879,26.064344441265682
3740.922,0.41701806957666016,4.209782103446124,26.06583633680851
3743.828,0.417303345870713,4.209649690262656,26.06352566691595
3746.75,0.41302927627673147,4.209934404105654,26.047688862420756
3749.656,0.4118507519404816,4.209689565989076,26.042831681671938
3752.562,0.4151968493990402,4.209988197219465,26.04454918598039
3755.469,0.41204800199138075,4.210019529580779,26.030583336989558
3758.39,0.410691401466584,4.210197512365852,26.020648050809882
3761.297,0.41542684875696195,4.210272988354341,26.018142092610024
3764.234,0.4125192807847313,4.210073781118041,26.006372062460226
3767.156,0.41524962864993176,4.210299306910211,26.016756569540537
3770.062,0.41365314555117105,4.210411784544885,26.010361199593802
3772.969,0.4140589129080831,4.210229171088149,26.015523167144718
3775.89,0.4118002162898929,4.210494192022221,26.00239963806808
3778.797,0.41354763071374306,4.210535322224003,25.998700726646696
3781.703,0.41295842795296595,4.210663708733642,25.984600562487245
3784.609,0.4126579505026316,4.210693092428894,25.98650683006683
3787.515,0.413116676905443,4.210740754735229,25.98858673194996
3790.422,0.4130429494113065,4.210831466536811,25.973293667438035
3793.344,0.41167233995527003,4.210621799607956,25.963283233780427
3796.265,0.4114013750572759,4.210897488863163,25.952543114165206
3799.187,0.4137597750736103,4.210827710558788,25.959104704737506
3802.094,0.41175071216227255,4.211003466832081,25.947063388277456
3805.0,0.4114362486376222,4.21122410323346,25.94558430282534
3807.906,0.412290085742961,4.211252147474138,25.944787283726274
3810.812,0.40795824161926664,4.211316431725692,25.9400972285866
3813.719,0.41465947758835026,4.211293589722816,25.93702564583773
3816.625,0.4107349601900644,4.211490334281072,25.92748204294786
3819.547,0.4109461233282942,4.211625849273689,25.91538234758766
3822.453,0.41140552735238156,4.211641168491518,25.915019273884337
3825.359,0.4077806451219994,4.211700047101511,25.9190537999217
3828.297,0.4107906346756193,4.211640117450118,25.908919985175125
3831.203,0.41129884699157376,4.21173465897153,25.907775014155114
3834.109,0.4088696791841012,4.211834429038028,25.900755453731918
3837.031,0.41118382485027394,4.211965338644302,25.888282159504925
3839.937,0.4092222207798264,4.2124517368937,25.883598402611323
3842.844,0.41135069038881916,4.212225397181514,25.8914301090802
3845.781,0.4079461421466104,4.212475550045318,25.876572579241312
3848.687,0.40960698672470686,4.2123180153711175,25.882933091282485
3851.594,0.4089087472951695,4.212524677799228,25.873204334031872
3854.5,0.4123583537483243,4.21270120589645,25.87208412353267
3857.406,0.38332417369698024,4.210705142982325,25.869793603859332
3860.312,0.3848929992504653,4.2106546800902525,25.86114143562689
3863.219,0.38852803026927124,4.2106531249300305,25.861633672421412
3866.125,0.38493100736188374,4.210783473483137,25.856654367902742
3869.047,0.39002761575482287,4.210781720433427,25.8500340266834
3871.953,0.3848814421629034,4.210684484288196,25.83416140336717
3874.859,0.3864169222420368,4.210724006066718,25.828242384893475
3877.797,0.38664332094100096,4.210882273608645,25.829530192528804
3880.703,0.3841307361328053,4.210859495467981,25.822925555256585
3883.609,0.3859782668194017,4.210809916235964,25.812022445416062
3886.515,0.38755655327868666,4.210835584681553,25.809829129635958
3889.437,0.38776376794811745,4.210981397761277,25.809803818766518
3892.344,0.38705010035558957,4.210853099921451,25.80251941831825
3895.25,0.3850241639673436,4.211199321244264,25.797650200319968
3898.156,0.38329177077050947,4.211075092161859,25.794230049505906
3901.062,0.38574326152052213,4.2112337735952154,25.788513856550537
3903.969,0.384605747468266,4.21106949298449,25.79557073402067
3906.89,0.38596905467736226,4.211406031158745,25.77579047210877
3909.812,0.3849255456889251,4.211163389906058,25.770231758470068
3912.734,0.3834219929559587,4.211697987908756,25.764468298140596
3915.64,0.3919962016555279,4.212001039496631,25.76572711589049
3918.547,0.38525891409288987,4.211377070107827,25.765604954650108
3921.453,0.3831822810513167,4.211739194624353,25.764001778528257
3924.359,0.38307423715047323,4.211720569057479,25.755568252780527
3927.265,0.3834890757181884,4.211792084767321,25.748714313375466
3930.172,0.3803929392008267,4.211559614896623,25.747896767047635
3933.078,0.38211522840844436,4.212054766784644,25.748030910707506
3935.984,0.382535571062737,4.212003912004914,25.751150681020828
3938.89,0.38493940692044526,4.212132194303573,25.742946330161143
3941.828,0.38179753908805075,4.212289417901683,25.742943839442656
3944.734,0.3810657116193814,4.212482650088954,25.74349164937362
3947.64,0.38545295540735874,4.212258405490817,25.73056125618248
3950.562,0.3831459080513473,4.212206648718652,25.729699209986176
3953.469,0.38538973169552515,4.212645529121325,25.71909804816858
3956.375,0.3611068585812531,4.210543552641636,25.701936327238734
3959.281,0.3581038817070428,4.210610816569867,25.705776519767095
3962.187,0.36227536241022223,4.210436239834387,25.705730652735795
3965.094,0.359909067475748,4.210713576914216,25.698272653081677
3968.0,0.35970164135541044,4.210675525294855,25.687057682030733
3970.922,0.3610503661870664,4.210566443904083,25.689827811751584
3973.828,0.3590413085969428,4.210610368192764,25.684580249206185
3976.734,0.361397118900642,4.210732283403663,25.683833865012232
3979.672,0.35988460997950433,4.210744874169625,25.67551790786894
3982.578,0.36139883972595593,4.210704379991705,25.67697940457443
3985.484,0.36013556607191033,4.210820799781836,25.65964347649961
3988.39,0.3591229643946222,4.210710065983779,25.662673192719925
3991.297,0.35966811420241906,4.21079743727829,25.657270500565893
3994.203,0.3605453421525968,4.210964699175143,25.662421519614977
3997.125,0.3595167538754252,4.210794349579303,25.654389922808946
4000.031,0.35861465140645543,4.210791797032996,25.644202206709267
4002.937,0.35932236019828206,4.211169443269797,25.64769150524249
4005.844,0.3604768041839055,4.211277876808093,25.64352259411952
4008.75,0.3620411258117868,4.211243501382628,25.638823356199644
4011.672,0.36104463156517724,4.2111759263388695,25.634266696722324
4014.594,0.36187954041713594,4.211136507675342,25.62555080705106
4017.5,0.3594349445882728,4.211418227903793,25.62282466921195
4020.406,0.35932460071556876,4.211316856316741,25.616455158201145
4023.312,0.3616847801093684,4.211406917590419,25.612460804249366
4026.219,0.36105456013341236,4.211354463556799,25.608572944780637
4029.14,0.35793431288526906,4.211598799730085,25.59963218549796
4032.047,0.35926032985487066,4.211645929516012,25.599751259735143
4034.953,0.35675353840643476,4.211684373712005,25.594060425988534
4037.859,0.35963315182156835,4.211876061908827,25.5902864896639
4040.765,0.36128227060021845,4.211628839722042,25.588965632892677
4043.656,0.36075185430122414,4.211797431691111,25.584331302608348
4046.578,0.35761700361236864,4.212001636996885,25.57617204127763
4049.484,0.35758474085635483,4.2120150965767875,25.572997138905816
4052.422,0.3598100487838787,4.212047941828195,25.566879804920944
4055.328,0.35622659401832224,4.2122814930650545,25.567188627193715
4058.234,0.3572279522545697,4.212393002382604,25.562998816112046
4061.14,0.358291206556436,4.212364593679139,25.561487611009465
4064.047,0.35786054516597204,4.212400135828121,25.56503475751254
4066.953,0.355845943227203,4.212514666509848,25.5535695800726
4069.859,0.3560659945623149,4.212513202945015,25.555665847944745
4072.765,0.3589139671009125,4.212596553839757,25.544737884584332
4075.672,0.3343023578518333,4.2106982784419085,25.54337717038886
4078.578,0.3350068446516009,4.210411841052836,25.52994209198074
4081.531,0.3336841240774272,4.210757225783545,25.5418794074413
4084.437,0.3371715112277434,4.210525950833601,25.53677511295994
4087.39,0.3375268690135295,4.210404751867374,25.5321788921045
4090.312,0.3340430562613984,4.210613724116457,25.52556373426007
4093.265,0.3360444942039837,4.210638533574873,25.520031901619188
4096.172,0.33619485140163363,4.210596089736287,25.52397345423832
4099.094,0.3345812655454456,4.210573286602527,25.53089959817754
4102.0,0.3347807801175906,4.210575331683018,25.524211951096564
4104.906,0.33721677342911366,4.21060929924042,25.517878828655626
4107.812,0.3346029471505165,4.210792305601153,25.516208696080696
4110.719,0.333312230541291,4.2105962919296385,25.50807817060492
4113.625,0.3344315935507098,4.210876068390662,25.50816253806437
4116.531,0.33526184522870417,4.210795107440311,25.501266958467916
4119.437,0.33686240918464966,4.2109468762916675,25.491085408907512
4122.344,0.33308242524789405,4.211027570193227,25.494247196240693
4125.281,0.3313122423447965,4.210996058238484,25.482265577012726
4128.187,0.3349570341230473,4.210942621882474,25.47107651372252
4131.094,0.3349412434614126,4.211074056054303,25.473585012616017
4134.0,0.3345137893613505,4.2111105775561475,25.470442255423453
4136.906,0.33368410864679643,4.2110520081925715,25.468598341004444
4139.812,0.3354505479525908,4.211313080233076,25.462865847283936
4142.734,0.3338551280586185,4.211329821759553,25.45273273431743
4145.64,0.33137577585589284,4.211171192336903,25.454013246940896
4148.547,0.3329595054649305,4.211273211504963,25.455267713666263
4151.453,0.33582687058141436,4.211231039564082,25.45754867341889
4154.375,0.33603346432506714,4.211321124691201,25.453872812251074
4157.281,0.3327025282633247,4.211686684255641,25.44518203246713
4160.187,0.3332486688592367,4.211375485502869,25.437411585423554
4163.094,0.3342745242091365,4.211964255474387,25.43480430176727
4166.0,0.3317913732132439,4.211792883683753,25.433040727326148
4168.937,0.3337982668132572,4.211906844309732,25.4294894387979
4171.875,0.330020367428906,4.211785890926257,25.42327318306
4174.781,0.33569877166806894,4.2114546315657355,25.419224073747923
4177.687,0.33214971939543014,4.212330524907511,25.41346182756968
4180.594,0.33121447643780466,4.211989181885318,25.412153053710167
4183.5,0.3311741809087273,4.212210304154561,25.415391745680278
4186.406,0.3299231152673649,4.212037903826526,25.41044182329775
4189.312,0.33136347495775537,4.21237768424392,25.401218771400533
4192.219,0.32866202345738704,4.212272065025929,25.39287557475321
4195.125,0.3280919747563355,4.212328768152303,25.387900586307147
4198.031,0.33127802993098543,4.212261379768705,25.384942265816196
4200.937,0.3291252073311917,4.21249632251934,25.37797389596419
4203.875,0.33126751501893487,4.212483699424195,25.37604517268993
4206.781,0.3317224134821344,4.212742863343783,25.3766301511249
4209.687,0.3321647315817571,4.212676889053621,25.37871011532058
4212.594,0.33259402033266006,4.21268828706027,25.37228218178701
4215.5,0.32963229400745364,4.212907295037909,25.370841209082087
4218.406,0.32960673024236636,4.212948282063445,25.369111737952306
4221.312,0.33181703647928823,4.21309143636588,25.363886348470047
4224.219,0.3293074704626667,4.213025185510077,25.36057619778075
4227.125,0.3303879231120885,4.213189356987388,25.35228430180311
4230.031,0.3322679708053244,4.2131015462679,25.34037806826581
4232.937,0.3324138140814914,4.213389303977877,25.337566909600575
4235.844,0.33108268947101216,4.213242657588091,25.339483562436133
4238.75,0.32936133906300796,4.213276109686435,25.334088920143824
4241.656,0.32812391576901034,4.213328861492242,25.33430177710843
4244.562,0.3297172009063,4.2133792499787175,25.316200822784257
4247.469,0.33048206267664204,4.213535759058134,25.319168411808857
4250.375,0.33095795725702654,4.213605615347546,25.31663991523902
4253.297,0.30961751330373394,4.211541438732768,25.314782868563256
4256.203,0.3067575987710784,4.211462931919063,25.31492448315334
4259.109,0.3041066898584228,4.211643367812277,25.311935984698124
4262.015,0.30658822392548885,4.211562153545107,25.310571257705515
4264.922,0.30812814475578293,4.2114717645707636,25.312848003080344
4267.828,0.30591102495685174,4.21160208277104,25.301063451105858
4270.734,0.3042214427054987,4.211591553236474,25.295250214538594
4273.64,0.3061178374140397,4.211514539800775,25.298310233604006
4276.562,0.3071602230506406,4.21164334981247,25.295958256996762
4279.469,0.3053509913277421,4.2117972300695525,25.291481155775305
4282.375,0.30510694851557724,4.21164547264513,25.29763825841789
4285.281,0.3057354672813755,4.211675448000175,25.284589323903024
4288.187,0.3077116849205629,4.211743835713716,25.280175980963616
4291.094,0.3062992272557909,4.211829733415793,25.28515217064105
4294.0,0.305666233201851,4.211958148202949,25.278186645156705
4296.906,0.30922897076399886,4.211921494780899,25.27021409520191
4299.812,0.3070144162444637,4.21200412349046,25.268002328754644
4302.734,0.30541992393983647,4.212158974292111,25.264437160225846
4305.64,0.304350372578635,4.212172468155939,25.26148521458275
4308.547,0.30715766801279437,4.212122021155517,25.255725105200945
4311.453,0.30197216838449653,4.212086247647571,25.252623781857555
4314.359,0.30499517558217837,4.211992946453407,25.25717630949146
4317.265,0.3045951091141352,4.2121168789143315,25.24567089303429
4320.172,0.3039823867496509,4.212326549468702,25.240263847833248
4323.078,0.3046832900364003,4.212321398077881,25.24050569504484
4325.984,0.30672129857337777,4.212202903803602,25.2339304827195
4328.89,0.30530489959967133,4.212406727606117,25.23247996535429
4331.797,0.30601915463055634,4.2124232790351,25.231288901206515
4334.719,0.3050379566623843,4.212224304773432,25.222734918997325
4337.625,0.30101515847808896,4.212601805210567,25.214173255952268
4340.531,0.28479449767412146,4.210609010259469,25.213168113588765
4343.437,0.28267195005419676,4.210405038397875,25.211370525607574
4346.344,0.2820534378315572,4.210348264321532,25.205509833061516
4349.281,0.2830505260322802,4.210209948693699,25.197480544338354
4352.219,0.2817275493367963,4.2105155362858335,25.193818829699566
4355.125,0.2831142582676401,4.210305483503789,25.18605384487368
4358.031,0.2852249836989325,4.210429424301534,25.189827670608633
4360.937,0.28496077608142334,4.210581269581587,25.18885143530844
4363.844,0.2824744914485776,4.210380812997243,25.185198018031418
4366.75,0.2832407103282208,4.210296456151363,25.176846833037096
4369.672,0.28399240236631207,4.210435425257303,25.18138306864875
4372.578,0.28058912861830904,4.210528716731565,25.17783906864906
4375.484,0.28385584710405015,4.21042909381225,25.168853234170456
4378.39,0.2813002064668306,4.210514502247097,25.165859272568323
4381.297,0.2795890894445456,4.210672529722044,25.16615635279363
4384.219,0.28346204473484515,4.210447148244572,25.16291079483346
4387.14,0.28182311669880694,4.210583457877021,25.151854783876367
4390.047,0.2832398331449581,4.210372317475164,25.154220404378094
4392.953,0.28306326071306565,4.210671917733636,25.161949855966444
4395.859,0.28281998480702986,4.210667648365264,25.160512943452176
4398.765,0.28330014776607126,4.210782894929663,25.153437097757436
4401.672,0.2800173623388528,4.21074794423828,25.150825691885668
4404.578,0.27959003756269957,4.210708165304563,25.15072167889718
4407.469,0.28134741799170476,4.210951962984516,25.153171337518
4410.375,0.28350111708680625,4.210692775000544,25.146820569462516
4413.281,0.28580112641375505,4.210901583390191,25.14349959661207
4416.187,0.2826536272984945,4.210925462677016,25.138647513326298
4419.109,0.2821719808346221,4.21093280874461,25.13923379536841
4422.015,0.2814351047735977,4.211053705556903,25.128514537286716
4424.922,0.279384855302423,4.211082009835681,25.131398072732864
4427.828,0.2814505733829987,4.2111077653205555,25.116632113975864
4430.734,0.2800924632160415,4.211205936283177,25.111469921618475
4433.64,0.28244045187290656,4.211023864755979,25.11241618374333
4436.547,0.28021870773262963,4.211399695716231,25.108248547597633
4439.453,0.28276383885886314,4.211282234977371,25.10560155152391
4442.359,0.28040738166313023,4.211198518524497,25.105945379576536
4445.265,0.2807126081203166,4.211307017445359,25.095791237532243
4448.172,0.27816808569249446,4.211571476955569,25.094328232998098
4451.094,0.28104960867719064,4.211136098475793,25.095651266280655
4454.0,0.2792007112433532,4.211287229455323,25.09812677948189
4456.906,0.28144388945553456,4.211588683795444,25.09158424033643
4459.812,0.28032899361092595,4.211808027425665,25.100139381928297
4462.719,0.27950406676892364,4.211852382558998,25.092864814835618
4465.625,0.2808197417150122,4.211609179905486,25.086121876722803
4468.531,0.27966197112586877,4.211916273328388,25.079564011569182
4471.453,0.2783586119655234,4.211948408563358,25.070047982237398
4474.344,0.2804024952269342,4.211736408791215,25.070703124851352
4477.265,0.2793797349538369,4.211520853309831,25.060406063013154
4480.156,0.2759808971060694,4.211999571264223,25.05722355837526
4483.078,0.2813914455826743,4.212192603344147,25.058525315657853
4485.984,0.2775191339178866,4.212109723330016,25.052294403874388
4488.89,0.27593688633750585,4.212215822570804,25.04657339175169
4491.812,0.2806654810687699,4.212220810754559,25.048763440388875
4494.703,0.2804712195189364,4.2122197228230585,25.04378785349142
4497.609,0.27810663344932013,4.212088000306734,25.048900522609465
4500.515,0.27842367476457164,4.212278092250004,25.04895592956747
4503.437,0.27992414303150803,4.212483503778692,25.046653450543467
4506.344,0.2784175038172129,4.212493758837785,25.041337958273996
4509.25,0.2779099491196235,4.212586204268874,25.035227342827557
4512.156,0.2565613550818558,4.210545953594069,25.033695925688875
4515.078,0.25715847327143887,4.210301560692843,25.027870182772823
4517.984,0.256749025811434,4.2106541415282885,25.0333164712065
4520.89,0.2554571010147396,4.210376306911909,25.029289222761776
4523.828,0.25398447355136566,4.210178927104048,25.02461273522128
4526.75,0.2575030777583716,4.210411784534993,25.02918839949755
4529.656,0.2560777860922279,4.210511447941703,25.016634279289836
4532.562,0.25735398879216126,4.210357726232459,25.01271823647312
4535.469,0.25569461831002394,4.21066405237407,25.01466909014361
4538.375,0.25684106768036935,4.210435895371095,25.005819362551208
4541.281,0.2561869223124743,4.210492564726672,25.008853615781597
4544.187,0.25690400573320715,4.2106319721260945,25.002489633106478
4547.094,0.25537581307635654,4.210403570844206,24.996468179040395
4550.015,0.25636442081750793,4.210430136985588,24.990209772236216
4552.922,0.2565900651904961,4.2106195858435465,24.98973766719202
4555.844,0.25447999878018024,4.210599713129252,24.990223969157174
4558.75,0.25701405740195143,4.210602700695274,24.98402912817854
4561.672,0.2536073334045781,4.210606866519605,24.979075726120055
4564.578,0.2567129949157427,4.210705639054615,24.97494230271187
4567.484,0.2565733851235865,4.210779500800307,24.977252435934574
4570.39,0.2580415219266822,4.210865126201093,24.968460673205893
4573.297,0.25572116542884793,4.210655704775237,24.967125108266924
4576.203,0.2556974979233596,4.210869681455141,24.970542842523432
4579.109,0.25744693588492124,4.210694681656592,24.96858419060096
4582.015,0.2544867255831787,4.210857458742075,24.962513015632965
4584.922,0.25655544264077573,4.210966852253297,24.955678167387592
4587.844,0.2564393935566777,4.21089378028672,24.959253245897695
4590.75,0.2567236408679296,4.210888753115901,24.951142379943576
4593.672,0.25529166477740645,4.210806610519655,24.961715121219438
4596.578,0.2572268577066595,4.21087987290083,24.94994684412324
4599.484,0.25654687407869403,4.210948147524271,24.94499434560901
4602.422,0.25434900648275927,4.211130053647132,24.94763531373813
4605.422,0.25345053289761554,4.211161240714164,24.94662210756909
4608.344,0.2555623245931702,4.211195914632424,24.949626878775707
4611.25,0.255367811989808,4.211046674600763,24.933047987705567
4614.156,0.2546781652728103,4.211311364275643,24.930973081894184
4617.062,0.25839081425159305,4.211531644504275,24.93011951821813
4619.969,0.25481616959835973,4.21139195714118,24.939017294253574
4622.89,0.25338266130224696,4.2112521340914295,24.937569680684113
4625.797,0.2568332725667023,4.211184259091089,24.927402086944735
4628.703,0.2549044216746447,4.211428281477414,24.920471625470046
4631.609,0.25372260339137376,4.211375613092685,24.909407974284285
4634.515,0.25296660766964624,4.211476335721468,24.903352868026108
4637.453,0.25719760386462326,4.211853328167751,24.908450733544477
4640.359,0.25578274355493935,4.211754327855526,24.909838165431314
4643.265,0.25763122237729996,4.211805447675166,24.907648033050478
4646.172,0.25215695992155324,4.211816478373072,24.89791472083283
4649.094,0.2548552035824009,4.2119902681370425,24.888881742451854
4652.0,0.2543781435041086,4.211780585260211,24.8904784734955
4654.906,0.2552435060146776,4.211854809936002,24.889777582569234
4657.812,0.2557892662535098,4.21180778018699,24.891288088388627
4660.719,0.25610048541210106,4.211903060815622,24.883023510557567
4663.625,0.2542443025717515,4.212076563841817,24.884292166910647
4666.531,0.25506723019564614,4.212229663374731,24.88099503196803
4669.437,0.2506041864424732,4.212147823054043,24.87866172705323
4672.359,0.2537046941789903,4.21220048837265,24.870371877838497
4675.265,0.25079294272407077,4.212301057207474,24.87584896544434
4678.172,0.24848416204004184,4.212225592132316,24.875161456806328
4681.078,0.25248177610601985,4.21220004844212,24.87412364802789
4683.984,0.2527947039500255,4.212233259175226,24.870192164716407
4686.906,0.2530803475611578,4.212560323863805,24.864469321293406
4689.812,0.2507286268611135,4.212396738033754,24.86370454421033
4692.719,0.25285251017687,4.212635059709109,24.860781349357364
4695.625,0.25405769450469584,4.212736104689759,24.86030457352193
4698.531,0.2529889159760107,4.212496566172946,24.85593607074132
4701.453,0.2532014670831974,4.212629034370881,24.85458172682707
4704.375,0.25132913559711667,4.212586336545975,24.857355407434778
4707.281,0.25340385079278105,4.212852794512896,24.849331458597938
4710.187,0.25303138950472964,4.212839972003431,24.844640519968557
4713.094,0.2527596913507952,4.212973221484579,24.841552152138004
4716.0,0.25088469062184,4.213107567928388,24.845653509158723
4718.89,0.2518103150922307,4.212902104713992,24.840939175413915
4721.812,0.25337999457243987,4.212918921400508,24.835880529362054
4724.719,0.25342131062892503,4.213256939981134,24.836583168388575
4727.625,0.25264807065028694,4.213160212466174,24.838251855121637
4730.531,0.252938863931408,4.2132698053182125,24.83568998315847
4733.437,0.25006775292586947,4.213284721027733,24.844008570466166
4736.359,0.24867204828637426,4.212896396660974,24.84415985877524
4739.265,0.249271203121751,4.213161257034704,24.845476835322344
4742.172,0.2488194401095308,4.213209233631402,24.844637035099158
4745.078,0.2473096385490661,4.213751742272231,24.830479787713465
4748.015,0.23001647140734724,4.211605752839818,24.832444475669163
4750.937,0.2275366675283877,4.211690995400701,24.828565021412437
4753.875,0.2289821669228055,4.2115321421674246,24.829786999245066
4756.828,0.23191060010559086,4.211507065676098,24.819633938528916
4759.844,0.22888953324678862,4.210906791784596,24.80427621801563
4762.765,0.22454401042679553,4.211423661329585,24.799456335221954
4765.672,0.2279855710197323,4.21135044293821,24.797929759204724
4768.594,0.22989292158714225,4.2112976434777885,24.79816450435722
4771.5,0.22968243135711622,4.211351855340742,24.786495091634606
4774.406,0.23056101127893336,4.211382358734032,24.787234277822517
4777.312,0.23212675555547754,4.211955870653388,24.78415612326938
4780.219,0.23300004890056764,4.211185983173088,24.78035910644785
4783.125,0.22885723112404155,4.211078971890407,24.78099250006698
4786.031,0.23384886571204505,4.211282364920194,24.77899581746543
4788.937,0.2314790923097998,4.210286588535542,24.7801819788987
4791.844,0.22851427152283252,4.211315553820987,24.78149598185305
4794.765,0.22706144333021513,4.211450617592734,24.78354450274781
4797.672,0.23035722757212296,4.211340647791734,24.776002122034544
4800.578,0.23219274351890512,4.211582643898484,24.77399890352783
4803.484,0.22950628456149788,4.211340235414554,24.783981944917645
4806.39,0.22759190243751604,4.211168982325991,24.77509954897106
4809.297,0.2276037586189647,4.211610894503946,24.774319422146508
4812.203,0.2256117511684734,4.2118262442255965,24.764275616150535
4815.109,0.22800207925194954,4.211794063255496,24.76524815318552
4818.015,0.22821360275955338,4.211716224938688,24.754919294097256
4820.922,0.22589362859945716,4.211617210820989,24.757209069855392
4823.859,0.22853911599892257,4.211920121487838,24.750868150986825
4826.797,0.22676003222449256,4.211489933146736,24.752874356334125
4829.734,0.2261788550635067,4.211817143861423,24.743326439047927
4832.64,0.22855792568134128,4.2117521330766845,24.741296798210104
4835.64,0.22606593481433865,4.211949474994141,24.734611641674277
4838.547,0.22787513200186982,4.211920291889933,24.73222653340366
4841.453,0.22800438656498012,4.2120049751784965,24.73201381292279
4844.359,0.22375734021830154,4.211867000745232,24.729332830891842
4847.265,0.228917158503159,4.211963323050482,24.731057702645955
4850.172,0.22815663618663784,4.212129984436102,24.722543111005535
4853.078,0.2288733597380236,4.2121774407514305,24.723123216509865
4855.969,0.22552196189861906,4.2122648371690135,24.716083734255808
4858.875,0.22833561235787608,4.2119933184208005,24.722513501369093
4861.781,0.22382555436962534,4.212186371261459,24.71361339293853
4864.703,0.22882800166761555,4.212097212902765,24.7133833087429
4867.609,0.2267766522717928,4.2121345302568125,24.71396176551263
4870.531,0.22404796302796795,4.212109350739517,24.705740473207516
4873.437,0.22797687886366239,4.212456373495627,24.70166381658772
4876.344,0.22613296427684276,4.212370874780274,24.69923285167773
4879.25,0.2266694542949647,4.212536982096817,24.69845102389252
4882.219,0.22759040471640893,4.212443165830427,24.6948296271153
4885.125,0.22653087752706597,4.212817216525048,24.705536634731562
4888.062,0.2249540718365123,4.212889884581167,24.696938473405595
4891.015,0.22674021260665916,4.212786298569494,24.692449410515195
4894.094,0.22091973068603607,4.212695455887886,24.687088115667414
4897.125,0.21899633107068683,4.212850895743844,24.694242738168292
4900.14,0.2250715810266195,4.212578437864424,24.682645083324882
4903.062,0.221441859537658,4.212827541915279,24.678591934878344
4905.969,0.22416037270293762,4.212805833840929,24.68761076253633
4908.875,0.2252009183034027,4.212771977189419,24.686787729399523
4911.781,0.2227562073423221,4.212721986813292,24.689710160940898
4914.687,0.2282779816028027,4.212554649012397,24.679160898130093
4917.594,0.22383238393919166,4.212656911171056,24.683212568910264
4920.5,0.22407015575463782,4.213130930056661,24.676929297592498
4923.406,0.22781650376536697,4.213112125326803,24.677374445186686
4926.328,0.22559376431644562,4.213533031238341,24.668348369766086
4929.234,0.22298374181729355,4.213382770692503,24.659407876588556
4932.14,0.2266522929497314,4.213215089285389,24.664332406452264
4935.047,0.22629098998165545,4.213350386057787,24.667463386409455
4937.953,0.22344679648074134,4.212538929351927,24.646115269099926
4940.875,0.22283306788123916,4.213165822719028,24.648924336451508
4943.781,0.23015765159419166,4.2139341504225065,24.656305377114432
4946.687,0.19701762369989997,4.211549640488307,24.652506882631435
4949.594,0.19804007428871093,4.211350674590404,24.65101989341957
4952.5,0.20512697652946058,4.211292705773531,24.643718202892124
4955.406,0.19994000055464162,4.211269215904342,24.652513377246983
4958.312,0.2018999357983967,4.211183650738292,24.64844100831264
4961.219,0.19831866418811175,4.211256038310034,24.643855842379086
4964.125,0.19897760433785694,4.2109887093535985,24.639414679386576
4967.047,0.20191928274261797,4.211150966824701,24.644361470378367
4969.953,0.20203756667307843,4.211269625194854,24.646446908636534
4972.859,0.20268001509409025,4.211032231742672,24.64456158307793
4975.765,0.20098461618119512,4.211168450761367,24.647500107854455
4978.672,0.20259465112163083,4.211409348943201,24.6492601355999
4981.578,0.20089482063402095,4.210946896420459,24.645558716582837
4984.484,0.20559528309063368,4.210986661553337,24.64208899673188
4987.406,0.20636123102904466,4.211016235020026,24.641598389136732
4990.312,0.20144909014650705,4.211160671389809,24.632916881607265
4993.219,0.20202253479901458,4.21118008533426,24.63274696418596
4996.125,0.20136054286596655,4.211303530688599,24.621657911235058
4999.047,0.20153975729931184,4.211055922451876,24.620264982150516
5001.953,0.20062175291633305,4.211078386953393,24.625362491999102
5004.859,0.20441924532382177,4.210990744991169,24.619104392755297
5007.765,0.2000431402522091,4.211499823089833,24.611868578917495
5010.672,0.1970145577021657,4.211250031980078,24.62420755989296
5013.594,0.20252254176441095,4.211382862499689,24.613804320758724
5016.5,0.2009826779548706,4.2113288586873345,24.617290903326623
5019.406,0.20039203874190992,4.211132002608601,24.604387563942176
5022.312,0.20094859415105892,4.2114166200663465,24.597556438886897
5025.219,0.19890665963389642,4.211336962047179,24.604999951889514
5028.14,0.20064428831345965,4.211528715338312,24.599147083923377
5031.047,0.20435360578544498,4.211379222921794,24.594145098477192
5033.953,0.19746237523659724,4.211289124881761,24.58826946182661
5036.875,0.2018672190714236,4.211408608764528,24.59257221389608
5039.781,0.2026801959708831,4.211556021206592,24.594505779001043
5042.687,0.20256848369986452,4.2115676897300816,24.601190292283743
5045.594,0.2007161792383313,4.211417201200915,24.593528439506994
5048.5,0.19961548857818243,4.211339640139021,24.591055120455557
5051.406,0.2029572042429708,4.21149862184816,24.582211064608895
5054.328,0.19928996991458095,4.211389719964926,24.578770274699888
5057.234,0.20043680038350792,4.211581264241716,24.572264015275525
5060.14,0.19976238979158206,4.211875134326071,24.566008036241175
5063.062,0.2015041529337431,4.211580919555899,24.564915653012676
5065.969,0.20056814866862743,4.211572490308658,24.561616284277374
5068.875,0.19710457828811287,4.21169988362518,24.56120211094351
5071.781,0.20310235808378002,4.21159922102653,24.565123694958324
5074.703,0.1999529988179357,4.211975472203989,24.563755507322753
5077.609,0.20139099639747915,4.211721528748348,24.553864712652526
5080.515,0.19854747192523584,4.2119788311837665,24.55507560054874
5083.422,0.19705083249239458,4.212223547999027,24.5538834025372
5086.359,0.19580624633538637,4.2120121202053635,24.552070252569983
5089.265,0.20067659276088728,4.211948384019853,24.54251845832053
5092.172,0.19512556957349572,4.212268473296762,24.535633678200757
5095.078,0.19954751892080377,4.212018133574455,24.535483632697055
5097.984,0.19893312295557675,4.212375596849596,24.54079171070162
5100.906,0.20089122539224621,4.212200806415146,24.53460830722617
5103.812,0.19900508321262628,4.212508361211318,24.535389474835487
5106.719,0.20019687808817033,4.212198025118635,24.532144762726226
5109.625,0.20005453593653003,4.212313041356292,24.535816089305644
5112.547,0.2018594738683118,4.212439306484877,24.527217887270996
5115.453,0.19983849124352077,4.212222361357753,24.5286683021754
5118.39,0.19923724200312473,4.2125811197018335,24.52368642193453
5121.297,0.19979587955281,4.212228687912624,24.51797408477689
5124.203,0.19840559672306274,4.212407735450363,24.51449219672619
5127.109,0.1981525667619982,4.2125678123846955,24.51479851912763
5130.031,0.2000940796432458,4.21222563409957,24.516720728870183
5132.922,0.20195692658209458,4.212198234958967,24.518783163456753
5135.844,0.19710951935009186,4.21270028794317,24.506363017213886
5138.75,0.19937931453914015,4.212564914534978,24.50057944028173
5141.656,0.1946789746924434,4.212749791347995,24.50326437660204
5144.562,0.1985632457744215,4.212685799252885,24.493527915469098
5147.484,0.19777182741130306,4.212936678975303,24.49865915734588
5150.39,0.20226688882623975,4.212463539767809,24.50436132387745
5153.297,0.19827234098645646,4.212738856305673,24.497678319842695
5156.219,0.1996744824748815,4.212675082566464,24.5007905424189
5159.125,0.1989581815758825,4.212725690411386,24.498884967458498
5162.031,0.1957708720573047,4.213094570781544,24.497515852308588
5164.937,0.2024802339954644,4.212758309706736,24.496681347800866
5167.844,0.19613527056409324,4.213231975808196,24.49595213115523
5170.765,0.19562637366989488,4.213181550648048,24.491738593488552
5173.672,0.1971914098824292,4.213062114676283,24.486239460841276
5176.578,0.19655378759547848,4.21308667148413,24.487985592654802
5179.484,0.20092150747162343,4.213174508503643,24.49017428565773
5182.39,0.19457391792705106,4.213042827552384,24.491091233331577
5185.312,0.19896066832001363,4.213398088535642,24.491234554139183
5188.219,0.20273342129295494,4.21312769120743,24.485489015107753
5191.125,0.19647500678049615,4.2135753219743215,24.487049863980864
5194.031,0.17766344323907166,4.211254526911306,24.480703741002547
5196.937,0.17705458314788017,4.211309865235624,24.474719962491875
5199.859,0.1779106089944574,4.211301948645875,24.480617179915853
5202.765,0.18021059033853945,4.211182470622937,24.48012454534457
5205.672,0.18258076111034396,4.2107129338960405,24.475995409276063
5208.578,0.17096336404005272,4.211165763013182,24.47322590400674
5211.515,0.17926520982461291,4.210974025982757,24.479402442915195
5214.422,0.176579544478392,4.210988802288913,24.472992763376155
5217.328,0.17954825875965044,4.210902818932352,24.466885140178295
5220.25,0.17978598549387767,4.211077106165806,24.458063052234237
5223.156,0.17562386827662133,4.211057325457391,24.454460774729732
5226.062,0.17283037827940534,4.211079802237324,24.455989574846623
5228.969,0.17634106085597767,4.210993796588279,24.45594260020126
5231.875,0.17389530862923994,4.210911246158456,24.44625457048354
5234.781,0.17500427989405845,4.211259340467978,24.448015532222012
5237.687,0.17796448376046964,4.211101650024423,24.444963604189624
5240.609,0.1793385991822569,4.211329651692662,24.442426403906563
5243.531,0.18255013574132617,4.21088778905085,24.435926979938948
5246.437,0.1760084031859326,4.211062167115615,24.437178791935015
5249.359,0.17889446039542015,4.2110887319277035,24.43848330201566
5252.265,0.17193300431493633,4.211123961526669,24.441556191758977
5255.172,0.17749655183361437,4.211267349381795,24.437661042079352
5258.078,0.18041662793981525,4.211034636042556,24.447757277391975
5261.0,0.17667393814978008,4.211178488872087,24.440115009125496
5263.89,0.17805142958016146,4.211210643533551,24.442143837377547
5266.797,0.17567006168935423,4.211015515597741,24.44680110994641
5269.703,0.17458298817658066,4.2115967024730905,24.435136189354743
5272.609,0.17380446476726868,4.211257868485391,24.43210245317158
5275.531,0.17490862047740569,4.211218589746092,24.43159081811739
5278.437,0.17668398787111098,4.21132011929929,24.432718925385043
5281.344,0.17412862639371127,4.211264595813794,24.43465739579432
5284.25,0.17339070632260212,4.211659938039137,24.429756278070858
5287.156,0.17301325116872737,4.211288726689266,24.428072479836054
5290.062,0.17561918831586673,4.211068686775379,24.427082091180363
5292.969,0.17839575862561205,4.211426446187958,24.42549608745908
5295.875,0.1748025322375046,4.211412851439578,24.43122765360034
5298.781,0.17753601470424585,4.211586532414051,24.431592933127867
5301.687,0.17413963655806175,4.211603572181776,24.429160885878638
5304.594,0.17443239058587529,4.211756017599694,24.421924023567566
5307.5,0.17667087519601896,4.211549966788095,24.41582374622534
5310.422,0.17663355652746315,4.211282259034379,24.419599353874663
5313.328,0.17477923313257118,4.211695727208636,24.414042222930863
5316.234,0.1745218044150827,4.211486496100527,24.409134517344867
5319.14,0.1752244694033845,4.211547300778603,24.408111966746667
5322.047,0.17106271696932326,4.211523815859932,24.39623751364036
5324.969,0.17370964371761927,4.21151464376403,24.405911410216174
5327.875,0.1762529318179967,4.21175622430353,24.39874416951691
5330.781,0.17726388920762787,4.211946093674677,24.400167664862636
5333.687,0.1758751335828308,4.211551713584423,24.394539183768686
5336.594,0.1784092886293255,4.211507241429871,24.397564949566245
5339.5,0.17412428668829227,4.211696437090443,24.39525895162184
5342.422,0.17158173902558305,4.212082176303451,24.390970250556418
5345.328,0.17450078097337432,4.211999206218314,24.39472923484124
5348.234,0.17829008826322126,4.211596702208675,24.394197156042384
5351.172,0.17698458613587864,4.211710803259594,24.39142968504652
5354.078,0.17635781276975604,4.21195665940105,24.392917705995355
5356.984,0.17645417332315683,4.211911128059834,24.396940250191133
5359.89,0.1724375826263551,4.211729101659966,24.398882489682055
5362.797,0.1724972979247695,4.212244009377441,24.393439107665213
5365.703,0.17457769116380115,4.211872786765043,24.389768428417703
5368.609,0.17591493207977515,4.211957203160326,24.39381161594051
5371.515,0.17591224698510713,4.212261596483461,24.384167824813893
5374.422,0.17318513528279694,4.212207865810502,24.386013447644476
5377.328,0.1741596852910392,4.212177862416689,24.371128533429022
5380.234,0.1770299722846945,4.212232828132113,24.371423487072416
5383.172,0.17250277916495038,4.212311717378385,24.35597364611602
5386.094,0.17277766039990614,4.212246433261412,24.36072165130928
5389.0,0.17277124015827638,4.212397020236671,24.358238207970167
5391.906,0.1688870505098881,4.212634730384561,24.36606535417946
5394.812,0.1731906633949675,4.212109214717494,24.366555923464208
5397.734,0.17198478450433158,4.21270625067012,24.364321597230603
5400.64,0.173048469366878,4.212317226482611,24.367508084064177
5403.547,0.17437592584238196,4.212421009144068,24.36381377753319
5406.453,0.17274652712230057,4.212544010942004,24.36370378385795
5409.359,0.17595660259197016,4.212461000234419,24.363652523148946
5412.281,0.17206318660455822,4.212602798276945,24.357688679622346
5415.187,0.17582430790511874,4.212635462867091,24.357964233002622
5418.109,0.1745015231412481,4.212614652394321,24.35937204307778
5421.015,0.1718739235733802,4.212946431539936,24.358995688257504
5423.922,0.17281320339405415,4.212618262197633,24.36674311753647
5426.828,0.17476625264191975,4.212709990924326,24.35877005540031
5429.734,0.17304701702479935,4.212741943235015,24.36203060059394
5432.64,0.17090102222934378,4.2128998910119915,24.354037072573306
5435.562,0.17553146729778527,4.212888854150211,24.35296239921339
5438.469,0.17315768634009482,4.212778153716987,24.350709455386745
5441.375,0.1772856395456471,4.212807069802535,24.34754549232415
5444.265,0.17067221294098742,4.2131427319780075,24.347032701212292
5447.187,0.17031219739025857,4.21293194867222,24.342026656368503
5450.094,0.16945276564667083,4.212926266074011,24.34478945807391
5453.015,0.17268764634342998,4.2130646327285985,24.340073003647017
5455.922,0.17385076609923197,4.2130286611202425,24.345235580388294
5458.828,0.17217754760939322,4.213004675234534,24.338888789407342
5461.734,0.17401365107094285,4.212993338425957,24.33606470308789
5464.64,0.1743849749813059,4.213041907246905,24.337338326607398
5467.547,0.17265852499419518,4.21326161938879,24.34115262600255
5470.453,0.1736609587725912,4.2133201112251895,24.33231074243195
5473.359,0.17179123383261208,4.213239934525976,24.33033624336041
5476.265,0.17013967080035133,4.213203905318347,24.32649100418741
5479.187,0.17115061320867836,4.213359777317119,24.322872335483012
5482.109,0.17348095684177461,4.213020537756373,24.329125688712512
5485.015,0.17575696572180222,4.21330501584488,24.33254995675472
5487.922,0.17142066152289973,4.213470427487176,24.31759799006418
5490.828,0.17211086787573168,4.213495375299984,24.317645742383537
5493.734,0.17016328195949856,4.213626948171384,24.32252027007513
5496.64,0.15209462690870929,4.211375879154683,24.317954301673357
5499.562,0.15147227418026743,4.211498966872825,24.310954889383545
5502.469,0.14993054099046643,4.211163577610007,24.311328564906788
5505.375,0.15215224444091044,4.211140390368586,24.309977033744357
5508.281,0.14886083910357015,4.2112090350447,24.313193166425904
5511.187,0.15235911888306206,4.211320592455892,24.321547885860028
5514.109,0.15088227927978726,4.211140937475789,24.31023392304604
5517.015,0.15067114724983652,4.211046841283367,24.31057053457776
5519.953,0.15064291604948293,4.21117792395318,24.307492820386816
5522.859,0.1522221648951426,4.21146059554968,24.307601888245134
5525.781,0.15091508884390356,4.211046560569468,24.306940618147117
5528.687,0.15331013771638868,4.211080218595555,24.30272189716359
5531.594,0.1505988786846123,4.211210202532552,24.29931898731308
5534.5,0.1496995885177699,4.211123186966205,24.293335055639282
5537.406,0.15243029260412105,4.211273285839924,24.293509530594857
5540.312,0.14995912184188437,4.211305747944913,24.303646893629583
5543.234,0.14873925959924808,4.211038686813841,24.29070004264652
5546.14,0.15029510326154955,4.210990064854821,24.290508718744064
5549.047,0.1485335226195841,4.211084769173411,24.2824582320199
5551.984,0.15063482609922535,4.2114136558625255,24.281906731784595
5554.89,0.14994861036080184,4.211117973953105,24.287491063582006
5557.797,0.14957668127800322,4.211044307288798,24.280818501791366
5560.703,0.1518045430220613,4.211155827970898,24.27328046442039
5563.625,0.1507299111384835,4.211118778984167,24.282602708936857
5566.531,0.1493043254132131,4.211050083828086,24.27868526790517
5569.437,0.15094263387347667,4.211285193769623,24.280994510078674
5572.344,0.1504967503014734,4.211083054775338,24.283068886003694
5575.265,0.15104509063837854,4.210962000438282,24.28271919433459
5578.172,0.15201009301640234,4.211346055537383,24.281431772142568
5581.078,0.15072120066470804,4.211438741358567,24.2818584948628
5583.984,0.14625445701669554,4.211113396048975,24.27981752554071
5586.906,0.1500158723887621,4.211599714677319,24.277883563370384
5589.812,0.1480300597182413,4.211331639634387,24.27838432641687
5592.719,0.15140477157342866,4.210994165388059,24.27815326302606
5595.625,0.1522826281083515,4.211086502891659,24.27034989719955
5598.531,0.15017256967273682,4.211424250939439,24.26530471425492
5601.437,0.14692897726381846,4.211391032678639,24.26992115180449
5604.359,0.15308412491665127,4.211424059710675,24.266473103953437
5607.265,0.1461793475539734,4.211633692288736,24.257099606110476
5610.172,0.14565507115684334,4.211723206658709,24.260444059467783
5613.078,0.15339921484781663,4.211451109173272,24.26408161107716
5615.984,0.14546173312441532,4.211233147572699,24.257060832028586
5618.906,0.14817412652329295,4.2115798792831844,24.250230068894044
5621.812,0.14761972065087928,4.211332031896505,24.236210016519088
5624.719,0.15240166868568553,4.211534188400094,24.243174674996204
5627.625,0.1526617052194133,4.211674830467362,24.24770824819224
5630.547,0.14803027832526622,4.211744612577545,24.244710830834343
5633.453,0.15352839742166574,4.211679504843919,24.24507357069826
5636.359,0.14891998357339364,4.211371017666469,24.240444706810642
5639.265,0.14765484280116353,4.212203533826794,24.245341191338856
5642.172,0.15091847124482974,4.211474719961482,24.2537879406994
5645.078,0.14790381132590497,4.211831820836862,24.241465825727396
5648.0,0.15255694470056444,4.211165036793974,24.24875279867852
5650.906,0.14627024936283747,4.211673652392457,24.24167772032624
5653.812,0.14888705324907933,4.2113339072475995,24.238706778110114
5656.734,0.14839012804722707,4.211817053643283,24.232030731235383
5659.64,0.14923643655906843,4.2118404662193045,24.228892574676617
5662.547,0.1467991108671421,4.211675956027177,24.23698758666961
5665.453,0.1471647618913383,4.212238441257298,24.231327031101813
5668.359,0.14925218437932744,4.211684701092217,24.236937533509202
5671.265,0.14538207240602352,4.212120288077409,24.23892883312674
5674.187,0.15056825673432478,4.212192462971907,24.230387149032047
5677.094,0.1460875704841151,4.211921540085529,24.227224603085123
5680.0,0.14893252787229103,4.212147097335011,24.22816286706499
5682.922,0.15187657858860865,4.211445230114546,24.22510559134091
5685.828,0.15236291875003813,4.212143854820605,24.231581194155932
5688.734,0.14611678267031408,4.212278817376936,24.22746076050975
5691.64,0.14301444373697883,4.2122431089238725,24.230414605571738
5694.547,0.14796985496241274,4.212157970191888,24.224104685078782
5697.484,0.14892957258800152,4.211770232122436,24.21607733378198
5700.39,0.1515885794781225,4.211748353716963,24.213437120344217
5703.297,0.1494973065692592,4.212321856278414,24.210735408878982
5706.203,0.14671998616646986,4.212231443508094,24.20722540392884
5709.109,0.14935675294885783,4.21210946762214,24.218341398474166
5712.015,0.14887589860771722,4.212056465439738,24.210801993985584
5714.922,0.15543147765129856,4.211835917169005,24.21597959504924
5717.828,0.1483659184568995,4.212412916873952,24.212602530440048
5720.75,0.14627998265983352,4.212568087994929,24.210660613792903
5723.656,0.14889043891634002,4.212406625388242,24.208229747803514
5726.562,0.14462710218499503,4.21242408654174,24.206053908609434
5729.484,0.14732073078488395,4.212015415208479,24.206083038622957
5732.39,0.14776914324457677,4.212506650324016,24.190486172650942
5735.312,0.14848696635411263,4.212262034907434,24.193677016958645
5738.219,0.1464952695363424,4.212329751319495,24.19383956102196
5741.125,0.15343559091262046,4.212749881708771,24.196997531034146
5744.031,0.14877897677832924,4.212449703252029,24.184903565436038
5746.937,0.1500340558283838,4.212557359923646,24.190175877837387
5749.844,0.14844848165532964,4.212369282010542,24.19997289352967
5752.75,0.14633954482412959,4.212787133133851,24.206506953430612
5755.656,0.151412814405965,4.21242489254133,24.208742963834542
5758.578,0.14677375876502127,4.212571570422698,24.19549664463313
5761.484,0.14550385179745107,4.212738671691832,24.19659503272593
5764.406,0.14669399335892455,4.212577156623749,24.19494140344817
5767.312,0.14932510899865398,4.212849716208788,24.20223253937136
5770.219,0.14880524823551064,4.212712864915607,24.190531690042278
5773.125,0.14675174714130207,4.2125608392361915,24.19147697687772
5776.047,0.14216355662309907,4.213042381524308,24.186353388975032
5778.953,0.14631414752573452,4.212836782822489,24.191353480239975
5781.859,0.14642789427177436,4.212717790643717,24.189899123010406
5784.765,0.142192312016986,4.21310975763682,24.189324767837206
5787.672,0.14590656813035438,4.212857648126862,24.179295128400277
5790.594,0.14852443438808696,4.212766122006745,24.17420777372366
5793.5,0.147217674456915,4.213032263872436,24.181062803794333
5796.406,0.1491958348457693,4.212857673899492,24.17269164651922
5799.328,0.15104575907666337,4.212919736415257,24.185372873098803
5802.234,0.14663910415779507,4.212849951971264,24.186488330286835
5805.14,0.1466063323255943,4.21302719764011,24.191940481893404
5808.047,0.14811856163896892,4.212973227283506,24.183793080341644
5810.953,0.14386763957411655,4.213247340569802,24.18179615620264
5813.859,0.15198893597766228,4.213136265893039,24.176931206741237
5816.765,0.14521947529852067,4.213476168972153,24.17556737426344
5819.672,0.1440012965783516,4.213353707960202,24.174215607137608
5822.594,0.14882791968620798,4.21296226839668,24.163511896428204
5825.5,0.14619729570586645,4.213476333597694,24.162094310372566
5828.406,0.14468797484627044,4.21339062089162,24.1594898667583
5831.312,0.14265607330159177,4.21321045841897,24.157635549774866
5834.219,0.14393901195465203,4.213638261265603,24.160549630908488
5837.125,0.12869573415332233,4.211267094067168,24.15297857059048
5840.031,0.12161877645977373,4.211527397886226,24.152824588152644
5842.953,0.12404033890623253,4.211327460721031,24.15302960369937
5845.859,0.12444215021919475,4.211052872072018,24.153031264713913
5848.844,0.12387253629830175,4.211396603865811,24.151981568964977
5851.797,0.12959999952618864,4.210421533283924,24.155710741970406
5854.781,0.12750996920545948,4.211028298057506,24.150975045216878
5857.719,0.1204076057276186,4.211096062569019,24.14936210880016
5860.64,0.12594053224613147,4.211080705130714,24.151049281276613
5863.531,0.12056200509426264,4.2113164724076775,24.146774517468234
5866.5,0.1261991830458834,4.21105226839999,24.1537173777889
5869.406,0.12726466428309088,4.210818576049646,24.150056769976263
5872.312,0.13038405061439226,4.210988993342757,24.150137814225094
5875.219,0.12323903528442343,4.210686729888484,24.14774133335268
5878.125,0.1236019620301394,4.2108093787370375,24.144127042722015
5881.031,0.12676307716442634,4.210895634343326,24.139010111205184
5883.937,0.12501496702954826,4.21104303101326,24.142579065323947
5886.844,0.1255774701482554,4.210924719798674,24.14579699413586
5889.781,0.12701933598819623,4.210873095596547,24.14639953004351
5892.687,0.12466886787493997,4.211007223702496,24.14240128618863
5895.594,0.12468238871271198,4.211015291107406,24.137664886706986
5898.5,0.12631807204121118,4.21077916253838,24.142884280581278
5901.406,0.12573287510655037,4.210941898909587,24.145701146476334
5904.312,0.12657433720940972,4.210892569440353,24.137076934205833
5907.219,0.12383826529401885,4.211178296378529,24.140889133166727
5910.14,0.1233688706858281,4.210638086078431,24.136037096147046
5913.047,0.12459401345925093,4.21100769245208,24.146583868983253
5915.984,0.1291763927042693,4.211027167242078,24.14081430756177
5918.89,0.12413517417457404,4.210741885095384,24.1383830581268
5921.797,0.12739291690610524,4.210891945820272,24.134654238396372
5924.703,0.12354010549885405,4.211136931823486,24.133140691881398
5927.625,0.12340347025844291,4.2106735861775055,24.134955374905097
5930.531,0.12515904038116588,4.211039454781173,24.129283412491702
5933.437,0.12470665330092053,4.21106070562507,24.131738400451315
5936.344,0.12634261295212046,4.211104435662917,24.129243182496644
5939.265,0.1237977631634803,4.2109716059015465,24.1234083085208
5942.172,0.12461616293802258,4.211093636843939,24.1273981496497
5945.078,0.1262350509549218,4.211078617835742,24.11778450585224
5948.015,0.12684232659442052,4.210969021176497,24.113985523172087
5950.922,0.12848095196776252,4.211064678833901,24.11431083572953
5953.828,0.12486581951515917,4.211003064377002,24.112209237436232
5956.734,0.12427769655809559,4.210931100639828,24.104051870312926
5959.64,0.12194293653930072,4.210985213244354,24.10146410780207
5962.547,0.12680588899940032,4.211067870326591,24.103610816495504
5965.453,0.1231550904688825,4.2112150610333625,24.10719115401805
5968.359,0.12370809905388945,4.211277758740714,24.111717893878307
5971.265,0.12490883331176846,4.211069628204324,24.105140496258134
5974.187,0.12098902758407738,4.2111071214192854,24.104122584456398
5977.078,0.12235277577528904,4.211296529747637,24.102708156641498
5979.984,0.12430724954339935,4.211304487142619,24.10760507950239
5982.89,0.12215766373473805,4.211168013100834,24.0996629873484
5985.797,0.12161928235133458,4.2112009306054015,24.110120862837974
5988.719,0.12557775075944813,4.211020813514725,24.10361687188399
5991.609,0.12036523907449004,4.211338861924924,24.103079978694403
5994.515,0.12351337966524895,4.211342069898349,24.097716631681244
5997.422,0.1217108168988585,4.211377706419887,24.09896168955086
6000.344,0.12595796438424348,4.2113643131898915,24.092665569112988
6003.25,0.12610211757793585,4.211587016443258,24.102025794013173
6006.156,0.12335176396662216,4.211520252836906,24.091626589629957
6009.062,0.1257518110898419,4.210997789633556,24.093936937287914
6011.969,0.12702230764218403,4.211353569754101,24.094271741580915
6014.89,0.12414836574909446,4.211283708406874,24.082378704504244
6017.797,0.12531689718721292,4.211412172289478,24.090225903077133
6020.703,0.1260838291889704,4.211236308429182,24.0876239876646
6023.609,0.12328731939248881,4.211470837238513,24.08366468454362
6026.515,0.1211813368679648,4.211177687264121,24.09205692585481
6029.422,0.12382984551379089,4.211640836829099,24.08642201822759
6032.328,0.12496507330122691,4.211514974465436,24.089654571431108
6035.234,0.12469445549328902,4.211335872921322,24.087242479722846
6038.14,0.12233424546314885,4.211679846667927,24.084934095931334
6041.047,0.1228886183746081,4.21150752285361,24.08855850379191
6043.953,0.12487235421495459,4.211307006905123,24.082036660811465
6046.875,0.1222297659442223,4.211569443976863,24.078761655076384
6049.781,0.12080723700898266,4.211638007595225,24.08380264522375
6052.687,0.1218378129966727,4.211682063240907,24.081943707804996
6055.609,0.12082550798776383,4.211510758673034,24.082408304267297
6058.515,0.12393899023027853,4.211874867642674,24.07480511671029
6061.422,0.1243381265093089,4.211516896820697,24.081070771407155
6064.328,0.12268046364214534,4.211872085981416,24.074727529684267
6067.234,0.12383902019405113,4.2117195814622574,24.076938824562458
6070.156,0.12495496816031647,4.211827095566093,24.074473545990035
6073.047,0.12457785375002361,4.21188230910364,24.077305358823843
6075.969,0.12242864714475571,4.211757928063836,24.065367136480447
6078.875,0.12354385024180684,4.21206038768828,24.074909770381087
6081.781,0.12355898177935924,4.2117843360683755,24.063860158055956
6084.687,0.1239539217992872,4.211716425434648,24.069347533568216
6087.594,0.12086873411838867,4.21185232472157,24.07099857230748
6090.5,0.12309193256003505,4.212060888612563,24.06642452269954
6093.422,0.12220760338535405,4.211558238266915,24.069094431409958
6096.328,0.12403592370054789,4.211716918808705,24.064528481477698
6099.234,0.12450762360943839,4.211935812728281,24.063001247669632
6102.14,0.12288360401285935,4.211857995709139,24.065775702632767
6105.062,0.12166921754266762,4.212349065797424,24.060943247260077
6107.969,0.12147115583924568,4.212005075343961,24.05824272454096
6110.875,0.12532524193308422,4.212078184725651,24.053539673811294
6113.781,0.12465077423246461,4.212019025609154,24.059237118450802
6116.703,0.12144332666284584,4.212039440897292,24.052607144942314
6119.609,0.12179474056803571,4.212118949050957,24.056623954376054
6122.515,0.12208701456726774,4.212082674185964,24.05563717179287
6125.422,0.12206232577763297,4.21214055927701,24.056737566373634
6128.328,0.12380126773037708,4.212238481029472,24.060225319149925
6131.25,0.12263502643253939,4.212120917373592,24.054597412571148
6134.156,0.12245833021696373,4.2120107065860095,24.055344951234297
6137.062,0.12051313684716015,4.212490709627244,24.05344605477546
6139.969,0.12095279802740588,4.212309647724991,24.05288087102256
6142.89,0.12038508237184772,4.212197469725895,24.046865900965404
6145.797,0.12073109208326369,4.212297955099194,24.04047057534344
6148.703,0.11985751057728886,4.21233169209262,24.03882792791926
6151.625,0.12128225489267262,4.212454788332765,24.043317715676086
6154.531,0.11914512838978912,4.212419944394884,24.036436751920103
6157.437,0.12239215283490958,4.212313759084237,24.0409950832224
6160.344,0.12206645079135811,4.212486863760971,24.041220605791132
6163.265,0.12335540736149682,4.212401004291623,24.038748227097955
6166.172,0.12255207464911705,4.212619197712767,24.04017873177132
6169.078,0.12283176553845306,4.212347479808214,24.036733194911683
6171.984,0.12318744396215357,4.212276984627825,24.03657696500783
6174.906,0.12426095312932399,4.212446029157644,24.036610858763584
6177.812,0.12234426515491227,4.21246088367408,24.029363932666328
6180.719,0.12293967035865071,4.212490260436306,24.026922161500007
6183.625,0.120512837788584,4.212601386110587,24.02320996838972
6186.531,0.12200064738141701,4.212731157850853,24.0335255038929
6189.453,0.12153244336123067,4.212394537066657,24.032000554215966
6192.359,0.12426637460986319,4.212806845680655,24.025153688314056
6195.265,0.12013796142784135,4.212781699253354,24.027948749111207
6198.172,0.12235904970910932,4.2127660674305405,24.025118389368295
6201.078,0.1215642666748127,4.212825430315744,24.027942646447936
6203.984,0.1208971482417593,4.212832660009757,24.018897268360494
6206.922,0.11936324800179644,4.212830400015149,24.01231789673737
6209.828,0.12190308812639644,4.212665229235049,24.01924341554167
6212.75,0.12296218381708672,4.21295225118015,24.017972290571034
6215.656,0.12204054708759224,4.212999254027308,24.01177334407657
6218.562,0.12041595565784101,4.212772671406375,24.0106270834886
6221.469,0.12184809997502032,4.2129626215009575,24.021055560266007
6224.375,0.12137784900330477,4.212947830994202,24.015055765333194
6227.281,0.11936521575094196,4.212883252243462,24.009380834285384
6230.187,0.11919119711450242,4.2128072327189185,24.018388608744814
6233.109,0.12132003670653249,4.212892636591285,24.01368697141691
6236.015,0.12231017007560714,4.213010536639949,24.009474515910906
6238.953,0.11802827576070092,4.213058145612046,24.013363483415475
6241.859,0.12049031574117214,4.213044101648915,24.00810169883614
6244.765,0.11986405868099374,4.213048762111621,24.008846658916184
6247.672,0.1197305120778226,4.213082773797755,24.003099492740308
6250.578,0.12091856342931168,4.213277345174776,24.00656142031592
6253.484,0.12263072908035884,4.213190146449685,24.008001827571892
6256.406,0.1190903954950123,4.213300447608188,24.0095345120693
6259.312,0.12115797032569595,4.2132563424474805,23.99915131185315
6262.219,0.12140909700878799,4.213236493115412,24.008588001343636
6265.125,0.12051371112741176,4.213201807386647,24.00920655683387
6268.047,0.12244283559025651,4.21340017430574,24.0127279827473
6270.953,0.11932920754906011,4.2133106542257694,24.000057297945144
6273.859,0.11969894904302048,4.213345433226904,24.002273439555736
6276.765,0.1192465429112101,4.213293874828532,24.00979435640336
6279.672,0.11910246354576032,4.213398454919583,24.001895818703566
6282.562,0.11991130810769336,4.213281709915016,24.000079650358252
6285.484,0.1172433495019487,4.213524312974251,23.995251267021885
6288.375,0.1216106382270406,4.213411402181046,23.99226463810732
6291.281,0.12081838722510037,4.213437617694344,23.983918249653456
6294.219,0.1221150486704575,4.2133382276080775,23.9853341404151
6297.156,0.11958952547380426,4.213558791122007,23.982613390895818
6300.062,0.09703222403860975,4.211343157629697,23.9836417529719
6302.969,0.09700506271198087,4.211312097591898,23.980238772489685
6305.875,0.09732991132008618,4.2112675808235425,23.987164291586502
6308.781,0.0962324318007962,4.21086371035331,23.994502334845937
6311.687,0.09806809729823535,4.211128013312029,23.989210419623046
6314.609,0.09826967957417046,4.211115482658907,23.995813347113476
6317.515,0.09802912281062162,4.210954732761006,23.995763423474138
6320.422,0.09687611210657063,4.210981889450726,23.99174428307859
6323.328,0.09653774888129057,4.210796167224847,23.990106774395546
6326.234,0.09671398187499,4.210935995413292,23.984984756210853
6329.172,0.09622160313193769,4.210939200126606,23.986468036217815
6332.078,0.09524123807592277,4.2109912782973495,23.97289202521747
6334.984,0.0989445102870519,4.21094172175274,23.978784240997175
6337.89,0.09559015242662261,4.211054743666885,23.97379171947935
6340.797,0.09567162682795453,4.210778328326397,23.975098426928767
6343.703,0.09919691336008872,4.21071427803952,23.974309504555723
6346.609,0.09606596432765119,4.210807859819241,23.974371705892032
6349.515,0.09639039966591446,4.210600891691265,23.971080148752726
6352.422,0.09949605676670457,4.210981106896994,23.97679893034445
6355.328,0.09739169497095242,4.210802176775491,23.964344139003856
6358.25,0.09713005556878412,4.210824728450047,23.966962782775962
6361.156,0.09620598948161056,4.21075934511862,23.978077228177792
6364.062,0.09792243876579093,4.210707142362428,23.981866226299456
6366.969,0.09784426572923156,4.210855120599991,23.989788608141744
6369.875,0.09587945911863381,4.210711672108555,23.97800852811874
6372.781,0.09616182690082192,4.210857990158101,23.980146019014512
6375.687,0.09647725741530398,4.210573924829467,23.97761405325891
6378.594,0.09919817733210319,4.210570989533148,23.973446777981312
6381.5,0.09736951512770929,4.210805047519544,23.97538622767036
6384.406,0.09687563574095742,4.210766022417308,23.968319153768142
6387.312,0.10078206418224464,4.210781582876679,23.971949238071133
6390.219,0.0978813931126163,4.210659182432115,23.96397027421031
6393.14,0.09817858444436658,4.210865164517448,23.96764766346322
6396.062,0.09847912744260165,4.210744001860494,23.965498594186194
6398.969,0.09799089985577049,4.21095489845092,23.962142143914555
6401.875,0.09669510557548651,4.210805330932554,23.961731617417858
6404.781,0.09555520026218489,4.210997163430736,23.956501921078683
6407.687,0.09652272769558563,4.210976671979256,23.971736013725085
6410.594,0.09918042350037531,4.210728747332553,23.9674027063569
6413.5,0.0965524724545327,4.210983051766057,23.956049294598138
6416.406,0.09958897462776323,4.2109728559072614,23.966703469373467
6419.312,0.09658327258876591,4.2109383841004,23.961663476864818
6422.219,0.09609321783123084,4.210734920349911,23.957372251877445
6425.14,0.09653840510020871,4.210846706618097,23.951452198919423
6428.062,0.09877502999907317,4.210811526785953,23.94714342273318
6430.969,0.09711979590369435,4.211045460457006,23.941049934269685
6433.859,0.09675286233424651,4.211061853466553,23.9484166606407
6436.765,0.09423326395612112,4.211117325900143,23.954728053609568
6439.672,0.09562502062333396,4.210844062104898,23.9561461697377
6442.578,0.0962665733753685,4.210856914498857,23.955039795016596
6445.484,0.09761633036983272,4.210945384293821,23.958141761884004
6448.39,0.09643754106848773,4.210961609082303,23.954728614382088
6451.297,0.09938966967159645,4.210835807989676,23.955379802014832
6454.203,0.09629131163343739,4.211123778688148,23.957866062958416
6457.125,0.09580689410939491,4.210796408865076,23.957085493938607
6460.047,0.0972089813706446,4.211051222233878,23.954491513776563
6462.953,0.0964596805517874,4.211009628167433,23.951130307411564
6465.859,0.09853262420221226,4.210963593253391,23.937275213143526
6468.765,0.09712696985320572,4.210969091207578,23.938886678501497
6471.672,0.09487637802941483,4.211089091321536,23.940336146309132
6474.578,0.09539067731285111,4.210957564049162,23.942093468117843
6477.484,0.09860605173802124,4.2108124152587285,23.948699114777646
6480.39,0.09765245161121118,4.2111360634972135,23.94709443002755
6483.312,0.09738125114185171,4.211135376055686,23.946891736414596
6486.219,0.09793528178339914,4.2110337820928105,23.956896018864615
6489.125,0.09832709281759992,4.210968023424929,23.95352379810169
6492.047,0.09854545091320574,4.210926958179872,23.94554982329235
6494.953,0.09702644754661292,4.211206477789804,23.94391722962172
6497.844,0.09609267532958976,4.210981031582155,23.93972240526412
6500.75,0.09714761694119058,4.210984661282003,23.944296695286475
6503.672,0.09497944045956938,4.211116270606901,23.945863841588995
6506.578,0.09690383331369988,4.211115292031142,23.943927401103583
6509.484,0.09696629222229124,4.21120331612153,23.939669639545695
6512.39,0.09447604731045776,4.2111207731566696,23.945239932083435
6515.297,0.09724563629837499,4.211175849925693,23.93142565142912
6518.203,0.09649689950062258,4.211266345800588,23.931401112165506
6521.109,0.09862284497563671,4.2111762873156495,23.93534915688445
6524.015,0.09642067829134247,4.2112089375897535,23.93492356370901
6526.937,0.09608111717546007,4.211158606924935,23.936617586307204
6529.844,0.09713594798089917,4.2112871924013,23.939866957638504
6532.75,0.09489143895510145,4.211370531039009,23.939668595409398
6535.656,0.09746559276406021,4.2114989429984595,23.94677017671066
6538.562,0.09512488144511316,4.210982383598373,23.94711675324919
6541.469,0.0965530993348198,4.211387365415492,23.94831826542842
6544.375,0.09562080516600026,4.211401328596874,23.945291069329958
6547.281,0.0998219462693231,4.211041745173755,23.934881969550798
6550.187,0.09459421004483289,4.211570434587634,23.93612806148385
6553.109,0.09688317463265475,4.21136594058141,23.932282017118943
6556.031,0.09677626296648668,4.21113514040378,23.93545342894501
6558.937,0.09660664272029179,4.2113573271087645,23.92741015658013
6561.844,0.09678006628183812,4.211282441933669,23.930863173595153
6564.75,0.0932955632226924,4.21138009054537,23.92788876277969
6567.656,0.09452270593721138,4.211545529865187,23.932942267640268
6570.562,0.09627735895371047,4.211305928861054,23.933288782659336
6573.469,0.09826816976334057,4.211385218943404,23.930848670290846
6576.375,0.09558899749773449,4.211529742995021,23.924858737864913
6579.281,0.09493550424354007,4.211421378896511,23.920102235071237
6582.187,0.09476663966945938,4.211555460559056,23.919310468041058
6585.109,0.09689231287693913,4.211662890737333,23.921039074593413
6588.047,0.09609001369702136,4.211534380047399,23.923760468007494
6590.953,0.09374212239097104,4.211620624021703,23.914246714157425
6593.859,0.09598736292632593,4.211560481453925,23.91483221079954
6596.765,0.0948027261966738,4.211531144631467,23.911486558677904
6599.672,0.09614915671319153,4.2118075599997935,23.918237726277976
6602.578,0.09626095400661071,4.211435511860927,23.914508297932453
6605.484,0.09770596766684529,4.211546085119563,23.91479371599971
6608.406,0.09664865597329263,4.211568913054204,23.909296745863898
6611.312,0.0973347665692947,4.211678084793678,23.913481358589472
6614.219,0.09697714775358039,4.2114691059924665,23.918101583922844
6617.125,0.09504166787221169,4.2115983453942265,23.91219425110802
6620.062,0.09672803086367218,4.211469864171101,23.906873714674717
6622.969,0.09629930229440577,4.211701778329083,23.91395154189647
6625.875,0.09078003908830758,4.211619187641107,23.912624732199287
6628.781,0.09650055521268043,4.211626781299111,23.903060404837664
6631.687,0.0965348109116309,4.211824469589598,23.91242970233966
6634.594,0.09569210904280778,4.211815068962718,23.901695482849306
6637.5,0.09628293342290697,4.212000957221156,23.90027516348754
6640.406,0.09899044106506179,4.211615881670891,23.898606802931038
6643.328,0.09400458136024693,4.211916854979443,23.907653262276177
6646.234,0.09608374653579418,4.2118754842881305,23.90209451562917
6649.156,0.095910714225943,4.2118086121915095,23.90386482053749
6652.062,0.09732863352722572,4.21178857868172,23.905672303100566
6654.969,0.09604726018708998,4.211851826754282,23.89908613172131
6657.875,0.09219766008176201,4.211900533086421,23.901442875505186
6660.781,0.09404161881530189,4.211994304554676,23.906765647764114
6663.687,0.09588002102057322,4.211788177035759,23.908374794537735
6666.594,0.09650916287332066,4.212026317400461,23.902041692133345
6669.484,0.09406739312540725,4.21205151417572,23.89532150151519
6672.39,0.09333775140350786,4.211939223530016,23.901230260388257
6675.297,0.09447633727654248,4.212028175355071,23.89649882816115
6678.203,0.09482364484135782,4.212162395966875,23.891185229032637
6681.125,0.09498677350029487,4.21212497084544,23.88848935266046
6684.031,0.09493204169843811,4.212086180052388,23.888532809876413
6686.937,0.09511485791917859,4.212012240406537,23.8930251836591
6689.844,0.09502216307591527,4.212067412865284,23.8904440542423
6692.75,0.09279677493511373,4.212160331479225,23.89128276661072
6695.656,0.09383511968781319,4.212126789365273,23.88722621045406
6698.562,0.09446692660541754,4.212182526795077,23.887269085658755
6701.469,0.09499006917881585,4.21229254058439,23.89007573090774
6704.375,0.09709231041601678,4.212137342513313,23.88376404705775
6707.265,0.09388203968600475,4.21201499472302,23.87669823064439
6710.172,0.0954960388443757,4.2122146224592205,23.876782106102453
6713.078,0.09565907601797084,4.212228307189122,23.883480514171765
6716.0,0.09508662229451245,4.21206432896372,23.88014337586478
6718.906,0.0953264198190696,4.212310934671854,23.876694378761705
6721.812,0.09639057073722779,4.2121108683920525,23.876064679415155
6724.719,0.09608676970412416,4.212372167133471,23.877636546176912
6727.625,0.09348811227879637,4.212290291433137,23.887608152453094
6730.515,0.09269392871098434,4.212023587950393,23.8908247324655
6733.422,0.09451533595727625,4.212633203862462,23.887497834017292
6736.328,0.09071847501024391,4.212617348706335,23.884463068053563
6739.234,0.09677026335366733,4.212342835017177,23.881558606311465
6742.14,0.09943799799063659,4.212553476678196,23.880371336332736
6745.047,0.09449950377105151,4.2124010392388165,23.876024439172273
6747.969,0.09479337719735603,4.212423334209884,23.87292703118109
6750.859,0.08985449162023608,4.212179020755858,23.872048047785043
6753.765,0.09536476294983233,4.212335576342718,23.87779485540858
6756.672,0.10169254933808751,4.213131002886464,23.877304675976635
6759.578,0.09830101212990826,4.212427121275821,23.874110523754894
6762.484,0.09475237212838242,4.212604251563337,23.879822081359997
6765.39,0.09406322921328492,4.212498291972262,23.868865682784445
6768.297,0.0928791828852711,4.212640139680115,23.877150765856953
6771.203,0.09162446045210396,4.212294331983525,23.876102619812375
6774.109,0.09597117296067595,4.212402905537861,23.871088509460197
6777.0,0.09452599965923489,4.21248863865045,23.877397566163584
6779.922,0.09587968248188877,4.212533022983084,23.87136298982008
6782.828,0.0931866807814797,4.2123845754518365,23.870554351676585
6785.734,0.09141051341103294,4.212551705230564,23.878934373943874
6788.64,0.09525062627409253,4.212354629058239,23.877334053560357
6791.547,0.09026234470140901,4.212921960888326,23.870257748324722
6794.453,0.09313040842181816,4.212830955077866,23.866263876598733
6797.344,0.09401464366422695,4.212599341022513,23.861402788065153
6800.25,0.09609002512893575,4.212838309570074,23.864555988501674
6803.156,0.09005637670998687,4.212753967953744,23.864004074384685
6806.062,0.09278730294045935,4.2127869062064285,23.862531890842295
6808.969,0.09289545808782651,4.212868000460609,23.866680258001516
6811.89,0.0940894971657687,4.212617781085716,23.865929510935704
6814.797,0.09389488019573806,4.212811165312298,23.87175960178993
6817.687,0.09160434481720332,4.21250616920978,23.875883928789335
6820.594,0.09166675733971903,4.212987054674829,23.866690066115467
6823.5,0.08994986898194017,4.212949534485455,23.866572559416838
6826.406,0.09343844041957941,4.212907883506279,23.86551914906276
6829.312,0.09471685134110908,4.212864293169618,23.87470173367241
6832.219,0.09341084526693468,4.212824135242871,23.874362791329737
6835.125,0.09376326893182037,4.212988684032467,23.872857147592455
6838.031,0.0934420263713514,4.21298601163159,23.86996728775336
6840.922,0.09373182595917968,4.212941777405392,23.86709410009084
6843.844,0.09478331944522446,4.212765051797165,23.86780564725573
6846.75,0.09167761668057982,4.2128626007915315,23.86034389144413
6849.656,0.09191719985092467,4.212932319379958,23.85977603089279
6852.562,0.09266208475478568,4.212956865612482,23.857273649264595
6855.469,0.09218275281940053,4.21306295170395,23.86645092100921
6858.375,0.088924618738225,4.213025271722246,23.860905376152594
6861.265,0.09343192026902508,4.213227440552275,23.855987464155497
6864.172,0.09108877547224303,4.212907018866408,23.85347342204737
6867.078,0.09821979950992338,4.213197787462592,23.863434202184557
6869.984,0.09771793975131016,4.212975534475916,23.8544553563404
6872.89,0.0908873789824574,4.2130767757719925,23.85496283115426
6875.797,0.09205197873446808,4.213210599955179,23.85503210052089
6878.703,0.09342531718324423,4.212978997033272,23.859965187120867
6881.609,0.09224783896989151,4.212977521212672,23.853368758097517
6884.515,0.09086118224141504,4.212876238947731,23.850262726873446
6887.422,0.09107786325450294,4.213354208966338,23.846991463661706
6890.312,0.09162034630756014,4.212986173524061,23.84520540048248
6893.219,0.08988492948412245,4.213117903498834,23.852463587124383
6896.125,0.08916339341398062,4.213161810476981,23.842319701278328
6899.031,0.0927293419869736,4.213243460641035,23.85089400235308
6901.937,0.09077690673578301,4.213539098006382,23.86342336168617
6904.844,0.09024907656605703,4.21327655832596,23.85703701227475
6907.765,0.09155767265902352,4.213269176111136,23.85324418339704
6910.672,0.0919942070135059,4.2131535219333776,23.856287789584535
6913.578,0.09235477801694401,4.2131241155777905,23.848889499040556
6916.484,0.0903484979239643,4.213533855022897,23.855007426035677
6919.39,0.09530962028087407,4.213151073537427,23.843540888959396
6922.297,0.09040408280985925,4.213398199856656,23.843580459133047
6925.203,0.08955550734016834,4.213557674848132,23.846773801991432
6928.109,0.09128708527741408,4.21338403383922,23.837723763523467
6931.015,0.09494336979023284,4.213587616480475,23.837736453547254
6933.922,0.09267020589514144,4.213603696853365,23.838096251202057
6936.828,0.09061723349703794,4.2136142524995766,23.832384569421258
6939.765,0.09314308746045609,4.213575533736471,23.83207468934197
6942.672,0.0898262691283712,4.213544016571134,23.83251693941947
6945.578,0.09264169240536163,4.213431384628328,23.839024540366648
6948.484,0.09188172825802844,4.2136622336572875,23.84522467951049
6951.39,0.09264405668258359,4.213649989012777,23.85272436836031
6954.297,0.09134773019665701,4.214051442240699,23.85328206580848
6957.203,0.09209568124041728,4.213621838668963,23.85281548622746
6960.109,0.08930668501869697,4.213655971272556,23.84227003984302
6963.015,0.09080505598371484,4.213765142099296,23.8409932566429
6965.922,0.09069797800536013,4.213957781998031,23.84354076520804
6968.828,0.09269727514618364,4.213750757974258,23.840241551083025
6971.765,0.09187827927199915,4.213832334637359,23.843355288667006
6974.672,0.09199310593396746,4.213805061757449,23.84738954138161
6977.578,0.09384273084653212,4.213644738305678,23.83341745838677
6980.484,0.09513321085277313,4.213950559837908,23.83214643171123
6983.39,0.0911788613870983,4.213708110104935,23.83346954857744
6986.297,0.0931687076668326,4.213754337924429,23.834385487898217
6989.203,0.09080992088315672,4.214057733197428,23.83070199732373
6992.109,0.08971762686058386,4.213768683932038,23.821445002654496
6995.015,0.09222831994253047,4.2137158848654925,23.818231438295374
6997.922,0.09253777232385618,4.214049340622624,23.82180026990766
7000.828,0.09401576374158423,4.21408933434849,23.82770988640651
7003.734,0.09310961147505024,4.21382875870049,23.823635473370693
7006.64,0.09134092687096919,4.213944236751495,23.827373986607824
7009.547,0.09132698209773668,4.2140317598420065,23.82648406154917
7012.453,0.08937581822476273,4.213996747641165,23.826664072443794
7015.359,0.09058166923476318,4.214150064727693,23.82829835092219
7018.297,0.08998726534260208,4.213942045257199,23.827847080130866
7021.203,0.09041049749458616,4.2141968927735025,23.830204466190146
7024.109,0.09178022078359784,4.2139563365371595,23.825596393158527
7027.015,0.09132688839490213,4.21422750534404,23.828522585743542
7029.922,0.092198686815922,4.213802880330011,23.82286743469656
7032.828,0.09134788900594869,4.214055270275887,23.82087256351717
7035.734,0.09018919453564497,4.214119195672113,23.813785599823927
7038.64,0.09295403166020269,4.214078210185403,23.813713957777956
7041.547,0.08865803383924377,4.21411559650596,23.81757414033449
7044.453,0.09172545914909626,4.214222765009274,23.81899856965716
7047.359,0.08807788441177304,4.213939531940123,23.82138125483188
7050.297,0.08809367088673072,4.214370060189358,23.819416900757606
7053.203,0.09151504570122167,4.214262482165851,23.823220503598847
7056.109,0.08793519191135098,4.214300100473611,23.825354831600965
7059.015,0.09277225425941417,4.214287794504839,23.824783409210454
7061.922,0.09085974967349035,4.214268033971642,23.82795008904841
7064.828,0.0873743233377702,4.214292650871383,23.823538098005105
7067.734,0.09169384492754283,4.21424126432165,23.82695188837957
7070.64,0.09127922326095149,4.214321587516784,23.817080439031557
7073.547,0.08774375874853527,4.214658147798891,23.821011688454494
7076.453,0.07271096085944075,4.212270667712325,23.819676231712453
7079.359,0.07066371035835844,4.212445743289626,23.811631314459998
7082.265,0.06808712445915516,4.2123129893493525,23.823265860173922
7085.187,0.06988727667432226,4.212089539342834,23.822830855260758
7088.109,0.06974337223096029,4.212085933386494,23.814474605761834
7091.015,0.07110284077347491,4.211945945120299,23.810095347260322
7093.922,0.07149893434475818,4.211965838258386,23.820181065974023
7096.828,0.06674517127264526,4.21199143100054,23.82198959629057
7099.734,0.07147842973202581,4.211902430950194,23.817031069574625
7102.64,0.06998527312057666,4.212049803242161,23.815265914981968
7105.547,0.07015511249463567,4.211978831064467,23.808955486582395
7108.453,0.0706853307428495,4.211982393467828,23.80982369290093
7111.359,0.06811893823846879,4.211798813799419,23.8038801412172
7114.265,0.06725091470711868,4.2114523704644276,23.806132939906924
7117.187,0.06878374013834053,4.212035047922685,23.804824804710773
7120.094,0.06756546165959262,4.211702729140507,23.80865313383391
7123.0,0.06867784714060565,4.211968331033173,23.803079856439062
7125.906,0.066756640858158,4.21196481573324,23.80919578396503
7128.812,0.06856670541865474,4.211765339852746,23.7985084051409
7131.719,0.07199594460364243,4.211714407519419,23.798190414585115
7134.625,0.06933545465072048,4.211912775539279,23.79845414107843
7137.531,0.07305845654603901,4.211831954084214,23.797988361947862
7140.437,0.07096865032792196,4.211945700331043,23.800022763760712
7143.344,0.07013877028198874,4.211780854178957,23.802906643073783
7146.25,0.07256507787110794,4.212215959328094,23.801791243713836
7149.172,0.06923802309912318,4.211899164464961,23.796804318094026
7152.078,0.0713950406794118,4.211857176178947,23.79934846500703
7154.984,0.0685143610986951,4.211876195621329,23.79983231241874
7157.89,0.07092895795411754,4.2116840533638245,23.793181784896447
7160.797,0.06941176427568102,4.211583437237606,23.792433755195606
7163.703,0.06985503648648227,4.211751333048718,23.790240354957294
7166.609,0.0702891183229137,4.211785872039769,23.786842245183426
7169.515,0.07098852627958686,4.211907270462686,23.792334276244812
7172.422,0.06881517811931852,4.211820594519869,23.790610572711973
7175.328,0.06974696185950398,4.211628027949148,23.799322604630415
7178.234,0.07111813565595941,4.211615144345208,23.799050182393465
7181.156,0.06987636732977835,4.211869948793352,23.79294584586421
7184.062,0.06709343232792647,4.211864668596539,23.793232468032137
7186.969,0.06686353672552073,4.211663600227261,23.7905806681076
7189.89,0.07092992802609122,4.211607884799517,23.790565841398774
7192.797,0.06848909035112741,4.211638887132644,23.788830292302503
7195.703,0.06739000752777444,4.211796864106689,23.79247310981817
7198.609,0.06938806194931481,4.211887548635437,23.785266723831796
7201.515,0.07172385421675072,4.211776664601716,23.77933414607567
7204.422,0.06987762597303408,4.211664528950546,23.77874965062605
7207.328,0.07028151968666316,4.211699320016238,23.783575835599354
7210.234,0.07035470533119158,4.21151329438604,23.78358918077483
7213.156,0.06826213320319262,4.211892247070503,23.778552519983
7216.062,0.07045806799363262,4.211962645760856,23.772604790945966
7218.969,0.06692636061231859,4.21179984487359,23.779698468533965
7221.875,0.06813096328784254,4.211787434649927,23.790936502726616
7224.797,0.06718566706973297,4.211714582677363,23.786730308927247
7227.703,0.06730967437314828,4.211686770005453,23.781438126730105
7230.609,0.06903059724266228,4.211766739384306,23.78640051961146
7233.515,0.07090180168835343,4.211657594945493,23.783380884683872
7236.422,0.06989994419720055,4.21193749175043,23.78979587926996
7239.328,0.06980764679426756,4.211934756935599,23.78045787033399
7242.234,0.07004544340170442,4.211716788398488,23.766864655509277
7245.156,0.0656819615078304,4.211966909233992,23.77419536079712
7248.062,0.06720128632930755,4.211896142497267,23.77330127017065
7250.969,0.06656135930657067,4.2118359544802875,23.765392760152693
7253.875,0.06918347823276438,4.211586742342767,23.76839527581689
7256.781,0.06715696543374741,4.211854196538624,23.770745653643388
7259.703,0.06743708656904199,4.211735254532217,23.7639977853783
7262.609,0.06918040642302613,4.211714108765135,23.77089925355249
7265.515,0.06925966515938961,4.211798346407976,23.764321109486573
7268.422,0.06433393393192169,4.212224246275863,23.771012543311343
7271.328,0.0697585002687145,4.21192609854041,23.771397424943437
7274.234,0.06717017844255943,4.21170992730646,23.76290202388628
7277.156,0.06669134081566323,4.211851762174754,23.758849535140055
7280.062,0.067622414022581,4.21204765805963,23.766347663096592
7282.969,0.06943402832197433,4.211656087151318,23.749274436855842
7285.875,0.0688114372389341,4.211922058282785,23.749965295520813
7288.781,0.06705435602303259,4.21212502661699,23.75820069450829
7291.703,0.06882223805959851,4.211636811606037,23.77235294960825
7294.594,0.06660448460937651,4.21206696200568,23.776377875086073
7297.5,0.06811508935900065,4.2119302303963,23.77310370901899
7300.422,0.06701149642193127,4.211816251842311,23.779214040378672
7303.328,0.0703622581601804,4.211861284760175,23.77235221551065
7306.234,0.06779213970143641,4.211936249138479,23.76896117211749
7309.172,0.07025410135402935,4.2119594554299535,23.765400606044807
7312.078,0.06717831216539209,4.211879692836148,23.766968538810367
7314.984,0.0712656537214093,4.2120808000849115,23.775981892130858
7317.89,0.0673932601917326,4.212155384837917,23.771994819784116
7320.797,0.07109335754400262,4.211835439344524,23.77242452783799
7323.719,0.0710049224534671,4.2122179936383555,23.764522914820883
7326.625,0.07122101973175296,4.21175262761404,23.764477960581715
7329.531,0.06881379233906917,4.211970502671767,23.764765165478934
7332.437,0.06914633685410707,4.212131423520734,23.764956602009995
7335.344,0.06461364533391072,4.212164851315382,23.76519567391617
7338.25,0.06774433396913582,4.2118270143349585,23.764268733852273
7341.187,0.06910329567457237,4.212057537867933,23.757442725736148
7344.078,0.06776696514940136,4.212122813340629,23.752611555431603
7346.984,0.06777297362961376,4.21225508937258,23.765858623877435
7349.89,0.06814116325674939,4.212109426446455,23.757313621267382
7352.797,0.06851125735101925,4.212099106014166,23.75891796122928
7355.703,0.0696882462931266,4.212347517896614,23.747813312065166
7358.609,0.06869633426988295,4.2121300986568,23.751374512804613
7361.515,0.06811664019304764,4.212162838101208,23.75639747749211
7364.422,0.06766444892620085,4.212028800684746,23.75102077250233
7367.328,0.06728095125660566,4.212076077239696,23.76358698756636
7370.234,0.0688215787606154,4.21217033145032,23.764288430098198
7373.14,0.06995030454650797,4.212082906727618,23.766718773700585
7376.062,0.06807852372090814,4.211930975513673,23.759574662349007
7378.953,0.06805812384530696,4.212061652119483,23.76635067494889
7381.859,0.06860019758794166,4.212003408553556,23.756442440584266
7384.781,0.06882850269401578,4.212235735358977,23.75584871217217
7387.687,0.0697950394801757,4.212113021708012,23.75957632666558
7390.594,0.06716653183743955,4.21208520361813,23.755104019312423
7393.515,0.06811148739101604,4.212102935374766,23.759125076803873
7396.422,0.06807628268508786,4.212076376342089,23.760286381258577
7399.328,0.07028298539219038,4.212079081435955,23.750005305942132
7402.234,0.07013232102699692,4.212179869804017,23.755438629033655
7405.14,0.07039990997203839,4.212093291498845,23.753360739431837
7408.047,0.06702778799443011,4.212295778553957,23.742516927290843
7410.953,0.06766528181666136,4.212378870715424,23.75209892923603
7413.875,0.07047900090989963,4.212205290438372,23.751939567092734
7416.781,0.06758108546150773,4.212170349032779,23.752227534908485
7419.687,0.069327816280174,4.212143048360854,23.7509560162339
7422.594,0.0687043470620895,4.212242314248421,23.75652107081622
7425.531,0.06676216095866928,4.212126363912624,23.752893987436398
7428.437,0.06988050071883402,4.2123452782834745,23.749447784983293
7431.344,0.06841451581851803,4.212276217927691,23.73762467795315
7434.234,0.06728340259013962,4.212514526998889,23.744334536819014
7437.14,0.06781757556589295,4.2126028952163495,23.742412133933986
7440.047,0.07090860570408099,4.212537241135332,23.74977557830553
7442.953,0.06657845777145756,4.212425226126169,23.751737768776035
7445.859,0.06593108729876894,4.212412995164883,23.747298287758504
7448.765,0.06938660967742669,4.212422177842646,23.75287240862371
7451.672,0.06795277370116916,4.212343134231222,23.750642938629113
7454.578,0.06713971486531192,4.2123210401237845,23.745146755568808
7457.515,0.06629460155361731,4.212485876297015,23.753630189989746
7460.422,0.07084281371438228,4.212655843798275,23.751867096732845
7463.328,0.07074969261625315,4.212450468550174,23.743688095889787
7466.219,0.06807342185113875,4.212418973783695,23.7354612133437
7469.125,0.06872367925023547,4.2123613642948845,23.738588209511878
7472.031,0.06385757287563457,4.212622829752537,23.74038318537177
7474.937,0.06657403375662807,4.212773596347399,23.739759666727565
7477.859,0.0673970564345872,4.212418798074381,23.74758179381853
7480.765,0.06939388229049118,4.2126680409409705,23.74411851437246
7483.672,0.06770057388037665,4.212172631935721,23.734897628015975
7486.578,0.06884730304629834,4.212141574183983,23.74047410290576
7489.484,0.06869556687316751,4.212463925009904,23.746683064451716
7492.39,0.06971217994160078,4.212529936579617,23.748482526254058
7495.297,0.06723474354908948,4.212437494941227,23.741329682185327
7498.203,0.07022819822031674,4.212715454012669,23.736399598074968
7501.109,0.06498341676639094,4.212681573323404,23.746706365812184
7504.015,0.06618155556451606,4.212524633817319,23.742898846299177
7506.922,0.06896429167112846,4.212582658946738,23.751400921477554
7509.828,0.06815721286053142,4.212767361122413,23.750167233563634
7512.734,0.06852538961176682,4.212494008829124,23.74458702982605
7515.625,0.06775583900212478,4.212464517753418,23.743721972069338
7518.531,0.06636614482456492,4.212631256209944,23.742146741566675
7521.437,0.06408760638623229,4.212704297439983,23.731079750444056
7524.359,0.06743558169985549,4.2125134117076275,23.734119546278073
7527.265,0.06753055988343973,4.212497950070956,23.727705132873524
7530.172,0.0686715358777478,4.212756798037115,23.722222984556673
7533.078,0.06851154263585185,4.2129085826432675,23.717195305096737
7535.969,0.0687213666913774,4.212534288585084,23.713964572510303
7538.875,0.06713097570518477,4.212661346337279,23.706514521893702
7541.781,0.06708127716322831,4.212801400929847,23.717461423522703
7544.687,0.06749172700301201,4.212737482873716,23.714736646478322
7547.594,0.06548414993368988,4.212767528969024,23.720096244895817
7550.5,0.06473781254495038,4.212650668215806,23.712057400822566
7553.406,0.06922416311488269,4.212867959248358,23.711683309826874
7556.312,0.0659055290500347,4.212934548840969,23.715593064147622
7559.219,0.06447366733580927,4.212716381992375,23.719037793293968
7562.125,0.0675390959724151,4.2128515371699295,23.708715050605036
7565.031,0.06912963397729126,4.2127952171515295,23.731056639643818
7567.937,0.06791723706324375,4.212844539830882,23.730405115094094
7570.844,0.06772075874820985,4.212802627929021,23.71872573157513
7573.75,0.06830345313020163,4.212779256403411,23.718097906163223
7576.64,0.06641299472437973,4.212716738323581,23.721759854689
7579.547,0.06743989603833953,4.212767967695911,23.72038708863097
7582.453,0.06624552621662037,4.212906221820046,23.716394768887596
7585.359,0.06777651336773091,4.213116725873429,23.71295486406765
7588.281,0.06601621692390507,4.21294397167017,23.709599509102397
7591.187,0.06856796840428553,4.213059260003769,23.714538183660213
7594.094,0.0668705608582812,4.2126955184274255,23.715243191904793
7597.0,0.06523936628692388,4.213101139261128,23.725309553416004
7599.89,0.06622292607251191,4.213154302453501,23.72286985164713
7602.797,0.06461925571952035,4.212927402766202,23.716140681131403
7605.703,0.06491994145651431,4.2129529669976336,23.71393703190798
7608.609,0.06402557251635317,4.212712061839601,23.712156708165438
7611.515,0.06694783551026465,4.212944594431777,23.717774031870533
7614.422,0.06757593045113157,4.2131307531024245,23.712522861300283
7617.328,0.06590576012649586,4.212956169501471,23.714361224335644
7620.234,0.06648106160152323,4.213159642885608,23.721193684059834
7623.14,0.0668732383236238,4.212987688202013,23.71595191394503
7626.047,0.06695247939844949,4.213033577414585,23.71709279646129
7628.953,0.06802250044642473,4.213108418335621,23.726532515197107
7631.859,0.06492694201226074,4.21286055262012,23.726097379328507
7634.765,0.06709459718620657,4.213124803935714,23.72402193434409
7637.672,0.06816328079631898,4.213151581207846,23.723651747689292
7640.578,0.06611294915878121,4.213399570368443,23.72171421281498
7643.484,0.06445747854527553,4.213101391816497,23.7093756397001
7646.375,0.06773753606745914,4.213274717775592,23.71338137060663
7649.281,0.06714447173851454,4.213126553622775,23.708880725359315
7652.203,0.06785040657895049,4.212957716536709,23.706593145028464
7655.109,0.06651283101881196,4.213045071412252,23.718199149454623
7658.015,0.06679644119326673,4.213174342743599,23.713429067884018
7660.922,0.06575077607505805,4.213027323459233,23.70873910305627
7663.828,0.06822080751350261,4.213242957467775,23.71789191004676
7666.734,0.0676043611332063,4.213152561550552,23.711621653786487
7669.64,0.06677030300905987,4.213240532185082,23.70702868652208
7672.547,0.06912804634045944,4.213084033767754,23.698510371486883
7675.453,0.06706360434062476,4.213275542148651,23.698905837366613
7678.359,0.06694375132543053,4.213159290804312,23.701877166890196
7681.265,0.0653285587003868,4.213317068722567,23.69679810810748
7684.187,0.06625413720405082,4.212971586588303,23.706015820088655
7687.078,0.06660141158353709,4.213079737729149,23.69855726698944
7689.984,0.06545937389414946,4.2133932197647415,23.70212668777958
7692.89,0.0644275469341431,4.213302032829332,23.69727740178358
7695.797,0.0635827641223338,4.213267418378559,23.704794217493948
7698.703,0.06700744194004055,4.213375477737838,23.701268708229144
7701.609,0.06575175915091751,4.213116006078473,23.699965827960018
7704.531,0.06700967073822779,4.2134170058848746,23.713300815278924
7707.437,0.06677760828346474,4.213593088846043,23.705480742747458
7710.344,0.06603586187509018,4.21314023891937,23.70780028863596
7713.25,0.06567188108382395,4.21335633950528,23.706564615107773
7716.172,0.06784779085115476,4.213300760877376,23.708840275685567
7719.078,0.06492003200529099,4.213651320008558,23.70685516859476
7721.984,0.06462717583729838,4.213462488284372,23.695282202233926
7724.89,0.06392290992245221,4.213615936808707,23.702539753088278
7727.797,0.06657653149875095,4.213387621968059,23.701251738640902
7730.703,0.06382961467464034,4.213386402782383,23.69536777909182
7733.609,0.06544145138923237,4.213282873256797,23.69350214796556
7736.515,0.06754128457683989,4.21370136197509,23.701883810180483
7739.422,0.06743716527065384,4.213619691163662,23.70565437689132
7742.328,0.06725002055842724,4.213401859234616,23.70064156358058
7745.234,0.06676933652575222,4.213609767638906,23.68809288510055
7748.172,0.06483792664781582,4.213628504996153,23.684690833736042
7751.078,0.06482593810352254,4.2138438790392785,23.681007467372186
7753.984,0.06691679790603353,4.213371622308036,23.688414098458647
7756.89,0.0651588827345852,4.213755791110744,23.695203033659826
7759.797,0.06499943924117248,4.213628598570272,23.69215411466993
7762.703,0.06421471287591309,4.213568440314956,23.69101116360907
7765.609,0.06496761132022208,4.213862766160753,23.68442356581713
7768.515,0.06459475115034524,4.214031705230302,23.68098125453911
7771.406,0.06476920224464017,4.213561685860071,23.681332637375657
7774.312,0.06981979751800872,4.2135526132675425,23.680671561240917
7777.219,0.06686904173320073,4.213782098362018,23.677806864584436
7780.14,0.06716178233691317,4.213592622760192,23.679278398075997
7783.047,0.06505361675836577,4.213496373092069,23.682454984653788
7785.953,0.06556441145286411,4.213443375166102,23.677230493369606
7788.859,0.06553985807780995,4.213818457240516,23.679433391249873
7791.765,0.06521322706687516,4.213863796215559,23.6794040298326
7794.672,0.06547783856640604,4.213957926303478,23.679180900231763
7797.578,0.06555493460622884,4.21358671797259,23.678180395436744
7800.484,0.06511619487420647,4.213651284231127,23.679833213676908
7803.39,0.06462157313017183,4.213761624926673,23.682635960742846
7806.297,0.06592101319973255,4.2138818806286,23.685253573708565
7809.203,0.06272788507440885,4.214149851675267,23.686668857577555
7812.109,0.06420475544020962,4.213657368893636,23.686265702577806
7815.031,0.06989603004025534,4.213714027321794,23.68161976120871
7817.937,0.06538393062072234,4.213675205342912,23.68810250077085
7820.844,0.060643650107243575,4.213796147600208,23.681311407127374
7823.75,0.06388560233976119,4.214195100222993,23.6825393006846
7826.656,0.0646079526329332,4.2138748047267445,23.686519680143178
7829.562,0.06386263376622184,4.214039915339121,23.690817141681254
7832.469,0.0636900329910575,4.213909977020886,23.6957330325783
7835.375,0.0641587323939059,4.2144734986137005,23.692429136730034
7838.281,0.06519096435577879,4.213940663269241,23.68641556370937
7841.187,0.06289557576060269,4.214081921052143,23.683959513500014
7844.094,0.06631214573070796,4.213905808055943,23.672987654255873
7847.015,0.06464844288831548,4.21389110120533,23.672507577100756
7849.922,0.06691263131113724,4.2142393648477485,23.680684155070736
7852.828,0.06192051789818884,4.213947565711294,23.67301706570219
7855.734,0.06694513762805965,4.214126009340324,23.681539107764024
7858.625,0.0596165414862989,4.21406238708895,23.6809324383308
7861.547,0.06492077645874322,4.214028342945537,23.673167858554425
7864.437,0.0638482503587477,4.21389671741504,23.687380658898658
7867.344,0.06393037170575638,4.214086094360119,23.688550050881677
7870.25,0.06784725167424133,4.214056055920416,23.689893757691554
7873.156,0.06299104172013793,4.214099260992447,23.6873473548282
7876.062,0.06683467705329696,4.213862212630765,23.684087482324543
7878.984,0.06573002363213362,4.213800908147543,23.68373188734219
7881.89,0.06468910598007037,4.214335878465266,23.676742871214916
7884.797,0.06111946840433278,4.214326232924945,23.685170569482622
7887.703,0.06591735649634199,4.214196472183551,23.693270111938645
7890.609,0.06254006646579932,4.21423748440402,23.68465487717245
7893.531,0.06425927585627837,4.214151012733116,23.682564051364196
7896.437,0.06391200684571273,4.213893717906458,23.677945773029766
7899.344,0.06409162023714837,4.214455061429038,23.68674169843471
7902.25,0.0638575568707812,4.214063482162824,23.68161893359112
7905.156,0.06489923717825281,4.214155822808232,23.68315281051818
7908.062,0.06568647008649188,4.2141662078858815,23.68054809091602
7910.969,0.0656378834230632,4.214021999330803,23.67610491585493
7913.859,0.06715224176916816,4.214338634989039,23.67979733229707
7916.765,0.06103446852931563,4.214220645539468,23.678589795537437
7919.672,0.06308232838360178,4.21437728436718,23.685069248901655
7922.578,0.06613496276482798,4.2143477220014045,23.687421876762805
7925.515,0.06509727901593342,4.214419481475585,23.68744542104259
7928.422,0.06411690492684716,4.214281797483524,23.685731531355575
7931.312,0.06429770311441944,4.214256277717714,23.68370262490231
7934.219,0.06305960180252,4.214341042364918,23.68461920242085
7937.125,0.059996333767833615,4.214304324980844,23.68369555239553
7940.031,0.06187922168539521,4.214296644375855,23.68401854252437
7942.937,0.06199551724727295,4.214399854072048,23.67751118658019
7945.844,0.06544827044798086,4.214525885723769,23.67845455564451
7948.75,0.06275213686295883,4.214437902743056,23.67381586022424
7951.64,0.06309730056943948,4.214384412728816,23.674566026388693
7954.547,0.06566086728940272,4.214615715477596,23.679920433976193
7957.453,0.04197199625477847,4.21238755510157,23.67197231879228
7960.375,0.038688983085374974,4.212252630636996,23.661743275360553
7963.265,0.044857512125454954,4.212208683622498,23.65471764570721
7966.172,0.04412407050772768,4.212185483402521,23.655759460715657
7969.078,0.04034946436471172,4.211847903360435,23.666411340915342
7971.984,0.04250279296737298,4.212154444999757,23.651441008987213
7974.89,0.04069478546743077,4.212058845147713,23.658127359653854
7977.797,0.04465247623139491,4.211922214630228,23.66620504206942
7980.703,0.04633688056202415,4.212197640930157,23.667386206749256
7983.594,0.042945099605436514,4.211914390803967,23.66521612160134
7986.5,0.04413090950897458,4.211677143227682,23.65657275804103
7989.406,0.04009461626317158,4.211698678141518,23.657942398353363
7992.328,0.04124255868781682,4.211741758673982,23.65558023277512
7995.234,0.03928109052614678,4.2115033873015095,23.655348857757808
7998.14,0.04400235830533103,4.21172719842971,23.648454157171777
8001.031,0.043762911816039904,4.211817141556725,23.65560674682874
8003.937,0.04302933143528504,4.21165594827145,23.656815651056807
8006.844,0.04396320622998525,4.211786256932403,23.65727670361804
8009.75,0.044285689647258,4.211626584485207,23.6582075408979
8012.656,0.04212780096657398,4.211562171974799,23.658286995020358
8015.562,0.04014613977936278,4.211578925922775,23.660151921814577
8018.469,0.04454950778927766,4.211662166516203,23.656633261448206
8021.375,0.04050712908931264,4.211726487128618,23.655675228044952
8024.281,0.04159745845990491,4.211633726134682,23.656191589759786
8027.187,0.04703150933251398,4.2115941930787475,23.655630346263017
8030.094,0.045855227906165405,4.211819499175172,23.65357091188388
8033.0,0.04448087882541452,4.211451472733434,23.653279133389493
8035.906,0.04485952641039644,4.211631505218778,23.639192256570322
8038.812,0.043851261930451746,4.211651053399727,23.649304395575992
8041.719,0.041304544244375185,4.2115906578819695,23.649341584082208
8044.609,0.04328792299519021,4.211759889180311,23.64579193559704
8047.515,0.046904935149451245,4.21181503017042,23.651634210192363
8050.422,0.043746413305648255,4.211762878970154,23.64996587830623
8053.328,0.04666354351460269,4.211614723707156,23.658402721271283
8056.25,0.04417224704525696,4.211762791493766,23.66045945435574
8059.156,0.04796423930517955,4.2114054096190365,23.654198212882815
8062.062,0.044002743278582127,4.21177350488958,23.652160261001676
8064.953,0.04162138177588721,4.2116503119065305,23.639709327331882
8067.859,0.04264363748351682,4.211447779362992,23.64452592040343
8070.765,0.04549850227205977,4.211558928136643,23.649609486605986
8073.672,0.042904591684953086,4.211501192985017,23.652115867026072
8076.578,0.044222236931897516,4.211815316643237,23.65234557383071
8079.484,0.04427438587210769,4.211680611729001,23.640468465776603
8082.39,0.0433506255322274,4.2114075396418515,23.64341852979704
8085.297,0.044705819213247434,4.211508067826555,23.641072256074274
8088.219,0.04460458400500714,4.211626258093945,23.64339492744836
8091.109,0.043413246246093926,4.2113282901809495,23.642335164730728
8094.015,0.04231702501641964,4.211515731710542,23.648302823487015
8096.922,0.04288824833306425,4.211298854585711,23.6475898383815
8099.828,0.04606476797211479,4.211214585142726,23.646961710693045
8102.734,0.044640185513773294,4.211553789650552,23.647233438399223
8105.64,0.04391614586162126,4.211349094719291,23.649294887162103
8108.547,0.04054502838704886,4.211292921965102,23.647743938135825
8111.453,0.04398809610669058,4.211658358052879,23.65139078676197
8114.359,0.043397820506844265,4.211531571270555,23.65270685516232
8117.25,0.04466755468309984,4.21141842560019,23.65088139388792
8120.172,0.043448582126760706,4.211566715484091,23.643947111064733
8123.078,0.04255281263217476,4.2116690410434225,23.644660430411932
8125.984,0.04369670226704292,4.211475869498317,23.647549327492253
8128.89,0.04408946050990272,4.211530667246969,23.644129711081646
8131.797,0.04579499590991483,4.211525944569702,23.653876557909317
8134.703,0.0410524242234121,4.211297869910869,23.657159700900646
8137.609,0.04559101197445411,4.211582810999514,23.651424735106737
8140.515,0.045632625478965454,4.211500219637679,23.653141916513157
8143.406,0.04219859549578498,4.211547165858402,23.65447092628242
8146.312,0.04635678287729812,4.211610684566312,23.652560910711316
8149.219,0.04397608311500891,4.211543820892573,23.654060999410248
8152.14,0.04146045427457927,4.211576486738011,23.65941789223764
8155.047,0.04444827428028881,4.211277811158058,23.655857182899393
8157.953,0.044712060694830184,4.211555332224826,23.655186219867552
8160.859,0.042409812377361765,4.21128615631596,23.64460880804216
8163.75,0.04605372360992741,4.2115180580591165,23.64592869376536
8166.656,0.04364185464088713,4.211526743764357,23.650087101964015
8169.562,0.045681893289928485,4.211509452696573,23.650027428379758
8172.469,0.04351677009512525,4.211201751376559,23.645991405987214
8175.375,0.044656768578627555,4.211349223705239,23.64464284346908
8178.281,0.04327351277469753,4.211668217002911,23.639342256416413
8181.187,0.044081359640914614,4.2116744503047,23.631228392721056
8184.109,0.043456646858191186,4.211234121481453,23.64223425640103
8187.031,0.04424588919566088,4.211632479719863,23.64749349451567
8189.922,0.04150184638341135,4.211440479398101,23.646274056980772
8192.844,0.047102738357759084,4.211411261536385,23.637011317350208
8195.75,0.04371236234181265,4.2116465683004245,23.636158448111075
8198.64,0.044180030438503944,4.211372290617981,23.643547364301096
8201.547,0.045190296904407325,4.211384384382381,23.636099178889598
8204.453,0.045241906119522515,4.211556670123168,23.63697980758014
8207.359,0.045127781417045064,4.211544198908753,23.63578961179122
8210.265,0.0416023184886412,4.211657534277037,23.63903489051093
8213.172,0.04179067749172326,4.211581579301257,23.64149167528878
8216.109,0.043077396585533355,4.211641792730181,23.634583910102382
8219.015,0.04238122035554234,4.211540875754373,23.632028125825443
8221.922,0.04440299767504412,4.211556487086593,23.639623396723792
8224.828,0.04460161588804977,4.211631359863484,23.634485844377608
8227.734,0.043359929562496236,4.211663533914875,23.636094920262494
8230.64,0.043933870897041906,4.211506727584233,23.630593763344873
8233.547,0.04501032165477287,4.211733616862581,23.633334617646224
8236.453,0.043323222456997164,4.211871952574121,23.633027122253008
8239.359,0.04206462579998263,4.211344575869239,23.636327029020215
8242.265,0.04446924677846802,4.211521774881219,23.641248208403443
8245.172,0.04136449838659044,4.2117472156533315,23.633059147767316
8248.078,0.0418185501804217,4.211317528325363,23.645048932953095
8250.984,0.04438712845573303,4.211622874690206,23.642720352010784
8253.89,0.044867737230865457,4.211500582135742,23.63731915897547
8256.812,0.04336877778665256,4.211741847489195,23.639756449895376
8259.719,0.043752986986946914,4.211860159211233,23.645879139691438
8262.625,0.04548930813795306,4.211574354730658,23.63421799204247
8265.531,0.04113822474229848,4.211304524416913,23.641344865901385
8268.437,0.041970734820098436,4.2114646387427825,23.631465349439484
8271.344,0.04335646027217935,4.211510328209204,23.63340100741929
8274.25,0.04360675592865905,4.211611691785995,23.638289425763933
8277.156,0.04386067157952983,4.211400390848278,23.636325258115825
8280.062,0.04164337232455115,4.211725892081706,23.640047017350494
8282.984,0.044647294685763596,4.211367783922638,23.642470995220357
8285.89,0.040657367902251454,4.211585498288242,23.63765316880912
8288.797,0.04526467120640266,4.211588184139947,23.631718381787557
8291.703,0.046760613906043504,4.211442606830607,23.640120633888213
8294.625,0.04477077997601787,4.211684619569971,23.640580609570378
8297.531,0.04333011661116675,4.2114098031811364,23.643002076987873
8300.437,0.0438649761554326,4.211663298223691,23.64027702546454
8303.344,0.04258235699843632,4.211668585501318,23.640320153880086
8306.25,0.04529097652777025,4.21167988117367,23.645115433539285
8309.156,0.04291093169866071,4.211488097705739,23.630846849062237
8312.062,0.045851271462972555,4.211940428320755,23.629918893896722
8314.969,0.040401474606772035,4.211809707339202,23.63367293231344
8317.875,0.04234558970116354,4.211464659724136,23.625165415649462
8320.781,0.043465404875660606,4.21157703322348,23.63007431735872
8323.687,0.0432635038736877,4.211526645462941,23.642246412212277
8326.609,0.044099255889187526,4.211525481620692,23.627775561163915
8329.515,0.0415431949501546,4.211318763232435,23.629447002705543
8332.422,0.044401591553801585,4.211868498676035,23.623096625493424
8335.328,0.04272649799701498,4.211503280585456,23.631824403972
8338.234,0.04474044265592096,4.21165961351525,23.634937471058247
8341.14,0.042748219427853326,4.211501803196653,23.625375436049904
8344.047,0.04374530049034283,4.211571408209084,23.630350526276608
8346.969,0.04358066037958326,4.211519886255541,23.626002269357222
8349.875,0.045259882821627934,4.211468848643977,23.62521960010912
8352.781,0.04397222257371796,4.211784793331845,23.622377650875656
8355.687,0.044882931316694,4.211410216682466,23.628164103609947
8358.594,0.04325182728753049,4.211468580403027,23.628967092448242
8361.5,0.04501085630002151,4.2119343516145875,23.63340298576047
8364.406,0.04427084082908649,4.211814966887929,23.634023900680745
8367.312,0.042944105443193846,4.21180936735393,23.630122322081533
8370.219,0.04625470053201513,4.211836375657435,23.63030594390946
8373.14,0.04555222716890142,4.211736122333246,23.61986561787503
8376.047,0.04071448006335107,4.211787922019739,23.626573288224904
8378.953,0.043697717024128245,4.211719702576006,23.619955389972507
8381.859,0.04042503917137206,4.211747640703119,23.621026275997618
8384.765,0.0438742636825185,4.211972805402176,23.62055966768685
8387.672,0.04106582288767042,4.211831261430795,23.619108144080876
8390.578,0.04331912999359586,4.211835423521538,23.62517969468553
8393.484,0.043481663404601176,4.211659730225255,23.625162472837374
8396.39,0.04484443588710389,4.2118120133258845,23.616276821690466
8399.312,0.04383599647067293,4.211706688134145,23.61741938260514
8402.219,0.04332213459478394,4.21194904439356,23.618670650115416
8405.125,0.04311605684067879,4.211715341974438,23.620479774872326
8408.031,0.0446893859930834,4.211527964213042,23.62516494821965
8410.953,0.04161573819105345,4.21191466367184,23.617100935023206
8413.859,0.04530973615825304,4.212037166567559,23.621960762095664
8416.765,0.041439731633617596,4.211959988730527,23.622122645765742
8419.672,0.04398295323767437,4.211871629932934,23.62989409555176
8422.578,0.043076406732403774,4.211825409348984,23.62292768959935
8425.484,0.046623141957542386,4.211975608055422,23.61627196950565
8428.39,0.04624566213309077,4.211845102213765,23.618478942054494
8431.297,0.04189763522574701,4.211536915880735,23.62147850014191
8434.203,0.043832597854600905,4.2119783055854185,23.613274981200814
8437.109,0.0461998407326729,4.211644047308919,23.60958542364229
8440.015,0.045260443215314056,4.211772841901842,23.60976315847093
8442.937,0.04301551539258472,4.211948832397624,23.60321420476257
8445.859,0.04182987099109573,4.2117318205060394,23.61799497985833
8448.765,0.045475262564986484,4.211929284543894,23.610637340663718
8451.672,0.044156484878163066,4.211675962554561,23.618940625881265
8454.578,0.04142443137963762,4.2119049258265715,23.615806119149383
8457.484,0.04124845939532041,4.211694906285169,23.620502003155856
8460.39,0.0456370213994535,4.211837737982239,23.615742389453892
8463.297,0.04558122807280201,4.211717220881768,23.61598536902659
8466.203,0.040656813733825695,4.211839732491951,23.615386153637758
8469.109,0.04061943050523623,4.212020507052564,23.622707549036516
8472.015,0.0422403042900141,4.212138775259055,23.623256811840534
8474.953,0.044819489717573956,4.212047772279655,23.615856526118133
8477.859,0.045136352128099355,4.211959700292954,23.612096455747277
8480.765,0.044994525858066056,4.2119586742861435,23.616642139553427
8483.672,0.04290113263266751,4.211893218033449,23.620774740557884
8486.578,0.042711424285867126,4.212033153247212,23.61755945228375
8489.484,0.040835067006505237,4.212061164930651,23.615219608122406
8492.39,0.04281048953292497,4.212085618106146,23.618833038027823
8495.297,0.043883853459604216,4.2121324664457545,23.632294820615275
8498.203,0.04289673041977135,4.211794642803927,23.618377403194152
8501.109,0.04185210720636572,4.211955766465451,23.62151945585339
8504.015,0.0421345522195283,4.21204957317997,23.622798789498127
8506.953,0.04182128672545261,4.212007957879327,23.623034542129908
8509.859,0.04403079856948512,4.2118590714550175,23.62548733554462
8512.765,0.04348171484466648,4.212019413448435,23.627132531387893
8515.672,0.04225072030204852,4.21214514913126,23.627661063432903
8518.578,0.0462410047628346,4.212108367272632,23.618672108112797
8521.484,0.04335637821359619,4.211711570294473,23.61087215390329
8524.39,0.043819886652898654,4.211889072203207,23.617711685634813
8527.297,0.03998014754810285,4.2120103646603955,23.619945167048638
8530.203,0.043746718417871824,4.2120013039757245,23.619672685180078
8533.109,0.04305826356170902,4.2120484066828485,23.615543480467625
8536.015,0.04477585409512201,4.211952008295251,23.611486385579738
8538.922,0.04224558958439045,4.211884768382035,23.6112400811908
8541.844,0.04233330311530342,4.211840493406143,23.61765993498293
8544.75,0.04365920437936678,4.211769723060305,23.611244326454223
8547.656,0.04518240113001345,4.212311167214963,23.603718004953294
8550.562,0.044429414686282094,4.211849378201835,23.605232091772553
8553.469,0.04525623413229107,4.211803986457669,23.61025594740879
8556.375,0.040145013453062046,4.2119536919683345,23.60736583705065
8559.281,0.04155797192072122,4.212053145857788,23.618540226062386
8562.187,0.042784799509389064,4.2122558170823945,23.612575571221846
8565.094,0.04355901325550132,4.21223431941196,23.60988228052941
8568.015,0.04242041203956325,4.212169995589706,23.60793346591044
8570.906,0.043915490851702425,4.211929428135322,23.60316503797957
8573.828,0.039605464373216076,4.212246419240039,23.604970413118526
8576.734,0.04175601802078968,4.212246397329436,23.60830973317782
8579.656,0.043206433597763674,4.212211495170974,23.60643843626174
8582.562,0.04201189676942351,4.212151282550281,23.6002041718513
8585.469,0.042799090430267334,4.2121390669672865,23.605564521892582
8588.375,0.04281827642358093,4.212339527296561,23.607905104917137
8591.281,0.04078114217439666,4.212492843157363,23.606685177850654
8594.187,0.04196693643607274,4.211942012088296,23.614270164413963
8597.109,0.04224255131709328,4.212007997014322,23.61458383720362
8600.015,0.04497654695262005,4.212227242388429,23.614162659103066
8602.906,0.044978631234853066,4.21195508206946,23.61303448547999
8605.828,0.04137108925143502,4.21205415394509,23.604505322202783
8608.734,0.04382693738176971,4.212172838571745,23.600703696475808
8611.64,0.042427804793751085,4.212276893662295,23.610466403338613
8614.547,0.043656352683456835,4.211836605591824,23.617144646364697
8617.453,0.041760662763303,4.212513021904687,23.611072927320745
8620.375,0.041800195273931764,4.212347485124124,23.611607177883325
8623.281,0.047035651012776986,4.212029516381021,23.6029865494429
8626.187,0.03995666387613317,4.212217856580338,23.610651874002265
8629.094,0.04432736822085825,4.212440631909202,23.608072700092432
8632.047,0.04315756452616513,4.212309790497916,23.608898538777254
8635.031,0.042517218651463316,4.212228231699695,23.60418380028331
8637.937,0.043976744787891216,4.212223014704679,23.6129940835398
8640.828,0.04397089540010144,4.212508764759388,23.604073359369526
8643.734,0.04006918523349375,4.212336291195758,23.60786638032731
8646.64,0.04222513812772229,4.212139457529595,23.60610386670772
8649.547,0.041556281533166185,4.2121720313744975,23.60352742158725
8652.453,0.04059273942243586,4.212031588703152,23.6032107642314
8655.359,0.03944408192682028,4.212382067513703,23.602975679666244
8658.265,0.04119870316026086,4.212245758473078,23.5988229314335
8661.172,0.04348490673686798,4.212127453337256,23.598927854477434
8664.094,0.04366555108274987,4.212296177475072,23.60416008611054
8667.0,0.04231781605723691,4.212320155832163,23.601552655617464
8669.906,0.043744713093799154,4.2120028221037895,23.59188209560255
8672.812,0.04296330413593303,4.212435130569435,23.601914004915425
8675.719,0.04229845285591741,4.212443929142958,23.60364555794108
8678.625,0.04210700682769001,4.212168491466726,23.595796870672036
8681.531,0.04414220564075994,4.212423423790467,23.589046463652704
8684.437,0.040157471385583815,4.212304272006473,23.596847374143724
8687.328,0.04243229209557566,4.21233915943573,23.596524645925715
8690.234,0.04082854725355916,4.21237024123353,23.598513272098817
8693.14,0.04316196717553771,4.21235360372848,23.60257741981487
8696.047,0.04413662026265057,4.212393920242728,23.598055945244063
8698.953,0.04245092957117558,4.2124254045585925,23.59439252120901
8701.875,0.03921084588191691,4.212211494705059,23.595899128051848
8704.781,0.04000755433999947,4.212454642672074,23.605615548698292
8707.672,0.04330497832767045,4.212370081444345,23.6029053097846
8710.578,0.04080413168325398,4.212305426200644,23.595379859013526
8713.484,0.04519851447482573,4.212213181662917,23.60343105880652
8716.39,0.04182563975081386,4.212270940145274,23.599311142006826
8719.297,0.04194998992250469,4.212148899435121,23.59398323952266
8722.203,0.04437451334092901,4.21212530657756,23.58723916311346
8725.109,0.045064138339803585,4.2120157019410245,23.590712170598277
8728.0,0.04049413383910499,4.212656675804496,23.589733200008776
8730.906,0.043462205079753784,4.212411434322604,23.591372045803805
8733.828,0.03912754344029731,4.212522610669137,23.586878231919663
8736.734,0.040289598526239576,4.2122509432697015,23.586273799483415
8739.64,0.040135558325462166,4.212462936591262,23.58363426493974
8742.547,0.04373646152032512,4.212493041266207,23.592649853525145
8745.453,0.044090710641263346,4.21225681564946,23.597981376355857
8748.344,0.04261606292736546,4.212491117659219,23.598924282828616
8751.25,0.03985438643236806,4.212621435204738,23.595116754390364
8754.156,0.04379132237957657,4.2127120111675085,23.59095845497179
8757.062,0.04031658892446196,4.212482485042425,23.59361386897417
8759.969,0.04320656134928561,4.212216974870649,23.59369255936644
8762.875,0.0409646930267123,4.212630099918349,23.603498294272992
8765.781,0.04420949479945538,4.212370208039534,23.597143676563135
8768.687,0.043585213117616796,4.2124314060559245,23.599883005520105
8771.594,0.04360103287511622,4.212536407468335,23.601835242803627
8774.5,0.04306355989205377,4.212277152282064,23.588741969535747
8777.406,0.04223750307223501,4.212425494816907,23.583362525260675
8780.312,0.04243090850921621,4.212527323928416,23.57971037258212
8783.219,0.040635349915060064,4.212831129739671,23.587492500133262
8786.109,0.03868206359030196,4.2127458443789285,23.58296082583966
8789.015,0.04297129277463085,4.212486119535488,23.582264140072507
8791.922,0.045142793237740196,4.212497368584705,23.583223664681295
8794.828,0.04524436480929829,4.2126830796383015,23.586592150153955
8797.75,0.042114227657070714,4.2125777667788835,23.58755745368134
8800.656,0.04165093859372381,4.2126326588275225,23.57812526477139
8803.547,0.044900204093662105,4.212563045636214,23.582579007213333
8806.453,0.03892054826013655,4.212923881433106,23.58046057905111
8809.359,0.04504150483853447,4.212475862678754,23.586859198825007
8812.265,0.04857299567911865,4.212234408699161,23.58828168214426
8815.172,0.04243013203121581,4.212583926772387,23.585603693240195
8818.078,0.04053068726383744,4.212927087302519,23.581548910627145
8820.984,0.04034808268580263,4.212601081146914,23.578808795229307
8823.875,0.041529466707654714,4.212498137330066,23.590472357315555
8826.781,0.041406804250398846,4.2126627561867025,23.589361516818894
8829.703,0.042166270855864996,4.212683137811643,23.5926655962423
8832.609,0.040606672358690164,4.21277195741178,23.586782879991652
8835.515,0.03971584919477005,4.212407286448997,23.586396604009245
8838.406,0.04216794896088878,4.212971344243837,23.580455950149087
8841.312,0.03848990670019851,4.212697510716356,23.582599245820468
8844.219,0.04310244204643177,4.212301035947168,23.584833472541174
8847.125,0.04093443755245913,4.212614641926832,23.587649700131262
8850.031,0.03928760053713244,4.212829824653711,23.583937889435997
8852.937,0.04044323327651953,4.213116144231761,23.588304873923494
8855.844,0.04044538122870737,4.212833292293071,23.586883987249255
8858.734,0.039386462207296385,4.212501204503953,23.579820244508554
8861.656,0.04187444678064359,4.212810660350579,23.57432237359468
8864.562,0.03937050834308036,4.212556768972564,23.576759412528162
8867.469,0.041870552067131916,4.212837209451323,23.577123321510797
8870.375,0.0416924683082325,4.212708994793198,23.58127226321887
8873.281,0.04192229146178454,4.212783427029242,23.58010921925334
8876.187,0.039892231200748994,4.212856941213863,23.578646388173052
8879.078,0.03906373977100388,4.212877161156184,23.581408677616768
8881.984,0.0403642027768066,4.212619419125203,23.580258642535586
8884.89,0.04428866644164718,4.212752066923314,23.58401344756268
8887.797,0.04203441942544751,4.212923865813669,23.57789910145562
8890.703,0.037166942639228415,4.212858337587314,23.57611547618973
8893.625,0.042437069610335665,4.212717763420675,23.5779043338324
8896.531,0.04083565785676884,4.212613692443379,23.579915910223054
8899.437,0.04236694360390016,4.212696550035606,23.581319609059957
8902.344,0.04414423139493235,4.2125440658702695,23.570632414232808
8905.25,0.044273086785850305,4.212606786046969,23.579567531851367
8908.156,0.042874887147695974,4.212770804570645,23.58040102807605
8911.062,0.04581345135613603,4.212720134683264,23.579872822890838
8913.969,0.04264321845584191,4.2127349807003664,23.583997594807833
8916.859,0.03935974317144221,4.212553093288355,23.589332138682305
8919.765,0.042542007564284126,4.2129378247521645,23.583974500129855
8922.672,0.044296090233278046,4.21285552686852,23.58027028892678
8925.609,0.03407791561773144,4.213378903976048,23.5836715936012
8928.515,0.038999995157088053,4.212908514693651,23.57907011260494
8931.406,0.03839550622573706,4.213106962777472,23.5841328640335
8934.312,0.041325555966522716,4.212970179737015,23.580760441046106
8937.219,0.041763888853327436,4.212860570299639,23.579225436248134
8940.125,0.042742924182520334,4.213114108493715,23.582418482613736
8943.031,0.044816110980842136,4.212634264158496,23.575924788334383
8945.937,0.04263581630768542,4.212999925009383,23.576721753868345
8948.828,0.03909770532950859,4.213013709354524,23.575285523208652
8951.734,0.04112839644374583,4.213274083461538,23.575068134795345
8954.64,0.041098316454468084,4.213132998945127,23.57284692123508
8957.547,0.036714965402570084,4.21296906845613,23.572373214958244
8960.469,0.03783736706528068,4.2131525022066985,23.572590608299915
8963.359,0.04081603002067206,4.212681471705227,23.567427118325835
8966.265,0.039709296903029934,4.212972251140155,23.57262006344181
8969.172,0.04157185907532333,4.213080437305985,23.569230211541623
8972.078,0.04119244989655827,4.212749986187063,23.564603033836768
8974.984,0.041984915160903885,4.213215167514356,23.573979993066903
8977.89,0.04247302268595229,4.2130709223366996,23.58172382683675
8980.797,0.041158638545483524,4.213273128875289,23.58231637521156
8983.687,0.041753948336353076,4.213115128747972,23.58629884809396
8986.594,0.0393433527452446,4.21323399834029,23.575779488538195
8989.5,0.040659715222313805,4.213011398769861,23.568662017090887
8992.422,0.03821573543253531,4.213127236639061,23.576101474695317
8995.328,0.04141279205918531,4.213137357375347,23.573467311258998
8998.234,0.038511912064399474,4.213100648420822,23.575976988763074
9001.14,0.039632557556750866,4.213047477296231,23.58161586743476
9004.047,0.04007405041866021,4.212748876621898,23.586688222431853
9006.937,0.041119811439576416,4.2129165068462235,23.574341785368357
9009.844,0.040406466458038644,4.213106683626906,23.574311498476625
9012.75,0.04105349028631231,4.213041541657406,23.57893923917217
9015.656,0.04091466120660055,4.213406000603458,23.581799549916173
9018.562,0.04267163809787853,4.213110385336769,23.584851095047828
9021.469,0.043303417226317364,4.21307390887872,23.592215212636756
9024.375,0.04246339928870577,4.213098337939036,23.56766828457055
9027.281,0.0398997224595947,4.213022827803895,23.580541193385837
9030.187,0.04071774379669112,4.213070082898172,23.57528509527927
9033.094,0.040615404861973424,4.213198479389636,23.57363641372211
9036.0,0.03936458091016134,4.21312222692679,23.5780506147101
9038.906,0.03958268655725681,4.213386543381815,23.585700028341602
9041.812,0.04356676343631479,4.213050551806413,23.578864686671718
9044.703,0.038735971571671864,4.213488127922243,23.574631338201424
9047.609,0.04082261279731239,4.213212202497972,23.561250172965178
9050.515,0.038486695243460996,4.2127756832617065,23.570484205670272
9053.422,0.03976579583753768,4.2131137657532935,23.55709514548992
9056.344,0.04383682406323431,4.212931176644798,23.564823194243296
9059.25,0.04113399170546793,4.213137388376968,23.567994758558694
9062.156,0.038748381758251925,4.2133658489630195,23.569215806053208
9065.047,0.04067659062142839,4.213385554402245,23.561104828226785
9067.953,0.04008840866465987,4.21319067925629,23.563563293476633
9070.859,0.039555566653868654,4.213460377902237,23.56600016479056
9073.797,0.03905265049008318,4.213254332658936,23.56196332160822
9076.765,0.04021318590609001,4.213532190374446,23.565073791771905
9079.719,0.04110018737364418,4.213505296909657,23.565945279008535
9082.656,0.04203812220036971,4.21338117384144,23.568920433035643
9085.562,0.04057378388809919,4.213387028433882,23.561806135823137
9088.469,0.040802569465155,4.213311142956486,23.568447221549402
9091.406,0.03821085800255614,4.213305629807317,23.567123359367443
9094.437,0.04083619413275412,4.213393048860934,23.567873039791127
9097.344,0.04326945700830826,4.213442212352742,23.57273222660085
9100.344,0.0400187670305854,4.2134190988592195,23.566739962781035
9103.312,0.04056342791434541,4.213487668676309,23.56455926540613
9106.25,0.03695577371161512,4.213438407087995,23.564000454741894
9109.281,0.04011954519350337,4.213317931959145,23.5662626940118
9112.281,0.041820780659281354,4.213195444574034,23.562484057290717
9115.281,0.03945389497271632,4.213529037466146,23.561235620130944
9118.328,0.03870560409857588,4.213425952273971,23.5669545504772
9121.234,0.04081407558805833,4.21350976174837,23.56990358866869
9124.187,0.03853359727858987,4.213311795557243,23.561587100846854
9127.25,0.04063804964352766,4.213410338410354,23.556779177658925
9130.265,0.03635492856159656,4.213507142319158,23.563813972540782
9133.265,0.037596636854766136,4.21342621946622,23.56924030139398
9136.234,0.040046404716581205,4.213271289197558,23.57086707121688
9139.265,0.040229766796095336,4.213456312527386,23.56922792987617
9142.234,0.0395411539229793,4.213569043607564,23.569533459143504
9145.219,0.04058541438682668,4.213348880076298,23.56886308394325
9148.14,0.03942822033637413,4.2136299269278155,23.577174618424614
9151.172,0.0411854114576589,4.213481289791276,23.571213590776207
9154.078,0.04275390967323124,4.213182684517852,23.57046816254032
9157.031,0.04207032082548126,4.213353153661718,23.571458902739092
9160.062,0.03841675588540997,4.213566808329679,23.57318513966017
9162.969,0.039938564123276364,4.213432939315335,23.57161319242214
9165.89,0.03890036664881844,4.213519157880945,23.57104067553773
9168.828,0.04081908792584861,4.213534048526682,23.563701973752124
9171.797,0.038206503891425964,4.213544178180315,23.566098309438004
9174.719,0.03925633573874402,4.2136263359518376,23.56932575827928
9177.64,0.03690946766058566,4.213680956399249,23.56321290966674
9180.547,0.038902901792924785,4.213527164530753,23.570404459951156
9183.469,0.042282216343084794,4.213520234473934,23.571151901244058
9186.39,0.040392305016694253,4.213446168402705,23.57528735321011
9189.297,0.04109072014361631,4.2137140728963525,23.576010999084154
9192.219,0.04013782690618494,4.213559662811914,23.568998353401966
9195.14,0.038432684686887895,4.213710708815373,23.563309803013013
9198.047,0.039698477199315775,4.213575075024603,23.55351683746294
9200.969,0.03953649667713605,4.213515042767049,23.55947213646525
9203.906,0.04001185998939611,4.213456484010743,23.560728623776253
9206.828,0.04022242041186343,4.213650140975567,23.550495655598272
9209.75,0.04208474359010316,4.213555839995251,23.562333309408633
9212.656,0.04166217102886527,4.213805995894601,23.559635790590015
9215.578,0.041092961786485464,4.213571079613198,23.556901622816472
9218.5,0.03893915400263387,4.213751112654978,23.555237994165005
9221.406,0.040883431423272006,4.213805474524021,23.56500689461041
9224.328,0.0376275138216084,4.213892948070681,23.557726569571244
9227.25,0.03710904431030594,4.213612750081253,23.565205227013678
9230.156,0.039702956907860035,4.213520113704605,23.55740594585168
9233.078,0.039895027497575404,4.213723338019605,23.560694830732597
9236.015,0.039472417687412095,4.213522163979713,23.553064702361983
9238.953,0.03983358530538594,4.213475110246932,23.552478657691037
9241.859,0.0378127482201559,4.213708329268731,23.55212670547041
9244.765,0.03937739405273706,4.2136418632729535,23.550486955157485
9247.672,0.038634379545511965,4.21362857843143,23.55783183840378
9250.578,0.04028143901721434,4.213570981547137,23.556272126936715
9253.469,0.03924936748775825,4.213896659257674,23.561264395159718
9256.375,0.03946409855346908,4.213785190101762,23.5504233817152
9259.297,0.03731088117342183,4.213835176220882,23.54941012803789
9262.203,0.03745884556420742,4.2137630360422,23.547919583909614
9265.109,0.03950273188287341,4.213397039570382,23.552840204212313
9268.015,0.04013246955211836,4.213757574439694,23.555913041390678
9270.922,0.0411497440881701,4.213831865648312,23.55254298669596
9273.828,0.04035937890649562,4.213715069597983,23.552432072907752
9276.734,0.038341743613970136,4.213861737505227,23.548453168320393
9279.64,0.03922197149964543,4.213486336939334,23.551749908947688
9282.547,0.0396845617057521,4.213647109030862,23.545591797959414
9285.453,0.03966866627331528,4.213779456399549,23.542403403424352
9288.359,0.041481479060997604,4.213937582353143,23.541524223823362
9291.25,0.03856668502468692,4.213783691455337,23.541593436006973
9294.156,0.03837467516704757,4.213551111317565,23.54178332576233
9297.062,0.04002075446699949,4.213844206799282,23.54480575141104
9300.0,0.03973527729170959,4.213690413435513,23.54946602213211
9302.89,0.03744981643990003,4.213743320526552,23.543858847878077
9305.797,0.03862214444861034,4.213894811574924,23.547812342139178
9308.703,0.03753328814745657,4.214020032072774,23.5384038063982
9311.609,0.03927494773968094,4.213781654241673,23.545768178361442
9314.515,0.039950474513269274,4.214070585010159,23.547766398423764
9317.422,0.03772593803449829,4.214085736891541,23.545042093561882
9320.312,0.03774991907558142,4.2139617861791345,23.54634725930654
9323.219,0.03825072369741065,4.214197439666823,23.53294123162049
9326.125,0.040526372990592474,4.213862876656079,23.539578641870563
9329.031,0.04022687204233253,4.213756532671647,23.53798193913571
9331.953,0.03942746100040301,4.21401160727757,23.54389839672249
9334.859,0.040190139794931766,4.213755539369836,23.537705623791716
9337.765,0.038679798091534254,4.214027121238154,23.53948828160934
9340.672,0.041332282340410025,4.213705003994092,23.53567275480576
9343.578,0.03740634239509393,4.213946683086095,23.540538798397144
9346.484,0.037415916410953064,4.213901140189713,23.53631684087863
9349.375,0.0386541961743177,4.214168979092633,23.5456038106212
9352.281,0.03697188063255541,4.214062232744085,23.530783378563104
9355.187,0.03922887487372918,4.213723875336978,23.5333414338197
9358.094,0.03846669200594518,4.21393333482642,23.542756787884205
9361.0,0.038098309052291224,4.213846003039265,23.547131798332565
9363.89,0.03847475213639284,4.2141756543387565,23.539587249435904
9366.812,0.03775081301522146,4.213977060877243,23.541023915097444
9369.719,0.03798625911890338,4.2139034324217,23.53842492235233
9372.625,0.038439573336253995,4.2139398981248455,23.543101267676786
9375.531,0.038203074920776195,4.213948806391319,23.54123136436301
9378.437,0.036887500181607774,4.214094706424117,23.53885824505447
9381.328,0.03961797894838492,4.214082339095227,23.533894771719197
9384.234,0.03697714084824496,4.214136997889457,23.535115211884527
9387.14,0.03791040011503593,4.213752129172727,23.5346417856545
9390.047,0.03800866384738178,4.213910866547467,23.529174564336117
9392.953,0.03852189773218141,4.2142120337732845,23.53539767868311
9395.859,0.038710778669029715,4.214047645361465,23.543722350054832
9398.765,0.03425710488060763,4.214217909539917,23.540960947926962
9401.672,0.04180864986342275,4.214302289372111,23.542859149036584
9404.578,0.04025938780154159,4.2139830980763735,23.542618824565075
9407.484,0.036041841389463404,4.214148383008816,23.53991937564586
9410.375,0.03894773220439063,4.214134368749899,23.547863646286107
9413.281,0.03757989938459651,4.21410853515641,23.5452546291347
9416.187,0.037187391244904805,4.214263095737693,23.539074955658315
9419.094,0.03814639075409304,4.214075365390033,23.52915212962346
9422.0,0.03665668985392181,4.21442530187831,23.538913408080358
9424.89,0.03955250517360295,4.214029993149888,23.530827098841986
9427.797,0.03798956833848449,4.214065066618668,23.52754023414188
9430.719,0.03981941913421058,4.214015162705495,23.534819415105506
9433.625,0.04005688439092448,4.214321620984753,23.538397104700227
9436.531,0.03829758599295432,4.214347433993612,23.540748742271276
9439.437,0.03914742272142999,4.214005435324972,23.53568894490505
9442.344,0.03915692571753645,4.2142627583132315,23.530904071210877
9445.234,0.0395597842248358,4.214219941340582,23.526699760871317
9448.14,0.03872526060956229,4.214212519671607,23.52624538642703
9451.047,0.03760631851548745,4.214419906410465,23.532921504141
9453.953,0.04092603473084757,4.214457244135217,23.536984391231506
9456.859,0.04220012772569633,4.214042175707628,23.54352683656681
9459.765,0.03723466189221372,4.214187184258364,23.541105777805264
9462.672,0.03810871855777642,4.214347258501625,23.547416853412194
9465.578,0.03974029558996537,4.214455221971729,23.537685346772783
9468.484,0.03770690855902149,4.2142692468368095,23.545703634951202
9471.39,0.03704063261597003,4.214421044553921,23.547271806169064
9474.297,0.03451389897953799,4.214327130062058,23.543797374419245
9477.203,0.03786781598300668,4.2145190351328035,23.549209022620808
9480.094,0.04025673147085295,4.214428710783344,23.547333868193764
9483.0,0.03848052853573471,4.214169497613146,23.552883954362873
9485.906,0.036845712319657595,4.214358910772134,23.549725954595402
9488.812,0.036951049301398864,4.214534951117109,23.551398528948912
9491.719,0.036076077691234,4.214250769068009,23.54323081948106
9494.64,0.03819927884431397,4.214322320586473,23.544345163499578
9497.531,0.03920235095557841,4.214204138040647,23.53983477463658
9500.437,0.0375973765022232,4.214482850762653,23.544360437741968
9503.344,0.036283910122277434,4.214219562317261,23.544888140231887
9506.25,0.038265901138051034,4.214476483396137,23.55350217995609
9509.156,0.037188799019681605,4.214383540482917,23.54655563813595
9512.062,0.037692145599586634,4.214469746464984,23.548715356424765
9514.969,0.038551117442303016,4.214505607408661,23.545265757532416
9517.859,0.03726010208200402,4.214471428655137,23.548836082510956
9520.765,0.039926794945907194,4.214562977015251,23.54988064981102
9523.672,0.015506687394566242,4.212524476945434,23.543321616248456
9526.515,-0.0031754681398183837,4.2081904464072615,23.536233341481996
9529.39,0.00025483815846316513,4.208781544507016,23.53689631341593
9532.281,-0.005490690770895326,4.20884914081139,23.536955507614085
9535.172,-0.0035726205079147097,4.209091058110268,23.54783702100516
9538.047,-0.004181068322024226,4.208999477810536,23.553057752030565
9540.922,-0.0010456843199316227,4.208966414001602,23.539246064184585
9543.812,-0.0024925229624983922,4.208836604009198,23.546220694593266
9546.687,-0.0016670349865210198,4.20896159057037,23.53860495695275
9549.562,-0.0033233245790485204,4.208897776632312,23.53633536788506
9552.453,-0.0007745530631451482,4.2089461238814385,23.533486294529357
9555.344,-0.0013639390643717495,4.2088638103432245,23.53576802141685
9558.234,-0.0028701344177648287,4.208636671135852,23.535862040699268
9561.109,-0.004196813087888539,4.208811145135384,23.531861867233292
9564.0,-0.0019086732262274416,4.2086662823843675,23.540173466965406
9566.844,-0.001776218441152578,4.208808176882031,23.543295517240246
9569.703,-0.0008485241522814076,4.208406156065968,23.53987890616114
9572.547,-0.0025223133521145584,4.208622263982365,23.538129414482793
9575.437,-0.0035970240560221803,4.2084289810141895,23.53459398313362
9578.328,-0.0014617189761530398,4.208364763496148,23.539303662505404
9581.203,-0.0034971412304786735,4.20832951436893,23.538510615872813
9584.094,-0.003846300953120091,4.20830670910519,23.543206421456016
9586.969,-0.0029788583314575632,4.208341290092849,23.535252140717976
9589.875,-0.004867486417917176,4.208467408481658,23.53749353641041
9592.765,-0.0038823032326203368,4.208166259260253,23.532575879803627
9595.64,-0.0012792420988045488,4.208378530681032,23.526559782169223
9598.515,-0.0008199016115833858,4.208077069030667,23.540500563812504
9601.39,-0.0013445678324031706,4.208267713699382,23.538756761342384
9604.281,-0.001601217309278028,4.207952042194472,23.54283676495872
9607.156,-0.0027948243108763845,4.208222713699566,23.54256991142474
9610.047,-0.0017679956776755648,4.207952362418421,23.53868884903203
9612.937,-0.0011818944105432847,4.207849336272743,23.545344507495344
9615.812,-0.0023001834230077633,4.2077952535048775,23.545397472930876
9618.703,-0.0010535332110566684,4.207804453412292,23.545548897199755
9621.578,-0.0027674064635425572,4.207760750933413,23.539294391964
9624.453,-0.0043790757414034895,4.2080986114151,23.534241852970162
9627.359,-0.0035300327800352805,4.208005826708866,23.54021243314296
9630.187,-0.002716884924162334,4.207643414078927,23.543756907746193
9633.047,-0.001296389965158042,4.207713509101697,23.531147133401458
9635.906,-0.00039391512037252927,4.207548217382635,23.53264541210493
9638.781,-0.0012936987933599865,4.207864664609891,23.5323986458258
9641.656,-0.0013643002688582832,4.207620530516976,23.534111489248545
9644.531,-0.0005311627105074574,4.207605650843936,23.535474709597526
9647.422,-0.0019242831018657666,4.207533707831171,23.52760419737008
9650.297,-0.002089018669270802,4.207693408118091,23.5294600750173
9653.187,-0.004631150476207176,4.207617762580232,23.525750863235302
9656.062,-0.004078886463131113,4.207314472851711,23.535280148161576
9658.953,-0.0032112207266289995,4.207419753758539,23.537748510555584
9661.797,-0.0009174872371399703,4.207370073674583,23.54087649429929
9664.656,-0.003997121579644124,4.2071916794970265,23.537277792140006
9667.5,-0.003262627661484885,4.207098293269635,23.53271081790062
9670.375,0.0008468064654511998,4.207465545816945,23.537916576069186
9673.25,-0.0018053255330432087,4.207037437376477,23.52784681765033
9676.14,-0.0015705305685246747,4.207156878851027,23.528433936926113
9679.015,-0.0022514437406020928,4.207140612917265,23.527789584426486
9681.906,-0.0049932319507799755,4.207123608471353,23.53152703213261
9684.781,-0.0036490665517206152,4.206990567269276,23.531835490503816
9687.656,-0.0024545555543340155,4.207074267621826,23.52686362959789
9690.562,-0.0016672770582198506,4.207305089003371,23.541958576333823
9693.406,-0.0020050582905631656,4.206961508096483,23.537950351184232
9696.265,-0.0007485781239138796,4.207096435014119,23.538428994971955
9699.109,-0.001858055558350894,4.207044464520771,23.535946709166446
9702.0,-0.0020852425131571858,4.207002470856017,23.54236974081229
9704.875,-0.00378111241287034,4.207090874576912,23.53808210377487
9707.75,-0.0022111493673561047,4.207109845949747,23.54004838211035
9710.625,-0.0029564089144121617,4.206914808884754,23.536671749520245
9713.515,-0.0028119089824603836,4.207192903267099,23.533027421249894
9716.406,-0.0036761082058928167,4.207205721232463,23.533038724920814
9719.281,-0.00435090207452068,4.20693073047534,23.53707104292332
9722.172,0.0002416513037714456,4.207025165226604,23.541660855785167
9725.062,-0.0017010457536519926,4.206920997129703,23.537343698272437
9727.906,-0.005617813356706158,4.206765106920063,23.54461545502805
9730.765,-0.0022297556044805003,4.206882419243821,23.538907000250553
9733.609,-0.0018815541165651622,4.206740549393225,23.541925064314718
9736.5,-0.0036055948623062773,4.206735109875808,23.533977739915347
9739.375,-0.003565089629014561,4.206599806779651,23.532586655537518
9742.265,-0.0010803805026197869,4.206928916614603,23.5421650184087
9745.14,-0.007167406505434567,4.206665869405132,23.54444017225834
9748.031,-0.0018761665352861735,4.2065731556208386,23.54094298624867
9750.937,-0.004310528533838913,4.206660389152775,23.525918013288127
9753.828,-0.001894976246205352,4.206657425660678,23.52998568077453
9756.703,-0.0025971469214425822,4.206731135453742,23.522854887938593
9759.594,-0.005336423830056269,4.206450309923473,23.522934486949502
9762.469,-0.0035272227013978938,4.206499813690881,23.5383314259724
9765.344,-0.002109391866156682,4.2063929929054,23.538500339052096
9768.234,0.0012354420481278724,4.206327050692301,23.53882167830684
9771.109,-0.003277521284087137,4.206495386230821,23.533493636698672
9774.0,-0.00275917624522476,4.20661743793921,23.531946330911424
9776.89,-0.0032182787541654395,4.206173356354077,23.53501205285035
9779.765,-0.005036956199036121,4.2066428700008,23.53583536679149
9782.64,-0.003019285359927919,4.206445436003451,23.53792023575395
9785.515,0.0001700936708094751,4.206080338076343,23.542186142207093
9788.422,-0.0001818837529866907,4.206633432295568,23.538225279740203
9791.265,-0.0016807350173131804,4.20652470652478,23.535045673319487
9794.125,-0.002603975177257824,4.206294671013767,23.525575420164387
9796.969,-0.002283658064812399,4.2065556050445805,23.53344916315376
9799.844,-0.003034081621030493,4.206169957843714,23.529152404711557
9802.734,-0.0025947648800561597,4.206343184931092,23.524555945205684
9805.609,-0.0038282437675269372,4.206087792159072,23.5217160160369
9808.5,-0.00223640712846246,4.206281422394445,23.51873286182231
9811.375,-0.004793926640672891,4.206296313217471,23.52790572240888
9814.265,-0.0011633650153618047,4.206561809866543,23.52398786745287
9817.14,-0.0004642492189892935,4.206330345149231,23.52615711532926
9820.047,-0.0032253754465741444,4.206378002977134,23.52150222793107
9822.875,-0.0048136112143901885,4.206253814092375,23.5206473012393
9825.734,-0.0033372854298357535,4.206332810316581,23.52505266390528
9828.594,-0.00551096136210699,4.206156109894805,23.52559401948602
9831.469,-0.0015922343624734867,4.206119904570151,23.528587155668422
9834.344,-0.0024920285000098706,4.205789146143629,23.52528791547502
9837.234,-0.0015642826600416775,4.206065012178946,23.53841154955095
9840.109,-0.006225646772602211,4.205922174094455,23.534249813940846
9842.984,-0.00564526203659992,4.205862679426795,23.53253458019465
9845.875,-0.00369484135524451,4.206077452718083,23.53801490927759
9848.75,0.0011241272463435017,4.206183590582653,23.541539156040052
9851.656,-0.0018785948724407552,4.206107471664519,23.535342252117868
9854.484,-0.0007420756226416852,4.205893459441742,23.535439484847057
9857.344,-0.0016020326462685226,4.205962857816128,23.537347975023216
9860.203,-0.006330692045720764,4.206191852071231,23.538558799959024
9863.078,-0.002191416251834463,4.206186478704603,23.53785453735744
9865.953,-0.003981683222616734,4.205731545907581,23.535004950884108
9868.844,-0.002143344410562978,4.205746864710973,23.53171372535879
9871.734,0.0017477287753927592,4.205719133691446,23.52957848446594
9874.609,-0.002217249933068872,4.20594248746816,23.528509731676134
9877.5,-0.0024428276228668114,4.205864604961821,23.530522032118117
9880.39,-0.0017269288855707222,4.2059779529961165,23.530405405277165
9883.265,-0.0026171125649740615,4.205988317583797,23.533819414356834
9886.172,-0.003118024564320397,4.2055581956733255,23.53748067626858
9889.0,-0.0022947638020351076,4.205933322076921,23.54277640179231
9891.859,-0.0008169592633589124,4.205965976496113,23.535997013603048
9894.703,-0.0027671056787361395,4.205657061345705,23.53681297628378
9897.594,-0.0021026999745551705,4.205743836118036,23.53973040801014
9900.469,-0.005404989864859757,4.205783579247141,23.53894023912331
9903.344,-0.007218706022504468,4.205867915013522,23.535198876866307
9906.234,-0.004186986488192069,4.205994566443903,23.546330672473562
9909.109,-0.007983981915441151,4.205670915293427,23.536638745332397
9912.015,-0.001986952096599906,4.2056842607665414,23.539888283312234
9914.906,-0.0031944423175900415,4.205685336277467,23.54125547415203
9917.781,0.00015914446747234827,4.205749763200452,23.531703877123036
9920.656,-0.0037742105188859278,4.2055508713975644,23.526315563693156
9923.531,-0.005114408787072691,4.20569817580961,23.516348751360038
9926.422,-0.0023676601320574467,4.205616457540207,23.529338665228266
9929.297,-0.0032833487692869394,4.205429055476763,23.525487112684562
9932.187,-0.0035300192156883883,4.2051522789291385,23.520757555780122
9935.062,0.001886042087204996,4.205433879133891,23.53302979262205
9937.953,-0.0002463283307238671,4.2051536820095015,23.5276435569911
9940.828,0.00034537759819236886,4.205130263028331,23.523499802645247
9943.719,-0.0022768044950490763,4.205792658415319,23.527267779065767
9946.594,-0.0023200929370358362,4.2056658985661475,23.53274288506631
9949.5,-0.001705491915057917,4.2054736748820885,23.533494601652922
9952.344,-0.002191426527013415,4.205155140113064,23.52522813548265
9955.187,-0.0023694657546766613,4.2054394639156465,23.52454955358755
9958.047,-0.0033563422882798726,4.205229416711665,23.527419079322748
9960.922,0.001385040261880827,4.205466461909741,23.530378560484007
9963.812,-0.00186447467720112,4.205448745922379,23.529055085436198
9966.687,-0.0020147271398822816,4.205430807643276,23.53195583838856
9969.562,-0.0015312663437825641,4.205374886738906,23.527988684145548
9972.437,-0.003979941555342098,4.205446247802337,23.522246791816674
9975.328,0.001027461969578626,4.20528409126259,23.52704335701008
9978.203,-0.002770649332004127,4.205359035371758,23.519589892879313
9981.109,-0.002294565531934325,4.2052484868086655,23.513964568024388
9983.953,-0.002202957250245432,4.2050519924471415,23.5144977199889
9986.781,-0.002550106348383897,4.205340144806693,23.515330435780854
9989.672,-0.003165229749204665,4.205384427001799,23.51192250867543
9992.547,-0.0006192874126504545,4.205432372201292,23.516626779916184
9995.437,-0.0017333486206078626,4.205085182899852,23.52306220987899
9998.328,-0.002936946697373834,4.205215659185275,23.521714151957724
10001.203,-0.004822896062321271,4.20499249495714,23.522890660621137
10004.094,-0.002902367520421934,4.205467174888383,23.526000477588152
10006.969,-0.002163123430046782,4.205257216845873,23.519953853190977
10009.844,-0.0040379297343206815,4.205238615663883,23.520160266519447
10012.75,-0.0001103690667699747,4.205359032882785,23.52045019710248
10015.594,-0.00043915072588422455,4.205157761578765,23.518227045995847
10018.453,-0.0006280223564123884,4.204726006911488,23.525407083317756
10021.297,-0.002998121492705584,4.2052782727523175,23.523685222027357
10024.187,-0.00041434873283925416,4.205088846605382,23.518640743197295
10027.062,-0.004748079235336686,4.205029686184851,23.516393839638308
10029.937,-0.0012564277912246315,4.204930351517643,23.520980783034084
10032.828,-0.00237712522340738,4.2048774640671285,23.526599561542884
10035.719,-0.004548790732169556,4.205105301705442,23.52834154749112
10038.594,-0.0049606652167375285,4.204705149123517,23.532106445137202
10041.484,-0.002485534012420559,4.205342717225606,23.529195476780792
10044.359,0.00046676711025564737,4.205122833922984,23.52288154645932
10047.265,0.002074689295115443,4.2052575972435795,23.53308703873599
10050.109,-0.0026405181945109582,4.2049259942349115,23.527222865811016
10052.969,-0.002210689559575421,4.20506553803198,23.530356256194587
10055.812,-0.003145979712241239,4.204766309016577,23.51448494545946
10058.703,-0.0005747364878534862,4.204889811330433,23.51873385286387
10061.578,-0.0017578037678477854,4.205041325911227,23.52262523827746
10064.469,-0.0008847515908054532,4.204698247956079,23.523571855140872
10067.359,-0.002588859482442682,4.205023684753881,23.52420068986215
10070.234,-0.0015999174822820825,4.204934928185342,23.519709663568868
10073.14,-0.00329697007048573,4.205000677502061,23.517215846881093
10076.031,-0.005376326537377372,4.204852787210806,23.517731866429493
10078.937,-0.0020863476629942473,4.204760313552789,23.526273161101408
10081.797,-0.002539906482508163,4.204866100970068,23.52589789997256
10084.515,0.00046587849251683344,4.205125442697238,23.526495707236744
10087.234,-0.000876359376434806,4.205199558512532,23.52088915968575
10089.953,-0.0029879412743164103,4.204864344191219,23.52252568783772
10092.687,-0.002911169745883072,4.2052647482003795,23.52211325728037
10095.406,0.0028791213983683597,4.205308683093619,23.52189281096669
10098.125,0.00012692515200157767,4.2043013138473615,23.525139094909452
10100.844,-0.004313931580678552,4.204799253397827,23.52773007832101
10103.578,-0.005547242058725016,4.204924824458456,23.52855724532493
10106.297,-0.0008988092814991235,4.2046910937131114,23.524959265043947
10109.031,-0.0015857892426905831,4.204728927952844,23.517160606091775
10111.75,-0.003628785403016559,4.204796577465369,23.520503895891377
10114.469,-0.006666362299912172,4.204808844638099,23.520244347279434
10117.187,-0.0038768850479235987,4.2048322036752,23.521291258130546
10119.922,-0.005671385735211681,4.204916125533513,23.5174212798751
10122.64,-0.004196742214944866,4.2049719049593755,23.52072891873333
10125.375,-0.003012430387985268,4.204689242890207,23.513640241776137
10128.094,0.0005767394528784133,4.2046758558031,23.508917263310554
10130.812,0.0014200988357301364,4.204823814089104,23.507699656092857
10133.531,-0.001717966372376121,4.204787132130289,23.497205649947066
10136.265,-0.0008037174262729257,4.204832488380606,23.507076065138367
10138.984,0.0009832455656956503,4.204863388142614,23.50921894720815
10141.703,-0.005703128033728748,4.204446295237591,23.509690148103985
10144.422,-0.00659646933346346,4.20490272650013,23.506190099797113
10147.156,0.0010755062797840808,4.204768634052062,23.51485198299897
10149.875,-0.00584646160214948,4.2048044903080335,23.510649108058256
10152.609,-0.0024797423767455424,4.204799134494389,23.51342455657281
10155.328,-0.0027681527638995893,4.20473730831453,23.51590776917616
10158.047,-0.005646104990700775,4.2045590893990035,23.519913267805986
10160.765,-0.003092602765774083,4.2047644586033925,23.52237221769
10163.5,0.001906300635486767,4.204525879991218,23.523840354196643
10166.219,-0.0043137041024079075,4.2043232551291325,23.517260564462514
10168.937,0.0002576350532910454,4.204475901868993,23.517481952118892
10171.656,0.0009465492887379976,4.204720311062497,23.519417745130948
10174.375,-0.0030543987284652727,4.20472259736625,23.521394021671092
10177.094,-0.0035326801788867048,4.204422555983961,23.52547261000796
10179.828,-0.004343592107913216,4.204610426363151,23.516840464895143
10182.547,-0.000979167206257109,4.204658936270227,23.507195729014764
10185.281,-0.0004920290128096787,4.2046980657396835,23.517841042143306
10188.0,-0.0035457521655605493,4.20433861918787,23.511858788563654
10190.719,-0.003848548962309504,4.204466283741198,23.51804873822759
10193.437,-0.0017970894177013314,4.204445722515731,23.508693346467062
10196.172,0.003395509069948373,4.204312224057974,23.507111321832525
10198.89,0.002024754158529983,4.204333310052912,23.509034902558046
10201.609,-0.006761069139947134,4.204374804857725,23.504910038615634
10204.328,-0.0037439265442993147,4.204511658862332,23.50664851594413
10207.062,-0.004689228977255047,4.20434474231371,23.50935198659133
10209.812,-0.003869234848983988,4.204458601267785,23.510095768734796
10212.531,0.0001328473162490511,4.204288141169797,23.511582630981355
10215.25,-0.000651534800618798,4.204316138070811,23.5089329008709
10217.984,-0.007300193442477106,4.204314277851306,23.507031415005095
10220.703,-0.004046146584123974,4.204668703232111,23.49844985021548
10223.437,-0.00547008583793516,4.204301313646527,23.50827018827043
10226.172,-0.0021469475126077455,4.204451661348419,23.51190959764203
10228.906,2.8796155795909983e-05,4.204302874987128,23.505263333993124
10231.625,-0.0011233151800028002,4.204532826677745,23.500406930523344
10234.344,-0.005757222546631687,4.204430160428509,23.500219162507353
10237.078,-0.0009842613242785727,4.204411794710787,23.505789712229696
10239.797,-0.002430993517780225,4.204404793825195,23.51406013457326
10242.531,0.0005735345955610625,4.204369797257998,23.49937946288582
10245.25,-0.0021345884846843566,4.2043684464014826,23.50240153115636
10247.969,0.0033098043069573636,4.2044604814346656,23.497793872001594
10250.703,-0.00026765613057894464,4.204134111606641,23.507415273978516
10253.422,-0.002439063064269744,4.204157105099451,23.506578640189943
10256.14,-0.0032839860357677885,4.204342171593391,23.514355315300705
10258.875,-9.18426362139769e-05,4.204320796952089,23.510604784905635
10261.594,-0.00012369704448120174,4.204312943440072,23.513991217445604
10264.312,-0.0032272440468422165,4.20448362672324,23.516396101044762
10267.047,-0.002383353059519057,4.204186761581603,23.516837140963446
10269.765,0.00022867792521344196,4.204342906634017,23.50403350624992
10272.484,-0.0025877228913021954,4.204196632736424,23.51656893202932
10275.219,-0.0005515216126125414,4.20414775402687,23.518796368071357
10277.937,-0.00038926701257033437,4.204160500531016,23.5132291625966
10280.656,0.0005967035641166646,4.204129097929692,23.519201007635797
10283.39,-0.001606715878569748,4.204232478944555,23.521487027500854
10286.109,-0.0013674702968906394,4.204299692705007,23.526019202348024
10288.828,-0.0034086438189345173,4.204373345073828,23.524770604292016
10291.562,-0.002234066437396403,4.203797646758681,23.51419483120709
10294.312,-0.0034592379904234793,4.2040702099085125,23.517325578117383
10297.031,-0.004063394320745996,4.204250889757397,23.520067029885528
10299.765,-0.0013224909209099938,4.204027166688307,23.523636585830907
10302.484,-0.002894767712529833,4.204323413174194,23.519514775116505
10305.203,-0.0030374640972354516,4.204210282304983,23.525644052483255
10307.937,-0.0035475962421687417,4.204204204350816,23.52416103505036
10310.656,0.0008243548287592059,4.203908277048188,23.52032941016778
10313.375,-0.00448145671789232,4.203869712712461,23.512937979169088
10316.109,-0.0017379753256184585,4.204212783328527,23.526511189727266
10318.828,-0.00035854111135893345,4.2039050782767395,23.513392544715888
10321.547,-0.003838346054407501,4.203995271701558,23.508463315969223
10324.281,-0.002958061943159039,4.204262349506042,23.510788662310976
10327.015,-0.0015388316987318485,4.204182114572325,23.505585622714012
10329.734,-0.005109550570986471,4.203930358513815,23.510455376136385
10332.453,-0.004702620545403682,4.203806057642618,23.514775457921584
10335.172,-0.001911246370909965,4.203956114153188,23.511156486477482
10337.937,-0.00186468041931298,4.20405252924978,23.50971298463044
10340.64,-0.00267306740143013,4.204103268144879,23.515844543457042
10343.375,-0.002844829517657902,4.203868059230313,23.516504896497423
10346.094,-0.004551697850459017,4.203659438641978,23.505917312155177
10348.812,-0.00342285266139448,4.2041449721837045,23.50172069951707
10351.531,-0.0018396863786246903,4.204048593734643,23.502429919653867
10354.297,0.0012876111916733004,4.203914321563064,23.5076016370651
10357.015,-0.007007225891383284,4.204081317588306,23.506947949816986
10359.734,-0.005325428729246182,4.20407364849804,23.50913497047722
10362.453,-0.0028470754676996916,4.203746726336634,23.51067233027061
10365.172,-0.0033966807008008817,4.204037586416812,23.509255070675415
10367.906,-0.0002235146127491908,4.203838012966388,23.517027591446205
10370.625,-8.419169805069772e-05,4.203733713106775,23.517801768996318
10373.344,-7.806342241055343e-06,4.2038236290664015,23.51782707364771
10376.078,-0.004022125359399071,4.203897230070004,23.513837425235444
10378.797,0.0008385139187302321,4.203716499865526,23.51180553544533
10381.515,0.0014073996972419683,4.203780037207431,23.514767590455595
10384.234,-0.0036965835482111304,4.203768744994765,23.51434053991671
10386.953,-0.003317083939307573,4.20369221895062,23.508613482910434
10389.672,-0.0034389805143106274,4.2037045628489595,23.505899384906087
10392.406,-0.004286813262464256,4.203742668387576,23.50290260405324
10395.125,-0.0037008874184551667,4.203932572076134,23.503456314333064
10397.844,-0.0028201972675692007,4.204028785742659,23.508232789071382
10400.562,-0.0037534843364269007,4.203720568228868,23.506241562589643
10403.297,-0.00727896984236603,4.203753914907545,23.51710966972809
10406.0,4.2993907135863e-05,4.203688644346304,23.51592510447896
10408.734,0.0013900278859865422,4.203529362111008,23.512631234689117
10411.453,0.0009782609145381465,4.203841430097021,23.509400184470124
10414.187,-0.0016093023779108987,4.203718663627533,23.51273999885877
10416.906,-0.0042455143205741,4.2037452012822305,23.511158955897372
10419.625,5.4717191192745065e-05,4.203598945908258,23.50929169477309
10422.344,-0.0031071976165921583,4.20377720971781,23.507771653527662
10425.062,-0.0012494381817446385,4.203654663244507,23.50807668130531
10427.781,-0.0031520262668609366,4.20376852285506,23.504139055551253
10430.515,-0.003378978750467566,4.2037916884177395,23.506923597239705
10433.234,-0.0032559294808789767,4.203684226988354,23.50786543566485
10435.969,-0.0029034914285606898,4.203631445283846,23.509092492799095
10438.687,-0.0036130326741374767,4.203635745305889,23.515961005048993
10441.406,-0.002379661319592711,4.2036430468466595,23.509530866963324
10444.125,-0.002581504058333543,4.203726640970592,23.503251153238548
10446.859,0.0014493714132473817,4.20347542098675,23.498400342853834
10449.578,-0.0033252336005208747,4.203775737781229,23.499995635644634
10452.312,-0.002440288685432151,4.203381878751292,23.50093572784865
10455.031,0.00031299164126967857,4.203371136278712,23.506918529914973
10457.75,-0.0016976632417530244,4.203316206713511,23.50059653318024
10460.469,0.0003414285850364527,4.2035273378279205,23.496213077971287
10463.203,-0.004184087698982355,4.203755616511421,23.500368885395602
10465.922,0.0006272898882074775,4.203703949723784,23.497935894074242
10468.64,0.001035002443067768,4.20355188312974,23.497369197709737
10471.359,-0.0015074271407797609,4.203433814059617,23.498993646622317
10474.094,0.00324005469618934,4.203366322995236,23.49998374133386
10476.812,-0.002824972168687132,4.203482571576479,23.497352278786728
10479.531,0.0011309903930595629,4.203553671575608,23.4941330826469
10482.281,-0.002032267851917465,4.203435236997159,23.497338398288925
10485.015,-0.0028832733499258253,4.203382367823335,23.493156030035944
10487.734,-0.0060729035721524376,4.203284593791706,23.49429050574055
10490.469,0.0009391280621778013,4.203305573141156,23.49524188608975
10493.187,-0.004451509274208228,4.203262958969273,23.492710521918927
10495.906,-0.003602802566072699,4.2034369228557775,23.498759337861983
10498.656,-0.003084955723316276,4.203424479600173,23.493997670091517
10501.375,-0.003043709724615889,4.203282642557225,23.50229615666597
10504.094,-0.0035652731301845366,4.203394220701129,23.50126412818231
10506.828,-0.000549184545616598,4.203391597564813,23.497318178634053
10509.547,-0.004379563970741028,4.203502716259692,23.49882842123259
10512.281,-0.0045017508197627756,4.203377470121402,23.495432594729074
10515.0,-0.005065365363560042,4.2034742751416445,23.49818944598041
10517.734,-0.0016414068227157401,4.203217674432489,23.495772078762954
10520.453,0.00045175212919269396,4.2034142336615945,23.500918704280192
10523.172,-0.001956799950118017,4.203515018532727,23.505201787270043
10525.89,-0.0010185717147322415,4.2032217907061575,23.5038373983576
10528.625,-0.0013896014579352096,4.203407122272408,23.509872717683702
10531.344,-0.0008890795086730916,4.203489428698159,23.512547645547315
10534.078,-0.0034827159870968525,4.203377065618431,23.50128304299204
10536.797,-0.0015970435788077463,4.203309799153156,23.504071129273438
10539.531,-0.0047482614379221605,4.203292822904838,23.5001380626123
10542.25,-0.004312209377620628,4.203297358599374,23.496604426289203
10544.969,-0.0024654110250674336,4.203296634380367,23.49483975127185
10547.703,-0.0028279099679616748,4.203258835115791,23.48811729994745
10550.422,-0.006162016700152215,4.20319946631271,23.479425929496
10553.14,-0.003046547941058259,4.203363771927241,23.483276246935997
10555.859,-0.0027072914882911004,4.203214459316472,23.492370737204823
10558.578,-0.001832700076054608,4.203089010086,23.497535558907796
10561.312,-0.0020781574722106063,4.203127068755782,23.49430472481521
10564.031,-0.003236761199339945,4.203326353163462,23.495045493982726
10566.765,-0.0011263010654113228,4.20313953900519,23.494951657549834
10569.484,-0.0011348525249774116,4.2033841882089185,23.492551027475212
10572.203,-0.0009829390316421528,4.2032015806748575,23.49958443287317
10574.922,-0.00036572269264163867,4.203120052664706,23.4940709076907
10577.64,-0.003952544709975227,4.203385587031628,23.50319012233236
10580.375,-0.004417710453828518,4.203051713948777,23.508008112318098
10583.094,-0.0019397762963518483,4.203612746854405,23.503493540994157
10585.812,-0.001423597293755333,4.203029940484574,23.492764946712864
10588.531,-0.0021997479488717686,4.203394937365343,23.495876559348503
10591.25,-0.0019525369906659568,4.203394612621665,23.498423543242392
10593.984,0.0006364767443219668,4.202969724371474,23.498629387282815
10596.703,-0.0018101769483243198,4.203066567952781,23.50312718287147
10599.437,-0.0037888441925494525,4.203144627831433,23.50756322628225
10602.156,-0.004640619506378032,4.203189087994624,23.502882287157504
10604.875,-0.0034036286188648553,4.202810022191285,23.510078062116673
10607.594,-0.001754136782856114,4.203125525213244,23.499340497001604
10610.359,-0.003894691213629026,4.202923653640731,23.495011716204164
10613.078,-0.0025311173657976763,4.2030559112915755,23.498061529868995
10615.797,-0.003087719616902535,4.203360988619786,23.49469810962413
10618.515,-0.0022652252475770067,4.202829964524732,23.48787802822744
10621.25,-0.0034189042394398477,4.203119117471817,23.486590404806996
10623.969,-0.0024723770581170064,4.2031456604349975,23.494340601358793
10626.719,-0.0021186220060097774,4.203063380595695,23.49816178896447
10629.437,-0.00394275280300384,4.203100782675395,23.500420647582818
10632.172,-0.0017162170316433582,4.203052763329669,23.491435843549574
10634.89,-0.0014929098328873192,4.203315877247282,23.500200223266045
10637.625,-0.002101472866324763,4.203053576894101,23.506545328953685
10640.344,-0.003639080122079294,4.203021314311692,23.502760163628547
10643.062,-0.0018855897976650122,4.203061512115606,23.503215136888343
10645.781,-0.0024324666592661806,4.202846959370457,23.504157690744506
10648.515,-0.0013084022627347467,4.2028836181700635,23.495960780791098
10651.234,-0.0013145275329603408,4.20274893451816,23.489969152235354
10653.953,-0.0039556182095836796,4.203090342826654,23.49079307985631
10656.672,-0.00433845140394356,4.202926009573849,23.500891901779486
10659.406,-0.003718628690250356,4.203002756984626,23.497138532100426
10662.125,-0.0023311753242461378,4.202839628093292,23.495774263635266
10664.844,-0.004070709283651279,4.202858244331018,23.49962102475982
10667.562,-0.0005895009444220502,4.202882019329277,23.501219983670552
10670.281,-0.0012543182623364723,4.202891539542646,23.500092947550446
10673.0,-0.004355620551461847,4.202978938307915,23.49619804589515
10675.734,-0.003629179170422905,4.202936724065687,23.493082395868495
10678.453,-0.0009976896672345807,4.20309535898338,23.4884434613715
10681.187,-0.0056867008234621885,4.202931305132697,23.48983731004004
10683.906,-0.0020728000459694852,4.2028193112712335,23.481807825970694
10686.625,0.0017168300398239615,4.203011731013214,23.49217615740339
10689.344,-0.0023253639962771038,4.202746817400712,23.498420590473916
10692.078,-0.003415844352955378,4.203071192923093,23.492025075368865
10694.797,-0.0020079196233442984,4.20293800173101,23.500448304373307
10697.515,-0.00277288438119522,4.202629679076042,23.49806218954551
10700.234,-0.003366949686723856,4.203099450452361,23.5037078345056
10702.969,-0.003667128270813218,4.203095905989414,23.501332590400168
10705.687,-0.001486821919757875,4.2027626704674805,23.49702301405049
10708.422,-0.000823983854138991,4.202743936580533,23.490989568813248
10711.14,-0.003978626083926094,4.202919934080708,23.489538817890327
10713.859,-0.0004766415793342788,4.2029763896670795,23.49751376313477
10716.578,0.0003560400974582005,4.202961138780912,23.498477479884766
10719.312,-0.003301840906459667,4.202750491683772,23.495504991305168
10722.031,-0.0019206786020480667,4.202716857790044,23.486165126574157
10724.75,-0.00035660677640453385,4.202762919706175,23.484194844507105
10727.469,-0.003214570974588362,4.2026601676554645,23.47985247446221
10730.203,-0.00045824131886851093,4.2028444405921075,23.490657917238572
10732.922,-0.002389001380041187,4.202881196211902,23.49278255364509
10735.656,-0.003291728991694462,4.202812266912159,23.498408904909223
10738.375,-0.0031946762108181984,4.202743996849149,23.501542628691528
10741.094,-0.004250134418206958,4.202892499686377,23.50779704406243
10743.812,-0.003949274996324709,4.202923471077039,23.509071876489752
10746.547,-0.0041091446719689366,4.203048110943389,23.505320933692126
10749.265,-0.001943316643067974,4.20260974732199,23.50269583144531
10752.0,0.00031917985121470804,4.202506641825114,23.50190608071142
10754.734,-0.0034038932078814385,4.202746357238189,23.50482984188642
10757.469,-0.00043801958252725787,4.202693328397213,23.502709232838637
10760.187,-0.002328968089533012,4.2026115300629305,23.502573354443278
10762.906,-0.002291324147724173,4.202548210041965,23.49691344049771
10765.64,-0.0006283031591156744,4.202618896637188,23.49635366073742
10768.359,-0.005658088211919443,4.202742831514523,23.50017407689948
10771.109,-0.002223296737352108,4.202704061880113,23.49914160469242
10773.844,-0.002692623476712245,4.2027242997991205,23.49410423283171
10776.562,-0.002801473283776632,4.202671050944783,23.506197730073165
10779.281,-0.002364768772759891,4.202701408619043,23.49741732259981
10782.0,-0.00034993504806895,4.202782590972506,23.49344742770631
10784.719,-0.0038094855592961004,4.202755869821331,23.502595016394437
10787.453,0.0002504796793454053,4.20278526194174,23.50049905331
10790.172,-0.005807475420289801,4.202572345713668,23.491629434224354
10792.89,3.7245528760549987e-05,4.202489461826971,23.495172901350198
10795.625,-0.002667806734771896,4.202647375806447,23.490353960348493
10798.344,-0.0005507875214649535,4.202588683797826,23.500290462054874
