time,current,voltage,temperature
0.0,-9.79330908142677e-05,3.6815325049586045,25.79184878569622
2.4849999999999994,-2.2553648076231005,3.4670152493463466,25.786509510246898
5.094,1.4916697659411118,3.8085921094180493,25.799381418765183
7.563,1.4884073245077305,3.8199983077759043,25.803150431199686
10.11,1.4892127081892186,3.827266562184478,25.805683387561217
12.641000000000002,1.4885618844099429,3.8329039318777114,25.80013105460656
15.157,1.4903885154744019,3.8370327967896904,25.792690911706714
17.688000000000002,1.4944908050442953,3.8407850950040627,25.780170171910015
20.204,1.4920057369184063,3.843667913520361,25.766891785757803
22.688000000000002,1.4906620838725637,3.846728306679628,25.75001073644401
25.157,1.4903072678864375,3.8492158162046946,25.742086897953783
27.625,1.4896824534625195,3.851542117376404,25.728529155612875
30.188000000000002,1.4942072259171961,3.8538791170137614,25.725184634253534
32.719,1.490060159677322,3.85584739697522,25.722683787873088
35.235,1.49202413898381,3.8579731345005683,25.715384477436576
37.75,1.4888856322541992,3.859782171994469,25.705724994942422
40.313,1.4887618922880343,3.861466554387592,25.701926694704937
42.829,1.4907875906410701,3.8630313708217185,25.695063778860334
45.36,1.4901961630190341,3.8649058036575274,25.68963929775844
47.875,1.493834592907467,3.866505896965669,25.68902628185596
50.407000000000004,1.4897894326406778,3.8674548303547653,25.684042702435185
52.922000000000004,1.489450416181158,3.869116190671637,25.689413557779144
55.454,1.4901625376884926,3.870852072397421,25.679511265912218
57.969,1.4905478919906543,3.871987602122615,25.674242317274434
60.438,1.4963031785778929,3.873159703277241,25.66865916682723
62.907,1.4891932411586832,3.8744827189744813,25.66770897060839
65.375,1.491622615699376,3.8757582827056347,25.658148285082966
67.844,1.4893490170634385,3.877746016120179,25.652415545551765
70.313,1.4912321116235203,3.878271628859185,25.64752485023774
72.844,1.4909630503295745,3.8797896227840742,25.649813708122394
75.36,1.4876546161189572,3.8810430115889405,25.64430726687975
77.891,1.4924611344392598,3.8821707103792753,25.632258433110024
80.407,1.493940762168814,3.883514649939901,25.63414154132076
82.922,1.4911562139796102,3.884525784034417,25.63345797137259
85.45400000000001,1.4915037196346037,3.8859718831126595,25.630259725050255
87.969,1.4910968408727927,3.887078208812339,25.62903078409122
90.5,1.489987227900745,3.8882314400333353,25.61354858861021
92.95400000000001,1.4901404829152212,3.88927858886851,25.60623833751592
95.422,1.4891094207865392,3.890531573538721,25.609580850183015
97.89099999999999,1.4920664282417408,3.8915673867135974,25.611730056204646
100.422,1.4921070273499975,3.892311939449159,25.610973431118122
102.938,1.4902727288860453,3.8936939069872216,25.607204611520352
105.45400000000001,1.4922682767994462,3.8947983426103687,25.605432068993743
107.985,1.4892776281393438,3.8958455489168893,25.604357591270293
110.53200000000001,1.4893935858139407,3.89689751556497,25.592524251367095
113.0,1.4918864219665235,3.8980121269101775,25.585595406956344
115.469,1.490648717243705,3.8989113122877495,25.588506043307532
117.938,1.4911723401745092,3.8999463751544137,25.58119541716254
120.454,1.488566643643135,3.9009204979654655,25.58205791204031
122.969,1.4909209003827868,3.901873599479507,25.572481395012375
125.5,1.489533784134581,3.903141588792148,25.577814138708206
128.016,1.491174601439799,3.9042447559591853,25.57123222769969
130.547,1.4895260817971765,3.9048433043665622,25.572005757668247
133.094,1.4917703332367462,3.906105337052377,25.567599292336418
135.563,1.490926827357902,3.9068838033812763,25.572234688302917
138.032,1.4897413677722384,3.907725847628587,25.573621305029757
140.5,1.490094594191031,3.908734746559975,25.57216941556352
142.985,1.4907785546767398,3.9097446021426445,25.57162405924433
145.5,1.4879919015741545,3.9105620825910408,25.56666375653661
148.032,1.4903477070404876,3.911692155202368,25.560367135775955
150.547,1.4924322473068314,3.9122269644783176,25.558735468618202
153.079,1.4890232122512173,3.9132592407657465,25.562533063158273
155.594,1.4915784877266585,3.9142872682090464,25.561065986611297
158.125,1.487482626157227,3.915070154511372,25.55949622719662
160.641,1.4896657934480624,3.915927284902434,25.55964143943556
163.125,1.4908761125006056,3.9167796737050717,25.558227013683624
165.579,1.4914790642533375,3.917548758501746,25.55586811402195
168.047,1.4929652672930291,3.9182251039647578,25.553656009701918
170.579,1.4924038473087504,3.919317401895668,25.552544253308195
173.094,1.4911562784543846,3.920405277985738,25.551615628802075
175.625,1.4890433863674235,3.920869698505595,25.551399345863093
178.141,1.4904045332715747,3.921718938111627,25.547838990446895
180.672,1.4918728716247196,3.9226140675445937,25.543456356310354
183.188,1.4935199737797846,3.9233620146708703,25.54400927343458
185.704,1.4893215434090208,3.92420697956564,25.547162587270215
188.235,1.4930723316357022,3.9248947599758033,25.546577138856428
190.75,1.492087738346285,3.925756561689548,25.548541720396624
193.282,1.4912591921256462,3.9263124873453408,25.55852901677857
195.766,1.4886082639357914,3.927277996034608,25.553921634579858
198.25,1.4916029230252827,3.928116602752993,25.5502398397952
200.719,1.4912895433593452,3.9290331663348765,25.54695793738053
203.188,1.4893402022839235,3.9293375668359847,25.55029848409924
205.672,1.4925435594050644,3.9301564303557264,25.54724820345243
208.188,1.491788430028098,3.931082873659869,25.54692194686677
210.704,1.4920478658117855,3.93164896549439,25.547980641794567
213.235,1.491534832930155,3.9324442004899107,25.547113123443854
215.75,1.4899443291146024,3.933083731543214,25.545688677702973
218.282,1.4936122029818697,3.9341135861745635,25.544710602557988
220.797,1.4897571423926135,3.9345901296766606,25.548127498296477
223.329,1.48821642466064,3.9351707413021524,25.54085654823604
225.844,1.4908450486406482,3.9359042100534176,25.546849758904028
228.375,1.4902820838145399,3.9367601464935715,25.54751421830778
230.891,1.4937350613160407,3.937268608395185,25.545827946942666
233.407,1.4898424405081634,3.9380274319383792,25.542546885344443
235.938,1.4908793461047642,3.9388464672862797,25.545717217832564
238.454,1.490795412363412,3.939481810156007,25.548425245805543
240.985,1.4920904816130243,3.940235090425031,25.545067923695292
243.5,1.4904252409720107,3.940464661950893,25.54031966611631
245.969,1.4903380682236154,3.941408468893134,25.549180295104875
248.438,1.490545244536572,3.941628497389401,25.55391251455306
250.907,1.491505545247445,3.9424869778265172,25.55230586903353
253.407,1.493264014963046,3.94324846851905,25.542025906887897
255.875,1.4895658612893274,3.94367170937241,25.54021136018202
258.329,1.4890444337414102,3.9444258068182143,25.542610598601765
260.797,1.4918778619836315,3.9449776114559536,25.541534187171596
263.329,1.4910584742597344,3.9456310023171763,25.542904246236905
265.844,1.4928161806938494,3.9460338054626884,25.55198286040676
268.375,1.492830113244893,3.9465660049427327,25.550768150453216
270.891,1.4925765223877752,3.9472223299609164,25.54950231730202
273.422,1.4896608200008825,3.9478466201383355,25.5438380139028
275.938,1.4898055866018598,3.948253334953512,25.54103191624945
278.469,1.491802499971942,3.9490127114046762,25.542591376108977
280.985,1.4917132389451702,3.9494189725849718,25.54478766867246
283.516,1.4909929042974068,3.9499761431915945,25.549843014565127
286.032,1.4936633206112877,3.950623480812363,25.553762388929854
288.547,1.489784997693212,3.9512602231081577,25.55161722465963
291.079,1.4919102679205263,3.951498290565045,25.546723919446425
293.594,1.4899530455997378,3.952092961287014,25.54876246766895
296.125,1.4900835915554105,3.952650924675404,25.54734375473384
298.641,1.4928651655521796,3.9532173064613207,25.55823791223916
301.157,1.4921544121422128,3.9537486906261456,25.558108560805536
303.688,1.492093979272488,3.9543038904703485,25.56293737348141
306.157,1.4924823049260052,3.9546287056462877,25.56176548115022
308.735,1.491558009961692,3.9551503927964213,25.55917244290807
311.266,1.4887882663150092,3.9555722096543424,25.56053972808002
313.782,1.493175465952634,3.956455291921031,25.558475251266934
316.313,1.489585927600643,3.9567942949559445,25.55591403303819
318.829,1.4922707415266212,3.957148484085345,25.55565734413833
321.36,1.493246601997717,3.957689761232006,25.547334593737325
323.875,1.490129005990085,3.9581155890018818,25.5461920620235
326.407,1.4929093754553153,3.958577527873111,25.544683601518592
328.922,1.4920960594291892,3.959149774710741,25.542014156574805
331.438,1.4925943165162807,3.9597682805970793,25.547226248690684
333.969,1.4913032380708473,3.960301385634202,25.552019763950213
336.485,1.4936450603623626,3.9608861170530005,25.54962037958111
339.016,1.4896394960290156,3.9612701587086363,25.551966100424917
341.532,1.4893398797954174,3.9614100781264434,25.553493034718695
344.063,1.4897836203266501,3.9620595220540156,25.56797058777043
346.579,1.4918058395901095,3.9624588496506266,25.569138292927786
349.094,1.490705495039794,3.962928347495445,25.57412865775676
351.625,1.4914521575407123,3.9631116757350764,25.57420918254439
354.141,1.493906686336399,3.9635122494724992,25.573973372399973
356.672,1.4912077669298296,3.9639603528672667,25.573080898778347
359.188,1.491730467496453,3.96473261876219,25.572899106797156
361.704,1.4897748957068515,3.964912620467899,25.57091649770219
364.188,1.4927020446444357,3.965687427590078,25.57085369675754
366.704,1.4920696620102007,3.965941731794157,25.579002454459754
369.25,1.4910904668491989,3.9660888142765702,25.57689191073085
371.782,1.4918136748616049,3.966653868671612,25.570245735000498
374.297,1.4901702684334643,3.967103274418163,25.575064954763498
376.829,1.4931050575846807,3.967455828496377,25.5808990927408
379.344,1.4915141083282741,3.9679893847766423,25.58919961048072
381.86,1.4921854541438901,3.968229332353094,25.587367577943294
384.391,1.4902231000438486,3.9686625414421877,25.58480564780251
386.907,1.4901474353212312,3.9693028572045335,25.58436609124735
389.438,1.4894991087239757,3.969442032065794,25.591120591309704
391.954,1.4931285482049,3.969858672219142,25.591482986707597
394.485,1.492248479177662,3.970282206920692,25.58419750559859
397.0,1.4922548035954337,3.970655640522041,25.58680482075492
399.532,1.4933223437535432,3.9709078695041686,25.59267822862546
401.985,1.4920991849623535,3.971604334959798,25.589484871466414
404.469,1.4902144417266308,3.9718600532116897,25.596318805530572
406.922,1.4933117586752853,3.9724429845228544,25.596911761757056
409.391,1.4951220043769828,3.972528836611526,25.60032003024113
411.875,1.4922912432858952,3.9731144393797195,25.598628790334473
414.407,1.4932119311060206,3.9733584943284868,25.605470298382762
416.922,1.4913913991382783,3.9737514636102182,25.604476328235556
419.454,1.4906466597490893,3.9740295705430513,25.605295930965863
421.969,1.4930080440779978,3.9742896867724276,25.60885333156253
424.485,1.4924572264968134,3.974915225741394,25.611916538188982
427.016,1.4896551782137895,3.9753985137639245,25.613976536121985
429.532,1.491089235384408,3.9755355609933596,25.614682967645585
432.079,1.4917047466282976,3.9759446905079456,25.618871936886638
434.61,1.4915498872952548,3.976284682998291,25.617767942349015
437.188,1.4925400195743475,3.9768315902758866,25.625846481200625
439.688,1.4914101003415419,3.9771365652586814,25.624822993535368
442.157,1.4926996992335586,3.9774212956496116,25.634142009828807
444.641,1.4932361031032078,3.977835029866569,25.63319500901691
447.11,1.4915410565391665,3.978318601002949,25.63077435362139
449.579,1.4926523927039597,3.978511354749819,25.62915458007969
452.11,1.4914167385405441,3.978603374653388,25.63036501476254
454.625,1.4899127544658906,3.9790589981207427,25.636761398370354
457.157,1.490219287899976,3.979509553414085,25.635385129333002
459.672,1.4901526689359512,3.979901296433946,25.641892018669683
462.204,1.4897368506600195,3.9801890910933433,25.63902188573617
464.719,1.4909386682608619,3.980331989069123,25.641263786025398
467.25,1.4896908756378335,3.9808252729204834,25.64973522971606
469.766,1.4909343480825523,3.981304530210573,25.647837126138114
472.282,1.4913318694769335,3.9814890847068822,25.643362384560763
474.813,1.4902177113591504,3.981871281912266,25.65291068413175
477.329,1.4922167438212748,3.982074108272596,25.65151997763013
479.86,1.4932739641198105,3.982778588533026,25.646834793365976
482.375,1.4907543706853223,3.98296894945807,25.649092690518305
484.907,1.490660101174718,3.9833391276647303,25.65030300226061
487.422,1.4920879797864428,3.983711244499016,25.64986350792907
489.954,1.4916397528241605,3.9840954832803304,25.651724733667482
492.469,1.4905286629861352,3.984174520579592,25.651593912072645
494.985,1.4947984858686203,3.984549160635836,25.664256069455313
497.516,1.4913952357060347,3.985000669432988,25.66457243518722
500.063,1.4892700279795639,3.9852736788050462,25.660184878527822
502.563,1.4929193190522079,3.9855634072389647,25.666584349511613
505.079,1.4933737182563853,3.985794315912631,25.674267955766176
507.579,1.4910902247345579,3.986210356630743,25.671570601448966
510.047,1.489682268970459,3.9866504289412825,25.672978995531906
512.516,1.4942193092593385,3.9866188891736023,25.67056154513837
515.0,1.4908730604834486,3.9872309306339964,25.674888589480886
517.516,1.491749237667805,3.9875009038927107,25.67150928211682
520.047,1.490832361513003,3.987907988877584,25.67585791490719
522.563,1.4917711055122505,3.987995113705715,25.68857696149818
525.094,1.4911970864409276,3.988661938598595,25.688265802205894
527.61,1.490276169024036,3.988933960093603,25.690707181709037
530.141,1.4914258733631578,3.9891993978213054,25.694807335858798
532.657,1.4932592888714444,3.98948356089174,25.698958038644882
535.125,1.4906549479224707,3.989989641199608,25.701171033484737
537.579,1.4911976442307426,3.9901562280756337,25.694705150850673
540.047,1.4942083659051069,3.9903530280527852,25.69883716296144
542.532,1.4906935426977428,3.990768842556254,25.694924757988208
545.0,1.4888457918411087,3.9911984437658896,25.70365026397947
547.485,1.4887616383761673,3.991329149370327,25.711563875331958
550.0,1.4899101366402712,3.991565101485907,25.716683448070988
552.516,1.4883035851622028,3.9916378935438406,25.717757841815384
555.047,1.4911433730187589,3.9924240167059395,25.71555647173543
557.563,1.4910664981996167,3.9927272687700035,25.719097303724855
560.094,1.4911989583206162,3.9928773670947373,25.71905859967358
562.61,1.49263180444697,3.9933621334832283,25.713116174988148
565.141,1.491151096415367,3.993665749136314,25.72384563210763
567.657,1.4931092672048252,3.9942945243189123,25.72458678862765
570.188,1.4908240132954005,3.9942524369047705,25.724146569123032
572.704,1.4935899886829265,3.9945601862079148,25.731831711622476
575.235,1.49065534487096,3.9949566193013624,25.733911464576774
577.75,1.491313734877294,3.995621472137278,25.734764149039542
580.266,1.4927345010655975,3.995656537740444,25.733475271569414
582.797,1.4939256578974522,3.995893466277783,25.741356525854727
585.313,1.4910594683859468,3.996228024777789,25.73528673018792
587.844,1.4911784920401394,3.9963982117031507,25.74367948710486
590.36,1.4923803528533082,3.9970004088620743,25.733813232641513
592.875,1.4905762281026886,3.997194081552993,25.739926816541217
595.407,1.4890520035917671,3.997605208022825,25.752891374567696
597.922,1.4915888951396334,3.9981662730800385,25.755258661676557
600.454,1.4901863228203955,3.9983221730652447,25.745349909168688
602.969,1.4920664700199358,3.998492702983812,25.751359221173498
605.5,1.4899359882117478,3.998956983191859,25.76458755927919
608.0,1.4921496220930996,3.9993487760801525,25.764626187576802
610.485,1.4926372737991738,3.9993846873188272,25.77330252453891
612.954,1.4918508806345503,3.9996914871822162,25.773751230585585
615.422,1.4879388583673205,4.000066479864856,25.776884808597362
617.954,1.4936450496216735,4.0004442687596145,25.778722842769028
620.469,1.494202388005967,4.000764709917217,25.77718504511811
623.0,1.4897200486581454,4.000985622349121,25.786969754765842
625.516,1.491619232419981,4.0013869941061975,25.783770109819354
628.047,1.489455457382974,4.001581834176425,25.78046124362332
630.563,1.4914553771580346,4.001900391030532,25.786865000996336
633.094,1.4929687898852504,4.002245251691865,25.79003540633545
635.61,1.4897393728347583,4.002479070986144,25.79772956126118
638.125,1.4902630830714143,4.002924899751499,25.79629567693977
640.657,1.489669215917717,4.003257755734639,25.798912499602633
643.172,1.4924946586387746,4.003464510812373,25.80565494813125
645.704,1.4896655655835964,4.003790864024936,25.801286459168416
648.25,1.4914714166597494,4.004312967594444,25.805652429252564
650.766,1.4883435688647142,4.004736093720556,25.80691629709553
653.297,1.4912235875835493,4.004960239004591,25.810641575465308
655.813,1.4956083199876815,4.005338461745994,25.813252448176673
658.344,1.489233747958901,4.00546934829524,25.81555250147423
660.86,1.489526727114961,4.00570656874205,25.819131862027554
663.391,1.491310973457187,4.006064194456825,25.817777772461433
665.907,1.4922956847359414,4.006426733397116,25.823067776093897
668.438,1.4941179086032985,4.006683983004487,25.82394130553503
670.954,1.493479159211136,4.0068900682877695,25.82894522201814
673.485,1.4906888784430052,4.007530951800923,25.82903917999557
676.0,1.488651369494802,4.007555890969325,25.849782802161513
678.532,1.4934016908078447,4.007867058435898,25.84514054241759
681.0,1.4899806885787368,4.008048029019018,25.839604325969244
683.485,1.4896809016902708,4.008450051175649,25.84933842671856
685.954,1.4906199081406128,4.0086696107958915,25.844027124054733
688.422,1.4913636589252537,4.009134771565589,25.841305609112666
690.891,1.4916840926143304,4.009609118826457,25.842598583865982
693.36,1.492342414901171,4.009746870756216,25.85141128435532
695.844,1.4891601210372205,4.010029627614115,25.847178743997002
698.36,1.4918904622524582,4.010329350079917,25.858572050834496
700.875,1.4887656374207328,4.010425653926984,25.864479267691507
703.407,1.4919380988716493,4.011053584992897,25.857927322275547
705.922,1.4936128901633556,4.011424938818304,25.854147788951312
708.454,1.4922757289298434,4.011830221608141,25.859182293883315
710.969,1.4918541858083092,4.012086557121224,25.854468852547548
713.5,1.4911166773953473,4.012272198452858,25.861448458118566
716.047,1.4919691186075914,4.012325754833317,25.866906468952806
718.579,1.4904182214667518,4.012740967392062,25.875030440288285
721.094,1.4910710111024814,4.013081657845207,25.873207781037248
723.625,1.4904052934018892,4.013260325055381,25.876582317541175
726.141,1.4891696370495509,4.01385585449042,25.88394813935949
728.657,1.4904344690549465,4.014118517248495,25.884070543039858
731.188,1.49052352335312,4.01430596562165,25.887603404964732
733.704,1.4922955945025902,4.014788201093575,25.885463868216746
736.235,1.4903467062615565,4.015110856698304,25.903821034403272
738.75,1.4907934946304604,4.015208582642366,25.905884302351016
741.266,1.4910195603779088,4.015562849770813,25.902727891972628
743.797,1.493849708316721,4.01588501222638,25.90760132717636
746.313,1.4942877706561135,4.016484204727525,25.906201048216758
748.844,1.4923799755206026,4.016472988482876,25.904455691676088
751.36,1.4912376090860655,4.017146361813546,25.91557191839926
753.86,1.4908782281494033,4.017113479371269,25.914248995885217
756.36,1.4942847982016187,4.017492504611638,25.920821158386925
758.875,1.490773178009393,4.01770889171937,25.923086485560464
761.344,1.4939454796717684,4.0184265010762275,25.922317790826714
763.829,1.4920990643091077,4.018410464205845,25.927640088386465
766.282,1.4899919363938245,4.018544389660971,25.92075511374194
768.75,1.4912082690530644,4.019114870195503,25.91986547526266
771.235,1.4917027806920335,4.018971714475621,25.92732994058593
773.75,1.4911799622190383,4.019445137052346,25.926352505954572
776.282,1.4913565774458475,4.019660927229637,25.926658319784217
778.797,1.489592982534534,4.019954029103034,25.939538407963166
781.329,1.4910175783106283,4.020688212611356,25.946144175432885
783.844,1.4906836082466721,4.020704124932796,25.94568301030915
786.375,1.4905458337988413,4.021238748650631,25.955407559971505
788.891,1.4915330413580836,4.02117079661358,25.952547447819054
791.438,1.4900042328130017,4.021848752358645,25.96376897345855
793.969,1.4908566622380204,4.022101269550368,25.96839595437337
796.485,1.4886699951105058,4.022092572758494,25.969975315020648
799.0,1.491302597590712,4.0225118196287735,25.960023862741732
801.532,1.491003606526881,4.023008519012359,25.96565671599298
804.047,1.4905766482466507,4.023078742709935,25.973262003214373
806.579,1.492684641289959,4.023530287420799,25.973256088746393
809.094,1.4923918830037024,4.024051032263819,25.97344542216846
811.61,1.492163711606337,4.024011742596136,25.980886241501572
814.141,1.490096780654264,4.024240802298135,25.98455918051351
816.657,1.490003646607114,4.024567834827516,25.98757836050782
819.188,1.4929931765726068,4.02510936760537,25.995067543518466
821.704,1.4912216842887895,4.025343837709083,26.00276027372761
824.235,1.4889746762841425,4.025611905283703,26.009432805262907
826.735,1.4906851709563276,4.026037391042786,26.005822934399635
829.297,1.491445024366331,4.026247512069597,26.00530340206224
831.813,1.4913537076464165,4.026522176558351,26.00480721122995
834.282,1.4906165213998217,4.0268574401095245,26.013829796370054
836.75,1.4903771542101065,4.026879543687002,26.018096843180246
839.219,1.4902502533649165,4.027299606496935,26.015664551074327
841.688,1.4931165701027587,4.02774584913578,26.017112984348156
844.172,1.490616977569446,4.027907587684966,26.019703712983116
846.688,1.4884054205224408,4.028292569147568,26.022929589444118
849.219,1.4936694904792147,4.028349889751373,26.02479351891977
851.735,1.4911882905970752,4.028924691590692,26.02204611741321
854.266,1.4907538231563815,4.029127946737233,26.02172839746095
856.782,1.4896390510889028,4.029450489569958,26.031533006690243
859.313,1.4911094330749912,4.0298871383845745,26.03977172960048
861.829,1.4901555433429632,4.030063493239222,26.044445649221075
864.391,1.4930476038185923,4.030540661785844,26.03668574442767
866.907,1.4921984022672465,4.0305357805148425,26.04828817230841
869.422,1.4913037870458816,4.031006736993609,26.04454119494887
871.954,1.491701260349594,4.031259969140968,26.049330141742054
874.469,1.4932076412830322,4.031522907939783,26.056047410667695
877.0,1.492077702235534,4.032062293959518,26.051059938432015
879.516,1.4901937289007003,4.032091429656968,26.06407133647096
882.047,1.4892551134790395,4.032318542316816,26.07443469584351
884.563,1.4949154452781017,4.032738385822232,26.06643194475722
887.079,1.4900232032104823,4.033105604628344,26.079145272535193
889.579,1.4931531397146136,4.033269257997856,26.09151972696502
892.094,1.487993393514267,4.033638584744202,26.096266118878308
894.594,1.491921052138942,4.033858048771285,26.09661407997916
897.063,1.4920593911274689,4.034221256027189,26.103516748233268
899.516,1.491405484430569,4.034644376712363,26.093322223399817
901.985,1.4921021675656734,4.034735885241025,26.092752428405404
904.516,1.4910127034947473,4.035289896090741,26.098719987129048
907.032,1.4900223574952622,4.035362661086073,26.109547798451878
909.563,1.4926301276502572,4.035621958008376,26.107950504688358
912.079,1.489864793548395,4.035944941336491,26.101324571377454
914.61,1.4915483957195919,4.036287906408171,26.10816682608232
917.125,1.4908649026120753,4.0365249999987025,26.1080938566218
919.657,1.4934991585542803,4.036889049733524,26.112311479530995
922.172,1.4909509387758602,4.037218023167406,26.113579154321815
924.704,1.4909687639308582,4.037472079617629,26.11983753877468
927.219,1.4923095797939923,4.037746497581093,26.12899904371576
929.735,1.4899025876723389,4.0382532004442355,26.137087031639034
932.266,1.4938105393917698,4.038381741013643,26.14188155264683
934.782,1.4919832123962014,4.038865710116634,26.138918716102744
937.313,1.492026322826837,4.03889321223137,26.15388915715516
939.829,1.4913632815108568,4.03935246242129,26.153616134363126
942.36,1.4889741100725185,4.0398667625929,26.15917913977199
944.875,1.4900016526989028,4.040319117928884,26.157379106238363
947.391,1.4947516473686333,4.040325594304234,26.15942621508062
949.922,1.493701099207945,4.040374866360054,26.154866145946325
952.438,1.4916782498188128,4.041030597590884,26.162207401894438
954.969,1.4884337146727462,4.041330328103307,26.16816729018037
957.516,1.4891097867067236,4.0415254511562,26.181480488423542
960.032,1.490475552344034,4.0418006608444275,26.179106821409707
962.61,1.4928420123871424,4.042175721528219,26.179008788380397
965.11,1.49048697344924,4.04224217567241,26.179379979053905
967.61,1.4920286470314874,4.0428890837997775,26.19643470987218
970.141,1.489943945791058,4.0429783010081675,26.198180838734622
972.657,1.4890720904188168,4.04320785422501,26.201677909316214
975.188,1.49226445723846,4.043432404132389,26.204118654770177
977.704,1.4887733806375167,4.04393793413479,26.214479171537228
980.235,1.4917887927419073,4.044246192580492,26.210850636848118
982.75,1.495328958298589,4.0447411002618106,26.20563841595427
985.266,1.49025248967041,4.044785959413131,26.21084207324603
987.797,1.4908343049468304,4.045116603835861,26.216985997738213
990.313,1.4919292079016033,4.045377264697996,26.21431926741819
992.844,1.4894592503483937,4.045422727719461,26.219591552510163
995.391,1.488582730285698,4.046141730555193,26.228076086860586
997.875,1.4925108490825651,4.04655867756095,26.229254892467488
1000.375,1.4925177575785036,4.0465269465515314,26.235701687226207
1002.907,1.4913015345644187,4.047120814435273,26.240755880647953
1005.422,1.4960503281289645,4.0472025354882675,26.244926505913643
1007.954,1.494008403343515,4.047716332042868,26.253643295827047
1010.469,1.489454293082039,4.048033601387985,26.263365495999768
1013.0,1.4920684622411833,4.048224203568298,26.260331130176258
1015.516,1.4945326723345966,4.048451731738793,26.26259032504145
1018.047,1.4892635964560483,4.0489014273130985,26.267602020880823
1020.922,1.4900428112009112,4.049131908252396,26.25774587920025
1023.532,1.4908975737979293,4.049538781224563,26.26778279957433
1026.11,1.4919120916216686,4.0499848413075545,26.27841945311977
1028.657,1.4924992052892425,4.05010607192766,26.279712258818396
1031.219,1.4901906095459116,4.050738249045299,26.280140166182523
1033.782,1.4880828832832138,4.05084124327414,26.284315290526752
1036.344,1.4927793096659239,4.051019674015801,26.291317855855663
1038.907,1.4922771690640397,4.051640116242944,26.29296863478511
1041.469,1.4896307441310184,4.05183282882027,26.293867652985526
1044.016,1.4897651995205343,4.052227515159265,26.293494890392775
1046.594,1.4922040409770396,4.052702347295057,26.29531340870469
1049.141,1.4923731438761911,4.052998375156599,26.298485053520796
1051.704,1.491529495833605,4.05307948758106,26.301358337031402
1054.266,1.491599544116131,4.05353783024125,26.311350008977076
1056.891,1.4897320865456973,4.05368796556571,26.31167092998931
1059.5,1.491179436151232,4.0540096487288,26.319779407833504
1062.063,1.4912226765760155,4.054463981719478,26.335604964634864
1064.625,1.4891179967105748,4.054882465257535,26.339390122135715
1067.188,1.4913476107886905,4.05491582629003,26.342589926250795
1069.75,1.4926073083057114,4.055153926111334,26.34769007706305
1072.297,1.492312616493072,4.055620616944257,26.35280270784378
1074.86,1.4917904680721858,4.056041295326706,26.360856264285026
1077.422,1.4929640902826635,4.056293506190356,26.37447843825729
1079.985,1.488740417205713,4.056983650084467,26.371321823297382
1082.547,1.4895864802258536,4.057126226577807,26.373869580445024
1085.11,1.493940970863859,4.056961099265297,26.374314482367414
1087.672,1.490586393091805,4.057513133707272,26.374970230109223
1090.235,1.4912951826022838,4.058112607696992,26.373441610997816
1092.782,1.494321107840778,4.0581052458119675,26.375479564623777
1095.344,1.4942583051719651,4.058473495832699,26.380200511362677
1097.907,1.492375873755047,4.058957736903403,26.384554201598107
1100.469,1.4905919338776885,4.059185076908886,26.396556044895227
1103.032,1.4889415381350835,4.059698526106738,26.394810868073876
1105.594,1.4934818454796537,4.060010375065776,26.409858239194993
1108.157,1.4954759383295024,4.0603532160768046,26.409081278071614
1110.719,1.4945114117878995,4.0608453235792314,26.415597899639543
1113.282,1.4921196325524173,4.06115666016405,26.417821489365362
1115.844,1.4932657697877703,4.061528487421392,26.413448888519948
1118.391,1.4917844689075028,4.061797867009914,26.424242388778097
1120.985,1.4908944882324515,4.062078780940986,26.429481525010598
1123.563,1.4927540651109374,4.0622099326525944,26.42749429106785
1126.141,1.4916458001113198,4.0623962928625925,26.43037438377635
1128.704,1.4933460301775003,4.063269044109629,26.430084479152786
1131.282,1.4878055308327494,4.063371090466428,26.43815433012891
1133.844,1.4943634362834746,4.063572334545293,26.43882706983339
1136.407,1.4922971755481964,4.064039549872739,26.438593264999092
1138.969,1.493301670908586,4.064135636730767,26.42939281938166
1141.516,1.492230810108878,4.064591401684127,26.445452881419445
1144.079,1.4923904365553984,4.0650466913200045,26.44867279143059
1146.641,1.4893663630711964,4.065473062389534,26.46313600988235
1149.204,1.488265202675751,4.065682466761643,26.464892731514492
1151.766,1.48986632190336,4.065798727780399,26.46572537355309
1154.329,1.489790121792872,4.066152326512543,26.47372175346658
1156.875,1.490855910691164,4.066787999177196,26.485312860230355
1159.438,1.4935839516441898,4.066973854001769,26.493231166728673
1162.0,1.490582291524369,4.0674060476255205,26.486570726589395
1164.563,1.4880291113368134,4.067678567816991,26.490511379893604
1167.125,1.4892520724686669,4.0682377211539285,26.496217075660173
1169.688,1.4897051152662928,4.068043800447029,26.50586928635224
1172.25,1.48660897720101,4.06882283732777,26.508687125387716
1174.797,1.4910030236008505,4.069232288701343,26.510605482084067
1177.391,1.4895120869141858,4.069422334016961,26.520309246548944
1179.985,1.4943278136453368,4.069651734604075,26.523682763779167
1182.547,1.491001646520218,4.070013431554986,26.5272959183184
1185.11,1.4925612522359042,4.070421195978435,26.534515110415192
1187.672,1.4905137315071837,4.070876484292831,26.542400860355254
1190.235,1.4933152105970915,4.071149086518716,26.555907022409507
1192.797,1.4929598292995405,4.071560203070504,26.55810901314282
1195.36,1.491108976301223,4.07182326394409,26.55623776220391
1197.907,1.4914100346227968,4.072171703098856,26.568993283878267
1200.469,1.4928269266173524,4.072246482446263,26.569340958691843
1203.032,1.491307202821768,4.072927900198045,26.57552049373208
1205.594,1.4902523765851374,4.073130845380605,26.57769047348377
1208.157,1.4903893317871426,4.0735911975449195,26.576965629460435
1210.719,1.491537345350697,4.073892275536602,26.57579418046188
1213.266,1.4877563820527888,4.0742582417216315,26.58394130517876
1215.829,1.491711673249934,4.074607157929396,26.593627014875867
1218.391,1.4911092297586974,4.074940412133007,26.594654351626232
1220.954,1.4905399581954433,4.075438338108529,26.59813867700903
1223.516,1.4923413304759148,4.075759868283281,26.606874819418746
1226.079,1.4916916205401645,4.076019471258847,26.613969265719515
1228.625,1.4938031603588775,4.076196102254512,26.621091020762194
1231.188,1.4892235519287118,4.076520971014882,26.626041817333096
1233.766,1.4923193360697256,4.077136892424244,26.63521526647545
1236.313,1.490709333108029,4.077416546021175,26.6322192278666
1238.875,1.4927034565928752,4.077918675632159,26.635243057114064
1241.485,1.4934927551275825,4.0780383081845875,26.631575420720324
1244.047,1.4883051868924821,4.0783253838887426,26.637073668801136
1246.61,1.4900441587621052,4.078738505764183,26.651062988048224
1249.172,1.4892478475691293,4.079261099733772,26.65081681910914
1251.735,1.4914182856042262,4.079540838563816,26.650383071067385
1254.297,1.4909322415006616,4.079842042391498,26.645242367105578
1256.844,1.4931260589989364,4.080399576110421,26.645911477576224
1259.407,1.4899374050560514,4.080547809583743,26.67032279328104
1261.969,1.4931539587001568,4.081037049858376,26.675328633655415
1264.532,1.4917004491963437,4.0815787562891614,26.67800568891527
1267.094,1.4928511938630125,4.082031409511074,26.687288558828538
1269.641,1.4936752555120754,4.081997379687852,26.679200049145972
1272.204,1.4931491551682947,4.082280686709876,26.692055639716305
1274.766,1.4905086788551225,4.082766043449477,26.699769037070578
1277.329,1.4888888335836368,4.083120340206237,26.697843687580175
1279.891,1.4917344586158616,4.083471299541119,26.70644417422493
1282.454,1.4901587531443161,4.083502151914707,26.705696865686207
1285.016,1.4927625141282286,4.084309419697955,26.71378161869692
1287.579,1.4942689031305667,4.084606586598171,26.72357796334942
1290.141,1.4923423341133002,4.085074620361202,26.719041498104968
1292.688,1.4909631141962592,4.085394499383826,26.73442266766763
1295.25,1.4912634052140539,4.08560118288793,26.73583904057526
1297.875,1.4894940776948387,4.0862735939974515,26.747021533783354
1300.469,1.4925887405509022,4.086456403962092,26.736981374803566
1303.032,1.4910000557361658,4.086824782265871,26.735314771958112
1305.594,1.4923945447873828,4.087234536808936,26.736363614348043
1308.157,1.4889214400062891,4.087738195779348,26.741798957431175
1310.704,1.4879610566090935,4.0879389373576505,26.755557569469826
1313.266,1.4926692388172458,4.088088029324315,26.755977650702224
1315.829,1.493725467299596,4.08871256023327,26.75893135571478
1318.391,1.4894423208344798,4.089115283480223,26.764368097604212
1320.954,1.4910904356131192,4.089335279571492,26.77469805574365
1323.516,1.4924393015430106,4.089819476771829,26.779440144689364
1326.079,1.49284053310412,4.090064355873932,26.794484871106814
1328.625,1.4917843011135676,4.090565143377041,26.794206271470237
1331.188,1.4922555109544213,4.091218898205287,26.7891029664413
1333.75,1.4903190154278942,4.091485787722468,26.792940882803926
1336.313,1.4922587297746017,4.091831158313601,26.7971169347381
1338.875,1.4932710405128784,4.092192157779845,26.8054965952414
1341.438,1.4932484317939088,4.092503136594633,26.80649979405002
1343.985,1.493798386907573,4.092629102003775,26.804662848716447
1346.547,1.492095162848635,4.093301871779481,26.806021990216298
1349.11,1.4911483302186217,4.093702949085272,26.81649355934242
1351.672,1.4918714382521217,4.093800590248556,26.82100662287733
1354.25,1.491610295980646,4.094450139490445,26.81689277130197
1356.844,1.491486980792844,4.094825288072669,26.821102835090663
1359.407,1.4893757773125882,4.095330904175716,26.830982516433686
1361.969,1.491623270371108,4.095791548841836,26.830949114108726
1364.532,1.4905630613048813,4.09587277618388,26.84001175977979
1367.094,1.4917250867021645,4.096475613135743,26.84848961355845
1369.657,1.4910321885370141,4.096672345783573,26.85459029200068
1372.204,1.4924386822357778,4.096984879855952,26.86208715719916
1374.766,1.4955382821758931,4.097843268434727,26.870291488597502
1377.329,1.4901141615067985,4.097756412419833,26.87249988669319
1379.891,1.497233087422446,4.098593131617507,26.88589514812666
1382.516,1.4924302720472196,4.09839045290409,26.882956687752344
1385.094,1.4880717784882649,4.098701154426865,26.892133909727082
1387.641,1.4889647562504171,4.09921328035157,26.89966343000037
1390.204,1.490663508799024,4.099675318868161,26.903288871468625
1392.766,1.492781653803295,4.099932510326346,26.90802472981775
1395.329,1.4905429570560793,4.1003782272722,26.910972280963826
1397.891,1.4889441069034395,4.101013563562204,26.91473066692402
1400.454,1.4911348066116947,4.101399859858767,26.919224469833537
1403.0,1.4935507001912967,4.101373909566127,26.91985466079902
1405.563,1.490224130424109,4.101938136083125,26.919845372244218
1408.125,1.4906841251605298,4.102634841430648,26.930500348115448
1410.688,1.4908912038238413,4.102857932837296,26.933764168907583
1413.25,1.4914899129493895,4.103708666094234,26.936738242491042
1415.813,1.4912549694594295,4.103441181268069,26.94487145308713
1418.375,1.4907010628533606,4.104085178549375,26.952476443900043
1420.938,1.4920822810285017,4.104627391035326,26.9503915652679
1423.5,1.4948042554556409,4.104751329989572,26.958106008859726
1426.063,1.4908196716649016,4.105238138461283,26.962497492494492
1428.625,1.4936345180668982,4.105511625025484,26.975092338715545
1431.172,1.490925141093123,4.106209009472208,26.978478037889644
1433.735,1.4921158300066895,4.106371379484985,26.987988287990117
1436.297,1.491651536891584,4.106922445258682,26.990521536940104
1438.891,1.4930805812982788,4.1072320730228435,26.994642347572576
1441.469,1.4926294855780198,4.107678927885506,27.00050074355608
1444.032,1.4905703308393703,4.108216018469898,27.007807886330134
1446.594,1.489443664167858,4.108223732665877,27.01049801646
1449.157,1.4909466647577938,4.108836082148715,27.012339425369362
1451.719,1.4890640423238353,4.10949156067502,27.024039708663995
1454.282,1.496716603265021,4.109814170026453,27.019965129577393
1456.844,1.4928897973978617,4.110026361009895,27.025536206001583
1459.391,1.492009643070466,4.1108254078904025,27.034741087727777
1461.954,1.4929142283555996,4.1107577971735605,27.03237459583776
1464.516,1.4935403199515611,4.111352919281462,27.041945639581837
1467.079,1.4952628399080572,4.111888100245056,27.05047355545222
1469.641,1.4941976258154426,4.112351520161549,27.053290753470307
1472.204,1.4926538382915728,4.112694069659258,27.05221921535884
1474.766,1.4894647587789234,4.1129738139749845,27.051576809153808
1477.313,1.491555525432594,4.113373438134976,27.069648175114555
1479.875,1.491696442561089,4.114016358748461,27.075349248052014
1482.438,1.4920116107562256,4.114391457166097,27.080331844998756
1485.0,1.490317331618771,4.114657111956316,27.079711313696052
1487.579,1.4917474791819834,4.11521866944641,27.0929407947023
1490.125,1.4942387680280256,4.115554883492728,27.09034716878064
1492.688,1.4899115535492309,4.116149466987078,27.100074292130742
1495.25,1.4895847511621243,4.116165918218805,27.09534295885464
1497.829,1.4909771846602697,4.116589569257532,27.09570596991879
1500.407,1.4916921275000332,4.117198125217448,27.10577602496494
1502.969,1.4938910237893943,4.117654057694143,27.11512139566284
1505.532,1.4915440957064408,4.117641754616175,27.11989889890209
1508.094,1.492765285076874,4.118199304364979,27.124603488243476
1510.657,1.4932542340588748,4.11851458174289,27.127060640093408
1513.219,1.492487929373693,4.119083373587104,27.132940907946
1515.782,1.489622083476477,4.119474713337642,27.132961787241694
1518.344,1.4885277682587914,4.120063856274994,27.134373471840586
1520.907,1.4920687380748767,4.120476216347452,27.144166108029015
1523.469,1.4940446188899883,4.12073098486995,27.151326626839776
1526.032,1.493559487530065,4.121129670656977,27.161153950559704
1528.594,1.4905444726663664,4.121657897101863,27.174435710556256
1531.141,1.4943132960325864,4.121866261263471,27.179348057310353
1533.704,1.4951829432253314,4.122474342490721,27.17985548488802
1536.266,1.4938903239973391,4.122622179093122,27.18778568969991
1538.829,1.492192115724753,4.123178933962371,27.20362728585927
1541.391,1.4915396344754503,4.1235027264027,27.201310240439152
1543.954,1.4948258923111177,4.124266278740165,27.211718644515475
1546.516,1.4956005339747764,4.124413923293648,27.208427186423783
1549.079,1.4964575687714912,4.125157005927437,27.21766057483563
1551.704,1.4879813494230567,4.125942268792641,27.22324295724511
1554.297,1.49621422592355,4.125764786721857,27.232520638205756
1556.907,1.4933271218498065,4.126391930786799,27.23915276195056
1559.469,1.499085917939726,4.126255961447994,27.24026251565342
1562.407,1.495016643853583,4.127372552464467,27.249235245644392
1565.125,1.495085343684289,4.127416702656815,27.248872321950575
1567.797,1.4916118389403528,4.128127140517514,27.253624852429393
1570.532,1.491849320425388,4.128656695367228,27.261021317394068
1573.188,1.4962288297922408,4.128804307081919,27.262781400681064
1575.922,1.4935048633569492,4.12934450263422,27.26985666202044
1578.641,1.4918430190343461,4.129808775815183,27.269751304782652
1581.36,1.494096544265576,4.130599906011912,27.27702870469414
1584.032,1.4904004442659833,4.130904290669785,27.291850090559354
1586.766,1.488695113734611,4.1311582944425576,27.297696646600972
1589.5,1.493026738440355,4.131487047437563,27.306674359803605
1592.219,1.491050153694377,4.132444377419039,27.308164213428302
1594.891,1.49668942972435,4.132401861383983,27.31994896436958
1597.657,1.4920477670045453,4.132903939922868,27.32249478845507
1600.36,1.4909287918612928,4.13355809147189,27.326620373872746
1603.079,1.4883096119120178,4.134060938196565,27.331448457614687
1605.782,1.4916474802115143,4.13441381340754,27.34013034401623
1608.5,1.490799324319834,4.135066568000635,27.35320450976795
1611.204,1.4886589885168209,4.135259277553679,27.351327757455234
1613.938,1.492990632796663,4.135770985229455,27.35670125494417
1616.61,1.4896273813200311,4.136114313768402,27.360267729007152
1619.344,1.4950881072082416,4.136674821359587,27.367681047184995
1622.032,1.4904876917034946,4.137271358419364,27.366727220302685
1624.766,1.4929156528908254,4.137688848340425,27.364961654317206
1627.438,1.494838607937232,4.137922641957129,27.37577613290764
1630.157,1.4917964659366296,4.138476683135048,27.384618664446084
1632.829,1.4909408478528872,4.139025771322182,27.386327470756893
1635.563,1.4897699689245494,4.139674736822158,27.40002708409312
1638.235,1.4919353827820034,4.139874633482253,27.406316505025682
1640.985,1.4895032427845436,4.140389510813876,27.415358252271023
1643.688,1.4913452704616195,4.140902624931229,27.417814835130642
1646.407,1.4915542154733767,4.141543379110054,27.430800784755693
1649.079,1.4944282713584511,4.141925965913098,27.443320878323075
1651.813,1.490539203711737,4.1422391772145675,27.428706208019175
1654.547,1.4919152827244302,4.142831672553162,27.435882031169896
1657.219,1.4883704490871856,4.143456077662186,27.445351975659154
1659.985,1.4920744704256081,4.143830841091461,27.453023222416117
1662.735,1.4903560533558826,4.144429606940828,27.464514691417577
1665.454,1.494342887313587,4.144309540940948,27.47163826742362
1668.188,1.4903318601874873,4.14523180592504,27.474512463282856
1670.922,1.489350755531572,4.145420545669698,27.48394978739844
1673.61,1.4916749847552782,4.145888574159066,27.49431824204005
1676.329,1.4910748509700638,4.1466350811094275,27.493088889721488
1679.032,1.490830551184972,4.146887461468408,27.50900811080071
1681.782,1.4931829476279423,4.147495623933118,27.513787599649696
1684.454,1.4918124924890266,4.147829765264416,27.511779253591587
1687.188,1.4904442740704524,4.148663846588393,27.5196926605346
1689.844,1.4915717936997017,4.14882179690393,27.52799470478492
1692.579,1.4919273244528066,4.14933226924013,27.522036166980715
1695.25,1.4916240886861267,4.149625390248708,27.53316344338764
1697.969,1.490196659662259,4.150284057570243,27.54217191308434
1700.672,1.49255050423737,4.150756261483407,27.546484081120088
1703.391,1.4901474605923732,4.151353695179376,27.554198133288885
1706.063,1.4904446219374627,4.151770837691954,27.557805680544604
1708.797,1.4897046321774852,4.152195382978501,27.559107563183588
1711.469,1.491786374439814,4.152441374391969,27.56905091883233
1714.219,1.4901633249496524,4.152912630931403,27.575811764013142
1716.922,1.4928016931220451,4.153580931988428,27.57709692873779
1719.641,1.491802587833238,4.154209699817458,27.593153289057547
1722.313,1.492567623409448,4.154367090850221,27.595434421858798
1725.047,1.4933340021683141,4.154917726632403,27.597531781263896
1727.704,1.4906012541282072,4.155190363455626,27.618756752831654
1730.422,1.4914102451780502,4.15564238057404,27.62982024112201
1733.094,1.4893816054403113,4.156511427873002,27.630279713669864
1735.829,1.4894515322367343,4.156508337251398,27.637732627420924
1738.516,1.4910117990828067,4.157062530350396,27.639409460210295
1741.282,1.4915417841636143,4.157737596460303,27.64890847714303
1743.954,1.490510897188048,4.158228719983731,27.65834851066947
1746.688,1.4928681100574452,4.158461400814918,27.669019260146246
1749.36,1.4925532179963323,4.159151170402265,27.677077253227846
1752.079,1.4902858704962942,4.159639788364772,27.678497764642017
1754.782,1.4921968306709328,4.160226462458066,27.684734269334594
1757.5,1.4879849800604628,4.160690810847898,27.69176180989689
1760.266,1.4907068690141458,4.161003573928886,27.69807107138107
1762.985,1.4912177273086542,4.1614545393264155,27.698770396847326
1765.657,1.4910759493407006,4.162013551555165,27.71163068281882
1768.375,1.4912216020440696,4.162647020279358,27.720317042224497
1771.079,1.4923070622762662,4.162840139987303,27.715741663443062
1773.797,1.491878213088193,4.163375195254369,27.735675375508393
1776.469,1.4934628353696016,4.163732795808025,27.744281399392495
1779.204,1.4922571310928174,4.1643835027538625,27.74968943323945
1781.891,1.4921801308096518,4.164628940566384,27.75315096715142
1784.625,1.4909809343151403,4.165142059262586,27.763029515618513
1787.297,1.491443496109138,4.165738832179728,27.76506878959503
1790.016,1.492882459840037,4.166249700343917,27.772939697164517
1792.719,1.49344207517232,4.166750167106446,27.780429725576337
1795.454,1.4940583973229629,4.167076143496594,27.789496767992876
1798.11,1.4911630183073699,4.1677948456536775,27.79634353786514
1800.844,1.49042322568202,4.1679464154433665,27.806511972657034
1803.516,1.4931343482508854,4.168420161192385,27.799748916930618
1806.266,1.4915310940912725,4.169061972409807,27.81557412795014
1808.938,1.4902404699495306,4.169407919932426,27.821584668746446
1811.672,1.4914148313278173,4.169991931335718,27.83529604521172
1814.36,1.4918640260312206,4.170509194243182,27.843743453169427
1817.094,1.4892203183811776,4.170923516669374,27.84777797312501
1819.766,1.4915522303220228,4.171517853308382,27.856657662685368
1822.485,1.4915475699663179,4.171797391755419,27.863581229422834
1825.157,1.4913978513241746,4.1723406104680585,27.86963754116508
1827.875,1.4900923111951947,4.173016972152338,27.866070181704334
1830.547,1.492370669343776,4.173498262233826,27.87422534141296
1833.282,1.4925216609032808,4.173776936439641,27.877363621516494
1835.969,1.4922925520666743,4.174353645479473,27.895247715054044
1838.735,1.4888524995748067,4.1748163124242,27.896425200637726
1841.422,1.490848794194531,4.174976956356631,27.909864138322902
1844.125,1.490259569422576,4.175721110373759,27.924072914128065
1846.782,1.490078613884244,4.176030593220983,27.92561618119819
1849.547,1.492475026551662,4.176515710595454,27.94114365268061
1852.219,1.4892717630767172,4.176909449924262,27.938328688113607
1854.938,1.4922868058089875,4.177614678676034,27.949362066467703
1857.625,1.4932826097551242,4.178072944046003,27.954505120385523
1860.36,1.491966643730355,4.178597605888254,27.966363546934858
1863.032,1.4892218197258076,4.1788499130352434,27.979451962411943
1865.766,1.491413015174444,4.179212331952641,27.98786855629546
1868.438,1.491736325627865,4.179829440350306,27.99659296236012
1871.204,1.490549380988957,4.180328079102178,28.002778082620097
1873.86,1.48946627515659,4.180725507208572,28.009384084563386
1876.594,1.4943241906649662,4.1814583659445415,28.017568802385497
1879.266,1.4935245053817634,4.181683779891116,28.028560200477475
1881.985,1.4913116681522742,4.182054603801846,28.034814378213067
1884.657,1.4926216422019416,4.182653706192173,28.040222681225607
1887.391,1.4902895690392939,4.183133950181189,28.046116170625687
1890.063,1.4939151330030769,4.183396078487341,28.065634724606532
1892.782,1.4914045830387148,4.184248793664903,28.08056058070793
1895.485,1.4921338183197936,4.184599860937898,28.085931668062216
1898.25,1.4928870516092938,4.18519973096994,28.1041717148705
1900.922,1.4898184439199265,4.185749149054044,28.111688060677135
1903.641,1.4897602138552632,4.186108939006416,28.118258319783372
1906.313,1.4921026355312226,4.186560391196649,28.121676493156645
1909.032,1.4932386046012274,4.186926320352693,28.13239468916414
1911.704,1.4927980114065473,4.1873968743231975,28.136590634680626
1914.438,1.4925611623952022,4.188055201259656,28.141448967385287
1917.125,1.4915286748203167,4.188464730934261,28.146583073060153
1919.891,1.4895024790765812,4.18908312569107,28.156858153610557
1922.547,1.4924214116568213,4.1892933025992125,28.165773155172786
1925.282,1.4906519449591975,4.189837081770806,28.180859483186328
1927.938,1.4931415736829092,4.190468311333052,28.1902752465375
1930.657,1.4920213120041732,4.190891365194243,28.19655659379527
1933.36,1.4941017769697924,4.19099345180189,28.209109209685327
1936.079,1.4912939752152985,4.19176906990558,28.219857083154913
1938.766,1.4919176556754885,4.1922194495715805,28.223276595683764
1941.5,1.4934108815214286,4.192835540584138,28.234111529461558
1944.172,1.4899366026153011,4.193104132746496,28.245988201550674
1946.891,1.4906025122383992,4.193471733243565,28.253085041838
1949.594,1.4930233585009134,4.194337579283867,28.255875060907755
1952.313,1.493677083416811,4.194556283154221,28.272522531468866
1954.985,1.492631849723654,4.1951530449871575,28.276026753667892
1957.719,1.489824194177045,4.195741817528909,28.288448896804137
1960.407,1.492251515916594,4.196014613487368,28.281306768911715
1963.141,1.490319973737803,4.196698770661044,28.28953367823643
1965.813,1.4934437346497,4.196902712615484,28.295700564557237
1968.532,1.4929490411531836,4.197446433372862,28.31430524261336
1971.235,1.4892418033487262,4.1976048478943735,28.32343391331096
1974.0,1.492381068223369,4.198608950081822,28.33601105029879
1976.657,1.4916517502605846,4.199221156804768,28.342312453953443
1979.391,1.4920692088760334,4.199539461716376,28.359046400126477
1982.047,1.490070160671703,4.199973411984075,28.36718554328683
1984.782,1.4911958332531234,4.200258728908596,28.377879348294407
1987.813,1.489510166913292,4.201129942455749,28.39056430820029
1990.641,1.489668516580351,4.2014899916288115,28.398642039363864
1993.469,1.4917348994636568,4.201866107426881,28.412445375156334
1996.344,1.4921459643308348,4.202499507925541,28.414412753795414
1999.157,1.4902133870367595,4.20310895557801,28.42554184343668
2001.985,1.4932119221266282,4.2036960414517415,28.43315511436002
2004.844,1.4885185341301654,4.204017844346558,28.435012349049533
2007.688,1.4898841694941256,4.2046547379589905,28.443926030441723
2010.532,1.4903496638808433,4.204917239020367,28.46368754068913
2013.375,1.49208987545259,4.205378902534431,28.467921271624178
2016.266,1.4942803796843782,4.2059698224779005,28.485510600088546
2019.094,1.4908824057643104,4.206602266534841,28.49514736221566
2021.938,1.4925185043754101,4.206977008468414,28.507703639238596
2024.782,1.4918853697588648,4.207483346486776,28.519038599651907
2027.657,1.4887036234086553,4.207997491618173,28.53289688960362
2030.5,1.4646150917896605,4.206284178931946,28.538446696145503
2033.344,1.4641544724355637,4.206375776889911,28.543564682962458
2036.204,1.4631971903211727,4.207042812694884,28.544940036502346
2039.079,1.4655193320786453,4.206928402257839,28.560351831283054
2042.032,1.4605949289493927,4.207665664748182,28.56979538615188
2044.907,1.4415927009341531,4.206005714500104,28.5725028754948
2047.829,1.438708290941867,4.20628256704351,28.579280770251454
2050.672,1.4395351635301785,4.206753402128379,28.59334881187267
2053.516,1.4174875966542224,4.204971359834444,28.598309988546223
2056.344,1.4135730785374936,4.20493430835734,28.614840226666356
2059.188,1.4164221250919498,4.205226050070056,28.624876502330658
2062.016,1.4171688104366476,4.205348967219966,28.63483874680912
2064.875,1.4160454826340296,4.2055705536401335,28.642688392291642
2067.704,1.419170650110609,4.206064508707164,28.648580775431043
2070.547,1.4164962885330583,4.206093979752296,28.66270359747627
2073.391,1.4131676431785587,4.206225588716917,28.66828884378635
2076.266,1.4150811792508216,4.206732972063456,28.673099338304144
2079.141,1.4110244847070155,4.207015350348568,28.67609621398011
2081.985,1.4120710930660638,4.207147696895846,28.68614820716424
2084.829,1.4116863251472005,4.207506786980011,28.700416675515548
2087.657,1.411759022811167,4.207764704394958,28.702252014324735
2090.5,1.3892880464428696,4.206263783229179,28.711938990522462
2093.344,1.3909641732210107,4.206290184976299,28.721030855824797
2096.172,1.3882963737101277,4.206547050413167,28.735567530253725
2099.032,1.3880628243642896,4.2069084321789765,28.739924905976174
2101.954,1.386418285619287,4.2074167776394695,28.74642819260772
2104.829,1.3851768878299038,4.207546827023969,28.749775651353573
2107.719,1.3858266916150253,4.207699415912742,28.756346380111285
2110.625,1.3598158221188237,4.205987179452245,28.761713632327098
2113.5,1.3597146982642887,4.205964916978286,28.773308041824073
2116.375,1.363048672291515,4.2061660387546755,28.789284748301583
2119.188,1.360652049980516,4.206452591135456,28.79671935611621
2122.0,1.3614098237273877,4.206599904633539,28.802746721349056
2124.844,1.3614548376100981,4.207023086562632,28.815744779017805
2127.657,1.361716719748124,4.207272382064164,28.816334297072896
2130.469,1.3602409149899723,4.2076366279130575,28.824551208094793
2133.329,1.3359237743308374,4.205920711118048,28.832961746370994
2136.25,1.337771271784218,4.206072345600504,28.839196192928313
2139.094,1.3354038371158037,4.205984374754769,28.844504653501446
2141.907,1.3325579535060206,4.206143929253264,28.854948351604694
2144.766,1.335434392869602,4.206583713348701,28.862624783695413
2147.641,1.3337508108662974,4.206796641614622,28.86514869072593
2150.454,1.3365579590850147,4.207127477412052,28.871291137468926
2153.266,1.33519775084197,4.207639317300958,28.886604805763316
2156.11,1.3370182769679728,4.20766045251006,28.886789327479136
2158.985,1.3331967075164957,4.208093985688308,28.895426120022968
2161.797,1.3330577049089147,4.208169547664634,28.89359568691825
2164.61,1.3285416288726353,4.20840892684122,28.89662896929912
2167.485,1.330343917464018,4.208763596882635,28.900945543903823
2170.391,1.3061598569739699,4.20699751085647,28.909509680383447
2173.282,1.306845714867368,4.207622992898121,28.914897452630246
2176.157,1.286198146769083,4.205867457355245,28.91791367411411
2179.032,1.2847381650675547,4.20584464628156,28.915377419038332
2181.922,1.285174948492978,4.205657053908683,28.921381798847715
2184.797,1.2823428769202823,4.20630925376434,28.924480611889226
2187.672,1.2846860239678528,4.20638859802732,28.91998895681126
2190.485,1.2828172331848755,4.20657503633278,28.92360061965026
2193.297,1.2851352897096049,4.206515364150783,28.935728887888835
2196.141,1.283718704428831,4.207246970543785,28.934706936107087
2199.063,1.2809309086951055,4.207216172268568,28.945089993241524
2201.938,1.281080537925287,4.207555030424484,28.950991768131423
2204.813,1.262327272756653,4.205959218163183,28.95441962584687
2207.735,1.2592697710295593,4.206018602017018,28.95918576722891
2210.61,1.2552179724741872,4.206163186472902,28.963656136551307
2213.5,1.2555969596118173,4.206163974017397,28.966621282230722
2216.375,1.2600634900107626,4.206266903820659,28.977507657827935
2219.25,1.2568900127401035,4.2065526810066025,28.978538019512072
2222.141,1.2564069843247774,4.207222877849029,28.984790627980946
2225.047,1.2528464596466111,4.207741156799713,28.984487420061093
2227.922,1.2532660675019853,4.207728007390323,28.983608184862653
2230.797,1.2516107012249156,4.207948418082996,28.98493742243749
2233.625,1.2521500107212378,4.208249770969107,28.989026019053686
2236.438,1.248650781766622,4.208562754067656,28.99007110080534
2239.297,1.230163891118038,4.207567950989409,28.985714389751326
2242.219,1.2300164152272992,4.207147602285251,28.98449371438076
2245.079,1.2292573819722574,4.207426195074467,28.98812824749897
2247.969,1.2320650326142806,4.207677324958474,28.996729789991136
2250.782,1.2293124134582856,4.207844307938834,28.999077342275275
2253.641,1.2276834707424802,4.208076323919417,28.996256632345393
2256.516,1.2242660876998213,4.20855727110294,28.99884400113644
2259.407,1.204610489375712,4.206820319999108,29.002335775762695
2262.282,1.2026486100014684,4.206836039423867,28.994670411115294
2265.157,1.2061671020299598,4.207329817580149,29.003771649161767
2268.063,1.203697794293168,4.207787885650245,28.99756516449411
2270.875,1.1991872496124734,4.207679485767178,29.00196112233075
2273.688,1.2037299413874059,4.2080981572597125,29.00706835158772
2276.532,1.2008758883050035,4.20833590947129,29.00568595142669
2279.407,1.2007439365345702,4.208717634022726,29.008272845156537
2282.297,1.1801111818244863,4.206930618613996,29.015796638253285
2285.172,1.1753586335234871,4.2071611917764775,29.013179399657986
2288.047,1.1755311262464918,4.207360988292903,29.012880521067455
2290.969,1.1782110149659697,4.207836080624153,29.015410769418445
2293.844,1.1768287242705218,4.207827371065848,29.009976313053556
2296.735,1.1780285393150365,4.207939963602355,29.015241181186216
2299.61,1.1765208413442458,4.208504944997911,29.014277763738935
2302.485,1.1733763447678822,4.208596498008762,29.01657393844557
2305.375,1.177958143658785,4.208808300692728,29.013388104574684
2308.282,1.1732217882144014,4.209535905588255,29.00494481193973
2311.157,1.1708565816942715,4.2094468613911715,29.00761084211749
2314.047,1.172590524698007,4.209724349421734,29.015643817827787
2316.922,1.1471804966273256,4.208127455537193,29.01140509613819
2319.813,1.148124374676287,4.2085079501873865,29.008028447526133
2322.688,1.146590045052775,4.208650008936532,29.014400903784686
2325.594,1.1263190068457156,4.206934890462924,29.021049593818244
2328.469,1.1247932062397785,4.207203153885034,29.017811565869092
2331.344,1.1242821794055977,4.20720279084966,29.019702210731396
2334.157,1.1262361879045037,4.2077795414978,29.00948669793616
2336.969,1.1261949609873472,4.20750916674694,29.007639577796876
2339.829,1.122644228402021,4.207870536298641,29.01417580750286
2342.688,1.1224923747164492,4.20843241736837,29.007213590187053
2345.579,1.120061153014864,4.208532170933858,29.005145069005792
2348.485,1.121943764498138,4.208524229761888,28.992334620989098
2351.36,1.122318382435873,4.2091027016203695,28.997971892189312
2354.172,1.0971843114255273,4.207356187707203,28.999466272022527
2356.985,1.0957941685091395,4.207859747288716,29.001947040272366
2359.844,1.0970499611458213,4.207711393001557,29.00468363804762
2362.719,1.0994838073546853,4.207910792848091,28.995477206229314
2365.563,1.0972180626337629,4.208307970466747,28.99158210938567
2368.391,1.0978628398941745,4.208485815027426,28.996163156521803
2371.266,1.0963164084503483,4.208719126185872,28.977829663784945
2374.172,1.073921704958671,4.207279718328624,28.982885658825158
2376.985,1.0732637336516804,4.20740154640891,28.986264204492613
2379.797,1.076315331518667,4.207626343960679,28.988122595007553
2382.641,1.071740523307416,4.207618051783696,28.989855244704387
2385.532,1.072503009672978,4.207801095589264,28.979436414367346
2388.407,1.071167179880746,4.207977247819689,28.98084181093741
2391.329,1.06889151039825,4.208411271854084,28.992280397434687
2394.204,1.069490045093395,4.208619593140282,28.984111986006795
2397.079,1.0733103262699493,4.208965399575994,28.97776824470564
2399.891,1.0714338574907492,4.209254098713246,28.972720479097017
2402.704,1.0698289776237755,4.20920862645758,28.975703147238466
2405.563,1.0711417382201838,4.209554437276107,28.9685574885491
2408.469,1.0450396322219224,4.208010092620398,28.95708631053408
2411.282,1.044307343760278,4.208061593953689,28.95657751640559
2414.141,1.0439176141878073,4.2083704668875175,28.958159804307478
2417.079,1.0419059242599455,4.208679556491811,28.953898864714365
2419.891,1.0454476925869305,4.208930008398134,28.94168436680251
2422.704,1.0446333921237207,4.2088520130039475,28.94080855995338
2425.547,1.0428342127410715,4.209140295303455,28.92753776070304
2428.422,1.0427858862718042,4.209430936929548,28.92899620539407
2431.297,1.041993664351878,4.20977040679279,28.931886735568362
2434.172,1.0193425638526774,4.20803606695711,28.922748616370896
2437.079,1.0196338357641404,4.208303691108884,28.910534334024735
2439.891,1.0157787698454313,4.208566757207405,28.908494792521886
2442.735,0.994195815903831,4.206505525190208,28.908040980896544
2445.579,0.9935688035968423,4.206687270206542,28.902252070733024
2448.485,0.995912736596444,4.206618934249242,28.88940109949534
2451.313,0.9964677452462388,4.206947332286169,28.890932902476667
2454.157,0.995814042117757,4.207149044704007,28.888989863648057
2457.032,0.9966861677349027,4.207232634373715,28.883296187137265
2459.844,0.995968227938871,4.207556827500538,28.87915280714698
2462.704,0.9974826810565274,4.2075698497148535,28.862696616781093
2465.594,0.9944222697215004,4.207877538112727,28.86375932387626
2468.516,0.9937755632396235,4.208080516454853,28.860560060604953
2471.344,0.9949347588437727,4.20836545047733,28.859767517044798
2474.204,0.9947071247907328,4.208399737671077,28.855729634057553
2477.063,0.9933626528022815,4.208597419118996,28.846472312546226
2479.875,0.9933171092173848,4.208952653650641,28.84815745958317
2482.719,0.9898819405032099,4.208911529005677,28.83356725842877
2485.563,0.993035868382381,4.209373764796743,28.83575547646803
2488.391,0.9878374936373057,4.209677530165803,28.83585624100418
2491.266,0.9669806800910099,4.20789245159886,28.823294863803707
2494.11,0.967080411436876,4.208124693307986,28.81102540029213
2496.954,0.9674744168873199,4.208400341490539,28.802558430516715
2499.797,0.9665010366928746,4.20874736450355,28.79615075630338
2503.11,0.9678519034120702,4.208569774306298,28.79589396172796
2506.094,0.9641856011589502,4.20884045078395,28.795721067690764
2509.063,0.9630182426910451,4.209169045697317,28.778183040775055
2512.125,0.962843548385618,4.209306331190364,28.782482432650173
2515.079,0.9627435948065332,4.209630132555378,28.778493101070563
2518.047,0.942320932712334,4.2079097572396105,28.771917427827464
2521.016,0.9406543093629398,4.2074430600190595,28.76740864169492
2523.969,0.9378322471986487,4.207983837065904,28.75378484719517
2526.954,0.9365581092151836,4.208028838616886,28.750448212957643
2529.938,0.9419286093084925,4.208039992099072,28.743361786797507
2532.985,0.9397542379940558,4.208153857505281,28.746187365015068
2536.047,0.937926102846614,4.208661890678228,28.736588315346065
2539.079,0.9390250438451232,4.208938551084815,28.73314658260776
2542.047,0.9370909579619819,4.208953516618136,28.722754757815586
2545.063,0.9364871817082294,4.208995381732338,28.724079520616307
2548.11,0.937477204433466,4.209242223210969,28.709814325805652
2551.079,0.9345675160598885,4.209559351764833,28.701209699011137
2554.032,0.9156102807484806,4.207925704795257,28.702164423272613
2556.969,0.9132550081426277,4.207839660878457,28.69393223826238
2559.891,0.9129171136789906,4.20825952572646,28.68983907609143
2562.797,0.9124456075520104,4.208000520901054,28.674518817168412
2565.704,0.9139798717005695,4.208338313456211,28.67049729562482
2568.61,0.9106196927155202,4.208386913153859,28.65797566820198
2571.532,0.9142287012606609,4.208674137375885,28.651318115086962
2574.438,0.9108492747872686,4.208502137265923,28.65195286216142
2577.344,0.9126980027999858,4.209096217018327,28.64737164138324
2580.25,0.9125765110156353,4.209318853734893,28.646440836535113
2583.157,0.9112570544112604,4.209391335783776,28.634251669268316
2586.079,0.911943625289273,4.2096759914034925,28.633571251285886
2589.016,0.9091695425401676,4.209739133441234,28.631219623677243
2591.985,0.9096399847845054,4.210120621795496,28.622120411360832
2594.969,0.9100397813552892,4.210059801666282,28.608307080861515
2597.954,0.9110253605948057,4.210265403617079,28.598272953270587
2600.891,0.9079334149399013,4.210417628336421,28.587407001851595
2603.813,0.911820419365057,4.210806627549816,28.58583726654978
2606.75,0.8868540303137186,4.209052041864571,28.571122477584254
2609.688,0.8850041612349885,4.209154074125764,28.56974353723121
2612.61,0.8861411714557289,4.209479691724865,28.571644319731206
2615.516,0.8851004724092465,4.209514866780221,28.551345935071485
2618.438,0.8845027336869999,4.2097537354071255,28.537319764663746
2621.344,0.8640683016919968,4.2078145056290985,28.532332787352853
2624.25,0.8627060040076012,4.207765684055801,28.532089756505325
2627.157,0.8627035268662377,4.207716572206121,28.528926103081478
2630.079,0.8605417479594342,4.208007220385294,28.51879887403999
2632.985,0.861293893416684,4.208106217043092,28.514835866058153
2635.907,0.8644134207651822,4.208375098700826,28.510034840296516
2638.813,0.861077148305565,4.208417556218034,28.503402684931086
2641.75,0.8627523790106373,4.2085505796815665,28.498042652592876
2644.688,0.8619571986711199,4.208625681938934,28.477995896474333
2647.641,0.8600643776076622,4.208624883152179,28.47081709749108
2650.625,0.86162249877929,4.209079674754366,28.465832933298795
2653.563,0.858947908893531,4.2091912885859335,28.459254441604017
2656.5,0.8603749063256483,4.209296438457726,28.460869813052465
2659.469,0.8586036347392569,4.209346399080822,28.450609634299436
2662.422,0.8596547893298112,4.209744256532373,28.44108878659326
2665.329,0.8362283446873106,4.207826456527022,28.42908202248215
2668.25,0.8323652485520879,4.207769228897078,28.421359734802216
2671.188,0.8375133561245746,4.207787608206541,28.41852748349482
2674.125,0.8371389210588431,4.207761372603851,28.41267609984667
2677.047,0.8349384357737684,4.208156077088532,28.404491994925024
2679.954,0.838865970886772,4.208253590129285,28.39681746587137
2682.875,0.8368204840875928,4.208357775033324,28.384824253779588
2685.782,0.8346876638128542,4.208540895346932,28.38327475543736
2688.688,0.8316730848937162,4.2085121683366244,28.373802874858924
2691.61,0.8342838825109667,4.2084468655186615,28.365088326654803
2694.547,0.8327769786866224,4.208976909538189,28.360874642556272
2697.5,0.8314396263032391,4.208987005437537,28.355123654407024
2700.422,0.8314507082114186,4.209106023210613,28.33626952804104
2703.329,0.8307966542313423,4.209346209127345,28.332706526741145
2706.235,0.8285788723430646,4.20943032429857,28.316948767345103
2709.157,0.8279017587467085,4.209781046224758,28.305831031957368
2712.063,0.8342346208054668,4.209920896071651,28.304639060248658
2714.985,0.8267648415190725,4.210010862035763,28.296496818063368
2717.922,0.8306353744801196,4.210131822509115,28.295299834069468
2720.86,0.8267066016941845,4.210375204276174,28.284767054037488
2723.782,0.8301557326889567,4.210514150351318,28.282520522375858
2726.688,0.8301533341447929,4.21066056577697,28.275723060576972
2729.594,0.8104220141772979,4.20901395476757,28.2719827890507
2732.5,0.8098373557877334,4.209181278283504,28.263248815687618
2735.422,0.8083559305383293,4.209209174990847,28.249612924956576
2738.329,0.8058933478389195,4.209176791618584,28.24360579303362
2741.297,0.8079180927711858,4.2093966807015715,28.243436126654107
2744.235,0.8076275854864363,4.209376955391831,28.238280331467163
2747.172,0.8055308836296592,4.209622169371063,28.23326495882865
2750.25,0.8066707890581536,4.209705178607506,28.214936273395598
2753.219,0.8055085293811999,4.2096410793037276,28.206789867990317
2756.25,0.8068946286789748,4.210034141844343,28.19541386494354
2759.25,0.8061547299249928,4.210232338913807,28.188134895705492
2762.219,0.8052446896347777,4.21046072057457,28.180171945513322
2765.204,0.8042897560323397,4.210663828879974,28.17336373657118
2768.204,0.7818140067445487,4.20900651292465,28.1565579218433
2771.172,0.7824877053620383,4.208865771336571,28.15782650313865
2774.172,0.7848843566416551,4.209072271811081,28.15617212657614
2777.235,0.7819758919329616,4.2088382877329895,28.15976949924698
2780.219,0.779223683817291,4.209032461412522,28.135438733852013
2783.266,0.7802388849216874,4.2090028415187755,28.123007092528628
2786.297,0.7820036175132028,4.209169098561914,28.117580602616748
2789.313,0.7800736483540371,4.209375372147015,28.10538902467311
2792.266,0.7793650890302944,4.209735236645349,28.09658533562797
2795.188,0.7795914611172106,4.2096774525999585,28.089586690275777
2798.094,0.7791491658147008,4.209841940816957,28.081102143632485
2801.0,0.7798369178361997,4.210098871612073,28.075947119654604
2803.922,0.7795629747723533,4.210249703414861,28.07257584124269
2806.829,0.7777076023246121,4.210089996373762,28.066869009907045
2809.735,0.7802548510875279,4.210404030549581,28.054840713819775
2812.641,0.7778731199991843,4.210530860271269,28.042064385065324
2815.563,0.7799934899000819,4.210872796604702,28.036290315472456
2818.469,0.7555897895257311,4.208723976919225,28.026889654853566
2821.391,0.7555208959940906,4.208844629846728,28.025908194092704
2824.313,0.7558787416809197,4.208824396043558,28.019538020464893
2827.235,0.7582046314839591,4.208927271975051,28.007516079053637
2830.141,0.754933140297808,4.209669981803616,28.008981967753236
2833.047,0.7544784816245733,4.209233628417558,27.997122384026742
2835.969,0.756992804260608,4.209396631193988,27.993714843527282
2838.875,0.7525658199875573,4.20943097598807,27.987621401376124
2841.782,0.7565207009582755,4.209868900808538,27.973536543187258
2844.704,0.7549476826679805,4.2097854995206605,27.96515247533229
2847.61,0.7583164088342359,4.210138980551821,27.959680818611712
2850.516,0.7560140915631165,4.2101711583183885,27.952944115979417
2853.438,0.7563803709852502,4.210385126641994,27.943925169470134
2856.375,0.7504885673254239,4.210581471422927,27.93021645745837
2859.282,0.747643944158375,4.210776579629408,27.929141155472088
2862.188,0.7495312447364365,4.210705490543258,27.922201230166994
2865.11,0.7528123327159236,4.210833041541579,27.91186890897851
2868.016,0.7533470163753462,4.211298005523471,27.90957616721872
2870.922,0.7510367202381873,4.211287242423501,27.89490899916117
2873.844,0.7494435248302187,4.211330569286695,27.891016881416732
2876.75,0.7521463438203531,4.211673819041957,27.884993988451786
2879.657,0.7306990466474507,4.209833115674505,27.87239019965402
2882.563,0.7320446452535335,4.209666582169585,27.85758996972451
2885.5,0.7296295549291731,4.209718726219198,27.85450017520972
2888.407,0.7268918676824677,4.209980005870915,27.846715509025344
2891.313,0.7279605194916204,4.209985340580021,27.840871543508143
2894.235,0.7290807809990575,4.210147898065218,27.827358142543943
2897.141,0.7249232024345076,4.210614894495363,27.8308063821996
2900.063,0.7044250231768897,4.2083513061812425,27.82194517867671
2902.969,0.7079730501603118,4.208467712734747,27.818413463291204
2905.875,0.7071482057924959,4.208523509319938,27.812789258911103
2908.797,0.7054589181268541,4.208525210672951,27.805322898428958
2911.704,0.7066481613086212,4.208298824617439,27.807378700363074
2914.61,0.7076264748246578,4.208620334971586,27.794244359042757
2917.547,0.7034402682059605,4.208662529643308,27.790111592303845
2920.454,0.7056875723329555,4.208747115000873,27.785321478547914
2923.391,0.7092279066029067,4.20881196590368,27.77281584611732
2926.375,0.7049058327851943,4.208931711402714,27.76310764301112
2929.313,0.705279013496454,4.209240557688603,27.75638729298305
2932.297,0.704953142784792,4.209338862401452,27.750005655732803
2935.282,0.7031955043165693,4.2096055812040865,27.736685330857185
2938.329,0.7038736574817351,4.20957379464901,27.737672334529492
2941.329,0.7077619985998448,4.209409930625298,27.73110388668525
2944.344,0.7040777290003203,4.20990383520775,27.72454165351717
2947.282,0.7030007593534651,4.209981702278542,27.71121061772595
2950.282,0.706112232421255,4.209922247611769,27.708335375699605
2953.219,0.7048287807774697,4.210152222937158,27.697506903663708
2956.141,0.7010371500339704,4.210192510364077,27.693183647634815
2959.063,0.7010440447703881,4.210453826133791,27.688172559242147
2961.969,0.704435964680581,4.210880164402102,27.678284826660306
2964.922,0.6798717625268114,4.208809085780946,27.676477571311025
2967.907,0.6805022088903224,4.208701790894668,27.66492162022964
2970.922,0.6792296078404334,4.209180296728085,27.664096987864827
2973.875,0.6777391730210394,4.209050697934712,27.65022063774298
2976.844,0.6800635521859643,4.209051374346809,27.637045157946
2979.797,0.6782208272201179,4.209332507275435,27.6360671343831
2982.704,0.6768132797662403,4.2090565462459475,27.630752536659642
2985.641,0.6805474302450505,4.209229233759884,27.623679861941124
2988.547,0.6805309326539309,4.209264042604666,27.616440004830064
2991.469,0.6793323807541116,4.209407311996871,27.609140730654385
2994.375,0.6769993413301394,4.209726341508867,27.5946949609491
2997.282,0.6789541105871709,4.2098194568080896,27.588026762491257
3000.204,0.6793059163575931,4.209711409572767,27.581768119899507
3003.11,0.6768411703026302,4.20994314042932,27.574187011946623
3006.016,0.6765882840391493,4.21036258345384,27.563879116563033
3008.922,0.6791063263234705,4.210372403214436,27.55304258285486
3011.844,0.6822746991020995,4.210384413509342,27.554848729257383
3014.75,0.6773927125148748,4.210393324764516,27.5452131341372
3017.688,0.6734429885234565,4.210822457777305,27.539292902222474
3020.625,0.6769360635484817,4.210954494135949,27.53390284268296
3023.532,0.6747092730362445,4.210967259048402,27.53260780703886
3026.438,0.6758596331958001,4.210995085021819,27.525833804433802
3029.344,0.6771555996229769,4.211386069362325,27.52643555407161
3032.25,0.6741838445092392,4.2113664580049806,27.505999375472328
3035.172,0.6771495701644763,4.2115509078177675,27.50376009639486
3038.079,0.6494543856026465,4.209626321349132,27.492438009459406
3040.985,0.6516422182200932,4.209852405304728,27.48949598672504
3043.891,0.6537865329343698,4.2098976666627825,27.48110334782186
3046.797,0.6508826401989158,4.209840214445338,27.478002899703263
3049.719,0.6516852449533554,4.210002004409469,27.467863499287823
3052.657,0.6512219587901287,4.2100066175723425,27.452369781286453
3055.563,0.6538032565865165,4.210181530907765,27.46016375987265
3058.469,0.6506981955599213,4.2104444561117305,27.455884974466766
3061.375,0.6551065931479347,4.210593076617736,27.44212323314018
3064.282,0.6504498971660124,4.210265066453581,27.43037184351291
3067.188,0.650321599371425,4.2107901261908625,27.425156768017747
3070.11,0.6514431108777856,4.210758434196062,27.42682673722463
3073.016,0.6483038756955113,4.211041473601646,27.415819791545868
3075.938,0.6501032939596758,4.210749149975358,27.40765846137475
3078.844,0.6452796067110351,4.2110546321533775,27.395504069698504
3081.75,0.6509748242191138,4.210894891556889,27.40970415329804
3084.657,0.6517784086821564,4.211335699598707,27.390331261340435
3087.61,0.6504756403074933,4.211501879861243,27.383005784784928
3090.532,0.6509459670270716,4.211615753281196,27.368548800219127
3093.454,0.6266644896845223,4.209676297058364,27.366105238290245
3096.36,0.6272373086350347,4.20962968410213,27.363393309602177
3099.266,0.6262583749503122,4.20973814670925,27.353371218999996
3102.172,0.6242397804759419,4.209829244318787,27.34970612148707
3105.094,0.6259286953236066,4.209986793490786,27.340807004879522
3108.0,0.62574808207679,4.21011412559814,27.33363280435847
3110.907,0.624790469712274,4.210193798481308,27.332200480429652
3113.813,0.6225453789737091,4.209964207647043,27.32530373462963
3116.719,0.6240897399891195,4.209925153426869,27.324572999961664
3119.625,0.6257884790331393,4.210342053655633,27.318485285838726
3122.563,0.6226929299249974,4.21060293823643,27.308673917262944
3125.469,0.6251608184483288,4.210636687517653,27.299118873965867
3128.391,0.6225511360940117,4.210600138982178,27.29168493482052
3131.297,0.6245258632241255,4.21049843693949,27.29361288389461
3134.204,0.6240072155188954,4.210801034560314,27.28252373498929
3137.11,0.6215184974088018,4.210694089493089,27.270456161260224
3140.032,0.6219367789758731,4.211184990480868,27.269928941606462
3142.938,0.6214932314733843,4.211176261569921,27.251871870157327
3145.844,0.6220827196346836,4.211298065636558,27.249997433505865
3148.766,0.6211080397035885,4.21128810537302,27.24613569598584
3151.672,0.6217505527132118,4.21145086252657,27.242171997776687
3154.579,0.6205189209816221,4.211735224646695,27.229413860092464
3157.5,0.5973135736270012,4.209861950943919,27.213399715281156
3160.407,0.5949640336674368,4.20973992625623,27.217701052059812
3163.344,0.5998287958466083,4.209885191788103,27.20330597179306
3166.282,0.5969239955548397,4.209696418294773,27.195271401828048
3169.188,0.5998722248457238,4.209998736762711,27.203959039071524
3172.094,0.6009547211481532,4.210027496309116,27.189561980730346
3175.016,0.5982390288583674,4.210272644856687,27.191212415558105
3177.922,0.5975763990053519,4.2102137125930055,27.17339076402198
3180.829,0.5963660634375894,4.2104382925140875,27.16731919547675
3183.735,0.6001049618502047,4.2103209846331815,27.167498258055065
3186.641,0.5970639381902658,4.210519001115263,27.159655020281754
3189.563,0.6012359210554606,4.210338746570249,27.15962767759272
3192.469,0.5979129230557435,4.2106988918321075,27.138548517388113
3195.375,0.5968676483223156,4.210825575128872,27.13126879514537
3198.313,0.5967853725218515,4.2108192054590035,27.126501507799986
3201.219,0.5958964266729071,4.210877744842128,27.112824939067465
3204.125,0.5956074470841284,4.211114879928893,27.112970776938877
3207.047,0.595332168131511,4.211303293976047,27.102362587373932
3209.985,0.5950036005247846,4.2110846108470765,27.096910758820208
3212.891,0.5985648847281182,4.211521886278815,27.08837078292823
3215.797,0.5964408429327108,4.21152624713863,27.081027383544413
3218.704,0.5954014099659883,4.211885756625062,27.08465616364488
3221.61,0.5717338865007031,4.2099354879199655,27.083280013875093
3224.532,0.5713615935735505,4.209917700297062,27.069530296603865
3227.454,0.5734386044927652,4.209916974557515,27.069507911729232
3230.36,0.5718810149189885,4.209968188041434,27.0716426471728
3233.266,0.5726176289901207,4.2099446023998075,27.065086346768954
3236.188,0.5711544968546967,4.210081910719016,27.054577025566875
3239.094,0.5731513081500609,4.209990130105829,27.049086714447316
3242.032,0.5736018693609901,4.2102019200640335,27.03182105776813
3244.938,0.5713379388553762,4.2104936852815955,27.029459277543726
3247.844,0.5737407621587971,4.210769797131471,27.021316378022682
3250.829,0.5716139984322556,4.210309206447108,27.01532772893625
3253.782,0.5729078622225278,4.21063806703646,27.015978932082746
3256.688,0.5729016322742275,4.210581290567375,27.005012567285338
3259.61,0.5709766085439053,4.210799757578804,26.99791391687928
3262.532,0.5719790748984241,4.210871705863284,27.00262622361485
3265.438,0.569717520757533,4.210808059121988,26.993462649225055
3268.344,0.572818930193313,4.211093002702131,26.98086997969474
3271.266,0.569827195917924,4.211073014740115,26.97145433603437
3274.204,0.5705071585076924,4.211240527700762,26.96125604349589
3277.11,0.5711990950890509,4.21132309945152,26.94685547768899
3280.016,0.5719552746042885,4.211434226252923,26.939898804333936
3282.938,0.5720266577609167,4.211659074554738,26.929830843379914
3285.844,0.5497805571983423,4.209786071101124,26.928282072677582
3288.782,0.5494093079150222,4.209728446650169,26.924645257489303
3291.688,0.5469854994223832,4.209760854152739,26.922551078992875
3294.594,0.5486603798973455,4.20947326448881,26.906844561120785
3297.516,0.5494956470307188,4.2098351223132955,26.900917392985285
3300.438,0.5456255904144595,4.20997896554248,26.899189630958094
3303.344,0.5464246564109019,4.209947034908708,26.898490185804995
3306.25,0.5494946818408629,4.209971198628011,26.8919949399726
3309.157,0.5491029267065035,4.210045104186924,26.89079274562552
3312.079,0.5494137032367967,4.210051252954731,26.87634285353011
3314.985,0.545865167282462,4.210471219503214,26.86909644347161
3317.907,0.5441140782609768,4.210119952752359,26.85595271900948
3320.844,0.5462560749612055,4.210351400451084,26.857301281110434
3323.75,0.5453552093034508,4.210808274790333,26.850469862893245
3326.657,0.5458868200579109,4.21070443836242,26.841507835563085
3329.563,0.5443955101936416,4.210545629780315,26.835205373747836
3332.469,0.5452349170961395,4.2108226214785125,26.83409160069983
3335.391,0.5459592389207641,4.211033659772925,26.834421389412423
3338.297,0.5432147024708289,4.211003637368587,26.829887706746238
3341.204,0.5483359222719169,4.211221263700122,26.82036402152849
3344.11,0.5438156573718734,4.211120024485984,26.81894546171091
3347.032,0.544109083219521,4.211268229292425,26.807352777550513
3349.938,0.5470092247690272,4.2112447586608965,26.804620166545394
3352.844,0.5436615291128422,4.211531644488412,26.793268995520872
3355.766,0.544996649173054,4.211512853108856,26.794096881617012
3358.672,0.5417298370669531,4.211699806574177,26.78830063182736
3361.579,0.5208781743924044,4.209657705807176,26.77306785423722
3364.485,0.5213544584722214,4.2096135379418556,26.767560815202092
3367.407,0.520485924629455,4.20960369980014,26.77262507772097
3370.313,0.5181748350743859,4.209672070036946,26.764956574399687
3373.219,0.5233191463510809,4.20969904728436,26.76605714044317
3376.157,0.5230890169244068,4.209859284820451,26.75502819749781
3379.094,0.5211125258667211,4.210039032952292,26.75744318811652
3382.016,0.5196009575726698,4.210213456616416,26.75199121287023
3384.922,0.5191854215034223,4.210095063605538,26.741082865277246
3387.829,0.5155617597269829,4.20998662176369,26.72494539778717
3390.75,0.5202018230875063,4.210292467191507,26.723463963708877
3393.657,0.5181008863112894,4.21014272789029,26.71687619395799
3396.563,0.5221407188270032,4.2104658490106415,26.715052158791437
3399.469,0.5168178804873622,4.21052035896417,26.708132323011842
3402.375,0.5183605677217417,4.210596757164042,26.699750224062235
3405.297,0.5185130691405527,4.210670836916993,26.693099600028933
3408.204,0.5183080900282568,4.210929906327759,26.68877957798963
3411.141,0.5188338559342973,4.210687987977534,26.68067508075431
3414.047,0.517858056148044,4.210856669672284,26.68231030559992
3416.969,0.5151561005665715,4.2109883048644585,26.665370174018967
3419.875,0.5199730293109412,4.211061701417346,26.666480092348202
3422.782,0.5139904419189092,4.211375676535606,26.658581103784076
3425.688,0.5176795334699573,4.211431321006437,26.6615605643139
3428.594,0.5175516365344619,4.211647362054676,26.65353616237107
3431.5,0.5186231303336861,4.211563316473693,26.640854362968614
3434.422,0.516925485161475,4.21151033990611,26.629883455848745
3437.329,0.5175385242641778,4.211813083304583,26.63216479313392
3440.25,0.5161384783945308,4.211853320398835,26.631206088944566
3443.157,0.5182321927728113,4.211816282434234,26.620476614701392
3446.079,0.5184066019435535,4.211919993568429,26.623679734535692
3448.985,0.515227811643176,4.212273541071597,26.60853142035274
3451.891,0.511937921101016,4.212016101825531,26.603958973583698
3454.797,0.5157901460313796,4.212247291447691,26.589666886323748
3457.719,0.5154932462273987,4.2124072052237915,26.588964816364875
3460.625,0.5130962557102074,4.212473369840373,26.578913223363074
3463.563,0.5148735841652079,4.212864366824375,26.57605235453603
3466.469,0.4919358691543808,4.2107961173761685,26.574569617004887
3469.375,0.49205611901991986,4.210625326696727,26.56911293448787
3472.297,0.4918880573874442,4.21080942707837,26.560004035045733
3475.204,0.48871636728571716,4.21103305829016,26.549904068350312
3478.11,0.4904554808130334,4.211012773480204,26.541343894546415
3481.032,0.49513606731972054,4.211573148561156,26.54138129138357
3483.938,0.49196729021095653,4.2112119671560055,26.5440482221995
3486.844,0.4914351072372912,4.210876540692947,26.5402347943869
3489.75,0.4913705994816039,4.211075885101548,26.541957934392457
3492.672,0.49209454722247487,4.211196369665425,26.527772509867788
3495.61,0.49146964332382126,4.211332960698472,26.507840069332048
3498.516,0.4904072086832589,4.2116072342054816,26.5014910595929
3501.454,0.48923591387377874,4.211460578790803,26.49539364859913
3504.36,0.48982355305895037,4.211345565964113,26.50137321416153
3507.266,0.4905844451519052,4.211952003260167,26.4963435654322
3510.172,0.48732633697712957,4.211429985354727,26.486649237471088
3513.094,0.49166044809950626,4.211955390460045,26.475536403737006
3516.0,0.49020868973557813,4.211955751228411,26.47285247088351
3518.922,0.48818271366236593,4.21216841843097,26.47167521957682
3521.829,0.488726011089997,4.212120868237194,26.46236042409382
3524.735,0.49136399944204334,4.212110858608231,26.45972179873815
3527.641,0.49278631839597564,4.212213405539554,26.456729181795012
3530.563,0.48947821328141855,4.212398720013566,26.4484020720925
3533.5,0.4909346014282091,4.212472881214947,26.440012000633548
3536.407,0.4879433123923855,4.2125036387341375,26.429266536706823
3539.313,0.48562336741743134,4.212736127033014,26.431720972075524
3542.266,0.46907038931128814,4.210620138866524,26.42732590652585
3545.172,0.46559468785974134,4.210814875846223,26.41260391513669
3548.11,0.46738132140715044,4.210666626647929,26.41525496920363
3551.016,0.4645268342470989,4.210663257025072,26.407562487599716
3553.938,0.467097797535817,4.2107398017523785,26.40640269290537
3556.844,0.4655199965599839,4.210960042686552,26.397779579107542
3559.75,0.46428283572307966,4.2109807309767735,26.395779191845865
3562.657,0.4693405759186635,4.211164721798537,26.385935331116965
3565.563,0.464088545406246,4.210992939340158,26.382096033086203
3568.469,0.4654576261371268,4.211181868208699,26.38102436540206
3571.391,0.4637328295131381,4.211127266492243,26.373449418068244
3574.297,0.46881874329569884,4.211248517109218,26.363989260767294
3577.204,0.4676035609958743,4.211598656667545,26.358336492419674
3580.141,0.4426357404598075,4.209681045784925,26.35342882655324
3583.063,0.4423943143069472,4.209252761279034,26.347976896824903
3586.0,0.4419915405330814,4.2093629537354476,26.348674956389395
3589.032,0.44293487151954336,4.209600934352802,26.339405396301363
3591.969,0.4453164142448065,4.209276681877546,26.34574370608373
3594.875,0.4428345944595322,4.209248549246938,26.335572557650167
3597.782,0.4437333570566569,4.209284936893274,26.32517385601044
3600.704,0.4450204951003868,4.209425506523753,26.32453310926289
3603.625,0.44452213478540026,4.2091877108817,26.315662654997954
3606.532,0.4424780026055617,4.209360864785172,26.31499299089899
3609.438,0.4437669685228394,4.209450825730017,26.306967038668738
3612.375,0.4418551407849469,4.209403973561937,26.30690833459434
3615.282,0.4405413020971294,4.209662435108119,26.29442974994157
3618.204,0.4421834717225617,4.209721854017154,26.29145089081828
3621.11,0.4436541175353137,4.2097482268279,26.28462865476795
3624.032,0.4424103952754215,4.209636925167348,26.276865597747058
3626.938,0.44086615684021757,4.2099839817964995,26.2792627606737
3629.844,0.44259871512626225,4.209832429550119,26.27081969998428
3632.766,0.44003963847563377,4.210000781914935,26.267369278025637
3635.672,0.4418709756501885,4.210072453890099,26.25998073008239
3638.579,0.44215182150815235,4.209971693949101,26.250817111764952
3641.485,0.44050509407029886,4.2099896952518066,26.246877578102357
3644.422,0.442537936143169,4.210518489236557,26.24478381042423
3647.329,0.4467453089449275,4.210439412187354,26.233425174197663
3650.235,0.44157406211439076,4.2104028851956485,26.232453531515148
3653.141,0.44011307369079206,4.210510523197187,26.21989646301061
3656.063,0.4380519356436879,4.210449633007959,26.207948395519836
3658.969,0.43939892771930744,4.210670038059076,26.20850534000094
3661.907,0.44314184001563417,4.210704585674383,26.201373902626862
3664.813,0.44239026647730156,4.210760714598552,26.20165438049301
3667.719,0.4422825741955483,4.210982575494277,26.19623811546165
3670.641,0.4393559173742752,4.211099075254391,26.18958737102243
3673.547,0.4410858199090011,4.211090077499248,26.187920029519212
3676.454,0.43918304284104276,4.211138331513228,26.17488469012606
3679.375,0.44326869959454956,4.211275603748304,26.177293856189838
3682.282,0.4372712963757013,4.211268469184689,26.183889757773823
3685.204,0.44023069004899823,4.211233783658269,26.17459952062978
3688.11,0.4381818456622372,4.2114140798854125,26.172088621005084
3691.016,0.4401798023277689,4.211422546640206,26.17164840570818
3693.954,0.4403919547100341,4.211764640991964,26.158098149682054
3696.875,0.41801799290439157,4.209779963011286,26.150889914960604
3699.782,0.4153279682249727,4.209575824716923,26.153746555196122
3702.688,0.41613371415595024,4.209673328141339,26.149840783509294
3705.594,0.4170679037858125,4.209591022511143,26.135413044421018
3708.5,0.416182226703931,4.20958816985061,26.13660410783957
3711.438,0.41565160882152424,4.209804488632342,26.123434324269954
3714.344,0.4156175103789922,4.209842506916561,26.121021445611103
3717.266,0.41216084850648976,4.2096597119483885,26.108787275535533
3720.172,0.41373018157731745,4.209755979965661,26.109008550186545
3723.079,0.4153136300861326,4.2097517519685805,26.100885753464528
3726.0,0.41590652580335596,4.2098602962758465,26.102029624543032
3728.907,0.4153449721821464,4.210136890339145,26.09357097250247
3731.813,0.4155593561316318,4.210272126090268,26.08979153997558
3734.719,0.414336594979588,4.210195072939844,26.08249332762842
3737.625,0.4121395589769928,4.2100337402485275,26.075623642418897
3740.547,0.41384637870454194,4.210181148827511,26.080538507851493
3743.485,0.4128668220165727,4.2102623923963245,26.072780332133664
3746.391,0.4123233944253332,4.210028369742731,26.064549863510955
3749.313,0.41335196492525456,4.210502891974673,26.059622726731966
3752.219,0.4159721900429821,4.210615222486618,26.051328535173507
3755.125,0.4128458394890143,4.210536821512039,26.0535667127105
3758.063,0.4140166794420023,4.210596945754532,26.048705216342896
3760.969,0.41723152140704606,4.210566098438136,26.035904230066816
3763.891,0.4161511063192597,4.21064330705555,26.031682809555065
3766.797,0.4152947237252499,4.210972536121499,26.03401062579745
3769.704,0.41166330873547635,4.21097508685342,26.029671042056517
3772.625,0.41206453029169887,4.211065555583011,26.01283400228462
3775.532,0.41330463872888695,4.211095394332486,26.011604200161546
3778.438,0.4106291537536118,4.211133367710804,26.00122207526861
3781.344,0.4142435688573141,4.211112688714498,25.989029101417575
3784.25,0.41393191359182624,4.211152584790108,25.991268076472164
3787.157,0.4127554747789782,4.211398538249502,25.993580960026332
3790.11,0.41260917489391674,4.211381132907776,25.990661726866662
3793.016,0.41172860916443954,4.211359786821823,25.986923293603503
3795.938,0.4100952789799426,4.211721593448938,25.98629887279758
3798.844,0.4098109949137319,4.2115898019298585,25.985017228492143
3801.75,0.4129626575859145,4.211389111622707,25.977594037108542
3804.672,0.4120597045299943,4.211786124892033,25.97329884136887
3807.579,0.4128456449448136,4.21211685001039,25.96163249223961
3810.485,0.4084848692611972,4.211914112824487,25.947618659719918
3813.391,0.41355306071044157,4.212137631071711,25.943028374973185
3816.313,0.40725899668237825,4.212242062080473,25.940343890151475
3819.219,0.40727160471582324,4.212366094500315,25.940148969295713
3822.125,0.4100798623068472,4.21251009758339,25.936250843926352
3825.047,0.41105892074048017,4.212423522506817,25.940479472583316
3827.985,0.41014681747966325,4.212227320599401,25.940866009354313
3830.891,0.41049950848746164,4.212438131669708,25.92297798262258
3833.797,0.40807696469234866,4.2129259683948606,25.918336338467867
3836.704,0.3873073732993644,4.210506838752267,25.912605662693746
3839.61,0.3880842742478524,4.210901124739911,25.917069079069037
3842.516,0.38812970001368147,4.210908191812904,25.90825108525957
3845.422,0.3902032500003477,4.21070308561636,25.90292051780084
3848.329,0.3866006357470594,4.210832710432573,25.904391560402868
3851.25,0.3848584886730812,4.210890041208064,25.900888830572136
3854.157,0.38641518315486584,4.211016000792607,25.8883543428109
3857.063,0.3870417970282197,4.2107568399831665,25.889214643691105
3860.0,0.38769062076710403,4.2108922239365,25.882859967204283
3862.907,0.3838873425725748,4.2113029099288815,25.87128563848467
3865.813,0.388054581936321,4.211045250467352,25.87098279967001
3868.735,0.3859800384151953,4.211110158821155,25.869175399276124
3871.641,0.388103265942512,4.211211141184943,25.8644915291912
3874.547,0.38697627899412207,4.211342429654408,25.860352461795078
3877.454,0.3889944001667735,4.211322166130863,25.85510544811669
3880.36,0.3872834822982445,4.211362489752974,25.84991848443229
3883.266,0.38365253235919977,4.211663653114125,25.849929524575202
3886.204,0.3842503439016882,4.211627185872565,25.838055652643437
3889.11,0.3837974512834846,4.211341316999949,25.834972895713612
3892.016,0.38600631395487484,4.211708333047718,25.829982733767977
3894.938,0.3854236055539094,4.21152990862419,25.81825466371462
3897.844,0.38571313820923897,4.211966433455546,25.824398708068124
3900.75,0.38325539731510144,4.211746038445946,25.822268234491332
3903.657,0.3834485884216447,4.211932115603912,25.81415427936018
3906.563,0.3838616361758854,4.212015909235793,25.810387535292325
3909.469,0.38563856501937643,4.212095287750172,25.805129565829667
3912.375,0.3829936374780563,4.21210505080462,25.80149764676237
3915.282,0.3856717744031766,4.212195743131498,25.806510745856134
3918.219,0.38561080617353344,4.212397217616366,25.80108833207215
3921.125,0.3849679792161131,4.212400576346402,25.801497863599096
3924.032,0.3843763139695853,4.212510131837693,25.795970319621645
3926.954,0.38513876291648486,4.212439366310899,25.7938967481628
3929.86,0.38198048735035045,4.212611887600287,25.788295578254214
3932.766,0.36194414932727587,4.210597777878887,25.781318987460146
3935.672,0.3621491500147613,4.210529018012047,25.779085375314498
3938.579,0.3632391379686517,4.210609827085331,25.76967037890153
3941.485,0.3632870589351368,4.210777436785797,25.761317378490517
3944.407,0.3631922412024036,4.210542159677238,25.750039143563765
3947.313,0.36315725157426604,4.210516899049806,25.751030330791842
3950.219,0.36116470071840073,4.210569132762894,25.750071070694997
3953.141,0.36275162377463105,4.210356808913595,25.7433103142363
3956.047,0.3618724558933231,4.210702038175965,25.739030225568765
3958.969,0.36125414012827883,4.210641112215701,25.731036431916937
3961.875,0.36329179083287244,4.21079359130468,25.71878839539626
3964.782,0.35964321540705035,4.210846625492037,25.72592917054553
3967.704,0.3610320701191121,4.210942656423045,25.725688285343466
3970.625,0.3609630270111899,4.2109719813423325,25.721688828673358
3973.532,0.359589600575089,4.211038581517789,25.718468195076255
3976.438,0.36006860979690186,4.210975422855795,25.716812536067323
3979.344,0.36135342121877073,4.21096751532212,25.71826447562172
3982.25,0.36473240202403845,4.211346177028889,25.709244654093858
3985.157,0.3638777077261224,4.2111677043897275,25.70133399154635
3988.063,0.36011429823247537,4.211098409837587,25.703246672195753
3990.969,0.35970997808386135,4.211375835331938,25.70198799563132
3993.875,0.3619818046490312,4.211204167913871,25.699358278253772
3996.782,0.35806120539305986,4.21126716090363,25.69688276289865
3999.719,0.3602778491600178,4.211479491442137,25.685727915324303
4002.625,0.35743404608755963,4.211281432622535,25.6907022131146
4005.532,0.35972097333462383,4.211436786932791,25.672500922716182
4008.438,0.3605834340640963,4.211751610087397,25.672991955354455
4011.344,0.36087362775035087,4.211793130769148,25.67158139120592
4014.25,0.35790058118827894,4.211845597388206,25.669637787179997
4017.157,0.35824889330371623,4.211668865671834,25.671364665207335
4020.063,0.35835689541054705,4.212067091325805,25.653669906957028
4022.969,0.3601739705798187,4.212056046789108,25.65045697512929
4025.875,0.35734542934955826,4.211918477350832,25.640966268328214
4028.782,0.35903840074537385,4.211924216148504,25.64668101074615
4031.688,0.3562439269827374,4.212156491559845,25.635909041315806
4034.594,0.3570789169573295,4.212262391682782,25.631222980702997
4037.532,0.3592381761774513,4.212204704127961,25.635179455482024
4040.438,0.3574816820073754,4.21207403976601,25.632017134955408
4043.344,0.3590669256037783,4.212411271519938,25.632824547180807
4046.25,0.35619008547049974,4.212346635720162,25.625031969576106
4049.157,0.35593924037270364,4.21258609901119,25.620896161736603
4052.063,0.3342719429758553,4.21045174833625,25.603054659893544
4054.985,0.33413639983112525,4.210365611791091,25.600268651186777
4057.907,0.33416078583121167,4.210570812883137,25.59546789903038
4060.86,0.334059489851445,4.210217247722098,25.58304259463338
4063.875,0.33611817503868124,4.2105383067477895,25.578953413591453
4066.891,0.3367221150491094,4.2105018764369735,25.581959901320758
4069.844,0.33648982573874736,4.2107309066466865,25.57490930061406
4072.782,0.3347791670806518,4.210821165141555,25.57150448194209
4075.704,0.3348998456909162,4.210661728250034,25.577675195113528
4078.61,0.3379790916820271,4.210502038685952,25.574184683170014
4081.516,0.33537001206979966,4.210559641119426,25.58023104538121
4084.422,0.33363120254726153,4.210760074710789,25.57535350867421
4087.329,0.33804825869692573,4.210695788962238,25.57561636065044
4090.235,0.33552044825132277,4.210809546963636,25.572975009595613
4093.141,0.3331343137547012,4.211096937678846,25.566060192187788
4096.047,0.3375739581003227,4.210557591189469,25.558485931720586
4098.969,0.3356896487742714,4.211002457829323,25.551580476426558
4101.875,0.33601642683681604,4.21093968729034,25.538246385288108
4104.782,0.3345386360002822,4.211011293290497,25.537792930972262
4107.688,0.3326342493677965,4.211049970090911,25.526037838287248
4110.594,0.3342739204169297,4.210891017801643,25.52106899755196
4113.516,0.33417671870332594,4.210835914470351,25.51683477932454
4116.422,0.33420744520214984,4.211477969612409,25.51085699029672
4119.329,0.3342752001895646,4.211465750233878,25.502474765069067
4122.235,0.3349246523748356,4.211434495932433,25.496025169092814
4125.141,0.33387496807519357,4.211271639594655,25.4994818119386
4128.047,0.333030341080312,4.211422059437052,25.49056897411205
4130.954,0.3327943861738262,4.211355554265498,25.496275553394202
4133.875,0.3309881364901484,4.211620815562106,25.495049056455212
4136.782,0.3363639177997245,4.211474381948757,25.48924384014473
4139.688,0.3298794724553666,4.211652031743648,25.486790842160566
4142.594,0.33597308776617923,4.211806514621365,25.484211027150955
4145.5,0.32876541666627035,4.211759897164227,25.476656383044475
4148.407,0.33475828822641684,4.212058175034828,25.466337829403642
4151.313,0.33324811205509997,4.21179788075844,25.46837844555503
4154.219,0.3312426830141293,4.212062579605753,25.46573912511817
4157.157,0.33147747700137803,4.212014419726541,25.459969441727008
4160.094,0.332806246107701,4.212226351498735,25.46084083573933
4163.0,0.3328668731509611,4.212320258704245,25.454048498595075
4165.907,0.33254415477584565,4.2123616795112655,25.44804122195066
4168.813,0.3348620308232473,4.212490915249834,25.44140929288849
4171.719,0.3308520718184213,4.2122835349379635,25.441943898596726
4174.625,0.33097375147814034,4.212371131864615,25.442014519883692
4177.532,0.3317854343595152,4.21265690205852,25.436262067415356
4180.438,0.33133989200844016,4.212464992056485,25.43020148637621
4183.344,0.3331918108638611,4.21270155072291,25.433017066458373
4186.25,0.3319214558402447,4.21288478352013,25.43811878689408
4189.157,0.329220201517614,4.2129247984275855,25.431747626253472
4192.094,0.3326664395630859,4.213117470473758,25.427230658213247
4195.0,0.3326700612165418,4.212902437795107,25.417151773653348
4197.907,0.32966260980678824,4.212735171978914,25.408973794832875
4200.829,0.3328991416744739,4.21303583969268,25.40688948433367
4203.719,0.33222781456616546,4.213233340628088,25.410159598922885
4206.625,0.3294996280400035,4.213143603677945,25.404822884850667
4209.532,0.3309029233033847,4.213169036340726,25.403335177687445
4212.438,0.32962591783732564,4.213377922890598,25.40564516180912
4215.344,0.3282247426885348,4.213145849043103,25.4001424622741
4218.25,0.33113486734423087,4.213593268594426,25.39539862409275
4221.157,0.30850904149389213,4.211561338072729,25.38406772147728
4224.063,0.3070388432232918,4.211061123585078,25.38517745449813
4226.985,0.3081157829417313,4.211502671881182,25.376956780999553
4229.891,0.305227823831347,4.211296560268564,25.37784784914154
4232.797,0.30589670332541735,4.211347218012385,25.371295125373077
4235.704,0.3068847506126731,4.2113187804045324,25.364784864251046
4238.61,0.3059551965271589,4.211276359454801,25.361673622648766
4241.516,0.3055149086595806,4.211367149769605,25.367048160467093
4244.422,0.30647578192356334,4.211288871053463,25.36316744885309
4247.329,0.30862197713765627,4.211372548980662,25.35941713875916
4250.235,0.3074170385774709,4.211523630805881,25.35092106183142
4253.141,0.30769125665107133,4.211302791150883,25.34896403006687
4256.047,0.30857272676955044,4.21160509770869,25.34958595597888
4258.969,0.30607518619800733,4.211379340145369,25.343855137341926
4261.875,0.30736258989167214,4.211442692694047,25.336855609618762
4264.782,0.3069995418012346,4.211439579258458,25.34405742629384
4267.688,0.3056780958397181,4.211745855967255,25.337226588119478
4270.594,0.30406148157892665,4.211744952837341,25.332127406359817
4273.5,0.30726001199523645,4.211653017791626,25.33521081413366
4276.407,0.30678750708770386,4.211738778375061,25.324130869335544
4279.329,0.30522960737012855,4.2117145151657365,25.326095587234093
4282.235,0.3062324888721152,4.211957499982498,25.313335085419165
4285.141,0.3054578207968639,4.211979254997549,25.317587646385345
4288.047,0.3084452431213259,4.211956287270387,25.314089708453533
4290.969,0.30385979012419345,4.211867913647757,25.308004563925504
4293.875,0.3042540418526783,4.211993600550929,25.294351366698585
4296.782,0.30559768449428587,4.211777273315183,25.294951860810958
4299.688,0.3059679884862359,4.212471304279948,25.292569077500133
4302.594,0.30392035714817106,4.212356950538488,25.283755273196114
4305.5,0.30583602949690164,4.212267952918456,25.280218394430012
4308.407,0.3026757387621896,4.212545792671365,25.276799041900603
4311.344,0.30591809724457925,4.212627548397919,25.274697711958193
4314.282,0.2823271595135769,4.210398328884589,25.268369100881987
4317.188,0.28815254055665923,4.210467632737281,25.266793399105456
4320.094,0.2850169907478331,4.2102411776197295,25.264667778033083
4323.0,0.2825873261966917,4.210112864699444,25.255405512265174
4325.907,0.2851851039213523,4.210203945065937,25.252060257561336
4328.829,0.2817489884364091,4.210333654590205,25.252136801876656
4331.735,0.28189157273240195,4.210405059972861,25.24085704644419
4334.641,0.28450157660799996,4.210272010722244,25.23873281643362
4337.547,0.28231379967016174,4.210384712589737,25.241378106942154
4340.454,0.2823877993008118,4.210333381589827,25.238329476952945
4343.375,0.28331324765998905,4.210453146053857,25.240116053479177
4346.313,0.2799730148164963,4.210371287510266,25.224617539828277
4349.219,0.28332272513987705,4.210541000378642,25.22386709542382
4352.125,0.2826210140039217,4.210449067428023,25.22298367842563
4355.032,0.28225313482276987,4.210161996268803,25.225848474740477
4357.938,0.2846475687306711,4.210399721351105,25.214207559427713
4360.86,0.2806352847126836,4.210690364689123,25.2072042487295
4363.766,0.28129162793313633,4.210498355865849,25.204711542275167
4366.672,0.28390235804273695,4.210548556799797,25.204230156389265
4369.579,0.2838268122880741,4.210593404992217,25.205006157417607
4372.485,0.28134842127239296,4.210529985920975,25.204423218353494
4375.391,0.2841069862248021,4.210525751700146,25.209623520656432
4378.297,0.28488998144449723,4.210576959309937,25.195398575492312
4381.235,0.28187143747200283,4.210538333762819,25.186251380536213
4384.141,0.2800218509918297,4.210727354287527,25.19483334611285
4387.047,0.2830240108621923,4.210628814730035,25.198586674760477
4389.954,0.2825478609372136,4.210842623605537,25.195368749228884
4392.86,0.28156993513809137,4.210740073952184,25.19394771182833
4395.782,0.281560810155486,4.210670071914228,25.193323764311856
4398.688,0.28509068449235303,4.211098116511045,25.180571616604173
4401.594,0.2840025671827671,4.211097961854089,25.17768038781781
4404.5,0.27899800184475304,4.210974590837602,25.17574261429091
4407.422,0.2825847631446999,4.2110331933156875,25.177026201607337
4410.329,0.28491251123713934,4.211308277833188,25.16687764423964
4413.25,0.2812697506085607,4.211180774978747,25.162141970098798
4416.157,0.2814596065986907,4.211238941007484,25.168341178394275
4419.063,0.28246812949746636,4.210894304221002,25.159952367773627
4421.985,0.28047452584035487,4.211083494944801,25.152036539164282
4424.891,0.2796133997488815,4.211441063543526,25.157262265611934
4427.797,0.27984952266930296,4.2111659511722666,25.15403067743293
4430.704,0.2827570015254999,4.211304111736693,25.14604067574763
4433.625,0.28384536043427416,4.211414177741091,25.14269566044371
4436.532,0.2774836774758579,4.211558178818524,25.138488022682672
4439.438,0.2840021422013824,4.2116419725995256,25.127570271692196
4442.344,0.27847043613588945,4.211832185733545,25.130151886314916
4445.266,0.27864788614002145,4.211421486601572,25.131538312075712
4448.172,0.27757960656488795,4.211849240111138,25.134525396867332
4451.079,0.28193134585909374,4.211741802624238,25.139939389330635
4454.0,0.2792242871101972,4.2118990483664955,25.135662523387143
4456.907,0.27931565897153265,4.211749762351725,25.12492985109646
4459.813,0.2787306744944864,4.211798540720328,25.123468213173034
4462.719,0.27873384345559155,4.212008259418479,25.11387152657268
4465.641,0.28142196122426877,4.211978068768226,25.112405999808406
4468.547,0.2808161643908367,4.2120805490724615,25.1161129414411
4471.454,0.27997432249209486,4.212146576601984,25.11471625461367
4474.36,0.2784573642361183,4.2121594754880345,25.111995703258668
4477.282,0.2788099617851424,4.212253915297379,25.106990886498572
4480.188,0.2801150263616592,4.212480673743958,25.101893384441304
4483.094,0.28012800234570395,4.212269585439382,25.10211790748334
4486.016,0.27742877391983345,4.212351637047683,25.095585570810748
4488.922,0.2794301062216047,4.212530788277985,25.09182314573911
4491.829,0.27657462652671716,4.212511235789306,25.086075570330777
4494.735,0.2795139660616225,4.212602249585132,25.080075135635067
4497.657,0.259083544306919,4.210500622264676,25.084477648089276
4500.594,0.2553172983653773,4.210803360522658,25.074658468857745
4503.5,0.2586065866812212,4.21061573491604,25.085867951652656
4506.407,0.25885085335652885,4.210495166207825,25.07625188694631
4509.313,0.2567812215828169,4.210570354449146,25.07821024473919
4512.219,0.2575377061739932,4.210358860734152,25.073233311786815
4515.141,0.25807111513537323,4.2103709689537085,25.071022384977773
4518.047,0.2552904573761374,4.210407921740883,25.06986543638434
4520.954,0.25661376465819147,4.210722120562085,25.05824351663893
4523.86,0.2538349577638576,4.210454267137718,25.051000857612117
4526.782,0.25586140796417534,4.210560017917044,25.054599630462036
4529.688,0.2586870876642111,4.210544149710726,25.06258685801548
4532.625,0.2606343983314148,4.21077807495067,25.04937542562929
4535.532,0.2577614800745306,4.210795713867913,25.050004674060723
4538.438,0.2519738873256804,4.210772657253062,25.04483465414361
4541.344,0.2560496245453992,4.210880476630107,25.039325060828133
4544.266,0.2545887679080386,4.2104993689392725,25.030615920913206
4547.172,0.2586633187528109,4.210447875016967,25.03060456562501
4550.079,0.25904158348820006,4.2108400444412935,25.020727883305028
4552.985,0.2546569299560338,4.210630657392036,25.016135005754997
4555.891,0.2600136189694308,4.210455668210441,25.00768170476877
4558.813,0.25390326423735865,4.210902389605109,25.004874675014864
4561.719,0.25832305663092764,4.210612395922644,25.01783444461945
4564.625,0.256047004933881,4.211092930926084,25.009479392480802
4567.532,0.26004709218519995,4.210701166798303,25.0021849361324
4570.454,0.25570284313899,4.2107264940007925,25.00023570452821
4573.36,0.2532758739518718,4.2113915793057926,24.99871906630537
4576.266,0.25672505394062267,4.210802097695623,25.000310386041512
4579.172,0.26092185161272397,4.21096789694521,24.99327916454497
4582.11,0.2543857015835352,4.211395731989872,24.983054311875183
4585.094,0.25360808418725944,4.211114412004317,24.989492828099895
4588.079,0.2533704955284303,4.2111997184404375,24.9878003383863
4591.063,0.2512799375752463,4.211336811420829,24.993289438076438
4593.985,0.25167666251962983,4.211211945008353,24.983380429036007
4596.891,0.2576588001296702,4.211317579621867,24.975119977206344
4599.797,0.2590995005620342,4.211103936826801,24.96914961018879
4602.704,0.25640001403213164,4.211503966861074,24.974509682377548
4605.61,0.2545682972509217,4.211452551915946,24.96358114890159
4608.516,0.2599106951526474,4.211280158635229,24.973889184096134
4611.422,0.25439404371206853,4.211566427260212,24.971118045087938
4614.329,0.2513844145511564,4.2116559292552695,24.968045244929165
4617.25,0.251862239640929,4.2115965131843085,24.960029721818664
4620.157,0.257349096525485,4.21158892169986,24.95877000536841
4623.094,0.2567819638867652,4.211717928959668,24.948258159021904
4626.0,0.25521184737752306,4.211811007149768,24.95547181322617
4628.907,0.25334818319659663,4.211645065640157,24.949008490555435
4631.813,0.2506173342579297,4.212001278302656,24.9531796064656
4634.719,0.25273048524091535,4.21188066000973,24.953112500822765
4637.625,0.2521886680095758,4.212119692104243,24.94403983167908
4640.532,0.2544087474346901,4.2120229646322045,24.94003137491617
4643.454,0.25451028648651797,4.212152260905039,24.93724855209018
4646.36,0.2535232760737868,4.212185843162032,24.93216140055382
4649.266,0.25397856285676956,4.212197315956003,24.92466695601383
4652.172,0.2534875729694526,4.212171532672313,24.928968660466534
4655.079,0.25276954062044493,4.212185821552332,24.930681898918678
4658.0,0.2560961614108617,4.212273408473964,24.936943495184988
4660.907,0.2536311557613086,4.2123333646279475,24.932378882173843
4663.813,0.25342082142616734,4.2121804551403095,24.92363526215037
4666.719,0.25117912273690873,4.212613695715046,24.91663751410565
4669.625,0.24982100367212198,4.2125952578507935,24.922563561285543
4672.547,0.25718848382384346,4.212509356376113,24.91659460079084
4675.454,0.2533312621228156,4.212628942365731,24.913107962708164
4678.36,0.2521118335688142,4.212698574942184,24.910586906171606
4681.266,0.2503785081965373,4.212938182147006,24.908568414502398
4684.172,0.2523736123083491,4.21277251147456,24.900509631660555
4687.094,0.2540012026742505,4.212514811609748,24.894021744018612
4690.0,0.25181528223965116,4.2129559995602675,24.88538699692635
4692.907,0.25128638471370573,4.213111042636872,24.88981362389264
4695.829,0.25171348497754276,4.212970017794771,24.884046946574728
4698.735,0.2539226765585859,4.212896762001979,24.88273493839688
4701.641,0.2527970354949262,4.213116477341905,24.881368372726747
4704.547,0.2494292984860944,4.213118211072758,24.868066737446394
4707.454,0.2506638152850589,4.213389358965106,24.864752434620804
4710.375,0.25282541368053435,4.213259029105504,24.866834326997182
4713.282,0.25124959143831405,4.213347577694988,24.864752320130542
4716.188,0.2524087807048805,4.213272104584134,24.86429304022807
4719.094,0.2529370380955614,4.213535494783116,24.861420424908385
4722.016,0.24826791251175176,4.213414896219908,24.860957654922803
4724.922,0.2494218781988061,4.213612680103393,24.859289009760708
4727.829,0.22951594177243723,4.2115056867198755,24.859464002673732
4730.735,0.22910558218217866,4.2114365141711465,24.85218071021457
4733.672,0.22887520474428386,4.211394554756757,24.85272240198838
4736.625,0.22389343375118917,4.211487854819543,24.847063160943943
4739.532,0.2326655498697114,4.211218272692222,24.842828893824503
4742.5,0.2299256731323346,4.2114140974129555,24.85396628144618
4745.422,0.23061201220945127,4.211267404534662,24.848233186899318
4748.329,0.22913510442126733,4.211403104584924,24.842504428985094
4751.235,0.22911944842693516,4.211412437523829,24.84623847935619
4754.141,0.22805498608222918,4.2114723501512445,24.836507428528034
4757.063,0.22976555358457396,4.211148546687767,24.83934949088298
4759.969,0.2274978355637322,4.211402891877623,24.833830060068177
4762.875,0.23082410712565268,4.211323839340143,24.840150466941605
4765.782,0.22600149930982683,4.211517585393229,24.834604839380606
4768.688,0.23277727449455707,4.211576729893212,24.82538685276653
4771.594,0.23046025625033664,4.21145102574744,24.814368235449216
4774.5,0.231073513008833,4.211565818639172,24.8198541147552
4777.422,0.22638998346622075,4.211657980242363,24.819956625331333
4780.329,0.22976942573030715,4.211368902739104,24.81495147445207
4783.235,0.23071925277562105,4.21125653912876,24.81503050236708
4786.141,0.2283464451168177,4.21168737624651,24.81493148275936
4789.047,0.22715104965011865,4.211570642031241,24.809368032952733
4791.954,0.2262320557288501,4.2116971487324255,24.803373715267668
4794.86,0.2267617150429537,4.21168763543186,24.8002833765648
4797.766,0.2281407548916783,4.21148465106157,24.800328054333175
4800.672,0.22804547084341464,4.21177548862607,24.79550782699349
4803.579,0.22954273467826608,4.2118302486258425,24.7947096545887
4806.469,0.22768391434639204,4.211663955045375,24.79391008100293
4809.391,0.22405733379323814,4.212001572343212,24.7889565889865
4812.297,0.22858675416773094,4.212122517792304,24.780826243280643
4815.204,0.22738253123682967,4.211784949650492,24.775698317141394
4818.11,0.2297930879118841,4.211967916783464,24.777265185890272
4821.047,0.22891934896677887,4.211856840821756,24.77461744887586
4823.969,0.2268407004489501,4.211796951068255,24.78340489033057
4826.875,0.2274128976147209,4.2120593572043425,24.78197676116576
4829.797,0.22826309385194227,4.212018918628576,24.773557356025062
4832.704,0.22888466576300007,4.211938098547995,24.77560869557831
4835.61,0.22652049625865736,4.212479922990498,24.78089990923626
4838.516,0.23067572647122786,4.212029372778583,24.79159534514818
4841.422,0.22741386224843052,4.211901552832535,24.780216565563983
4844.329,0.2290811546266231,4.212183616514983,24.770978772377195
4847.297,0.2280654998087109,4.212471331867579,24.76730428375477
4850.235,0.22621855023020448,4.2122716914287315,24.7621638318475
4853.219,0.23146055719402062,4.212525369963979,24.761528125595845
4856.204,0.2299038824559463,4.212440979290551,24.7635540132673
4859.125,0.22746849555317344,4.2121910751889855,24.758912274044775
4862.032,0.22593341252496904,4.212471092413542,24.74923331345302
4864.938,0.22600575867285297,4.212411662030206,24.744458553871848
4867.844,0.22908491298755643,4.212308628272098,24.753078816852728
4870.75,0.22550049459186636,4.212641170153634,24.74272089697223
4873.657,0.2290853829880381,4.212571916908381,24.74852546282529
4876.579,0.22758608662024551,4.212940660893355,24.75361577322835
4879.485,0.22692645301386494,4.212804368936718,24.747059530146604
4882.391,0.23243838693456592,4.2125289580149285,24.7348936863508
4885.297,0.22352096595219034,4.212959766758664,24.736781260893025
4888.204,0.22878928400589266,4.212976538359667,24.729534944542415
4891.125,0.22734134951463905,4.212866345564125,24.728166461901626
4894.032,0.22518085708687346,4.212561235756384,24.726147436136216
4896.938,0.22294431816893623,4.213036680758563,24.735775033508123
4899.844,0.22462030936296432,4.213038906952591,24.727137376138646
4902.75,0.2261307506391291,4.213136125726916,24.73394248296512
4905.657,0.22674043732073662,4.213141806803132,24.733110604013866
4908.563,0.2255671427722604,4.213219649076358,24.718494132305384
4911.469,0.22641524954518955,4.213196318374098,24.725002486352174
4914.375,0.22604323729268344,4.213295922738455,24.711757375260795
4917.282,0.22758307468946726,4.213204424508018,24.718610509458276
4920.188,0.2220717685580217,4.21340859323008,24.714162396268584
4923.11,0.22637793421952582,4.213520123230589,24.70861934984007
4926.016,0.2266201680162745,4.213274376470858,24.712665963975276
4928.922,0.2217539882283405,4.213702867848221,24.706679917146296
4931.829,0.20277537611503824,4.211401977773859,24.69946386713318
4934.735,0.20430290332350926,4.211484566144899,24.698493439939757
4937.657,0.20532692921163057,4.211344279470643,24.695251791451952
4940.563,0.20286436237026792,4.211135407755354,24.689750428398657
4943.469,0.2035585577854988,4.211096700531695,24.687435357792495
4946.375,0.20450437274773225,4.211078431714597,24.694307329578866
4949.282,0.19996422110594433,4.211241273924297,24.68909262919875
4952.188,0.19983200621588812,4.211310294102448,24.698964711209847
4955.11,0.2026612907246006,4.211267914588679,24.69717193796091
4958.016,0.2023778674673314,4.211473099011413,24.69231416507932
4960.922,0.20320361249038957,4.211106069282294,24.68202587799449
4963.844,0.20179590751980567,4.211321818049084,24.67327163727978
4966.75,0.19996744420744358,4.211192096757351,24.678383635935244
4969.657,0.203693460210313,4.211385356862275,24.671696320007026
4972.563,0.2037975465561429,4.210957207650542,24.665671228410893
4975.469,0.2012397651764623,4.211133052892436,24.6588854549758
4978.375,0.20252444455722188,4.21106608155097,24.65500007979409
4981.297,0.20139538978160515,4.211273773821411,24.653572605614585
4984.204,0.20291637775081067,4.211116168701829,24.65135244390112
4987.11,0.20471473334120052,4.211143191632511,24.64527763518521
4990.032,0.19839001394153533,4.211297924466567,24.64854580797324
4992.938,0.20122303715569057,4.211271418952206,24.649122553808255
4995.844,0.19994169206842693,4.211411633834227,24.645733369517476
4998.75,0.20134891874906408,4.211297212254068,24.646390461975287
5001.657,0.2026617282339489,4.211215321781911,24.64633263028602
5004.563,0.20467387029811188,4.21124712324646,24.643206457553692
5007.469,0.20183961902252995,4.211566595260924,24.635464281344166
5010.391,0.20025431732857055,4.21147424131021,24.63525063011075
5013.297,0.20485546900341559,4.211440638843432,24.64281227489543
5016.204,0.20022792430522832,4.2115842291067755,24.63565779298838
5019.125,0.19798003115050852,4.211702122243148,24.636472832833643
5022.032,0.20304035309205662,4.211541103278127,24.63446826497544
5024.938,0.20326059489852455,4.211696289216908,24.62136933724699
5027.844,0.20498595762097696,4.211239841711376,24.6321767507656
5030.75,0.20355851480896392,4.21154558911222,24.626357330615566
5033.657,0.2038475201320657,4.211595998205498,24.6231285251002
5036.579,0.20350720084013366,4.2119744653955475,24.627600086473812
5039.485,0.2029507154207691,4.211773066655961,24.61911349604948
5042.391,0.20122222108151233,4.211782584204575,24.619097548274404
5045.297,0.19948230288665847,4.21195486088415,24.61821462249874
5048.204,0.20089975460192447,4.211888449776972,24.6184632377247
5051.125,0.20068984404279966,4.211670742727584,24.615631160731315
5054.032,0.2018027995450209,4.211800446800025,24.621182920278834
5056.938,0.1994076406515236,4.211966730810189,24.615120594373128
5059.844,0.20187505267082262,4.212053110080556,24.61197406333994
5062.766,0.2009711490488396,4.212004886121697,24.612226297552617
5065.672,0.20370850068580934,4.211929154339895,24.598704409480334
5068.579,0.20052555794928034,4.211977895683513,24.59795852510974
5071.485,0.20201358625207383,4.211956545131984,24.594870213666432
5074.407,0.20125334481272006,4.212258256205065,24.60332859351527
5077.329,0.19826728000117777,4.212337067982027,24.599149792309127
5080.25,0.20403240262064798,4.212192207078257,24.595076880977995
5083.157,0.2022763277875077,4.212193716610643,24.601591253869387
5086.063,0.20200296475080565,4.211976895801699,24.595609289512208
5088.969,0.2009342313301257,4.212213072627609,24.58520636908658
5091.875,0.1988299126030757,4.212459787440663,24.57952688123818
5094.797,0.19606294354090112,4.212402499916552,24.585819145664164
5097.704,0.2023327586602804,4.212435378695723,24.57081169967547
5100.61,0.199705002639433,4.2123539047662515,24.570719454823603
5103.516,0.2007757441943833,4.212384777705292,24.57338868306114
5106.422,0.20155665184285118,4.212711437010358,24.570574756537795
5109.36,0.20235703992601795,4.212420310496794,24.57007036244157
5112.266,0.20035152888581292,4.212301448989418,24.566374632808603
5115.188,0.20354625759979075,4.2126689623514535,24.56167990670433
5118.094,0.19936891530496326,4.212767045299149,24.560126361733147
5121.0,0.1995872774179212,4.212473512947684,24.562459999380067
5123.907,0.19929690748867368,4.21297069960938,24.549457009391865
5126.813,0.19907665713994135,4.212652991274454,24.560225611948113
5129.735,0.1991886112166523,4.212921573392141,24.556578115926058
5132.641,0.20029392290981296,4.21273238224816,24.544775049684887
5135.547,0.196705350136658,4.212994155622341,24.550414822710472
5138.454,0.19489150314496131,4.21284111956014,24.546522796107727
5141.375,0.19922461266386177,4.212922084486985,24.54280364253473
5144.282,0.2005182413190229,4.212775257204522,24.535520088119217
5147.204,0.19909552972600747,4.212988578436017,24.536806941930656
5150.11,0.19824008448964614,4.21321043439095,24.536112513692775
5153.016,0.19729237767561603,4.213251795493702,24.53526106085253
5155.922,0.19713508609662153,4.213064905967096,24.534439674147627
5158.829,0.19942478588743937,4.213170927213283,24.536387309878556
5161.75,0.1998612183771456,4.213322038608397,24.530624810713686
5164.657,0.20003457792957033,4.213189939829091,24.527612525966763
5167.563,0.19817657576224015,4.213386475745192,24.522391817501774
5170.469,0.19659429756559982,4.213649194236356,24.52784497305718
5173.375,0.17354342454162566,4.2114182949174905,24.51891702478847
5176.297,0.1748855772339541,4.21142711984146,24.522992129238272
5179.235,0.17893260336059078,4.21105250830286,24.52059977079089
5182.141,0.17894146839009117,4.2107287892396,24.516562985428227
5185.047,0.17636105836379712,4.211335620312203,24.51620259276457
5187.954,0.17650436486188364,4.210839444457155,24.524697083881076
5190.875,0.1772176272713142,4.210847254472474,24.519930535823416
5193.782,0.17977521677525565,4.211054713614589,24.519242753784223
5196.688,0.17469286188783342,4.2112282596242485,24.51996130281769
5199.594,0.17555499672952718,4.211084019870362,24.523270004513815
5202.5,0.17818938440814056,4.211080898814315,24.524142772554786
5205.407,0.17809496934687413,4.2110314037971275,24.525103786349174
5208.313,0.1748317752546259,4.211139429435031,24.521059379694936
5211.25,0.17796902122830988,4.211178943262672,24.50595951541729
5214.157,0.1770249293842522,4.2111787573963735,24.502397469070296
5217.063,0.17866348329347875,4.211122085489397,24.501079094061083
5219.969,0.1770186738762008,4.210941530557308,24.490467304811368
5222.875,0.17553681100030546,4.211307152721017,24.486077609226026
5225.797,0.17980458662318483,4.211184262281979,24.4862075068957
5228.704,0.17652851121731128,4.211176782723798,24.481569926572234
5231.61,0.17907773872542804,4.210996047189848,24.48415390452524
5234.516,0.17594105359852302,4.211013369573303,24.477304445011708
5237.422,0.17766279758620093,4.2112955512199575,24.472637468182725
5240.344,0.17971886746567906,4.211249535471178,24.48077244505383
5243.25,0.17918846794115154,4.211082361967552,24.481657797789453
5246.172,0.17720112799657284,4.211251756410886,24.474647117655277
5249.079,0.17795309436751444,4.211338150516414,24.475913930616397
5251.985,0.1776912494689704,4.211285972806621,24.472521407247072
5254.891,0.1759879429368655,4.211259558727672,24.47813091750854
5257.813,0.17703030504357944,4.211247412300878,24.468041433950695
5260.719,0.17601450334862861,4.211283938921794,24.46248826998751
5263.625,0.17607710730407108,4.211238711917989,24.470256243584693
5266.532,0.1781402221450436,4.211354647741712,24.460673840462437
5269.454,0.18016677172592827,4.2113208828496544,24.466115992622413
5272.36,0.17462395507936532,4.211569906577232,24.470036147119046
5275.266,0.17841756884674995,4.211303880401548,24.466194805615753
5278.188,0.17673775601625738,4.211509782502819,24.464374390628763
5281.094,0.17690960204761308,4.211303029905191,24.45189734574614
5284.016,0.17970152844117315,4.2115323485669265,24.453348156705943
5286.922,0.17675412729530923,4.211406326329923,24.445627156336943
5289.829,0.1770787848518753,4.2115826376479095,24.43708179153761
5292.735,0.17465127102684352,4.21146238188284,24.449541531163536
5295.641,0.17767320460884276,4.2114570461497625,24.4495500478236
5298.547,0.17649963275912822,4.211698045964208,24.44830800972984
5301.469,0.1754283045113286,4.211507520467125,24.450397315856552
5304.375,0.1774714772368486,4.211566691004015,24.44211810009485
5307.282,0.1752160191886534,4.21170276926962,24.435347343589925
5310.204,0.17500454866083784,4.211985215008646,24.437171518570835
5313.11,0.17856089401414071,4.2116744341157615,24.443441134014314
5316.016,0.1776989108300185,4.211890038928969,24.441378614245256
5318.922,0.17684550652520173,4.211760710164056,24.439670781703597
5321.829,0.17400123974716386,4.211789899628306,24.440158245584517
5324.735,0.17652045037150063,4.211819993680275,24.45138985722694
5327.641,0.17278648950004785,4.211499598420938,24.451166049677315
5330.547,0.17330447473237673,4.211837404281926,24.445325297783178
5333.454,0.17542421332870398,4.212109522264139,24.438286676649877
5336.36,0.17861784692887994,4.211967073839871,24.433757761253123
5339.282,0.17611791295136475,4.211993066883246,24.429492919964318
5342.188,0.17727710349522166,4.212103050338232,24.42906200935577
5345.125,0.175089283873042,4.212183385862914,24.43338311031667
5348.032,0.17414667186702423,4.211734917707913,24.433101489721427
5350.954,0.1765721059214396,4.21222514339596,24.43658435253342
5353.86,0.17807425445354347,4.212187215886898,24.425537458163117
5356.766,0.17421546506987728,4.212185573368866,24.413076630946417
5359.672,0.17690691475444706,4.212106060327122,24.411567844797972
5362.594,0.1732251065703812,4.212123176247947,24.415370272358544
5365.5,0.1753416378962775,4.21214720233092,24.412558398354786
5368.407,0.17586298410505316,4.212242284349677,24.413758384391684
5371.313,0.17333096077759297,4.212092936910991,24.40964231675408
5374.219,0.17940154559174346,4.2121793239672725,24.40661335061241
5377.157,0.17730327900350717,4.212035249877952,24.407932076436403
5380.079,0.17442250358499753,4.212499358969806,24.41095546465223
5382.985,0.17472953609330605,4.212227664389606,24.409870603767846
5385.891,0.1771055851014609,4.212436442634779,24.406152205988686
5388.797,0.17147872437737732,4.212463194187803,24.410297682909896
5391.719,0.17235208926507375,4.212528249736359,24.40006945492383
5394.625,0.173633652792244,4.212518697271664,24.404113513763125
5397.532,0.17651869332853493,4.212453697009162,24.399832183785282
5400.438,0.1742669215626536,4.21289345435544,24.403651527316505
5403.344,0.16954746393862544,4.21259060913796,24.400771799555766
5406.266,0.17091906065475215,4.212612961110419,24.39975948849803
5409.172,0.1726595869727739,4.212934888839743,24.39790737413568
5412.079,0.17409454151885592,4.212714898164267,24.396519718507633
5415.0,0.1771718046376801,4.212741250599626,24.399333575099803
5417.907,0.17302882254218202,4.213169591404968,24.386630486889626
5420.813,0.17416684013736283,4.212963925969948,24.390503923050225
5423.719,0.1702309284476477,4.21271308715731,24.381188704148656
5426.625,0.1726588629730682,4.212772948363549,24.38486677157584
5429.547,0.1706430758795091,4.2130564961282095,24.389501924182905
5432.454,0.1739456407849864,4.213031341416218,24.38472854922887
5435.36,0.1748330477435718,4.212998605299996,24.38437779575018
5438.266,0.1724633841895512,4.21303079190506,24.384548901030627
5441.172,0.17183533166675088,4.2132237809022035,24.383369188084195
5444.094,0.17383872957051472,4.213110428003092,24.383399462472944
5447.0,0.17337609656222955,4.213153975085713,24.378406834535905
5449.907,0.17318559525105326,4.213260195491175,24.377118060529405
5452.813,0.17101045678315735,4.21324782767404,24.38031390387993
5455.735,0.17330337660713388,4.213102264546844,24.375467869066146
5458.641,0.17261459287750588,4.213576298643241,24.37164338608082
5461.547,0.15126450156053536,4.211306917804399,24.37280409584274
5464.454,0.15051232115286642,4.21097573930849,24.367213833608975
5467.36,0.15202828266168306,4.211031804003762,24.37236647038581
5470.266,0.1502841786140858,4.2109800797170145,24.363478071881204
5473.172,0.14925766063592658,4.211181242521671,24.368748830887817
5476.094,0.15199325673374908,4.210852601724841,24.36258845585432
5479.0,0.15442848399731784,4.211268505204435,24.351099904188636
5481.922,0.1518388523162649,4.211010537537344,24.356346201568865
5484.829,0.15047220047636703,4.210910825739189,24.344011760948703
5487.735,0.1530045456129999,4.211020824696285,24.34220883098012
5490.641,0.15181600244361582,4.210947699507362,24.346750614277795
5493.579,0.15118464810213822,4.210688184912909,24.345821500878355
5496.485,0.14991589235371508,4.210753478672936,24.346379420160662
5499.391,0.15228572808347374,4.210876892082581,24.35397982633978
5502.297,0.15138173259651605,4.210919693072152,24.345541467623903
5505.204,0.1507879148528867,4.210982825846255,24.343585480237742
5508.125,0.15219897698432486,4.210813561569679,24.328510283961403
5511.032,0.15252566219913227,4.210926848485802,24.332584144345216
5513.938,0.15335469003865962,4.210772342742068,24.32875787172533
5516.844,0.14602233962780503,4.211035382188316,24.323964404537183
5519.75,0.1508663335066776,4.211019818280333,24.329118659029827
5522.657,0.15134721756883784,4.211131755701741,24.3291601913658
5525.594,0.15084856986284456,4.210940802339409,24.324728056364233
5528.5,0.14953208527303902,4.211199187298472,24.328290597849193
5531.422,0.150786111085199,4.210758953422646,24.33026829811065
5534.329,0.15062305322697445,4.211099909311275,24.314043999620598
5537.235,0.1508569098609217,4.210811517840481,24.325093906310716
5540.141,0.1503712582915152,4.21080529507945,24.31887798361368
5543.047,0.15012650347909198,4.211136240389242,24.32464306105634
5545.954,0.1510017705844433,4.211333908818966,24.316552965981053
5548.875,0.15255835033368828,4.210928850633666,24.320064188695145
5551.782,0.14944666838052012,4.211303690879325,24.31901763878276
5554.688,0.14718810972654825,4.210931880408043,24.306337804590342
5557.594,0.15146256907172312,4.211418439309018,24.307848730322743
5560.516,0.1508740905878422,4.211033105770505,24.31318163622569
5563.422,0.1514099890607626,4.211193435515017,24.313469374053508
5566.329,0.14927943438943309,4.211194989755667,24.31035749168438
5569.235,0.15081252238727583,4.210857721019897,24.311715286586793
5572.141,0.15566747920999335,4.211076901431308,24.303080252934524
5575.063,0.1534851447322175,4.211184632782278,24.315699686480503
5577.969,0.15201032972422596,4.2111898911424435,24.3065093895278
5580.875,0.15238102050588923,4.211488614688254,24.3031550588494
5583.782,0.14956986906679332,4.2109837597391095,24.31050107796601
5586.688,0.15343984926003895,4.211356779031678,24.306866014201564
5589.61,0.15122054268136173,4.211285718902775,24.30888341499752
5592.516,0.1479179120902164,4.211353902289879,24.3012872372016
5595.422,0.14936847534818679,4.211503793078706,24.297936016854102
5598.329,0.15448633646658422,4.211482973706005,24.295341705979837
5601.25,0.14782136707813867,4.211274663683516,24.292194711530733
5604.157,0.15020359616664578,4.2112898058302575,24.294858747891023
5607.063,0.1521582925358754,4.211394085757219,24.283423119620124
5609.969,0.14805676034903006,4.211452891538547,24.286299264068905
5612.875,0.1521227308313638,4.211366608919228,24.27921879504657
5615.797,0.15091720473867365,4.2115023710309645,24.280928270484402
5618.704,0.1497994380349721,4.211444248351657,24.282663642854228
5621.61,0.15068267161795892,4.211593704044083,24.279657758727495
5624.532,0.1494096736359465,4.211398265659705,24.286051347714523
5627.438,0.14855661756310162,4.21114859374674,24.28228445182788
5630.344,0.15093220580369254,4.211562575136578,24.28165837963121
5633.25,0.14761056179726678,4.211671951981383,24.281739593748565
5636.157,0.14942682737471588,4.211439690821495,24.279511294534018
5639.063,0.14749070561672184,4.211403503025254,24.278002566907166
5641.985,0.1495957905682998,4.211817284634931,24.2742854813791
5644.891,0.15084504119609557,4.211685241751429,24.280085003010917
5647.797,0.1497884765138945,4.211926007441775,24.26372988991565
5650.704,0.15047867606939086,4.212019729917784,24.26571619312132
5653.61,0.15112449533391617,4.211786801692114,24.27474492114868
5656.532,0.14510006271027845,4.2114979613234595,24.284502101558665
5659.438,0.14783795617583273,4.211958228765578,24.284134595113247
5662.375,0.1495974248173249,4.2117907219676445,24.277883010271516
5665.282,0.15000409960160316,4.211485809277246,24.27427537936788
5668.188,0.14951141069975482,4.211809438044794,24.271767805393704
5671.094,0.14755666101428397,4.2118213846136285,24.2686858801542
5674.0,0.15110072737669603,4.212161046943905,24.27032058129398
5676.907,0.14850747005026058,4.211777855655349,24.262503421306224
5679.813,0.15116857325967145,4.211969510652199,24.269804394460085
5682.719,0.14598660171185576,4.212037517472308,24.266032627825602
5685.625,0.15057235247987338,4.211986496347702,24.254075562688833
5688.532,0.1480861893135927,4.212134641754483,24.245613049902254
5691.438,0.14867051257922562,4.212347365706867,24.244450427585782
5694.375,0.15010427034065216,4.212406226588212,24.249286133678766
5697.282,0.14952418064614167,4.212086367586739,24.254450865367698
5700.188,0.15122422853579948,4.2122740541486445,24.248366124701292
5703.094,0.14587569125433358,4.212122303083943,24.245684741886826
5706.0,0.14675252890537324,4.2124071374951955,24.251922012423
5708.907,0.1487659401072183,4.212580897464071,24.246147945728175
5711.813,0.15042835336044866,4.212518362833291,24.246484552456625
5714.719,0.14928224835417137,4.212097203965132,24.249020479893748
5717.625,0.14752378499184193,4.21241972390849,24.248473192340988
5720.532,0.14746085107885934,4.212376751107794,24.24946853377056
5723.438,0.14924100375362712,4.212061492942027,24.25021183550293
5726.344,0.14904352314855052,4.212291253414377,24.24598689409421
5729.25,0.14626915947402847,4.2125871275036495,24.237644038950435
5732.157,0.14756698600011214,4.212494451223008,24.235460033318414
5735.063,0.1480341443305754,4.212136397469684,24.23192821552923
5737.969,0.1486166831879201,4.212530699673024,24.22542833825166
5740.875,0.14715288751637096,4.2126347559988435,24.227867048961354
5743.782,0.14832484972646887,4.212826357012038,24.24134313148949
5746.704,0.14843824982463305,4.21261237992806,24.237580769940543
5749.61,0.14866859970038887,4.212443295784591,24.230102555878336
5752.516,0.14736161506630036,4.212786583757536,24.223311687999594
5755.422,0.14686260068118592,4.2129236838455855,24.231995989782344
5758.329,0.14792478599710002,4.212787899439756,24.228168700819058
5761.25,0.14790651457134782,4.213016825471212,24.225189983678728
5764.157,0.14725623663362672,4.212578658697547,24.232610907889594
5767.063,0.1493520507105958,4.212808269302039,24.230185755841536
5769.969,0.14801612383072182,4.212722818630909,24.232820934162508
5772.891,0.14694231514232733,4.213139198408062,24.23486951090839
5775.797,0.14682412510378642,4.212852227497232,24.230270198426435
5778.704,0.14802322793922554,4.212822511573209,24.2274071315431
5781.61,0.1496037211011905,4.212956031913675,24.22623474760368
5784.532,0.1481645627086704,4.212940145123842,24.222928461312872
5787.438,0.14862549668851335,4.2129810463260355,24.223870630090556
5790.344,0.1472661203900759,4.213247399954321,24.220667211325836
5793.266,0.1464834906545953,4.213070607963015,24.223000614101483
5796.172,0.14747255612025137,4.2133446003313315,24.21954849653696
5799.079,0.14187439204262897,4.213266934740509,24.20499999857074
5802.0,0.14533568132873034,4.213151533477941,24.208130942381242
5804.907,0.1488418777837343,4.2131711320465115,24.2148133759833
5807.813,0.14403824297488954,4.213338474020371,24.203239711686916
5810.719,0.14946084055360515,4.213320092535907,24.19918840618826
5813.641,0.14702391274912888,4.213198518341065,24.202662102499108
5816.547,0.14663774612530558,4.213567273082552,24.206994700919775
5819.454,0.12266629246409155,4.211403450233121,24.20856474397345
5822.36,0.12524541223149097,4.2113145328607615,24.208716660331454
5825.266,0.12542514512938344,4.210968159458215,24.211761645945852
5828.204,0.1222758200013395,4.211076840898508,24.213766028877604
5831.157,0.1253616950279989,4.210929091038318,24.199766315633852
5834.094,0.12492215632828137,4.210653895521921,24.199966250970927
5837.157,0.1262948963214558,4.211060778189678,24.209768887426108
5840.204,0.12530000515267506,4.210873131084108,24.209237290245724
5843.11,0.12778325947623334,4.210955774395385,24.20256458051932
5846.016,0.12353419250702138,4.211002885472921,24.19508296100053
5848.969,0.12349988251435683,4.210797482018289,24.202739438720663
5851.875,0.12337154382309107,4.211083023557194,24.193517954864465
5854.782,0.12267039603517697,4.210709961046873,24.195189908610065
5857.688,0.12565578006324854,4.210851093487871,24.193740541246875
5860.594,0.1275763223356938,4.211017042082776,24.190017333691873
5863.5,0.12767325679776367,4.211057455708082,24.188890675402668
5866.407,0.12254449192606207,4.210728886309941,24.181357506162534
5869.313,0.12898499470870453,4.210968794933465,24.187722647052418
5872.219,0.12336773778895185,4.210863362776935,24.192390350543935
5875.125,0.1257829454877809,4.2108007052054015,24.186346834432978
5878.032,0.12529637341073116,4.210731158998519,24.182616354061533
5880.938,0.12610434067749784,4.211016296042553,24.185177179123066
5883.86,0.12605451102407167,4.21085230475437,24.187337563802586
5886.766,0.1239996234057418,4.210605381241162,24.18507149582337
5889.672,0.12686763401190151,4.210788055240662,24.183770131858438
5892.579,0.12635001210164507,4.211096784540481,24.18528441420008
5895.485,0.12413326693763396,4.211135159316506,24.178421940970875
5898.391,0.1253426747139719,4.210750956006137,24.17872433456552
5901.297,0.12437784787205863,4.211021252975536,24.18092639342795
5904.204,0.12290257326346296,4.210875184662095,24.17787978544306
5907.125,0.12637506003081728,4.2108057787087105,24.171515410302735
5910.047,0.12348658967674149,4.2108265383899255,24.170095530350007
5912.954,0.12616960088684923,4.210887477421971,24.174936304531748
5915.86,0.12367640797278062,4.210928986986247,24.177688638986684
5918.766,0.12586643034549047,4.21114065864212,24.175706772421158
5921.688,0.12544756354709855,4.2109448294392,24.186941705575943
5924.594,0.12813578533641945,4.210869125679162,24.178356648244947
5927.5,0.12492134347229066,4.211160491737573,24.16901093559758
5930.407,0.12752088989304713,4.210897112642313,24.162630795234016
5933.329,0.1255783295648758,4.211164720417718,24.161828977865326
5936.235,0.12525660229152455,4.210941478222146,24.168090252542054
5939.172,0.12314408258522448,4.21096244580212,24.158551413007814
5942.079,0.12382626118911537,4.211105185018705,24.151769669918743
5944.985,0.12264799521130881,4.211119234980738,24.145018139458774
5947.907,0.12459088223763772,4.2110821204839075,24.147312081672197
5950.813,0.12411823297760399,4.2112143162159175,24.142217642872527
5953.719,0.12435444273267465,4.211098958657191,24.148278851866024
5956.625,0.12440660976194466,4.211129921721265,24.145383701137813
5959.547,0.1242212977657027,4.211250935432657,24.1457378960023
5962.454,0.12358557738145597,4.211293311082115,24.14660459650805
5965.36,0.12369163781595865,4.211168686124804,24.14694486652204
5968.266,0.12393625107105467,4.21099421529953,24.14153185668484
5971.172,0.12631394964475567,4.2111519884252395,24.134815091441343
5974.094,0.12699893924077274,4.211274801144919,24.132010837630894
5977.0,0.12573813739372786,4.211241960596929,24.13412535187683
5979.922,0.12282801667092276,4.211312960558758,24.128275697413237
5982.829,0.12398208627886313,4.211107139965179,24.142893788767175
5985.735,0.12560161023137417,4.211309833498341,24.137027342139366
5988.641,0.12729052710972336,4.211302909917319,24.12721224160177
5991.547,0.12192811542590486,4.211289059324076,24.12287239897768
5994.469,0.12634465840933254,4.211386557594655,24.128345913209923
5997.375,0.12595841996641594,4.211267153471081,24.138489259044835
6000.282,0.12720897589677763,4.211399889358104,24.138632313283857
6003.188,0.12410267239567668,4.211148085571328,24.140913271536714
6006.11,0.12309504738595657,4.21146310198543,24.13557224451179
6009.016,0.12396987113214913,4.211494972576678,24.136744287767787
6011.938,0.12259151071243288,4.211605907181824,24.13262164451002
6014.844,0.12370308316872265,4.2113665307106505,24.133522526876813
6017.75,0.12193184380494414,4.211530640314716,24.134438785452115
6020.657,0.1198750708993552,4.2116938806291495,24.12390279325046
6023.563,0.12459291914564943,4.211355861140813,24.130810160018026
6026.469,0.12651953425929413,4.2114157797995375,24.13397904318227
6029.391,0.12726417594063963,4.2115891057884784,24.127196502565457
6032.297,0.12460229790909548,4.211651283911764,24.122418171506947
6035.204,0.12420050778023442,4.211574282456418,24.122114445037564
6038.125,0.12481358313773082,4.211494498151405,24.121165406964984
6041.032,0.12474839354305033,4.211707769945748,24.1107431989915
6043.938,0.12513438049295533,4.211534632199401,24.115182893635907
6046.844,0.12453895582328327,4.211668202578601,24.12199558994464
6049.75,0.12513009797772423,4.211971727228358,24.105114011648453
6052.657,0.1242324047890504,4.211856762099396,24.109230761243055
6055.579,0.12507090316017944,4.211685329782281,24.113466766614966
6058.485,0.12405928265536556,4.211957035540245,24.11611704061613
6061.391,0.12344423721896904,4.211772340394128,24.109990544845456
6064.297,0.12313992548282428,4.211765668024602,24.117427798537925
6067.219,0.12429605583450397,4.211690193035692,24.115551104870164
6070.125,0.12360973272040594,4.2118725361057505,24.11034120432183
6073.047,0.12072744804124574,4.211682710290737,24.103376027065202
6075.954,0.12434180709295861,4.211870064856328,24.10294803683351
6078.86,0.1263899441383596,4.211936707168013,24.10730056548309
6081.766,0.12200362163184962,4.211709185955315,24.109000031486314
6084.672,0.12235421744225178,4.211824895561376,24.106068799685062
6087.594,0.12239171700276845,4.211625388377769,24.110291340610274
6090.5,0.12316009213369401,4.211945651438752,24.10266788389757
6093.407,0.12606008715434655,4.212072205954185,24.098803681839087
6096.313,0.1219414765596874,4.21188778118284,24.109788557835603
6099.219,0.12657569879943392,4.211968241171813,24.1051427878541
6102.141,0.12233178426651542,4.21206229978341,24.10550798935864
6105.047,0.12125870355353033,4.2119495740361925,24.099005329500816
6107.954,0.1212880374370629,4.212046973703575,24.09787093994838
6110.875,0.12471063659684457,4.21226430091259,24.10113696913689
6113.782,0.12348956898606166,4.21202310728068,24.1031879400161
6116.688,0.12580261000675239,4.212101737699936,24.103422811951848
6119.594,0.12378118004544512,4.212282386504596,24.10256820578898
6122.5,0.1171217504403604,4.212019152454194,24.09697182597423
6125.422,0.12385169903851977,4.212143181087664,24.105318520119795
6128.329,0.12391280621693997,4.212446635440176,24.098024612559158
6131.235,0.12306489330405322,4.212214754012816,24.092125653964704
6134.157,0.1228398421322566,4.212222107249243,24.09816137669701
6137.063,0.12060911959412939,4.212204403222215,24.101009934314
6139.969,0.11983533034114174,4.212127667574165,24.1055980198001
6142.875,0.12134418626028716,4.212520086481569,24.096671658423723
6145.782,0.12373775204859572,4.2124828228273365,24.094352840057216
6148.688,0.12368225632000676,4.2122705900957,24.094489246871312
6151.61,0.12344408593885879,4.212447248081113,24.091625287132114
6154.516,0.12017238275400875,4.212488784731242,24.08394263193072
6157.422,0.12270620314933534,4.212554286613409,24.0870650367282
6160.329,0.1194948702605632,4.212663106374001,24.08482544962519
6163.235,0.12363487727318331,4.212445630644364,24.081259535914185
6166.157,0.12240314755911569,4.212745560866341,24.07659342723662
6169.063,0.12168390715303415,4.212434975676571,24.07612034360567
6171.969,0.12106964227213332,4.21271862563335,24.06904531190877
6174.891,0.12264906047248213,4.212380730629667,24.05965835739751
6177.797,0.12245684456456288,4.212681212419651,24.063921969906268
6180.704,0.12049006638087756,4.21268309644109,24.0716807821583
6183.61,0.12496435100863766,4.212711308506131,24.075207708178073
6186.516,0.12095929471432738,4.212701436813383,24.072462174877394
6189.422,0.11870357539002237,4.212775479584958,24.07526393293806
6192.344,0.1203820733337879,4.212832314556933,24.07209448626629
6195.329,0.12305749715491454,4.212703622232734,24.06072045593564
6198.329,0.12107991135461299,4.212964794881522,24.072401192806474
6201.313,0.11989486006587992,4.212724938237222,24.06665907409803
6204.235,0.12175675130973455,4.2128350529507985,24.071252690748228
6207.157,0.12112899955186364,4.212895936830733,24.064681082494612
6210.063,0.12286458185529063,4.212697333610195,24.065222508694852
6212.969,0.11863893077640121,4.213048383238386,24.066422449218393
6215.891,0.11914913971430346,4.212864720730568,24.060051528920408
6218.797,0.12004226221039387,4.212867274080613,24.05874120207953
6221.704,0.12097540079820883,4.212866398450179,24.054801646065112
6224.61,0.12082396707664386,4.213023338781676,24.047396825173834
6227.516,0.12131058782359817,4.213009822408488,24.052805552191074
6230.454,0.11970920823219382,4.213282347183863,24.05568270716014
6233.36,0.12202772350889238,4.213146845374507,24.056805290577312
6236.282,0.12212948874177303,4.213146961751866,24.057347808731446
6239.188,0.12312457622749098,4.21292877033863,24.04584095371898
6242.094,0.12195437560682305,4.213125293779405,24.050763838492216
6245.0,0.12024262031979098,4.212951722640665,24.05585512414166
6247.907,0.12029923799653043,4.213013666873197,24.055838932632135
6250.813,0.12038084754993383,4.2132081570850834,24.052540401086695
6253.719,0.1221295647033716,4.213489277204362,24.049268138710325
6256.641,0.12084905485097838,4.213187178841863,24.050364311258456
6259.563,0.12051927800111495,4.213383650073205,24.043334401627853
6262.469,0.11655676105092715,4.213342737669701,24.050781479374763
6265.407,0.11658669098083774,4.213227995674763,24.054193980703896
6268.313,0.12291850462801718,4.2131664879798,24.05070877986509
6271.219,0.12046631499927289,4.213299473132604,24.05222124794788
6274.125,0.12100732980508971,4.213406163607132,24.045308671510455
6277.032,0.12159913903181073,4.213541986994025,24.049946777595796
6279.954,0.12111917057457723,4.213445396821241,24.050814882937434
6282.86,0.12314217128990983,4.21339338560036,24.03933452737197
6285.766,0.1202360287406957,4.213667099917096,24.04016734109965
6288.672,0.09606293223470101,4.211398876210806,24.033795632255035
6291.579,0.09777718102920398,4.211161625634006,24.033494277458804
6294.485,0.09958492702249261,4.211058270776017,24.037091772424898
6297.422,0.09745402159909415,4.211124055597053,24.037424264420697
6300.329,0.09684397776679295,4.211138338263067,24.033666129363958
6303.235,0.09660932251343483,4.211195775633156,24.04196197810486
6306.141,0.09733023709484193,4.210869575205329,24.041762283687365
6309.047,0.09813696422350855,4.210867896402079,24.041158478512525
6311.954,0.09631119910281954,4.211089545425682,24.041453129746127
6314.86,0.0983642679114469,4.211092262645382,24.039100440060444
6317.766,0.09645761525600068,4.210985938554356,24.029896692642858
6320.672,0.09800017538077807,4.210924149794187,24.032361219019283
6323.594,0.095008432161827,4.210772957271577,24.029101194838617
6326.5,0.09852360731909678,4.210751279477963,24.020504057626535
6329.407,0.09716973759482446,4.210937904429639,24.021003791720343
6332.313,0.09754661553478726,4.210839225157318,24.017150044582166
6335.219,0.09721323467884586,4.210881042825991,24.017715613895795
6338.125,0.09818719765923596,4.210690440003101,24.023282844298308
6341.047,0.09565438675810471,4.210812348453668,24.01530428931861
6343.954,0.09995215428647147,4.210754376423804,24.0263003016284
6346.86,0.09945685560179231,4.210754576166659,24.025179963296107
6349.766,0.10034085919271442,4.210814736215858,24.013949322371946
6352.672,0.10076022141059439,4.210528650794436,24.008513248326274
6355.579,0.09861307728858633,4.21051852073954,24.010187302590694
6358.485,0.09935094657224641,4.210817662461,24.011121550839768
6361.391,0.10011517895725097,4.210573307301542,24.00930359142679
6364.313,0.09633089104862845,4.210650707415909,24.00677434167845
6367.235,0.09883663110550815,4.210903398975131,24.010255713915008
6370.141,0.0974240407770629,4.210434783424226,24.00861013384282
6373.047,0.09281863548523632,4.210916698257437,24.01491711058411
6375.954,0.09303225794058682,4.2106098302064465,24.006598121337053
6378.86,0.0987294732795224,4.210862271434278,24.00624703527497
6381.766,0.0966744265780479,4.210735476431742,24.00665255624065
6384.672,0.09538324857411383,4.210857324994128,24.0025438161591
6387.579,0.09635363793361419,4.210678523888904,24.001127413495947
6390.485,0.09531963134501366,4.210681248314285,24.004066433456124
6393.391,0.09422618264654181,4.2106307987568155,24.002648552057767
6396.297,0.09445732635372471,4.210528893310877,23.99385461786424
6399.204,0.09819062573107448,4.210899852552835,23.994247738811527
6402.125,0.09821208440562054,4.210758509600345,23.998368419702164
6405.032,0.09508787373647666,4.210502703027585,24.004866263902617
6407.938,0.09963193556744829,4.210815488648658,23.99931266287221
6410.844,0.09698356491742778,4.210769202104262,23.99630008621101
6413.75,0.09644839995178346,4.210700553819867,23.993036491534188
6416.657,0.1001190324965578,4.210980970043704,23.996607512540425
6419.563,0.09727308508096559,4.210802010865003,23.99846353032931
6422.485,0.10013870361644116,4.210743380443995,23.998038814794622
6425.407,0.09240336178840143,4.210468173537189,23.996752056743386
6428.313,0.09905838317773935,4.210723056419005,23.984736714476153
6431.219,0.09691284990386198,4.210831546463294,23.99118930270988
6434.125,0.09794595373111031,4.211108450031098,23.983843060659062
6437.032,0.09465350867655588,4.210851199264243,23.990754669046122
6439.954,0.09985196686553245,4.21072779897283,23.995692887718313
6442.86,0.09533992254406891,4.210785520344444,23.99666692756433
6445.766,0.09684305842783651,4.211123357640754,23.995017800554397
6448.672,0.09686331690101822,4.210863793900764,23.999647159954385
6451.579,0.09624293444596312,4.2107157266260975,23.997428446882004
6454.485,0.09757496735770868,4.210999105055082,24.004822381244338
6457.391,0.09871836481484106,4.211023404772741,24.001762323139086
6460.313,0.09674822442901838,4.210918392096976,24.00410985392575
6463.219,0.09711375105364976,4.210912257824308,23.994269668939772
6466.125,0.10015434704172801,4.210613517495102,23.997762641363543
6469.032,0.0992456285768322,4.211258344278522,23.99416482474176
6471.954,0.09467843715591431,4.210805599244279,23.997398334612996
6474.86,0.09711925318970498,4.210949069583871,23.994118077239794
6477.766,0.09512320053436278,4.2110379093602415,23.991005823411015
6480.672,0.09872458409704127,4.21089919265103,23.991349097667573
6483.579,0.09876570055303807,4.211085312224305,23.990637620296397
6486.485,0.10204970344000461,4.210840206047157,23.986209110226643
6489.391,0.09909394759170066,4.211041667989055,23.986901638178807
6492.313,0.09774051444628758,4.211116935425849,23.981466841701508
6495.235,0.09837125126826143,4.2110265352997045,23.97869873486042
6498.141,0.0968352999099543,4.210935402853865,23.97669529511218
6501.047,0.09741896127323851,4.21126742235432,23.973166199330084
6503.954,0.09490423491007759,4.21140335298374,23.975259839618257
6506.86,0.09612516791672465,4.21126570524005,23.965816338665192
6509.766,0.09674950444126516,4.211170746060076,23.96690488206169
6512.672,0.09608854776350235,4.211334188239448,23.96878149947342
6515.594,0.0980028223013668,4.211008242081813,23.97091964352687
6518.5,0.10248894140755226,4.211114390770102,23.964042910221796
6521.407,0.09864828366398043,4.2110735044739585,23.971482295244805
6524.329,0.10039932473117294,4.211456502400503,23.970910797144427
6527.235,0.09380552079958035,4.21135030288689,23.96917874398636
6530.141,0.09940553411876357,4.211218982147979,23.981184436224574
6533.047,0.09692568941217075,4.211128451664469,23.975976042314272
6535.954,0.09883001400294705,4.211261523804018,23.977655440032166
6538.875,0.09771443022790198,4.211243323137105,23.9746768391943
6541.782,0.09811398570066168,4.211228756106534,23.973490174137254
6544.688,0.09911860312492039,4.211129902977026,23.977627125254163
6547.61,0.09232429348370631,4.211165405869813,23.97355877162035
6550.516,0.09906419288650249,4.211299296620246,23.96525952178824
6553.422,0.09569062355091132,4.211440984335566,23.971741034213572
6556.36,0.09677494973158429,4.211578470923629,23.964385053817544
6559.266,0.1000423928598634,4.211385848836731,23.973607040879976
6562.172,0.0954146292336571,4.211391656498581,23.972665536891203
6565.079,0.10280938063952884,4.211468695862031,23.97182833295555
6567.985,0.09846778102140956,4.211560242066219,23.9626476087448
6570.891,0.10012191269326726,4.211769952787615,23.955070288257744
6573.797,0.0969656669702693,4.211494445116722,23.955680903830622
6576.719,0.08770160110088303,4.211470750001286,23.95760586276994
6579.625,0.09531737651988856,4.2113206712222695,23.95388139122732
6582.532,0.0932357611385397,4.211086338716705,23.948417163545276
6585.438,0.09520894052517852,4.211625940152392,23.95056834101559
6588.375,0.09420429779420089,4.211580206776511,23.948013723297322
6591.282,0.09370543565868354,4.211521171715336,23.946201607268975
6594.188,0.09685228081733523,4.21169415951839,23.949171456932966
6597.094,0.0999443284376954,4.21150042371889,23.95548936861297
6600.0,0.09444186462415781,4.211483262313245,23.952084207687122
6602.907,0.09396463790131598,4.211571402247553,23.947301388245616
6605.813,0.09483664692567834,4.211887623312285,23.949878025743985
6608.719,0.0955805542481931,4.2115183507293015,23.950696606512984
6611.625,0.09434618079864435,4.211586520989066,23.952649257248282
6614.532,0.09655873502445744,4.211679268134812,23.9539881800688
6617.438,0.09612674199765855,4.211917748266274,23.951967712811367
6620.344,0.09714277889264597,4.211508550737948,23.943766822830558
6623.266,0.09793837061729863,4.21153682746707,23.943988259826828
6626.172,0.09774338093154884,4.21176857415213,23.94158825011246
6629.079,0.0989951598794763,4.211683068146453,23.940487263823517
6631.985,0.09574536116082584,4.211621954507908,23.94219111294157
6634.891,0.09421544691956515,4.211756144915119,23.934374256160986
6637.797,0.09611115701629835,4.211786772660674,23.92459794682244
6640.719,0.0976763808542967,4.21175732934682,23.92910521519044
6643.625,0.09925230721743748,4.211938691424206,23.93262430668083
6646.563,0.093761469765941,4.211584767941367,23.941926797479667
6649.469,0.09101218981887742,4.2117669090565855,23.936603383112512
6652.375,0.09283093723323343,4.212072454935018,23.940742371274087
6655.282,0.09610482348507589,4.21183752723707,23.940593181080903
6658.188,0.09682947392770543,4.211582567960046,23.935142993154034
6661.094,0.0958443205779426,4.211622783739652,23.932773658855716
6663.985,0.09732139654938744,4.211767837158325,23.93511745935966
6666.891,0.09511519617875813,4.211824879161928,23.929318417404467
6669.797,0.09202144251880548,4.212332520628966,23.93632360383721
6672.704,0.09021375532070106,4.212002988632672,23.931507206176036
6675.61,0.093883586348015,4.212411901413838,23.932480887200317
6678.547,0.09105896366675655,4.212199151727332,23.939016633642154
6681.438,0.09538302014298064,4.212250952559552,23.94111577188913
6684.344,0.0956012824800816,4.211495049824505,23.936820341663005
6687.25,0.09909499102521206,4.211952427533256,23.936144481891777
6690.157,0.09686992510214788,4.2123987965758,23.94216910868039
6693.063,0.09792573610654144,4.212060822331022,23.937825162745547
6695.969,0.09342858036819661,4.211955337820887,23.944172621293593
6698.86,0.09706388436143559,4.212133937902572,23.94293287590741
6701.766,0.09237541517818572,4.212324032976047,23.93879880031405
6704.672,0.09509739742339544,4.212208193839005,23.934774391752345
6707.579,0.09408361161412847,4.211987918679868,23.937908665705287
6710.485,0.09684824850889302,4.211915192498258,23.940477095730174
6713.407,0.09502652013958472,4.21209291972527,23.936918657929237
6716.313,0.09715549132956264,4.2122804208423155,23.92048679963146
6719.204,0.09566010610456971,4.212416353495541,23.927655605248116
6722.11,0.09197542510252495,4.212104531974838,23.929005923684194
6725.016,0.09259864528008409,4.2122620052990225,23.92814351557789
6727.922,0.0981411310489847,4.2126197594945,23.93325186540795
6730.829,0.09626366543117217,4.212030811277329,23.932798713798164
6733.735,0.09598691845481451,4.212347978799147,23.931773798211076
6736.641,0.09029630476130071,4.212337987638907,23.93316692771684
6739.547,0.09472961079919026,4.212573436597686,23.931333715971878
6742.454,0.09732688026113955,4.212543236917057,23.926205224233456
6745.36,0.1006125990039238,4.212146310960101,23.9211554945899
6748.266,0.09029982295602855,4.212851729576469,23.92626736059478
6751.172,0.09763053225452957,4.212334838950814,23.927548006962244
6754.079,0.09431890595829953,4.212476977652125,23.92610867066116
6756.985,0.09153440583578737,4.212248061846594,23.91789071788362
6759.891,0.09383471367320755,4.2122495373911875,23.912970585454254
6762.797,0.09328816580316203,4.212229604679927,23.91643844051339
6765.704,0.0951830439394986,4.212410004682852,23.913311378556802
6768.61,0.09357370801731807,4.212673763286293,23.925073929051738
6771.516,0.09554205196156638,4.212553753488617,23.919442170661576
6774.407,0.09350547308185085,4.212420761866592,23.917033649043393
6777.329,0.09356079706333306,4.212578726331139,23.924837707594467
6780.235,0.09009100497223003,4.2126842330139445,23.91444470923178
6783.141,0.09382302057885432,4.212234068242935,23.919025588639958
6786.047,0.09327860258864991,4.212954572272543,23.918187013817544
6788.954,0.09505730784383357,4.2125464415834655,23.912393636065616
6791.86,0.09613381412036787,4.2127394310218405,23.916874620963664
6794.766,0.09480652516161218,4.2129287609329875,23.90747135879976
6797.657,0.09283308753564636,4.2131323777022365,23.908689536672508
6800.563,0.09339194527699646,4.212552835314672,23.90794437679866
6803.469,0.09505386268359561,4.212085810982926,23.913559607855067
6806.375,0.09423302369131158,4.212374552872426,23.907271392779407
6809.297,0.09933597947656994,4.212823423259238,23.903593728228667
6812.204,0.09220858034361373,4.212722465295228,23.912653099803943
6815.11,0.0902331130127858,4.212921457688497,23.91751969410701
6818.0,0.09209449566315467,4.21290371752885,23.915717699411005
6820.907,0.0938572109146447,4.21276001383287,23.91650412636766
6823.813,0.09086733078396239,4.212908565246422,23.916061211846202
6826.719,0.09386422741628936,4.212571609376481,23.916204818744067
6829.625,0.09209921871445621,4.213240695467379,23.91573357374594
6832.532,0.09235182534211844,4.213010358011669,23.91452513099018
6835.438,0.09278650087028414,4.21293703577179,23.917181824334683
6838.329,0.09242589640385217,4.212871837840267,23.916451101424
6841.25,0.09380032313992331,4.212774402432494,23.914427813670223
6844.157,0.09105613782481986,4.213008829827147,23.910689601459048
6847.063,0.0916464818243329,4.213013179110761,23.901564583932903
6849.969,0.09472034544694066,4.212689128339925,23.9052856892963
6852.875,0.09337121959259166,4.213089446240398,23.9102290887901
6855.782,0.09273146830804754,4.213112960298689,23.899048719149643
6858.688,0.09327657553251528,4.213234796631006,23.89065350084145
6861.579,0.09188354663804901,4.213367796868213,23.897609956356533
6864.485,0.09091953804034113,4.213116734588189,23.903090558153313
6867.391,0.0924757609812255,4.213307382931231,23.90189390631591
6870.297,0.09812789022792696,4.212782452684964,23.897198490901477
6873.204,0.08977902138913313,4.213657692559205,23.897604524577968
6876.11,0.09467047407549575,4.213157495118812,23.885858956166636
6879.032,0.0924811138531891,4.213042466739391,23.893997822840177
6881.938,0.09284656975871945,4.212968861478094,23.890336155058463
6884.844,0.08850580884864681,4.213264199740488,23.885027714109594
6887.75,0.0911312881432295,4.2132037626469865,23.882093340778265
6890.657,0.09155767680278049,4.213258222445591,23.87456008534867
6893.563,0.09662937608757871,4.213564273591015,23.87805547592961
6896.469,0.0923602647321522,4.213408163663855,23.87809667915807
6899.375,0.09151517702356862,4.213576203255973,23.888069457853703
6902.282,0.09223815742927538,4.213444795481232,23.88407708768743
6905.204,0.09315031471723519,4.213384844118383,23.8889862779026
6908.11,0.08747019279702517,4.213687010403796,23.881837605382817
6911.016,0.0899080856230346,4.213551394879665,23.887648268675264
6913.922,0.09362175295583536,4.213258643448296,23.880240986949023
6916.829,0.09257090106045496,4.213337845235649,23.888212845449466
6919.735,0.09159784065875987,4.213374549132497,23.896922926109195
6922.641,0.09320916456681987,4.213323545439542,23.893570598536602
6925.547,0.08687587674864163,4.213687345532342,23.894770398763836
6928.454,0.09092947266456992,4.213397901264953,23.88564388563551
6931.36,0.08984197731695179,4.213647221266155,23.87909902621922
6934.266,0.09445211666607797,4.213288225178115,23.879681982515812
6937.204,0.0895693225699733,4.213727626424262,23.877282218157053
6940.11,0.09460215898527867,4.213470487163691,23.88242376593189
6943.016,0.09504547074596308,4.213472226168114,23.884161725598442
6945.922,0.09207304875454785,4.213541575490708,23.881423606415954
6948.829,0.09181801665972358,4.213720935961035,23.876318587256147
6951.735,0.08784398023283199,4.21381117729456,23.87656137261548
6954.641,0.08911289888959571,4.213851763665789,23.88019597205993
6957.547,0.09228876974942045,4.213762900797461,23.88777987385312
6960.454,0.08917750456923759,4.21402683667011,23.885838072346264
6963.36,0.090685033783057,4.213752553819405,23.876894494226097
6966.266,0.09103692371436208,4.213753379459166,23.882502105909875
6969.204,0.08966458921914268,4.213709998776224,23.887831248908387
6972.11,0.09535883437192783,4.2135854096204275,23.880495222498496
6975.016,0.08960325495316927,4.213989326357949,23.877536706841763
6977.922,0.09503692819858048,4.213743351683567,23.88250978856781
6980.829,0.09133816650289871,4.213918372735077,23.885338504461977
6983.766,0.09467867086547968,4.213585921201384,23.876731311307353
6986.672,0.09478402154630063,4.213459891892815,23.870465938419915
6989.579,0.09152017763934912,4.214084635363961,23.874320186007935
6992.485,0.09058299248200205,4.214026583008852,23.86401106583492
6995.391,0.09282008820513027,4.213959748782274,23.866336851833026
6998.297,0.09454410126029945,4.214233414330702,23.873070156639063
7001.204,0.091891958455987,4.213959629001728,23.86370632156743
7004.11,0.09127550360956263,4.213945879933191,23.854656536705946
7007.016,0.09241893662530375,4.214087910920933,23.85719376633482
7009.922,0.0882610458365861,4.213996326580103,23.8672936597752
7012.829,0.09487569879239868,4.213848982484943,23.857651887098864
7015.766,0.09061238466542514,4.214077571197795,23.85917934500358
7018.672,0.09416465880744487,4.2140547772073775,23.85935836531216
7021.579,0.09001417174660058,4.214033599205819,23.85872007004425
7024.469,0.08748497337602257,4.214356870000441,23.86191376518628
7027.375,0.09000925508910107,4.214495017116414,23.86251348033643
7030.282,0.08836211669376952,4.214056718020498,23.863071048123025
7033.188,0.08865315988022855,4.214116479417935,23.864519751488025
7036.094,0.0886121967210033,4.214389976559389,23.86157545019449
7039.016,0.09283519688784304,4.214379581436771,23.855016686990943
7041.907,0.09226327563699621,4.214477620780582,23.859562601547832
7044.829,0.09100323946712634,4.214343945000986,23.859391295469567
7047.735,0.09237218856584363,4.214290148777423,23.856770361962603
7050.641,0.08933104611678204,4.214398820352768,23.858004177814266
7053.547,0.0914712837288626,4.214118235737631,23.85345433754955
7056.454,0.09100091677567762,4.2143686281072705,23.860152820842263
7059.36,0.09074241814679325,4.2142784798146815,23.857211144864607
7062.266,0.09086036072453872,4.214177423270632,23.84985065666021
7065.172,0.08891712192688538,4.214292928614846,23.86170214781549
7068.079,0.08994474310407262,4.214254398595348,23.852133386996847
7070.985,0.09149767700036049,4.214599023626915,23.85074858223367
7073.891,0.06995794139504043,4.212555355106541,23.85082544651957
7076.797,0.06894123171486663,4.212236738205392,23.853576498995604
7079.704,0.0678956280236894,4.212216589130687,23.853596588025862
7082.625,0.06878864596039838,4.212227497941315,23.85535951216944
7085.532,0.07157324263612667,4.2119909976098855,23.84741735902803
7088.438,0.06970310847027093,4.212164515927198,23.845706159458693
7091.344,0.07078123761927446,4.2117769982253215,23.8414188930894
7094.25,0.06741055834125184,4.212043381822846,23.837779179872832
7097.172,0.06767649456545005,4.211764128942536,23.839824094139512
7100.079,0.06864773716906797,4.21192389627933,23.83969824900788
7102.985,0.07159866355027061,4.21221496445265,23.838755159043412
7105.891,0.06957540999029084,4.211869130736979,23.837023792084864
7108.797,0.06782504713210954,4.211937164127814,23.841571219601057
7111.704,0.07017097367590545,4.211959176339376,23.837315156359132
7114.61,0.06879547695798603,4.212137353157071,23.848863958093954
7117.516,0.06956168307840102,4.21140388707889,23.84701391957409
7120.422,0.07058861110335592,4.211787423579204,23.845215945687492
7123.344,0.07019127005305724,4.211697385196799,23.850839541904396
7126.25,0.06739736010721636,4.21184417166835,23.84137858730346
7129.157,0.06960982645063518,4.2117996249135725,23.844310914177704
7132.063,0.06772896545589532,4.211910986604737,23.84623212134628
7134.969,0.06977988613793816,4.211794423094467,23.841239753393175
7137.875,0.0692302313941322,4.2118058858086425,23.842485671525086
7140.782,0.07234731229502249,4.211952712989939,23.841185388942097
7143.688,0.07279704764431791,4.21181979949087,23.83359725980369
7146.594,0.06955934740601254,4.212206324828038,23.835325590902194
7149.5,0.06862428146839743,4.212003258527095,23.838573229648198
7152.407,0.06893054769237283,4.212052230856012,23.833148934756554
7155.313,0.06646463559389114,4.211718983940051,23.84183668513653
7158.219,0.07040467526069988,4.211806124955784,23.835967373666502
7161.125,0.07005478792382526,4.211789094920901,23.83968522118093
7164.032,0.07139484979450571,4.211917842281376,23.834387841988708
7166.938,0.06959636758379457,4.211611973421794,23.83645221199891
7169.844,0.0702822053730752,4.211807525938814,23.831366996463153
7172.75,0.06948504344391329,4.211655537201623,23.836822314111885
7175.657,0.0676787358540599,4.211643930537731,23.831609701569636
7178.579,0.07097709542870725,4.211660009865273,23.83761664680633
7181.485,0.06845542069150158,4.211749269310548,23.837469421715
7184.391,0.06980777694095638,4.21171322323529,23.83974211981241
7187.297,0.07035487494501654,4.211647704223028,23.827229538054283
7190.204,0.06962783977697111,4.211621946319708,23.83024496158724
7193.11,0.06750594377058067,4.211573217964562,23.829027445793468
7196.016,0.07179523441221397,4.211545599885143,23.832207210261195
7198.938,0.07038287979189614,4.211594264031435,23.832508485896927
7201.844,0.06804852561234015,4.211970779554439,23.82494542515648
7204.75,0.06961334461314549,4.212003507144881,23.818327292563698
7207.657,0.06875915836120132,4.211760376595289,23.826718128177735
7210.579,0.06821318832247662,4.211746226995499,23.82494013371903
7213.469,0.07397436284923815,4.21123638327985,23.826584032754997
7216.391,0.06953759455376685,4.211821348345727,23.822014985198056
7219.297,0.07049834006966106,4.211913641644508,23.829420565132786
7222.204,0.06878598583649806,4.211927079096744,23.829828714282506
7225.11,0.06989216757700377,4.211936569953043,23.82660351831365
7228.016,0.06870236662823852,4.212009071515499,23.818214858494255
7230.922,0.06929493426808106,4.211928964448513,23.814043291012826
7233.829,0.07457884654757162,4.211750850803098,23.815361302135358
7236.735,0.07026770820763696,4.211731644110333,23.811557745505873
7239.641,0.07047247384542571,4.211706094081133,23.813577875061792
7242.563,0.07115270838216932,4.2117069274474215,23.817210499732514
7245.469,0.07027122790361068,4.211569601588702,23.809654575429782
7248.375,0.06952964336254887,4.211829392586784,23.808444668684512
7251.297,0.07494409862132247,4.211800515255877,23.816597412884594
7254.204,0.06959768076596312,4.2116773083034635,23.81610528362445
7257.125,0.06931322505220519,4.211838432484424,23.80386183007714
7260.032,0.07185510766930914,4.21140794714543,23.80589369860849
7262.938,0.07113277246729917,4.211859611436011,23.815421487890266
7265.844,0.06787093202565389,4.212066650916326,23.822983756442248
7268.75,0.07027558339892523,4.211847850377836,23.820898227256528
7271.657,0.07198555804318314,4.211220937726998,23.820467083539498
7274.594,0.07119338639593492,4.212007577797445,23.82130678821384
7277.5,0.07239773498347295,4.21188198928168,23.8116877179145
7280.407,0.06578442421721799,4.211884251593704,23.814144575356195
7283.313,0.0716672816647584,4.211738182529764,23.805526952408982
7286.219,0.0722994272276372,4.211799765497681,23.809774953812173
7289.125,0.0693188330084174,4.2119214177306175,23.809822146635735
7292.032,0.0701311849106393,4.212072754508679,23.810780784756325
7294.954,0.0700862122003387,4.211752207676104,23.81482784035026
7297.86,0.06807048036145727,4.212170007175207,23.82484323732412
7300.766,0.06985472284034756,4.211753299400829,23.817486256524774
7303.672,0.06971821870848159,4.212019842445098,23.80613504836546
7306.61,0.06994044618469984,4.211777443703151,23.80065814317914
7309.516,0.0679223899422615,4.212002061499225,23.7998568341556
7312.422,0.07147829191090578,4.211826266405364,23.788718815890864
7315.329,0.0643267580180319,4.21192251317959,23.789645521442736
7318.235,0.07241354789156898,4.211929440092018,23.799112696395106
7321.141,0.07382447589001985,4.212053688719486,23.798000220733233
7324.047,0.06592397438427254,4.212127851260132,23.781774967312728
7326.954,0.06898392985509627,4.211883661476664,23.789420039269622
7329.86,0.06640211078551277,4.211943453058199,23.79267657202063
7332.766,0.07652541276545753,4.212288031347848,23.791441821856807
7335.688,0.06906766814723661,4.2121192482818754,23.790752061669743
7338.594,0.06711080165605854,4.212278666340745,23.79520526385602
7341.5,0.07046704881564676,4.211640117350147,23.799499318362386
7344.407,0.07170247957596435,4.212316312297607,23.797943488122563
7347.313,0.06769078560329206,4.211894935858069,23.801865559921826
7350.219,0.0711646422734043,4.21208923116233,23.804178832100746
7353.141,0.069317665332457,4.211822593698662,23.80708821349113
7356.047,0.06849986357472629,4.212082039106157,23.80003924518816
7358.954,0.06677212673078174,4.212274158678874,23.80599974360287
7361.86,0.07388192160340165,4.212086613807507,23.79498029696926
7364.766,0.0697157395478993,4.212151906709308,23.800927370670525
7367.672,0.07001395644161543,4.212364528439439,23.801308767069568
7370.579,0.06669843120134153,4.212022393578248,23.808894933114058
7373.5,0.07093534538835108,4.21212774178324,23.80507029622262
7376.407,0.07081488145011408,4.2122345976356765,23.79316730337418
7379.313,0.06884016926970651,4.21226189239786,23.79243622666295
7382.219,0.0705450108980467,4.2119778033585975,23.790623372502193
7385.125,0.07000810297776891,4.212100339310958,23.794351335065066
7388.032,0.07020705221835741,4.211921468103527,23.796858666591355
7390.938,0.06738426453546031,4.2123262503982,23.798506287859972
7393.86,0.07073069750560575,4.212261728477399,23.789646564426604
7396.766,0.07003717312960227,4.212077445263435,23.797646483261072
7399.672,0.06623992947194822,4.212279341792031,23.795179177283096
7402.579,0.07026571588982339,4.212127372487201,23.792989927484587
7405.5,0.06962300421938473,4.212405517681196,23.795124975434668
7408.438,0.07181948963596559,4.212092161940351,23.796310094291226
7411.344,0.06964386408432119,4.212322510535744,23.78531981015124
7414.25,0.07115693741466675,4.212318574462411,23.789013402635355
7417.157,0.06644336822198317,4.2121430213608235,23.780245261404932
7420.063,0.07093360251177006,4.212157752623464,23.78407434985678
7422.969,0.06710763568379519,4.212379300429338,23.79511771051721
7425.875,0.07062756791582307,4.21223910127138,23.78782998741677
7428.766,0.07370554790378234,4.212249624799998,23.79074358977551
7431.672,0.06693710823286034,4.212273374534608,23.783613811656753
7434.579,0.06703160523526304,4.212194336851358,23.78033021620059
7437.485,0.06832146583008007,4.212440621929519,23.77311284861251
7440.422,0.0682830733447164,4.212461425008966,23.77033152315702
7443.329,0.07054052147690239,4.212164830045055,23.77068974139995
7446.235,0.06669921625073424,4.212308449470737,23.78398051035638
7449.141,0.07127961586134857,4.21215001234837,23.775606723543323
7452.047,0.06709764064577148,4.212119024787715,23.77820094449243
7454.954,0.0677822726637474,4.212214783053961,23.781433995619835
7457.86,0.06805557822546995,4.212717103050732,23.783585792760302
7460.766,0.0667338185942806,4.212496080488695,23.78751059932676
7463.672,0.0688683192475458,4.21253140025001,23.789713924861246
7466.579,0.0676551130710495,4.21224110820688,23.786632422251017
7469.485,0.0669884840317566,4.212408397656968,23.78336168252265
7472.391,0.06713633314080462,4.212565594244889,23.77656620583575
7475.297,0.06797413267826198,4.212487444582673,23.77419108147459
7478.204,0.06988948799720276,4.21236884756482,23.78126651418008
7481.11,0.06965270521605868,4.2124878881911885,23.77827999407206
7484.016,0.06753735905913873,4.212646530311178,23.781977983845717
7486.922,0.06980664291873559,4.212463941862437,23.782371893815945
7489.829,0.06648117852843369,4.212398979939449,23.78130570080789
7492.735,0.06592394517086096,4.2127452586631104,23.78998779626503
7495.625,0.06725268200064945,4.212772664894548,23.78291979673589
7498.532,0.06797884378280993,4.212777922114598,23.780313166125048
7501.438,0.06791131231089757,4.212543925994509,23.778406912596456
7504.344,0.06761205610971054,4.21235820848098,23.77118935153327
7507.266,0.06812894930865805,4.212591622022306,23.77805913806322
7510.172,0.06630290149495195,4.212563872784735,23.77444210784137
7513.079,0.06787913970276949,4.212620415031567,23.766042166170887
7515.969,0.0686948350299461,4.212436839869938,23.7632275532879
7518.875,0.06959698607825716,4.212448533168186,23.756325658969853
7521.782,0.06856328706122555,4.212764449050705,23.75895370307452
7524.688,0.06910277444738458,4.212571454925512,23.758811463608158
7527.594,0.07044800219907556,4.212566071000901,23.765183416755306
7530.5,0.06943082216342515,4.212730660141519,23.76544282969851
7533.391,0.0690234163343517,4.212454120333187,23.766261772112927
7536.297,0.06888426810561799,4.212703999941727,23.764059058672302
7539.219,0.07081237194791813,4.2127253002072464,23.76482857119003
7542.125,0.06683811771164738,4.212748763014739,23.766854990999327
7545.032,0.06889167706715933,4.2126366230706935,23.762623372708784
7547.938,0.06731091557715953,4.212728103663416,23.762412538108922
7550.844,0.06499096584287961,4.212653230811801,23.766786300759787
7553.735,0.06702037318441291,4.21257261171522,23.765907428904328
7556.641,0.06429002581231072,4.213068979356964,23.76535705238023
7559.547,0.06792098488057643,4.2128115127229,23.77061112445334
7562.454,0.0684699333189451,4.213076350336456,23.77520390324553
7565.36,0.06716918029030744,4.2125506114372575,23.78382933111002
7568.266,0.06887726222208329,4.212857767821806,23.771167097126632
7571.188,0.068344064820852,4.212976858367965,23.771417889738405
7574.094,0.06762737209358369,4.212728703579495,23.763394657258676
7576.985,0.06882065195633347,4.212688053576522,23.768687250097525
7579.891,0.06733380498165077,4.213108218864681,23.770210297771218
7582.797,0.06816659104740598,4.2127856660206096,23.774171083838763
7585.704,0.06519508996849356,4.212983740070212,23.776198374998337
7588.61,0.06707989652316892,4.212980806357119,23.760902116968833
7591.516,0.06729000539533331,4.212774255469112,23.76605339078542
7594.407,0.06869911928933001,4.213023813544337,23.75976162908668
7597.313,0.06729052467095101,4.212699810146659,23.758852116283276
7600.219,0.06813354689039842,4.213079366240835,23.755359154734506
7603.141,0.06803623569838559,4.212870127782504,23.766583689564435
7606.047,0.06986961882409524,4.212961835346157,23.754805003717088
7608.938,0.06808255055525263,4.212958640406862,23.761980358894732
7611.844,0.06821918816356745,4.213224574423647,23.76052876418837
7614.75,0.06876265582781217,4.212858561488925,23.758169545401483
7617.657,0.06731553310115497,4.213222769288702,23.771026509723225
7620.563,0.07062864346942607,4.212963490121697,23.76639657777208
7623.469,0.06537235295579188,4.212830373895327,23.77168017756769
7626.36,0.06641829729572857,4.212950751252718,23.758133620703628
7629.266,0.06901626240104673,4.212941433905138,23.764815847146235
7632.172,0.06766525808833586,4.213040351270372,23.756497701737008
7635.094,0.067581244838485,4.213147597644949,23.766972955234646
7638.0,0.0680163273079886,4.212899042671189,23.75046085613868
7640.907,0.06605548836965805,4.213094487341714,23.748379694633396
7643.797,0.06688550768851609,4.213150822058107,23.742084821435895
7646.704,0.06294745405053341,4.2132644179937255,23.73998935083224
7649.61,0.0656647610900395,4.21321831681852,23.748475565973987
7652.516,0.06616406234993025,4.213013120036684,23.75011651262227
7655.422,0.06784749162797071,4.213144316257335,23.75833150103027
7658.329,0.06635926879773023,4.213082170751496,23.75215541937286
7661.235,0.06743865813268259,4.213309847012439,23.757779372840684
7664.141,0.06640383360855596,4.21316550886747,23.755666773594072
7667.063,0.06584178575387263,4.213280785485017,23.75472327784053
7669.969,0.06486290760011665,4.2134878557685385,23.757092547354567
7672.875,0.06500379151148164,4.213128403442631,23.760578410109602
7675.782,0.06461995072769086,4.213340731225225,23.758784885988586
7678.688,0.06629107150931067,4.213435775853801,23.751252291513538
7681.579,0.0664454473361796,4.2129544382113275,23.75390121672516
7684.485,0.06756034704535212,4.212990934750276,23.749002988127145
7687.391,0.0648462956660927,4.2133227478164015,23.75415084632431
7690.297,0.06690174688270933,4.2131792419295,23.75154426390642
7693.204,0.06315792820188097,4.213347756421615,23.752655669996678
7696.11,0.06438787011904949,4.213283078300234,23.74753001970025
7699.047,0.06757007318865707,4.213291393039084,23.73566071797229
7701.954,0.06696731814821033,4.21352472232157,23.741227379943968
7704.86,0.06507566186017472,4.2130028625144895,23.742262234464402
7707.766,0.06709452999624137,4.213402829020204,23.745684062263226
7710.672,0.0683072959337392,4.213181020600022,23.74712204670978
7713.579,0.06815467077862972,4.213217889318229,23.745578404198397
7716.485,0.0672224402607575,4.213315644432621,23.735506120650133
7719.391,0.06594749745747087,4.213550931393278,23.73837751219289
7722.297,0.06668794237377176,4.213560104783329,23.727761073681286
7725.204,0.06719863428801358,4.213650214891682,23.729512793619975
7728.11,0.06805131478810988,4.213252823922508,23.72442009182567
7731.047,0.0650985680599476,4.213716060149291,23.733536522232335
7733.954,0.06659423590406005,4.213667831410169,23.733639283006756
7736.86,0.06917285732432864,4.213374144385469,23.735873966137383
7739.766,0.06328065648360505,4.213277789352716,23.732104374155355
7742.672,0.06500455929012677,4.213781509280739,23.73268083580537
7745.579,0.06647537159992284,4.213476015566395,23.72710901039876
7748.485,0.06487435648458288,4.213419958781766,23.729329647976652
7751.391,0.06624213543440256,4.213704943912008,23.722100188938214
7754.297,0.06643454072445815,4.213518901839742,23.726647786607284
7757.204,0.06852563232091186,4.213519690163476,23.732686764072405
7760.11,0.06598708747548249,4.2137095255074,23.73635910243702
7763.016,0.06183208802066551,4.213494244272332,23.726342647556216
7765.938,0.06815757141662585,4.213601708520056,23.725017331363574
7768.844,0.06595517846225177,4.2135103272786045,23.723295776052044
7771.75,0.0653456286937136,4.2136665293828806,23.725483758647094
7774.657,0.06605174168770041,4.213760228695863,23.72545689664181
7777.563,0.06497314361519697,4.213581619218805,23.733136960589825
7780.469,0.06482882959136554,4.2135591115620965,23.73681851637654
7783.375,0.0678232941531574,4.213954120515228,23.733340633725664
7786.282,0.06338817150132807,4.21384606138734,23.74245510441367
7789.188,0.06480786565847474,4.213797984676763,23.741299853612663
7792.094,0.06617625388064166,4.21353628047178,23.743108310780425
7795.0,0.06632148175617007,4.213767559811271,23.74457889942722
7797.922,0.0631565672467352,4.213649682455626,23.74567423925423
7800.829,0.06498324355638899,4.213813548090508,23.746784091950072
7803.735,0.06706360117309863,4.2138447727077475,23.74349161479619
7806.641,0.06669160293720809,4.213921384874893,23.729060641208193
7809.532,0.06653896862638078,4.214024847307413,23.733099706483543
7812.438,0.06410073111737614,4.214108383767753,23.73171146106334
7815.344,0.06904695394569726,4.213788697821851,23.73354680902421
7818.25,0.06432090256240315,4.213977393351438,23.732149146770876
7821.157,0.06412147321936498,4.21390118767453,23.729524502431982
7824.063,0.0652855584410175,4.213700352662111,23.73614758108055
7826.969,0.06424639558363691,4.213996076849091,23.736664940021605
7829.891,0.06402935567970085,4.213866448831681,23.735555005726482
7832.797,0.0642155509608131,4.214250965791609,23.735830447273706
7835.704,0.06671496969971226,4.214018065753439,23.73157229330674
7838.61,0.06562051349902072,4.214026417438126,23.733123206608806
7841.516,0.06776173451226825,4.213683967477325,23.73208837526631
7844.422,0.0671293963934891,4.213747975029352,23.73492742006328
7847.329,0.06764219625095176,4.213960721783651,23.734500334141778
7850.235,0.06635737462123038,4.214146413518097,23.72225730426359
7853.125,0.06586486806518446,4.214247105477474,23.720468806714052
7856.032,0.0660110553207668,4.213934046431998,23.726050847682238
7858.938,0.06439986322076381,4.21366001069434,23.728463564969758
7861.86,0.06832913443250996,4.213986513961458,23.73046921683706
7864.766,0.06382667599709185,4.213855563102032,23.734362715891173
7867.672,0.06265960964619141,4.214349911284596,23.72840998807059
7870.579,0.06423684594585254,4.214176245283505,23.733761096612287
7873.485,0.0659583677459114,4.214003145723658,23.71979842327311
7876.391,0.06826983722525343,4.2140639294424,23.718338841848198
7879.313,0.06392377855352652,4.214293295879813,23.715521712504124
7882.219,0.06389971496680744,4.214476641059075,23.709220119626046
7885.125,0.06753843222453107,4.214114670909798,23.72070387672942
7888.032,0.06408933841285087,4.213903308198673,23.717616780982098
7890.938,0.06392302027685826,4.214385646669007,23.71415569097249
7893.844,0.06263654447745771,4.214053295257559,23.717955019888624
7896.735,0.06758973814924284,4.21396658550687,23.723624324651052
7899.641,0.06616985009188313,4.214111282554457,23.722348707804336
7902.547,0.06410135785468543,4.214239441881513,23.712916732733195
7905.454,0.06305503006497332,4.214207076146932,23.710757761993634
7908.36,0.06730202256053054,4.21415704481003,23.717152086513956
7911.282,0.06574053497949796,4.213965840225741,23.71362768337819
7914.188,0.0630384623537091,4.214361689672884,23.712523478339207
7917.094,0.06479579274902482,4.214467027969861,23.71090473244721
7920.0,0.06399930046432617,4.214615943529673,23.70965621677431
7922.907,0.04433501634208206,4.212249901942494,23.717577391439878
7925.813,0.04702872387980144,4.211817017611622,23.722308181211158
7928.719,0.04263685383820007,4.211797209285503,23.72362153076385
7931.625,0.03999361809477601,4.211872995420439,23.72105672933396
7934.516,0.04567189909184052,4.211876722841025,23.71501240023951
7937.422,0.04015384307262843,4.212238871486319,23.72308557850119
7940.329,0.04367417165736702,4.212076210247017,23.720301908019895
7943.235,0.041544976005983655,4.211609681279931,23.71596219686587
7946.157,0.044964749942615,4.211941291631297,23.71472865751879
7949.063,0.04348743853382579,4.211708035742456,23.70680599087568
7951.969,0.0438314654937624,4.211580968253204,23.711382009216013
7954.875,0.04657384946657356,4.2118134075939135,23.709367725297504
7957.766,0.04594683381087189,4.211525488261768,23.71108295709478
7960.672,0.045189257713621526,4.211540948977152,23.71796999037108
7963.579,0.048644581882541005,4.211478096666146,23.71818614111858
7966.485,0.04492276954431043,4.211294062250487,23.709800219150633
7969.391,0.04129108896655703,4.211651923414626,23.708923223361964
7972.297,0.04494350666717402,4.211609852147505,23.712172639253666
7975.204,0.04724751442466449,4.211647093440491,23.723046990620755
7978.11,0.047176173550876443,4.2114140527625255,23.71896885125043
7981.016,0.043710676899804506,4.211483555398411,23.716028917251197
7983.922,0.045085688045405505,4.211459575859663,23.71870446055592
7986.829,0.04581605220041852,4.21149577146021,23.720083463144743
7989.719,0.04499801863285278,4.211542341046545,23.715395398502032
7992.625,0.04295115680473688,4.211353981152832,23.723494887389897
7995.532,0.04231496304147399,4.211700968267327,23.717584759513663
7998.438,0.045334429395648086,4.211290765387114,23.71673247008285
8001.344,0.04534882436155947,4.211437400512686,23.719147406498134
8004.25,0.04459778912472819,4.211360899880162,23.71401854536661
8007.157,0.04300155486569851,4.211368410604002,23.71748130222929
8010.079,0.04121677884316271,4.211536607465461,23.710559497245857
8012.969,0.046679376484821816,4.211373198810042,23.704883708339946
8015.875,0.043387880825333,4.211353631995529,23.7083890361554
8018.782,0.0477798297792409,4.210961507626388,23.708168784410628
8021.688,0.04606312058210165,4.211275337543463,23.70830702048302
8024.594,0.04643780818098636,4.211492896118221,23.708135291976358
8027.5,0.04260136780676733,4.211691749420064,23.709856563296924
8030.391,0.04654345028438335,4.21131198161153,23.70469392340959
8033.297,0.04466087471356442,4.211319132642459,23.704322919486618
8036.204,0.044305306982985786,4.211546460116144,23.698955431916062
8039.11,0.04480668913985187,4.211453027662111,23.694961018643664
8042.032,0.045081205211067746,4.2113041584139195,23.706044764121938
8044.938,0.04415320764351495,4.211429569686938,23.706555769610432
8047.844,0.04356059149839925,4.211442390700345,23.704315914819865
8050.75,0.042060544914932704,4.211210562411751,23.699740951422495
8053.641,0.04183725514901369,4.2113426726400665,23.706046606719887
8056.547,0.0480032737260812,4.211461740403011,23.710216255957963
8059.454,0.043404497092604584,4.211437755405185,23.705821339033346
8062.36,0.045284285921435664,4.211018750710272,23.70218117343372
8065.266,0.04268201540127309,4.211422694389218,23.70417183724625
8068.172,0.046290806082235104,4.211266221938951,23.707305803444765
8071.063,0.0426166070273978,4.211372325302405,23.70301578960368
8073.985,0.046646774033026465,4.211267063715601,23.695927014347948
8076.891,0.04568580314130152,4.211203803552469,23.697402386787708
8079.797,0.044920255378822695,4.211454869117217,23.69677534051526
8082.704,0.04251761722797101,4.211297556958547,23.699441032946474
8085.61,0.04627023254777525,4.21108389867586,23.70471064823435
8088.516,0.04534730586943623,4.211178632007118,23.705520351907097
8091.422,0.04305558536517117,4.211218389121633,23.712268094992798
8094.329,0.044588026908465625,4.211258293031548,23.701329286008175
8097.219,0.04407724557598927,4.211179000724275,23.702382768313022
8100.125,0.0454073051534254,4.211178505751263,23.705863541963655
8103.032,0.041855812951250224,4.211576126170447,23.69772363643474
8105.938,0.04534980470430005,4.2111206273097395,23.698108267537187
8108.844,0.04318117223008714,4.211235758585412,23.694879772067885
8111.75,0.0438826723938725,4.211466229807572,23.699466616753853
8114.657,0.04465477763227257,4.211314538197721,23.69499552505172
8117.563,0.04537640998545452,4.211200191251852,23.702488801288606
8120.469,0.04357158951068533,4.211387852896819,23.697276591289157
8123.375,0.04398738432521222,4.21124431391473,23.69207542268562
8126.282,0.044415152346323566,4.2112629419870515,23.68783902751438
8129.172,0.04659303361315717,4.211148918144016,23.684938392519157
8132.079,0.0460652105919228,4.211247451073627,23.680535605238266
8134.985,0.042726409049116724,4.211430881849642,23.684529575828797
8137.907,0.04371902752902631,4.211186824708187,23.685867426566848
8140.813,0.046030973445819676,4.2112016564677495,23.678846619510164
8143.719,0.04502916059121454,4.2113520818676005,23.68278317060717
8146.625,0.04476508009873283,4.211448897201613,23.678879090101706
8149.516,0.04459815892090902,4.211034589356105,23.68362083992793
8152.422,0.047268920911796845,4.2111872138634014,23.690686078890472
8155.329,0.04683925329899019,4.211195910392839,23.69173228854301
8158.235,0.047326498685521655,4.211023003700117,23.69109834371177
8161.141,0.042548437170878986,4.2115837540264245,23.689570764433775
8164.047,0.045972279569578015,4.211201940489695,23.684001997313935
8166.954,0.0451096365895494,4.211321685708129,23.691305304022
8169.875,0.04441968320402013,4.211191644186336,23.68845548383027
8172.782,0.0451994587655212,4.211113385850489,23.6883628252063
8175.688,0.045488261149950734,4.211144622203048,23.681999439750093
8178.594,0.0445261013436466,4.211250741901896,23.688561596509018
8181.5,0.04526363225834596,4.2116757638953075,23.681784444748278
8184.407,0.04936286174525861,4.2115085757091215,23.686003034853584
8187.313,0.04633924499432209,4.211498394814457,23.684659170656023
8190.219,0.04422762261027296,4.21113608054899,23.689704525224084
8193.125,0.04456014660067708,4.21111310693529,23.70304869452244
8196.032,0.04449414815816,4.211569087858471,23.70180600902544
8198.938,0.04415382163176249,4.211031073498343,23.69657787392191
8201.86,0.043344104408114766,4.211389166095807,23.697762647632064
8204.766,0.04734914202723171,4.211111737839436,23.701911807746225
8207.672,0.04170126387729821,4.211361525685651,23.69851920258109
8210.579,0.04774433862644631,4.211070572984973,23.70041221986484
8213.485,0.0463784328782894,4.211291718492615,23.694526110632545
8216.391,0.04379252486425888,4.2111730709553665,23.700989974829064
8219.297,0.04535850833966967,4.211408411932561,23.698075852501823
8222.204,0.04698421169299659,4.21123730741448,23.69231189238889
8225.11,0.04454594827916869,4.211357952110161,23.69470623197414
8228.016,0.04376955608922331,4.211479720279403,23.69572458518557
8230.922,0.04347581403038651,4.211149105974976,23.69385129328
8233.829,0.047053402816490356,4.211590250622167,23.696134187011015
8236.735,0.04706939250413576,4.211449469158497,23.6935688337797
8239.641,0.04410747539603231,4.211411182845438,23.69501899498547
8242.547,0.04628728007543381,4.211538253642017,23.695560492600876
8245.454,0.04234760921100825,4.211430472451097,23.687402646861514
8248.36,0.04407651362372067,4.2115411997061365,23.68304305188919
8251.266,0.04257147390901069,4.211570823148024,23.684092031755124
8254.172,0.04599077248534052,4.211367642796829,23.68965599680721
8257.094,0.0453297178515921,4.210858862934579,23.685634952907755
8260.0,0.042573432180232934,4.211377242418611,23.68060048137743
8262.922,0.04496441569363648,4.211282171258708,23.681596347568913
8265.829,0.042795066757556614,4.21158248576253,23.677588278024995
8268.735,0.04362225065428061,4.211563352887011,23.680269259665142
8271.641,0.04361166307583724,4.211464975771648,23.688286201065385
8274.547,0.044773463361027756,4.2111425422616,23.684165063652205
8277.454,0.04767558228006583,4.211411516150973,23.68172773389986
8280.36,0.04370613494088005,4.2115499332077135,23.680857571096045
8283.266,0.04259761672199309,4.211577275304623,23.68540568124366
8286.172,0.04753509192869099,4.21127671989722,23.686340129455797
8289.079,0.043297755221973065,4.211488144193219,23.678324173854485
8291.985,0.044940546520486666,4.211416691976443,23.679310251297046
8294.891,0.04302485581439777,4.211793729099368,23.674237894491785
8297.813,0.0452831756895042,4.211452773019943,23.672194098707337
8300.735,0.04612076805000939,4.211411787118879,23.6709756264757
8303.641,0.04207327199140616,4.211566109301094,23.667291766333634
8306.547,0.04444721382370693,4.211602330773594,23.66610949297824
8309.454,0.04397870102738808,4.211694744924814,23.66841520164884
8312.36,0.04974650913770618,4.211379007322069,23.667209782113574
8315.266,0.04231161096146666,4.211423915161548,23.681375298100292
8318.172,0.04612363966824291,4.211109894534684,23.666596149885716
8321.079,0.04663632957011024,4.211482069499048,23.66356699810484
8323.985,0.043552513073791876,4.211653926606474,23.659879502413826
8326.907,0.04679129370253514,4.211455245600786,23.6761607531386
8329.813,0.04382814556283527,4.21163634738074,23.66736078944632
8332.735,0.04517178903846112,4.21174150420167,23.67018762567337
8335.641,0.040428291528599905,4.211666303786568,23.678826885162337
8338.547,0.04629187761603916,4.211196119544872,23.677718588003916
8341.454,0.04320927525509521,4.211392087481779,23.680958707028406
8344.36,0.04226238742607684,4.211503702142742,23.675443960885534
8347.266,0.04624276903300461,4.211429268599443,23.67635831671264
8350.172,0.044673005972807774,4.211682611194598,23.664111420182294
8353.079,0.04438931590551695,4.21127266335417,23.662819787581114
8356.0,0.043414139923781646,4.211514234867973,23.658514309380212
8358.907,0.04291952233054627,4.211669545942173,23.66780699427429
8361.813,0.04386190981437172,4.211517390144327,23.658728029778196
8364.735,0.04627477602875121,4.21106286932593,23.668560898773855
8367.641,0.04622170886232965,4.211619645393031,23.66673047484176
8370.563,0.0438112848921405,4.2116380179561075,23.66905716853162
8373.469,0.043071922110902994,4.211489109998965,23.673534130363457
8376.375,0.045723448301954434,4.211428964947286,23.671493649299475
8379.282,0.043591393501137374,4.211843539278905,23.66581866024672
8382.188,0.04228307609851478,4.21139004180461,23.67036796810616
8385.094,0.045385131369432126,4.21167524232655,23.662012870089345
8388.0,0.04487137746871079,4.211630861653187,23.660416706063238
8390.907,0.04590868138213963,4.211523141110233,23.659763127268928
8393.813,0.04218431424741217,4.211724668001003,23.660724402153015
8396.735,0.043235538126029927,4.211577285176158,23.6612935231004
8399.641,0.04422607309748022,4.2116457915012315,23.6604272405833
8402.547,0.04407135273874405,4.2114672737387755,23.661640461738834
8405.454,0.047280098099338655,4.21155201792469,23.67144679438264
8408.36,0.04396113975263227,4.211540908907088,23.66460524264181
8411.266,0.04497570739697233,4.211431928240062,23.667910203021112
8414.172,0.04119427965680777,4.212062148741917,23.669076084378727
8417.079,0.04275242891125627,4.211688506998068,23.67140488712143
8419.985,0.04490752727545641,4.211803839710574,23.66533854425153
8422.891,0.04424165127788674,4.211737069580415,23.67948880500738
8425.797,0.0459075464303604,4.211539054005133,23.66776189403525
8428.719,0.04469752260394016,4.211750240207294,23.66285890489298
8431.625,0.0414978906187007,4.211718485956312,23.656867765035738
8434.532,0.044380074301172676,4.211644053019513,23.667457996286267
8437.438,0.04527551420935175,4.211698734157733,23.660979717029907
8440.344,0.04501386222485548,4.21178910300329,23.66139307285826
8443.25,0.04396331326617216,4.211944344266485,23.65952188663584
8446.157,0.04487018417924587,4.211856432526962,23.665107400906336
8449.063,0.0452063210710013,4.211604779777436,23.672078349104133
8451.969,0.04309906941068616,4.2114646887947575,23.664769026017037
8454.875,0.043083445418086154,4.211735530188434,23.662237011727626
8457.782,0.04258638158486228,4.2119129880591935,23.667774904392544
8460.719,0.04657158672623125,4.2114896645256055,23.661592059712063
8463.625,0.04303057555965677,4.21195899939055,23.667901059220473
8466.532,0.043088421439622625,4.211548998738576,23.673371564944983
8469.438,0.045670177829756665,4.211851455575288,23.667774772376305
8472.344,0.04260424409045027,4.211719187447769,23.66685494254564
8475.25,0.04199615989359161,4.211690131584164,23.659572081001556
8478.157,0.045352233997592445,4.211842190425821,23.665630252602764
8481.063,0.042739736972496195,4.211781112769376,23.66244761630016
8483.969,0.04153649627572497,4.211910197242499,23.668006830368704
8486.875,0.044707975881171334,4.211957244464106,23.656885507577393
8489.797,0.04450009865717667,4.211935881946875,23.655041049017573
8492.719,0.0428420811939674,4.21175181613271,23.663321088481265
8495.625,0.045506104704636965,4.211884217329629,23.665176303023664
8498.532,0.044702026434380114,4.211803593613076,23.6606096010598
8501.454,0.043776578197597,4.211821558377036,23.668245523172608
8504.36,0.04310157959385811,4.212022152843944,23.65976761740383
8507.266,0.04365573032218211,4.211992424164346,23.660306704373397
8510.172,0.04450352594987186,4.211758547103454,23.662893924597622
8513.079,0.044931210025968095,4.211719715740716,23.658083636621175
8515.985,0.04507680318205366,4.211849958099216,23.65330973116055
8518.891,0.04225008605129271,4.211856573595528,23.65382420987904
8521.797,0.04553739195471977,4.211915118311318,23.65469452796604
8524.704,0.04526925994042795,4.211429999179949,23.65073215935373
8527.61,0.04309860583268412,4.211857049908606,23.65119575846689
8530.516,0.045425192399114654,4.211650560464379,23.656537444446815
8533.422,0.04479657003449224,4.211826847847961,23.6609154471332
8536.329,0.042629477239118814,4.211617089105059,23.653504991283636
8539.235,0.041697464204371495,4.211550967837219,23.66118437808936
8542.141,0.043753111822362335,4.211928711325314,23.654139797078315
8545.063,0.04908297507789747,4.2120926726443795,23.654146473987645
8547.969,0.04446646602800935,4.212152632859973,23.653591957276298
8550.875,0.042322486038539844,4.211932259743886,23.655597273205426
8553.782,0.04336002378850107,4.211998868340618,23.65903899225473
8556.688,0.04472528178692137,4.211804988065178,23.653819644486767
8559.61,0.042415341839683804,4.2120568370027005,23.65405055918159
8562.516,0.044460570420938365,4.211733533475119,23.656523008010957
8565.422,0.04233810134494607,4.211881201282555,23.654491676602877
8568.329,0.0405530089427264,4.212115223579589,23.654326541875903
8571.25,0.0405707322683549,4.211872793976327,23.65920464888716
8574.157,0.04307038574982348,4.211772593341332,23.6575618489335
8577.063,0.04283922703158316,4.212173985196608,23.662026615236147
8579.969,0.04170082517001094,4.211911531605102,23.658726703707025
8582.875,0.04372427055091425,4.21176284494809,23.64651673595565
8585.782,0.042311347722610186,4.212037847422763,23.650897124939714
8588.688,0.03821435145821498,4.2120777045803495,23.65221115715686
8591.61,0.044472167815877754,4.2119880246737,23.650443959661978
8594.516,0.04297475944551524,4.211983370247123,23.648327674017754
8597.438,0.04388009004804204,4.212137146236884,23.642146341209603
8600.344,0.04015069742640185,4.2118976868626365,23.653126127414417
8603.25,0.0433345371873511,4.211983243450501,23.656575266879052
8606.157,0.043248315077077014,4.211994049992342,23.648170403541652
8609.063,0.039755047105158633,4.2120679041127325,23.652596822303497
8611.969,0.04136756297824599,4.211989675245104,23.648488070575063
8614.875,0.044408118391724094,4.212191316272261,23.641420065174767
8617.782,0.04081978751819296,4.212188315583266,23.6485604361062
8620.704,0.0434397369424717,4.211924879522048,23.645408237294856
8623.625,0.04410624112532743,4.212102044875074,23.640492712380794
8626.532,0.046453537666267156,4.211817223436375,23.651205285575323
8629.438,0.04161834188088242,4.212071496047244,23.655168304164604
8632.344,0.045321240603055944,4.2117957428585715,23.663134882095456
8635.25,0.0396678565251494,4.212326901963587,23.661961835056495
8638.157,0.04408322276354956,4.212241428800277,23.652428197599928
8641.125,0.04666768625577148,4.212251298382017,23.648695588048945
8644.016,0.04597090165768763,4.212147684686022,23.652715659184597
8646.938,0.042790841770483964,4.212240736090122,23.648029658910435
8649.875,0.04275889852746464,4.211797138041712,23.641849288489997
8652.782,0.04573618714228447,4.21199796827145,23.644499258899753
8655.625,0.03760599560706196,4.212217403527862,23.64784189960846
8658.516,0.039694897622471303,4.2123250555266525,23.650105543555224
8661.391,0.04407427705520509,4.212186198317381,23.652935947919474
8664.266,0.04338424161013107,4.212160813217812,23.649205202196423
8667.141,0.04027892570459188,4.212516781124409,23.650486404021983
8670.016,0.042067845062717546,4.212278946068267,23.65545283819977
8672.907,0.044069190856230636,4.212193868060547,23.652658561786478
8675.782,0.04554170924281607,4.212443887331848,23.653228377219857
8678.657,0.04734029610943331,4.212315120147001,23.64364963680453
8681.563,0.041624225704757316,4.212594805042893,23.65324577409438
8684.407,0.04186804326692336,4.212512029924572,23.649474731129615
8687.266,0.04133754899950436,4.212728563580902,23.645361933446512
8690.125,0.03998459846234402,4.2124989659828165,23.64817894140946
8693.0,0.03985876857719532,4.212420251749969,23.65379288826317
8695.875,0.04292177515604657,4.212267305082263,23.648581424647226
8698.766,0.04227209042148006,4.212341058376957,23.653019361868072
8701.641,0.046313808753842126,4.212211971478237,23.653366217188314
8704.516,0.04389532694624973,4.212304027409441,23.650646999573773
8707.391,0.041431295187265384,4.212382397855794,23.651242622475937
8710.282,0.045812591234039225,4.21240892008524,23.651425306465523
8713.157,0.04279136404521711,4.212567352982787,23.65324065999417
8716.079,0.043488021332471205,4.212214681584409,23.641936891943242
8718.922,0.04589030560160966,4.212125180614121,23.64403815195957
8721.782,0.04588228064285968,4.212183463447377,23.644732187652455
8724.625,0.0434165879063033,4.212295558572444,23.654442594040304
8727.5,0.03987257668765209,4.212458403806754,23.65146602544679
8730.391,0.03966137081932651,4.212345318372313,23.649740776052997
8733.266,0.04109313963618965,4.2122203402013865,23.64396268634433
8736.141,0.04081053429427597,4.212536619627327,23.640138148054028
8739.016,0.042921477021642285,4.212591010787962,23.634331559812882
8741.891,0.04412417923392505,4.21224814333747,23.632933554728368
8744.782,0.043093543147362565,4.212053536904821,23.63777155400064
8747.688,0.04229004519840203,4.212605646863621,23.64048941003733
8750.532,0.0457948022284606,4.212468145317957,23.641686991741295
8753.391,0.04334213100778477,4.2124925120076915,23.627161311648678
8756.235,0.041950900465290396,4.2126091209958085,23.63015473609994
8759.125,0.041874916880578754,4.212334934812023,23.629863746013633
8762.0,0.04437270653741182,4.2129398908141935,23.631303328627435
8764.875,0.04368795511962588,4.212480031550096,23.6416928477451
8767.75,0.04225234197860983,4.212452093884252,23.63237059005032
8770.625,0.03972423519665577,4.212543827952435,23.62991113406379
8773.516,0.04247279863838843,4.212484479110932,23.62151679942729
8776.391,0.042893056961921056,4.2124795524711445,23.630202548408214
8779.266,0.044104125070334815,4.212626885924582,23.62382437459978
8782.172,0.04572229230653089,4.212466809786093,23.636214369727504
8785.032,0.04265565704606708,4.212682277004103,23.628790722967974
8787.891,0.04076486901011372,4.212486340061101,23.630655952755784
8790.735,0.04158395426451685,4.212636978932746,23.62818355021215
8793.61,0.04045024879766685,4.21231904992572,23.634144458146643
8796.485,0.03788824356460637,4.212747870193027,23.626929311739193
8799.375,0.03849941918098511,4.212738876027554,23.634236036070526
8802.25,0.041990543487725004,4.212416371591768,23.632527913490545
8805.125,0.04536242601793879,4.21235450615246,23.63374412608953
8808.0,0.04078883677874368,4.212516298651213,23.642643607780986
8810.907,0.042766849729569706,4.212807147876367,23.64925948466606
8813.75,0.0394482668627566,4.212693708570992,23.64880459602489
8816.61,0.03915380971561531,4.2123644703897485,23.648965604021054
8819.469,0.041667891733708814,4.212469032440403,23.651512441250038
8822.344,0.04417797514636693,4.212643243871965,23.64877930377846
8825.219,0.03804946048730042,4.212684798404921,23.644689728186037
8828.094,0.04263040896845511,4.2128670262307315,23.636925303981776
8830.969,0.042869202435111955,4.21253582982944,23.636844160072286
8833.86,0.04216228142592228,4.212750241445075,23.642846023870725
8836.735,0.042601982162138834,4.2124789436853805,23.64671889864897
8839.641,0.04247642783885914,4.212994820523109,23.650705092970778
8842.516,0.040493278390464675,4.212726720726931,23.642461669644756
8845.407,0.04426155639020973,4.212654509890797,23.636750229580038
8848.282,0.04158428144172118,4.212638499036665,23.631682329934794
8851.157,0.042877385636509495,4.212795083784179,23.629740019937806
8854.032,0.0432340667153595,4.2125397385882515,23.63652383791372
8856.907,0.041834446592781405,4.212621796701767,23.633602359751073
8859.782,0.0410632338386925,4.212461125989603,23.630668519252616
8862.672,0.0432974619416728,4.212622164149688,23.629005876478047
8865.547,0.04192194544434911,4.212453222391627,23.635224828492053
8868.422,0.04063869789026041,4.212727674753647,23.632564528366302
8871.313,0.04053961304514711,4.212920780938282,23.633034978966588
8874.188,0.03984291461780775,4.212773112705501,23.626010107878862
8877.11,0.041769649025659765,4.212623102436987,23.6252239774702
8879.954,0.03857739289090171,4.212925993299695,23.62592423015074
8882.813,0.03990566010420279,4.212778257097619,23.62007563666822
8885.657,0.04370242859862153,4.212864167558964,23.628553770982784
8888.547,0.043045294231920585,4.212467198885492,23.625271756047173
8891.422,0.04167801468975441,4.212611973512576,23.629917175079783
8894.297,0.0425624846225192,4.212981862653099,23.633191858514433
8897.172,0.04235812125450939,4.212784658856844,23.6346312832587
8900.047,0.03912511566335656,4.212756883397898,23.638200979344877
8902.938,0.04364006409609005,4.213037371556379,23.630246516058822
8905.813,0.04099523458434366,4.212959537505292,23.62713943891529
8908.719,0.04061814169729768,4.212577237639379,23.631667869187968
8911.563,0.03811820043324474,4.212820359055314,23.63039521221606
8914.407,0.0432903734202245,4.212759987852842,23.626939735325596
8917.266,0.03990252734581681,4.212705726924704,23.62326708838319
8920.141,0.043559242372823805,4.212952526231635,23.622161237334243
8923.032,0.04141317143745297,4.212702398663868,23.62236493062887
8925.907,0.040391546036724076,4.21274796007455,23.626202275454517
8928.782,0.04440087029237367,4.21304636632094,23.6174433355083
8931.672,0.04128119588234214,4.2129580382260645,23.622561419295828
8934.547,0.04191162657049652,4.212890666094996,23.626535234342303
8937.422,0.044723487635021125,4.212832817221169,23.62210899359852
8940.329,0.04272957550553849,4.212808065362817,23.622866424831777
8943.188,0.041217378020285744,4.212808225532403,23.630929767019815
8946.047,0.04018239001445194,4.2126873977220916,23.635814085123453
8948.891,0.041423109774731265,4.212835911049367,23.631814706506926
8951.766,0.039345891289244574,4.213180960133446,23.634548056949658
8954.641,0.04281602685737082,4.213122173705531,23.62935867886324
8957.532,0.03919619509564011,4.213073006175131,23.631503310090235
8960.407,0.04021002919016741,4.212818686750506,23.61989790841341
8963.282,0.04041248344885337,4.21289956161933,23.61914109076651
8966.157,0.04023728059623482,4.213126886206469,23.628163573349443
8969.047,0.04173948817807297,4.213034721412246,23.62550263269417
8971.954,0.042441588442052855,4.212967232831116,23.62194975563546
8974.797,0.04296464704969578,4.2128318191777,23.61981610353058
8977.657,0.04266212272757892,4.212961268623711,23.62006294677141
8980.5,0.03937647539916561,4.212767013454619,23.613949866769637
8983.375,0.04199508608823202,4.2129418823906315,23.607088833367143
8986.25,0.041848645606678656,4.212858205596497,23.61595478364797
8989.141,0.04198814029456654,4.213117336186543,23.619661762273825
8992.016,0.04014812513687887,4.213165369713307,23.622122703131573
8994.891,0.0444116810106922,4.213009226572813,23.62311814942627
8997.782,0.042360459623735254,4.213186565121033,23.619198051098067
9000.688,0.04078780380732392,4.21301093827908,23.61857380286505
9003.579,0.04225754158814462,4.212783240806428,23.619312562674804
9006.454,0.03934821732313984,4.212962249864369,23.629894291820975
9009.329,0.03947845565291409,4.213192045150764,23.620763431503143
9012.219,0.041181122603629265,4.213137349031282,23.61621973733685
9015.094,0.040057303252830655,4.213112676850287,23.617893185891948
9017.969,0.0399605849905338,4.213245195234184,23.618084204840315
9020.844,0.041442566126170546,4.212839627549258,23.618646511040172
9023.719,0.04075626906061483,4.212863680125177,23.622022409626343
9026.61,0.04340088692879004,4.213088471322995,23.620208410277236
9029.485,0.039941404587382684,4.213067870057905,23.612840994889005
9032.375,0.042953743807968084,4.2130973040571815,23.60906751760699
9035.25,0.03874411839822688,4.213357271958383,23.60886943222091
9038.094,0.04037238976348149,4.213022898905652,23.607999056828298
9040.954,0.0389475886732661,4.213073869130139,23.61785969819384
9043.829,0.040534872450643994,4.213257749373006,23.619360494236634
9046.75,0.040615888483278594,4.213174291385952,23.623069707270798
9049.657,0.0404443502489204,4.213346596186858,23.617819472452734
9052.5,0.04413326294051109,4.212938527476652,23.61631447575322
9055.407,0.04023862205808506,4.212984610102279,23.622928139290476
9058.344,0.043325531722901274,4.213237770884693,23.62190597949146
9061.219,0.04266494525740557,4.213188186525309,23.62113500445067
9064.172,0.04140732130030403,4.213136724427863,23.622362090306225
9067.172,0.038842809711371606,4.213385749418918,23.617910126140824
9070.016,0.03871011982157719,4.21311214279441,23.622130903091872
9072.922,0.03913311393821348,4.21314932235796,23.624580606789042
9075.86,0.0426435955109427,4.2131681229009805,23.621354313771473
9078.704,0.038648735403037635,4.212940445778479,23.621161569639575
9081.61,0.04003410260973351,4.213175456339474,23.62223528962652
9084.485,0.040354849555920266,4.213468800436857,23.614046883413458
9087.407,0.03583684788976956,4.213125627210505,23.620689563503586
9090.282,0.040395531945598626,4.213158191706993,23.62017504614555
9093.188,0.0413717705698819,4.213390753233903,23.623477242153967
9096.032,0.04411007196667224,4.213457320100205,23.62307332148018
9098.954,0.04057109399854223,4.213201475671367,23.619693149816964
9101.829,0.040609235087245205,4.2134077974955515,23.61801819774562
9104.688,0.0409931149099353,4.2133158614107105,23.610632243269364
9107.61,0.04347546806167661,4.213521816816064,23.61106458551982
9110.532,0.042050953065703826,4.213389084922921,23.611981690799603
9113.438,0.04412186370820976,4.213188487567509,23.612861548295136
9116.297,0.04114988180063146,4.213323083035143,23.612483660951124
9119.172,0.040629703700712005,4.213283851662887,23.60707012577234
9122.094,0.044801053200298806,4.213418888585051,23.617695947578117
9125.0,0.04099650851057303,4.213241313561845,23.606063327283383
9127.86,0.04116086676741236,4.213138116317874,23.60642998419974
9130.75,0.03788188803058158,4.2134205736245995,23.60807442861392
9133.704,0.04004501695566604,4.213343085400658,23.600118894632125
9136.594,0.037624345496201174,4.213350926131286,23.61536309132495
9139.485,0.04139494248035288,4.2131393466025235,23.61687578397125
9142.329,0.04068493371603716,4.213675962508419,23.61785050700352
9145.188,0.043515776029538177,4.213163538422246,23.61208894814691
9148.079,0.04130794557880422,4.2137217012005035,23.602140267944026
9150.954,0.03782201996257722,4.213564613669503,23.601482136588928
9153.829,0.04230059368674181,4.213351690624513,23.599190462790716
9156.704,0.04069131514097515,4.213260514329751,23.597307659141812
9159.579,0.0440561739574254,4.213419741707975,23.60298076026982
9162.469,0.04167465985216746,4.213397657260952,23.601145213142708
9165.344,0.03639018910087436,4.2135906741654,23.5971101622392
9168.219,0.04078942342528588,4.213352527860059,23.601930719581432
9171.094,0.036405610673841855,4.213595915297038,23.59113242614752
9173.985,0.04404618283019555,4.21343041846116,23.590274302866195
9176.86,0.039205051954388,4.213503657274357,23.587828495004885
9179.766,0.03595031549705395,4.213484253543092,23.583177898015336
9182.61,0.04001652058058205,4.213421219600376,23.59331194158898
9185.469,0.04006409544889208,4.213498332467166,23.59534136349793
9188.313,0.039112500447716726,4.213540918904789,23.59323282132333
9191.188,0.03892226275649562,4.213705923297918,23.593726453758894
9194.079,0.03970256741016266,4.213503998786173,23.5966996792541
9196.954,0.041961810706170485,4.213629882680544,23.60623835627772
9199.829,0.039126454431204806,4.213217344864974,23.608166740149205
9202.704,0.03830373872315109,4.213637932257588,23.61822586808149
9205.594,0.0384389442801124,4.213890297672543,23.61423878738924
9208.469,0.041991602245309394,4.2133771437317,23.61330834543156
9211.375,0.041870718116807745,4.2136538411801885,23.610184627534846
9214.204,0.04080342833810485,4.213676411517802,23.60753872081351
9217.079,0.0364393568783247,4.213734059328726,23.59817250869159
9219.922,0.040157033589798725,4.2136013352553965,23.595170913063367
9222.797,0.043761658691992986,4.213678502905391,23.592481038176054
9225.672,0.038822980731626155,4.213526690448987,23.597392571225193
9228.563,0.040860763664593826,4.213439678131537,23.591383406623734
9231.438,0.03955716791830229,4.213472729047043,23.599611922975082
9234.313,0.04118205702934554,4.213510525132522,23.602473553067114
9237.188,0.03938242943709533,4.213527222677694,23.596402519748878
9240.079,0.03857551080141606,4.2135845621248365,23.597391205676626
9242.969,0.04050036274777513,4.213691514063417,23.597640755208747
9245.875,0.0405473265372987,4.213796248189237,23.594308644665382
9248.704,0.038519833206837197,4.213790566314922,23.59998587286379
9251.563,0.04162214533017109,4.213752820157166,23.597643821725587
9254.422,0.04116622089516943,4.213818421578233,23.598915924876017
9257.297,0.04030494862617489,4.213633297464946,23.60407920514787
9260.172,0.04109481609923484,4.213865896783258,23.605915018560196
9263.063,0.040566258709860706,4.213493746526445,23.60562609986433
9265.938,0.03984467050273145,4.213611713777487,23.606845668102256
9268.813,0.0370277560617034,4.21393661294975,23.60526273676944
9271.688,0.03660237826978522,4.214027445612159,23.612332945520667
9274.563,0.04273362616228124,4.213805105257003,23.610871270066834
9277.485,0.04086917045882484,4.213824844745325,23.60683180636352
9280.329,0.040419821652335104,4.213692746235905,23.598333490536582
9283.188,0.040610504578574264,4.2137129084386356,23.599496590768744
9286.032,0.038356986474137746,4.213730088935105,23.602536313316
9288.922,0.03347405956692914,4.213750923434738,23.59269494180343
9291.797,0.040401398786928874,4.213674197908655,23.59393449461692
9294.672,0.039859428375371014,4.2137736598388456,23.596288739097577
9297.547,0.04064380387982003,4.213605073013871,23.59693861115468
9300.422,0.04051500569501142,4.213936447182286,23.600117177129185
9303.313,0.03965616963858475,4.2139276178966005,23.597942301139767
9306.188,0.03913444661928966,4.214008427193485,23.60048981059892
9309.094,0.040467897058626766,4.213739215326564,23.60965704146366
9311.938,0.03677415335270849,4.213846493091227,23.607611274179714
9314.797,0.0374124863679661,4.213733194278654,23.614107083861242
9317.641,0.03866531227136998,4.214035499879456,23.61245196875071
9320.532,0.04290482104027097,4.2137776612971525,23.598083818149846
9323.407,0.03792919206493137,4.2136771424366355,23.602575262817695
9326.282,0.04190244218060814,4.213990862090692,23.602366023933662
9329.172,0.038935132347132646,4.214109094548666,23.600462114799168
9332.047,0.04005537157652405,4.214015261085869,23.600968491246505
9334.922,0.03700536405467075,4.213820678010303,23.60550180479697
9337.813,0.0370050673839652,4.214052648575381,23.60494693771069
9340.719,0.04075517747380497,4.2139852924916905,23.607789962540703
9343.547,0.03624498508623399,4.214186210594568,23.603921776217536
9346.407,0.036426945854609705,4.214180258042251,23.600745885121587
9349.266,0.039662550840590206,4.213848354155284,23.602631075466228
9352.141,0.03731039391087087,4.213837755734397,23.604641943920633
9355.016,0.037069983258883846,4.213935572882936,23.60501229122816
9357.891,0.03767178499496725,4.214064300352575,23.60663922951726
9360.782,0.03964483927685358,4.214011865278344,23.60061952038359
9363.657,0.03933763998289905,4.214005249265168,23.602070604778856
9366.532,0.03969782632772239,4.214126058172072,23.601242943834805
9369.438,0.039729542851110244,4.213907114274452,23.604310937427286
9372.313,0.040414279395836514,4.213940219956117,23.60636827138157
9375.188,0.03982054999547257,4.213970340078947,23.60640670018298
9378.079,0.03953873357098361,4.214104257289413,23.604579723719606
9380.954,0.03807258811289769,4.213944139784232,23.606360653905103
9383.829,0.03928120993752159,4.214045371880505,23.607608407145253
9386.704,0.0387544481554908,4.214187073422916,23.60154360340654
9389.579,0.037653887183647275,4.214149308338211,23.60220043509815
9392.469,0.039951309023386304,4.214082751843769,23.60598653034893
9395.344,0.03528960700836714,4.214134628240325,23.605254233252133
9398.219,0.04026220201215794,4.214013090233488,23.602411420884746
9401.11,0.03908821985304379,4.214378290907503,23.59769144203468
9404.0,0.03837742343740277,4.213983338462264,23.59916259179074
9406.891,0.04128975035453908,4.214040435021312,23.60113931971713
9409.75,0.038581709303524024,4.213954889681865,23.59822932722948
9412.61,0.03880740711527919,4.214060192636452,23.591215947106903
9415.454,0.038566469438194306,4.214057296069474,23.590597954713516
9418.329,0.03624768470898448,4.21436454378654,23.592926734531083
9421.219,0.03925198931826833,4.214293951629947,23.60300229216843
9424.094,0.03789445329867212,4.214112188466217,23.592741748371377
9426.969,0.03809524598832256,4.214270447396198,23.593135420002806
9429.844,0.03738650679836643,4.214129832148829,23.59481063380537
9432.719,0.03841645237726281,4.214227997760263,23.592610497157796
9435.61,0.04016599638857816,4.214034387859433,23.59142395878096
9438.5,0.03925668381634574,4.214217866288591,23.589736727438364
9441.36,0.03889740466739175,4.214043236078772,23.587972007483692
9444.219,0.04152223600394947,4.214297890259748,23.59390476932731
9447.063,0.03851456813144268,4.214177181239875,23.59287772445706
9449.938,0.039152760571283134,4.214194806018707,23.58550664327372
9452.813,0.040220502476828804,4.21418635477375,23.588077626190884
9455.704,0.04076706778883146,4.214355203628618,23.590172570911854
9458.579,0.039478519321019485,4.214088724723784,23.59492322368741
9461.454,0.040366913134404096,4.214107569119195,23.59283046761148
9464.329,0.041026237884039134,4.2143889214075925,23.58822417601442
9467.219,0.04040789664467194,4.214263778496961,23.58765041298309
9470.094,0.04029321902236127,4.214155345419981,23.578016872222918
9473.016,0.040596051246727785,4.214190445121531,23.583866800609968
9475.844,0.03917741785762791,4.214101105624936,23.585328192986548
9478.704,0.040463182283844976,4.214449060310917,23.591171324916797
9481.563,0.037454715423218016,4.214292314840524,23.590424618044416
9484.438,0.03726767456699179,4.214183710707984,23.585691418413255
9487.313,0.04034115339632643,4.21433686074123,23.584939477703287
9490.188,0.03746455640954145,4.214360814046438,23.59380918374792
9493.079,0.038026275516727145,4.214316620044222,23.58499666001861
9495.954,0.03544117599115987,4.214249839595733,23.57939762271369
9498.829,0.03865767237474606,4.214158863763281,23.59089544669646
9501.735,0.036215273370905694,4.214355825554787,23.578205130832593
9504.579,0.04019954619747746,4.214489596125985,23.59426890193296
9507.438,0.03713079781344157,4.214392439805609,23.58678385114308
9510.282,0.04009479092270099,4.214603673550285,23.58780443827197
9513.157,0.017747063818734244,4.212366377522246,23.58274588141043
9515.969,-0.0035780327642657437,4.208917052519112,23.58025002028803
9518.75,-0.0022296351704343114,4.209397979364681,23.58375717290538
9521.547,-0.002689215215345347,4.209542543631048,23.59374464493073
9524.329,-0.002750484383138207,4.209210778542462,23.5820445197475
9527.141,-0.0034306459870675028,4.209078838897061,23.589494604613208
9529.985,-0.0002786840862235853,4.209110612528355,23.59051887533721
9532.766,-0.004645985648633216,4.209170631501728,23.58833841665038
9535.547,-0.0020025975628050093,4.20924032241525,23.583103094180288
9538.344,0.0007878805088052429,4.208978506185784,23.583786175772925
9541.125,-0.0030421077169748736,4.208929791405017,23.583980116706055
9543.907,-0.00173524409071268,4.208905483953031,23.5825372978177
9546.704,-0.0016205866109417451,4.208812572497075,23.592397352534153
9549.485,-0.001079560459673259,4.2085748574419135,23.59160988943252
9552.282,-0.0013471477186696812,4.208899662238315,23.59127100262953
9555.063,-0.005321198575165853,4.208784967311453,23.582236804468423
9557.86,-0.0016800150511027245,4.208684545352549,23.580545086450407
9560.641,-0.00012706082333700311,4.208690600498831,23.578353914913944
9563.438,-0.0006152615536873845,4.208496210492063,23.575257240271913
9566.219,-0.003542783581000893,4.208521094581338,23.57340925792635
9569.032,-0.002254467672769538,4.208490637254719,23.573757264675713
9571.844,-0.00213158934284862,4.2085338496959785,23.5700828864387
9574.641,0.001136695870598806,4.208754714401381,23.56583326283075
9577.438,-0.0028691503346979235,4.2083544230947,23.56480115085636
9580.25,-0.0017825738186128001,4.208214388499868,23.569344279227927
9583.047,-0.0002725840470721741,4.208168195976864,23.57431103460863
9585.829,-0.005526134812096629,4.208241715031263,23.573953463977258
9588.625,-0.0028584231046592324,4.208494090231265,23.575173643798152
9591.422,-0.002787549197448742,4.208020449543551,23.579909994561323
9594.235,0.0014230732541438442,4.208184769159366,23.570874007300972
9597.032,-0.0034692035247445674,4.208233945953748,23.56419659202303
9599.829,-0.003739516160823628,4.20813321442244,23.575092337179065
9602.61,-0.0024236498213685803,4.207594640199352,23.57857561360042
9605.422,-0.0013372144504444925,4.207813018372405,23.57629553487353
9608.235,-0.00233338410933603,4.208137749399542,23.579929203519864
9611.016,-0.0011891423554376444,4.207771335715849,23.587942313535187
9613.829,-0.0016336611560452488,4.207887963293074,23.582403995546645
9616.641,0.0003023469516173928,4.20775624587174,23.580946533524568
9619.422,-0.00206810538364082,4.207464801604588,23.5875178992655
9622.235,-0.002120855932464123,4.207611171110432,23.590841533013617
9625.047,-0.0006830906238326733,4.207565798378677,23.59367677095018
9627.86,-0.006278062718775673,4.207383042004794,23.58509088946803
9630.672,0.00022887346905941594,4.207622887658895,23.582540005726216
9633.485,-0.004180202356521251,4.207730609506237,23.583619982514005
9636.266,-0.003305968964044407,4.207555948519808,23.586335911842184
9639.063,-0.0014745432736378255,4.207688588456618,23.585002304728974
9641.844,-3.4563788578443905e-05,4.207415054999673,23.58813472827377
9644.657,-0.006477101492813679,4.207357621909442,23.586932393929207
9647.469,-0.00028295762818339763,4.207511014002341,23.580691182186527
9650.25,0.0008823656911195623,4.207470166540584,23.584416801735316
9653.063,0.0009369978496609833,4.2074813910702185,23.58988879150767
9655.875,-0.00039713752127260363,4.207260847106945,23.586201781757183
9658.657,-0.0006562060069759261,4.207075415821397,23.57875206154492
9661.454,0.001977151652231707,4.207177641945204,23.57963861584346
9664.235,0.001915126607085706,4.20727126483858,23.580356142647116
9667.047,0.0003383807570562687,4.207337025735029,23.58166826243785
9669.86,-0.002681552803346662,4.206999891105221,23.583272179487377
9672.641,-0.0022740158100987436,4.206811654571879,23.58462447756223
9675.454,0.00010481747091650375,4.207111076255584,23.588228925017305
9678.266,-0.00363393335579802,4.206982293320776,23.579541007878813
9681.047,-0.002340946277841185,4.207022601336277,23.5768978772719
9683.844,-0.005418230330698353,4.207032957408845,23.58880857857612
9686.625,-0.0035754931521623573,4.2069205471452005,23.58694339784824
9689.438,-0.002381748737926362,4.206783237589861,23.597742052895082
9692.25,0.0017061326214903882,4.206973296499608,23.589215988149295
9695.047,0.0004510263637348569,4.207197917955965,23.589778672706995
9697.844,-0.00420492704502005,4.20675585375646,23.57798061990479
9700.625,-0.002652545883035652,4.207181705087903,23.581006446751925
9703.438,0.00038745232014444203,4.2069581049945155,23.582451918795734
9706.25,-0.003994815456106937,4.2067805957610425,23.587204482247156
9709.032,-0.002558485531528907,4.206695598014088,23.586691479733236
9711.829,-0.002492308275719587,4.20683914648134,23.587081592652495
9714.61,-0.005944793279645246,4.206990631288733,23.57328155037113
9717.422,0.00042733604036344675,4.206736743613693,23.581582151997143
9720.235,-0.0008882272995237483,4.206728739659751,23.580683554372417
9723.016,-0.0006454210497114389,4.206770340702566,23.584496585124466
9725.813,-0.001436728004005713,4.206937236450272,23.583030036792984
9728.61,-0.0010163270647348508,4.206573329495621,23.584601218112166
9731.422,-0.0017788886069048232,4.206401281127723,23.588096352051593
9734.235,-0.0016014900908773806,4.206513104453968,23.57619886353916
9737.016,-0.002727050766853947,4.206368543161392,23.576444422304636
9739.829,-0.0007175228797759199,4.206920986090327,23.578900904844556
9742.641,0.0005937626939768028,4.206580387598883,23.5740218274941
9745.422,-0.004412150079178669,4.206588135580212,23.577896268979813
9748.235,-0.005029361728640647,4.206516279897731,23.572434933351804
9751.047,-0.0014033503762295849,4.206350138762028,23.575741843303128
9753.829,-0.00361075107903085,4.206333829039597,23.5780863770274
9756.641,-4.8113371194702896e-05,4.206608147200383,23.57472598138605
9759.469,-0.0005887317286896804,4.206285662653974,23.580174496003853
9762.25,0.002203840462040411,4.206155319369671,23.57329796438664
9765.047,-0.0038548068294565097,4.2064602210222,23.567804126427866
9767.829,-0.0019246066075993542,4.206308752242769,23.56982482320794
9770.641,-0.0029202963642255397,4.206235656331087,23.572996028135375
9773.454,-0.004978918661231978,4.206171879790735,23.56735657741629
9776.235,-0.005290200026606653,4.206234826417594,23.573333943443735
9779.047,-0.0016324099055303992,4.206209516826551,23.574264968478687
9781.86,-0.003820090770513275,4.206042521118831,23.581692057153504
9784.657,0.00030182391249689906,4.2062688927747685,23.575779216739377
9787.454,0.00021959269954632704,4.206223601637194,23.58030261622414
9790.297,-0.0027146814904755096,4.206232046843993,23.577398407388284
9793.188,-0.002112466222708282,4.206060938979988,23.572383854033433
9795.985,-0.0009717489535303332,4.20593760775412,23.575247887249603
9798.782,-0.004073709437744855,4.206281132718238,23.57147630683068
9801.563,-0.0021793998729708994,4.206260571436428,23.57419358152117
9804.375,-0.0030122751739620314,4.206087436023384,23.575243273858337
9807.188,-0.0016170869932482944,4.205975298689388,23.57645286333961
9809.969,-0.0008149081094095743,4.206346155119965,23.57336075095686
9812.766,-0.002354873845657496,4.206261219017081,23.57040210632686
9815.547,-0.002121563578005576,4.205824500190956,23.57569382290342
9818.36,-0.0019524596645906205,4.206104741157499,23.57887449220016
9821.157,-0.0022440020994195626,4.205733530792851,23.567382815098686
9823.954,-0.00514810385146872,4.205787898653296,23.5748813904391
9826.75,0.0014763265929212451,4.205880349824272,23.56841445232075
9829.532,-0.006135856086548571,4.2058852410907575,23.567603548408304
9832.344,-0.0024226391309078955,4.206060143640359,23.565576579459854
9835.141,0.0008471178792673385,4.205538669586726,23.574507074623753
9837.938,-0.0017836117003832584,4.206057747205997,23.564605498249815
9840.735,-0.005228926503648078,4.205841544590957,23.575695419681086
9843.532,-0.0027269753297908105,4.205954802810665,23.56712040276804
9846.329,-0.0037135381955599356,4.20573341897414,23.57724167723162
9849.125,-0.0009358935373746248,4.205903190980183,23.573842700645553
9851.938,-0.003567467515347115,4.205930054691801,23.58289287799104
9854.719,-0.00212329456599749,4.205970305173472,23.584365770035575
9857.516,-0.002192510309812851,4.2057348259991,23.583615349247317
9860.297,-0.0004793761396879156,4.205843039311635,23.575226020891503
9863.094,0.0002940014836018376,4.205885323819862,23.572269957555335
9865.907,-0.0023647453721252166,4.205604647750073,23.576590718152165
9868.688,-0.0007579953996208372,4.205417855941988,23.574864511095676
9871.5,-0.001940044083631885,4.205618065832092,23.568939212740094
9874.297,-0.001798488509903375,4.205569683487893,23.567035383489575
9877.094,-0.002659617068141775,4.205760791465392,23.568600690553282
9879.891,-0.0036880181225704815,4.205801800172369,23.56704787713705
9882.704,-0.00039311073867941566,4.205764096060238,23.568057271491675
9885.485,-0.0020949021203029473,4.205822051819332,23.578167738064543
9888.282,0.0019168566293465447,4.205514866245094,23.577665385454882
9891.079,-0.005022040824372143,4.205364836053611,23.581385100663287
9893.875,-0.0034749817148448906,4.205196845572336,23.568799281398608
9896.688,-0.0011390373740616517,4.205520011613636,23.576133056047503
9899.469,-0.0014025342757806739,4.205713803824453,23.577449514207007
9902.282,-0.0009388572698093359,4.2055088374512035,23.575297538906703
9905.079,-0.0044064641497178845,4.205355217005631,23.576718788509154
9907.86,-0.002280533030996514,4.205446450050172,23.577757773954627
9910.672,-0.0011041653097299954,4.205407554994697,23.574256825994475
9913.469,-0.009042301270265257,4.205401737073401,23.577132194634025
9916.266,-0.006082610782998366,4.205423410285835,23.572106634039994
9919.063,-0.0058658897825548005,4.205207752291522,23.57728945485882
9921.875,-0.006052410532523385,4.205410198799738,23.571427114000734
9924.672,-0.0006792889629242986,4.205367397696617,23.576028600857324
9927.469,-0.0030580693453175272,4.205364513241551,23.57017107393139
9930.266,-0.001310459831285892,4.20529202253423,23.58005816345634
9933.063,-0.0010218357741979768,4.205501920321628,23.589935472983726
9935.86,-0.0036042569595304977,4.20536881637104,23.587271378104358
9938.672,-0.001688228825391915,4.205207965978874,23.58342780768197
9941.454,-0.0008324873682870747,4.205560375382926,23.582323756119397
9944.25,-0.003902560963655995,4.205367097123143,23.580382466427803
9947.032,-0.001095130457629238,4.2052143664215285,23.571004438467366
9949.844,-0.004218700756379498,4.205124018519969,23.573552401256286
9952.672,-0.004253599925692074,4.205057029354262,23.564093044483926
9955.454,-0.0054105088233898126,4.205178633921912,23.56671053916623
9958.266,-0.0024911785057294637,4.205118460805365,23.57316531528187
9961.079,-0.00455674943176395,4.205362319962371,23.569499668294366
9963.86,-0.0024390264268701234,4.205166733747719,23.564613396646433
9966.657,-0.0005270018471786007,4.205361115760003,23.566545512997212
9969.469,-0.0019845727161440143,4.2051893320471345,23.567285891574002
9972.25,-0.0026170747775237572,4.204946425933419,23.569194524459302
9975.063,-0.0027564680582074703,4.20527239645007,23.57738033529602
9977.875,-0.001239641386406123,4.2048964297499145,23.57623271130963
9980.657,-0.00088412132172673,4.205179840422458,23.56752983791546
9983.438,0.00022154752319909865,4.20521895019168,23.567988020623673
9986.235,-0.0012363296653973479,4.204915606976342,23.558225265125692
9989.032,-0.002981407486435799,4.204905882957528,23.564655932761255
9991.844,-0.0030602671004142587,4.2051068016554245,23.562359464751538
9994.625,-0.0036627812187572328,4.205201180752551,23.563133222561646
9997.438,-0.005669554270246165,4.205288501430597,23.565270956521548
10000.25,-0.003631852807049692,4.204956924141848,23.56380528066833
10003.032,-0.002525956006594248,4.205192164408569,23.561952226795405
10005.844,-0.0014084545333786303,4.204686510254419,23.56248089680892
10008.641,-0.0029716643024640553,4.205037000179584,23.562477039299534
10011.438,-0.002009732673120992,4.205157848521281,23.5631017236124
10014.235,-0.0030288941338663007,4.20476837673032,23.56435330988853
10017.063,0.0004159844103393079,4.205067744806029,23.568317149973282
10019.86,-0.0021089121625966953,4.204843636883105,23.562574421294478
10022.672,-0.004388969105124573,4.204998625203655,23.560153765732963
10025.469,-0.003333084404089891,4.204935495091076,23.556813809814425
10028.25,-0.0033707974153785,4.204961459633982,23.566514283953765
10031.063,-0.005651966502586428,4.205076525695095,23.564407241318655
10033.875,-0.004193786291420458,4.204755317026443,23.567588239324998
10036.657,-0.0036354778778030813,4.204690538754193,23.5681455144656
10039.469,-0.004200432636638925,4.20492185097318,23.56841931807682
10042.266,-0.0012085047245987053,4.204931578618443,23.571739397765747
10045.047,-0.003960660427178422,4.204709237863481,23.566497878969695
10047.86,-0.001760921892107139,4.2047086764773995,23.560692940607815
10050.688,-4.3575900877013046e-05,4.2047083577776725,23.564204618228302
10053.469,-0.00461937899694112,4.204716524752368,23.569500493684096
10056.282,-0.00021797264117465127,4.204691060244067,23.56919281470376
10059.079,-0.0016665092552680338,4.204518699186636,23.57304223059609
10061.86,-2.944092937570107e-05,4.204819916428284,23.583489089176304
10064.672,-0.0027109627166732654,4.204863208130513,23.57596155557499
10067.485,-0.004674897005083642,4.204732719088804,23.573101782360993
10070.266,-0.001841396525524757,4.2047236821285,23.572268505211447
10073.063,-0.0005025993170393738,4.204809961987837,23.567974120712137
10075.875,-0.0008463521931904103,4.204745080691433,23.570582490994838
10078.672,0.00045224578930031645,4.204744983279834,23.568950469293416
10081.5,-7.240935888323306e-05,4.204556020733878,23.567234050549317
10084.297,-0.003858819206223366,4.204658949119114,23.563043264269215
10087.094,-0.002159745196200658,4.204591436789665,23.56299051309952
10089.891,0.0012441456777256533,4.2046962841491045,23.56529760867656
10092.704,-0.0034365814572261378,4.204868307744145,23.56587935308336
10095.485,-0.003576538890887289,4.2046411199469365,23.570089888308452
10098.297,-0.002475108732436087,4.20458076159106,23.56736204275111
10101.094,8.796263037085012e-05,4.204533384583363,23.56719933682718
10103.891,-0.00636361407438034,4.204470775015226,23.579052703064242
10106.688,-0.003189523234567144,4.20445784634135,23.56849131428695
10109.5,-0.004313903016708859,4.204725139430567,23.558321820230873
10112.282,-0.0027036357383219884,4.2043468279701655,23.570366895927332
10115.079,-0.0007218995632875193,4.2044665520538675,23.561673150168325
10117.86,-0.00146982176546499,4.204516934326735,23.562396328578536
10120.672,-0.0014052593882788852,4.204259315753463,23.55976758980078
10123.469,-0.0025718865805327154,4.204312151183037,23.559228891255
10126.25,-0.004513937555523611,4.2045300864559865,23.56341974867326
10129.063,-0.00047520915020718397,4.204551386616793,23.56417441846151
10131.86,-0.004951790358931325,4.2044478987031555,23.56205022008098
10134.657,-0.002890071755591536,4.204454628561822,23.562426844337644
10137.469,0.0003573056415580959,4.2043000984896635,23.569742589109094
10140.266,0.0004492441601621201,4.20429663899118,23.56697471635813
10143.063,-0.0023738762461969595,4.2040453494814525,23.57537214397523
10145.86,-0.003769523021253349,4.204377247590146,23.571247806849833
10148.563,-0.0021651753130613577,4.2041680556448,23.574594667342186
10151.329,-0.002197839742883407,4.2042568263842055,23.585740285129972
10154.094,-0.004461105744926207,4.204062717331239,23.578146946390163
