time,current,voltage,temperature
0.0,0.0005287516948614393,3.6375564987817475,24.180580717640265
2.593999999999994,-3.750655264382395,3.3033140359155366,24.177462816178217
5.359999999999999,1.5097127697886326,3.7508576098446613,24.189833020498757
7.890999999999998,1.5126648020451599,3.761839357535781,24.209590881686637
10.36,1.5078689785808626,3.76884222789282,24.222663971758244
12.812999999999995,1.5107014623156518,3.7751372876220026,24.224220921165127
15.296999999999997,1.5075083936684854,3.780882526184597,24.234685754152657
17.796999999999997,1.5109709192850136,3.7857077045995062,24.24193964989466
20.312999999999995,1.5102007371432347,3.7900278096547217,24.23384007122332
22.843999999999994,1.511427183035482,3.794622960826655,24.229485267027556
25.36,1.5093706142131,3.7983789872720295,24.2247766379751
27.875,1.5093298111373725,3.8020878284924557,24.220616315001497
30.343999999999998,1.5102136564110613,3.8054790114403168,24.213303939666567
32.827999999999996,1.5091012722032535,3.808947740545691,24.21202511041135
35.297,1.5119273548491245,3.8118439702790887,24.207211105572295
37.766,1.5100145023559426,3.8148491405263583,24.190245229773545
40.297,1.5096787924428938,3.8176442649016775,24.183044560909117
42.812999999999995,1.5101706942745432,3.820307492531734,24.17052374709147
45.343999999999994,1.5107348993587926,3.822761528424997,24.165261599692695
47.86,1.5108747038210546,3.8248754842902826,24.157138907529895
50.327999999999996,1.5086568100043278,3.8269159595782827,24.155369875108804
52.797,1.5121217950169952,3.829027931546912,24.140298599501932
55.282,1.5092937650032294,3.8308354363203345,24.13018211977563
57.75,1.5092842235722845,3.832414502579881,24.112998763293103
60.235,1.5101952782092596,3.8339880533728627,24.122365946233142
62.766,1.507960385136602,3.835764620217302,24.11375263430132
65.282,1.5096759312904768,3.837021976122613,24.107258596152523
67.81299999999999,1.511668769557357,3.838186147174197,24.099209981933704
70.328,1.510455440590229,3.839483697790084,24.092304231690626
72.844,1.5113287964702709,3.8407721672001074,24.091017438783616
75.407,1.5118963661467495,3.841740498655878,24.08381098144267
77.89099999999999,1.5087277225267328,3.842656206644946,24.082283693296276
80.36,1.5125993900802146,3.8437258787333612,24.07813958501475
82.828,1.5113930065935839,3.84466637059742,24.06925246702352
85.297,1.5099500608552043,3.845570861232484,24.068620722709102
87.828,1.5066683351886978,3.846526201655005,24.066373622049884
90.344,1.510234573327699,3.8471388049354887,24.06083335205385
92.875,1.5125153221099386,3.847949595340992,24.052266229239986
95.39099999999999,1.5098539394697497,3.8486699967990368,24.05972219894996
97.922,1.512267315921331,3.8494519023942018,24.04254168425131
100.43799999999999,1.5090498807134103,3.84994988285119,24.046497999983846
102.953,1.5090613964538349,3.8507172231886173,24.045478933908928
105.485,1.510275137577742,3.851030981739938,24.035118083897835
108.032,1.5107168508935098,3.8521026659136806,24.037047320634365
110.5,1.513219509057253,3.8524258864708494,24.03005697885981
112.985,1.509649444716572,3.8529502011182366,24.025962112635472
115.453,1.5103859916411195,3.853462884410647,24.026762965821884
117.922,1.5127843193581487,3.854033136685949,24.031817341107427
120.39099999999999,1.51002180652189,3.8545679092128835,24.019269793468744
122.922,1.5087724224624015,3.855100971611323,24.028687969039982
125.43799999999999,1.5123141181531292,3.8557420268106797,24.02233346489092
127.953,1.5084499536952434,3.8560338400434824,24.026633861315833
130.485,1.5079590779409455,3.856728194125073,24.027023361432533
133.0,1.5108113467306186,3.8569836906710324,24.020958219410996
135.53199999999998,1.5065653509415213,3.8575295394043803,24.021907732181493
138.047,1.507329616094728,3.8580012836349886,24.01983477936463
140.578,1.5134612974378727,3.8585073343527365,24.01701534377178
143.094,1.5109795023766877,3.859188479988002,24.017274703556723
145.625,1.5131044626048298,3.8597631674190214,24.017159257409492
148.141,1.5105530176541055,3.8599731255459675,24.01339334633697
150.672,1.5142537563696505,3.860372829780435,24.007243664865708
153.219,1.5102524760015708,3.861072245032664,24.01773061096748
155.703,1.5085647930496762,3.86152303532524,24.01665238083891
158.172,1.5130369125371155,3.8621867407610515,24.012946892240414
160.641,1.510194456546627,3.8626194579589925,24.00938485773219
163.11,1.5133481280451242,3.8631620392605623,24.0103223660533
165.578,1.5078053441089363,3.8634560255679284,24.01095706974322
168.11,1.509970314090911,3.8642015137919437,24.012573443576184
170.625,1.5109676650284984,3.8644501337401835,24.003554592797556
173.15699999999998,1.5083865793714506,3.865185117075377,24.010366531007715
175.672,1.509846634438297,3.86534599650217,24.00773932118368
178.203,1.511147105572223,3.8659922003110454,24.008092052940153
180.719,1.5135302444725667,3.8665444760758287,24.013773466876856
183.25,1.5101587223313149,3.867225423480901,24.00428234163412
185.797,1.5096717670530155,3.867555928449707,24.012708961699953
188.328,1.5098392354504309,3.8677493283109494,24.008404153526627
190.844,1.5108753913233817,3.8686308247653582,24.006428935245744
193.375,1.5123157179093245,3.8691707961221464,24.00317674324543
195.891,1.5076074360263891,3.8694333628062796,24.005007843586974
198.40699999999998,1.5118103133703205,3.8701962089503006,24.006295140504186
200.969,1.5087951937979067,3.870417576590748,24.014318034020523
203.469,1.5161772339213455,3.871016882073596,24.009715926056167
206.0,1.5127227060143178,3.8717242298912407,24.014585659119074
208.516,1.5095747824465426,3.8724605812180948,24.005860880352994
211.047,1.5110554828301421,3.8727909168932335,24.010537842623755
213.563,1.5159569910006172,3.8732541441827335,24.00888461143662
216.094,1.50921107456442,3.873923096371573,24.00483526189655
218.61,1.511951922330081,3.874206205535432,24.012360538788258
221.141,1.5116763962282884,3.874932356639548,24.011619638610732
223.65699999999998,1.5124337165384678,3.875365271569944,24.0139156460092
226.188,1.5098108462476538,3.8758465381949767,24.010598051629977
228.719,1.5099933772574832,3.875915937399382,24.010544096702976
231.235,1.51272526984069,3.8765953165959197,24.013736285024745
233.75,1.5097600768663517,3.877285003239722,24.017188822844844
236.28199999999998,1.5136234181092432,3.8776372094112674,24.01318295218901
238.75,1.5110660302452605,3.8783468562246304,24.01394110747435
241.219,1.5110753751650332,3.8786616025849234,24.016634166480653
243.688,1.5077229704804163,3.879486963373775,24.011577296674762
246.15699999999998,1.5086746549145253,3.8797769767333405,24.013058646898276
248.625,1.5105826203022654,3.8801608958847,24.018179537102633
251.15699999999998,1.5104345840320867,3.880747895999606,24.023729989510063
253.672,1.511814046441729,3.8815184583219398,24.01399232710972
256.188,1.512570546967434,3.8818152233989967,24.015544302995487
258.719,1.5113469644480508,3.882246461993853,24.014708487400902
261.235,1.5147664784295352,3.882916396973557,24.0197295460788
263.828,1.511348520100983,3.883281733875216,24.02545365233315
266.297,1.510340029205792,3.883850818833951,24.025500952390818
268.766,1.5082959711751365,3.8845093172564944,24.02846520534808
271.235,1.50888387022314,3.8848010737694683,24.02814949465522
273.75,1.5130382969867204,3.884984449323608,24.02928948367724
276.282,1.5128333635067808,3.885707539267331,24.024567270588303
278.797,1.511200628651111,3.886148084502675,24.029298384372105
281.313,1.5094308087235366,3.886763964247778,24.02257759147164
283.844,1.5083221682581338,3.887380252854902,24.019781350793764
286.36,1.5090334837634236,3.88780551810852,24.020710155588244
288.891,1.510474877997921,3.8879985325814626,24.016189332657007
291.407,1.5094899841707237,3.8887228839275996,24.01913506896973
293.938,1.5128899337013884,3.8890280949626668,24.026654841008252
296.453,1.5113435274349223,3.889558098915309,24.03373779946452
298.985,1.5074218524014977,3.8902212173240707,24.03112823184204
301.5,1.5118381126637928,3.890769371902996,24.035287292721023
304.016,1.5126918949764898,3.891196986500148,24.03593782342039
306.547,1.5102838857002336,3.891769593535164,24.03362901271208
309.063,1.5098358647595238,3.892249787762381,24.037737800769076
311.594,1.5107470028186794,3.8925866522524646,24.037957100406338
314.11,1.510784067090806,3.89302427621881,24.03205822849628
316.641,1.510578876821884,3.8936801220031514,24.042563309589532
319.157,1.5157224830566138,3.8941055043663297,24.04227935228186
321.672,1.5077722186549911,3.8944201259952727,24.04440107315628
324.203,1.5114035769730898,3.8951399685181975,24.041117623460075
326.719,1.5104783894230869,3.895510211405153,24.04762683215214
329.203,1.5128047618957894,3.8959377082241855,24.046160074117797
331.735,1.5084273649101116,3.8966553342881465,24.046300091858065
334.203,1.508995000096755,3.8969229138714008,24.058344939153027
336.672,1.508237646804113,3.897493801978868,24.058906778415217
339.141,1.5105442719433206,3.897831842133162,24.06146679180655
341.657,1.5091784691076586,3.8981725548509982,24.05039442512942
344.188,1.50886048754172,3.8984968213443616,24.059721679460406
346.703,1.512663075280696,3.8990241700822312,24.057129894664023
349.219,1.5124165838389247,3.8994672938459587,24.061659664540773
351.75,1.5086653887921384,3.8998431817789174,24.062493000776104
354.266,1.5115916750710112,3.900696448766391,24.064095166168308
356.797,1.5120129072856385,3.900714315938888,24.062941176545984
359.313,1.5094439107640563,3.9015083814517326,24.06654360517552
361.844,1.5108355434192153,3.90176842982421,24.05909599882143
364.36,1.51122326112646,3.902287728072327,24.06890802046937
366.875,1.5132841018741319,3.902775937940646,24.06981404751154
369.407,1.5113564160399937,3.903177559593165,24.07525439821236
371.922,1.511219010817692,3.9037963013829637,24.068600178998608
374.453,1.511060900206499,3.9041365218223754,24.06689458060183
376.969,1.510615249011442,3.90478444317465,24.074669911020592
379.5,1.5106042438633491,3.9050218468058246,24.07575078629082
382.016,1.5099546588979775,3.905571361959271,24.07676739510203
384.532,1.5123681123479573,3.905984747718014,24.07436179692404
387.063,1.5086813049394785,3.906606869898408,24.080665978133876
389.578,1.5126283960736757,3.9068123425435948,24.07426035825641
392.11,1.5108595868030583,3.907239252807169,24.078580878190962
394.657,1.5105231058549076,3.9079055096039093,24.077407459538193
397.188,1.5110552393190297,3.9083289996676913,24.083456960595527
399.703,1.5109836019344525,3.9085124276930694,24.089737508736714
402.235,1.5126868619995375,3.909127666723365,24.087862879582236
404.75,1.510896488598842,3.9096092655494497,24.089844576617903
407.266,1.5114261307428138,3.9100002382785877,24.08757627461366
409.797,1.5125976764868359,3.9103995115895858,24.087174515579267
412.313,1.5103767999238344,3.9107590402701984,24.093868921040688
414.844,1.5119903433886457,3.9113303861467226,24.085709174646134
417.36,1.5104263244385305,3.9117531577386697,24.090850039845478
419.828,1.5102751304575177,3.9122988528410643,24.102083690897523
422.344,1.5145723359402423,3.9123188834283096,24.106857682276576
424.875,1.5093179838443758,3.9129880390618648,24.100330100970105
427.391,1.5100306204315652,3.913506488856217,24.102435306575135
429.922,1.508661313901588,3.913998944181353,24.104573504397745
432.438,1.5096058060176043,3.9143594891903564,24.1045609859273
434.953,1.508810767458829,3.914791901147417,24.11199165481037
437.485,1.510320135600868,3.915102288543449,24.122870023086527
440.0,1.5112519537100813,3.915496616386951,24.123521328702935
442.532,1.5108185376413148,3.915993308816154,24.123488761172794
445.047,1.5125436420636837,3.916098745394946,24.123138859627975
447.578,1.5089238946566952,3.9167720587126573,24.121566375560857
450.094,1.5104759283477271,3.9172919948174925,24.122129116209052
452.625,1.5103149382265142,3.9173687187636146,24.123955907820672
455.141,1.5097179983720448,3.917991566534581,24.13528232937316
457.672,1.5097284585401354,3.918561584991748,24.138089419785906
460.188,1.5085795674138134,3.9186710491039976,24.14146641965682
462.703,1.5114267131857608,3.9193356401221373,24.141002906203454
465.235,1.511060819727585,3.919632594221265,24.148088523955344
467.75,1.5142692666483257,3.919927823936637,24.150935281865934
470.282,1.5095157451867975,3.920575156337526,24.144513262966715
472.797,1.5085761680431224,3.920662906025075,24.15154515547183
475.313,1.513026160503733,3.921308558640013,24.14751454271291
477.844,1.5088139644423904,3.921486787831957,24.154917607004627
480.36,1.5074163305520165,3.9218357901591974,24.159470215175098
482.891,1.5098492819681633,3.9223991159742937,24.155379222758054
485.438,1.5113556626025753,3.9226059663164388,24.149398158459096
487.969,1.5124341018458227,3.9229101332844456,24.156005865059914
490.485,1.5078006363726602,3.923510821804274,24.151812775490058
493.047,1.5093624326281627,3.9241017071209825,24.15384566258438
495.547,1.510642539392148,3.9242826524890644,24.15294347337611
498.016,1.511847661949216,3.924649605245202,24.159942998645285
500.547,1.5133024007414664,3.9248498008391737,24.164726491923876
503.063,1.5100992773731439,3.925510656060553,24.16120542094798
505.578,1.5158060574395447,3.9254585206950066,24.168398497814383
508.11,1.5097219841203993,3.9258773062164485,24.167925144709677
510.625,1.5124798774429753,3.926490974186153,24.170969852526934
513.157,1.5122209516334948,3.9266316278187237,24.174620617905294
515.672,1.5094955977766937,3.9269354962835155,24.171162115784554
518.203,1.510108886703343,3.9275567287171884,24.17331132961877
520.719,1.5093116523702812,3.9276912359574068,24.173457856972753
523.25,1.511132593021031,3.92812693141886,24.169083434523813
525.766,1.5092028317423158,3.928786426102747,24.16647630334429
528.297,1.5127828101819032,3.928692019839997,24.175742496536856
530.813,1.5094255451835985,3.929528485283306,24.178106128523332
533.344,1.5136502904941922,3.9296807415771022,24.181827135135286
535.86,1.5115997732477846,3.9297831156883047,24.182206268037888
538.375,1.511505409186918,3.930172258418491,24.17900180453563
540.907,1.5094364096666946,3.9303973870889304,24.1861452434319
543.422,1.5103280225839162,3.9309604738178177,24.188113690926507
545.953,1.5096753936946645,3.931255573443318,24.18962303514653
548.469,1.5053354968655441,3.9317151597843694,24.197513807641414
551.0,1.5086794897982165,3.931815992704788,24.19138717908631
553.516,1.5104622870654318,3.9322709129477245,24.205470916279317
556.032,1.5105022542283246,3.9323907548139534,24.200429227939242
558.563,1.511447533316681,3.9329745626385266,24.20031617523884
561.032,1.5124167312549428,3.933597458197329,24.20545995217147
563.5,1.510143085122356,3.9332813760295315,24.207799728616543
565.969,1.512803754621118,3.933650426044267,24.206436836377847
568.438,1.5109083216222512,3.9340495773217934,24.217669403110165
570.907,1.5095132585145616,3.934444078016583,24.21075077274324
573.391,1.5138346989937792,3.9346123027695183,24.216813541933906
575.875,1.510810470862042,3.934873411745213,24.220777860252728
578.344,1.5097653491091727,3.9352863062350196,24.21941858895104
580.813,1.514992130265935,3.935814532060344,24.220061420034863
583.282,1.5089559781202166,3.93572827564189,24.21809185657079
585.766,1.5084452590766035,3.9362167747025505,24.220028492681976
588.235,1.509472271680277,3.93622211297346,24.221016248938447
590.75,1.512474766491871,3.936880678767863,24.22992518576268
593.282,1.5122046779537701,3.9370199394079606,24.227668960557967
595.797,1.5088310599269676,3.9372103958059643,24.230363884812537
598.328,1.5111686494494747,3.937671222229383,24.24150619160513
600.844,1.5110593923236437,3.938037911581984,24.2410323880945
603.36,1.510348004840949,3.9383634275710686,24.239772192104038
605.891,1.5101397327292434,3.938466027529105,24.244805509498395
608.407,1.506530215689024,3.9385788170006824,24.243880916118933
610.938,1.5106072000781228,3.939022567360208,24.241284894049798
613.453,1.5112454684756458,3.939005137192609,24.2619274545281
615.985,1.5105410578935807,3.939705584484065,24.247753618975754
618.5,1.5100211642129242,3.9398062796134483,24.24835548509453
621.032,1.508960574249918,3.939867207023756,24.249106302449047
623.547,1.5110200951854307,3.940433803729483,24.256201347580532
626.063,1.5111210804244992,3.94074443505381,24.25750027380783
628.594,1.510579572571153,3.9410914675459443,24.25920046076481
631.11,1.5138141037724786,3.941004394459699,24.264068967165514
633.641,1.5098257889824058,3.9416081319439176,24.256235485687654
636.157,1.5114917529457672,3.941766636607815,24.263586350673137
638.688,1.5148361432883604,3.942143518513184,24.26469577810624
641.141,1.5146137815594114,3.9423432701500953,24.266600038680533
643.625,1.512273406160557,3.942590254317825,24.27155821391799
646.094,1.5095594575250395,3.942406700630212,24.26542271278121
648.563,1.5046288641696552,3.9428397630566443,24.273179763937637
651.032,1.5088426051916153,3.9433609995720293,24.276659279517965
653.563,1.5108295651664587,3.943510608210809,24.279363847416167
656.078,1.5095635631666102,3.943664051854804,24.2678424150747
658.61,1.5115675042534698,3.944178667628409,24.277588707156003
661.125,1.5102516179321819,3.944151568142576,24.27959375911467
663.657,1.507691564335158,3.944450858178212,24.277670167679375
666.172,1.508536772842774,3.9448367344584807,24.28391818312387
668.688,1.512937463035135,3.945020385401087,24.28636747361012
671.219,1.5094062593716535,3.945502662119099,24.28220597511867
673.735,1.5131584490185657,3.9454103627493557,24.288008452791335
676.266,1.5116719728968537,3.9457167156934334,24.294676547998776
678.844,1.5100741754039808,3.9460610329029997,24.29154593707689
681.313,1.51007506373429,3.9462009140732226,24.30784421831496
683.875,1.5114803216318848,3.946284050912239,24.30452998986547
686.344,1.512207213619328,3.946605931521131,24.304452703649545
688.813,1.509995468989101,3.9468140452935914,24.30805070641715
691.328,1.5125560969146836,3.9473107611282297,24.31139698629298
693.86,1.509367000725643,3.9474590958481417,24.316544979491145
696.328,1.507550181198547,3.9475164416647903,24.318125659265657
698.797,1.5096372905096542,3.9476945387690248,24.324056670445902
701.266,1.5103691868776745,3.947618168455753,24.31873538779359
703.75,1.5091495422508334,3.948310468364864,24.329863436715115
706.219,1.5109096328585088,3.9483251825314816,24.334400642702832
708.735,1.5132008937252375,3.948734075611264,24.32935516417515
711.266,1.5108549531555788,3.9489661783802497,24.337140365733344
713.782,1.5108871192504243,3.9488969026163536,24.338963254540804
716.313,1.5085862043941252,3.9494180207493406,24.336238218048102
718.828,1.509997692480403,3.949435686946193,24.346478307212703
721.344,1.5130000951401803,3.9496515876920983,24.341948486526356
723.875,1.512234091292548,3.9500150467513833,24.34377120218991
726.391,1.5100054445071103,3.9502514119474927,24.347926011094117
728.922,1.5113816378311549,3.9504647465634366,24.350628362219258
731.438,1.5100849152607507,3.9507708213508406,24.364912034590446
733.969,1.511500591997772,3.95090810878853,24.364143067806367
736.485,1.5094248699696373,3.9510371456731144,24.367804609650477
739.0,1.5120261495567688,3.9511270970803114,24.37131241188269
741.532,1.5093321916337252,3.951525861607923,24.374561728761048
744.047,1.5119751148412466,3.9515508402833177,24.37150144598328
746.578,1.510843401301133,3.951923593525265,24.372276902058573
749.094,1.5116594277976614,3.952195691468709,24.380668518380332
751.625,1.509175294255056,3.952502760095728,24.386868018501957
754.141,1.510855409524856,3.9525485777256733,24.38932470391902
756.657,1.5127570644341848,3.9527141741926264,24.392083214445698
759.125,1.511717537705825,3.9530207115407037,24.39279479017456
761.61,1.5119130347487832,3.95287871377182,24.39972075732119
764.078,1.5134044666954185,3.953159182312179,24.39879075545277
766.547,1.5107690805222092,3.953582252102424,24.401068222110315
769.016,1.5133572744299282,3.953874224989317,24.399599725624718
771.547,1.5105648903924405,3.9537779881020962,24.405709332025488
774.063,1.510017102142116,3.9539855949926297,24.412180497030384
776.594,1.5102960938299343,3.9542835447934666,24.416255041664275
779.11,1.5104780805299869,3.9547129204177613,24.420719965406505
781.641,1.5117292662366368,3.954768522864021,24.414594928839165
784.157,1.512113904915073,3.955008101960391,24.426099425739384
786.688,1.5094736619944125,3.955225097455994,24.429542364695184
789.203,1.5114848399813703,3.955465525003597,24.42725452696339
791.719,1.5101910805297267,3.955545764779799,24.43449015424573
794.219,1.5138409354546418,3.955852301203785,24.44315090315974
796.688,1.5091018354431307,3.9559827418666638,24.438282832216483
799.25,1.5109279304443395,3.9560859461804783,24.443767205797872
801.735,1.5116317352051603,3.9564124784349253,24.445782321778935
804.235,1.509329278305409,3.9565854524197572,24.45522446261563
806.703,1.5098650670059253,3.956735519347742,24.452713651033452
809.188,1.5110994404604274,3.956957760685598,24.450928182168543
811.703,1.5083579259634345,3.9571382818146748,24.456214278280076
814.235,1.5095341289519242,3.9572067946049856,24.464183078956932
816.75,1.5113793001628895,3.9575491215901732,24.460745509978686
819.282,1.5096967099017857,3.957993830460111,24.461983228238438
821.797,1.5078745783418843,3.9582743915543253,24.471170488693566
824.328,1.508599532301639,3.9580911089680786,24.47395850099328
826.844,1.5107496958768665,3.9583548321156603,24.477636252684746
829.375,1.5117910013561675,3.9588082261287085,24.473168127813175
831.891,1.515173301817101,3.958850630640369,24.478668794050886
834.422,1.5123253110791477,3.9593728570572315,24.48733593136967
836.938,1.5098671940744528,3.9592176003233233,24.483850057124787
839.469,1.506690021030201,3.959877765744715,24.49137821802021
841.985,1.510570427127561,3.9599751342776455,24.49716139444208
844.516,1.511903620281194,3.960197162998335,24.499946137254625
847.032,1.5085525460239106,3.960492105114594,24.501223244634698
849.547,1.512072314772922,3.960387732490651,24.501231530118876
852.078,1.510702936318235,3.9603328549873695,24.507235535900776
854.594,1.5094169117926535,3.9607335735445943,24.50952186984883
857.125,1.5089685210334347,3.9611440292360958,24.509046135196623
859.641,1.5085629524223947,3.961016867417582,24.516690280513853
862.172,1.5113716663870995,3.9612041371396924,24.51711834422452
864.688,1.5111835382394248,3.961589208399346,24.523533592746514
867.219,1.508746126601128,3.961886128495811,24.52587283662518
869.735,1.5113293527847664,3.961797171512522,24.531881070154725
872.203,1.5127390446372702,3.9622159512726705,24.528662538964962
874.672,1.509843510238253,3.962294212743177,24.532669695644202
877.141,1.5098875762536736,3.9625769216752036,24.5413006195871
879.625,1.5108769351056561,3.9629225615146892,24.536885398795434
882.094,1.5108664070324687,3.9631749899408697,24.532865891315783
884.61,1.512197188123194,3.963339569492684,24.53813742798329
887.125,1.5095336753883646,3.963577047084004,24.538700086882606
889.657,1.5159380740251776,3.963626309535438,24.546206723634523
892.172,1.5087133469159775,3.963959141144836,24.555191382771266
894.688,1.5119711030514045,3.964073931128201,24.560775897448135
897.219,1.5148148178004288,3.9641843909312247,24.563686970937603
899.735,1.5103405242139354,3.964517663148445,24.57042881306583
902.25,1.5088953019385154,3.9646680730949586,24.57515526788596
904.782,1.510300617992846,3.9650464441404254,24.572491677327765
907.297,1.510092451397311,3.965057932138127,24.581172685486347
909.828,1.5125968800854064,3.9651559326407275,24.586838962925327
912.344,1.5130008527624432,3.9656107295021057,24.586853632572957
914.86,1.5108417085497399,3.965624923686615,24.586524010662927
917.391,1.5123889366199785,3.9659069691792252,24.590788197877956
919.907,1.5117038524241904,3.9659597770118786,24.59467314888682
922.438,1.5121995277212148,3.966541835219829,24.59673181503687
924.953,1.511244685091987,3.966401857974308,24.595807940448463
927.485,1.5122011377394247,3.9666783531168774,24.593812639062595
930.0,1.5107673896240963,3.9668561064869747,24.586260936941045
932.516,1.5118917298119663,3.967306463509477,24.59879595905421
935.016,1.5108454647097205,3.9673783210018243,24.59877022449547
937.5,1.5100042109447076,3.9673618866582308,24.60784525591123
939.969,1.5107820225825768,3.967867525313082,24.619673829575508
942.453,1.510064040325019,3.968057857909862,24.62720763851259
944.953,1.507661062963341,3.9679606706430435,24.636444695623364
947.422,1.5114061327438144,3.968239125418307,24.631563956895555
949.891,1.5139237988453167,3.9686044703930823,24.63608972943021
952.407,1.5101092178684927,3.968829138552501,24.635826180984996
955.0,1.5124524480814239,3.968936152485991,24.641395467450522
957.516,1.5111492236180546,3.969359577262183,24.656240247319978
960.032,1.5117253820982341,3.9693936012023125,24.65397864616032
962.563,1.510201196250551,3.969716526185262,24.657479341816924
965.078,1.508045270237602,3.9697675338896508,24.656401620300038
967.61,1.5102998821378981,3.970395129295573,24.66060293133336
970.125,1.506938318980916,3.9700749152250836,24.670873268184714
972.657,1.5129140377024626,3.9707086411718575,24.67060986564056
975.172,1.5103266595876543,3.970948627098362,24.67481736869649
977.703,1.5131850392777093,3.9708351021695085,24.671617688001525
980.219,1.5088162325233767,3.971000162659876,24.679341398645523
982.75,1.5122865539184949,3.9713158370683317,24.686995214715363
985.266,1.5092754326983406,3.97181987097176,24.682952817983033
987.782,1.5086789364059012,3.972149099312737,24.684316064947748
990.313,1.5125953761277093,3.97204155761655,24.69204849911888
992.828,1.511584321274903,3.9722317368799898,24.684059372115136
995.36,1.5119671505814465,3.9723571210716466,24.688647303713847
997.875,1.512657310309725,3.972798262783882,24.692120938420796
1000.344,1.5105440042398892,3.973048687518984,24.70573481098286
1002.86,1.5114329599015808,3.973446216283893,24.704790505701315
1005.391,1.5085310299953647,3.9731402600887,24.712076929958172
1007.907,1.511826641943215,3.973851831992887,24.71711953884678
1010.438,1.510326779148489,3.973982727827584,24.722126734143387
1012.953,1.5087890117223073,3.9742839886215493,24.731281569609273
1015.485,1.5113559092440938,3.9743675321561938,24.72627743971135
1018.0,1.510679844721877,3.9746763747128404,24.73389596255499
1020.532,1.505087424327779,3.9747243290503986,24.74295436672306
1023.047,1.5077609964442467,3.974986811696524,24.75682029344643
1025.563,1.5101406277807108,3.9750621718615213,24.751141710689296
1028.094,1.512845267111035,3.975554576585375,24.750415389438917
1030.61,1.5076923331174445,3.9756868681515427,24.75740355109805
1033.141,1.511813969653771,3.975830837307267,24.76674929946174
1035.657,1.5098969225680887,3.9759705168326,24.76849229346773
1038.188,1.5081378784330377,3.9762845333771812,24.76539308296125
1040.703,1.5121822422871294,3.9764816025365115,24.76911071433624
1043.235,1.50947539855757,3.976579182393943,24.768964350726097
1045.75,1.512025100150012,3.9769077460764604,24.770173115424857
1048.282,1.5088155342854346,3.9773871740776077,24.778117236083492
1050.797,1.5090605372163906,3.9773924520011277,24.78225018453309
1053.313,1.508769974533277,3.977524364903511,24.783968014504723
1055.844,1.5093814469270914,3.977715723001285,24.781249767216227
1058.36,1.509139971163006,3.9778234644748767,24.787189550050854
1060.891,1.5111803592524236,3.9782172888825507,24.794053943313667
1063.407,1.5101833571604302,3.978565821082541,24.802298438447977
1065.953,1.5105437071607661,3.978645315159852,24.80430017459024
1068.485,1.5119274898075497,3.9788209135543893,24.808469093667238
1071.0,1.5132999313022402,3.979114023608736,24.80859843940748
1073.532,1.5083539160603598,3.97940230590955,24.814740945121336
1076.047,1.5090189607195414,3.9795023135212295,24.815842641239083
1078.563,1.510244478872926,3.9796499686117657,24.829383112631003
1081.094,1.5111212828275093,3.980046349555578,24.83398405207931
1083.61,1.511321978858375,3.980200557378324,24.833476757878554
1086.141,1.509639375564978,3.9803926908710605,24.843715423905344
1088.657,1.511722300826779,3.980684447594504,24.849157322055724
1091.188,1.5088657979668885,3.9807619367567963,24.843977393603573
1093.703,1.5098631641137632,3.9811128893708423,24.85023895673973
1096.235,1.5094916838452095,3.981255791296828,24.857817916442393
1098.688,1.5098961373411324,3.9815345160413655,24.85663171587957
1101.172,1.5112781509090583,3.9816879498004702,24.85665721192872
1103.641,1.5117065193092865,3.98183932427603,24.866328499846766
1106.11,1.509937802868994,3.9821236557494295,24.86863060089757
1108.578,1.5092006758202374,3.9822974736704992,24.869751656718556
1111.11,1.5088667763383015,3.982664353971473,24.877282178271635
1113.625,1.5082303492069316,3.9830197703022487,24.88709396054061
1116.157,1.5115055267026019,3.9830557598674345,24.893967906640423
1118.672,1.5114448400783687,3.983387654419613,24.893784750328045
1121.157,1.5132383481676823,3.9834492677154207,24.894361783387023
1123.61,1.5128879425568122,3.9839182607384864,24.902721516722018
1126.141,1.5099153500522549,3.984012345241904,24.90248227670078
1128.735,1.5124579991689249,3.984317992391859,24.904331715166364
1131.203,1.511845158612215,3.9843943322027373,24.91007719933111
1133.672,1.5094496727226845,3.9845074187358795,24.92198828849635
1136.141,1.5109090639762246,3.9847884099828086,24.921027351331546
1138.657,1.5112771173920678,3.9849208908736005,24.925113850397466
1141.172,1.5101745900397918,3.9854004849694324,24.9294895103579
1143.703,1.5105026450662784,3.9855475539991794,24.932892311507697
1146.219,1.5104576934220129,3.985864837356156,24.927148847109954
1148.735,1.5113367824847095,3.9859716813077477,24.936103704125266
1151.266,1.511043350720335,3.9860946208992103,24.939429438947947
1153.782,1.510252561227862,3.986325757468589,24.951605410947696
1156.313,1.510212644909086,3.9865040485350822,24.94523152446828
1158.828,1.508536232970389,3.986657498930814,24.949953578237405
1161.36,1.510310659987696,3.9870051244644613,24.95409545083481
1163.875,1.512215900365405,3.9873172716811975,24.96139655617145
1166.407,1.5112160021967729,3.9874420706434077,24.97250914208184
1168.922,1.509921290279082,3.9875674392803235,24.969585708501857
1171.453,1.5088255888919084,3.987793715533876,24.98197579501907
1173.985,1.509824973740497,3.987884517607152,24.980851165430668
1176.5,1.5128930744429352,3.988134944164794,24.986808149091097
1179.032,1.5098634009073904,3.988562511440239,24.995307372279964
1181.547,1.5113823156823742,3.988697450471883,24.989925694748194
1184.078,1.5126688339907786,3.9890006748515696,24.994229176348913
1186.594,1.5084717461213264,3.989064143608771,24.999922183700697
1189.11,1.5101336676956387,3.989235796870681,24.996363784129368
1191.641,1.5113708121734608,3.989575479724152,25.007832634440053
1194.172,1.5106914915866414,3.9898466090816322,25.007839140781886
1196.688,1.5122420207576739,3.98991661437839,25.016554047672706
1199.219,1.5096416748649901,3.9902877402169,25.018266023610753
1201.672,1.5090224837238102,3.990317588348286,25.022213260144095
1204.157,1.5110773998802167,3.9906364881091085,25.01981483259049
1206.625,1.5114565900563497,3.9908691065155733,25.03586990606233
1209.094,1.5096951407157368,3.9910841610802152,25.039887188387357
1211.563,1.5089013108655824,3.9911404425720693,25.041773664710043
1214.094,1.507924832284239,3.991403325585537,25.042977821699548
1216.61,1.5123815156627283,3.991704515841227,25.052641537113487
1219.141,1.5097530086755517,3.9917709731278803,25.053594931824495
1221.657,1.5081375423630559,3.9922594113115975,25.05728406725556
1224.172,1.5102223343683858,3.992324556807989,25.06130113171978
1226.703,1.5100857514208317,3.992539430567805,25.05527311143011
1229.219,1.5112343096623133,3.992748141708596,25.067865351199966
1231.782,1.5081884647483916,3.9930503818180534,25.074263751962555
1234.297,1.5118919099976156,3.9932110911298926,25.079985223074775
1236.828,1.5105591540530365,3.993638256279323,25.084062219897906
1239.344,1.5107311801178487,3.9937387798343362,25.085170560717874
1241.875,1.5099356478424977,3.9937927878696167,25.092853159462727
1244.391,1.5095675974465284,3.9938153420848885,25.09936873460159
1246.875,1.5069647378474862,3.9943898639213637,25.096355391009237
1249.422,1.507776967629098,3.9944722045546666,25.10288345402196
1251.922,1.5122885081531978,3.9946509447808984,25.10713721808911
1254.407,1.5106267086728127,3.994937284838149,25.111117764704364
1256.875,1.5092987038242254,3.995356936090385,25.110641299277333
1259.36,1.5113257727147895,3.9951298786324734,25.114417877872764
1261.828,1.51049679128753,3.9955137805796883,25.12012465640255
1264.313,1.5086621860241052,3.9954977438330554,25.12333854352774
1266.828,1.5100726892316412,3.9960216926405665,25.126726669187633
1269.36,1.5145656374537537,3.9962439051203487,25.133524635466983
1271.875,1.5095413426254365,3.9962869764068,25.13133814617753
1274.407,1.5130080930123282,3.99647669593512,25.14255328124718
1276.922,1.5103053225076195,3.996621910722196,25.136066923934408
1279.438,1.5110488611233375,3.9968506436317965,25.146653196569662
1281.969,1.5101409811676396,3.997294457418288,25.147869810396767
1284.485,1.5114715821260079,3.99744284743318,25.153792380152986
1287.016,1.5111209420427298,3.997431489271168,25.153319621927352
1289.532,1.5086276665010236,3.99787413818627,25.162779996857466
1292.063,1.5125534242548817,3.998264243868123,25.16452120134684
1294.578,1.513991416660106,3.9983672117389384,25.165897594599095
1297.11,1.5120065125641564,3.9981920011012,25.173047337618716
1299.625,1.509246095857379,3.9986687520712683,25.18018050232933
1302.157,1.5104991246167276,3.9989940161157493,25.18414209635438
1304.672,1.5118497470893708,3.9987233584618793,25.184113857234774
1307.203,1.512405804166609,3.999274352193862,25.18217703832065
1309.719,1.5080849200681317,3.999429994303961,25.193644631526
1312.235,1.5100800469887483,3.9996855968780873,25.192984995857234
1314.766,1.510241413375797,3.9997837701905348,25.195485327616367
1317.282,1.5137287854481054,4.000018103906133,25.21153196471368
1319.813,1.5093426949430784,4.000130189751265,25.203969499159367
1322.328,1.5088302692737363,4.000613225457108,25.21003540430387
1324.797,1.5104604692345633,4.000624538478017,25.21030812932576
1327.266,1.5129912559033494,4.000851351660019,25.214051362290583
1329.735,1.5071173034525525,4.001416088449401,25.222603731230297
1332.219,1.5112293233253127,4.001240242401593,25.230204364762677
1334.688,1.5107924417364924,4.001438645586782,25.225588584976727
1337.203,1.509969420710317,4.001816186083088,25.241869923176175
1339.735,1.5087227956952738,4.001904877586626,25.2410709084112
1342.25,1.5118440187362774,4.002376248170976,25.248703012379057
1344.766,1.513460614608987,4.002434232966939,25.254272227340767
1347.297,1.5107038650414242,4.002491154327877,25.263700539229013
1349.813,1.5084676376989516,4.002905175427539,25.259278217462164
1352.344,1.5111266215277748,4.003015946605267,25.27148654068612
1354.891,1.5107647425794815,4.0031802749689875,25.272910522250783
1357.422,1.5106091998586735,4.003553830429139,25.281577419682623
1359.938,1.5103375669861276,4.003538857798719,25.280548803921732
1362.469,1.509060876675925,4.003856715545107,25.2857316194007
1364.985,1.5101359731853732,4.004123758300334,25.286674781955757
1367.563,1.5108503298450553,4.004349653786805,25.295974916948726
1370.078,1.5114511772200878,4.004359649041942,25.304820857310137
1372.532,1.511721053777411,4.00486817891205,25.307350411614827
1375.047,1.511168297703589,4.004980813804836,25.310481799212198
1377.532,1.5138898051784568,4.005059981171341,25.313393983766755
1380.047,1.5128210353188594,4.0050643334803135,25.317782364875704
1382.547,1.5123663455732357,4.0055654730713846,25.320580170444828
1385.032,1.5106519826154394,4.005749227043111,25.32636276864149
1387.563,1.51150572336066,4.005755067602365,25.332749433849898
1390.078,1.510677131014409,4.006044490268238,25.335159645305655
1392.61,1.509591922710295,4.006530105890739,25.335293179186337
1395.125,1.5094328106239936,4.006559602745043,25.351683477340956
1397.657,1.5099137814105317,4.006800943988759,25.356129119588335
1400.172,1.5101501803770938,4.006813015866325,25.352133458250037
1402.703,1.509852750976032,4.007258607641554,25.36134294289617
1405.219,1.5101974241353413,4.0073114390050755,25.368141071208836
1407.75,1.5120219142381262,4.0076939058248495,25.36748622060288
1410.266,1.5107432925029598,4.008098649442672,25.368548165040366
1412.782,1.513209874283472,4.007927479331363,25.381850971488653
1415.344,1.5102550021509824,4.008379042700296,25.380785420005584
1417.86,1.5127634199736057,4.008564024217746,25.38897862030779
1420.391,1.5118724987982464,4.0085905885588415,25.389542567288743
1422.907,1.5067748916331618,4.008841665119164,25.395123633379697
1425.438,1.5135072332540762,4.009171212040961,25.4032838028876
1427.953,1.5102148565268758,4.0090814763739075,25.405815539105223
1430.485,1.5123809234558665,4.009546901682416,25.398754676119985
1433.0,1.507628742482864,4.009912278665964,25.404998600009765
1435.516,1.5111035283612413,4.009862689210401,25.413732180825416
1438.047,1.5127340242265084,4.009966232718483,25.419402267870602
1440.563,1.509400287274007,4.010478816607308,25.434474785989167
1443.094,1.5097139006126348,4.010759363405846,25.43353718567503
1445.61,1.510276881329989,4.010717184790593,25.438763224642095
1448.141,1.5070646709629067,4.011081461871122,25.441207682418543
1450.672,1.509280892702636,4.011755768421983,25.443393046591805
1453.188,1.5115263894167064,4.011522332778167,25.452953732750665
1455.719,1.5105446925266177,4.011720072168865,25.45730887277821
1458.235,1.511651648208859,4.011811160733214,25.463625191680094
1460.766,1.5113072353011698,4.012204935251036,25.464575331753647
1463.282,1.5126860989508877,4.012578747551203,25.464307439408593
1465.797,1.5083824479264767,4.012642028629737,25.46463330447327
1468.328,1.5152581665435487,4.013022771446327,25.476981193957084
1470.86,1.5083616414109844,4.012962500729947,25.478796557700754
1473.375,1.5087975901774093,4.013170401008486,25.476165215311244
1475.907,1.5094881678960552,4.013553359134973,25.48296312056169
1478.453,1.511232286216277,4.013667737136014,25.487895234158962
1480.985,1.5109426548359826,4.014018299898923,25.496146105604264
1483.5,1.5105573869327629,4.01394872335324,25.498130247790797
1486.016,1.5124432726425394,4.014370953748302,25.50287018205572
1488.547,1.5123898953950488,4.0144512637574215,25.501921790507893
1491.063,1.511519196849183,4.014852460914172,25.511260410204812
1493.578,1.5085971803635683,4.01508435375169,25.512503256195746
1496.11,1.5095659560240928,4.015234786995796,25.523660484003077
1498.625,1.512312332763227,4.015533793042611,25.527811093268514
1501.157,1.5125493260445804,4.015454841372337,25.539689963464212
1503.688,1.5094249081574356,4.015930610790448,25.538797625502927
1506.172,1.5121241589307288,4.015949407285246,25.554881735279203
1508.672,1.5102775183986907,4.016393460326011,25.557377432239157
1511.141,1.508856815504758,4.016502404879043,25.554418684214546
1513.703,1.5077630697864246,4.016799863916988,25.559365909002327
1516.172,1.5123208927379694,4.016787385364509,25.564068400307747
1518.657,1.5110420549972268,4.017312033993832,25.564894651373113
1521.125,1.5118726821321358,4.017248543878349,25.56326685536115
1523.594,1.5123236389483388,4.017485910622051,25.56813624738086
1526.063,1.5101635211325606,4.017790186681109,25.57715444607479
1528.594,1.5106888462197956,4.018217276244703,25.590279270289646
1531.11,1.5107138562114915,4.018255239014357,25.59394449252098
1533.641,1.5108248272993337,4.018483259921433,25.596848163702816
1536.157,1.5103111609114883,4.018670746009487,25.60089927137124
1538.688,1.5111798137613741,4.018924104256772,25.599031746702867
1541.203,1.5102846071155038,4.019338244125082,25.607802319259417
1543.719,1.5098384064342876,4.019068777036931,25.60651854597606
1546.25,1.5096951625318433,4.019672039000945,25.62129116268025
1548.766,1.5131499200754555,4.019924567349886,25.62162090306951
1551.297,1.5097894533580756,4.020039839935452,25.627499059276925
1553.813,1.5096065412221824,4.020084148905498,25.63907718366558
1556.344,1.5111416445327357,4.0203083570076386,25.637265831309918
1558.86,1.5077434925605395,4.020745866870326,25.63587761250933
1561.375,1.5114072620184646,4.020825791594086,25.6407348613436
1563.907,1.5111504368377566,4.021231406581494,25.644201045823777
1566.422,1.5118402356429048,4.021341702611725,25.646185739065167
1568.953,1.511012430034843,4.021371631878404,25.653201915702624
1571.469,1.5089181481225429,4.021971199333744,25.667204894896166
1574.0,1.5091003193294823,4.022170636587396,25.667701699796336
1576.516,1.5102487566363847,4.022320344290496,25.66554259797318
1578.985,1.5093807449649879,4.02265002579119,25.67949627760169
1581.453,1.5129401125761288,4.02259651820108,25.681149975326402
1583.922,1.5094962145911919,4.022990219842402,25.68531350628771
1586.407,1.5107982291223128,4.023103740073314,25.691166124749447
1588.875,1.512536413407131,4.023338697351654,25.691729699654246
1591.407,1.5112444732906776,4.0233784645493635,25.70441559614575
1593.922,1.510378050092631,4.02393560671959,25.70799531634716
1596.438,1.5104716482941392,4.024151911730674,25.717850266846973
1598.969,1.5107765635985533,4.0244179604026895,25.71672521303819
1601.485,1.510072312357175,4.024564989922517,25.72079612600025
1604.016,1.5091349690851932,4.024961322471259,25.7265180884062
1606.532,1.5096420389171903,4.025107701993486,25.732746987015027
1609.063,1.5114918994335302,4.025350193912834,25.737779835665172
1611.578,1.5088244078136455,4.02551457659426,25.73921119666149
1614.11,1.5107814416632799,4.025720934587602,25.740608537758273
1616.625,1.5109447682212405,4.026018649275596,25.737447934835686
1619.157,1.5098650330904162,4.026143645446437,25.744401861090513
1621.641,1.5081241426147143,4.026363195689327,25.743871454066586
1624.141,1.5085895506370288,4.026643540237582,25.75384515642753
1626.688,1.5099961256025733,4.026576848993714,25.760430552959942
1629.157,1.5112841652166458,4.027141382357437,25.765168816382197
1631.625,1.5112799974097126,4.02744735588842,25.781788922519752
1634.094,1.5129656419665947,4.02774112157663,25.777085116543496
1636.61,1.5115904157730373,4.0282087577021555,25.787187891158474
1639.125,1.5114247650641872,4.027888970490412,25.78898590055736
1641.657,1.508801832203462,4.0281006207424,25.787912470458824
1644.172,1.511435032547291,4.028463565878139,25.795797015764997
1646.688,1.5129321010488173,4.028942235880003,25.800194498926775
1649.219,1.5104060725937778,4.029014502176404,25.80703252215042
1651.735,1.5097172451160352,4.029201323533877,25.809843567605107
1654.266,1.5111281342332898,4.0296100265190145,25.80233614855335
1656.782,1.5109491072975199,4.029855720139939,25.811922889208745
1659.313,1.510293387954755,4.029791307203887,25.81507681276331
1661.828,1.511671059309073,4.0300591137186945,25.819559285352316
1664.36,1.5105196665376266,4.030349559061159,25.823265508192215
1666.875,1.5078647508905803,4.030547724975456,25.826933603852225
1669.407,1.5119269257007382,4.031140724128101,25.829547817046414
1671.922,1.5111524423288918,4.031050176807982,25.835908716622463
1674.453,1.5125967194648962,4.03133844614723,25.84507818111087
1676.969,1.5115973009991959,4.031579157811569,25.849552986577084
1679.453,1.5086150251420374,4.031477875231914,25.85705382345686
1681.907,1.511184523808766,4.032212998070077,25.851663392671153
1684.469,1.50845339264173,4.032287715632362,25.86325129456149
1687.016,1.5098536234131739,4.032530121962253,25.86480108350975
1689.5,1.5096230567523374,4.032990814981486,25.88062640427559
1692.0,1.5098762784639164,4.032843110234145,25.880941769620925
1694.469,1.513211928613509,4.033199865162724,25.888283900665325
1697.0,1.5046465473784247,4.033402096636029,25.888853840219962
1699.532,1.5147509159517722,4.033779263677433,25.89477839455442
1702.047,1.5108893621478814,4.034016761516313,25.8977516439863
1704.563,1.5091599223146575,4.034428392530731,25.909215269727863
1707.094,1.5090554801605898,4.03465797668673,25.90822494536094
1709.61,1.5117129288600526,4.03476080891578,25.91421955644105
1712.141,1.5136058293977652,4.034886897637521,25.926616701144965
1714.657,1.5106061770566788,4.035087395636317,25.919503087870616
1717.188,1.5095255332013449,4.03558084454634,25.926663569727094
1719.703,1.5093663086819982,4.035950979137886,25.931578386819602
1722.235,1.5083624562735922,4.0360192646791395,25.934011562952065
1724.75,1.5087854239857248,4.036273522142077,25.9360808891775
1727.297,1.5099181187683683,4.036478529656741,25.93760327654427
1729.828,1.5089521881262895,4.036919592354969,25.937398518462814
1732.344,1.511675053476319,4.036744256385197,25.947307919300936
1734.875,1.5108946749901455,4.037361183632562,25.949156027023857
1737.391,1.5109949719578026,4.037320585219846,25.95835333491373
1739.922,1.51109678460128,4.037728315212035,25.976324115011533
1742.438,1.5109756254038786,4.03791722313492,25.98471843182671
1744.969,1.5083956753922705,4.038237493081256,25.986750362890795
1747.485,1.5125867958714163,4.038659462295139,25.98655912200827
1750.016,1.5086773238483178,4.038947128168999,25.985514748239577
1752.532,1.5135591035335694,4.039023503652965,25.990093513031486
1755.047,1.5115939637349793,4.0393626905923865,25.998872903098857
1757.578,1.5123893002760116,4.039385161785394,26.000236416841172
1760.094,1.511864961912212,4.039765151949277,26.01198927207755
1762.625,1.5095239740351498,4.040002293436521,26.015995569854283
1765.141,1.5099110587855837,4.040445249521854,26.015931763014773
1767.672,1.5133521779644328,4.040671850330526,26.017465148240877
1770.188,1.5080342362827843,4.040799632725615,26.022493080277055
1772.719,1.5102119245765433,4.040875244135094,26.026676851682854
1775.235,1.5100047989592813,4.041356452942476,26.03331863948099
1777.75,1.5120710214848607,4.041530688355894,26.038726576045697
1780.282,1.5097486935072204,4.0419046202474815,26.044634895405334
1782.797,1.5124510196511936,4.041833645425593,26.05217204459328
1785.328,1.510966144066569,4.0423963892872505,26.055488410866996
1787.844,1.5130620274495927,4.042742664939483,26.05554618289881
1790.391,1.5106833659671874,4.042867331859383,26.069125997145314
1792.891,1.512566283208294,4.043126824284263,26.060001414389856
1795.375,1.510281987204458,4.043510095764335,26.07357601559044
1797.953,1.5125436040673799,4.043414112174221,26.085531647293042
1800.422,1.5102176986141544,4.043886124309177,26.09522267419138
1802.907,1.5135772103008351,4.0441007617277425,26.093291418544815
1805.375,1.5099978372207026,4.0445812528588965,26.094720957534115
1807.86,1.5101757976239052,4.0447778818921245,26.093404629436215
1810.375,1.513700534582051,4.044679370983031,26.102442417831067
1812.907,1.5125450076481715,4.0450628905873165,26.10596395469889
1815.422,1.5103722471511967,4.045627564867508,26.115339608606302
1817.953,1.5100921585558962,4.0455812919444085,26.10736138155949
1820.469,1.510941849377914,4.045816562287456,26.111400554101884
1823.0,1.5096062852532262,4.046191598136888,26.120138134981755
1825.516,1.510687535360857,4.046344490602901,26.118565414962212
1828.047,1.511655410606901,4.046688745679529,26.124732608669753
1830.563,1.5111928613555647,4.04722220289268,26.13192383085895
1833.078,1.5103289406002525,4.047377556823478,26.134100170973685
1835.641,1.5117823332727458,4.0474597304906785,26.13797329266628
1838.172,1.5077243061562091,4.0476780403542705,26.152964502727755
1840.688,1.5103129551142824,4.0482482382448906,26.151282129634215
1843.219,1.510636924886854,4.0482459368400345,26.15237890646534
1845.735,1.507654168517021,4.048339018205439,26.15399426610792
1848.25,1.5138860077844563,4.0489246391888924,26.155530573157744
1850.782,1.5097880549939997,4.048991832759447,26.16077950571497
1853.297,1.5108404227950087,4.049607820045383,26.16480285314684
1855.828,1.5118254062636263,4.049584489130239,26.163035257839695
1858.344,1.5112627850250946,4.050127136370277,26.17584412860556
1860.875,1.5113784470054108,4.050474238927674,26.18149831456852
1863.391,1.5087231100476217,4.050656877689301,26.175238076652846
1865.922,1.512157665513861,4.050867277237511,26.183520191700833
1868.438,1.5110204632333304,4.0508660923627,26.20533266494407
1870.969,1.510065172132049,4.051598352292051,26.202621472746227
1873.485,1.5083428424135406,4.051466312746384,26.21285950252841
1876.016,1.5101378756531372,4.051998244785515,26.22161615582991
1878.532,1.5116416302991098,4.052253868581096,26.21778822131857
1881.047,1.5088743632673942,4.0523065089909105,26.212475150356152
1883.578,1.5101938864175655,4.053046251277108,26.217814103535968
1886.094,1.5094638131666267,4.052680382352253,26.227725098837485
1888.625,1.5097675883306236,4.0534469966001,26.243633869529635
1891.141,1.5110051030075302,4.053617932522764,26.24804197105601
1893.672,1.512963129545314,4.053832208431942,26.25793054738733
1896.188,1.5105320225691001,4.053877381216159,26.258689311859822
1898.688,1.5118308505952853,4.054453634861871,26.270467309105857
1901.188,1.5115304757808459,4.0548155089387485,26.271491646390285
1903.719,1.5111670579180407,4.054659297818927,26.27958018237223
1906.235,1.5088502939605433,4.055284961202224,26.286907211649403
1908.766,1.5126952334822614,4.055449044095048,26.30257529506124
1911.282,1.51289521187063,4.056002713892244,26.301604936771636
1913.813,1.5116155424916549,4.056185219613652,26.296830948552792
1916.328,1.5102329602152396,4.0561964814009235,26.294084142999033
1918.86,1.5087157199767591,4.056576970497505,26.308851492108175
1921.375,1.5115725576101289,4.056792240278356,26.315121352749788
1923.891,1.51212923448243,4.056983290844287,26.32192051740448
1926.422,1.5102382577856257,4.0578162854669255,26.324184578815178
1928.938,1.5106751174248176,4.057832043548184,26.327291083592673
1931.5,1.5113797779678622,4.058088487496516,26.323055747594772
1934.016,1.5128201375828836,4.058401071288974,26.326340326655664
1936.547,1.509971384431302,4.058280527511011,26.331956670015007
1939.063,1.5101910853064044,4.058781788623206,26.335322964627295
1941.594,1.5110036833516536,4.059070820999688,26.347093277847492
1944.11,1.5110434055846154,4.059475213541176,26.349759633108686
1946.641,1.5113334652898869,4.0594857767452135,26.356555374832446
1949.157,1.50939658785348,4.059819177163927,26.356280919539024
1951.688,1.5086377222621705,4.060260259295992,26.360433179375082
1954.203,1.507105641317897,4.060370339614313,26.36807439142312
1956.719,1.505776842478069,4.060588613394552,26.37224076911133
1959.25,1.5125587690522253,4.061193047992932,26.386378672784808
1961.766,1.513314253182259,4.0612636932569295,26.386982612716867
1964.297,1.5121354201326884,4.061712650369575,26.39162992895669
1966.813,1.5122852199179742,4.061914859442676,26.39199135698765
1969.344,1.5106287985373958,4.062359459891493,26.399395745547245
1971.86,1.511647699189204,4.0624366404612235,26.400373305041203
1974.391,1.5072219336600783,4.062879393932443,26.409822770921714
1976.907,1.5101647273014402,4.063030162622141,26.411942410499073
1979.438,1.51316245607665,4.063461460770627,26.41471721045958
1981.969,1.5105659050852671,4.06365103882527,26.41500920637643
1984.485,1.5115780844537796,4.064451568063077,26.419015828980854
1987.016,1.5111932537535653,4.064323086292921,26.42671086600541
1989.547,1.5109445372564962,4.064610207816937,26.420266103933855
1992.063,1.5102502835904232,4.065162566821474,26.422684121915502
1994.625,1.5080525677323202,4.0652024499945885,26.43383273011813
1997.094,1.510382937243574,4.065433866729647,26.43098288438936
1999.578,1.5082920803440838,4.065748342643713,26.44520039543991
2002.11,1.5122431548193414,4.066200048737985,26.445862832832894
2004.625,1.5096636313472034,4.066329481641984,26.45138907596327
2007.141,1.5066431109762823,4.066666408089054,26.457647848852663
2009.657,1.512288349386102,4.067074235297542,26.458668193156672
2012.172,1.5097739949421565,4.067334089933408,26.467560730356077
2014.703,1.511414274877062,4.0676780027805,26.470469763042026
2017.219,1.5091155471893163,4.067734078284749,26.485087275854514
2019.75,1.5101413897552967,4.068339415203894,26.482892070314875
2022.266,1.5117727105581944,4.068338738482299,26.49796143734812
2024.797,1.5116114057146146,4.0688562873759055,26.49741586671691
2027.313,1.5119086846463718,4.069201514534384,26.50589571614503
2029.828,1.51342300073382,4.0693446944296765,26.507989588053952
2032.36,1.5133852072260658,4.069804383151375,26.507214695991795
2034.875,1.509820445426976,4.070295387690262,26.510970628967655
2037.407,1.5142043399275527,4.069894753325157,26.52018609758756
2039.938,1.511340725236283,4.070883711480128,26.52242580084765
2042.469,1.514081924063855,4.0711524548006075,26.5231588595637
2045.0,1.509555230454238,4.071073201370187,26.522891531369332
2047.516,1.513050727245689,4.071448455980888,26.534124507657967
2050.047,1.5136924807701801,4.072243790543311,26.543044481226648
2052.578,1.5117161320665204,4.0722056839134995,26.55282431116368
2055.11,1.5110030848607041,4.072569393402239,26.556570376900254
2057.625,1.5097015983483664,4.072706704008262,26.5631813874416
2060.157,1.509840316268287,4.073104871801099,26.56328231246285
2062.672,1.513505052518073,4.0733737322808246,26.570330289333327
2065.141,1.5074765735748241,4.073481073566568,26.571377518031895
2067.625,1.511314964816068,4.074056209846082,26.575527931414157
2070.094,1.513480163209704,4.074304751016044,26.58726770122525
2072.563,1.5121400286265345,4.074498117749549,26.588784698245675
2075.032,1.5101120246754618,4.07461331480512,26.586800330071195
2077.563,1.510451391560538,4.075315893487982,26.594385193235293
2080.078,1.5120444632556853,4.075464613613506,26.596948897878956
2082.61,1.508889805247508,4.075727274968348,26.599501076065778
2085.078,1.5142650553177281,4.076285574878075,26.609231640947705
2087.657,1.5055744329936962,4.076347123050771,26.617139362051716
2090.141,1.5158393059415127,4.076892989977826,26.62282454379663
2092.625,1.5110084008090399,4.077138785295862,26.63300468393838
2095.094,1.5093817873819586,4.077494845850503,26.63344384358033
2097.578,1.513342570230102,4.077908812042054,26.62857960846367
2100.047,1.5105842707368282,4.078046619169686,26.62386703324118
2102.563,1.5129047404265248,4.07823412159621,26.627420943311627
2105.094,1.5083034936514372,4.078671514805383,26.63952119299703
2107.61,1.5101366160320064,4.078949223804147,26.651845586216506
2110.141,1.509711081869248,4.079231634860037,26.664828974685527
2112.657,1.5132938451686229,4.079881534494875,26.661282712044446
2115.172,1.509440194206467,4.079890268893876,26.665776792912105
2117.703,1.5093190955185045,4.080138202293993,26.66548852385938
2120.219,1.5127883248035856,4.080859742626873,26.672862690972153
2122.75,1.511271450275826,4.080801083158644,26.68260717141323
2125.266,1.5110865455358404,4.08124162341464,26.685100338297342
2127.797,1.5095165301979119,4.08154225591166,26.6752382708256
2130.313,1.5155049730229344,4.082127458822392,26.680013275148738
2132.828,1.5095011656318922,4.082296493494829,26.688847225389782
2135.36,1.5084270779810915,4.082591540699836,26.703850203368997
2137.875,1.5102844389165515,4.082936716403919,26.701438638021965
2140.407,1.5098580299442788,4.0832003779263575,26.711548462973646
2142.938,1.5102393372944605,4.083603413049018,26.717358828214955
2145.453,1.510506518363429,4.083481409757309,26.713928752342206
2147.985,1.5117418696295704,4.084079131902116,26.716843512377583
2150.516,1.5110964246053395,4.084498143213364,26.71993304391142
2153.063,1.5120237934640204,4.084979971455351,26.72396317700095
2155.578,1.5084116727396972,4.0849472941018234,26.726013394373588
2158.11,1.5105918380254244,4.085358593340758,26.7379335985073
2160.625,1.5112692848761289,4.085933851513149,26.744829843522044
2163.157,1.512614442252019,4.086143314785095,26.746667404670664
2165.625,1.5115490924671409,4.086470978499512,26.757181397615582
2168.094,1.5100947671675575,4.086659685477062,26.74675379054698
2170.563,1.5083453632813193,4.086628600439775,26.74437185925178
2173.094,1.5094887010589984,4.087409742364507,26.761047795249414
2175.61,1.509194971071131,4.087626430988638,26.769673323284756
2178.141,1.5097980897773697,4.0882653849298425,26.7738023816548
2180.657,1.513099801187354,4.0886942080445525,26.770653195676882
2183.188,1.5127910355036978,4.088606916818935,26.77724611211694
2185.703,1.5110795226515437,4.089107849445003,26.78339128275604
2188.235,1.5118902699806558,4.089380136696193,26.78223294575796
2190.75,1.5100180236748861,4.089371883910299,26.79245263570433
2193.282,1.5112845920968538,4.090005535459079,26.797508434324456
2195.797,1.5099519278694837,4.090426648280853,26.79634965770703
2198.328,1.5079004876991464,4.090645479374473,26.80038511736203
2200.844,1.5094146427028485,4.090978539605793,26.80178162430093
2203.407,1.5088981242942372,4.090989458008722,26.808491933328945
2205.922,1.5101312976692909,4.091681575361533,26.8091145534565
2208.438,1.5105368800694714,4.091846716454659,26.81849076506107
2210.969,1.5106821564670225,4.092102278698201,26.829573943475154
2213.485,1.509034718360658,4.092724132262551,26.837335704332425
2216.016,1.5128039511326095,4.093284849013011,26.852527386885477
2218.532,1.5098885604038352,4.093261312703939,26.853407907308256
2221.047,1.512016459847727,4.0938019713225655,26.85145214257109
2223.578,1.5078475501194861,4.094247569470604,26.86226387765571
2226.094,1.5135819612835917,4.094985738367554,26.864087021730242
2228.625,1.5101134000759946,4.094506810598156,26.86735943001328
2231.141,1.511947432921172,4.094914409562531,26.874351598583882
2233.672,1.5106653699963906,4.095346709205366,26.873537986248216
2236.188,1.5105534446041196,4.095935018415958,26.87078875577619
2238.703,1.5091483941188804,4.096199055326489,26.87400099021665
2241.235,1.511676256544826,4.096296209236605,26.879348442584913
2243.75,1.50958568226486,4.097001752092434,26.8870910794806
2246.282,1.5115948984782963,4.09716307382356,26.89486413798154
2248.813,1.5129616551656848,4.097479486475015,26.905543088065233
2251.297,1.512712188963106,4.0980409954278905,26.9128515399518
2253.782,1.512364722083243,4.098094675067045,26.921071391918087
2256.313,1.511210489159901,4.098569382828733,26.920808046169544
2258.891,1.5126670344538278,4.098984410495366,26.927413131768056
2261.407,1.511480265692208,4.099360637516532,26.928977085027864
2263.938,1.5121543062535447,4.099373331067137,26.94002575136899
2266.453,1.5091818251903824,4.099888126441273,26.94794542866088
2268.985,1.5051893731030708,4.100196053886576,26.953680621650395
2271.5,1.5111218206955475,4.100834655612254,26.95979989902015
2274.032,1.5119308452802833,4.100972192592611,26.957308441349007
2276.547,1.5110028683319323,4.101289515717935,26.951610986590367
2279.078,1.510701752447781,4.101636312359064,26.95859854262547
2281.594,1.5094730485670602,4.102260706000442,26.967906411323455
2284.125,1.5091118426248378,4.102337806126228,26.979423436650688
2286.641,1.5189958805966282,4.103128711343269,26.98106911007869
2289.157,1.505864342459961,4.103104816667651,26.99229719436825
2291.719,1.511063543388423,4.103672808568641,26.992891179695214
2294.188,1.5119010491811673,4.10411463225183,27.004717504970788
2296.688,1.5105668545579336,4.104174419542848,27.001442495424218
2299.219,1.5090080256179996,4.104675254658256,27.002217513731026
2301.688,1.5128798883533188,4.104919841822292,26.996660349449222
2304.157,1.513237304666066,4.105259691130339,27.002395055657598
2306.625,1.509973657902567,4.105635433128958,26.999331676441148
2309.11,1.5106790051772712,4.1059234591138285,27.0135828367146
2311.578,1.5117291641188983,4.10625556290397,27.016654098641727
2314.094,1.5090781085274414,4.10677128956729,27.0184849700895
2316.625,1.5135235715102062,4.107179303610414,27.027984212059405
2319.141,1.507344402587045,4.10750518762233,27.03388683123324
2321.672,1.509662047595484,4.1079434077280235,27.036576088629523
2324.188,1.5089589148389588,4.108048831973931,27.052323561638577
2326.719,1.5104546901712192,4.108340267246985,27.055510840987637
2329.235,1.5112290709349694,4.109139538807928,27.053766938517413
2331.766,1.5090673862468293,4.109188825247944,27.061125005705286
2334.282,1.5115521314231828,4.109487845021983,27.063869165158913
2336.813,1.5127880108518585,4.1100343144976454,27.065059339295445
2339.328,1.5122282813459726,4.110457017658923,27.05853259502345
2341.844,1.5127094796746892,4.1106546081755395,27.057716484342595
2344.375,1.5118886542220924,4.110807494846383,27.06375487622444
2346.891,1.5095428926196743,4.111169639107779,27.08405183475105
2349.422,1.5137297422632325,4.111543504165648,27.084453811482074
2351.938,1.5111043400417172,4.112083766758121,27.09250834143036
2354.469,1.5088752959290226,4.112711091241893,27.0926873569897
2356.985,1.5129009810027854,4.112785572152847,27.101183661345786
2359.516,1.5108637416861832,4.113250593086011,27.112157484474054
2362.032,1.5098541613032488,4.11368201973935,27.107813483933704
2364.532,1.51347111145988,4.113812398406434,27.11063032472608
2367.0,1.5106994332776211,4.114167002340841,27.116537560019758
2369.532,1.5110402828546075,4.114632297452219,27.123319481721055
2372.047,1.5120515233309828,4.115268065771057,27.133820467622357
2374.578,1.5092454211386523,4.115287973655303,27.134906953946697
2377.047,1.5091244795285763,4.115731049670331,27.133518442579636
2379.516,1.508089093005682,4.11600051903379,27.13197194349378
2381.985,1.5091986216328737,4.116441618051686,27.134485946538017
2384.453,1.5113883768752712,4.116873443298736,27.136371420146897
2386.938,1.5106758632138526,4.117238134279304,27.142969319892075
2389.469,1.5104351289208715,4.117860337978073,27.153282735141048
2391.985,1.5115459928425823,4.118156584085685,27.158477026674852
2394.516,1.5087108708188741,4.118143652920047,27.16346480126322
2397.032,1.510221019855944,4.118685962373061,27.17374396865909
2399.563,1.5088870517663862,4.118741705623146,27.183484260506585
2402.078,1.5095359911822432,4.1194210521570485,27.190433956387537
2404.61,1.5118040086102114,4.11975030334386,27.192153936315414
2407.125,1.5111418058500121,4.12041055865705,27.196677891785168
2409.657,1.5103180139870431,4.120415030361963,27.199237865102855
2412.172,1.5123037222610562,4.121014423379462,27.20417592862976
2414.703,1.507377822714193,4.120919498801422,27.206816136301203
2417.219,1.5095598122754392,4.121695381239966,27.215390894988882
2419.75,1.5096581390217478,4.121982462033036,27.21109317279212
2422.282,1.5104434397308646,4.122313847841473,27.215436826875113
2424.797,1.5081223811516624,4.122590476531298,27.21962963818226
2427.328,1.5112647778407167,4.123128882223401,27.211035160827784
2429.86,1.5103552854888012,4.1232880327682615,27.211357082650565
2432.375,1.514081549269675,4.123947973543354,27.227305207661722
2434.907,1.508983161982333,4.1240316331105085,27.231817091218264
2437.422,1.510766656350276,4.124621266716559,27.244611955807766
2439.891,1.509136543264949,4.125130902446807,27.24523231541499
2442.407,1.5116590541559565,4.125295393571006,27.26170151156693
2444.875,1.5089123460959593,4.125555359289787,27.261449278435006
2447.328,1.5112933154397352,4.126167264282575,27.267141579846665
2449.797,1.5123447275008333,4.126551369146887,27.268142735762122
2452.328,1.5098496350309742,4.126712430110163,27.269436809368127
2454.844,1.5092762484506639,4.1272952383662895,27.283676215905164
2457.36,1.5114455949386756,4.127553812241274,27.2753161924137
2459.891,1.5109008445716083,4.128146372698212,27.28317124176877
2462.422,1.5090752514855765,4.127892636238177,27.28715529413781
2464.938,1.5112157852098238,4.1285277879701585,27.288789319212857
2467.453,1.5083415129366318,4.1287528706756955,27.30240919807885
2469.985,1.5122531926344496,4.129456954114916,27.31212769113804
2472.5,1.5070242440222674,4.129824728600771,27.3140186228389
2475.032,1.50887627688147,4.129937744518456,27.324563022403133
2477.547,1.50968737700813,4.130678175384132,27.321476538311387
2480.078,1.5107188825403974,4.130861694249311,27.332367796857824
2482.594,1.5112366486832995,4.131292793516422,27.34667889262306
2485.125,1.508349476115403,4.131377393704046,27.33958344031852
2487.641,1.5037981790763484,4.131858783840396,27.33818428511763
2490.172,1.5101891069874658,4.132249840638136,27.341242506500826
2492.703,1.5078144076135747,4.132807163212585,27.34649116054433
2495.219,1.5106291066784558,4.133262740154648,27.340866021560316
2497.735,1.5120420803204764,4.133458515048548,27.352459986832397
2500.266,1.5097964856418888,4.13365528804524,27.37150173169216
2502.782,1.5087712513201554,4.134097832079204,27.390216680782196
2505.313,1.5090287859340659,4.134533602949844,27.386665610292432
2507.828,1.5094559158359,4.135010909546026,27.399446440349042
2510.328,1.5106169968345216,4.135382621137186,27.397615104297607
2512.813,1.5091477521302876,4.135721501123834,27.402985954280744
2515.282,1.5108299627627368,4.136032793158433,27.40852311971771
2517.797,1.512092757547982,4.136674637755454,27.419148748308437
2520.266,1.5151246197919108,4.137273830218561,27.425307763995413
2522.735,1.510031464428299,4.137066298035844,27.424080549507476
2525.203,1.5121856002008482,4.137694799455464,27.422291024096484
2527.688,1.5119912493100136,4.1380814796665275,27.427034684330735
2530.157,1.513003074944003,4.1380955202741,27.44022848140013
2532.672,1.5104856521928995,4.139040894787709,27.440272957544433
2535.203,1.5154512830486582,4.139224401416981,27.438410833990705
2537.719,1.5121748608740277,4.1394440555362575,27.441787979700617
2540.25,1.5109887704474305,4.139937053669284,27.453600884289582
2542.766,1.5089326843135002,4.140134922981678,27.464099559875148
2545.297,1.5096966740962379,4.1405576911192075,27.46916358002415
2547.813,1.5116589468962816,4.140576685121048,27.46843101211209
2550.36,1.510185509728366,4.141138509851562,27.46312201850981
2552.891,1.5069572400770497,4.141393146754904,27.462433662656156
2555.407,1.5080420465914268,4.142054913276848,27.476154866787546
2557.938,1.5116194050468839,4.142399524860658,27.482418146831552
2560.453,1.5072170459979983,4.142796302314451,27.491939242225524
2562.985,1.5101445514455072,4.1431127433552515,27.503305171367508
2565.5,1.5130342250653093,4.143685892234237,27.520607315045726
2568.016,1.5125385959654047,4.143813929285409,27.52097438957509
2570.547,1.5119716470799809,4.144369726284065,27.52468423475457
2573.063,1.513137052482534,4.144893255303437,27.532707268706087
2575.594,1.5099202927903828,4.145211492128467,27.547264829301195
2578.11,1.5126148985848888,4.145413879156101,27.55540376590356
2580.641,1.5134796551773735,4.145836358571282,27.555660546509767
2583.157,1.5132928866898465,4.14647077191696,27.563104213470755
2585.703,1.5105025558839158,4.146554881242701,27.562283056401412
2588.172,1.5139668345184654,4.147041107279901,27.57398638480558
2590.688,1.5066844058512592,4.147028258346083,27.574460727283107
2593.203,1.5134124128757902,4.148144964903052,27.572913584225333
2595.735,1.5080669208086863,4.147959373573631,27.581335400508113
2598.25,1.50854866559594,4.148281040582481,27.58466034138506
2600.766,1.5114492251702805,4.148705487771366,27.598466060332186
2603.297,1.5098670311936864,4.149204770677064,27.605406606544445
2605.813,1.5153774817888894,4.150175236310349,27.616538141503472
2608.344,1.5122766174513098,4.149827226731028,27.615643665908078
2610.86,1.5055075780956086,4.150331223061815,27.621987698342508
2613.391,1.5143697633474467,4.1508812185323185,27.629067792243976
2615.907,1.5087656447320899,4.150880029303652,27.63518690847314
2618.438,1.5093879502367973,4.1511221946743655,27.64201692045232
2620.953,1.5081522850354685,4.1518310185916025,27.65554692028517
2623.469,1.5057793120017398,4.152463099290362,27.652516266174235
2626.0,1.5112407077147356,4.1525722649931085,27.649893157911656
2628.516,1.5083801676611923,4.1527152430388785,27.663515888105977
2631.047,1.5096857468983724,4.153344673421412,27.669175985436258
2633.563,1.510090927582132,4.153672137466757,27.681770956654937
2636.094,1.513155416135586,4.154030021667779,27.694683339082694
2638.61,1.507550376417059,4.154390580002706,27.69664245476355
2641.125,1.5132977962794825,4.154986501470827,27.705152930338
2643.657,1.5111527852482816,4.155149733105382,27.713393068137883
2646.172,1.5110439707748409,4.155436327520932,27.72040207648749
2648.703,1.5145752593161423,4.156112697690168,27.72483291743761
2651.219,1.508605708608554,4.156236816853814,27.732650886128773
2653.719,1.5126877047806222,4.157005140770202,27.73147714875845
2656.266,1.511058660350508,4.157258644093366,27.74729708752718
2658.735,1.5089399994503456,4.157310037067932,27.75300461256938
2661.203,1.5120734711439068,4.157632588931966,27.76082629709119
2663.672,1.5089698024918148,4.158197948014975,27.764959021517146
2666.157,1.5083268309486675,4.158814372517646,27.767188893279723
2668.985,1.508714313474012,4.158826332530101,27.776745612584598
2671.547,1.5108538211012534,4.159579575105829,27.789436434367467
2674.125,1.510083090903289,4.15960197078103,27.785627467113194
2676.688,1.51107884381029,4.16019955795223,27.795785262590922
2679.266,1.5107610065063164,4.160677655542311,27.799209947593532
2681.828,1.5108618868509902,4.160887813375088,27.80492525509703
2684.391,1.5112617010753435,4.161794333160493,27.818070102784098
2686.953,1.513167055782982,4.161925010223278,27.821390044130407
2689.516,1.511422354299496,4.1621934524164095,27.838224398968563
2692.078,1.5058285188532778,4.162054607934794,27.84394305271803
2694.641,1.512154845098075,4.163048100691101,27.849244649199576
2697.203,1.5067301367218118,4.163236803066747,27.847162784049925
2699.782,1.5122002149446911,4.163623923610368,27.8537196904835
2702.344,1.5125866912036003,4.164179511586776,27.854400127912537
2704.907,1.511073031448707,4.164783726704333,27.85411811320361
2707.469,1.5115051872077019,4.164987478733,27.861817672476988
2710.047,1.510925441463681,4.165364337584106,27.879224945296276
2712.61,1.5119238180270034,4.165942731910543,27.890432338575536
2715.172,1.5106482438165427,4.165994043082197,27.907436728444505
2717.735,1.5094706048155477,4.16613855325633,27.911282092501953
2720.313,1.5065937102594746,4.166632483279602,27.925269896482707
2722.875,1.5082218828397476,4.167113906871454,27.93464453773305
2725.438,1.51282830732182,4.1677285172744405,27.945164753193108
2728.0,1.5151748851384903,4.168290494373033,27.951376850181994
2730.641,1.5114583044493015,4.168387548889757,27.96320651378091
2733.203,1.510631377280492,4.168879193422975,27.967288649816346
2735.782,1.5126252812295968,4.169219978118743,27.973502139577654
2738.344,1.5098316158635918,4.169327576991266,27.988624317819102
2740.907,1.5119146661570977,4.16999816420475,27.986689137488206
2743.485,1.5097027526875606,4.1704158954862125,27.98469937092057
2746.047,1.5089874325176706,4.1709182638896305,27.993565986059902
2748.61,1.509479483067074,4.1713540987145725,27.98965755866289
2751.172,1.5103270444654517,4.171697781439136,27.99264584090379
2753.75,1.5117500742937902,4.172224619910596,28.00360605426353
2756.313,1.5098475528925488,4.172481498865456,28.01627352012211
2758.922,1.5091450782161269,4.17298243439141,28.024598319921314
2761.563,1.5118758677249926,4.173013565124683,28.03546763096443
2764.25,1.5114185733269565,4.173559772141841,28.054628302742202
2766.875,1.513234809663598,4.174070848124171,28.06780164142518
2769.453,1.5114754271057167,4.174282102434192,28.077143059823236
2772.016,1.5126079369550143,4.175062120775279,28.09290224479283
2774.578,1.5111287199945607,4.175463336582519,28.093241994471807
2777.157,1.50882733169031,4.17572863113053,28.099613141246866
2779.719,1.5093343556771146,4.176078723760773,28.1153937987306
2782.282,1.508914535868053,4.176239382972374,28.120655289559927
2784.844,1.509595979172253,4.176723530653658,28.122598887328312
2787.422,1.5123141139843306,4.1772063989959936,28.129565833876203
2789.985,1.5117580022327224,4.177715898348637,28.13394482390523
2792.547,1.5152104815334355,4.178461629539194,28.142782480765604
2795.125,1.508490162472588,4.178564510389803,28.16104977126395
2797.688,1.5117387654522954,4.178900275149281,28.1685328908858
2800.25,1.510813611949091,4.179372770134446,28.182205255324174
2802.813,1.510866837577114,4.179796205009189,28.183966665987594
2805.375,1.5133192037674041,4.180202704320437,28.197137297831915
2807.938,1.5145628653241516,4.18084470926104,28.214218301337414
2810.5,1.505715050257987,4.180953302363137,28.224256969813773
2813.078,1.5094645754198048,4.181383068804541,28.22797240223368
2815.641,1.510388244741746,4.181792106251163,28.243151527572984
2818.203,1.5102131712030689,4.182593106052886,28.245189692391836
2820.766,1.5065835586988154,4.182641398234036,28.249577324019242
2823.328,1.50905734012932,4.183085138598991,28.247860967008418
2825.907,1.5092260567685278,4.1836596738522305,28.257437287452117
2828.469,1.5109482012262294,4.1840452773310615,28.268463425206082
2831.094,1.5128988768668568,4.184694100742841,28.279156748552523
2833.703,1.5115009792482503,4.184944282685156,28.291999426327216
2836.328,1.5125843550966318,4.185630411918317,28.298587008127885
2838.953,1.5146222659507416,4.185672210495796,28.312290769788806
2841.547,1.511892453056736,4.186331619107248,28.33174758678318
2844.11,1.5108181455711869,4.186759669072484,28.344196296302147
2846.672,1.511246482084166,4.187151584238883,28.34350630534997
2849.235,1.5078109614486526,4.187540331137699,28.36223772191615
2851.813,1.5091184841373373,4.18789641507389,28.366905837409934
2854.375,1.512517434234139,4.188419910453763,28.382833139432503
2856.938,1.506768348340073,4.188669341739074,28.38353022514478
2859.5,1.5110574989057024,4.188964244035796,28.393718090332747
2862.063,1.5085853365772526,4.189771529126469,28.404838301965952
2864.625,1.5114769238349317,4.18988200512862,28.411927363913755
2867.203,1.510380812750948,4.19038189911754,28.40816033429495
2869.766,1.5096793917225235,4.190904230599656,28.420017554344074
2872.328,1.5104050678060037,4.191333522718757,28.42652770105173
2874.891,1.5125578495642449,4.191847258743418,28.43316508243052
2877.469,1.512013397645079,4.192271070616401,28.442766676890958
2880.032,1.5093917080715773,4.192419050492334,28.451622538975716
2882.594,1.5059590867792603,4.193021411441351,28.463261817755583
2885.157,1.5102447205976857,4.193771516398537,28.46927291621083
2887.735,1.5111178501972198,4.193970055200245,28.473039336085513
2890.297,1.507638366625196,4.194140689554845,28.476464634871988
2892.86,1.5123085575908002,4.194940165640277,28.492086469308095
2895.453,1.5114542584789958,4.195262455041334,28.515979005351817
2898.047,1.5109123349597555,4.195955381159614,28.526890608838574
2900.657,1.5081546519565348,4.195971204244086,28.5369487612311
2903.235,1.5100387721915667,4.196318737414624,28.544688491687086
2905.797,1.5098168956758016,4.197255264489267,28.55651891549907
2908.36,1.512247702064152,4.197522095969504,28.561024858636404
2910.922,1.5121523276639444,4.1979680486207736,28.570166575660814
2913.485,1.5073013275742617,4.198266573701478,28.573814183583984
2916.047,1.5062814480838804,4.198823100959208,28.584088439345052
2918.61,1.510809136842192,4.199282211284554,28.595665227064583
2921.172,1.511119633936094,4.199851863858523,28.60703276814825
2923.735,1.5077455476109272,4.200168327313032,28.608069722099675
2926.657,1.509757330920594,4.200933524679869,28.61664416791262
2929.391,1.5088587608265458,4.201448923129604,28.631668228944907
2932.094,1.5087927935036283,4.201650185869625,28.64059448211959
2934.813,1.5118977992932452,4.202148178843391,28.655372041126498
2937.485,1.5116888209736685,4.202646215607075,28.649980609002284
2940.219,1.5090433014044515,4.203168152488735,28.662608541469844
2942.891,1.5130682882295536,4.203731719723335,28.665765117877573
2945.61,1.5103566463463682,4.204011304022276,28.682793385726477
2948.282,1.5101154655218727,4.204980673971216,28.69457138954427
2951.0,1.5109907257705295,4.2051003578095925,28.695742634383436
2953.75,1.5046077307928778,4.205672280791918,28.694150457197384
2956.5,1.5005936878669075,4.205135531264074,28.698224074515235
2959.235,1.4992100048529238,4.205741253848514,28.720152577635844
2962.0,1.487650430873897,4.205110120902162,28.73253901247696
2964.688,1.4861123267085263,4.20570186494916,28.748433125637913
2967.438,1.4791453927271956,4.205160353121407,28.745743288141767
2970.172,1.4743154420987035,4.205532950494965,28.752406207487837
2972.907,1.4756412407706732,4.205913135422081,28.768243044139016
2975.594,1.4647933032727525,4.205442068945532,28.786763442541744
2978.313,1.462292351476417,4.205902687759641,28.80741837825797
2980.985,1.461898080635975,4.206091705299667,28.808269328138028
2983.719,1.461136864046733,4.206243953096659,28.82132611500926
2986.391,1.4619178239813344,4.206732823804348,28.822132850199974
2989.157,1.452452377051095,4.206382405381311,28.819905298707386
2991.844,1.4402295835158863,4.205940275630772,28.829437245259893
2994.578,1.4421615884056749,4.205895589687795,28.833723841051384
2997.235,1.4373589123192412,4.206447919780817,28.844374902062874
2999.969,1.4364030104512926,4.206762099181111,28.84510612226958
3002.672,1.4262828910886343,4.206079542031757,28.848341437396964
3005.422,1.4197028976991977,4.205729826165969,28.840283516221014
3008.094,1.4174553698080892,4.20603480762049,28.86417327188517
3010.828,1.4169905199353037,4.206328081587469,28.876766178860656
3013.5,1.4175912536424198,4.20662121853723,28.889248995149487
3016.297,1.40750839943681,4.206521039272872,28.894151769809042
3019.047,1.3921991877459983,4.205597653417897,28.89323554719426
3021.766,1.3943438065700609,4.205767930903276,28.90073906085382
3024.438,1.393514885101797,4.206229080541652,28.894357992511896
3027.172,1.392212730444791,4.206253006603801,28.893382479569354
3029.844,1.3946928871002449,4.20658156676873,28.91844211067494
3032.61,1.384110948723909,4.206347758044661,28.917887694870366
3035.266,1.3819929606637684,4.20631348352398,28.92960011664723
3038.0,1.3822184043020984,4.206670926888898,28.930853789351865
3040.703,1.3718678081021989,4.206439148352217,28.932045742735536
3043.453,1.3612309503057214,4.205709038911468,28.941471614304653
3046.125,1.3610185948213298,4.205983401092494,28.952573793349117
3048.86,1.360349488625103,4.206088791167925,28.96402492142633
3051.532,1.360742627189901,4.2064184373160955,28.966235982911357
3054.266,1.3568955751775484,4.206885972348357,28.968255799177577
3056.953,1.3464107909950693,4.206094894736085,28.975899298807285
3059.719,1.3386051820620422,4.205540910880078,28.983101253447575
3062.391,1.3379677313648817,4.205942278189782,28.96966351921983
3065.125,1.3373225802873043,4.20595221224628,28.969047387252765
3067.797,1.3369483754020572,4.2063262736364155,28.9673631755811
3070.516,1.336376141479839,4.206698320608454,28.9662545080091
3073.219,1.328601700826877,4.206261804584409,28.975319720727356
3075.953,1.3248543924170528,4.2063687756658705,28.98855364851837
3078.625,1.3268066148993896,4.206704399153086,28.992382148904852
3081.375,1.3156790739456174,4.206344234466475,29.002031959210818
3084.047,1.3126966314228568,4.206526411905335,29.004124051515504
3087.141,1.313199054848704,4.206680728105888,29.000095215821325
3090.0,1.3035673164259223,4.206268378861778,29.00342759381484
3092.828,1.3021998548583527,4.20644604504404,29.010232419489558
3095.672,1.3029124342452054,4.206597050430534,29.01571799944628
3098.547,1.2884784180651099,4.206489058514059,29.015780791895708
3101.375,1.2916246272151828,4.206656260507388,29.013532723197606
3104.25,1.2807996751738377,4.205947875676815,29.032853253060072
3107.094,1.2799844626859105,4.206073682930873,29.03785527005412
3109.922,1.2823409991977714,4.206240134456819,29.027625071103635
3112.766,1.279501432702366,4.206845494043841,29.019073724772145
3115.625,1.2666557792753665,4.206284528263498,29.01474284278204
3118.469,1.2670772130080168,4.206424517531537,29.008723377868243
3121.313,1.2637951540488066,4.206953107602266,29.017904494600256
3124.141,1.2677819737848133,4.206972022395064,29.02644666575198
3127.032,1.2626600692771446,4.207593534667785,29.032828144683815
3129.907,1.2577323778633276,4.206961472321775,29.032304345818712
3132.766,1.2457932723675291,4.206493835785405,29.03179519591281
3135.657,1.2457874255270023,4.20671617575799,29.037211586882936
3138.547,1.2332198802826668,4.206032931084892,29.030493529554317
3141.375,1.2335426171389863,4.206558681185874,29.021136604984484
3144.266,1.2267027545955393,4.20585460358219,29.0287971295649
3147.125,1.223619404984666,4.20609604042472,29.03396873641781
3149.969,1.2200304314143795,4.2065432520793165,29.025454430200927
3152.813,1.2244759432542323,4.206677810209497,29.025751699858887
3155.688,1.2111657740487833,4.20599760207497,29.014487975146537
3158.516,1.211828863121311,4.206150283102833,29.007900346704993
3161.36,1.210493261876875,4.206414121045283,28.996430130220464
3164.219,1.207682421985065,4.206779141771023,28.99247495610175
3167.063,1.209034102950632,4.207328601576473,28.997155030818945
3169.907,1.2097422986709665,4.207544964716501,29.016482257690832
3172.75,1.211457012398908,4.207701485431235,29.004610163960162
3175.625,1.1958629819791968,4.207419284624438,29.000307122046028
3178.516,1.187016216019037,4.207112831968767,28.99883708520214
3181.344,1.184840082391763,4.207119856114488,29.003336444806877
3184.188,1.187275095516531,4.207516365541429,28.99803434934342
3187.032,1.1864714950754918,4.207789421043484,28.99773176521878
3189.907,1.1757185705841295,4.207236163390757,28.995573778083767
3192.782,1.1643151160266956,4.206583977062309,28.996420886714585
3195.625,1.1660171764925846,4.20675814087493,28.99175884035494
3198.485,1.1662882610708885,4.2071584188301525,28.979450103023144
3201.672,1.16370855537214,4.2073411530788185,28.971522496160013
3204.688,1.1604765714398428,4.2073857891388675,28.967150812221785
3207.657,1.1646941073608266,4.20789133858391,28.975404189548673
3210.672,1.1516214174737076,4.20764795128768,28.976167730557986
3213.672,1.1434849342961213,4.206967195288347,28.979762482730592
3216.594,1.1434305514047565,4.207196525405053,28.971033824798422
3219.594,1.1398876569299778,4.20721129529099,28.9529587424963
3222.578,1.1362513125724145,4.207731342710718,28.94811110569651
3225.516,1.1299140413787288,4.206975359506969,28.94672181643785
3228.422,1.1291796100406855,4.207465985791895,28.94843942500091
3231.422,1.1295596958199758,4.207643700976577,28.935515483353694
3234.422,1.1177397023109503,4.207281523030803,28.926060802907898
3237.375,1.1079372745480445,4.206590820994206,28.917916870859518
3240.36,1.1089578531211794,4.206748510809904,28.901736440860045
3243.344,1.10665715633704,4.207141554536103,28.90338793774863
3246.266,1.1076901778952304,4.207239245715218,28.895743360332286
3249.25,1.1046012707970148,4.20746194683622,28.893971224780728
3252.235,1.1071362657159596,4.207730642904219,28.884407726140083
3255.188,1.0943443423971022,4.207257732768797,28.881696738134448
3258.172,1.095214894746868,4.207563222132109,28.871439695025444
3261.188,1.0867570958565547,4.207083266594563,28.863936982973296
3264.11,1.0888964705281616,4.207162562257331,28.856090405963993
3267.094,1.0847976403734376,4.207498654968863,28.854352539104134
3270.078,1.085361978513655,4.207875465995847,28.834438651571084
3273.032,1.0767350418996673,4.207351608096384,28.82219812810696
3276.032,1.0722359986976147,4.207469159577323,28.819035131048746
3279.016,1.074064993330907,4.207818754266096,28.815446812889498
3281.953,1.065285932046102,4.207222786783089,28.81906093334453
3284.875,1.0639493751075817,4.2075948096171745,28.813309046349193
3287.828,1.0524625475416478,4.206747957893066,28.80905122743293
3290.813,1.0540235340600674,4.207253674372492,28.79397555368996
3293.797,1.0552611816056157,4.207230893523045,28.776720603271123
3296.75,1.0533235333180078,4.207380915428299,28.776719501154975
3299.672,1.0528321930500006,4.207769559035853,28.767087483665804
3302.703,1.041482647051377,4.207182887115405,28.772108300547675
3305.672,1.0395075251462902,4.207611731331925,28.760459448452526
3308.594,1.0391253690757614,4.207761665076748,28.74691664119471
3311.594,1.0386635602573486,4.2079538709859285,28.748002072323946
3314.578,1.038667004846364,4.20806025162153,28.72773537839088
3317.485,1.0362047236310117,4.208192487430314,28.725597339562015
3320.485,1.036118455581532,4.208756826791167,28.716739677847468
3323.5,1.0264335059620708,4.207977317693053,28.6998290214163
3326.438,1.0167973152639571,4.207528385039747,28.69011515773669
3329.438,1.013539937125733,4.2076823877755105,28.674813944954618
3332.422,1.0164192085079722,4.208040546377871,28.68434556107379
3335.344,1.0158050212780607,4.207995713161079,28.69399229708335
3338.25,1.0167567116989669,4.208432787828881,28.693657522931456
3341.25,1.014059663790285,4.2086930081644365,28.689849554937677
3344.25,1.004035004720875,4.208060049291794,28.6782879459394
3347.203,0.9947529577291117,4.207328326834927,28.660062608438906
3350.125,0.9946575816530111,4.207418863483497,28.64761651070121
3353.047,0.9962060016010392,4.2081179788535925,28.633809799449434
3355.985,0.9857373774296484,4.207265977928654,28.623167001127058
3358.891,0.9830088832605774,4.207537772900608,28.60843822153855
3361.797,0.9846766083377794,4.207576119008519,28.591329338474385
3364.75,0.9797882844760377,4.20761390948952,28.58010748093797
3367.75,0.9820689819885755,4.207999879937657,28.56310999662443
3370.672,0.9806992631314875,4.208346582466828,28.554187907802476
3373.578,0.9841458331338644,4.208359537483676,28.54583079385662
3376.5,0.9816577773056431,4.208585028212683,28.529886357927868
3379.438,0.9718148802402369,4.207983454965696,28.5154357877762
3382.375,0.9592969234178612,4.207229715242386,28.504506396406065
3385.282,0.9607438247136577,4.207345001162742,28.502130356101407
3388.203,0.9605507411904615,4.207784429594553,28.489423823790325
3391.11,0.9577650123755627,4.207729026743387,28.48708534469709
3394.016,0.9560667009722982,4.208186731560348,28.487097599807726
3396.938,0.9562449710615143,4.2082868931225414,28.46946510344751
3399.844,0.9591399914769457,4.208480743672586,28.46355199460833
3402.766,0.9586560413663701,4.208683471496827,28.457367826332796
3405.703,0.944606803306181,4.208055596170336,28.444599742336184
3408.641,0.9357405681688745,4.207251179755127,28.43386306929167
3411.547,0.9370970636692242,4.20751269891837,28.432544660046872
3414.469,0.9367213048541604,4.207640924141477,28.414018571042018
3417.375,0.9352133452684863,4.2079780803923885,28.403283210050837
3420.297,0.9339110442792218,4.207990454481043,28.386118551964493
3423.219,0.9371502990366143,4.208219641690699,28.377081033128903
3426.125,0.9357990542381895,4.208552750176386,28.3611315217981
3429.063,0.9249330834454635,4.2076610525584,28.356382437830842
3431.985,0.925880213755492,4.207846657690664,28.344496681660225
3434.891,0.9224941980514286,4.208240752615606,28.341033603680675
3437.813,0.9246197944302734,4.207981878108284,28.338136259749973
3440.719,0.9219471401042731,4.208503826188722,28.32649233825318
3443.641,0.9253739225854527,4.2086159202621385,28.319892262928175
3446.578,0.9135219836774667,4.208375562127659,28.30650723117572
3449.485,0.9133870867818333,4.208187358286528,28.300120695974094
3452.407,0.9105733539593506,4.208547340611601,28.2868888002592
3455.313,0.9107463669681847,4.208463867405915,28.278654873701576
3458.219,0.9100099024656588,4.2086422377756785,28.267519902308155
3461.157,0.9018047333092759,4.208076440573753,28.255649745643495
3464.157,0.901827274615387,4.208236095747145,28.239604820325468
3467.063,0.9024759425494057,4.208488056056152,28.23204027240106
3469.969,0.9030283952605419,4.208531242992902,28.219741220674006
3472.891,0.9002158363884657,4.208722374549436,28.210148658336273
3475.828,0.8895288073451857,4.2081407281542615,28.198114360248088
3478.75,0.8891224218470519,4.208190521612788,28.17522330033259
3481.657,0.8916717371943723,4.208383927585899,28.165214228725663
3484.578,0.8928597658706358,4.208657206692195,28.168503453278912
3487.516,0.8806992915001275,4.207876935257234,28.154239526272256
3490.422,0.879996927853722,4.208084684151025,28.150116609486627
3493.344,0.8792879392493199,4.208159197257162,28.133724968909572
3496.25,0.8802579072126322,4.208311598041441,28.118687755824993
3499.157,0.8790656508875581,4.208474585820396,28.107650871538052
3502.063,0.8773614757556167,4.208673382821136,28.099971813677396
3505.016,0.8684641421500114,4.208085353088671,28.082901060754303
3507.922,0.8691430543431472,4.208292438126967,28.07045793740595
3510.828,0.8682226866128078,4.208375168093047,28.072335481515108
3513.75,0.8683641203300221,4.208329705117002,28.06220536204088
3516.657,0.8664601386652175,4.208638636297369,28.056476262490772
3519.594,0.8564896943167138,4.208034858841148,28.044174039605714
3522.516,0.8531279493572208,4.20806630408919,28.032569082122617
3525.422,0.8567751109731587,4.20817770044178,28.018554718036384
3528.328,0.85777645498189,4.208305451834016,28.016405242249046
3531.235,0.8548689116731989,4.208530157964673,28.00248334819382
3534.141,0.8551754644713401,4.20873457549237,27.99470229809623
3537.094,0.8428894320660639,4.208172226268627,27.981281687000227
3540.0,0.8439761078437603,4.208196490306708,27.975673079438465
3542.907,0.8435492190787655,4.208095535671775,27.96954904314195
3545.813,0.8459596982175506,4.2083884043609325,27.962935139787454
3548.735,0.8443643881915944,4.208733434295954,27.95410907411736
3551.672,0.8344376559478378,4.207950831599916,27.938423666200816
3554.578,0.8336451586506359,4.208143949509515,27.93762490087624
3557.485,0.8311515898812442,4.2081346036932255,27.91737167533056
3560.407,0.8331972417410108,4.208177248705441,27.894141400615215
3563.313,0.8312826064940586,4.208349526408593,27.87716398542958
3566.219,0.8309989332021079,4.208680286848245,27.863424774753522
3569.172,0.821338951822951,4.208039764907588,27.86044788267665
3572.078,0.8236886262357932,4.20811731384355,27.86548329724418
3574.985,0.817961014021884,4.20832459360627,27.861351063690453
3577.907,0.8204964497868789,4.208354507015071,27.852643691226504
3580.875,0.8207464632510487,4.208582930100637,27.842271882384484
3583.875,0.8143390836354802,4.207704370585297,27.83222509634247
3586.813,0.7996965304091331,4.207008026352497,27.820289351126167
3589.75,0.8015658932921805,4.2072504386696385,27.80172066099602
3592.672,0.7992847049717735,4.207244871240848,27.784016996173502
3595.688,0.8003183864748388,4.207343860823955,27.784365095778117
3598.672,0.7914019361059054,4.206651929091373,27.782780034683633
3601.61,0.7877327436892445,4.206832786578066,27.770762001245654
3604.532,0.7900104685307645,4.206776194480987,27.76028845160837
3607.438,0.788920695939449,4.206977655750726,27.756667570453775
3610.36,0.7903520016825181,4.207233528084682,27.73823991589718
3613.266,0.7881030138322734,4.207084781484688,27.728373768787282
3616.172,0.7894522967955185,4.2074665183477125,27.720257062025063
3619.078,0.7889541453902112,4.2075314714289815,27.71510056726432
3621.985,0.7877200091004328,4.207645152605733,27.71152941491331
3624.907,0.7879265929146843,4.207752413292018,27.699480938100965
3627.86,0.7769422240531071,4.206975970676131,27.678248609471336
3630.782,0.7789004211318991,4.207192524017752,27.657922011588493
3633.703,0.7785854861969774,4.207106150427919,27.65824648550287
3636.641,0.776137536994554,4.207388081009833,27.655344569126218
3639.563,0.7780747292311726,4.207672511306071,27.657566825879652
3642.485,0.778872619143022,4.207760597534199,27.6422334607735
3645.391,0.7778340947245393,4.207883988237264,27.629847793385604
3648.328,0.7656530942778331,4.20688625432113,27.62970152044126
3651.297,0.7575178968521392,4.206565149084729,27.606210970070208
3654.25,0.7453420687747001,4.205828651368064,27.602826088821786
3657.203,0.7357614223727611,4.204971816384312,27.587848116935024
3660.172,0.7372972298993157,4.204931675268359,27.579597207992613
3663.078,0.7347741637551747,4.205057880305558,27.577437125438415
3666.078,0.7379260836539584,4.205094093395997,27.569236997443923
3668.985,0.7393640253311141,4.2048958222138095,27.556157632907247
3671.907,0.7384657298350699,4.205063797008935,27.544543185096764
3674.86,0.7351600803627565,4.205370534215061,27.535832497816312
3677.813,0.7275760812545489,4.204666168938794,27.5163786569951
3680.766,0.7225466049014189,4.204784516710459,27.50700644282214
3683.719,0.7174009360330399,4.20396929144504,27.510949429298375
3686.657,0.705397517980714,4.203932351928919,27.503603891748927
3689.672,0.6973159239706387,4.202256594603883,27.49554648330587
3692.625,0.7110883792344257,4.203121157656753,27.496184825530843
3695.625,0.7069006371846641,4.20322707417017,27.47452322384376
3698.594,0.703602986792085,4.203213910601592,27.46011915167709
3701.594,0.7036665957904499,4.203572733552915,27.46792623533744
3704.625,0.6962109065320574,4.202364761183485,27.460128354955874
3707.563,0.7088504485138506,4.203663749123467,27.4484611906502
3710.61,0.7058238152726596,4.203588495735305,27.444083871093408
3713.657,0.7058698041202902,4.203532439619804,27.432976678310474
3716.688,0.7136527686500127,4.204738167551047,27.42900481333099
3719.61,0.7130449621516144,4.2046063431098775,27.419240045121636
3722.516,0.7160401640283889,4.204824146564078,27.412052095985935
3725.438,0.7171264176185812,4.205063248247123,27.411879224681627
3728.36,0.7035885518048504,4.204552553805659,27.40661986227819
3731.36,0.6923965748045307,4.203807014433299,27.388712047895446
3734.266,0.695886277980132,4.203735365163131,27.383778906125006
3737.188,0.6949371685528587,4.203888194031542,27.374143429170914
3740.11,0.6926993830858543,4.2039832521588165,27.356237836393582
3743.016,0.6935117066093442,4.20398194059826,27.3589017829493
3745.938,0.6937457682908805,4.204077423663854,27.346390611429438
3748.844,0.6914652679583784,4.2042334971322415,27.324300874941006
3751.75,0.6931831057064152,4.204333259086298,27.322671725073583
3754.672,0.6914427570298429,4.204527805046164,27.31822458717585
3757.578,0.6935811929859907,4.204454920987515,27.312513174271608
3760.485,0.6920360688031549,4.20469408624753,27.297392095074645
3763.422,0.6913375278215541,4.205089033052366,27.29856718330428
3766.328,0.6924232323693259,4.204814423186591,27.273294789722204
3769.25,0.6933219675302436,4.204973637926976,27.263259434343038
3772.157,0.6893555408528707,4.2050667897400125,27.25891808198402
3775.063,0.6905849497333408,4.205145845485751,27.254986212467124
3777.969,0.687182816520591,4.205379787437518,27.260704170178197
3780.891,0.6902471654002642,4.205445835938429,27.249785428754976
3783.797,0.6907747494464078,4.205705157218032,27.24374827646084
3786.719,0.6889642662497388,4.205816528706742,27.23940762578369
3789.766,0.6790597194348656,4.205093791715724,27.235931241392844
3792.703,0.6695107846814493,4.204463242211361,27.215086421354773
3795.641,0.6676049350226052,4.204659130750878,27.201639601703842
3798.563,0.6600287283974481,4.203901498006152,27.201734674077723
3801.61,0.6689379199465283,4.204755667914394,27.190953332838454
3804.547,0.6599713603196644,4.20391979698633,27.183584331468058
3807.5,0.6675803633552199,4.204779256220078,27.18039957657026
3810.438,0.6590784445196279,4.204183324732583,27.163366789455722
3813.453,0.6664740282787088,4.205111790265297,27.15633496829378
3816.422,0.660791084515499,4.204510987234665,27.15439599890689
3819.469,0.6461890296073167,4.203794062768828,27.145262682452913
3822.407,0.6474589577718098,4.20361750046545,27.127461195707475
3825.313,0.6494205685213474,4.203702629707618,27.12629956809715
3828.219,0.6483583935414386,4.203888796999743,27.124307266091943
3831.141,0.6482869670964917,4.2039201448814,27.107146807041858
3834.047,0.6495921295964047,4.204046091907698,27.108170529853467
3836.969,0.648456273658991,4.204136088652992,27.094534115162087
3839.891,0.6464489206235889,4.204280465449185,27.083428980320015
3842.797,0.6452310276328834,4.204524514180703,27.065290953673163
3845.703,0.6471963117137445,4.2044338854456464,27.071334629244532
3848.625,0.6473008198283492,4.204520233212884,27.060525596056568
3851.563,0.645285063124239,4.204664858773028,27.05481580917483
3854.485,0.6469854779203913,4.204909318354883,27.06511802421248
3857.407,0.6454388648305217,4.204893760112405,27.051463115919404
3860.313,0.6449207588885264,4.205008607607879,27.05236725564013
3863.235,0.6460401152198718,4.204954616231094,27.04448044364777
3866.141,0.6432381942006314,4.205422142242201,27.03756149367879
3869.11,0.6325912961836678,4.204689433726186,27.027646562143076
3872.032,0.6355864408727003,4.2049284427406715,27.01821962800748
3874.969,0.6251317556786523,4.20411960232571,27.01106879676467
3877.922,0.614483675230765,4.203397504385902,27.0176480286556
3880.86,0.6248851861284271,4.204134660686454,27.00737578847791
3883.844,0.6122802107717793,4.203407141643452,26.995810637992143
3886.797,0.6246279914354239,4.2043375593484855,26.98979675694022
3889.782,0.6142533509285831,4.203738121611965,26.96308921033915
3892.719,0.6144881111046152,4.20367981020428,26.959684928550484
3895.719,0.6129010182191709,4.203844363496191,26.94412626878951
3898.719,0.6134134184404335,4.203615873794745,26.94119681832857
3901.75,0.611377157635365,4.204131560117505,26.934598550107612
3904.75,0.6151637930733889,4.203759608361437,26.942840285774896
3907.735,0.614132266591709,4.204046109864675,26.94027736833216
3910.766,0.6163363356735754,4.2041214834540686,26.942001878762166
3913.766,0.61201503926103,4.204330068668552,26.9371860113776
3916.797,0.6127949820498904,4.2044683200342154,26.92209424968422
3919.844,0.6115804014144005,4.204721207270894,26.913270698066707
3922.907,0.6008544771779748,4.204015644442364,26.91187025706754
3925.907,0.6111840499179636,4.2046911100302395,26.912289215866917
3928.938,0.6111437601710676,4.204835756917044,26.905032184180126
3931.938,0.6010033052957968,4.204222761012544,26.900423798554375
3934.985,0.609624602741828,4.2052797855540875,26.887150013908123
3938.0,0.6069580290155273,4.205478327242884,26.879547617974158
3941.032,0.6130560646239516,4.205479151782376,26.87250061572015
3944.047,0.6005441439701197,4.204790201935032,26.870531811858957
3947.078,0.5855034704540696,4.204258877457448,26.857044518993213
3950.063,0.5906501081800863,4.203903417253924,26.848054140998755
3953.078,0.5889692883279188,4.204089202774136,26.838884491520613
3956.0,0.5895441689985194,4.204164397083925,26.83911267822552
3958.922,0.5874539245961191,4.204202210327394,26.830009087929692
3961.828,0.587610604869911,4.2044365730035524,26.833447737134545
3964.735,0.5875672141925369,4.204488337920405,26.82685703596444
3967.657,0.589955451261909,4.204650465951554,26.815967017027997
3970.594,0.5808052208744919,4.203715248945854,26.81528906695163
3973.5,0.5800710713697205,4.203762340786048,26.804497225441914
3976.422,0.5797144954817961,4.204094166712919,26.78867622994738
3979.328,0.5789835775644173,4.204280445538516,26.785515195454273
3982.235,0.5770554953798754,4.204157901635237,26.773700039536767
3985.157,0.5786983277923664,4.2042469043402,26.771964626945753
3988.063,0.5785706185084206,4.2043143644708705,26.76243659297474
3990.969,0.58216208632595,4.2043015101702,26.748079073822762
3993.891,0.5767920355836241,4.204413521629036,26.741301373827675
3996.797,0.5767207485435981,4.204772469726796,26.74626584950633
3999.735,0.5653040991733614,4.204374123018415,26.73780601473552
4002.641,0.5684035817418803,4.2039744855429335,26.733693900347863
4005.563,0.5669868325215308,4.2043709447965245,26.724711996027754
4008.469,0.5684647830052183,4.204163311534664,26.72369934966251
4011.391,0.565759964271934,4.204283824074148,26.719927640559806
4014.297,0.5671197796941254,4.204277459833535,26.707544581662813
4017.203,0.5648379451976646,4.204599678150509,26.70782929953392
4020.172,0.5563234296000638,4.203688748774686,26.704391487906868
4023.157,0.5557442297641243,4.203826785616445,26.693899657081836
4026.125,0.5563766599883894,4.204006703216323,26.693368467498143
4029.078,0.5655600813718941,4.204996903020026,26.684700250961424
4032.047,0.5564454365132482,4.204058400535387,26.68180385537126
4034.969,0.5561602169810134,4.20415322817159,26.6793863942526
4037.922,0.5641525643318874,4.204925826553628,26.680165092423948
4040.907,0.5550960009670557,4.204306518271217,26.662132055444058
4043.907,0.5604267670045942,4.204342224367593,26.65802982388301
4046.938,0.5674408261845981,4.205413796403739,26.648649749401653
4049.891,0.5541228343449868,4.204876750340439,26.640422004993294
4052.891,0.5422119500274687,4.203869125458754,26.635349918246394
4055.813,0.5436929621596058,4.204060083575815,26.627614858920506
4058.719,0.5445618876702749,4.204041067558558,26.620628147687277
4061.625,0.5452841357034313,4.204407309405915,26.617539991963664
4064.547,0.545128521394233,4.204418280032767,26.62302463040793
4067.453,0.5423874435227952,4.204352047253318,26.617832563056712
4070.36,0.5428502364631992,4.204398027624415,26.605996975366445
4073.282,0.5453056588470907,4.204438498483235,26.599658443634002
4076.188,0.5445723737450977,4.204723275288187,26.59761457605788
4079.125,0.5311962737239674,4.204306444554471,26.59625409927885
4082.047,0.5342952969806206,4.204209416270647,26.584903605897523
4084.953,0.5315320953431839,4.204492557692578,26.576426115888534
4087.86,0.5327562960417757,4.2042291531372955,26.561089129333244
4090.782,0.5315587962783156,4.204199086849979,26.549718123859385
4093.688,0.5319106659686956,4.204509822437109,26.5560500287269
4096.594,0.5309857493889901,4.204589097887176,26.54756868447618
4099.532,0.5258848893067379,4.2038538071056095,26.546108907268575
4102.453,0.5248998778968261,4.203862158636653,26.53612966444168
4105.36,0.522956371516189,4.204119493929539,26.537033650014706
4108.266,0.5203759635803779,4.203918548931389,26.534822109023835
4111.172,0.5237696072053473,4.204028412344202,26.527404676803833
4114.094,0.5178071942038285,4.204133910766449,26.531444708377222
4117.0,0.520878750089666,4.2041584927290065,26.523144535932776
4119.907,0.5210999654030637,4.204348376101113,26.502686760450366
4122.813,0.5220269604574526,4.204442697431073,26.485928772568965
4125.735,0.5178825408070492,4.20459337190152,26.48480843165011
4128.641,0.5216638216877826,4.20454955228275,26.48340173053547
4131.578,0.5176199904673164,4.204927492258772,26.482798917907473
4134.485,0.5225216832672437,4.204620726392005,26.462486447014033
4137.407,0.5197419076174385,4.204945172256481,26.467884514207594
4140.313,0.5204317965223264,4.205126675939953,26.469424222636658
4143.219,0.5209991336476035,4.205033242703103,26.471562082842276
4146.141,0.5195230802335269,4.205219168727323,26.465021461030727
4149.047,0.5224779859612071,4.205260597619821,26.459715309487493
4151.953,0.5203165339722484,4.2051270552288615,26.462459670282744
4154.891,0.5176900300134434,4.205550764126836,26.455815103590442
4157.875,0.507944368894202,4.205060484593546,26.453300075404204
4160.86,0.5215257412338353,4.2057841533102405,26.43914736692748
4163.797,0.5090958758278388,4.204928101581656,26.430751238339948
4166.735,0.49957931154265783,4.204176825702897,26.418424162076825
4169.657,0.49709430575392877,4.204250019358594,26.421260034562373
4172.563,0.49689107144061917,4.2042244900080235,26.419754727794714
4175.469,0.4986036551077697,4.204469114974905,26.41315737148255
4178.391,0.49916394457522933,4.204474539955943,26.41450896625662
4181.297,0.49850443267340905,4.204580604567924,26.408409528021448
4184.203,0.4968154603398995,4.204720464609395,26.410091583844398
4187.11,0.4968738061569356,4.204640276684736,26.403674412960076
4190.032,0.49545444546354683,4.204843973005889,26.400579270022636
4192.938,0.4961000415882554,4.20480345097383,26.392343581189493
4195.844,0.49278438651986445,4.205080576110177,26.39286699739098
4198.782,0.4959010680782691,4.20506148492787,26.38679618327919
4201.703,0.49632108448574874,4.205049077879764,26.381580659420607
4204.61,0.4936570136149241,4.205360828424048,26.371622050997107
4207.532,0.49347400319388,4.205481002578806,26.365486488652408
4210.438,0.4944364007620219,4.205603227304816,26.35593215649537
4213.375,0.4872504337463257,4.204589308874801,26.352030055383622
4216.313,0.4737666878467141,4.203890512165269,26.353887371222886
4219.235,0.47370523249487523,4.204068649160718,26.34061945197651
4222.141,0.4743344412317988,4.20413501396046,26.33903245029767
4225.047,0.4743788524879435,4.204199027740334,26.346050815019918
4227.969,0.4720310798182454,4.204078646973985,26.33780444748809
4230.875,0.47271933504513,4.204352420417682,26.331826151994434
4233.782,0.47648881408738913,4.204352951300134,26.32152172904371
4236.703,0.47512154025766173,4.204448157876292,26.318459092191723
4239.61,0.47619537079968804,4.204378700530919,26.313645353923217
4242.516,0.47798749733774826,4.204292777262099,26.307591520370362
4245.422,0.4732418280032447,4.204717594877344,26.30365712060135
4248.36,0.46163064771991014,4.204060548191844,26.3028630878311
4251.282,0.4640363175529892,4.203795862384497,26.285788059796026
4254.188,0.46628547532957604,4.203754996355419,26.28206651548548
4257.094,0.4652648002084633,4.2037114159336,26.279918514495176
4260.0,0.461808770339324,4.204097331944112,26.270730059276808
4262.907,0.4616889366494609,4.204541125836705,26.269334734296056
4265.828,0.46526917896553327,4.2040914544266705,26.261763743003264
4268.735,0.4585442647774705,4.204339427233873,26.264474330406394
4271.641,0.4645358489402766,4.204413108059784,26.2602260418976
4274.563,0.4658267838980043,4.204581265223372,26.25394623467834
4277.469,0.46522216021637663,4.204430613704415,26.24575658390652
4280.407,0.46221024795738963,4.204454150976985,26.2487843829254
4283.313,0.4636078537358527,4.20448894465428,26.242407351819736
4286.235,0.4613168991182809,4.204895262613242,26.242378643016174
4289.141,0.4630504572125928,4.204701027190911,26.23216906851064
4292.047,0.46045135184164543,4.2049736432414635,26.229893904806772
4294.969,0.46053986602716923,4.204897206127921,26.228569906780567
4297.875,0.466964911201975,4.204975063061591,26.2169060162638
4300.797,0.4596642978833697,4.20556516858399,26.213684872464263
4303.735,0.4504220149965577,4.204682389399875,26.209812598223184
4306.672,0.44186609371184826,4.203733784338631,26.202309043450587
4309.578,0.4423887232394932,4.2037309238291805,26.203965659019012
4312.5,0.4408730182292941,4.20363261676438,26.196808725940524
4315.407,0.44129981384007266,4.20383908053036,26.18337421671372
4318.313,0.44104257658262114,4.203852639904623,26.180859778889797
4321.219,0.4411392095564042,4.203925801600082,26.17265623249335
4324.125,0.4411922506327158,4.204086739805867,26.173766796047047
4327.047,0.44068148195599505,4.203923663538467,26.169982010573694
4329.953,0.4421266043789566,4.204193362485181,26.160354524848675
4332.86,0.4384893340042558,4.204325577351688,26.16665531887074
4335.766,0.4406214620728572,4.204177201761127,26.158229975875418
4338.703,0.4397957732863383,4.20419060095314,26.150869145887878
4341.61,0.43996835950744684,4.204138556028707,26.14960898521127
4344.532,0.44450693507673217,4.20455863568836,26.152964583550958
4347.438,0.4415583199240268,4.204469769023057,26.14793331442126
4350.344,0.44427842318311006,4.204589987488976,26.128522993257604
4353.266,0.4411716852786356,4.204783729498467,26.129155662607367
4356.172,0.4381896177343914,4.204866493784281,26.120709468901033
4359.078,0.44090917327971485,4.204850443908479,26.11536500410734
4361.985,0.43983854187768257,4.204885392088899,26.115227494442827
4364.907,0.43659840522101073,4.2050357627808035,26.108152939376307
4367.813,0.4380675264121997,4.205128738910103,26.10364602832549
4370.719,0.43872309926615305,4.205166460226201,26.101265563591685
4373.641,0.4398431818570903,4.205038165537115,26.09597495703679
4376.563,0.4378487814674948,4.205251230781984,26.091612616225554
4379.532,0.43967843257791694,4.205624034769913,26.081950500549127
4382.563,0.4282772328522422,4.2048906496803315,26.076870407181424
4385.578,0.41744435700714255,4.20378464162867,26.072795571103967
4388.485,0.4195459106092986,4.203978162501966,26.067454051435277
4391.391,0.41927270237290876,4.204045392437697,26.062217495957402
4394.313,0.4180920393469542,4.204096710269953,26.05448796877996
4397.219,0.4172455968988984,4.204018896876043,26.054423519336897
4400.125,0.4164178251954972,4.204376463292619,26.048308837547754
4403.047,0.41699377277047467,4.20434278385291,26.04943044615954
4405.953,0.4172812401183315,4.204254114337345,26.044046284805304
4408.86,0.41755338277514975,4.204516912773584,26.041486042395697
4411.782,0.41755975032774373,4.204426872119864,26.037088481917436
4414.688,0.41804194772460446,4.204604537050214,26.043177073463287
4417.625,0.4186765573223178,4.204604021475269,26.037973791100267
4420.532,0.41660013497507464,4.204626689776564,26.03112322294383
4423.453,0.41462021847945507,4.204777582718283,26.030669114524684
4426.36,0.4155260672005658,4.204786696352578,26.02362487268108
4429.266,0.4167167763324978,4.204846170812831,26.020187499827045
4432.188,0.4195077668633641,4.204862153186833,26.013748961207465
4435.094,0.4188671051150193,4.204981862748179,26.01031136038771
4438.016,0.4151478496875895,4.205194441475755,26.007217998884236
4440.922,0.41703202209992474,4.205065350723859,26.01311176061106
4443.828,0.4137112215363484,4.205096578034902,26.007607271963096
4446.735,0.41492031915361666,4.205202543334149,26.000887382799313
4449.657,0.41272197363475543,4.205523449778009,26.007396972739212
4452.578,0.415942262945349,4.205490755585745,25.99227121609814
4455.485,0.4169800335532629,4.205617639693647,25.993049682146545
4458.422,0.4044590081606182,4.204742212239868,25.98370136252683
4461.328,0.40662475568171425,4.2049333712275185,25.9762119465341
4464.235,0.40466010294374594,4.204975842486319,25.968588584817464
4467.157,0.4051017658786316,4.205223193343137,25.969822464041222
4470.063,0.40292417740110625,4.205121711283503,25.964956808275264
4472.969,0.40284636256110445,4.205173010929782,25.961062360965943
4475.891,0.40379695048648623,4.205192099521526,25.95714763826501
4478.797,0.405046737767724,4.205236692843662,25.95706518523886
4481.703,0.40527944751063,4.205444515383961,25.953089920716526
4484.625,0.4014607083340053,4.20545713463023,25.942417902899702
4487.547,0.4008679874009097,4.205386374548284,25.93727914134169
4490.469,0.40660007509240526,4.205752407577212,25.93688008016066
4493.407,0.3957411567787959,4.205018574767207,25.93090143470291
4496.328,0.39489117136971563,4.204812054824178,25.92550147558016
4499.235,0.39229304153060923,4.205125431696099,25.924918272630457
4502.141,0.3927224424427185,4.204956054525947,25.92630449274697
4505.063,0.392249118682644,4.204789727156919,25.91693671118977
4507.969,0.3965545580487566,4.2049698221410665,25.914817334763317
4510.875,0.394426162861075,4.205002264413212,25.90696046829348
4513.797,0.39489069889467426,4.205047611476141,25.91546431437048
4516.703,0.39462523613006184,4.205124556102239,25.911953772855284
4519.625,0.39246192303005933,4.205364125806709,25.897769233719224
4522.532,0.3940581440610497,4.205476322526024,25.90052718457121
4525.453,0.38900646087309476,4.205479438489601,25.89621987425586
4528.375,0.38763927081924227,4.205414186667215,25.89558430551032
4531.282,0.3903323197286754,4.205560641218758,25.88845016967811
4534.235,0.37548197559415253,4.204969569957204,25.879484778518048
4537.141,0.38423808582202296,4.204815023451257,25.877890385229925
4540.063,0.38202852126059744,4.2049285088166775,25.86525052297527
4542.969,0.38232002246659197,4.2049575884216965,25.8694922680695
4545.891,0.3822132448848462,4.205132618354491,25.865361799005747
4548.797,0.3801830271224908,4.205000881529309,25.861349105735002
4551.703,0.3817737668646756,4.205211630609904,25.863785733999872
4554.625,0.37927713827505194,4.2053540575663515,25.843866919201762
4557.532,0.3820054619460276,4.205128546082389,25.85079068518422
4560.438,0.3792543093408989,4.20543790491814,25.83101882397346
4563.344,0.38298832045435605,4.205218141164106,25.83713028310327
4566.282,0.3831919937321529,4.205236302195118,25.829495129718005
4569.203,0.3796139541205693,4.205434675975928,25.82689801240247
4572.11,0.3798548631632792,4.205529228093681,25.822427339317343
4575.016,0.37629158580613287,4.205848228247782,25.801328128487874
4577.953,0.36711324347897345,4.20519957717544,25.80460089607867
4580.86,0.36654694440999425,4.2053301788059105,25.809490567336248
4583.766,0.37269402981761623,4.204992278076086,25.79885631737058
4586.688,0.37260597332138634,4.205063298829731,25.80130418234688
4589.594,0.3698132306946974,4.205134153641672,25.80009534391536
4592.5,0.37020528121033924,4.205079929977227,25.783903445289504
4595.407,0.36897949374231864,4.205432827096291,25.783473743934145
4598.313,0.3721372146612675,4.205373950274953,25.787221292368958
4601.235,0.37168789542487096,4.205471715319513,25.775951205235724
4604.141,0.37051778729635265,4.205449023956006,25.78115737195446
4607.047,0.36951289699859635,4.20562510610431,25.775031375674967
4609.985,0.35692056543456324,4.204687166745841,25.776778847896196
4612.907,0.3593191310369499,4.204830300227841,25.775075950639778
4615.813,0.36180555194113234,4.20511391158026,25.769953563671454
4618.719,0.3589508661670297,4.204818566003799,25.77357872750769
4621.625,0.3563764047798506,4.2051282944602875,25.769811654725878
4624.547,0.3588533923691721,4.2050497945838945,25.759434184724093
4627.453,0.35759154678541966,4.205232770046313,25.757355751033284
4630.375,0.3584461587100591,4.205089382689694,25.753373964476378
4633.297,0.3563209132687635,4.205151855458452,25.753142886224737
4636.313,0.35756826370086836,4.205104724195985,25.743914813537362
4639.235,0.3600416627666561,4.205336335457657,25.744909881622824
4642.141,0.3589904214904302,4.205418487730356,25.742364796334723
4645.063,0.3604725711713771,4.2054141870366655,25.74107089651871
4647.969,0.3587745168491831,4.20558177918229,25.73981512774407
4650.875,0.348302433391891,4.204937326953806,25.73606601179168
4653.782,0.34910024269552015,4.204828398033147,25.730304861640438
4656.703,0.34853378238143357,4.204932819778064,25.7260118475881
4659.61,0.34947839343779113,4.204775645541851,25.73044065316572
4662.516,0.34782084265563595,4.205093620194216,25.72146931265515
4665.422,0.34885844703891467,4.205000694429306,25.722513398653877
4668.344,0.3488723682201846,4.205063699232089,25.710169869013534
4671.297,0.34692901607488197,4.20505620111363,25.709323333735668
4674.219,0.34619829803439645,4.204964549595166,25.70932673801504
4677.125,0.34726957506424094,4.2053481246240745,25.69924397110664
4680.032,0.34956975098282167,4.205417740509026,25.697795094099735
4682.953,0.34698954172465774,4.205747066095437,25.69894178477024
4685.891,0.3357107809559611,4.204307654371561,25.682809930996573
4688.797,0.33645051959015215,4.204358010204279,25.686540210921326
4691.703,0.33818047175353155,4.204516598627214,25.6836732480477
4694.61,0.33660753860346176,4.20452352228299,25.69116199137545
4697.516,0.3334336528122605,4.204642083061683,25.677287673295215
4700.422,0.3339761047707919,4.20480725185365,25.67818962451528
4703.328,0.33808149652058067,4.204533720800833,25.674433540749025
4706.25,0.3340548426579361,4.204558090801279,25.6750323930445
4709.157,0.33643196440398415,4.204841126797184,25.6666866811832
4712.063,0.33828881733770694,4.204728186232158,25.65968816340563
4714.969,0.337017700371205,4.204992792107328,25.65256801128945
4717.907,0.33705434314763605,4.204946136064342,25.662195308861275
4720.828,0.3331460979661769,4.20490719662725,25.654939965380585
4723.735,0.33167579098344896,4.205168106069515,25.65797061658175
4726.641,0.33489690527516447,4.205290979347177,25.651967284751414
4729.563,0.33548084625800434,4.205086532784855,25.647149722534845
4732.469,0.33349324174695716,4.205377039847381,25.642805892155014
4735.375,0.3339587091169167,4.205656692178902,25.627121180575077
4738.313,0.32568044582607275,4.204743959843781,25.63420201214878
4741.219,0.3270469520460051,4.204806396639453,25.628191997089502
4744.125,0.3236291822630723,4.204530710926376,25.627432571365656
4747.032,0.3264207011774416,4.204594310148393,25.62501112301116
4749.938,0.3256194357690756,4.204457914113284,25.622209670214026
4752.844,0.32142489878384123,4.204693695376246,25.61608646682933
4755.75,0.3269510033734527,4.204767276661361,25.62260396721618
4758.657,0.3261172971768503,4.205033507838587,25.61491521188347
4761.563,0.3233517139388258,4.205065183879854,25.61023714420885
4764.485,0.3230146644269914,4.205119820692142,25.604394801459947
4767.391,0.32648724086044845,4.205090220691824,25.600117952018405
4770.313,0.32152921813144913,4.204732225639565,25.60763997166095
4773.219,0.3205771028449616,4.205172259482391,25.596839820919552
4776.141,0.32272495892303354,4.205176792588632,25.59522713008854
4779.047,0.3261361794158129,4.205113490632046,25.594858731204457
4781.953,0.3226623476324608,4.205176620118898,25.587334567263454
4784.86,0.32569243266484793,4.2052387561557385,25.593856358138325
4787.766,0.32338288868476645,4.205212348983362,25.58833047650318
4790.672,0.3221121066241192,4.205324079475807,25.58796310331439
4793.594,0.3222606402185225,4.205231288834016,25.580084425644312
4796.5,0.3238561795072736,4.205307091612937,25.57345842537083
4799.407,0.3243422430558833,4.205652838317614,25.579802509787225
4802.344,0.3167209528546413,4.204671827225024,25.571424277740203
4805.25,0.31262535682906023,4.204827558431124,25.56344348774278
4808.157,0.31293009432165975,4.204619569798654,25.568178904646285
4811.063,0.31214531931156275,4.205055305255888,25.571487057257816
4813.969,0.31311608738353375,4.204827723908088,25.563669439886688
4816.891,0.3127797837985274,4.204694573885675,25.55995353422641
4819.797,0.3146247803190242,4.204809024431179,25.555309256417893
4822.703,0.308017855271299,4.205237243049482,25.555088090081888
4825.61,0.3120309334472133,4.205444113813173,25.559306922331977
4828.516,0.3189266632309021,4.205149616023387,25.5546153170371
4831.422,0.3115540979377891,4.205026741551122,25.543669861156147
4834.375,0.3086497600937594,4.205299074584999,25.54585003406832
4837.282,0.3127308859499811,4.205144640283839,25.546980229576057
4840.188,0.31137171778769945,4.205200224660974,25.530089598198476
4843.094,0.31101901586588077,4.2054561700421615,25.529058136977156
4846.0,0.30964167485598415,4.205802451431217,25.529155280529388
4848.938,0.30542586457851745,4.20470503248868,25.52642560888161
4851.844,0.3009863482837846,4.204658575246661,25.52971463484121
4854.75,0.30426390084551946,4.204986669961858,25.50695250598422
4857.657,0.29962187274419505,4.204708035465917,25.517654070401278
4860.563,0.30337369788780977,4.204841500641336,25.515081761607608
4863.469,0.3021185007475382,4.204897333748823,25.506032922526174
4866.391,0.3024403715693763,4.204917253241757,25.509477527771605
4869.297,0.29933608539910583,4.204981263103882,25.510154582282702
4872.219,0.30185801599053824,4.205029909829034,25.49833256999722
4875.125,0.2999181141513261,4.204787384437138,25.48970562400391
4878.047,0.30143641265714954,4.205104109676291,25.480927641886076
4880.985,0.3009906777735668,4.205239310544059,25.479635633992242
4883.891,0.3015829083271871,4.205195438344818,25.48371673969629
4886.797,0.30220590977153494,4.205235111000986,25.473853888470614
4889.703,0.2992801038981329,4.205472679878932,25.474302508500525
4892.61,0.30200608094517806,4.205346463649496,25.469441176458957
4895.516,0.30137830148023753,4.205314046836767,25.47123044160351
4898.438,0.3004411245641254,4.205486979862618,25.46759149672431
4901.344,0.2990758159447784,4.20551305038648,25.459940376501567
4904.25,0.3015563184117264,4.205493007572419,25.462211845753284
4907.157,0.30205957930101063,4.205383621734085,25.45696588181649
4910.063,0.29756426455118845,4.205659077239851,25.451093706501524
4913.0,0.2885590963662537,4.204940662650225,25.450248288795706
4915.907,0.291476452514731,4.204943018668377,25.450045698155506
4918.813,0.2922162992382238,4.205004742847046,25.4340001242433
4921.719,0.2894679622162437,4.20505346057026,25.43750589941022
4924.625,0.28993430915432494,4.205058234515988,25.431836671742566
4927.547,0.2901252957727468,4.205054450055752,25.42432778824945
4930.453,0.2901804328009734,4.20518392783392,25.429393099203217
4933.36,0.2881537608713922,4.205131766939909,25.425356871271287
4936.266,0.2890951573604967,4.205079861111475,25.41389318719833
4939.172,0.2921695690143341,4.20521470328311,25.431417879769192
4942.078,0.2887247393443201,4.205413770345803,25.425185452246648
4945.0,0.29070458019703677,4.2052829958337945,25.39809719554482
4947.907,0.28902497438180785,4.205305534083225,25.411623672705883
4950.813,0.2871334105232839,4.205547223063823,25.413974208558447
4953.719,0.2902495146754443,4.205358694530087,25.41762729460388
4956.641,0.2919861598107844,4.205326197845891,25.41057230720096
4959.547,0.2886936848613915,4.205581646765569,25.41259603569477
4962.453,0.28409798812352605,4.205774478586753,25.402978466218862
4965.36,0.2879032888935139,4.205667697097912,25.40361794060317
4968.266,0.2887941068392284,4.2054545813286754,25.390287947805277
4971.172,0.28889773551785985,4.205692946903077,25.39255256293006
4974.078,0.28920036987672654,4.205775622854107,25.38926959752338
4976.985,0.28587941917409027,4.205703641712894,25.387720908158382
4979.891,0.2889553210533582,4.205987455722792,25.40074660181197
4982.813,0.286970282839313,4.205941819213051,25.394605748001172
4985.719,0.2892613483151561,4.206070869832935,25.382028735597707
4988.625,0.2874845222848267,4.205934078268819,25.378874519662844
4991.547,0.28774830087948594,4.205879814291092,25.37612027336596
4994.485,0.29219702165564515,4.206189175383593,25.376206217755527
4997.469,0.28792548613048635,4.2061440231489735,25.36368997170424
5000.407,0.2874863173210098,4.206313378338092,25.36337149212921
5003.313,0.28632935833090256,4.206410505749195,25.363255513703812
5006.235,0.28800486750704096,4.206559266899815,25.367502525176445
5009.172,0.2763510181437337,4.205652597150034,25.358762515173975
5012.094,0.264503666646689,4.205021051708402,25.358284071516717
5015.016,0.26396353604687073,4.205041050496314,25.35814998282279
5017.969,0.26650572447741083,4.20504391434002,25.359928667952953
5020.875,0.26883802722017747,4.204789305289775,25.351773318986822
5023.797,0.26767161490507874,4.204937853506599,25.350028005484614
5026.703,0.26931117303655017,4.204915217946097,25.348468610217846
5029.735,0.2635910481624093,4.204751083372391,25.339933830070574
5032.766,0.26709349237361296,4.2050243732455,25.331830918609214
5035.797,0.2670548461050463,4.204985665729513,25.33442243642083
5038.844,0.26561573873897926,4.205088525855889,25.329645311448765
5041.766,0.2674905624101336,4.204703545006492,25.328498545097176
5044.672,0.2693875259480268,4.205132119142949,25.325311350597623
5047.578,0.26768879873667967,4.205147487105625,25.32456368391333
5050.485,0.26682630516210737,4.205209190084592,25.33539078864346
5053.391,0.2646008386442059,4.2053329761901095,25.331762006053726
5056.313,0.2665062529993966,4.205182246630587,25.336558374449332
5059.219,0.2692606074873208,4.205309335441493,25.322941341677875
5062.125,0.26352925965956714,4.20541146403628,25.32325048790945
5065.032,0.2670889444230835,4.205526701121064,25.311474622660665
5067.938,0.268721581758205,4.205242837020715,25.314119117058542
5070.844,0.26340039262415316,4.205507594674818,25.31360675904374
5073.766,0.26833755943321946,4.205650801180618,25.3100005843193
5076.672,0.2686057926001163,4.205629947495356,25.305439471493777
5079.578,0.2681875027239086,4.205734481725714,25.306801400469496
5082.485,0.265898998265603,4.205787724935283,25.309129129262587
5085.391,0.26607461738695054,4.205610455609331,25.298070001510187
5088.297,0.2630637989052121,4.205643326672975,25.290479011667436
5091.219,0.26522380960936304,4.20589221292939,25.288029768493576
5094.125,0.26876623617655016,4.2058356576218054,25.286384676952725
5097.032,0.26529570724493284,4.205807047730953,25.292500773082374
5099.938,0.26393119000133775,4.205986001988107,25.279516892425626
5102.86,0.266920973245123,4.2059146738969435,25.268022987856785
5105.766,0.26643477347873284,4.206211183470118,25.266724309460525
5108.688,0.26661859946990196,4.2059279985897975,25.265619887466137
5111.594,0.2647351275360413,4.2060826608657065,25.267071249854684
5114.5,0.26507450747810896,4.206254983731086,25.26372443303948
5117.407,0.2657076449145281,4.206246325237609,25.26662803140957
5120.313,0.2656499093405265,4.206497691238357,25.261406404031646
5123.219,0.26417330462090827,4.206479254520559,25.25418571048505
5126.125,0.26195883229954026,4.206724066689309,25.25551253622623
5129.047,0.25617248652811364,4.20608462020548,25.259847080104112
5131.985,0.24351481845017403,4.204708080961716,25.258213728651754
5134.891,0.24469791178748596,4.20486034700111,25.25475721407764
5137.813,0.24405254238183416,4.204840210889271,25.24741938241663
5140.719,0.24478661020432557,4.204755021110068,25.247900634316604
5143.625,0.2471375251608319,4.205307267686844,25.24996389417577
5146.547,0.24495807570741598,4.20496665500598,25.246438754816037
5149.453,0.24560259757485045,4.205037293691319,25.24138439981358
5152.36,0.24030845445159,4.204636123014084,25.23693409301104
5155.266,0.24466226928433688,4.204887754115702,25.23790745795519
5158.172,0.24077078857760098,4.204744663557895,25.226744782911602
5161.094,0.24993019149586648,4.205155257028463,25.223596133447014
5164.032,0.2399911835865313,4.204753784169921,25.225347664763703
5166.938,0.24114589640610082,4.204838836176846,25.228280507805195
5169.844,0.24177392245218374,4.205151489530357,25.224486469440457
5172.766,0.2453740394518785,4.20490499187948,25.213906360945593
5175.672,0.2429298985707715,4.205146565102511,25.22800631677949
5178.578,0.2437074887542052,4.205171411366203,25.22233136501631
5181.485,0.24500813561544912,4.204878692712114,25.209603019282582
5184.407,0.2455956874779525,4.2050016032130015,25.21638603019975
5187.313,0.24363356313778248,4.2052380324197935,25.205956176007337
5190.219,0.24133614962405392,4.205017984265734,25.20966228398966
5193.125,0.2431003398352665,4.205184310165446,25.20511039506936
5196.047,0.24412120490692235,4.2052791151293265,25.192847122743146
5198.953,0.24516985020233154,4.205451929937764,25.196076723781665
5201.86,0.24395198740575752,4.205500879323583,25.195520500552927
5204.782,0.2430884318655058,4.2056524970594396,25.182205392023782
5207.688,0.24162723222661742,4.205434765611386,25.190331767129482
5210.594,0.2428152902051512,4.205519975504911,25.19105532644144
5213.5,0.24337127127870667,4.205581426198048,25.189612405379687
5216.422,0.24088970249814784,4.20568636614512,25.192251698965336
5219.328,0.2428838286873054,4.205672598971537,25.188482934774
5222.235,0.24315668851335492,4.205596512131364,25.185916444307555
5225.141,0.24244306496971874,4.205799748824358,25.187307735523092
5228.063,0.24015707911528286,4.205667893536799,25.18097281021508
5230.969,0.24342883574272728,4.2059478787817355,25.17493753521276
5233.891,0.24591776887803896,4.206044284075213,25.170557646382196
5236.797,0.24504764310464103,4.206187506584433,25.167762175939377
5239.703,0.24292494655176763,4.206269082421607,25.16570568855881
5242.625,0.24107362879940022,4.20603505874319,25.166447966989285
5245.532,0.24104729338252703,4.206306912963559,25.1608472565135
5248.438,0.24363432822242206,4.206280445392396,25.157974937088493
5251.344,0.23967362837838388,4.206235415050099,25.155844621878526
5254.266,0.24129591097619696,4.206434775462737,25.15391033072599
5257.172,0.2399535051339355,4.206215716323939,25.146879594536603
5260.078,0.24062222388198262,4.2063711758652005,25.152753757084145
5263.0,0.23890490658567815,4.206527342600172,25.146666717202578
5265.907,0.23993078914881763,4.206647544383741,25.143729062871774
5268.844,0.23168617676532902,4.20556167645223,25.149180205451035
5271.75,0.23457902478707535,4.205627164125273,25.14387779992775
5274.657,0.23304985278808968,4.205573389524525,25.14133027987102
5277.578,0.23175102322660696,4.205474537629893,25.13422220456486
5280.485,0.2343143011039384,4.205526654661749,25.133896125418275
5283.391,0.2249330555191937,4.205713159026088,25.13581067349194
5286.297,0.2306629773427891,4.205796161608864,25.130248110212495
5289.203,0.22807965088913693,4.20582382558691,25.13034813698745
5292.125,0.2304371356563122,4.206029308765465,25.12411418635657
5295.032,0.23130712967162131,4.206055279576796,25.117578255257698
5297.938,0.2319787879643933,4.205839437871905,25.105176281324745
5300.875,0.2314134596079897,4.206034972389493,25.09452534494681
5303.782,0.23386109689109164,4.206174057251208,25.095535554627975
5306.688,0.2281696464557142,4.206304465969269,25.108760309418397
5309.61,0.2334934229610394,4.205975676955174,25.11312405907555
5312.516,0.22774242658710037,4.206204944983046,25.108294203507434
5315.422,0.23339808905591958,4.20602123800616,25.111079293098527
5318.328,0.22502975133260505,4.206435955084866,25.106647896597273
5321.25,0.22903426160643042,4.206133367918955,25.10842560371031
5324.157,0.23057924005333258,4.206359406521476,25.105268659895348
5327.063,0.23300609903079997,4.206259013473214,25.107618003440557
5329.969,0.22712429093608097,4.206870380720989,25.107266847333463
5332.907,0.22026152094863,4.20556419865896,25.10716657749067
5335.844,0.20689237598042706,4.204916217649182,25.09400927082325
5338.766,0.2104748748159706,4.204800638012799,25.091699417633457
5341.672,0.21220274324539576,4.204764684190101,25.09112740488731
5344.578,0.21223339479325035,4.204832832274219,25.076460118060467
5347.485,0.20993819807368178,4.204654142557574,25.083084396996764
5350.391,0.21202402247362417,4.204629099321564,25.080231056330742
5353.297,0.21554039127373592,4.204746470010192,25.078459815004308
5356.219,0.20829377468938695,4.205120628948026,25.090885330442187
5359.125,0.2047177893971351,4.204738372876649,25.08268359714342
5362.032,0.20941826530913676,4.204738002766,25.085200439038136
5364.938,0.20756708933055013,4.2050923610984565,25.074635725195908
5367.875,0.21171295046332833,4.204656395868553,25.075134513859958
5370.782,0.2093326033795285,4.205144106155071,25.07175462179063
5373.703,0.214142302864175,4.204631850738197,25.07353882160592
5376.61,0.21203893391874362,4.204589307197088,25.073378975897626
5379.516,0.21031184822983487,4.204910998440015,25.06015445988318
5382.422,0.20932775277391008,4.204800538383243,25.066362749522014
5385.344,0.2101144881222696,4.20521138381618,25.064972376722764
5388.25,0.20908323584039926,4.205185975043292,25.060299109708787
5391.157,0.2062963332031027,4.205048951308973,25.05685189541659
5394.063,0.2111902174666312,4.205093307056973,25.054309008005088
5396.969,0.20669647737181376,4.2052061250228325,25.051486135215153
5399.891,0.2084704418774387,4.205070163963321,25.044923390812144
5402.797,0.20692606860854978,4.205309699223979,25.043478142952214
5405.703,0.2096380970943909,4.205033546554628,25.047505813099264
5408.61,0.21209799608641647,4.20507073767906,25.0508627453637
5411.532,0.20682582262281624,4.205312972087696,25.03615145241071
5414.438,0.20593896788341648,4.205352604662605,25.03525371802096
5417.344,0.20996953274382638,4.205318322645788,25.0310808676569
5420.25,0.21247725235241088,4.205376202295501,25.01309237843408
5423.157,0.20962947301885684,4.205163544235488,25.00613898679271
5426.063,0.21243994932095445,4.205456946022349,25.02385978052299
5428.985,0.214105920901776,4.205470073250177,25.0181383373765
5431.891,0.20663947921054301,4.205345221123888,25.02147962212751
5434.797,0.20723627129534725,4.2055830287350044,25.019733393980438
5437.719,0.2074799595103939,4.20553143617527,25.02968203054688
5440.625,0.21247090277578448,4.205511057460856,25.02436807787345
5443.532,0.21123934581660964,4.205661374215193,25.024977537928407
5446.438,0.20627285757463612,4.205736106645935,25.020532715252212
5449.344,0.20735578048980252,4.205761404739138,25.02734453215188
5452.25,0.2076507439976302,4.205649132953719,25.028163375509052
5455.172,0.2095371886365219,4.2058048646471375,25.020091623708666
5458.078,0.2092486958583632,4.205642040618814,25.023164946283742
5460.985,0.2130870899008594,4.205838316941831,25.01797156576253
5463.891,0.20576021829500063,4.205850966418748,25.012385600578977
5466.813,0.20789668437220427,4.20605555358063,25.004053200651324
5469.719,0.2099873520331891,4.205918736042963,25.010678224177518
5472.641,0.20429048736797595,4.206237207790483,25.007490503737962
5475.547,0.20946149161673353,4.205931415776847,24.9977158867808
5478.453,0.20909288711708265,4.2061345904435825,24.998610867979142
5481.36,0.2066709237381985,4.2060342839792595,24.993771448090104
5484.266,0.2060340245657008,4.206168788563323,24.989505799139394
5487.172,0.20549053866720488,4.206202458033432,24.982127347128184
5490.094,0.2048827423411612,4.206328334468298,24.98265176753521
5493.0,0.2043116578354039,4.2061302489813475,24.983249544807716
5495.907,0.20629342490246813,4.206306799084592,24.98617703379647
5498.875,0.20607699600158455,4.206385887344873,24.976562890387438
5501.875,0.20575500945748731,4.206579465130718,24.977200745604417
5504.828,0.1957087130641342,4.205401173627006,24.974219056282575
5507.735,0.19668117613616043,4.205682530122901,24.97660224718979
5510.672,0.18651043325761285,4.2049394748769755,24.970891440905444
5513.578,0.18700384682180465,4.2047745314848,24.970643339931996
5516.485,0.18725963987457314,4.204858740618591,24.9788341860864
5519.407,0.1870025280031156,4.204631889840403,24.976657364809185
5522.313,0.18692861203870428,4.204789107548304,24.971837472708653
5525.219,0.18860997709609212,4.205080002677938,24.96933438278695
5528.125,0.18663473775050915,4.204907500481657,24.968401083320092
5531.047,0.18855966955061315,4.2046074454216935,24.961383387787563
5533.953,0.18688670117436365,4.20496921971647,24.963803827001414
5536.86,0.18941926103864298,4.204628125284031,24.960209046519484
5539.766,0.18716846164209508,4.204877857450965,24.96655202990935
5542.703,0.18602040714569046,4.204874018786557,24.962909837046087
5545.61,0.18830414651877825,4.205202840508318,24.966120694995432
5548.532,0.18685809316328938,4.205145817408673,24.963884727821515
5551.438,0.18630057982132578,4.204726065167793,24.95089931476644
5554.344,0.18585594001495537,4.204848521754959,24.951130471254512
5557.25,0.1829070541197829,4.205016486050798,24.945270764908166
5560.172,0.18762798867673505,4.205093784254776,24.958896070630885
5563.078,0.18633575707331584,4.205060223960603,24.94660768768107
5566.0,0.19006704384227172,4.2051051597266005,24.947169693983014
5568.907,0.18506642069692678,4.205047615847346,24.941147112912013
5571.813,0.1880488918629762,4.205122458165352,24.945789400465884
5574.719,0.18840134992287894,4.205157259457981,24.932973239216622
5577.641,0.18736290645636627,4.2052847682054155,24.925270553494162
5580.547,0.18636463548146873,4.205156697290197,24.920998308518346
5583.453,0.1854000629436355,4.2051850939470246,24.926538720054275
5586.375,0.18761466172358476,4.205120090319826,24.931005272534513
5589.282,0.18853257456321612,4.205428268878472,24.933962880210228
5592.188,0.18628621748592722,4.205207835339187,24.930009464693338
5595.157,0.19254309455216967,4.20527652245988,24.91705319656041
5598.188,0.18295506535620643,4.205162489841153,24.91809136812153
5601.157,0.1869431327234436,4.2054324833638255,24.9148595927396
5604.094,0.18708415137869025,4.205453937749626,24.917121613624165
5607.016,0.18308455112008498,4.2056232100256885,24.926485089757673
5609.922,0.18356439014239098,4.2054295271558155,24.91855797759921
5612.828,0.18422074363227312,4.205827042598384,24.921584014519762
5615.735,0.18648646505975272,4.205485940142108,24.91067652482336
5618.641,0.18238579898655224,4.205637256126511,24.90667981049067
5621.547,0.1870074847859345,4.205655618548875,24.905574942386934
5624.453,0.1894137207190123,4.205821519793695,24.902121955049235
5627.375,0.1862061220617383,4.20569976134622,24.905001666120228
5630.282,0.18384567342487335,4.205672365032535,24.896683795145
5633.188,0.18485706129350318,4.205822117779769,24.897758065661648
5636.094,0.1830962843448327,4.205660263039387,24.887931167829777
5639.016,0.18616049145093544,4.205828844621966,24.887526414946965
5641.922,0.18749912549427586,4.205807781297273,24.895889391405422
5644.828,0.18710550555993613,4.205870599198453,24.89179296362744
5647.735,0.18370023240516806,4.205855447547346,24.89865187059925
5650.641,0.18536640647734495,4.205938080241893,24.8953514453338
5653.547,0.18439017010930187,4.205888746265669,24.89817605328659
5656.453,0.18485091894079234,4.206104124994185,24.888097197766445
5659.375,0.18314698459413303,4.20591626470443,24.886436623411978
5662.282,0.18668239147107535,4.206065018725024,24.885885387331665
5665.188,0.1840578182579235,4.206133623222987,24.878326537364305
5668.11,0.1848460632686766,4.206111251095877,24.88825774615613
5671.016,0.1856109079185785,4.2061664748241405,24.878274536362436
5673.922,0.1832257237148004,4.206246026345755,24.880017427611016
5676.828,0.1861668839618139,4.206223477542623,24.880051559135936
5679.735,0.18080240092520977,4.206269601912817,24.877005779094354
5682.657,0.1848112215291017,4.206371072793208,24.876141497419827
5685.563,0.18729802391792919,4.206136557918133,24.875371188499575
5688.469,0.18630955600418855,4.206422383827204,24.871408378126795
5691.375,0.1868336321364264,4.206402152992067,24.870547975825875
5694.282,0.18553209459155812,4.206401517578409,24.869233293261882
5697.188,0.18341569939625615,4.2067113513373675,24.862744817207272
5700.141,0.1722813632680636,4.20560537938638,24.856935632379564
5703.047,0.17361493443181877,4.205822250840429,24.852795340375348
5705.953,0.17735839460116581,4.205695207393572,24.85319129645791
5708.86,0.17466146056199164,4.205514241159007,24.850873472553353
5711.782,0.1757192765915023,4.205496656953384,24.857447017394144
5714.688,0.17295622192110816,4.205697060149851,24.853486498123416
5717.594,0.17174421936078152,4.20584394292527,24.854392713126604
5720.5,0.17318540472712426,4.205558595020524,24.856171153778575
5723.407,0.17571401239140513,4.205635927424759,24.85981526060791
5726.328,0.17308513244435528,4.205936760585726,24.84917395629849
5729.235,0.17466591981356525,4.2061165315518405,24.847743285678757
5732.172,0.1767644698980941,4.205874683250353,24.8507979896086
5735.078,0.17710507377848653,4.206224936491821,24.857438130457545
5737.985,0.17275551746866918,4.205871836707823,24.8590036158477
5740.891,0.17711028812047153,4.206273443162223,24.85163904325915
5743.813,0.17302521186745,4.205932407073243,24.84536827699635
5746.719,0.17216112795771754,4.206073330401621,24.839542799476995
5749.625,0.17281276196452536,4.2059875977564065,24.84264563941033
5752.532,0.1716533599201074,4.206260706133117,24.839536443651003
5755.438,0.17118307865337268,4.2063033026469725,24.83550249754591
5758.344,0.17128312923924605,4.206079995880587,24.837255879729156
5761.266,0.17104078524605468,4.2060265389604075,24.836710117802625
5764.172,0.17142598300358197,4.206237118238179,24.830417288901256
5767.078,0.16881538812771607,4.206116528301534,24.83527555636115
5770.0,0.17138491258786837,4.206436698231012,24.831925812116257
5772.907,0.1695580323332382,4.206542768896468,24.822904636150806
5775.813,0.17086537527564633,4.2062618141659,24.823940603409934
5778.719,0.1732814366754417,4.20616442705384,24.810761406112224
5781.625,0.1743868873758736,4.20667912468321,24.80480129650702
5784.563,0.1625030449758048,4.205597346097955,24.81744717363182
5787.469,0.16169270907249528,4.205465452946914,24.814560744605842
5790.375,0.1619316893983412,4.205699551934993,24.808927924643754
5793.282,0.16195649106852417,4.205870184958332,24.811176674833227
5796.188,0.16660223177794362,4.205582827805604,24.803710202999707
5799.094,0.16111858745930757,4.205763536781477,24.808270512631573
5802.0,0.1640279647224494,4.2057998798901,24.79959847076602
5804.907,0.16386422615037988,4.205684397121125,24.80548064854217
5807.813,0.1612024867884943,4.20567143807522,24.801962829122793
5810.719,0.16268536199425435,4.205934059591753,24.80671749491376
5813.625,0.1676976192141645,4.2057389207906715,24.804568213547913
5816.563,0.16554490158674529,4.20574156687706,24.79742201255286
5819.469,0.16452650139999178,4.205652619955701,24.78912189250823
5822.375,0.16132580481029055,4.205844254543301,24.793281619282023
5825.282,0.16311009447003333,4.205652927972895,24.80425118208995
5828.188,0.16033497522252763,4.20589994401195,24.799756297376078
5831.094,0.16403642410801922,4.206036395092222,24.794905301095163
5833.985,0.16266162358863528,4.205737518459578,24.791797470941955
5836.891,0.16153887268923808,4.206051958264889,24.793240171083895
5839.797,0.15998631800077676,4.205853484305215,24.789543800636483
5842.703,0.16182173675317543,4.206221226024902,24.788946606529294
5845.61,0.16398395224699358,4.205826828833899,24.78423875673845
5848.516,0.16138491559448043,4.206298400774533,24.784328245722186
5851.438,0.1644673420300692,4.2058576180441,24.783085947174275
5854.344,0.161275563222607,4.206225644589756,24.774970019838314
5857.25,0.16358462859967865,4.206053838586016,24.779125342723503
5860.157,0.1620068213718179,4.206089701115753,24.77544347541614
5863.063,0.1625329439020584,4.2061369782926326,24.771326022258663
5865.969,0.1590705725118259,4.2062221751561815,24.77383604369825
5868.875,0.16299677145451308,4.206298926188948,24.77611175253323
5871.782,0.165755756812551,4.206296063977095,24.766253638398293
5874.688,0.1590570924507716,4.206463210599838,24.768491536434514
5877.594,0.16181089524496187,4.206166040109877,24.770179844971782
5880.516,0.16224514065095225,4.205928251425276,24.773555992289197
5883.422,0.15993513763763098,4.206514209316859,24.76988485328558
5886.344,0.160617790362469,4.206501107049577,24.756040948307458
5889.25,0.16430318822311382,4.2062199223884225,24.75881290414064
5892.157,0.15923129307142242,4.206493506220069,24.755571088784855
5895.063,0.16237685670190896,4.206468789552439,24.759161826598103
5897.985,0.1617763143369618,4.206434231731889,24.759206578977203
5900.891,0.1599170815606137,4.206405711139626,24.758973829767704
5903.797,0.16302003266067294,4.206659219624474,24.760825013610667
5906.735,0.15118155531552907,4.205863547282772,24.748303804363836
5909.641,0.15108583900411024,4.205749455476167,24.75566605033436
5912.547,0.1506616484217099,4.205851571136654,24.755056125891237
5915.453,0.15076986686239618,4.205810962127045,24.765234233009448
5918.375,0.15302680225013585,4.205798551862915,24.758880533904406
5921.282,0.15099177891095822,4.205788117480326,24.76042177738767
5924.188,0.15011810539904508,4.205733702204914,24.75333893973899
5927.094,0.15101826520443398,4.2057051356977855,24.750361879850555
5930.0,0.15027147439073102,4.205899631517653,24.752503712785973
5932.907,0.1511762117651983,4.205703403422688,24.760858503353077
5935.813,0.15185897509335072,4.205916267386642,24.75382223474499
5938.75,0.15114711880902523,4.205792100229928,24.747923217124196
5941.672,0.1512791199735234,4.206053463908631,24.75101539248399
5944.578,0.1493301249932057,4.205948949856977,24.754676848834208
5947.485,0.152797536418655,4.206071085411823,24.751455062671866
5950.391,0.15315906104506324,4.205864488334041,24.7452530677495
5953.297,0.15020239441973662,4.20607796280395,24.74330809155767
5956.203,0.15344173160089083,4.206287769621048,24.745108127351013
5959.125,0.1503997482274801,4.206107455284552,24.739967908467182
5962.032,0.15075318048938938,4.206047602882897,24.738366440232838
5964.938,0.15107214453134551,4.206320155272059,24.741982566460315
5967.844,0.1498761375035777,4.206067813034611,24.733284431124666
5970.766,0.15234588280165326,4.206181929192285,24.73317777348354
5973.672,0.15390437998674608,4.206113230449653,24.73096029421174
5976.578,0.1515156929039467,4.205934109655523,24.72849096285414
5979.5,0.1490346133619887,4.2061052369847065,24.72680938693855
5982.407,0.150768600379737,4.206234189475069,24.730075889980572
5985.313,0.14804752037021837,4.20622698020946,24.723102175122815
5988.219,0.14848282351849929,4.206385613895234,24.7295890727386
5991.141,0.1490132083209361,4.206380790228191,24.72402654093602
5994.047,0.14989128973011434,4.206346157201317,24.726729663211376
5996.953,0.14814904246332233,4.2064145853524355,24.72374707710906
5999.86,0.14943348698061537,4.206455490721073,24.71640862467963
6002.766,0.14867999209359634,4.206405406119888,24.709068705145743
6005.688,0.15158408396459935,4.206601139359591,24.70210368242415
6008.625,0.14182752680974658,4.205740913171031,24.71266789445517
6011.532,0.13945592561639972,4.205733946616366,24.703386876689315
6014.438,0.14079210226428163,4.205725223381179,24.71268206947045
6017.344,0.1414566783806744,4.2058130039415005,24.70695019657851
6020.25,0.14016686859711272,4.205490660035793,24.698940487730415
6023.157,0.13968807845619738,4.205695214094318,24.703136923045893
6026.063,0.1369033728299475,4.205895964951606,24.69643942559446
6028.969,0.1400281527006883,4.205410522651148,24.695695959135918
6031.875,0.13759306059309365,4.205617890092584,24.696320888870535
6034.782,0.1394749717112634,4.205589573887099,24.694149162714904
6037.688,0.14139344809982102,4.20572858531736,24.689144491779935
6040.625,0.1414251788252128,4.205773412449069,24.69343534980408
6043.532,0.14044723175736634,4.205794998492387,24.697028261258055
6046.438,0.14205542315794792,4.205946639503386,24.69785459620971
6049.344,0.14266073919313232,4.205694651829015,24.69087294706944
6052.25,0.14042586140049088,4.205727020083317,24.68873895401397
6055.157,0.14142550725244213,4.205929048576262,24.676360428824786
6058.078,0.13769790400143522,4.206045207761202,24.672518591324156
6060.985,0.14240497163785618,4.205743171369147,24.678422897516192
6063.891,0.14082843208522894,4.205860837657528,24.673602606925513
6066.797,0.1411633104647216,4.205935652030924,24.67693023935148
6069.703,0.13877625404929586,4.206035613795462,24.679821830244304
6072.61,0.140447427538409,4.205925227374431,24.679400271458352
6075.532,0.13922387305234663,4.205980730275999,24.686816079301224
6078.438,0.14090723144700174,4.205845985325807,24.669430202607174
6081.344,0.13895288408799308,4.206134133882631,24.67444153616867
6084.266,0.13909021203500166,4.206041437310857,24.67155124992883
6087.172,0.1395961127810742,4.206026136072234,24.665466469958748
6090.078,0.138088856027123,4.206160059623852,24.67042423926602
6092.985,0.14069423176934087,4.205967347879025,24.66156029168761
6095.891,0.13950200156414735,4.206333020354583,24.655527217902343
6098.797,0.13817299322315327,4.206134983089652,24.653610678323165
6101.719,0.13938397538318692,4.206283074492871,24.652174625870256
6104.625,0.13917708246044747,4.206116211836759,24.65310789760081
6107.532,0.1408416234066926,4.2060299670472405,24.650361172282942
6110.453,0.13730765091868138,4.206302518076478,24.647540337785387
6113.36,0.1363109681219817,4.2060594988066065,24.65050315103625
6116.266,0.13930997432900474,4.206290605692845,24.647271082138694
6119.172,0.13902698606303235,4.2059772354680325,24.644395868133753
6122.078,0.1364888296355599,4.2062877621408745,24.646362095855157
6125.0,0.13892537204005637,4.206336800945018,24.650853087406205
6127.907,0.13780534794573254,4.206321884184386,24.651299891619644
6130.813,0.13762076611781582,4.206483306171052,24.65159046993612
6133.719,0.14075069862751224,4.206594069668471,24.656527176067172
6136.657,0.12858211247880302,4.205688757661201,24.6534411104376
6139.563,0.12653337608172788,4.2054252642099,24.651739844903627
6142.469,0.12528173746948504,4.2053917806806105,24.64610034159564
6145.375,0.12781483733631754,4.205597204792055,24.65468977502003
6148.282,0.1296762558508677,4.205380765005215,24.65494396033145
6151.188,0.12834612542069052,4.205318586821586,24.65426129749054
6154.094,0.12834555905606182,4.205619565724756,24.64772584850141
6157.0,0.12839414822424486,4.20549223403151,24.646682913446014
6159.907,0.12554318843665063,4.205643440452057,24.647184141126534
6162.813,0.12960245335883877,4.205524554548887,24.644763946949514
6165.719,0.1269704528864464,4.205620954557428,24.647099899952593
6168.657,0.12587208892721582,4.205633566146368,24.64648608404607
6171.563,0.12965705570408767,4.205588751644805,24.641010534047897
6174.469,0.12812210887572492,4.205570881122298,24.639129324000333
6177.375,0.12796205074701136,4.205586723660012,24.63237024137955
6180.282,0.12598970253049568,4.2056815002809165,24.642424404314266
6183.188,0.12491739808590804,4.205466635856343,24.641206070445484
6186.094,0.12787452548583567,4.205665386593652,24.644132409802353
6189.0,0.1278654855514173,4.205707577618947,24.626211573811425
6191.907,0.12784131975593552,4.205712848939552,24.629556607805167
6194.813,0.126125943191226,4.205775235515802,24.624805444743426
6197.719,0.12725353655580038,4.205815983517954,24.622276097500624
6200.625,0.13049914248966474,4.205811833199542,24.61651340639716
6203.547,0.12952678197174697,4.205696719340433,24.62812185953085
6206.453,0.1301101011977892,4.205983032469863,24.624168671944634
6209.36,0.12426488373229169,4.205785114246246,24.62531611167231
6212.266,0.1298814138288815,4.205762978394417,24.62588966331434
6215.172,0.1279747199984764,4.2059995538941815,24.628566961377214
6218.078,0.12757098079723497,4.205740666117189,24.62947631177947
6220.985,0.12774786290743978,4.2058775354454685,24.6207118615198
6223.891,0.12602995654020224,4.206185893804165,24.628675592174954
6226.797,0.1278400162311925,4.205754758956375,24.611299725389976
6229.703,0.12573678241884492,4.205941894755851,24.610218286255584
6232.61,0.12772024332896717,4.205958729411618,24.60104892491273
6235.532,0.12466543158027614,4.205892135771122,24.607545284659494
6238.438,0.12804721296505148,4.205946192680572,24.614247119072893
6241.344,0.12719133334057367,4.206151903126181,24.617326031036846
6244.25,0.12696940627096365,4.206011235365697,24.61055295598682
6247.157,0.12672468596516887,4.206328007208005,24.602344142007286
6250.063,0.1263057007696308,4.2063229131123006,24.604499975869555
6252.985,0.12875632571115345,4.206149462879173,24.605310722809225
6255.891,0.1278413777172322,4.206267209881765,24.60928908869374
6258.797,0.12673006302344167,4.206178121541256,24.606490383372115
6261.703,0.12680941576313473,4.206113362867645,24.597171254268204
6264.625,0.12841164643643094,4.206160321490109,24.611537308143955
6267.532,0.12415185953137062,4.206133111113099,24.60056131612455
6270.438,0.12983239555117462,4.206225523400315,24.60361111628506
6273.36,0.1264140841311213,4.206472367567835,24.593555891788217
6276.266,0.12501203892690088,4.206401041064982,24.586486826443103
6279.172,0.12557020382567766,4.206144303677327,24.58678753597929
6282.078,0.1274425644475185,4.206341714523081,24.58551350753645
6285.0,0.12895538157749245,4.206360884319899,24.590095917718376
6287.907,0.12625777580507438,4.206345539355233,24.58706293445497
6290.813,0.12524958823029303,4.206465831285675,24.591021632877283
6293.719,0.12759815926332516,4.206330988847959,24.58718339745144
6296.641,0.12517945158320778,4.206514939758843,24.58576147063977
6299.641,0.1255601465032656,4.20632103963389,24.59142434625307
6302.594,0.12510475740874336,4.206739457749505,24.586516013759468
6305.61,0.11571681453756155,4.205744247744877,24.583932252559396
6308.532,0.11652182397143435,4.205869377566155,24.59069480007139
6311.469,0.1165238912147465,4.2057506956243484,24.587296945497354
6314.422,0.11566904406368794,4.205671750779696,24.58624397425768
6317.407,0.11538141708804829,4.20574613972337,24.586081468205663
6320.407,0.11816782145234467,4.205489334571494,24.58495086868732
6323.375,0.11414654943205525,4.205759220440411,24.579346618857585
6326.391,0.11805130960136534,4.205765959446243,24.585130045250956
6329.375,0.11403553323398227,4.205920619504834,24.5781414754804
6332.36,0.11582020595015825,4.205639049056537,24.571940106820225
6335.36,0.11939301924766292,4.20584194653939,24.574050627519703
6338.266,0.11616482217632018,4.205695784910308,24.582571703829917
6341.188,0.1150552705182339,4.205888574181928,24.579540942634925
6344.094,0.11710702502736071,4.206002169507423,24.583043048494172
6347.0,0.11675805547219234,4.20580791885122,24.587316757622666
6349.907,0.11734927726365692,4.205784573906252,24.58589407850185
6352.828,0.11843597470974467,4.205751626379547,24.579275580560882
6355.735,0.11713365450666843,4.205715714210054,24.580263961343736
6358.641,0.11428720375275205,4.205920610127843,24.57494872040582
6361.547,0.11796681518770635,4.2058505072528405,24.57097531055436
6364.453,0.1180214356456962,4.205853998315699,24.561385841735625
6367.375,0.11673187865204865,4.2060128157827155,24.56293556210974
6370.282,0.11521448365700207,4.205985156178857,24.561159826603614
6373.203,0.11556311429291519,4.205937867583687,24.56612272046279
6376.11,0.11645322282134189,4.2058157524227635,24.566286615589945
6379.016,0.11466770069056292,4.205998793257198,24.561204212295277
6381.922,0.11671119472528786,4.205810881736493,24.56430868061071
6384.828,0.11698123207216038,4.206134763840182,24.552485457749896
6387.75,0.11504270533767565,4.206034372331721,24.558940938366547
6390.657,0.11690441240640206,4.206109015528396,24.553910790198586
6393.563,0.11686463996780816,4.206130934088247,24.543390541951506
6396.469,0.11463367206005273,4.2061121419520395,24.545764447623633
6399.375,0.11623278437250352,4.206191458373238,24.555514464144686
6402.297,0.11754456173997564,4.206171177751053,24.553198297156005
6405.203,0.11335833484512979,4.206093719571859,24.561932764873543
6408.11,0.11477713839790933,4.20606338608214,24.55624039087588
6411.016,0.11693565891653569,4.2061165721904805,24.554092699011072
6413.938,0.115708908992109,4.206096812762314,24.559666301846747
6416.844,0.11390628899525114,4.206313411178936,24.560525771226587
6419.75,0.11566626021339209,4.206153625761768,24.550673068271497
6422.657,0.11498215146069779,4.206318686601058,24.556165995841262
6425.578,0.1159214818226906,4.206106956011422,24.54576605959139
6428.485,0.1170080709031039,4.206354881416566,24.539261869189854
6431.391,0.11337526158449238,4.206266516465625,24.535799598462564
6434.313,0.11364633331664195,4.206322360803121,24.54197042736207
6437.219,0.11283520949133086,4.206221395899507,24.551742136974323
6440.125,0.11563301992451677,4.206639182145534,24.542163916882725
6443.032,0.11571732973909707,4.20638358337422,24.537979469477964
6445.953,0.114274184624666,4.206320023983721,24.540893610314864
6448.86,0.11416103024181114,4.2063149153818955,24.543837493065496
6451.766,0.11400329035130678,4.206611857556528,24.552578931425643
6454.672,0.11446899831234107,4.206364293096057,24.554843474939926
6457.578,0.11482592180075277,4.206750789240475,24.54485518367764
6460.5,0.11233519346373588,4.206856177397517,24.538302218523352
6463.407,0.1156915017870438,4.206577874390326,24.538561299190363
6466.344,0.11582822434379822,4.206216841912646,24.533591957555117
6469.25,0.11403071012169576,4.206410090938049,24.53666666997877
6472.157,0.1178286186238987,4.206699105487577,24.5213286264602
6475.063,0.11321703869154733,4.206565282271888,24.51921844379085
6477.969,0.11711215666852702,4.206695956160094,24.52314708161016
6480.891,0.11364232907838387,4.206675734493995,24.528933336670203
6483.797,0.11163869586568084,4.206763634054277,24.53169764728469
6486.703,0.1105687245038931,4.206683913975762,24.527362526019434
6489.61,0.11117907725863614,4.206917345994169,24.526871508434883
6492.532,0.11372985462791302,4.20672407714366,24.523328713494287
6495.438,0.11500565587166453,4.206750481506059,24.51795685928092
6498.375,0.1126736732669126,4.2068264839500555,24.51366469871079
6501.282,0.11512675078064563,4.2071057165682655,24.51139950677168
6504.188,0.11434182230966049,4.206844289521881,24.51386796565872
6507.094,0.11308213345977626,4.206938810095661,24.5187386972229
6510.016,0.11300390826189213,4.206765781078755,24.514914828661706
6512.922,0.11326369475821042,4.206881156445516,24.522458249934783
6515.828,0.11151450764744933,4.206823132373327,24.518230008146936
6518.735,0.1146328625163362,4.206930431629084,24.51674705544728
6521.641,0.11135484012615943,4.207115997490929,24.51800461826174
6524.563,0.11167175572936935,4.206920681383248,24.512489659763247
6527.469,0.11448743639294774,4.20681266807532,24.50719222986114
6530.375,0.11335008644291507,4.2071327302875465,24.51523202724397
6533.297,0.11489229616024138,4.2071905284006546,24.512293460489385
6536.203,0.11438766117226232,4.20720961890321,24.51280398371103
6539.11,0.11501858356819127,4.2070118114290596,24.51111983406682
6542.016,0.11510498488840383,4.207180779691336,24.505794452786898
6544.922,0.11536257659732325,4.207395131030095,24.507770705410078
6547.844,0.11404141082714934,4.207250843402695,24.501718399832335
6550.75,0.11368856899832652,4.20724343768484,24.499742175357685
6553.657,0.11285254946072981,4.207421546933723,24.497380914510835
6556.563,0.11618180086328611,4.207298200109065,24.495432489698345
6559.469,0.11304970430025163,4.207230351384448,24.499203552031155
6562.375,0.11494226628330743,4.207417425768957,24.494092586795592
6565.297,0.11540623469185549,4.2074836864505345,24.497383122945408
6568.203,0.11427494475557384,4.207351063777758,24.489080407773475
6571.11,0.11177357017228207,4.207452550603709,24.491330284643457
6574.032,0.11512535946706402,4.207623413992772,24.486960431615643
6576.953,0.10480945295612133,4.206528920591563,24.488991205317735
6579.86,0.10311830082565575,4.206870516644177,24.48786122717192
6582.797,0.09389514642115673,4.205870566907967,24.485325857815905
6585.703,0.09262004925296569,4.205828321018861,24.484380415533888
6588.61,0.09336568263505557,4.2055193085564735,24.48545604939226
6591.516,0.0939227590279449,4.205496557957633,24.4870025091223
6594.438,0.09416686791976751,4.206013862267007,24.489259500463973
6597.344,0.09385743769137778,4.2055237164457555,24.478193218498376
6600.25,0.09306355799085136,4.205635793846147,24.48612686018915
6603.157,0.09557844253931028,4.205773210871841,24.485816203827262
6606.063,0.09491129897485137,4.205706270272503,24.482089124498476
6608.969,0.095106401415488,4.205769946841293,24.477994371377804
6611.875,0.09896682092417403,4.205550501829623,24.470845777463854
6614.813,0.09324055568738712,4.205474414480411,24.473890721187928
6617.719,0.09525470281266595,4.205826326475876,24.470764815195977
6620.641,0.09012123694954584,4.205617834941009,24.475921321903435
6623.547,0.0941246245200953,4.205452968667803,24.462551081986895
6626.453,0.09471891156186278,4.205761026102648,24.453900880115423
6629.36,0.0981665535051007,4.205397642105708,24.460827290725735
6632.282,0.09387403778856676,4.205513552125101,24.473557814531055
6635.188,0.09454262030080153,4.205724727023354,24.46646609543036
6638.094,0.09636038810295887,4.205482959372319,24.463825315234942
6641.0,0.09232669597256264,4.205613555271807,24.459992913625833
6643.907,0.09777518632846378,4.205516635032199,24.456902285038744
6646.813,0.09383462618666866,4.205340510555808,24.460582640669767
6649.735,0.09339349389054853,4.205741468440333,24.464132197183734
6652.641,0.09042644296301744,4.205685665048384,24.464899455615093
6655.547,0.0922056822612391,4.205890260098173,24.468921855887032
6658.453,0.09359585307468232,4.2059247573627445,24.471085945887637
6661.36,0.09506948005418073,4.2057980703705775,24.468207088079698
6664.282,0.09640780091760062,4.205623000388448,24.46639722235019
6667.188,0.0916254284111343,4.205367995984882,24.466233770333346
6670.094,0.0929408957678116,4.2058248323339145,24.455533775714656
6673.0,0.09322901787180317,4.2055963469813,24.46138863997715
6675.922,0.09652014625230756,4.205637055895191,24.460549411988886
6678.828,0.09080262805881582,4.205751676671537,24.45821867323801
6681.75,0.09293697240148119,4.205666822526545,24.456540667253524
6684.657,0.09634592802713815,4.205448748729839,24.457095060418602
6687.563,0.09268748994390005,4.2054436347491055,24.45174772947255
6690.485,0.09458486559458876,4.2059108561372085,24.45675845409598
6693.391,0.09151615378927135,4.2057896639714,24.456148746212776
6696.297,0.09295291563694179,4.2058298508793746,24.455948498849565
6699.203,0.09279813665336684,4.20576536610428,24.454173566878666
6702.125,0.09506548912884187,4.205873337626666,24.446578999925144
6705.032,0.09457148151980979,4.205454626205194,24.438950558417197
6707.938,0.0956975241692346,4.205707105632441,24.44503368965356
6710.844,0.093757358514814,4.205940499425623,24.449590382385075
6713.766,0.09178011093084608,4.2056310715864855,24.44619600394581
6716.688,0.09133846637811943,4.205887293243236,24.451385013258317
6719.594,0.09779173489948448,4.205893412195803,24.44832019191486
6722.5,0.09785793915409853,4.205555715290438,24.44583795892113
6725.407,0.0961868098197944,4.206508058686955,24.439320309340424
6728.328,0.09339232942109511,4.206040977366897,24.44302230763635
6731.25,0.0950521699355774,4.205925266763865,24.439754960260938
6734.157,0.09438526656863915,4.2059878190285005,24.444587731996293
6737.063,0.09058179026738404,4.205643579044604,24.454941542158068
6739.969,0.08993687664338278,4.206302791433049,24.44836182875239
6742.875,0.09194704428179791,4.205940437824751,24.44361899227396
6745.797,0.0942379731070117,4.205933308530263,24.44461815130786
6748.703,0.08934747507470661,4.205999905112003,24.443645195362013
6751.625,0.09161419858192092,4.206197087012746,24.445177792640035
6754.532,0.09604215216909931,4.206150120039791,24.439632873741335
6757.438,0.09425363104586487,4.206486161733914,24.441526036510467
6760.344,0.09394010883254166,4.206157539251598,24.43679775275716
6763.266,0.09500397691213691,4.206085847844013,24.426755973995476
6766.172,0.09351419646911278,4.205852646300248,24.41797333914195
6769.078,0.09024480997480971,4.20600171770976,24.417894856897572
6771.985,0.09071634910380998,4.206105427759489,24.420814021996904
6774.891,0.09574002341529118,4.2060942739517975,24.429426160302814
6777.813,0.09088918345881185,4.206045745645854,24.43242361542329
6780.719,0.09319887905488504,4.206343397458089,24.420628342115915
6783.641,0.09059566758973785,4.206133512114311,24.42844658155506
6786.547,0.0950717064281423,4.206166009441686,24.423519979945706
6789.453,0.0923581697925669,4.206766003284085,24.41267725457321
6792.391,0.08456106835305285,4.205276749176159,24.416921508151113
6795.297,0.08554262295626919,4.205366565963624,24.415907438189407
6798.203,0.08290593235380225,4.205196262599489,24.424724443734807
6801.11,0.07619335123042283,4.205785486828911,24.41198313181758
6804.016,0.08030371676665503,4.2054892567129905,24.4184181059786
6806.922,0.08057126265342636,4.205251810158034,24.409845067945774
6809.828,0.07959127430649642,4.205434952419756,24.412223899269033
6812.735,0.08112090565752167,4.205388314641362,24.410616607211786
6815.641,0.08248109834513233,4.205183070269724,24.41852288398359
6818.547,0.07918850679006109,4.205876250205813,24.41618875452219
6821.453,0.07837912947428842,4.205086355205128,24.42209473403033
6824.375,0.08436420764789082,4.205264331850076,24.41735365846892
6827.282,0.0822515710343864,4.205509149568542,24.416579672456095
6830.188,0.08777218346322083,4.204923871996508,24.419314889660885
6833.094,0.08503246795247908,4.205307102024134,24.427453880453854
6836.0,0.0835148135697674,4.205558648221798,24.414020880993466
6838.907,0.08225480573202677,4.205311307653294,24.420718991287387
6841.813,0.07721872977637216,4.2056567020168085,24.426886108867365
6844.719,0.08030109672080889,4.2055992171157195,24.420564025354057
6847.625,0.08617245070452016,4.205299422206439,24.422979548492247
6850.532,0.0810326610342767,4.205626806072695,24.414660154002462
6853.438,0.08086145257940144,4.205430499290267,24.425778843864652
6856.344,0.08188145303217435,4.2054596922847525,24.41414304977703
6859.266,0.07797622883848507,4.205698768490138,24.40859262706909
6862.172,0.08597330505717322,4.205155257899975,24.411992567944964
6865.078,0.08714973832985384,4.2052915206442805,24.412840374183236
6867.985,0.08326819301613131,4.205520591464405,24.41514000485101
6870.891,0.08527177800836443,4.205613855014189,24.418216369856108
6873.797,0.07617298996193039,4.205767943679043,24.41215291277886
6876.703,0.07790638681025973,4.2056085373691126,24.4104624067459
6879.61,0.08666200357640642,4.204863318343003,24.409667038397313
6882.516,0.07746415180078418,4.205412184824829,24.415279929324264
6885.422,0.08115761634648262,4.205515592490481,24.411674732045412
6888.328,0.0839898369256121,4.205393629788673,24.410046450763584
6891.25,0.0797466603865913,4.205819691521235,24.404035604378667
6894.157,0.0867502721186357,4.205396122723275,24.40396176156442
6897.063,0.08408076311401348,4.205571174438086,24.38929653628652
6899.953,0.08220752380676365,4.205381530915447,24.3896080656698
6902.86,0.08314510887791278,4.205507664511302,24.387748351770085
6905.766,0.08295559508773957,4.2054593666211035,24.394543533121283
6908.672,0.08187319721329998,4.205474041233768,24.401500490190582
6911.578,0.09219984451429843,4.205152240531387,24.393921709997024
6914.485,0.08107759980577545,4.205826650482371,24.393519287610893
6917.391,0.08094550656498072,4.205556275206418,24.39061691342449
6920.297,0.08631639734359815,4.205280168243,24.39832810930744
6923.219,0.08090187400532348,4.205620363154065,24.39391521112201
6926.125,0.08209112137013698,4.205631816837136,24.39292020309521
6929.032,0.07975413266390281,4.205772681733917,24.39290955133375
6931.938,0.0850039602091751,4.205517126277757,24.39230775371782
6934.844,0.08147484997701171,4.205730771413704,24.39078713910137
6937.75,0.08287132696449095,4.205612470512023,24.391688717233368
6940.657,0.08274500667312304,4.205742684652327,24.392026641321422
6943.563,0.0819237178655234,4.2056100625397415,24.400891968329372
6946.469,0.08135202699168782,4.206117695507576,24.39407997091961
6949.375,0.08211720227580377,4.2054764630197194,24.395551887683077
6952.282,0.07862429403232586,4.205661578931985,24.393605115944677
6955.203,0.08218234523093478,4.205798419959463,24.399838471203687
6958.11,0.08065642013747466,4.205889030153821,24.393127655551222
6961.016,0.08172873774007135,4.205455610950285,24.395348165896877
6963.922,0.0823411431003703,4.205694451239353,24.379044634245606
6966.828,0.08604959024803648,4.206068609439925,24.368249582045248
6969.735,0.07596331602287996,4.205293024394716,24.37391996449418
6972.625,0.0843820791336316,4.206208575189332,24.380569939190835
6975.532,0.08468652670326589,4.205724766085466,24.381510265550617
6978.438,0.08031051613982484,4.206059178783088,24.377526538734422
6981.344,0.07972673230579974,4.205909490425079,24.386247368231793
6984.25,0.08273637849932929,4.205784183220887,24.387796473264792
6987.172,0.08202897683959103,4.206056718824085,24.385949553258946
6990.078,0.0833548804839644,4.206010864720999,24.382583386833875
6992.985,0.08291925582697207,4.205787813938522,24.376977951299693
6995.891,0.08300670993376004,4.206047112477291,24.375792973089126
6998.782,0.08139158396082011,4.205761548553228,24.37435024308737
7001.688,0.08187025243699299,4.205953915609818,24.376421750174128
7004.594,0.08175287868682814,4.206044463967069,24.379630473674414
7007.5,0.08240681281371881,4.20592724029901,24.371627128310042
7010.407,0.08022624913823882,4.206214146972966,24.366851361959284
7013.313,0.08095101792953165,4.205905823365905,24.37028240786306
7016.219,0.08115742923115266,4.2058993063157715,24.377226340667374
7019.141,0.08071559931104118,4.206025488160667,24.371641789383236
7022.032,0.08154154536409913,4.206059240461987,24.37033981814401
7024.938,0.08025009528920149,4.206040754443667,24.367021294092826
7027.844,0.08251626395048803,4.206106009211365,24.366279436739834
7030.75,0.0823775034609409,4.205924020152145,24.369515313018773
7033.657,0.08104168352202959,4.205991361334646,24.37402976567747
7036.563,0.08386081185472027,4.20576773325988,24.37477040492569
7039.469,0.08096856478930534,4.206244716107971,24.387227570268372
7042.375,0.07999443762957269,4.205947524357797,24.377248589102916
7045.282,0.08303937726842907,4.206173858099089,24.380996676602358
7048.188,0.08148622047670773,4.2062403950966685,24.37485452223201
7051.11,0.08228096473700672,4.206072130240095,24.37239742730987
7054.016,0.08121678268321873,4.2064486245949215,24.37792243052382
7056.922,0.0814883864802926,4.206299089812171,24.37748757812285
7059.828,0.08125919768934235,4.206147382727067,24.382105161574863
7062.735,0.08133776218069538,4.206183402665573,24.38445054764729
7065.641,0.08079390766248504,4.206411700568876,24.374628179109187
7068.547,0.08114545202397602,4.206255446678509,24.370049000307276
7071.453,0.08183397999407085,4.2061650489885745,24.367341240231685
7074.36,0.08042796332249019,4.206253241375894,24.365849073817156
7077.266,0.0797115454902455,4.206275446038077,24.3601465647809
7080.172,0.08044556953003208,4.206429048255778,24.363024566539277
7083.11,0.08184650587552357,4.206232266939111,24.35965521558443
7086.016,0.07564360621642816,4.2065761357501765,24.36262479549922
7088.953,0.07658936160356462,4.2054926831127215,24.36617818621393
7091.86,0.07342255681784517,4.205508018950455,24.35521996478089
7094.766,0.07222602389927348,4.205474229355986,24.357934394039756
7097.672,0.06682767953655476,4.205689361766485,24.36398265409059
7100.578,0.07611185897932173,4.205495503137837,24.35769714244836
7103.485,0.06867833531320748,4.205541254392195,24.366340779540934
7106.391,0.0752002090975932,4.205142916407655,24.368545718285418
7109.297,0.07006453296707617,4.205530539263039,24.3613893651876
7112.203,0.07059097609935687,4.205363791641068,24.363315477179373
7115.11,0.07218514452774649,4.205360094078741,24.353848027164833
7118.016,0.06976575776833467,4.205409435759339,24.3604810645116
7120.953,0.06906628733335811,4.205613824001476,24.36538319071584
7123.86,0.07017684302302231,4.205538942052916,24.359052261961676
7126.75,0.07002455815253045,4.20543157812842,24.354425234068824
7129.672,0.06808610731686479,4.205429679445868,24.358062094834448
7132.578,0.07431901574012634,4.205123169450411,24.353720609511605
7135.485,0.07303556030546952,4.205522375565962,24.351683817576173
7138.391,0.07128204682472976,4.205528997353089,24.346649886900266
7141.297,0.07009508480707094,4.205552003087523,24.349936505363825
7144.203,0.07205457516659451,4.20553907233133,24.36110115489649
7147.11,0.07183931855648368,4.205541519935918,24.36130211085118
7150.016,0.07013262402848838,4.20553002493383,24.359270273646736
7152.922,0.07267135445806207,4.205533140492766,24.356785213775982
7155.844,0.07216027762598683,4.205632403368886,24.34957441001398
7158.75,0.0698665112772399,4.205494727389021,24.35599332423609
7161.657,0.07307136389472944,4.205533453698623,24.350092493179154
7164.563,0.074367049067496,4.20556619758288,24.35190750886614
7167.469,0.07145663996751005,4.205704170722133,24.355258408293654
7170.375,0.06940491750373651,4.2054982106044285,24.35686035895597
7173.282,0.07089169246067728,4.205601156062305,24.3500565064915
7176.188,0.0695574213593715,4.205623461625725,24.35389115088609
7179.094,0.06788583799251639,4.205678308706555,24.35332987669837
7182.0,0.07038587962595427,4.205764791754653,24.35128471726499
7184.907,0.06973014065980612,4.20567252291552,24.349707962427697
7187.813,0.07172911191927851,4.205545980866836,24.349116958459522
7190.719,0.06952534585239015,4.205560728153752,24.348187055382972
7193.625,0.07055621469365068,4.205574843959581,24.341600797679597
7196.532,0.07205674540709625,4.205787680700255,24.340175468507905
7199.438,0.07218869614426081,4.205850497952818,24.34596969993023
7202.344,0.07190004092981589,4.20566492120169,24.347409426805555
7205.25,0.0722078638207765,4.205741872707888,24.340380569370517
7208.172,0.0727549137612982,4.2055435924106614,24.34293242284684
7211.063,0.06856547693396152,4.205702668949297,24.341364846631457
7213.969,0.07076831047478133,4.205878916185091,24.351021840445906
7216.875,0.0722228999688006,4.205620327940986,24.34641412219568
7219.797,0.0697565474361136,4.2056268076544,24.3410041490389
7222.703,0.06907526777622303,4.205701098973032,24.35160767764752
7225.61,0.07050420902592705,4.205724105794012,24.337814063227224
7228.532,0.0707560145210643,4.205831902016473,24.34467700107327
7231.422,0.06800460615157064,4.205959583009719,24.333398871243144
7234.344,0.07089186291780543,4.205768661786266,24.337822559077434
7237.25,0.06967898784204987,4.205731485145012,24.33678948487538
7240.157,0.07200073939276631,4.205785451517789,24.3344464845997
7243.063,0.07307243367172106,4.205830081169906,24.33730777634798
7245.969,0.06808041843240936,4.205876895704575,24.328852501119233
7248.875,0.06861283977149292,4.205867320251973,24.321600630732906
7251.782,0.06957765341549019,4.20596245317026,24.32465746019711
7254.703,0.0715792026326857,4.205803576723527,24.32726795315951
7257.61,0.07118663444832234,4.205881066663404,24.328621919117687
7260.516,0.06989529232701575,4.205791923349531,24.32883183923965
7263.422,0.06896809829520613,4.205898664532438,24.334081412615078
7266.328,0.07163753574218627,4.205952464710302,24.32544415681966
7269.235,0.06954371671515797,4.205963854681287,24.31978488907001
7272.141,0.07048857229434431,4.205930066056267,24.32034233469476
7275.047,0.07054166295992008,4.205961734424483,24.322216139527736
7277.953,0.07067423209142801,4.2057721874484875,24.31846713798316
7280.875,0.06954254109765654,4.206134952686492,24.311405127584447
7283.782,0.06996944783870127,4.206125957565035,24.314983335523994
7286.688,0.07147521158794759,4.206092842886085,24.313145190888473
7289.594,0.07232771096080576,4.20582027739967,24.307115070415364
7292.5,0.07082540965891206,4.206125598062119,24.302171540503387
7295.407,0.06957069101786786,4.205944125542445,24.308822061821747
7298.328,0.06832358118217327,4.20605286035103,24.311507088233856
7301.235,0.06949634046489031,4.205931673082981,24.30418415999879
7304.141,0.06987669061677756,4.205700848096819,24.305859801760228
7307.047,0.06975547866776709,4.206043382199433,24.30989841743126
7309.969,0.0680716872217326,4.2062499066775185,24.312114511148007
7312.875,0.06981791745757249,4.206141140508543,24.318358789895704
7315.782,0.06943649069891086,4.206093712773134,24.315029357826052
7318.688,0.06963434417091034,4.20598853686013,24.312198711884783
7321.61,0.07304071814351121,4.2060698713956945,24.305829030480016
7324.516,0.06859975587388202,4.206131654841322,24.298905512066113
7327.438,0.06969507558011742,4.206098879579879,24.29784977913759
7330.344,0.06773979490943949,4.206238012559827,24.310270183929546
7333.25,0.06948089518031193,4.206108644076623,24.306037608883884
7336.157,0.07131741719972993,4.206160787275945,24.3097984987358
7339.063,0.07145002922895125,4.206411680736539,24.30803281098729
7341.969,0.06996828032909255,4.206232368048939,24.31133596350241
7344.875,0.06947642162742203,4.206291522340351,24.306477207746145
7347.797,0.06910025349913358,4.2064116218881455,24.306414343338
7350.703,0.06921996110647653,4.206228477964792,24.29935513437903
7353.61,0.07130765051623525,4.206475270310519,24.298418922780165
7356.532,0.06664873853557189,4.206085488142925,24.30158889275858
7359.438,0.07235657264874516,4.20622973518719,24.293164894733714
7362.344,0.07165665682662997,4.206250805256191,24.297618456938817
7365.25,0.0688645270749931,4.206360277761822,24.308840106619304
7368.157,0.07044411598327946,4.206518564438507,24.30622853088604
7371.063,0.06841511738910802,4.206322802426022,24.30734743469947
7373.969,0.07039098683670783,4.206682018251118,24.309666242385042
7376.907,0.05991718689525924,4.205511653365258,24.31554681876101
7379.813,0.05947655982149791,4.2058439306504285,24.306913879289375
7382.719,0.06012655877185221,4.205554063203466,24.293890034381132
7385.625,0.057096965476730245,4.205552839855346,24.30090124999952
7388.532,0.059565650946749454,4.20574248985958,24.30557730970559
7391.438,0.06415575324322038,4.205787146924767,24.304103361039843
7394.344,0.06120433685963646,4.205487362400209,24.307570867165722
7397.25,0.06094149789343517,4.205267336993119,24.307205413442144
7400.157,0.06041371321957728,4.205473104118915,24.310029312417612
7403.047,0.058048218799261905,4.20518694749777,24.29855231379475
7405.953,0.06174328348404403,4.205692896598421,24.30940556326291
7408.891,0.05990927335615262,4.205651112541568,24.310635034540958
7411.797,0.0636479577439065,4.205503592997013,24.309957048134727
7414.703,0.06024165245721065,4.205690443440786,24.299922735076457
7417.61,0.06090104775586973,4.2054213662529,24.295622555212873
7420.516,0.05872549165572626,4.205374560365562,24.29765095816605
7423.422,0.059337850015999304,4.205333226166068,24.283445334236212
7426.313,0.06024112989082169,4.205508117275083,24.29168045377103
7429.219,0.05751346508695898,4.205549640030695,24.281893377492747
7432.125,0.05879811813059565,4.205402863046451,24.30141464095092
7435.032,0.05830774894603837,4.205700412191486,24.28963038018832
7437.938,0.05890237476630604,4.205547388355105,24.289871513471017
7440.844,0.06070051119602689,4.205516727008824,24.289764170748533
7443.766,0.06188429887696426,4.205483839535699,24.291618309574847
7446.672,0.059033024611981934,4.205480943854158,24.28716436084297
7449.563,0.058968855994443535,4.205497592075586,24.294403714061243
7452.469,0.060163735950524384,4.2053871339722,24.292524543811513
7455.375,0.05961928764358618,4.205733669015276,24.29492545803119
7458.282,0.05821291112421707,4.205501990088587,24.29293115430151
7461.188,0.05907162775121814,4.205631360112603,24.286557371059256
7464.094,0.06067314804246893,4.205383765378911,24.291040991558173
7467.0,0.05959882243957273,4.205480479033971,24.28559040890946
7469.907,0.05917310738776464,4.205729834802484,24.286020885581625
7472.813,0.05876252965884531,4.205451789151152,24.29196183638144
7475.719,0.059515450116484105,4.20560108388237,24.288294995777072
7478.625,0.05936897524992571,4.20538167963655,24.29223587606271
7481.532,0.058823777917263724,4.2055638109979565,24.288263725212918
7484.438,0.05703268612813358,4.205490741077138,24.285930450582146
7487.344,0.061238286193812136,4.205544126101587,24.285883221214327
7490.25,0.0607887174187529,4.205557807318788,24.285991523470315
7493.157,0.06133924745379143,4.205741882841061,24.28300521835659
7496.047,0.058353279007697045,4.205664339723693,24.27845951270952
7498.953,0.06001589864478645,4.205999428517404,24.278298101153318
7501.86,0.059074136483474815,4.20562621531762,24.28325327738183
7504.766,0.05928990439805172,4.205586402255619,24.283163393514265
7507.688,0.05859096490592344,4.205649779648382,24.28158788723427
7510.594,0.059112113499318754,4.205551152661446,24.282800115956768
7513.5,0.06013105298680888,4.2054991431050395,24.279591783352195
7516.407,0.059143365215877666,4.205829409574969,24.285194592944162
7519.313,0.06079297318556536,4.205724766938584,24.27521440056028
7522.203,0.05871020151454845,4.2054499479206475,24.276802473716135
7525.11,0.06154918047487874,4.2055163854278685,24.27093536465347
7528.016,0.061980572144160584,4.205290311172554,24.275450842575662
7530.922,0.05819012944609606,4.205769249660303,24.276313446996856
7533.828,0.05687740194816541,4.205571507478256,24.279002836231246
7536.735,0.0589699691760039,4.2056499248166705,24.279021027557835
7539.657,0.05808701130011559,4.205703555383785,24.28479432186942
7542.563,0.05884367295591568,4.2054422837934835,24.2853286289403
7545.469,0.058598506556461094,4.205715571952164,24.27987440647846
7548.375,0.05876756165996324,4.2059669295916144,24.283762322132688
7551.282,0.057900471798865566,4.205564602164121,24.28198108157267
7554.172,0.05777239209306697,4.20589689263459,24.27792950629285
7557.094,0.05989608435597962,4.205884522539428,24.271479962257125
7559.985,0.057569730057626826,4.205769139699345,24.262662290454788
7562.891,0.05798667965444705,4.205930781915675,24.269603827087693
7565.797,0.0572005866475885,4.205675124332795,24.264282391273287
7568.703,0.05943706529069443,4.205813589838409,24.276363896626677
7571.625,0.05907187366062381,4.20585103627515,24.275175352075888
7574.532,0.056989284256368844,4.205890121921884,24.271220673416085
7577.438,0.06005410727162538,4.20570772620598,24.261444783486983
7580.344,0.0583996886089271,4.205683633030974,24.26074278233731
7583.25,0.05829382935320751,4.206087576565895,24.25731830317233
7586.157,0.058946663604507676,4.205795987028672,24.25941679747948
7589.063,0.058159736103119926,4.205805911225488,24.268627395734917
7591.969,0.058178831593994985,4.205780558198313,24.25713226911182
7594.875,0.05938311163567654,4.206213300734372,24.25344249901938
7597.782,0.056798881160855325,4.205851710108225,24.252421125525604
7600.688,0.0588859569018086,4.205836278467082,24.259734801603972
7603.594,0.057903074975249165,4.205928500410741,24.26328595301045
7606.5,0.05906318116414158,4.20595355535683,24.256345807398404
7609.422,0.056719323525578604,4.205754170617727,24.264775091242242
7612.328,0.060180784241358275,4.205858352640278,24.265172690791204
7615.235,0.059012916662864255,4.205796337118359,24.26318098786108
7618.141,0.05945239237204306,4.206065713648615,24.26552124595823
7621.047,0.05802636020281252,4.2059575910475475,24.256985057174894
7623.953,0.057430620117370296,4.206117225253461,24.258380585862405
7626.86,0.057188409297341605,4.20589495256424,24.260004155475706
7629.766,0.057649416178310126,4.205949630391248,24.263987122846014
7632.672,0.06108584181588591,4.205899743477414,24.26354832788774
7635.594,0.05852480293366261,4.206127842231678,24.259257610735673
7638.5,0.056782768110751704,4.205969407553128,24.24937534294378
7641.407,0.05536204520515638,4.2062115645909675,24.24373099499767
7644.313,0.05787000549582049,4.206116476002214,24.238720390876033
7647.219,0.05923891479612235,4.205741023500512,24.255527135391084
7650.125,0.059102732499435706,4.2059202101328275,24.256325198759193
7653.032,0.058188030163518874,4.206142922543833,24.245865878931504
7655.938,0.05814327131970635,4.205933665778031,24.250436556210857
7658.844,0.05567953414979004,4.205988941724592,24.24817090051704
7661.75,0.0591088874493326,4.2061484353431995,24.25039310731003
7664.657,0.05843122839427379,4.205877231937373,24.247820867198584
7667.594,0.059171444111345645,4.206197842211929,24.248451656479652
7670.5,0.05815121742091549,4.206230108718397,24.251196270446695
7673.407,0.05735564874820328,4.206010959545804,24.253546964995707
7676.313,0.059235296318547695,4.206082652285896,24.24614920672351
7679.219,0.05956503185437583,4.206126330249386,24.244074825869742
7682.125,0.05778143718027623,4.206315283579047,24.244030989667277
7685.032,0.0581815489077503,4.206285138664635,24.246063634593956
7687.938,0.05880915843332383,4.206106051160016,24.237127604236306
7690.844,0.057799196488375414,4.206310499733021,24.246712808888184
7693.75,0.0559804686497606,4.2061678141216525,24.24589989633645
7696.657,0.057627946930837004,4.206288132427274,24.255517754370967
7699.594,0.05774768025348015,4.2063796979157875,24.247683597299737
7702.5,0.060823822378538096,4.206361363839274,24.248101324495767
7705.407,0.05833331493767244,4.205973938492195,24.252971359367475
7708.313,0.06097975711579894,4.206218327894429,24.2519410216731
7711.219,0.05850992775301711,4.206395535976508,24.247171215441643
7714.125,0.058409536314163124,4.206520843579277,24.239324139738926
7717.032,0.062356454346687594,4.206309276649701,24.24887953434216
7719.938,0.05485683855354536,4.206162693929999,24.24398103551871
7722.844,0.05455547683976685,4.206387185800856,24.249293667479492
7725.75,0.05591193250343403,4.206279053560185,24.23650473679183
7728.657,0.06083255980413957,4.20653861160357,24.24580417324584
7731.563,0.05744235625300673,4.2063910381796115,24.24773191403747
7734.469,0.057564508079887194,4.2060847653892495,24.24394803243009
7737.375,0.059001718107864747,4.206371501439699,24.247115255167078
7740.282,0.05836946457460741,4.206273097782118,24.247621495136826
7743.188,0.05687112771764149,4.206608343692193,24.248051067166966
7746.11,0.04875059871297428,4.2056033167740665,24.243220845764025
7749.032,0.04850017777501395,4.205491893249979,24.247034317957343
7751.938,0.0498813397429776,4.205724689173596,24.248115652548957
7754.844,0.04928094481808274,4.205504610760281,24.241719944691425
7757.75,0.04376476655375301,4.205457976896687,24.245117903643273
7760.657,0.04905236873093259,4.205579128056682,24.245295264708968
7763.563,0.048692975900218115,4.205656092656645,24.248397712886806
7766.469,0.047266210180999954,4.205320771965628,24.244040612833032
7769.375,0.04731997424984403,4.2053597978322355,24.24180004003823
7772.282,0.0448832053805866,4.20540059849113,24.23633494462279
7775.188,0.04942686371985588,4.20526667376037,24.238349930036197
7778.125,0.04951872518326044,4.2053426390567505,24.233783825435328
7781.032,0.04756546581781637,4.205610819029792,24.23051281591336
7783.922,0.04913332473125371,4.20569218410727,24.232332788265733
7786.828,0.04617390424511018,4.205191884078977,24.225928725148815
7789.735,0.04893746167094364,4.205527899616291,24.232360498775215
7792.641,0.04682019911802083,4.20538967769199,24.23281787126761
7795.547,0.050410673659742986,4.20560898296983,24.230252527938696
7798.453,0.04749159999414457,4.2052963429064505,24.229599980726555
7801.36,0.049130893750973466,4.2053141889288215,24.232955697754363
7804.266,0.046807772862712343,4.205610952436245,24.22516045281756
7807.172,0.04648799529400967,4.205713232249064,24.226506837940644
7810.078,0.04755676163562324,4.205548385159282,24.217343418404145
7813.0,0.04778030316003805,4.205470256878097,24.21907497873939
7815.907,0.0476424766885918,4.20546605777843,24.217625626689166
7818.813,0.04730423967107811,4.20574514130747,24.219322978760797
7821.719,0.04747411808046358,4.205466731582696,24.228782797517646
7824.625,0.04713787953299382,4.205762542076183,24.220578681330654
7827.532,0.04340471404553738,4.2055154535517705,24.22418922717691
7830.438,0.051903333443698144,4.206058662387316,24.228772297987625
7833.344,0.04901176888625098,4.205413642436398,24.222737564246184
7836.25,0.046874523654867835,4.205585917541044,24.228413069153337
7839.157,0.05130324038336346,4.2056126759966315,24.231500670271128
7842.063,0.045333682293037254,4.20565287855616,24.226721390879092
7844.985,0.04682449441152378,4.205685549724407,24.221761705934185
7847.891,0.04563682321110252,4.205457289203961,24.218755388817087
7850.797,0.04940643801555002,4.205653080341882,24.224515053153766
7853.703,0.04912126109272476,4.2054189061464955,24.221102015257824
7856.61,0.04698854907160358,4.2054654905560405,24.231961078469535
7859.516,0.047294530613344224,4.205399537845673,24.22043985090403
7862.422,0.04590380571345436,4.20562025969236,24.225956452517185
7865.328,0.045896032800739305,4.2052902956305545,24.22197371995668
7868.235,0.04620791248287987,4.2059752091294085,24.22662996471807
7871.157,0.04970591654136258,4.205631815094335,24.222482729691357
7874.047,0.04584489411559442,4.2054083527060335,24.210793035028296
7876.985,0.0509545218050651,4.205350385851822,24.21529857085071
7879.891,0.04869342882915561,4.205911950113025,24.215334729741127
7882.782,0.048921519981729715,4.205554204961791,24.21741292465139
7885.688,0.049044938252624286,4.205942845296435,24.214095013331832
7888.61,0.04719079178944158,4.205593565355539,24.2147004199856
7891.5,0.04708319195657878,4.205451728732413,24.21475583773006
7894.407,0.050523334009866756,4.205650478852653,24.2138937049328
7897.328,0.04531816321439166,4.205594826467035,24.207306046731432
7900.235,0.0500204662872428,4.205801168207444,24.21006897635064
7903.141,0.04576170393625227,4.205804965308191,24.213513247360716
7906.047,0.04952180428242546,4.205699140211423,24.21369659746547
7908.953,0.04624578754141318,4.20577635046168,24.214444169308642
7911.86,0.04929060841080498,4.205616098984135,24.216461932429837
7914.766,0.04821057315996342,4.205469544344449,24.21767638340267
7917.672,0.048708630190712005,4.2054649072246075,24.211281685738538
7920.578,0.0456466792065626,4.2054992207785356,24.207324148912434
7923.485,0.046204633640489795,4.205752666158735,24.207724420686166
7926.391,0.04764887634876537,4.20553031256368,24.206450109524926
7929.297,0.046671390605421144,4.205744928413736,24.20087363085035
7932.203,0.0476326572916095,4.2058711672286,24.20746689989787
7935.11,0.05037303984676332,4.205802775240842,24.202082869451548
7938.016,0.04596416558834767,4.205603427222134,24.202741471052708
7940.938,0.05065638932241764,4.205709285087464,24.210034755250234
7943.844,0.048520418876618614,4.205827467985835,24.202420090242214
7946.766,0.04708901941834511,4.20550173614503,24.20613281025595
7949.672,0.04628967248501066,4.205658872684581,24.199932879681548
7952.578,0.045862842472504314,4.205777182675534,24.19678873222192
7955.485,0.04621843674701707,4.205601464819334,24.20475095017503
7958.391,0.04672875617425456,4.206235120642338,24.20381373304473
7961.297,0.04484018742905725,4.205830651098314,24.20157615656939
7964.203,0.0491933128062936,4.205624619130254,24.19722858716539
7967.11,0.049768580511125704,4.20564319802924,24.198344482883368
7970.016,0.048151481007077446,4.2057904652490645,24.19700385523173
7972.938,0.046853253160565336,4.205747084643161,24.195583868325468
7975.844,0.048667301135681414,4.205744462934471,24.20191238748219
7978.766,0.04715350957006319,4.205843545531258,24.19446006773112
7981.672,0.048434699003717115,4.205584517400384,24.197812836494276
7984.578,0.04842743883775841,4.205596963021563,24.199693426066357
7987.485,0.04742810746407465,4.2056180387860405,24.19745262066465
7990.391,0.045234833963385936,4.205956483783877,24.200707628563013
7993.313,0.04344915106369229,4.205733920547137,24.20240422396141
7996.219,0.051863209750698976,4.2059088415951695,24.196044402582274
7999.125,0.048907314890296136,4.205246605615574,24.208027944833603
8002.032,0.051033805441051065,4.205746559041784,24.21311419964653
8004.953,0.0512960551412853,4.206149190959844,24.209583080617275
8007.86,0.04690542673353648,4.20614780351549,24.209410568146055
8010.766,0.04579898987941211,4.205742202965432,24.200649501701285
8013.672,0.04504584406713706,4.205793289592418,24.20346487865189
8016.578,0.046182613710957575,4.205700335927656,24.201769083573456
8019.485,0.046031300017442496,4.206168046050436,24.19839451650759
8022.391,0.0455530958578393,4.205794025475966,24.187377248603816
8025.297,0.044802409599654,4.206034817098677,24.186033818711113
8028.203,0.04808364052821145,4.206004347535739,24.188991283969152
8031.11,0.0497528646973362,4.2059701979717055,24.196505129969953
8034.016,0.04939126735079781,4.2058160395381705,24.194293866037093
8036.938,0.04948060534534835,4.206174608283481,24.192964810282163
8039.844,0.04802550812681698,4.205863150579309,24.190152747385678
8042.766,0.04640205042015665,4.206068092661936,24.192297731395307
8045.672,0.046834228745973865,4.206008622920466,24.195647033412637
8048.578,0.04265270724605007,4.205751444155186,24.18651063416248
8051.485,0.04774634818085756,4.205906114717064,24.189404752541584
8054.391,0.046050312587073934,4.206276905420597,24.19440384904443
8057.297,0.04750442643343951,4.206091053770663,24.195064215590598
8060.203,0.04885339611666644,4.205815943204463,24.19682455979282
8063.11,0.047611679131272476,4.20608351339359,24.193703173005137
8066.016,0.04770851798645194,4.205953748244749,24.198966125433046
8068.953,0.047104443777280965,4.20603926785881,24.198629522052368
8071.86,0.04731803820518611,4.206011415324666,24.19626596398782
8074.766,0.045429725572880976,4.206058905396264,24.188431649485164
8077.672,0.04577201968584073,4.20602262666732,24.197445374111574
8080.578,0.04580632445224382,4.2059654125602295,24.189942323610715
8083.485,0.04382846116820387,4.205905230396041,24.193910168212632
8086.391,0.04652336721083611,4.20611397257992,24.192805493421766
8089.297,0.04679592718930869,4.20612970194488,24.18226263929076
8092.203,0.04750424102259118,4.206057391129091,24.19095495306116
8095.11,0.04722044021027556,4.2062364024982335,24.191553144134367
8098.016,0.046485798965839244,4.205790279118788,24.187315290569252
8100.922,0.0466104961482841,4.20588885258962,24.189041370302444
8103.828,0.04689055462756981,4.206249034072639,24.18388941582063
8106.735,0.04422459192246186,4.20615902033077,24.17966829703647
8109.641,0.04719644459051947,4.2062416683231385,24.183271028101537
8112.547,0.04624192094520564,4.206121846581454,24.184662417586832
8115.469,0.04675868519703139,4.2062259864328295,24.179669226183606
8118.375,0.04890827149891464,4.206204206450209,24.19340426443666
8121.282,0.049082747656514485,4.206115207839193,24.18944595740859
8124.188,0.04720503802263457,4.206182697570746,24.183655482933258
8127.094,0.04759469941785148,4.2062346182284385,24.181690504913007
8130.0,0.04646004203777991,4.206244655380354,24.178817266098076
8132.907,0.04686895059951663,4.206166098071087,24.185280635852443
8135.828,0.043530302368102944,4.206083401860176,24.181238833088944
8138.735,0.04489389741071064,4.206397341290084,24.183635289549116
8141.657,0.047297550462578095,4.2061619625618345,24.171658865723106
8144.563,0.04743617969873913,4.2062411595528575,24.182504794547857
8147.469,0.0464940389906148,4.2063079791193685,24.186857664267265
8150.375,0.04563596297940813,4.206395128340258,24.185660736716294
8153.282,0.046650895755402606,4.206090626475614,24.183858207638547
8156.188,0.04579629513844397,4.206247651832064,24.18389682544704
8159.094,0.04478914857224546,4.206532519995541,24.186943582686112
8162.0,0.045989891497044376,4.2062800478000835,24.190854976697615
8164.907,0.04730962712128998,4.206403450793847,24.183713514930428
8167.828,0.04836599092360265,4.20645249490024,24.183409848555296
8170.735,0.04910914271186912,4.206437683343368,24.183363653147
8173.657,0.04615182222410266,4.206148842465806,24.183308945146063
8176.563,0.04519913866682747,4.206251284169263,24.1804152611117
8179.469,0.04451897043266147,4.206271332029424,24.18219031651868
8182.375,0.045442792795270553,4.206230831356935,24.171054680010386
8185.282,0.04729229055416869,4.206306904302314,24.179753378533512
8188.188,0.04897788699593733,4.206406548201393,24.175824295167036
8191.094,0.044658840634807816,4.206355072528094,24.17797948765831
8194.016,0.04262526391413769,4.206590552785847,24.17755720126788
8196.938,0.03599099969546665,4.205625794087234,24.180670253619674
8199.844,0.03568279424525448,4.205331195531947,24.17757898798688
8202.75,0.03511880308902259,4.2053082223676075,24.171290381438364
8205.657,0.03858185105676769,4.2052723097763245,24.17013542383319
8208.563,0.038290857961080504,4.205614042109471,24.17104479413495
8211.469,0.03591559302915211,4.20544079533368,24.167927438562142
8214.375,0.03620953063203049,4.205507801097058,24.170660238410324
8217.282,0.039146648683549265,4.20537956722812,24.170131076193407
8220.172,0.03551279672359658,4.2052401881644945,24.169316192828724
8223.078,0.03674769105885576,4.205435052225636,24.15792879999641
8225.985,0.03501239768083103,4.2055093505141015,24.159835940015007
8228.922,0.03456624579492204,4.2057060583001995,24.16612718063979
8231.828,0.037063694612400826,4.205220582744437,24.17560060030654
8234.735,0.03877777040285089,4.205297451735029,24.167048324234017
8237.641,0.03579087646968844,4.205648078210027,24.168986444058213
8240.532,0.03676754333948083,4.2054445981749495,24.168560836614198
8243.438,0.036212940229101515,4.205326803213454,24.159573587532318
8246.344,0.03658769634378792,4.205402799804398,24.159994175233507
8249.25,0.03385793968574875,4.2053161381209705,24.160342314537964
8252.157,0.037884031521137895,4.2053045544512075,24.161133834306565
8255.078,0.035757374464647954,4.205190478396404,24.158757548199393
8257.985,0.0361653785123321,4.205455983870523,24.154054522950545
8260.891,0.03869296090634703,4.205275704784368,24.16098826468506
8263.813,0.034744169423474455,4.205416994663166,24.158989839152778
8266.719,0.03965143632910522,4.205280109540503,24.155596350765435
8269.61,0.03490851814712524,4.205201306860318,24.15362623086009
8272.516,0.036338039387539586,4.205353778493377,24.15686249033428
8275.422,0.03875792970908975,4.205162374470756,24.155224543944698
8278.328,0.03733035547087894,4.205444970726664,24.15576383818188
8281.235,0.038607492571073695,4.205483763324729,24.15508586622544
8284.141,0.03733796117308231,4.205010806726288,24.154460135847426
8287.047,0.03290342931326988,4.205655312901745,24.15731435278885
8289.938,0.0365659488345746,4.205431665815541,24.153507046998847
8292.844,0.03875616806128715,4.205123079509884,24.159217909210085
8295.766,0.03816231975741856,4.205474863699353,24.153934559379618
8298.672,0.03472624803783365,4.205176288634655,24.16048731854461
8301.578,0.03899258151354071,4.20561821761109,24.146948233368732
8304.485,0.03673206319617022,4.205283384242247,24.146654674504607
8307.375,0.036908302345580506,4.205061362986538,24.148107199361597
8310.282,0.034669981730307275,4.205509135858769,24.142227071604584
8313.188,0.0384970865790063,4.205508968319511,24.14900078752117
8316.094,0.03348904023212951,4.205454694746741,24.151310711565323
8319.0,0.037528559863017806,4.205379209999643,24.143039014360493
8321.907,0.03652045099519489,4.2054764176049675,24.147106321708144
8324.813,0.037282009124922216,4.205201711541753,24.149744379189862
8327.719,0.039780002288770315,4.204989020433965,24.153217859012553
8330.625,0.03421776347866387,4.205468170455045,24.15082537308832
8333.532,0.034713005891311446,4.205521056353942,24.152863646723294
8336.438,0.03612353827337604,4.205312037114648,24.149528403900167
8339.344,0.03139531296959093,4.205362802547215,24.146048130361724
8342.25,0.03395362251967411,4.205603420083773,24.145664837887953
8345.157,0.03422788931268567,4.205503804788156,24.147483448719047
8348.063,0.037533628947923274,4.205102563900467,24.15159103884699
8350.953,0.03693333988826856,4.205255489603235,24.159038272026887
8353.86,0.03641833522665881,4.205462769800214,24.149559516508724
8356.766,0.035883892534947545,4.205540109290198,24.155662529540116
8359.688,0.03623778923762623,4.205442104123095,24.158043953147114
8362.594,0.03804995825592185,4.205475800026892,24.152017674246203
8365.5,0.03424965910978529,4.20561197858734,24.156901643348235
8368.391,0.033799567940930315,4.205268882410423,24.155003035364274
8371.297,0.036950822268564,4.205357774183954,24.156372822194122
8374.203,0.036364783033140134,4.205320661825223,24.155947879991498
8377.11,0.0351912791800483,4.2054647718270886,24.159602015192103
8380.016,0.03701885783299212,4.205341379858097,24.149133327676292
8382.922,0.032611593421811275,4.205507083756962,24.14504913461698
8385.828,0.034979121999631796,4.20556443917833,24.154505270130898
8388.735,0.034666472915006206,4.20560148478261,24.15743945199639
8391.641,0.03233124800466863,4.205563977090979,24.15773140001015
8394.563,0.036685105980912736,4.20548820021249,24.148579138271533
8397.453,0.039020733874608506,4.205253997705225,24.152253653306797
8400.36,0.034237497222088104,4.205673832942465,24.149640900733864
8403.266,0.03365198739543896,4.205510188246602,24.140404995624632
8406.172,0.03797104501211219,4.20548130754578,24.14218858563133
8409.078,0.0366828370696006,4.205655302218847,24.148141767293843
8411.985,0.036538334854225,4.205498547672339,24.145270738687504
8414.891,0.034937831190264126,4.205389443096802,24.14081642514655
8417.797,0.03530152278809036,4.2057875865653935,24.14297264312964
8420.703,0.03637566536840564,4.205499430173558,24.14158061167578
8423.61,0.03565599724893925,4.205521465896734,24.14469727863833
8426.516,0.034422349665708875,4.205195468846084,24.143878575541358
8429.422,0.03518717808621928,4.205345406117153,24.146059940435524
8432.328,0.03271769961047074,4.20569355180497,24.141210404732394
8435.235,0.03603368896669274,4.2056758309395095,24.137092488740535
8438.141,0.0372470084581272,4.205246052835928,24.149169277942494
8441.047,0.03601658189856646,4.205356546330893,24.143926747232662
8443.938,0.03740777398748863,4.205478703687977,24.146362219222247
8446.844,0.034357035613696976,4.205748109107284,24.144568540002304
8449.75,0.03655654425449093,4.205517342564738,24.151184668572185
8452.657,0.03694501328166869,4.205603143163051,24.142256090857998
8455.578,0.03606160430528985,4.205543158184889,24.140285935235042
8458.469,0.03799220200072404,4.205373725644918,24.139549112831183
8461.375,0.03564070531096186,4.205739778199416,24.145597656428397
8464.297,0.037643553509414916,4.205216282509105,24.144656311082297
8467.203,0.034548207358816106,4.205587040420789,24.142258885633726
8470.11,0.03667627623590798,4.205565051591587,24.134216821826833
8473.016,0.03712656150030602,4.205539259819567,24.131589620307693
8475.922,0.037268531876387276,4.205711078918289,24.128654405204333
8478.828,0.040799407798434224,4.20579322277452,24.131736776721922
8481.797,0.03428195144664318,4.205713953896202,24.127390940917316
8484.766,0.03781586783196109,4.205661502687121,24.128331539848983
8487.688,0.03754910322112951,4.205685973937615,24.128823798925758
8490.641,0.03803540678485718,4.2054002121444745,24.13003695904077
8493.672,0.03759321826800717,4.205643705443705,24.132165200931055
8496.657,0.03693392628343122,4.205543413015357,24.138429903575656
8499.688,0.035962719477582075,4.204828792144849,24.13097079650685
8502.688,0.03583944019134241,4.205505980633974,24.130610590253287
8505.657,0.03669575398082107,4.205662872789084,24.134132191848202
8508.688,0.03398701440661511,4.2053254003385865,24.119764502852025
8511.641,0.03634680865655371,4.205700548962679,24.118887110043094
8514.578,0.03703164537150867,4.205518471359094,24.11494909168515
8517.516,0.036994589652742466,4.205758153208888,24.120049912687545
8520.516,0.03415987579928026,4.205622730060175,24.118957980544412
8523.532,0.039135605515527146,4.205646536949351,24.119649421160737
8526.516,0.03462196352745202,4.205731563909934,24.11504772303942
8529.453,0.03457464256730967,4.205449661009446,24.121324801320338
8532.469,0.03370606206461389,4.205593653775239,24.1290306043814
8535.485,0.03763572450616861,4.20623216618108,24.1219683659608
8538.469,0.035392483322155784,4.206029130080727,24.127777196907257
8541.5,0.03752668759896948,4.205707029802219,24.129560986506636
8544.532,0.037440756008668356,4.206138143327606,24.12591050017778
8547.516,0.03573672364867083,4.205670796089014,24.132728959270647
8550.422,0.03139196417393082,4.206049376020409,24.132135058808274
8553.391,0.036031979701404274,4.205639638169217,24.118800253871715
8556.313,0.03550666504506532,4.205719060824881,24.12361611158341
8559.25,0.034183740313220905,4.206079682421281,24.12879142605683
8562.188,0.03499512572335624,4.2057388677497025,24.126398237954774
8565.11,0.03332602677954682,4.205865299922694,24.12967834886078
8568.032,0.03693131592763816,4.205807129934277,24.120541286148455
8570.953,0.033687898158164656,4.205923017215454,24.11924750025337
8573.86,0.034961882887525816,4.205786426702341,24.1236693036867
8576.782,0.03404315543796822,4.2055462089232405,24.12408988439244
8579.703,0.03699275519240528,4.205835166441435,24.121554105362254
8582.625,0.03784222375489526,4.205460452627854,24.119813667360724
8585.532,0.034984295802168906,4.205876851897792,24.12015443992294
8588.453,0.035328657749694785,4.205959337015248,24.12115743012904
8591.391,0.035136177407019825,4.206020189054328,24.127456840417583
8594.313,0.03497978437763153,4.205985065793814,24.122525456786832
8597.235,0.03665442327421826,4.205938156921611,24.129320041689866
8600.125,0.034746462969485165,4.205923524851877,24.11801547825931
8603.032,0.033271401262693484,4.205858607584633,24.12448912716022
8605.938,0.03200789836016342,4.2057005269831675,24.12313954256459
8608.844,0.03660562952274914,4.205784931837621,24.120325753853397
8611.75,0.03746877373367655,4.205858399161662,24.11926474803321
8614.657,0.032633617585959576,4.2058713680959565,24.120477998485153
8617.547,0.0343462272192938,4.205785803445326,24.127577328297363
8620.453,0.0372557534973415,4.205796847935038,24.122967145193915
8623.36,0.035669284700998706,4.205958989282652,24.13102153587167
8626.266,0.03461427216402805,4.205837178113455,24.125417290870864
8629.172,0.03014293206114704,4.2058570735016,24.120615330871235
8632.078,0.035449795159004434,4.205914300891362,24.129227273354992
8634.985,0.03284710653638516,4.205889371990538,24.1223063210868
8637.891,0.03517061375998075,4.205773797148428,24.112355085925326
8640.797,0.03461017238486068,4.205734793520312,24.111583596499116
8643.688,0.034139268007431896,4.20591618427447,24.105582828078596
8646.594,0.03678471725057055,4.2061021053514205,24.108333948599036
8649.5,0.034294436257627785,4.205695924707541,24.113825034720573
8652.407,0.036710250040484324,4.205810831266145,24.117636327414527
8655.313,0.039623882792200624,4.2057820232844225,24.11359634603601
8658.235,0.036143212511837844,4.20598640097764,24.117487217758132
8661.125,0.03470169834502911,4.206052783812409,24.11788142176255
8664.032,0.036113713105221545,4.205905325490924,24.114207433894926
8666.938,0.032882908799580376,4.205827381560999,24.10858104883302
8669.844,0.03715413252994942,4.20582696495503,24.10830992042495
8672.75,0.03618813103434275,4.205836640969092,24.109228001186896
8675.657,0.035330752708552814,4.205965128496034,24.108736722839264
8678.547,0.03443211448380561,4.206037287041916,24.105984252682987
8681.453,0.03541543005958092,4.206009552229446,24.107529594650387
8684.36,0.03502463171459137,4.206054595813773,24.11343903021113
8687.266,0.03510956087140806,4.206041718086845,24.116050440071238
8690.172,0.034277489867093926,4.2056614574654265,24.113928730347716
8693.078,0.03401778014903745,4.205983517341793,24.11378319343848
8695.985,0.034520183669502685,4.206023542938834,24.116383589652116
8698.891,0.036039605624240384,4.205850772299986,24.116765478067965
8701.797,0.03143952032970389,4.20599465076128,24.113658983364616
8704.703,0.03526589483365057,4.206050596233602,24.111441455503765
8707.61,0.03526842543016777,4.2059207227894575,24.11411328905451
8710.5,0.037411893550582574,4.205890922793764,24.11036792536161
8713.407,0.03436122479507731,4.205892439439322,24.11445844883498
8716.313,0.03186801420047612,4.206097371682756,24.110698956132147
8719.219,0.03459747623154161,4.205972906476266,24.10741480459475
8722.125,0.035281818627350144,4.206132707887709,24.106036598827178
8725.032,0.035576912197594346,4.206005798722671,24.111992860596725
8727.938,0.03566341561422884,4.206051605085407,24.10485619517037
8730.844,0.03234326750752194,4.206063702372839,24.106056825427522
8733.75,0.034547059368193696,4.205965695032886,24.10816357289691
8736.657,0.037595226970325246,4.206185314795019,24.10308054205679
8739.563,0.03674972300017293,4.206016449004294,24.09341591251945
8742.469,0.03226351880863804,4.2060669787998775,24.094841178721357
8745.375,0.035069484756303525,4.206228531652227,24.09616431201686
8748.266,0.03630604015844082,4.2061507327103795,24.096060123524367
8751.172,0.0342390502636021,4.206287589879608,24.101697720260542
8754.094,0.033683962356872946,4.2061078664097655,24.096229445234737
8757.0,0.034081875444157375,4.206333073841633,24.101739092458235
8759.907,0.03482990588983572,4.206211157037642,24.09982866201631
8762.813,0.03557656041939663,4.206228795390984,24.102133845549478
8765.719,0.03335871022479889,4.2059628341266695,24.098819902463664
8768.61,0.03235608767872771,4.206137216845928,24.10068842021882
8771.516,0.03388357333232647,4.206244322918293,24.111168598891098
8774.422,0.034600189364167845,4.20597502980192,24.102767599384922
8777.328,0.03400180540184778,4.206088218790961,24.10296526418007
8780.235,0.03640427168115826,4.206198938673858,24.10889750896447
8783.141,0.034090234553598046,4.205986508830379,24.0965983427411
8786.063,0.03508939874588822,4.206155787939977,24.094658525029253
8788.969,0.03324798772428132,4.2061924787489895,24.096232329303472
8791.875,0.03616330605337589,4.206227907273189,24.096863522944254
8794.782,0.03440933869482683,4.2061097820384115,24.094013193815204
8797.688,0.033523762096321005,4.206008456575324,24.09641709183346
8800.594,0.03247567151307467,4.20641463117408,24.1041716730368
8803.5,0.034270140677387234,4.205997365011879,24.10672179503259
8806.391,0.0332666463610818,4.206069702745,24.102779111616353
8809.297,0.0341913057132468,4.2060867894413,24.101644485269325
8812.203,0.03445163853167189,4.206048247688199,24.09919293983129
8815.11,0.03267421820794226,4.206298474375075,24.102492551612727
8818.047,0.033227234886976174,4.206418466335027,24.0987321755111
8820.938,0.036956511691059624,4.20582786242927,24.10486428796166
8823.844,0.03321026174019045,4.206401615814368,24.09714350292429
8826.766,0.03574368826293265,4.206242878887475,24.100644613380176
8829.672,0.03428857970078495,4.206084594843788,24.097309636033582
8832.563,0.03409785981567707,4.2063432956647056,24.08881856771477
8835.469,0.03339381614905407,4.206244745225972,24.084171110317406
8838.375,0.03405162545037621,4.206373648550028,24.085593168776608
8841.282,0.03417630043918284,4.206479866601861,24.084745046748647
8844.188,0.03334959383602059,4.20636016092793,24.08084882922212
8847.094,0.03439912939738776,4.206349930822275,24.085688364537983
8850.0,0.034807351241237426,4.206151396771294,24.087211813539366
8852.907,0.036095285756798295,4.2063401305679635,24.0896505808994
8855.813,0.03417091842733876,4.20624085450263,24.087947208329616
8858.719,0.03343107379251543,4.2063487517488305,24.092286597673315
8861.625,0.035527179311779254,4.2062162571058614,24.083572893011187
8864.532,0.03295301090103989,4.20633111682291,24.090815332152218
8867.438,0.03416792574022539,4.2062539089872395,24.085684497977216
8870.344,0.034621279133289565,4.2062725317285405,24.092840846412333
8873.235,0.03545181831738737,4.206268529260661,24.086828585812505
8876.141,0.03602921868708462,4.20618765778169,24.081152783614552
8879.047,0.035040362145556364,4.206480916654493,24.08041056403823
8881.953,0.032937318954644336,4.206365570198251,24.080874408911175
8884.875,0.03354359776004745,4.206190655679409,24.084416603763724
8887.782,0.03398243160483784,4.206327314107274,24.083668726403488
8890.672,0.0330120804147732,4.206502983265708,24.096896599522378
8893.578,0.0331044056259326,4.206466228353871,24.087062716820565
8896.485,0.035715535332925416,4.206518814867589,24.08591843601048
8899.391,0.03593012392529048,4.206364337801751,24.085813396153995
8902.297,0.03600561161573221,4.2065927713232885,24.094532781559984
8905.203,0.033782196743761435,4.2062969987731975,24.087397126325982
8908.11,0.031857395988038995,4.206529971849592,24.08910105126898
8911.0,0.03541535935223819,4.206344655252309,24.089207902195923
8913.907,0.03339357229081795,4.206421175767049,24.08835174971625
8916.828,0.03292423872094456,4.206460376593494,24.089063129857536
8919.735,0.03541218631862492,4.2066623646698,24.076539020106345
8922.641,0.03391336698304364,4.2065510527103775,24.084490225110507
8925.547,0.032629419217505916,4.206554528664806,24.08800173524991
8928.453,0.0349846007570598,4.206380076351676,24.08110784526687
8931.36,0.0356820218489806,4.206676501408742,24.082702519799096
8934.266,0.03292434284839165,4.206749955224405,24.07817278614203
8937.157,0.036197836919123906,4.206569611272365,24.089497204439493
8940.063,0.031459469580860884,4.206264925367675,24.086885630218834
8942.969,0.03272002101017516,4.206289056198395,24.08427503294484
8945.875,0.03404106323924748,4.206667651344565,24.08732441232103
8948.797,0.035711755563717036,4.2066910360541785,24.091484507439397
8951.703,0.034975265885909074,4.2065004101615155,24.085386044218755
8954.61,0.03420828424683449,4.206685002675888,24.086298950147267
8957.516,0.033724948914016936,4.206394003667181,24.09083047717622
8960.407,0.0329167552827778,4.206923698071826,24.08697730779389
8963.313,0.031216985488255015,4.2066491954178264,24.08704378687696
8966.219,0.034428439288087025,4.206368921963222,24.083645424399798
8969.125,0.033010873231761696,4.206573939257584,24.085611490534266
8972.032,0.03662130614527322,4.206635797605976,24.083992816707863
8974.938,0.03346263979435752,4.206583173321423,24.079682154399045
8977.844,0.03380862771178931,4.206590911503924,24.08426482210474
8980.75,0.03434246451574913,4.206849010281264,24.08531733005206
8983.657,0.033799112304419836,4.206516673387958,24.082015448525546
8986.563,0.033874196112374334,4.206697943118831,24.082666728362316
8989.469,0.03331538737997265,4.206492254531673,24.078159103633713
8992.375,0.034689356941901936,4.206710462120605,24.079806400913952
8995.282,0.032508335391012715,4.206654144371283,24.089180422715103
8998.188,0.03139342150197523,4.2066866644343595,24.082667492714123
9001.094,0.0323477411343015,4.2066628576161715,24.077810616736077
9003.985,0.0347914135177215,4.206729601687376,24.078871914708007
9006.891,0.03477283484462721,4.2066592183301275,24.084468351849267
9009.797,0.03707357278980107,4.206683234915236,24.079213063788686
9012.719,0.03253840139302525,4.206603935190995,24.080408827010462
9015.625,0.03394439600417351,4.206615341317621,24.077544802369594
9018.516,0.03170848166090989,4.2068715138111035,24.070121668387007
9021.422,0.03314362271822723,4.206890914680287,24.07776164360445
9024.328,0.035711739019964904,4.206768683246908,24.06495510184595
9027.235,0.03539441927078325,4.206683120048552,24.06770037634347
9030.141,0.033786600540681805,4.2066299774541,24.070263819357276
9033.047,0.031997540547973914,4.206622710721619,24.068291664167166
9035.953,0.03360648363890299,4.206691300226916,24.08295401961788
9038.844,0.0343854197967402,4.206906929166939,24.07775831569493
9041.75,0.0310309079408222,4.206733839436479,24.077802641484887
9044.672,0.03494258592218415,4.20667849031032,24.07500536025862
9047.578,0.03430603937937797,4.206950416579481,24.073210047622943
9050.485,0.03314473621231342,4.2067098380811245,24.069049098470828
9053.375,0.0325821845731207,4.20686367338781,24.071222491185107
9056.282,0.03273816787382223,4.206703914827487,24.07521363790854
9059.188,0.03477994083783931,4.206708118295548,24.07513016089627
9062.094,0.03326505957248748,4.206722363368341,24.0779598577543
9065.0,0.03419298265403256,4.2066497519861965,24.078337850569493
9067.907,0.03559312143504799,4.206816061990051,24.079402718887852
9070.797,0.0353689753600207,4.20679359505642,24.070567683197144
9073.703,0.033920628968316206,4.2068410272263845,24.06992610543041
9076.641,0.03186065942408583,4.206858344772807,24.06684768059052
9079.547,0.03274299526989246,4.206844370764754,24.06824986313051
9082.453,0.03329830658387832,4.20672077368228,24.070454220134888
9085.36,0.031897550154733736,4.206882231547279,24.066206006274214
9088.25,0.03372188692521656,4.206826148512377,24.06733010019294
9091.157,0.03270652458120926,4.207001938468787,24.06025718873032
9094.063,0.03341515507621835,4.206819566284774,24.064771426712717
9096.969,0.03093888234917884,4.206814876979515,24.07251345104465
9099.875,0.03304406749357747,4.2068347907175205,24.069394693235125
9102.766,0.03226547654104756,4.206802902083339,24.073958420336854
9105.672,0.03312198327849803,4.207010492405046,24.071860127707062
9108.61,0.03512705850226757,4.2071532928976305,24.073270791455897
9111.516,0.03476153402416607,4.206603589778912,24.072225753503876
9114.422,0.03248663577195557,4.207089838106596,24.07990828178132
9117.313,0.03440351914150578,4.206791498121299,24.078306125059672
9120.219,0.035673775028611916,4.206879900049468,24.08288722191995
9123.125,0.033852148894592295,4.207045179987661,24.084896260867218
9126.032,0.032700534441068276,4.206898960036447,24.082691754515217
9128.938,0.0321645624113438,4.206884089887617,24.083201907081293
9131.844,0.033120503966218295,4.207071022635685,24.08103105742651
9134.735,0.035268729051770746,4.206846916649501,24.074579823926527
9137.641,0.03231836819531071,4.207136718634151,24.078275550342564
9140.547,0.030733825860962415,4.207067990734217,24.068746350620508
9143.469,0.03301476119930812,4.206899667368717,24.075926406912224
9146.375,0.03383592449177478,4.206862686970209,24.069080553819866
9149.219,0.03286415570520955,4.206989287782636,24.073075812196084
9152.078,0.03371346862377409,4.206854113933498,24.07272824187224
9154.953,0.03265066485838173,4.206982945207781,24.06839116743075
9157.828,0.031087664672752317,4.2070387335037935,24.076360609099503
9160.703,0.03263071170377866,4.206905676513078,24.07233307288908
9163.594,0.03437224384014314,4.206978408875366,24.059797416001643
9166.469,0.033410341641892945,4.207138003265804,24.060619698096716
9169.36,0.03265117078191562,4.206875884849533,24.060116580143937
9172.235,0.03162080360048161,4.206993064891727,24.06028507618753
9175.11,0.030810534408496452,4.207175076678721,24.060365426697743
9178.016,0.03246815962395192,4.207007092250748,24.056279907953854
9180.86,0.03216180083971043,4.207105216536358,24.056106997618116
9183.719,0.032761794155903225,4.207087994683665,24.055587939749273
9186.563,0.030231571494355788,4.206982269100317,24.0549013353737
9189.438,0.03248244915779729,4.2068487692500325,24.0600474036028
9192.328,0.03300658145130049,4.207058834773584,24.057991147758866
9195.203,0.03219376771375219,4.2070554989669455,24.062936855097238
9198.094,0.0344217241968752,4.207056777761657,24.059083955328447
9200.969,0.03355331373891354,4.206869396522623,24.05649310880153
9203.86,0.03186069648888212,4.206968100409455,24.063252912295845
9206.735,0.03194705725873653,4.207028636641794,24.059843346629172
9209.641,0.03270261289771688,4.207025656245977,24.061439336518514
9212.485,0.034992910275255217,4.207045184872199,24.054738924541624
9215.328,0.03246352112275852,4.207192511367258,24.04984392957241
9218.188,0.032964303587036024,4.2069953129538105,24.05040587768114
9221.063,0.03326275944371913,4.20711466080016,24.064160131888713
9223.938,0.031946538110194246,4.207009551075873,24.054122854968902
9226.813,0.03561815671387549,4.2067872830323285,24.05994766405356
9229.688,0.03176931662429228,4.207376087313077,24.05682870461613
9232.578,0.03315158777356805,4.207017969610875,24.062466937907832
9235.453,0.031236058366126866,4.207147520533197,24.06496616225139
9238.328,0.029698956625174362,4.207109427274314,24.05984575451687
9241.25,0.03181915187189608,4.206907306646075,24.06214755355125
9244.078,0.03467344375855344,4.207243241039706,24.05064652045435
9246.938,0.03537900938742457,4.207036644230765,24.054873380019938
9249.797,0.030415575367888942,4.207260795990967,24.04982239480685
9252.672,0.030080490098389444,4.2072615884505815,24.05626591985783
9255.563,0.03265203935958013,4.207046134303262,24.053132236209816
9258.438,0.03329130113545531,4.207185802333058,24.05037284237575
9261.328,0.03316050242988775,4.206987351930166,24.05049415275856
9264.203,0.027532134709090272,4.207207741384217,24.050483694846584
9267.078,0.03252979193947883,4.207131567651718,24.050416180445737
9269.985,0.028254247918748747,4.207168926571232,24.047566399252187
9272.875,0.031486135852873784,4.207399679111257,24.050848263791757
9275.75,0.03633704973095601,4.207111946920517,24.050288390260558
9278.625,0.03252816429662466,4.2071026822089275,24.057412669029375
9281.516,0.03115478632966311,4.207227251105257,24.05438267180613
9284.407,0.03376281306075821,4.207003956137063,24.05018904718573
9287.266,0.03335919370980541,4.20710144711239,24.0494140523997
9290.157,0.03136490935933298,4.207287289852834,24.046808803439117
9293.047,0.032438004931471295,4.207316009844917,24.047190647586422
9295.922,0.033112172455432354,4.207301530088211,24.04941466044898
9298.797,0.031057565324786342,4.207410117198919,24.051081309661967
9301.703,0.03190704520112667,4.207455233002164,24.058918158186586
9304.594,0.028186904146773373,4.207121886102661,24.051637035872986
9307.469,0.03332221384622626,4.207299825767711,24.056313551772995
9310.36,0.03233303366382044,4.207158969436559,24.05375938636776
9313.235,0.034044875229735594,4.207276236818205,24.048103897236977
9316.11,0.02791487123685931,4.207397505029054,24.048103065144495
9319.0,0.03199138633369485,4.207317838279285,24.063548574395647
9321.891,0.03085915974106444,4.207283621340059,24.062903198956725
9324.766,0.03193847573009135,4.207532177883362,24.05881207536615
9327.657,0.02855756828074069,4.207559999736884,24.053566030439473
9330.547,0.02120722862495299,4.206513961192643,24.057099205894563
9333.438,0.02139956491228034,4.206608741810682,24.043770290852773
9336.344,0.016729942728141368,4.205540726124794,24.04413310207348
9339.203,-0.004625734277790727,4.202552679224595,24.039040474228976
9341.985,-0.0022220046179962974,4.203378680190728,24.044592238953882
9344.782,-0.0006108143666165313,4.203608690289824,24.034581501166144
9347.578,0.0012706720008253424,4.20379845770987,24.033913644686372
9350.36,0.002951645314191888,4.2039447734618935,24.03618890720547
9353.141,0.002845974383949,4.203798438577196,24.04414094901306
9355.891,0.0005820516884162067,4.203958474325744,24.04539699649569
9358.688,0.001435524975844057,4.203810931397019,24.047756866611497
9361.485,0.00016282933709960788,4.203915510747175,24.050523317700012
9364.25,-0.00148396228578871,4.203789601952582,24.050429136521885
9367.047,-0.00046334800919981244,4.203688307916577,24.050092194436324
9369.844,0.0024950247720149244,4.20370809565891,24.050066414065004
9372.625,-0.0036948783948392524,4.203574905715586,24.04544507643482
9375.407,-0.0008451170601458693,4.203724404874969,24.05458739095702
9378.219,-0.003175082757757233,4.203853597095748,24.043940940506584
9380.985,-0.004823780896892094,4.203527710387367,24.037783337197894
9383.782,-0.0013193512221665194,4.203597029127934,24.04459246307297
9386.578,0.0032185064118253497,4.203436172641044,24.050480581565544
9389.36,0.0020699272903002535,4.203665377517191,24.050105947032932
9392.157,-0.001313014324087565,4.203633713524155,24.047064433768018
9394.953,0.0009251573919645434,4.203497935386888,24.051141939025268
9397.735,-0.0018611318750830302,4.203547817582874,24.05451162658311
9400.516,-0.0007300255418556228,4.203720540481822,24.05625906935529
9403.344,-0.0016989733936895119,4.203454542074646,24.04908089930699
9406.125,-0.0016285559132858051,4.2034180497825435,24.054300609777428
9408.922,0.0004895934294396232,4.203362686844589,24.052363547097475
9411.719,-0.005263324146655814,4.203317014643446,24.05531808234135
9414.5,-0.0028072020805340403,4.203541601577827,24.057795293771182
9417.297,-0.0002663543616288845,4.203530463572892,24.047901797507016
9420.11,-0.002260621468277672,4.203346641649214,24.050072702450546
9422.891,0.001735463569124445,4.203291629464277,24.052835289745822
9425.688,-0.002655050808663286,4.2034684175746255,24.052773331676843
9428.485,-0.001407596526873784,4.203570300796955,24.06190449607969
9431.266,0.0013643755436588349,4.20325128652506,24.05193698460361
9434.047,-0.0008828145127007115,4.203373577103,24.054641190798872
9436.797,0.0009208670338927831,4.203472311156588,24.056116870239396
9439.594,-0.0004816045935579196,4.203367634682337,24.046490956180044
9442.391,-0.0010554901896533987,4.203321290254502,24.043817832403587
9445.157,0.0019405638421155311,4.203250326122709,24.051164523521365
9447.953,-0.0004297253152778649,4.2032765180161356,24.04865937389423
9450.75,-0.0012677605657781146,4.203180436572601,24.034552156068788
9453.532,-0.001607392561698358,4.203454250033559,24.05568962105213
9456.328,0.00021656905347813558,4.203154489343518,24.04713974957271
9459.125,0.0006379751116680078,4.203224124215662,24.052725354148915
9461.907,-0.001080505993000667,4.202978730284975,24.05293826773274
9464.703,0.00014675863278131065,4.203075955159185,24.055482131335726
9467.5,-0.001711206776891575,4.203229165185404,24.05479338704305
9470.282,0.00011107908900904758,4.2028317480842965,24.057012033198873
9473.063,-0.00346075153683595,4.202943224150118,24.051988516214497
9475.875,5.238231479679996e-05,4.203149118226678,24.052538675513375
9478.657,-0.0002881184620685603,4.203147445723794,24.048763729264763
9481.438,-0.002395723069474403,4.203271715478794,24.041075612357496
9484.266,-0.0012068862848819031,4.203112835401491,24.05214522492322
9487.047,-0.0012821361178520312,4.203068350353608,24.050639601855437
9489.828,-0.00119297577555702,4.202939867639707,24.040736381660906
9492.625,-0.0001822459640384204,4.202904897337792,24.039725256428994
9495.407,-0.0008193545641907169,4.202969122356197,24.039756954338152
9498.203,-0.003515025184395239,4.202944889974042,24.03925565457805
9500.938,-0.0012294429400890802,4.2029299861402425,24.04479765984365
9503.735,-0.0001174693438318305,4.202773754812346,24.034959345437606
9506.532,0.0003624407580787076,4.202992040579554,24.03737742015617
9509.313,0.0012461441170827088,4.20274794521238,24.044545484430927
9512.11,-0.0017714740166701877,4.202953378870191,24.040538239189672
9514.907,-0.003723694804381846,4.2030865591347615,24.045880700279106
9517.688,-0.0013335310155357578,4.202713878452016,24.04019373773254
9520.485,-0.0027519464047101928,4.2028293973401984,24.037909886298994
9523.282,-0.0011941632922021805,4.202805781826043,24.040940019305033
9526.063,0.0003553230788395228,4.203127593767838,24.045814974126028
9528.844,-0.001224801296573343,4.202824984397499,24.045881382030224
9531.657,0.0007352780669294662,4.203013583535904,24.04705299564053
9534.438,0.0007025454275588382,4.202920301250436,24.049220863191376
9537.235,-0.0021829954324249635,4.202836705235026,24.047917307214217
9540.032,-0.0017917433581338307,4.202590143304242,24.044494468687883
9542.813,0.001737363444705227,4.2025676348370835,24.048055152570715
9545.594,-0.001097134083681691,4.202706860657477,24.05435308541615
9548.422,-0.0016288514048314188,4.202922266587129,24.047262477844143
9551.203,-0.0002628021226369934,4.202569148822196,24.044440089693737
9554.0,-0.0006338813939404397,4.202847980277235,24.044593647938573
9556.797,-0.0018992046427388875,4.2027280540441945,24.042651707331913
9559.578,-0.001221605610923989,4.202259766699253,24.040106574738633
9562.375,-0.003175903040484653,4.2027557189501135,24.042499338339134
9565.188,0.00012966046298844207,4.202519281219159,24.043257140169448
9567.969,-0.0022021200959451478,4.202748819750095,24.045948489383825
9570.766,0.00029469372260962085,4.202812058948876,24.036420732121016
9573.563,0.004815952121218305,4.202531898709159,24.04070069545289
9576.344,-0.0014040590866159107,4.202804033588198,24.038186937805268
9579.125,-0.0011838880998414397,4.202768379698774,24.03560127359537
9581.875,-0.0001619850679967912,4.202613542339688,24.031115331229433
9584.672,-0.0012678507382000977,4.202639332650407,24.035823044698827
9587.469,-0.0025917157784016865,4.202710103923138,24.03109186836724
9590.25,0.003708685009557158,4.202430107457188,24.032526469335153
9593.032,0.0011231115709721426,4.202480114197224,24.03354577069606
9595.844,0.0011383428411561988,4.202656412117456,24.033724049254396
9598.625,-0.00413925831786902,4.202632850498914,24.03519603968916
9601.407,-0.0024411461237056242,4.202933049427765,24.03555359694074
9604.219,-0.0008872544203548478,4.20272902417146,24.03397958628445
9606.985,-0.0003081713022702983,4.202533563764048,24.037983519632096
9609.782,-0.00310035357345999,4.202767528384023,24.037291910053497
9612.578,-0.002090399342855536,4.202386419342008,24.046492478695196
9615.36,0.00010861652711092605,4.202784152164072,24.053490849224335
9618.157,-0.003649964347475257,4.202440579801551,24.05373557360868
9620.953,-0.0023174060469669465,4.202511066123665,24.044882612738263
9623.735,-0.002890045601852723,4.20242305404045,24.046728358654065
9626.532,-0.002449645113228363,4.202331183980167,24.044618068718716
9629.344,-0.003253226084183405,4.2021511803890865,24.04401547728796
9632.125,0.00021049133326026665,4.202550147310065,24.03553472502167
9634.907,-0.0005010139571287069,4.202458729034492,24.03582217755618
9637.703,-0.001959646080054009,4.202613752718404,24.038607025423605
9640.485,-0.0020882114034352973,4.202328410571426,24.031819277218474
9643.282,-0.004914105253615723,4.2022228326513815,24.030996670562516
9646.032,3.8841601694002324e-05,4.202190307631863,24.027689731243342
9648.828,0.0007541103793193218,4.202435128613263,24.03818235217014
9651.625,-0.0022287881422309447,4.20246848261647,24.031751303869793
9654.407,-0.0014042309580566616,4.202643154505986,24.033205801483344
9657.188,-0.0007767583657176867,4.202396505069949,24.028269876273722
9660.0,-0.0010347470409488152,4.20249622231193,24.029593268599946
9662.782,-0.003729723748905044,4.202087740491655,24.036924260933414
9665.578,-0.0032731867390887125,4.202273167988062,24.03721424262116
9668.375,-0.0006126767871918507,4.202406074010058,24.039371836209916
9671.157,-0.0007058654822968462,4.202367195720104,24.035947552215827
9673.953,-0.00025801460464542237,4.202135854496401,24.03415383975931
9676.75,0.00026242456056473925,4.202280145292052,24.03076123703259
9679.547,0.0011468776282322543,4.202293021935827,24.029314557583337
9682.328,0.00288598212085672,4.202610533014278,24.031351154278056
9685.125,0.0033956480976219663,4.202366852326167,24.034795986068637
9687.907,0.0005414306967482367,4.202370807131225,24.030852055356675
9690.703,-0.00023999930365961993,4.20216479630226,24.032096834032135
9693.532,-0.000703170509979812,4.202111964128889,24.030781351767992
9696.313,5.012020197896777e-05,4.202095469961711,24.02873799885703
9699.11,-0.0004235623961222831,4.202393743642787,24.030222136583113
9701.907,-0.0009729368824394827,4.202253105499747,24.0296464980063
9704.688,-0.0034923251099819386,4.202140179499893,24.030957088267538
9707.469,0.0016274572779370559,4.2021087596664755,24.023979038405574
9710.297,-0.0005558827769349888,4.2020132827449626,24.02509512650312
9713.078,-0.0008061540670352428,4.2021390765402336,24.022626905726895
9715.875,0.0015065933045546832,4.202252021593667,24.024988439242748
9718.672,-0.005350228496646499,4.202141052414754,24.025496244727254
9721.453,0.0008939118458081203,4.202239495598617,24.024423799545175
9724.25,0.004142737422875127,4.202198377469001,24.02825896611103
9726.985,0.0004986779763457005,4.202328115764584,24.03620997368763
9729.782,-0.002149235693654832,4.201920544996121,24.037515742044548
9732.578,-0.001111306593858477,4.202093646618989,24.036372084806548
9735.328,-0.001440000839530727,4.202376996803159,24.033856200883378
9738.078,0.00044252579894086825,4.202306118672231,24.030525080102908
9740.813,0.0008162927085375412,4.202452313585384,24.03796787189933
9743.547,-0.0020843178597782096,4.202656049220691,24.02722973586299
9746.297,0.001149804469503797,4.2023909994607065,24.035043084247327
9749.032,0.0026965699940365395,4.202638825949013,24.032980158147296
9751.782,-0.0009421698906632581,4.202361735225741,24.035338581786867
9754.516,-0.002286396473083059,4.202420178252554,24.02258246652462
9757.266,-0.0015248177098110512,4.202513965933828,24.02290083208204
9760.0,-0.0015962547366660809,4.202225634527169,24.023054870361978
9762.75,-0.002788200348938979,4.202149502199872,24.031388605191427
9765.485,-0.0020091766814598583,4.202353545960019,24.033697101728134
9768.235,-0.0010553955526848896,4.2020748169881355,24.030720713381065
9770.969,-0.0028854533293801777,4.202346337868524,24.030365672470253
9773.719,0.0009245324442451949,4.2025576341111845,24.030671106827125
9776.453,-0.0036268758153585926,4.202334998157867,24.021773766912585
9779.203,-0.0026480765211451783,4.202017858163314,24.02422823235228
9781.938,-0.0007072712928246814,4.201812464965108,24.02651955026653
9784.688,-0.0021660006474272043,4.201975146195661,24.020194727940897
9787.422,-0.0021661249437474016,4.2021772001260995,24.02606830089967
9790.172,-0.003906801140980185,4.201982870687833,24.0280383215582
9792.907,-0.0032160959622458073,4.20223400566672,24.02619887001567
9795.657,-0.0027727688792475113,4.202034975345488,24.028933808873813
9798.391,0.00252642936920778,4.202028623635785,24.025731949633325
9801.141,-0.0010041903651109572,4.202234260253097,24.030967410099198
9803.875,-0.00245476143950087,4.202044230071625,24.028565096570485
9806.641,-0.003344146441115874,4.2024225302573655,24.025078483011033
9809.391,0.00156904077545103,4.202222215268867,24.032260862043938
9812.141,-0.0020753077842016274,4.201903569628054,24.023323050919622
9814.875,0.0021050900166651784,4.20241372270234,24.03127978301368
9817.61,0.0005498742683303832,4.201985232788617,24.025472621721555
9820.344,-0.0005627915109046013,4.202359047901125,24.036958300755003
9823.11,-0.0007497367280397238,4.202399513550043,24.031068603546576
9825.86,7.533035168096404e-05,4.20235484808532,24.032433045409515
9828.594,0.00010868859082813586,4.202135788517265,24.02036147705394
9831.344,0.0008345428940969476,4.201978686752635,24.018810046767918
9834.063,-0.0006974942160691069,4.201987771659882,24.014059582424643
9836.813,3.8425977635697625e-06,4.202142302174793,24.01291108232157
9839.532,-0.002551136291064172,4.202022433957587,24.014280943744435
9842.282,0.0009956919030661966,4.202019187203656,24.017751693251885
9845.016,0.0005321752218245809,4.201849817265958,24.016830258896317
9847.766,-0.000577492803108425,4.201885530561144,24.02500489343886
9850.5,-0.0010003021969754026,4.201882254541686,24.020990095923423
9853.25,-0.001657400061801358,4.201975215234522,24.021413820162575
9855.969,-0.001315015956381563,4.201960687093602,24.018172322300515
9858.719,-0.0023193819495755975,4.2017904761906175,24.0192710553594
9861.453,-0.0005381663447646385,4.2021410782333,24.015068265896492
9864.203,-0.0037336031372699145,4.202040011932281,24.017118939645055
9866.938,-0.001222372041728143,4.202042419036115,24.019957016769762
9869.688,-7.96195366577143e-05,4.201993151040007,24.014853533384766
9872.407,-0.0024122838766753975,4.20215867462893,24.01317302945314
9875.157,0.0008953745470620696,4.202256161727405,24.018515219388114
9877.891,-0.00296771382532928,4.201938839111852,24.018758557616565
9880.641,0.0008596732441231619,4.201884115799992,24.020489764640892
9883.375,-0.0011656139403719045,4.202151546335589,24.02190835987936
9886.125,-0.0021168964901241817,4.201925585573927,24.011924368022
9888.844,-0.0020403681156576535,4.20182254554912,24.01566992692431
9891.594,-0.000552896796994366,4.202095349626191,24.017768850875065
9894.313,-0.0007104340860383488,4.20207348291205,24.0209528787267
9897.063,-0.0014532383952090497,4.20178455093579,24.019797119315143
9899.797,0.0007925530937657409,4.201894878895834,24.015168753142714
9902.547,-0.001999382744560191,4.202063146870438,24.019177419996645
9905.266,-0.0030352523215323546,4.202095817799408,24.022818853220034
9908.016,-0.00012859783392534814,4.2018405662907865,24.022577156696368
9910.75,-0.004121654086509535,4.201882078880022,24.02857934551316
9913.5,-8.935636113194819e-05,4.20179691127647,24.020041923169536
9916.235,0.0013689958692663527,4.202070663267369,24.025639886515297
9918.985,0.00039368111335912217,4.201810556428573,24.026037072498706
9921.703,0.00017667381706096372,4.201987394275064,24.021694656429197
9924.453,-0.0009601449843912567,4.201868011606439,24.021542128118234
9927.188,-0.0029750755779777613,4.201501423808038,24.023085463711677
9929.938,-0.0009209381776834839,4.20156547218606,24.019416633283118
9932.657,-0.0018665720491089553,4.201868783116591,24.0259633858056
9935.438,-0.00019597587993431541,4.201924990881014,24.01621937621787
9938.172,-0.0020830910611965643,4.201715895600646,24.020793084520527
9940.907,-0.004742523881669478,4.202108855399563,24.0181273564319
9943.657,-0.001427494314095321,4.201586355358518,24.018809551863427
9946.391,0.00020534405277072956,4.201778830487875,24.01867296770412
