time,current,voltage,temperature
0.0,-0.0022347297695789535,3.6970152717395792,25.84453610151146
2.4679999999999964,-3.7799207541995568,3.3419417446795183,25.842054105397366
5.140000000000001,1.5141072175053278,3.8181236686401157,25.85078055446029
7.702999999999996,1.5093682602401806,3.8301210620905772,25.867051788925224
10.217999999999996,1.5121051043809859,3.8374506544257514,25.884360162497934
12.686999999999998,1.5123413373522403,3.8425921336757503,25.889094594140573
15.171999999999997,1.5119890941172203,3.8464543148820103,25.89656504355152
17.625,1.5113655157330237,3.850342672146388,25.89181990154417
20.092999999999996,1.5102924184763558,3.85394266204081,25.89216997366966
22.625,1.5099398419387782,3.857120676581828,25.892266767233856
25.14,1.512804642266437,3.8598337055162038,25.892684567097827
27.671999999999997,1.5121898730647774,3.8627306008880953,25.885340753890652
30.186999999999998,1.512511671063431,3.8651918008574886,25.88300118957528
32.717999999999996,1.5153243834562513,3.8677102600894155,25.88756516566435
35.217999999999996,1.5144298536189964,3.870183526799311,25.87921137299624
37.687,1.5132506707099938,3.8721936716413747,25.878376946481595
40.156,1.5115451419751502,3.8744328479818417,25.876615634845173
42.625,1.5087745054402788,3.8768924663949274,25.866845583838543
45.14,1.5132643538905532,3.8786352994652833,25.865747091278323
47.608999999999995,1.51092876067196,3.8808140664186728,25.867547047537936
50.092999999999996,1.5068327120787874,3.8825616362723565,25.85671586337006
52.547,1.5104760032220714,3.8843980330214904,25.850327511594966
55.015,1.5109146335462162,3.8858462242031746,25.85137332322109
57.5,1.5144758153868443,3.8877288299113797,25.855102159423367
60.031,1.5100508896661267,3.8895341591343633,25.83773699355758
62.515,1.5124075767556264,3.891248941885591,25.838942106400925
64.984,1.5117137486014078,3.892953753057062,25.829856440537082
67.453,1.5104332948562864,3.8945138195703555,25.83369614613546
69.96799999999999,1.5112734129091545,3.8962968069533828,25.82477907874757
72.46799999999999,1.5103642228932357,3.8979865535445453,25.832848747200714
75.0,1.511054495870799,3.8994230358179554,25.834833358818155
77.515,1.5148613492883263,3.90093786382744,25.837331757813455
80.047,1.5137826685234783,3.902394935874634,25.8351587136544
82.562,1.5085988773707546,3.904065014569555,25.82929056174642
85.078,1.5104352846883002,3.9053901357369623,25.835252050097704
87.578,1.5135911818921033,3.9066200092697083,25.82240474021464
90.047,1.507698387388321,3.9081507253728804,25.81941269823658
92.515,1.507663753761111,3.9096068413350396,25.819993193749465
95.0,1.5088598463098382,3.9108576297254922,25.815467553738035
97.515,1.5122000191181564,3.9119613737446217,25.815645203335656
100.047,1.510727138356754,3.913174797285509,25.810203340306778
102.562,1.5108852451494368,3.9144039323073163,25.80909486279074
105.09299999999999,1.510771293287835,3.9160577575650013,25.81386605736567
107.609,1.5087950497671798,3.9172649488276123,25.805941674694466
110.078,1.509256661005396,3.9185022518393455,25.80462498352231
112.562,1.5112880510694462,3.919780795451823,25.804604903411718
115.015,1.513034434704341,3.920687912458621,25.818443667615583
117.484,1.513339543012599,3.921864544264504,25.81343380483411
119.96799999999999,1.5093557780160083,3.9231198960468663,25.808524962150155
122.5,1.5091036750452376,3.924306297786852,25.802778221606427
125.015,1.5126229707990209,3.925394787636281,25.798661033082656
127.531,1.5105774541827073,3.9266240595492103,25.801844057614293
130.062,1.5088039030458142,3.927437114018482,25.801890353623772
132.562,1.5103166755084676,3.9287728802383617,25.808604734805236
135.031,1.511949615452572,3.9295202691062867,25.80930375057826
137.5,1.5125150781195171,3.9307402205154727,25.805859111067686
139.98399999999998,1.5096110782693892,3.931587594549315,25.811749614791097
142.5,1.5139891808712438,3.9325535990178633,25.79719776727296
145.031,1.5097442705048258,3.933630710244839,25.80809211508014
147.547,1.511465267235816,3.934455913102939,25.810404913797555
150.078,1.508661691062728,3.9355929089285304,25.808098068888306
152.593,1.5104061736531758,3.9366895924469025,25.80519216598094
155.125,1.506016846768495,3.9376013865775135,25.806543009019908
157.672,1.5096958549359285,3.938547505818021,25.81061756363223
160.14,1.5084825802708492,3.939283522939465,25.80966278600489
162.609,1.5074100848609777,3.9400643677515697,25.80476466307828
165.078,1.5047968979176463,3.9412287233275656,25.81795770504288
167.547,1.5128260530741002,3.9417872709241606,25.811142567585435
170.015,1.508239569348703,3.9426837927519314,25.808154642775158
172.547,1.510453574844657,3.9436101004377675,25.82528811013456
175.062,1.509441467535915,3.944318558968253,25.811913379775056
177.593,1.5085544776835649,3.9455451435729794,25.822619662882307
180.10899999999998,1.512102013794607,3.9461217014430763,25.820617827279086
182.64,1.5123229764680985,3.9466775229195195,25.827012225779708
185.156,1.5138753528445021,3.9475991976710003,25.827928280918883
187.687,1.509632149940637,3.948421668802293,25.833255559237244
190.172,1.51242183348512,3.9492929846697096,25.827869283888603
192.64,1.5101282645962604,3.9499377490509415,25.82442438080831
195.10899999999998,1.5112536268235939,3.950849202365926,25.827898197181806
197.64,1.5128491023405324,3.951059093123257,25.8246885709127
200.156,1.5132405480790412,3.9519405653247115,25.820967282538305
202.687,1.5132187444550897,3.9526669081104338,25.821782812029223
205.203,1.5076190447306854,3.9533595610269994,25.830078305077382
207.73399999999998,1.5120437144928656,3.9542814777825366,25.826734531022485
210.25,1.512413539107115,3.9547575285315175,25.833964510169608
212.781,1.5125665877572314,3.955536327321319,25.832554383224576
215.297,1.5096012523556863,3.9562702756192993,25.841979078732436
217.812,1.5098518290462453,3.9567749866189432,25.835596306802433
220.343,1.5119695452453856,3.95746425365898,25.839756753754504
222.859,1.5113790063658714,3.9584427763349437,25.84116657970222
225.39,1.509687256786356,3.9587534232698256,25.838475785419224
227.906,1.5131565410124226,3.9595230355839357,25.83819763854736
230.437,1.5123912290302757,3.9601031465549754,25.83966192013194
232.89,1.5073931255081043,3.9612816050050452,25.84426814857036
235.422,1.5117511898012919,3.961457723481414,25.845920996443077
237.953,1.5113823950271403,3.9620010899257196,25.854206611632975
240.468,1.5108017036713066,3.9625768012645866,25.854852337741754
242.98399999999998,1.5126414015883647,3.963081646112904,25.860597583998942
245.515,1.5093960550339451,3.9639613475579094,25.854452884293437
248.031,1.5081540919456053,3.9646088138293387,25.85684849086676
250.562,1.5144207142474693,3.9650257113661693,25.865645828453676
253.14,1.5101890660997788,3.965493702866576,25.86245389866212
255.625,1.5125487058572047,3.966146458575606,25.859291579107992
258.156,1.5109487956532968,3.9666102511968924,25.865323758624047
260.672,1.5131541503251074,3.9671708343978818,25.86147911233998
263.203,1.510204120524314,3.968007264676751,25.86742319126471
265.718,1.5118351541622845,3.9683461301552945,25.873604604536407
268.25,1.5087230496584232,3.968943378360525,25.878703068148013
270.765,1.5085334077447008,3.9695965924707277,25.86805108418299
273.297,1.511308014181438,3.9701767037280664,25.87454883917071
275.812,1.5117234182776342,3.9705789159783804,25.872688147527025
278.328,1.513516758485617,3.9709921126020657,25.87720172560696
280.859,1.510579149003543,3.9714806515449044,25.884113545010724
283.375,1.5095291956088712,3.9722125867813247,25.887880515870428
285.906,1.5110611153549172,3.9725002557330895,25.882797661044933
288.453,1.5105288529330074,3.973274150401971,25.876610524047152
290.984,1.5109528526913216,3.9734800922322577,25.893149839642348
293.5,1.5122901367380956,3.974256374639337,25.89424564957093
296.031,1.5079781381335218,3.9749770169388436,25.905411930301604
298.547,1.5120886547694512,3.9750915537861955,25.907258284538237
301.062,1.5106660493334767,3.975672301359448,25.90799056574507
303.531,1.511745294145565,3.976140211405713,25.90061645546
306.015,1.5101347057417212,3.976629335187411,25.905920330914952
308.468,1.5103727844267227,3.977223643695209,25.90148397461602
310.937,1.5113183423966368,3.9775119384663147,25.903115491979747
313.422,1.5095626648307563,3.9779835025976498,25.91644218988562
315.953,1.5105912918972018,3.9784831498087954,25.9170753065411
318.468,1.508792862466522,3.9788951767797665,25.91969451503578
321.0,1.5100843961339956,3.979343551268616,25.92058059221954
323.515,1.5097681232313038,3.979592311118552,25.919497703784263
326.047,1.5117984914257654,3.9805585457931207,25.930793909763267
328.562,1.5141009170953394,3.980745679094827,25.93566695950065
331.093,1.5093517162161172,3.98101141312694,25.93553467211266
333.609,1.5113515148436738,3.981932538809289,25.938457049054144
336.14,1.5093598221088906,3.982076157154463,25.93984420049205
338.656,1.5114456538006873,3.9826030631655835,25.942614765755366
341.172,1.5091974614401313,3.982802888778468,25.952355486331705
343.703,1.5099271433753871,3.9833551450715476,25.9536314477318
346.218,1.5122850951306022,3.9838831429658987,25.953906790301755
348.75,1.5141016237210536,3.9842168203712114,25.947671847082695
351.265,1.5109289686213765,3.9845226493113843,25.95971112713248
353.781,1.5101240584831646,3.984943091487273,25.956583898762517
356.312,1.5112526799989405,3.9854322078789783,25.970071015931744
358.828,1.510934396403062,3.9858775920031344,25.965465845759496
361.359,1.5111779954749975,3.9864239343769543,25.973400837834742
363.875,1.5116398959636024,3.986757418698218,25.971506213754747
366.343,1.5132777054300837,3.98708906750422,25.9753937408113
368.859,1.5114332358410656,3.9873931413250148,25.979551915769846
371.359,1.5126819031791436,3.9878101026839485,25.985426526069116
373.828,1.5109914832000855,3.988336642265439,25.976547044617668
376.297,1.5103255259909172,3.988472862830452,25.98694064814668
378.781,1.5068566196795552,3.9889360305935493,25.993927245170035
381.297,1.507886592623103,3.9895564368803376,25.99693802099213
383.828,1.511685296763808,3.989880246969566,25.99466847804817
386.343,1.508596975929355,3.989960231716863,25.996131371595382
388.875,1.5130561096528738,3.9906499721023514,26.009083589357143
391.39,1.5100095149096109,3.990849426069192,26.005375401132742
393.906,1.5106590075037327,3.991248657143462,26.00943858428062
396.437,1.5095280206365944,3.992018246221637,26.01286886371738
398.953,1.5087730299657578,3.9922261033079236,26.015504495489456
401.484,1.5109817770464047,3.9924090505119065,26.02442326842001
404.0,1.5124035763452237,3.99288509618359,26.026648159112554
406.531,1.5082348023532164,3.9935611823024035,26.030928136866496
409.047,1.5103328725415486,3.9936269855491116,26.025972910693124
411.562,1.5094409665230737,3.9942469737554016,26.025519890501403
414.093,1.5108652959421163,3.9944997362735593,26.032605551272326
416.609,1.5085828103039511,3.994811785163845,26.036544546682652
419.14,1.5135868511765298,3.995156451032933,26.040422032545212
421.656,1.5111635838921547,3.995706844479516,26.04950104134235
424.172,1.5094468412722266,3.996087150167874,26.039069603586437
426.703,1.5102294147560766,3.9963331964833473,26.041691150527377
429.25,1.5098744345089585,3.9968967739232277,26.054706098188422
431.75,1.5088514775944886,3.9969753062783573,26.048942412495293
434.297,1.5113574353330983,3.997609965282153,26.05391927616156
436.828,1.508550119570021,3.9980080019710074,26.06300042914527
439.343,1.5140899954523581,3.998570430977865,26.065815837888128
441.906,1.5102529479312976,3.9987876596374856,26.071272592367233
444.437,1.5088568546062362,3.9991417078065097,26.07697402073317
446.953,1.5121997320427214,3.99942316961614,26.075455098316677
449.468,1.5095780283911255,3.9997312888496763,26.08517079355151
452.0,1.5068279039231431,4.00032653657082,26.09222367392039
454.515,1.5095735483751116,4.000294650131002,26.08711624496811
457.047,1.5107705826949294,4.000990319752092,26.091618780865264
459.562,1.5103314032522235,4.001436902317671,26.098911295018453
462.093,1.5095517075081095,4.001809469234371,26.1003568171642
464.609,1.5086399736471097,4.002335660379401,26.11027526481256
467.14,1.5094063998711433,4.0024053187981545,26.113520596723777
469.656,1.5108077842344088,4.002713787832398,26.104883773770784
472.172,1.5071900213518976,4.003396715553723,26.117114629461707
474.64,1.5112299638817674,4.003814512916968,26.115615891492872
477.125,1.5096674678934754,4.004229359909601,26.121500294346884
479.578,1.5124879708938783,4.004382909207662,26.132878053526092
482.047,1.5099636918682158,4.00490745306154,26.127417872164976
484.531,1.511008983707775,4.005143768252799,26.128165495468384
487.047,1.5119363803715729,4.005715307894317,26.133348605972557
489.578,1.5117467123503128,4.005693280627537,26.142533890879932
492.093,1.5106672142744182,4.005837406996101,26.145636474784283
494.625,1.5089261868766926,4.006681588059423,26.14259668927369
497.14,1.5096861055925768,4.007065028613452,26.153630240715806
499.672,1.5079270714177486,4.007416055001563,26.15729112274885
502.187,1.5109537889477282,4.007644930115464,26.160262508097908
504.703,1.5114148508288043,4.0082135506376595,26.160779194158295
507.297,1.5121521003606324,4.008732209344932,26.16958760124199
509.843,1.5085350104779578,4.0085712888098195,26.181948314171624
512.312,1.508414663753901,4.00910819343852,26.178218085299196
514.812,1.5130712809537892,4.009442216387531,26.17547078037388
517.312,1.5113936333026758,4.009921586692558,26.18882123046921
519.843,1.5108344680607253,4.010259496137688,26.19363615796633
522.359,1.5090759334084658,4.010737035838164,26.19390230464092
524.89,1.509694438729298,4.011058119958787,26.195775536210913
527.406,1.5115840508681155,4.0115587245399364,26.200156948531678
529.922,1.5094645324459335,4.011923348548118,26.20614929031696
532.453,1.511340369615725,4.012328519562259,26.20573646069013
534.968,1.5095854362746512,4.012705595763026,26.210409857852493
537.5,1.5094448615569218,4.013031663625831,26.226954994237698
540.015,1.508427283526456,4.013233671650946,26.220039838652713
542.547,1.5113884108300897,4.013667245392978,26.2208837720736
545.062,1.5106026407881308,4.01404874791449,26.227000987000622
547.593,1.512899305014295,4.014546390862598,26.22281559421541
550.109,1.512269729895517,4.01463107039552,26.23023799698362
552.625,1.5152653836197114,4.015124952549112,26.233039064013248
555.156,1.5139039844205555,4.015548260649546,26.240649476152388
557.672,1.5089471106602146,4.015900431638821,26.24835610607385
560.203,1.510049814337477,4.016433155134147,26.252975157895246
562.718,1.5090818584872339,4.016490037265402,26.251077488387896
565.25,1.51260288994089,4.017017056791905,26.25118423191862
567.765,1.5108065870835878,4.017244907913928,26.26522049842251
570.281,1.510413202271861,4.017872127040996,26.261364429457522
572.812,1.5105756327749373,4.018145481707862,26.266853825047754
575.328,1.5136719383143507,4.0184681717378545,26.269900389432955
577.922,1.5121207651217252,4.018670715733451,26.269970161957474
580.406,1.505795211182802,4.019140840685164,26.275239841754182
582.906,1.510088731668996,4.019350419160133,26.275987787173094
585.437,1.510986510519528,4.019767764337122,26.28089913684079
587.953,1.50929949169102,4.020207913751544,26.29255377887161
590.484,1.514148734942919,4.0206360061413795,26.300258416192168
593.0,1.5096815998166984,4.020936409161099,26.287348085756832
595.515,1.5115488517883584,4.021310732901238,26.30286086261796
598.047,1.5117956470579066,4.021677195857122,26.3102244744244
600.562,1.5083751101317946,4.021934080916682,26.3105216756228
603.093,1.5136235716232769,4.022410657113837,26.308042382603123
605.609,1.5122643360280614,4.02272627540516,26.322752810504824
608.14,1.5102348631541136,4.023410855465105,26.32322987347181
610.656,1.511070170016877,4.023663950033463,26.319466726357454
613.203,1.5115898716967031,4.024132003289369,26.32198794318268
615.765,1.5087962000794108,4.02443087631289,26.328820425328292
618.234,1.5093265105006495,4.024804524357076,26.335508650302724
620.781,1.511999365623648,4.025125275509697,26.339872382915807
623.328,1.5087395246067103,4.025438237032754,26.352526801193108
625.797,1.5104889437944644,4.0257635756925385,26.35553596378265
628.281,1.507635849767063,4.02632844160578,26.35184244052698
630.734,1.5100088263660334,4.026442448996595,26.360670679869376
633.203,1.5126055061510957,4.026826154556282,26.35823081626708
635.687,1.50876535544217,4.026959011683831,26.362876026547646
638.218,1.5119533328884278,4.027478762221255,26.372833315826703
640.734,1.5092919197006744,4.0277658023414125,26.381352562878003
643.265,1.5078053717175959,4.0282189596272975,26.38473787435264
645.781,1.509067023562191,4.028469477577799,26.380711558844908
648.312,1.5099972947261773,4.028817247675597,26.37927791857012
650.828,1.509553138313418,4.029271544738751,26.398257100186665
653.343,1.5108985701798658,4.029703524524995,26.401311016768574
655.875,1.5112315311926283,4.030006222483082,26.411325625867153
658.39,1.50989777783065,4.030137996598452,26.40742500107468
660.922,1.5117937229707028,4.030725268303046,26.414419398995374
663.437,1.5106271286741573,4.031180458905608,26.417439703812075
665.968,1.5083341966241797,4.031405135805092,26.42257538798562
668.484,1.510809960276254,4.0317224978843305,26.418677480755147
671.0,1.509300429339078,4.031968220451012,26.421777982738668
673.531,1.5113297279147422,4.03248758795008,26.43308981829146
676.047,1.5093898408168807,4.032862449060508,26.436684002384155
678.578,1.5091067482350666,4.033283984166863,26.45083682699988
681.093,1.5077856825122342,4.0336526443277565,26.441779262838804
683.609,1.5097770692890686,4.0340010407950695,26.45066756335453
686.14,1.509404177662292,4.034246227737101,26.454289035385873
688.609,1.5104467796015,4.034687583954733,26.458434470495835
691.109,1.5077316091318607,4.034830387729256,26.466509382028303
693.578,1.511474074678966,4.035323499219338,26.46553119894603
696.047,1.5118030283861423,4.035612500284181,26.472730284378578
698.515,1.5097776242766163,4.036114411577808,26.481169885247738
700.984,1.5103844308624554,4.036483353606318,26.474554951607043
703.453,1.5129419652549336,4.0369796577793124,26.493023945394885
705.922,1.5108843895373445,4.037067148633236,26.493283023501753
708.406,1.5122423409223291,4.037165845490049,26.494584620830864
710.922,1.5089716663492778,4.037805318910886,26.490063357750586
713.437,1.5141394335912064,4.037990997612137,26.511171029481382
715.968,1.5101398010673013,4.038008390855712,26.512872496494136
718.484,1.5125653706533702,4.038614235954084,26.5046506392181
721.015,1.5109514401154012,4.0392219666984435,26.507311029530086
723.531,1.510259353738124,4.039679062874516,26.509428478230305
726.062,1.5078206301392325,4.0400730041142685,26.515141055570673
728.609,1.5115913300156087,4.040503982087661,26.519832211346433
731.125,1.5090551165454877,4.040456269538714,26.52940742334677
733.656,1.5107597071135028,4.041078775349899,26.5355273620763
736.172,1.511322013148201,4.041386178751072,26.535435788851906
738.703,1.5096465389240539,4.0417689131343515,26.53632546106039
741.218,1.5120974782132817,4.042304203342032,26.541380677455976
743.75,1.5178865356009956,4.042457321271365,26.541468442628958
746.265,1.509128507752371,4.042683299765679,26.55238518409933
748.797,1.5146057054388489,4.043040436171929,26.551551303421633
751.312,1.509673897059067,4.043492720902802,26.55830467316606
753.843,1.508047073588273,4.043860969143084,26.561209431907802
756.359,1.5098724411928777,4.044183125175714,26.568925015205306
758.875,1.5096442497925016,4.044668038946473,26.567524528063476
761.406,1.5103402763558076,4.045186587390908,26.57820065933454
763.922,1.5139266256185249,4.045085889759026,26.57931076863467
766.453,1.5102274301849659,4.045808581348176,26.58834899908744
768.968,1.5101173428145203,4.046002208575916,26.598074923581578
771.5,1.5087705264958389,4.046343968332972,26.600891664454643
773.984,1.5085453598582304,4.0465569648300495,26.6125325773371
776.453,1.5106716181909556,4.04719084063214,26.607981073932102
778.984,1.5139725460134805,4.047272135793857,26.60931936340358
781.515,1.5114534836851303,4.0477318234435815,26.61535019866353
784.031,1.511962884731689,4.048320040592608,26.623015947158272
786.562,1.5124076282943324,4.048340928421123,26.63545454447529
789.078,1.51087107862885,4.048749586808699,26.64337440237961
791.609,1.5127995764898186,4.049018240041961,26.643304713240518
794.125,1.5105241180417102,4.0497142557907875,26.650488439734843
796.64,1.5102740406574,4.049659998700454,26.65634164932875
799.172,1.5093251094519153,4.050517902624624,26.654578321843772
801.687,1.5096833212428002,4.050405700669512,26.65804247316763
804.218,1.5128639681855747,4.050782758262996,26.6737372785468
806.734,1.5133374313541956,4.051362539587868,26.67177086683176
809.265,1.5114469614651884,4.051445389721898,26.68321470229486
811.781,1.511156589619477,4.052027219052534,26.679868967628696
814.297,1.5127922051508498,4.0525421942202176,26.682819524121804
816.828,1.5109616864315365,4.05288575057867,26.695458125467383
819.343,1.5086552877918622,4.053105997581213,26.689781274157923
821.875,1.512866235356976,4.05329655170974,26.69530833946751
824.39,1.5140960520026652,4.053977431387607,26.69855419468061
826.906,1.5096519507213337,4.05426780676803,26.707093836107553
829.437,1.5069235076139162,4.054636801416775,26.71427969568782
831.953,1.5091394598010521,4.054971332356442,26.711222185469342
834.484,1.5082048408358222,4.05548936876932,26.718666887048972
837.0,1.5107592257675204,4.055590268754479,26.723449534987736
839.531,1.5099397992877337,4.0562249329561935,26.729149423252874
842.078,1.5103419872545119,4.056624676886346,26.73634303320619
844.609,1.510192820472253,4.056632972363033,26.740244455433977
847.109,1.5092212296487324,4.057156954657245,26.748219255102008
849.593,1.5071733396089493,4.057561507070257,26.753976793222915
852.109,1.5111201648093642,4.0578203170693525,26.75444898095494
854.64,1.5114296288442095,4.058161287489677,26.768188432099173
857.156,1.5126207004481127,4.058737377994937,26.77005270427012
859.687,1.5081805266245292,4.059191371825227,26.775445628154998
862.203,1.5106899235142406,4.059095705971426,26.771368912989136
864.734,1.5107256449725266,4.059898086250466,26.781923205426327
867.25,1.5098691121792096,4.060137035891281,26.78599570398574
869.765,1.5118840444217558,4.060216033736081,26.787432523922377
872.297,1.511940220529585,4.060721284217245,26.79331082032084
874.812,1.508283912635219,4.06114154625235,26.80037947085183
877.343,1.5134691533728983,4.061784695249049,26.802923072559395
879.89,1.5114297222347142,4.061887091677358,26.808896632175905
882.406,1.5112539686417776,4.0623901199793,26.80752329621297
884.937,1.511167148592954,4.062591364494706,26.81470130218212
887.453,1.5132565611677833,4.063048500648807,26.82697817921292
889.968,1.5108939943755204,4.063441726756068,26.82836301525861
892.5,1.5101044606235587,4.0639600042998945,26.829008895138216
895.015,1.5075891169037712,4.064049167250857,26.832028506842306
897.547,1.5113819751511612,4.06453058868232,26.838962547276747
900.062,1.5091470017600932,4.064855045021476,26.858644957458132
902.593,1.5113702705921084,4.065168730326531,26.859874320312397
905.109,1.5123711054386397,4.065630294533384,26.858083313410308
907.625,1.5100606361002176,4.065971489941808,26.864145828812852
910.156,1.5112676998665169,4.066069483958533,26.867840921717306
912.672,1.5112166593800713,4.0666885741613745,26.884744831422964
915.203,1.513025451796544,4.066941260922961,26.881404629226896
917.718,1.5102199037184205,4.067410759095971,26.88427612298199
920.218,1.5112638079465448,4.068001443433767,26.887876617976758
922.734,1.5103590608740907,4.068174668556911,26.893834814590942
925.218,1.509272095474089,4.068511175687998,26.902850349676058
927.672,1.5118994930934901,4.068778504011463,26.90656460347433
930.14,1.5097653127670032,4.069284707034012,26.92129836287436
932.625,1.5103333586310608,4.069845637275548,26.91355051794371
935.156,1.5110006922465138,4.070003883602822,26.928157982692515
937.672,1.5136429412810717,4.070607755177379,26.92060611217407
940.203,1.5129438977702283,4.0708647656011605,26.92723869658636
942.718,1.5088007419610385,4.070932565244498,26.93076100344203
945.25,1.5114909449030447,4.071767336516359,26.943083048130898
947.765,1.5128666668935873,4.071919669073801,26.953877118263584
950.281,1.5108618799752351,4.072102939982948,26.958639585762988
952.812,1.5104588607860014,4.0726830665797165,26.956489861704075
955.328,1.5110566918900261,4.072904232589701,26.967342875406825
957.859,1.5089439522912862,4.073603385737179,26.963661131701446
960.375,1.5101626179202492,4.073745175502737,26.97768479512795
962.906,1.5085465073036106,4.0743786489305105,26.982292863470747
965.422,1.5121435737507767,4.0745642722750794,26.98898335383691
967.937,1.5086638576227673,4.07511731634176,26.993992504984178
970.468,1.5096363401183928,4.075485778810134,26.99292189361664
972.984,1.5085225611705397,4.075674803332013,26.998879771821358
975.515,1.5115718523435158,4.076161378436456,27.011786182783403
978.031,1.5099967553156448,4.076322752694614,27.005602634823703
980.547,1.5104414249654197,4.0768360847471765,27.010490185005416
983.078,1.5090390944047718,4.077388578783767,27.00441078729497
985.625,1.5095535846942219,4.077777825431409,27.014789246392827
988.109,1.513889466736285,4.078033036788202,27.02956421991793
990.593,1.5100321850997103,4.0785595907647,27.02464045898045
993.062,1.5108200938605223,4.078624065690862,27.027855388739695
995.531,1.5149086246400958,4.079015476341409,27.03623394230993
998.0,1.5122038029723088,4.0796777215223985,27.033253615493148
1000.468,1.5086496254011206,4.079970374354278,27.04448417451578
1002.937,1.5116695127851933,4.080441783496947,27.0527043628555
1005.422,1.5096966165119399,4.080978886054278,27.056655911761432
1007.937,1.5092705014716512,4.081214851785213,27.05517168797516
1010.453,1.5132848524278115,4.081412527140439,27.064813205090548
1012.984,1.5107169291486644,4.08167468450867,27.07187098118473
1015.5,1.5088776344228856,4.082551429664022,27.078406432327828
1018.031,1.5116575223916358,4.082785857012403,27.087191535012355
1020.547,1.5093458191132434,4.083282714820045,27.102861210438654
1023.078,1.5121034195447391,4.083497935844725,27.098324280953484
1025.593,1.5128188254060957,4.084032048454104,27.10386698440494
1028.125,1.5104556007329009,4.084452496655683,27.105933136172176
1030.64,1.5109550728780001,4.084839626935304,27.112899154849256
1033.156,1.5115211378247273,4.085269383006516,27.122403217710307
1035.687,1.5128328607882569,4.085462824857991,27.126370254995518
1038.203,1.5096753128901717,4.085904433562642,27.135436420421765
1040.734,1.5101318237162051,4.086238707429638,27.14364926956926
1043.25,1.5115338922682924,4.086897182697291,27.14799151241681
1045.781,1.5112255241068109,4.086870074802591,27.156195201911128
1048.297,1.5131381891219338,4.087532618387487,27.1633896104427
1050.812,1.5109227610861062,4.088175133271667,27.167266303376636
1053.343,1.5106232030853088,4.08838936755111,27.165067428826113
1055.859,1.510552119363887,4.088913195999229,27.178012190093003
1058.328,1.512578294955544,4.088831206593465,27.179157478000075
1060.797,1.5144991562447334,4.089602669608664,27.188778356459878
1063.375,1.5150815718358461,4.089586077333518,27.193868347053368
1065.89,1.508933890407694,4.090205450004229,27.200865029834844
1068.422,1.5128177015878814,4.090906338716076,27.19863805679876
1070.937,1.5112537887943578,4.090995234743932,27.205905729110846
1073.453,1.5132065301135527,4.091644807068151,27.204990344536416
1075.984,1.5087708563179456,4.092056331377495,27.213407693925173
1078.5,1.5098357300043,4.092259024052387,27.221106815611606
1081.031,1.5127365534676385,4.092694987178754,27.23069651219812
1083.547,1.5087227251280846,4.093161352974218,27.231884166269605
1086.062,1.5067761318059927,4.09356082821361,27.23941385114047
1088.593,1.5135330994810727,4.094257220708099,27.240865182168434
1091.109,1.5115124607570938,4.094610432247729,27.242105228908432
1093.64,1.5134132199475103,4.094884649861496,27.24863740373833
1096.14,1.5096606160665873,4.095280070056179,27.26086009366909
1098.625,1.5068132490600854,4.09570931993176,27.26682790793015
1101.14,1.5105866681253068,4.095877086623319,27.265990864516464
1103.656,1.5090853059223912,4.096360182438828,27.266100270708247
1106.187,1.5104870065015326,4.096807719887008,27.27899632364433
1108.703,1.5111303152858195,4.097216763566045,27.278072616334747
1111.234,1.5085756842517546,4.0976273867762485,27.294725944261344
1113.75,1.5078303360398886,4.098112581986227,27.296200336711628
1116.281,1.5100628236693778,4.098448096462505,27.297994351336175
1118.797,1.5117497536185334,4.098952688949346,27.309714478457003
1121.312,1.5104767656867448,4.099614112669527,27.31640096204903
1123.843,1.5107806804629398,4.099789145600072,27.31890802822514
1126.359,1.5115200817991539,4.1001946681437,27.327973931561278
1128.89,1.5108772159140782,4.100565631745503,27.33765033941775
1131.406,1.5113846719942938,4.100866309756249,27.347693617701516
1133.937,1.5132931837366246,4.101254615249219,27.351417839036888
1136.453,1.512703659536905,4.101674905357627,27.355957131579956
1138.984,1.5113799127995573,4.102299523003819,27.357260254125787
1141.5,1.5120624443911728,4.102471870351012,27.372716571491203
1144.015,1.5120428408220012,4.10306771520941,27.380808236381455
1146.547,1.514085125239821,4.103727391988829,27.378972004667098
1149.062,1.5096790681425756,4.103820545667767,27.386908073739004
1151.593,1.512233713030719,4.104088435362145,27.389281524062223
1154.109,1.5097757391671178,4.104865630978552,27.396093976407062
1156.656,1.5136555214233716,4.105269628782607,27.404848323413162
1159.125,1.5131362319900845,4.105529952324134,27.414507529934077
1161.593,1.5110510406143232,4.10592307118063,27.416411608534116
1164.078,1.5072062526189312,4.106610224215547,27.423258539470254
1166.593,1.5120697724889767,4.106883274937378,27.423050491986658
1169.109,1.5127714492405344,4.107538348662273,27.426394648593497
1171.64,1.5101195171135384,4.107835328854677,27.425959054964878
1174.156,1.510620203000695,4.108320821430707,27.44030691909553
1176.687,1.5117692803418934,4.108784000347052,27.440482554963726
1179.203,1.508451502589217,4.109129523427789,27.44684448044549
1181.734,1.5129726114519657,4.109257940147877,27.46060705980239
1184.25,1.5088412772857778,4.1099137812898405,27.466379563472092
1186.781,1.5110278411321505,4.110482537267966,27.467080479763275
1189.297,1.5146316067041417,4.110557502481033,27.466175669557078
1191.828,1.5101995425660024,4.111222041761301,27.477338960381214
1194.343,1.5099309590967336,4.112063395953032,27.4813213014458
1196.875,1.5068599210153912,4.112122725046229,27.48518798364542
1199.39,1.5097203860942623,4.112629629555204,27.493568927349276
1201.906,1.5064093501723486,4.112894657494908,27.503196091326906
1204.437,1.5118444987707313,4.1130243334436525,27.50914753179812
1206.953,1.5097462047969277,4.113767148367404,27.514933148366428
1209.843,1.511035978623139,4.11422663466952,27.516657785992212
1212.453,1.5150658114698148,4.114526824979152,27.522595566743618
1215.047,1.5074144754526573,4.115382429991252,27.535311650386404
1217.609,1.5104367744533387,4.115511524204611,27.537636301843698
1220.172,1.511715639935994,4.115983491188406,27.542654802721046
1222.734,1.5095651534853696,4.116651589500179,27.557057250978247
1225.312,1.5118733522012175,4.116730001410009,27.55725952845078
1227.875,1.5097866678434542,4.117681327661069,27.568923196708763
1230.437,1.5113029201455666,4.118007449943325,27.57096192619395
1233.0,1.5139676342761688,4.11802366951177,27.5735098948179
1235.562,1.5101468048703601,4.118619980942851,27.57686835546573
1238.125,1.5088948288487427,4.119401120165479,27.579201767262358
1240.672,1.5119261735920038,4.119755748061687,27.592199944795667
1243.234,1.5120063661603393,4.120254849472089,27.593947822346284
1245.797,1.5124486877978016,4.120655521686522,27.605988431949424
1248.359,1.5115053527842244,4.121032395179633,27.605872963957093
1250.922,1.5133534293939581,4.121453361558483,27.615941771558756
1253.484,1.5103507597123447,4.121919871563414,27.621358505716273
1256.062,1.506813594923415,4.122635781373525,27.63206853099655
1258.625,1.5108737820996463,4.12272101171323,27.625015734733925
1261.187,1.5135286345275338,4.123297513544622,27.64032012029601
1263.75,1.5080088172386428,4.123641316829099,27.644509529578446
1266.297,1.512066460050036,4.124126975255742,27.6436686741047
1268.859,1.514579996422723,4.124542311914575,27.65042213828579
1271.422,1.5109391746357075,4.124920421902037,27.66056439044277
1273.984,1.5103485709701037,4.125342160255801,27.667739058230193
1276.547,1.5077151394051107,4.125936070581068,27.677280972323437
1279.125,1.5091626390032502,4.126496847614068,27.680089137001367
1281.687,1.5097899158899046,4.126772372914211,27.68526679376284
1284.281,1.5120371007688371,4.127254656638089,27.693378106759774
1286.875,1.5112676374668537,4.127788174675198,27.69457564586348
1289.453,1.5123708290832976,4.128365561484122,27.707926773103495
1292.015,1.5140669073002824,4.128859749842691,27.71683383859856
1294.562,1.5120538592897572,4.129285059269177,27.723334881377056
1297.125,1.5090089749992703,4.129571723135059,27.72797213609439
1299.687,1.5121870761669978,4.130144248024329,27.738518863631633
1302.25,1.5093028375971924,4.130636013835902,27.741376953276937
1304.812,1.5090210578768557,4.1309497259518455,27.73879704307683
1307.375,1.5115718224152086,4.131453725596516,27.75671665869232
1309.922,1.512254553672292,4.131930228826959,27.754305081250454
1312.484,1.509953338013621,4.1324926209387645,27.764760368215647
1315.047,1.5096634401027533,4.13283746640226,27.774142846301338
1317.609,1.5090183925236085,4.133312403380224,27.78138236101081
1320.172,1.5081261133870987,4.1337080534130495,27.779314549217574
1322.734,1.510293866624602,4.134161295846509,27.78814265616071
1325.281,1.5096971977389957,4.134562737201062,27.786917508417336
1327.843,1.510983113984293,4.1351272431186485,27.790559571667114
1330.406,1.509311048882668,4.135704837605525,27.80061960002747
1332.968,1.5106694037377981,4.135886262466786,27.81104997387606
1335.531,1.5102953703825277,4.1363132617526706,27.810459666965208
1338.093,1.5080206687686661,4.13703043220965,27.82543151987155
1340.64,1.5104540845417607,4.137644781650265,27.83478186771589
1343.203,1.5106375158878345,4.13794344700044,27.844879254894103
1345.828,1.509817773120929,4.138627694869267,27.845918211847156
1348.453,1.5120739515675587,4.1387463076417115,27.854834727969234
1351.093,1.5084910743578877,4.13905602034129,27.858513902106797
1353.656,1.509522980734438,4.139734513574376,27.860741977027082
1356.203,1.5089813293527385,4.14025508424276,27.868133440718964
1358.765,1.5114036996368299,4.140757480916911,27.875797854673824
1361.328,1.5128266100550456,4.141394457838714,27.87740426403884
1363.89,1.5111590618897126,4.141698202717964,27.885062178605473
1366.453,1.5107089790319013,4.142168312987051,27.893735678875466
1369.015,1.5121452935471498,4.14269580947498,27.895499060637665
1371.562,1.5105533285842498,4.143164499112696,27.909343440267154
1374.125,1.5107408287275172,4.143659060523818,27.913594205628737
1376.687,1.507605751700466,4.144173354240905,27.923220481671706
1379.25,1.5142235490792377,4.144487177146224,27.93205885932832
1381.812,1.5114400907911443,4.145141609057394,27.941776564991297
1384.375,1.5115575156362129,4.145373672709422,27.94367565286261
1386.922,1.508030781950287,4.146051155758951,27.951981122663994
1389.484,1.5134846346250472,4.146243312112712,27.954587614282925
1392.047,1.5104368031280466,4.146895703792101,27.960708979116088
1394.609,1.5100315728942828,4.147442951967356,27.969021331137892
1397.172,1.513039355766533,4.147698472657254,27.97555012910178
1399.734,1.5120305313115792,4.148335576615202,27.98257831869233
1402.312,1.5127710858532724,4.148600589279515,27.989912861150724
1404.875,1.511493004795556,4.149264155560198,27.997908403024564
1407.437,1.5125349809702953,4.149659055488317,28.00924609731601
1410.0,1.510859660359039,4.150207264206706,28.012131850500133
1412.562,1.5100220536625113,4.150457604406386,28.01041062713212
1415.109,1.5112143699719085,4.151201565380495,28.02314578526289
1417.672,1.5125720935729967,4.15147669884633,28.02256686653814
1420.234,1.5087852829843862,4.152010887696586,28.03355736443423
1422.797,1.512049236678906,4.152708005694125,28.04286268691158
1425.359,1.5136826470285476,4.1528581779914004,28.051019104425244
1427.922,1.510291498397204,4.153340372264523,28.057236979784395
1430.484,1.5112859328975106,4.154081462868791,28.058854273731125
1433.031,1.509313586059341,4.15455286152553,28.065731720844948
1435.593,1.508526853238369,4.15486166668203,28.072093143666265
1438.156,1.511179379494018,4.155532918455166,28.079071140949296
1440.718,1.510820746915347,4.155884141297054,28.085015601491218
1443.281,1.5156270209777256,4.156348723676021,28.08886939154691
1445.843,1.510780740655061,4.156792195801767,28.102956498628824
1448.39,1.5097446410212154,4.157397654350868,28.116064176213918
1450.953,1.5121833310016248,4.157895037838008,28.113750330778426
1453.515,1.5135367607145205,4.158155008582065,28.119084569746708
1456.078,1.5140050149456006,4.1587061097942835,28.13135339685623
1458.64,1.5142377977481174,4.159260998957931,28.137284027208068
1461.203,1.5127055033944,4.159892658352381,28.142061935712054
1463.828,1.5079046939849645,4.1602237198135,28.151239608458855
1466.484,1.5125470836001607,4.160654487765787,28.159333190235884
1469.078,1.5096658896943191,4.1610039760826885,28.170914622890987
1471.656,1.5114932311034914,4.161467168801022,28.174062420599405
1474.203,1.5129120676148977,4.1620274951795455,28.176051879713782
1476.765,1.5102428999902424,4.162489354740844,28.188995671706987
1479.328,1.5115214726702062,4.1630399331444705,28.192100051443354
1481.89,1.5120132602194862,4.163501619386349,28.201419217770425
1484.453,1.5126815704859784,4.16392061358904,28.22233171758218
1487.015,1.512013998669229,4.164328373160048,28.218298852828223
1489.578,1.5137306531664394,4.164862781457622,28.22704868929735
1492.156,1.5103834388948876,4.1653111418619835,28.23026885417839
1494.718,1.5096790483124625,4.165768833699091,28.241496608933655
1497.297,1.511130340410251,4.166155528650863,28.243453316811223
1499.859,1.5124836545561366,4.166748776669747,28.251521950958402
1502.422,1.5096679851787158,4.167205893836359,28.2654449093304
1504.984,1.5091721930335575,4.167987708355585,28.27507748695472
1507.547,1.5130443205927586,4.16827534854889,28.273552292586455
1510.109,1.512164796694143,4.168915035120897,28.279975320719714
1512.656,1.510614575139233,4.169334370045719,28.295812465243806
1515.218,1.5138832069412471,4.169654677707671,28.29714129125538
1517.781,1.5113648385004466,4.170112802513971,28.30860396576217
1520.343,1.5127961715923548,4.170634444294456,28.31753241620382
1522.906,1.511261942461432,4.171122346041279,28.323409866898757
1525.468,1.5077461587766092,4.171685669739724,28.331056523216276
1528.031,1.5136532560438145,4.172200531895685,28.3323362578288
1530.578,1.5118815875839353,4.172615279765375,28.343746818709988
1533.14,1.5119824739530847,4.172965941782247,28.350945744915798
1535.703,1.5092953466737489,4.173541057603612,28.362066740110823
1538.265,1.5129042745347934,4.1738411171536915,28.369556260866375
1540.828,1.5135062595243476,4.1744673468690054,28.37609809262666
1543.39,1.5110366361319676,4.1748667421437355,28.38086466563899
1545.937,1.5126440294417425,4.175296665617662,28.388938373856522
1548.547,1.5119880048241159,4.175783550296822,28.400017027380144
1551.156,1.5142878666848807,4.176518698137508,28.402885488126582
1553.797,1.5110802272593822,4.176876427540047,28.4116059898351
1556.359,1.5101074988727965,4.177393199027653,28.42689879215831
1558.922,1.509448137177584,4.177862185636695,28.4288502163615
1561.484,1.5112522339185361,4.178315048020914,28.437195101808165
1564.047,1.5108684111024009,4.178683940813776,28.448168411685963
1566.593,1.5101036220752262,4.179359585866345,28.456722007018872
1569.156,1.5097497756396685,4.179774837596122,28.460291713932133
1571.718,1.5083410046503385,4.180064672477148,28.47274528179925
1574.281,1.507239986264138,4.180840933650652,28.47391338366855
1576.843,1.510610641200692,4.181334477327161,28.48828135711119
1579.406,1.509318691460578,4.181847605219691,28.49500100636484
1581.968,1.5107888961321392,4.182112459680701,28.507124059682635
1584.547,1.5106094699591828,4.182711488011586,28.51226015503379
1587.109,1.5132251721404164,4.183099252732762,28.52381421283081
1589.672,1.5089892383368197,4.183577416164327,28.53130768876676
1592.234,1.5119422552503423,4.184178794304472,28.538542846405274
1594.797,1.5119192929124072,4.184492032290901,28.538091878110382
1597.343,1.511791860044209,4.185152984919668,28.54991337824617
1599.906,1.5093901074717595,4.185575950824731,28.56715851743662
1602.468,1.5121900975598783,4.185962049583708,28.56779436754335
1605.031,1.5111006822827384,4.1865226835406855,28.57839717239986
1607.593,1.5121172324611514,4.186839153463206,28.587559064352423
1610.172,1.5122115803511529,4.187375383235891,28.596809241533386
1612.781,1.5116412705179518,4.187860665004615,28.610822668947627
1615.406,1.5106720527047848,4.1885585240270045,28.610444508048186
1617.968,1.5117741427992222,4.188932182777639,28.621370876507665
1620.531,1.5097257152945334,4.189316558545501,28.629476403712196
1623.093,1.508504406848289,4.189888283212617,28.625573057417878
1625.656,1.5109605771505976,4.190107997342711,28.64289832560681
1628.203,1.511326660444618,4.190662466518756,28.648128521741594
1630.765,1.5104722470305874,4.191335492623245,28.65869889395613
1633.328,1.5112992782392984,4.191523905912417,28.666255860662737
1635.89,1.50792143416412,4.1925486934841745,28.666075532335324
1638.453,1.5101527516826836,4.192609041165192,28.673463882204338
1641.015,1.5116201860682652,4.193356188323699,28.69131629193708
1643.578,1.5090117296445387,4.193340203509788,28.68808116206995
1646.125,1.510669746593277,4.194082707677861,28.69680498834377
1648.687,1.5101152788907373,4.194691195826828,28.709726080913576
1651.25,1.5106367053149832,4.195246997001869,28.71649569535602
1653.812,1.5110547499644285,4.195251263677888,28.725344080001335
1656.375,1.5143029293517882,4.19593781395933,28.723804353980494
1658.922,1.5126420489442525,4.196627610341071,28.737878515774547
1661.484,1.5138119167709583,4.196614859220225,28.746149137435
1664.047,1.5114898349791608,4.197709749038426,28.756008479003953
1666.625,1.5134582477305092,4.197926766941027,28.75959594097969
1669.218,1.5100805756553661,4.198213696369904,28.772112350389165
1671.781,1.5099024842426216,4.19856382748372,28.78189938901878
1674.359,1.511170555102709,4.199091612744307,28.793523542237963
1676.922,1.5099406727117766,4.199596148995641,28.806725139858056
1679.468,1.5114215697219313,4.20005109697487,28.807227140737247
1682.406,1.5112891867146467,4.200595543403285,28.81981608446321
1685.125,1.5124225827540196,4.20113055143046,28.830328123965387
1687.797,1.5110510387609895,4.20152177820389,28.834955642590902
1690.515,1.5086604980870852,4.201970809352202,28.852553590443797
1693.203,1.5090967425288189,4.202518411650185,28.86257116949728
1695.937,1.5120023341305062,4.202955911838597,28.86646915867492
1698.609,1.5062607681482438,4.203251660374216,28.881576390210792
1701.328,1.5053033463961336,4.20359886164759,28.888002432925
1704.031,1.5074469191295359,4.204015196516227,28.899842080996514
1706.75,1.504916188227545,4.204498790952572,28.90340741604138
1709.468,1.5061729439458904,4.205041275523077,28.920722579693138
1712.14,1.505135183032501,4.205366219494384,28.930015955139393
1714.859,1.5023882552382746,4.2057090430672055,28.944466098822364
1717.531,1.5059432446930645,4.2061700585483734,28.94821061593484
1720.25,1.5022249372956533,4.206535886037028,28.964936465023754
1722.922,1.5013480008228455,4.206860104251762,28.969409605935486
1725.672,1.4930027521778353,4.206221651458107,28.981810708742067
1728.375,1.4794179580983107,4.205934380526995,28.991427402430208
1731.125,1.4712288783079432,4.205231907424713,29.00318602009451
1733.797,1.4726079494476794,4.204936153289597,29.006918146468905
1736.515,1.4701778777582069,4.205497871694978,29.021572883990917
1739.187,1.4718731146230055,4.2059218383292345,29.028204359510724
1741.937,1.4563814206301848,4.205415376300589,29.03288190853955
1744.609,1.4591805622090694,4.205569165239088,29.049631489958216
1747.375,1.448048557369418,4.204897904106514,29.051579558413735
1750.047,1.447814737828562,4.205136650694822,29.06125737511536
1752.765,1.4477852183918485,4.205319408981881,29.070816394466167
1755.437,1.4497913503419937,4.20559297411362,29.08063549885959
1758.156,1.4477218389818287,4.205805524419415,29.08569846324854
1760.828,1.4438687314819794,4.206265870491465,29.099649679171197
1763.547,1.44595942914595,4.20639890469647,29.106739667884728
1766.218,1.4447730428231536,4.206753638592223,29.117504562595524
1768.922,1.4372274261698015,4.206123042511275,29.119008474794352
1771.672,1.4262968498875446,4.205456794164856,29.12701865576462
1774.406,1.4251892232495496,4.205905078033648,29.135937407978734
1777.125,1.4236628419479729,4.20580898550605,29.14279939944442
1779.797,1.4240551327993018,4.206334754918483,29.159470931314715
1782.515,1.423411686464158,4.206451676247559,29.167324877206756
1785.187,1.4209725676107456,4.20687794083226,29.16992153800844
1787.937,1.4148031348078927,4.2062640883970435,29.17875978737477
1790.64,1.404411445521787,4.20535524481139,29.180542569538538
1793.359,1.4023166970433845,4.205583010100053,29.193676440394835
1796.031,1.4040963481955713,4.205560274845295,29.198650252912753
1798.75,1.4020240543925941,4.206053767417854,29.210230361507033
1801.422,1.402708661241448,4.206211416026592,29.213246628281627
1804.14,1.4001983776753253,4.206262657248112,29.22714944418914
1806.812,1.4013779885529607,4.206718735190318,29.233365316133575
1809.562,1.3897116544075305,4.205943413603211,29.23637637899461
1812.265,1.3789001109962689,4.205398478199828,29.24873971480724
1814.984,1.3830862748254553,4.205676339308729,29.247943295302452
1817.656,1.3799257789949728,4.205755430932111,29.26299718646295
1820.375,1.3802100353637485,4.205968303841727,29.266325113144017
1823.047,1.379799622823904,4.206249932676718,29.272004806403334
1825.765,1.3790909050406897,4.206552729228633,29.279340365803975
1828.468,1.3698105893923287,4.205918161010201,29.287626101927863
1831.187,1.36711089692103,4.206041319168397,29.29354320677438
1833.859,1.3673672539773987,4.206326753299592,29.304247249414665
1836.578,1.3680106842672892,4.206564697039644,29.31240804542682
1839.281,1.3573271148025063,4.2059964776112775,29.320999088160185
1842.031,1.3476399147215206,4.205240622346805,29.324549416842967
1844.703,1.348373147283245,4.205536905505612,29.329265529649714
1847.437,1.3463402166652965,4.205634629047642,29.34186286291246
1850.093,1.3453078409279826,4.2056273162382345,29.341716588307907
1852.828,1.3472728584889961,4.206058845786196,29.358202548227084
1855.515,1.3478295927005022,4.206292894243534,29.360566441218356
1858.234,1.348410086415619,4.206505896416314,29.36734322066202
1860.968,1.3431936450418032,4.206624569808617,29.37673978274597
1863.734,1.3337391416223485,4.20619008499085,29.383074221822643
1866.422,1.3208064478592305,4.205304256717899,29.38484021585212
1869.203,1.3258599543020422,4.205744868578825,29.38601686025569
1871.922,1.3268496171006892,4.205451382883108,29.393162177741004
1874.593,1.3227881371625936,4.206081463150354,29.407292716464656
1877.328,1.3226094527464767,4.2062009877927995,29.414740538108834
1879.984,1.3239293586948528,4.206187757099836,29.406660144837353
1882.718,1.3245991437907023,4.206618699778326,29.415440612808446
1885.406,1.3138450923301053,4.206119768622769,29.414171754598232
1888.125,1.3118091166517842,4.206066329385443,29.421789787582256
1890.797,1.3113879370794403,4.20659774514789,29.424537612910573
1893.562,1.3016761701818151,4.205943869343468,29.43441004570321
1896.218,1.299267477096678,4.2061926543136545,29.43975686932584
1898.953,1.299176675390077,4.2062435964691725,29.441507678557404
1901.625,1.298526137453965,4.2064689090639895,29.44671957300963
1904.343,1.2951264891907912,4.206593194388128,29.45086419247008
1907.047,1.281226596500209,4.206005972031386,29.45491382363232
1909.781,1.287850500955244,4.206298649290543,29.461842273242084
1912.453,1.2879205064487533,4.206432599109783,29.466405582371017
1915.172,1.2883950322012914,4.206785379734661,29.461869637976722
1917.875,1.2799885449190478,4.206069973312532,29.475348546842184
1920.593,1.2781404185706522,4.206446409189398,29.47982372258656
1923.265,1.279597236826876,4.206770743268948,29.47596010014606
1926.015,1.2664441122090657,4.206049610396363,29.485294972673096
1928.687,1.2652230040874597,4.205986328260481,29.486544110053444
1931.422,1.2657765667671337,4.20634457099951,29.495947168796434
1934.109,1.2660522287711216,4.2063209247274775,29.490804614750672
1936.828,1.2660677571169952,4.2067955717506695,29.492018799497913
1939.531,1.2557872566107224,4.206010763920649,29.499881064725695
1942.265,1.2535132981060921,4.2061491718950546,29.50511227443767
1944.937,1.2569302978266084,4.206412762610363,29.50898838557872
1947.64,1.2524382224977928,4.206770349358184,29.516821364597977
1950.359,1.2556623714855992,4.207029937168701,29.512772051069174
1953.078,1.2508517085302981,4.2072674757944934,29.519297838425864
1955.812,1.2502704405221996,4.207248470591412,29.51982013866516
1958.484,1.252744926559757,4.207626065362273,29.51458548072157
1961.234,1.243115299831281,4.207104572439905,29.520071402134647
1963.937,1.2263107657540546,4.206183636813975,29.531488855285176
1966.656,1.2266384816758824,4.206387475479636,29.53431060323903
1969.328,1.2293640628900233,4.206937760954771,29.52541135768415
1972.078,1.2231881971000693,4.20632338645899,29.53261739061885
1974.75,1.2201425012379126,4.206444442447946,29.53853078904788
1977.468,1.2224324106360693,4.206650285640009,29.53339113852727
1980.172,1.2101461372569964,4.206103979974475,29.546221618228955
1982.89,1.2080077411490246,4.20627610746268,29.540974670891327
1985.562,1.2078369677427099,4.206567773354569,29.54424100769246
1988.312,1.198534737661123,4.205860681409326,29.55428638788662
1990.984,1.2009355665026313,4.205783048208163,29.55338132317461
1993.718,1.1962048368856324,4.206078695160191,29.554123154959225
1996.375,1.1954420504218075,4.205866245301241,29.557325141447528
1999.109,1.1976691041266674,4.206469190151951,29.55533119073273
2001.765,1.1962700217109166,4.206506029827072,29.555378717034728
2004.5,1.1994640321670103,4.206989040390345,29.55994783286164
2007.156,1.1953018897989869,4.2076051053439425,29.55515179010346
2009.922,1.1865205031919381,4.206810595640321,29.554736010763765
2012.609,1.1768432552234047,4.205978065646785,29.56175963947799
2015.343,1.181486710765521,4.206016504363913,29.568461379551938
2018.015,1.1730898878899763,4.2064825390894764,29.56285718485395
2020.734,1.1759612094619705,4.206490920799758,29.569395769281424
2023.406,1.1741186546430162,4.2071090393022,29.57273304667111
2026.14,1.174506045220281,4.206912275429173,29.568344488609412
2028.812,1.174521928737235,4.207524696414231,29.57085725516754
2031.484,1.1728334092135195,4.20770048176,29.572741505985853
2034.203,1.1658499143359065,4.207431645716266,29.5721242281906
2036.937,1.1531984801765967,4.206386758318694,29.571306418505664
2039.656,1.1502463504345921,4.2069133579692295,29.571587490687726
2042.375,1.1517592787435615,4.2067872337623475,29.572551085780937
2045.047,1.1526404223618856,4.206990634269179,29.5733380061348
2047.781,1.1532512367272212,4.207151429494463,29.574314879183014
2050.453,1.1480455123122362,4.207234822843827,29.5629955495554
2053.172,1.1515934172007574,4.207667191817838,29.567864413178363
2055.875,1.1419486739060984,4.207509835749722,29.56762147199664
2058.593,1.1375069307523826,4.207456225734783,29.566363420738966
2061.265,1.1406591244387612,4.207288980690051,29.563304418676687
2064.0,1.138393772848979,4.2080024879914255,29.571214783956737
2066.687,1.1291441392715822,4.207230445179657,29.570594723309235
2069.406,1.1281918725594176,4.207423087625441,29.55685821513605
2072.078,1.1305342620157282,4.207415249576384,29.565591109619792
2074.797,1.127835555840981,4.207928232180497,29.56076925740597
2077.5,1.1173982597896042,4.207229659232519,29.561027408378557
2080.218,1.1182946804313592,4.2073898834254795,29.563515189305626
2082.89,1.1199714908454075,4.207609104751226,29.562431812868265
2085.656,1.1039253564306484,4.207308285019921,29.566923320164154
2088.343,1.0963555025195217,4.206360129286367,29.56652807049364
2091.078,1.0967356968698123,4.206424530077213,29.560762757566646
2093.734,1.095150194560039,4.206525603459493,29.563086388743503
2096.453,1.0957956262805029,4.206985928656824,29.554719972806005
2099.125,1.0988825819559849,4.207347527600812,29.555033805080022
2101.843,1.0935205402774875,4.207410725231698,29.555882442235944
2104.515,1.0976221427822164,4.207372090336922,29.559098800005625
2107.609,1.0976328626002299,4.207813004878017,29.55218290362015
2110.484,1.084973787644776,4.207177050327002,29.554005132003056
2113.297,1.0840695368356965,4.2074629286937695,29.5399002244896
2116.125,1.0860018212717844,4.207893181797904,29.53646259397116
2118.984,1.0744887971006807,4.207260335986341,29.54016430073003
2121.812,1.0725806911848217,4.207332141208669,29.53623892921992
2124.656,1.0753358670683753,4.207600886126418,29.52976205231644
2127.531,1.0633612387731932,4.207069983228134,29.529485463304212
2130.375,1.0628217742784682,4.207264243254026,29.531491296287523
2133.265,1.0607477839120896,4.207289270861765,29.525512152040037
2136.093,1.062184768399324,4.207583416214303,29.523950094138034
2138.937,1.0502598431527532,4.207534003079254,29.514460425608366
2141.75,1.0534336506826876,4.2073555134059175,29.515293686461618
2144.625,1.0512423693338464,4.207662358760563,29.51358589730714
2147.531,1.0430460071577365,4.207066902356946,29.512112399799484
2150.422,1.039408755472177,4.20690560105483,29.507404803231886
2153.297,1.0408851611265357,4.207503419009349,29.501657010688273
2156.172,1.0437546505333204,4.2075667632039,29.496894453534004
2159.078,1.027563548509457,4.20679795429459,29.487265470315524
2161.953,1.0311639491798237,4.2068976809551435,29.486910602743155
2164.828,1.027068550294905,4.2071232645516075,29.490602178438294
2167.703,1.0276485048149604,4.207204102255739,29.4873274180534
2170.593,1.027167301149101,4.207542455621515,29.488397698104308
2173.468,1.030816790468597,4.208157764785352,29.47726363581252
2176.343,1.0267583492348993,4.208328039756151,29.47873966842568
2179.218,1.0248603983007571,4.208314273930017,29.4734963073776
2182.109,1.0274360901613282,4.208389000361795,29.463139854469205
2184.984,1.0235445103680347,4.208958275261666,29.46405260560562
2187.89,1.018535544352116,4.208358949428946,29.46322713900671
2190.797,1.0062117885913953,4.207560491691347,29.454593439909175
2193.672,1.005186422191923,4.207718308158204,29.44578469190533
2196.547,1.0089416950392556,4.2082235454357395,29.44640007987138
2199.422,1.0052305210634647,4.208391994937571,29.441996784414638
2202.312,1.004736960228878,4.208659720828633,29.43227628145919
2205.218,0.9949176084531134,4.207797073893509,29.42987546223619
2208.047,0.9845278312111075,4.207141540160658,29.4255687251572
2210.875,0.9820987663043633,4.207277196007017,29.41862357948241
2213.718,0.9821030672900712,4.207694298707727,29.421116301083597
2216.609,0.9743048348611293,4.206988737404989,29.410539027963093
2219.484,0.9724308832270164,4.207065403243239,29.407912645130946
2222.375,0.9711531275339598,4.207180569029846,29.395513600709684
2225.187,0.9720187147339812,4.20748314858871,29.404085705250026
2228.015,0.9717838004012259,4.207637216339805,29.388910122455783
2230.859,0.9697153110761367,4.207696151942118,29.383140561011256
2233.734,0.9748276450923975,4.207883429888902,29.38396903161843
2236.625,0.9669164549225576,4.2080004551227015,29.375642734563073
2239.5,0.9698203513087509,4.2084697337677675,29.36619516293751
2242.375,0.9699708672435038,4.2085004935539825,29.35920719978158
2245.187,0.9703711331080492,4.208804086593981,29.3516840966353
2248.031,0.9580148842955525,4.208271296922612,29.35027068156487
2250.906,0.9518134651229619,4.207530495917834,29.34631381357116
2253.781,0.9461705931571172,4.207724471989687,29.349175600523708
2256.656,0.949350054238595,4.207850550747398,29.341986882569426
2259.531,0.9485987269492043,4.2078687906123475,29.33660083395539
2262.422,0.9469824749051866,4.208271890591178,29.32707633144543
2265.297,0.9484548771608315,4.208362042315543,29.327022812452963
2268.172,0.9466111651460933,4.208210071078489,29.312101735011968
2271.047,0.9458437215558262,4.208811051768955,29.310238034776138
2273.89,0.9373371174032376,4.208430985158315,29.311597401087923
2276.734,0.9263283944218219,4.207655903040022,29.2999763410896
2279.578,0.9270604158560475,4.208027811297883,29.298461184561933
2282.437,0.92773606020582,4.207740594663999,29.28459919020383
2285.312,0.9276300066805955,4.207964185225985,29.281698895993078
2288.14,0.9313297771696724,4.208078824038998,29.273406708380225
2290.953,0.927638024723924,4.208307898259696,29.27371952497885
2293.797,0.9229762455452952,4.208657343159721,29.26060827079225
2296.703,0.9164599737806015,4.207623699906021,29.25824635061617
2299.593,0.9146538502503838,4.20806307901877,29.251895258074704
2302.468,0.91430569994555,4.208281688016814,29.2459159578391
2305.343,0.9125581199470284,4.208342290473885,29.232968982816303
2308.218,0.912194608199065,4.208465054741211,29.225565973496447
2311.031,0.9119883765875723,4.208591105512996,29.226332237732944
2313.875,0.9048484631388255,4.208360163387574,29.22331261693809
2316.718,0.9018989821065085,4.208156485934446,29.215297297473526
2319.593,0.9044066193622288,4.20862544827557,29.202545414636493
2322.5,0.8932548674425033,4.207614066266389,29.198242977465743
2325.39,0.8916081016869433,4.207985676233508,29.183956574633694
2328.312,0.8929084418694349,4.207992400623946,29.188720019551834
2331.187,0.8924252402688173,4.208014798808155,29.17243549254174
2334.015,0.8894939692421993,4.208237716372377,29.16486240519535
2336.859,0.8932108611992988,4.2085710760474315,29.15703151062778
2339.797,0.8795689035965243,4.2077484715085385,29.158491592968502
2342.687,0.8807907069254325,4.2079996652298775,29.14577956991159
2345.515,0.8815104295616115,4.208101928872695,29.14326272481787
2348.328,0.8795917390259608,4.208300340366067,29.135158527267865
2351.172,0.8810334150203672,4.208513945337253,29.126728190005657
2354.031,0.8770870555560206,4.208804352636196,29.11770385118534
2356.953,0.8712992022728157,4.208000707832712,29.119634484231735
2359.812,0.8695427189569066,4.208135286466966,29.120299770967335
2362.703,0.868256503781383,4.2081986787607795,29.114117931180328
2365.515,0.8677683877029405,4.208112021350921,29.111664422539185
2368.328,0.868121763631388,4.20854795074857,29.097368499063542
2371.187,0.8690211289272379,4.208572783133126,29.097040633957214
2374.078,0.8584011392212771,4.208010027232577,29.084991893178007
2376.937,0.8575887410855871,4.208203314087218,29.07149968430197
2379.828,0.8564621429212917,4.208416672050579,29.064292290845334
2382.64,0.8603674716345644,4.208303098763272,29.056361600882042
2385.453,0.8582013479965012,4.208592249025042,29.052576090516474
2388.328,0.84829724381793,4.208044448280366,29.0439023774301
2391.187,0.8456774812639308,4.207728786944015,29.039730110749083
2394.062,0.8479734512583134,4.207843534226666,29.029314822136698
2396.875,0.845692708030132,4.208411017162519,29.02712353897968
2399.687,0.8453943430741979,4.2080928346863224,29.01219798630592
2402.547,0.8514369612840081,4.2083861010691255,29.009509951946015
2405.406,0.8425073735449897,4.208521862910714,29.01179672705088
2408.297,0.8442335331211149,4.208614708437403,28.99259484250458
2411.203,0.8336824555361929,4.207965325516237,28.988935101555207
2414.078,0.8336923848729985,4.208148731809555,28.984134462767543
2416.953,0.8358074671151257,4.208278581110807,28.97196457851163
2419.765,0.8339603754451503,4.208491168646292,28.96337648487536
2422.578,0.8394445392256644,4.208384177380773,28.956513184681043
2425.422,0.8351230567168426,4.208808496527677,28.953319148035195
2428.312,0.8247784071416886,4.208322866705918,28.940550675103783
2431.203,0.8252220780437116,4.207806259686563,28.931220125139273
2434.078,0.8227245535393488,4.20832686333723,28.921091759710965
2436.953,0.8247980496228758,4.208176487431593,28.91925512391166
2439.843,0.8238533220984517,4.208759063989547,28.9155551186513
2442.75,0.8112173968898514,4.207962013954022,28.907457883127307
2445.656,0.8124669547916761,4.207899747360189,28.905258447357767
2448.484,0.811791081759045,4.207943311690918,28.897597363037697
2451.297,0.8114445592227395,4.208090897757003,28.883328166369395
2454.172,0.8135630290459005,4.2083346101581816,28.87439230519449
2457.062,0.8150717894906997,4.208381205767086,28.864579616551687
2459.968,0.8114621426365097,4.208616148162088,28.860401691912088
2462.812,0.8023057176465457,4.207824236536381,28.856988043089405
2465.625,0.802852578023631,4.20779738714523,28.844155684938855
2468.468,0.8013640295382075,4.208177912186737,28.84388399802874
2471.343,0.7975579522884908,4.20824658577411,28.828146574199682
2474.218,0.8017419229369331,4.208292700667157,28.82835246626227
2477.109,0.8017098313294128,4.208218785748465,28.826351722361505
2479.984,0.8022983666971373,4.208460034058911,28.81726087164339
2482.797,0.7990485120116609,4.208512001880788,28.7955158414508
2485.609,0.797546085282962,4.208434818652709,28.79996614678027
2488.468,0.7999015271382706,4.208951889265019,28.794567736882847
2491.328,0.8002000482671323,4.208930201114277,28.79169705966867
2494.203,0.7992820729439059,4.209427434697606,28.782504726692448
2497.015,0.799044959194418,4.2093774632373275,28.77033552459493
2499.828,0.8006966108282142,4.2097116328585535,28.760149911388407
2502.718,0.7904662193618606,4.2087930837745935,28.75974576205956
2505.609,0.780885417180001,4.208034588125576,28.750721615220737
2508.437,0.7773730665943335,4.208160897276181,28.74126838743188
2511.25,0.7788626598314777,4.208360108092922,28.730448651819
2514.093,0.7792442332917935,4.208402679782002,28.731727624068302
2516.968,0.7798168203546983,4.208518499634959,28.718446892074418
2519.843,0.7781027147508074,4.208599295533627,28.710581137249847
2522.718,0.7781486761499278,4.2088324265452925,28.703741442157764
2525.609,0.7737423747689578,4.208994580882393,28.69442956261567
2528.468,0.7783834831772855,4.209217108273181,28.68950567817895
2531.375,0.7572798173661366,4.207406782833014,28.67972352853286
2534.203,0.7566520004943883,4.207559303909424,28.674321884945474
2537.015,0.7592480236280932,4.207658319602933,28.669846270782042
2539.859,0.7570030524606228,4.207570941276577,28.663154689649655
2542.718,0.7607539830583567,4.207418547017705,28.657543840152442
2545.593,0.7564430767762769,4.207432671296071,28.653361431314867
2548.422,0.7552031348825189,4.207776080400654,28.6431947630772
2551.281,0.7482863959989836,4.207195109341101,28.635995897639642
2554.187,0.7371344796709671,4.206356596542612,28.634554247673115
2557.0,0.7359846503767622,4.206526082014586,28.62639114204935
2559.812,0.7380350250680864,4.206394822221563,28.62151732007247
2562.687,0.7305066912899844,4.205598041337523,28.603648225183157
2565.547,0.7260336529943093,4.2054199666669465,28.60335517080057
2568.406,0.729202455749304,4.205568371986052,28.59537699277894
2571.218,0.7271510363998739,4.205569354592501,28.57872532515421
2574.062,0.7253195035461283,4.20572951995647,28.570542654127504
2576.906,0.7299202647584949,4.205731208655415,28.565134793548424
2580.093,0.7271136496346107,4.2060651508724245,28.561189016766367
2583.015,0.724619767425067,4.20603024752935,28.550502557818824
2585.984,0.7271337195295902,4.206018102985388,28.534446503149358
2588.906,0.724638670819938,4.206378200289486,28.52779619269989
2591.828,0.7269379310703152,4.2061478308010685,28.5295647977735
2594.781,0.7182630953853989,4.205372985416978,28.520834846708762
2597.734,0.7181226266548224,4.205629215934581,28.50802548968648
2600.64,0.7184592609750079,4.205599176632421,28.506797386243278
2603.609,0.7147045217904349,4.20551708824589,28.503624810911802
2606.515,0.714684949297209,4.205986087461468,28.491523157149125
2609.453,0.7138381793136648,4.206148157773546,28.486547842223153
2612.406,0.702933279100231,4.205019811628436,28.472676177531675
2615.312,0.704756398378705,4.205254091136929,28.481951334520964
2618.218,0.7041614720168122,4.205371180990616,28.477891808697876
2621.14,0.7047407702652358,4.2051109375593905,28.46271083089811
2624.047,0.7056133083461867,4.205166523020918,28.454277062588268
2626.984,0.6970126176626873,4.204705404821267,28.43433173919937
2629.968,0.6872776869122162,4.203959160504942,28.43583153283496
2632.875,0.688667750245464,4.2039164358864385,28.432952846518575
2635.797,0.6889192988182301,4.2037569069008915,28.416358194736706
2638.703,0.6867459481084766,4.203907808595857,28.407104340398707
2641.609,0.6841137471318682,4.203923339457844,28.39805018063886
2644.531,0.6851520437601466,4.204164451812741,28.390514056662898
2647.437,0.6876411912719067,4.204078631836426,28.384410507984217
2650.343,0.6858348330851998,4.204058564655665,28.385615673725535
2653.25,0.6874947078335002,4.204125608577108,28.374115601819835
2656.156,0.6859400830995537,4.20419750021743,28.36557017369366
2659.062,0.6873425067134854,4.204373545591216,28.348091883935815
2662.0,0.685430093326365,4.204283028449385,28.339437160034954
2664.922,0.6843271222136951,4.204663216139234,28.33139913813029
2667.828,0.6844696610921701,4.204836848732757,28.32710019968913
2670.734,0.6826642025853206,4.204621425710759,28.32134454420268
2673.672,0.6758638904788049,4.203792386947575,28.3114689137634
2676.625,0.6665243914839809,4.203179424298362,28.311482181199917
2679.531,0.6635291072966426,4.203023339094711,28.31007011455874
2682.453,0.6641212609151238,4.203161497394452,28.296385978804913
2685.359,0.6666678437351575,4.203420420451015,28.289628800540314
2688.265,0.6661398734296726,4.20347785511323,28.281750088800276
2691.172,0.6638956943143745,4.203342699062047,28.281266455793222
2694.093,0.6638694513491693,4.203431955100497,28.26405144418949
2697.0,0.6636586186892891,4.2036620943525325,28.259613370186187
2699.906,0.6650621293106362,4.20352400898533,28.254267409112558
2702.812,0.6635627358620938,4.203611083142853,28.2507707476455
2705.734,0.6631275026249378,4.20377867481233,28.229898010936594
2708.672,0.6650387599605602,4.20378213633325,28.22932899826024
2711.578,0.6630811320306553,4.203905295329751,28.22385475471913
2714.484,0.6639158973858564,4.2039094418845275,28.218640700520407
2717.39,0.6640198274607388,4.2042283386997195,28.202480128263836
2720.297,0.6612204315877734,4.204184648706196,28.202787459610192
2723.218,0.6642236679583691,4.204275758124084,28.194543053170857
2726.125,0.6598048247459499,4.204560907453279,28.182046419302004
2729.062,0.6518721898171576,4.2037082937241115,28.183490097469956
2732.078,0.6432897673923543,4.203078405627734,28.170324457513722
2735.015,0.6529142931010202,4.203883658132295,28.162595429892047
2738.015,0.6613806271041065,4.205214852397912,28.155111294901296
2740.953,0.6517590983394783,4.203931916023265,28.15859226126548
2743.922,0.6622529684257833,4.2051694650771045,28.1429587886161
2746.859,0.6497320502498677,4.204227495320919,28.135483532099265
2749.859,0.661944729162968,4.2051618958733625,28.13207792344055
2752.859,0.6521464176555439,4.204259924327834,28.124702278259058
2755.875,0.6597294053229835,4.20517236303424,28.112642809400832
2758.843,0.6514436690252564,4.204813185497576,28.11077007383094
2761.828,0.6512110312058846,4.204711972202835,28.09620308285364
2764.812,0.6526588790803566,4.205176812101785,28.090767094753627
2767.797,0.6511748925353195,4.205113575626693,28.08700599427982
2770.797,0.6495085926245339,4.205028367909607,28.081141150768676
2773.765,0.6483567762407932,4.205424443354628,28.069557482612428
2776.781,0.6490983928679055,4.205486762715372,28.060143484793503
2779.734,0.6494910525031544,4.205482659570117,28.05933637874409
2782.718,0.6494452438237773,4.205732065967331,28.055718601719896
2785.718,0.6507715519838942,4.2058127318140155,28.04056618333941
2788.656,0.6469640971782207,4.205895097099713,28.026363738844896
2791.593,0.6455562912536699,4.2060294709566595,28.02627926177214
2794.609,0.6470640977020382,4.206146333580365,28.02352688096635
2797.625,0.6398850869512864,4.20550670622103,28.010111919520874
2800.547,0.6371847724430925,4.205507491290323,28.000942621593257
2803.453,0.636990127331752,4.205825544470557,27.997608221262027
2806.359,0.6367035660590195,4.205813933782447,27.98995357846506
2809.265,0.6348015507399561,4.205936484995345,27.99491279398921
2812.187,0.6375016736586824,4.2061793375189795,27.978707636453436
2815.093,0.6344186506497931,4.205866158526153,27.976124549146654
2818.0,0.6355623505668283,4.20627807581151,27.962507683867845
2820.906,0.6361086587166306,4.206116283589266,27.965300058978475
2823.812,0.636833529519583,4.2066678337159455,27.9531776205655
2826.734,0.6352524335813607,4.2064432061210955,27.952290631274472
2829.672,0.6372171466895182,4.20674362996455,27.940922062198265
2832.625,0.6264121708541953,4.206108300536413,27.92852271108225
2835.609,0.6265268646078913,4.206108860583594,27.91532481525889
2838.64,0.6188729081342825,4.2052823881630905,27.91240130816156
2841.64,0.6059951053468611,4.204397030096178,27.90596974030837
2844.625,0.6069562625365332,4.204236697219154,27.89974222709487
2847.64,0.604334157300642,4.204178566539001,27.894790906789833
2850.609,0.6070204559463213,4.204460334034067,27.88559378207318
2853.562,0.6072526614232506,4.204372998101388,27.88380663540427
2856.578,0.6046103288105414,4.204542015861519,27.86821433448745
2859.64,0.6058937672825838,4.204582302913399,27.864789466538475
2862.625,0.6077234871726044,4.204620081300861,27.86493119582309
2865.687,0.6072355171820777,4.204796500825856,27.857005108409837
2868.75,0.596190117698452,4.204054060603231,27.848066206816274
2871.75,0.5854187683334259,4.202905919609174,27.84258984711108
2874.672,0.5897581712013,4.2029558296517795,27.829914142130256
2877.593,0.5817743221832776,4.203001557046903,27.81486344110439
2880.5,0.5881376507447605,4.203124216973843,27.829070776708914
2883.406,0.5843893283414866,4.202851791165102,27.816671047362142
2886.328,0.5880784924357512,4.203074590834469,27.808689052574852
2889.234,0.584888861978827,4.203452062442228,27.79458737332944
2892.14,0.5855904708456949,4.203270571142076,27.7896883590025
2895.047,0.5891289619186681,4.203307124599021,27.7855429329975
2897.953,0.5833538661151189,4.203369668882406,27.78456784415664
2900.875,0.584923304417697,4.203424529584158,27.770105351674367
2903.812,0.5870117875753057,4.203459288089571,27.76354490275434
2906.718,0.585515539179368,4.20366746074142,27.75974114704449
2909.625,0.584021477684424,4.203527465713351,27.749196002913717
2912.531,0.58178305763331,4.203850165703373,27.74271436780385
2915.453,0.5829744160469771,4.203668264782759,27.741340161299377
2918.359,0.5827647798891946,4.2039384909475705,27.72509583572993
2921.265,0.5851096904986678,4.204140993960112,27.732571571874033
2924.172,0.5826927203175106,4.2044050301827145,27.716794014252645
2927.078,0.5826206357251543,4.204084556711081,27.712802052359855
2929.984,0.5828893369512088,4.2044322449652505,27.710191124665794
2932.906,0.582742522637503,4.204238244306248,27.69701688119887
2935.812,0.582306102161151,4.204567185916113,27.690422257752708
2938.75,0.5713378372117217,4.203719061886852,27.686085065823356
2941.656,0.5738973628753301,4.203776840951481,27.690164309659142
2944.578,0.575630531086794,4.203720289046136,27.671986422276227
2947.484,0.5721461563970979,4.204060900075504,27.67082843313448
2950.39,0.5749949550848755,4.204015316157473,27.665822193383228
2953.312,0.5710361811266396,4.204106366681001,27.65385141138031
2956.218,0.5704121160327716,4.20427546312113,27.652359335596696
2959.125,0.5727514159791002,4.204214653796485,27.651180376013652
2962.031,0.5709368349720446,4.204320982920739,27.639043342062717
2964.953,0.5723741859689858,4.204423125829496,27.631742200294916
2967.859,0.5715288409107122,4.20430121544231,27.621716780646285
2970.797,0.5708295493063305,4.2045566182874445,27.61588894339615
2973.718,0.5636986861767685,4.203894041164045,27.60670209573181
2976.64,0.562885033259037,4.203957804734144,27.607039297522835
2979.547,0.5632274048356724,4.2040173991540115,27.595133082976364
2982.468,0.559773921370857,4.2039346955498145,27.588842163365502
2985.375,0.5612802426259997,4.204255515848178,27.586665402854425
2988.281,0.562033557051975,4.204154571621394,27.574604393857864
2991.203,0.5622138892856721,4.204235745067069,27.57418552307929
2994.109,0.5619749726525082,4.204163768427731,27.566587078864938
2997.015,0.5602582684965245,4.20448771924802,27.5615831459849
2999.922,0.5578386538710924,4.204494766186768,27.55520976622501
3002.828,0.5615863667255072,4.204515438616375,27.554840260157725
3005.765,0.5598344420813474,4.204860684050438,27.544678399703795
3008.703,0.5498368847771645,4.203905422714698,27.5357841778484
3011.718,0.5471838496734973,4.204012349865239,27.528429230802622
3014.781,0.5501860229196592,4.204038386852816,27.525047691162452
3017.843,0.5502711561257243,4.203988526946786,27.513755637482184
3020.828,0.5497112139375945,4.204210306507751,27.507999807982202
3023.812,0.5575635055794459,4.204950143903922,27.499249410303648
3026.797,0.5494759717870741,4.204416228910345,27.492329971761315
3029.843,0.5577259606628984,4.205430989681144,27.49319171715191
3032.797,0.5487151704746231,4.204563653906753,27.48709604245889
3035.781,0.5385021820857004,4.2036564968384775,27.476952088381918
3038.75,0.5459764199411362,4.20454278094523,27.47130272380622
3041.672,0.5485366075245485,4.204901381560031,27.4676021257128
3044.593,0.5486887566377376,4.20488120078394,27.460134558514838
3047.578,0.5365005085318486,4.204003354322013,27.447284998736176
3050.484,0.5374177104583898,4.2041359750653085,27.438719968563767
3053.422,0.5372493906092224,4.203911219015061,27.43936650198881
3056.328,0.537662352432971,4.204506585980261,27.433463993992916
3059.234,0.5393390878821491,4.204478479503805,27.425702032111722
3062.172,0.5492445504432967,4.205347084075032,27.42391889484781
3065.187,0.539687097244501,4.204807324324003,27.42277497623646
3068.125,0.5284875968048223,4.204033256192837,27.41398381692328
3071.031,0.5290262964506237,4.203861652322876,27.41314963686899
3073.953,0.5271101392542821,4.203846580444501,27.40319714218796
3076.859,0.5287168231085058,4.203989365607731,27.397300885234273
3079.781,0.5259079062419624,4.203696766513302,27.397523397859914
3082.687,0.5294554912040177,4.204141670779721,27.38915481558708
3085.593,0.5283018530163734,4.20393328689217,27.377075853147154
3088.5,0.526632478816066,4.203905441410084,27.37263410604809
3091.422,0.526578209633113,4.204130689926506,27.364533377075634
3094.328,0.5270443670485113,4.20435818325433,27.35800057565285
3097.234,0.5230918789239312,4.204168651119042,27.354188877329488
3100.172,0.5257026700839366,4.204546917770715,27.3556117288217
3103.078,0.5269252877356356,4.204654568179617,27.35516403604713
3106.015,0.5204729429907281,4.204097484082422,27.352667084278465
3108.922,0.5155761973264016,4.203612850004559,27.329429793390226
3111.828,0.5159343579575819,4.203759054821477,27.333183497492694
3114.734,0.5164656475168209,4.20370671166162,27.32504909575126
3117.656,0.5136301599488543,4.203992132946822,27.314171842478633
3120.562,0.5151396489380263,4.204115315682044,27.306812525644236
3123.468,0.5157090345740122,4.20412759368203,27.301024618913875
3126.39,0.5157283961550264,4.204073657484884,27.30046661059707
3129.297,0.5153540163392292,4.20430661001767,27.291047142790994
3132.203,0.5171847098142419,4.204287355453321,27.289283261919177
3135.109,0.5127401051122331,4.204457206568961,27.271307837354023
3138.047,0.5163517278295671,4.204573118462429,27.27206006961412
3140.953,0.5165731858781606,4.204268659222505,27.268534674060238
3143.859,0.5136405978185231,4.204505758867769,27.26010728936675
3146.781,0.5152190160541046,4.204572743373445,27.25883470728836
3149.687,0.5166573961218893,4.204747285627753,27.249965373479306
3152.593,0.5133244629360099,4.205087672931354,27.251638262576396
3155.5,0.5149790942544767,4.205107348437961,27.246617661889054
3158.406,0.5143452700903415,4.20508753156056,27.240485876490713
3161.312,0.5193496904154925,4.205333695240019,27.23045301745636
3164.234,0.5158936260588947,4.205280910403198,27.227949002900846
3167.14,0.5132051977409481,4.205519908853891,27.21970423037831
3170.047,0.5110266636530483,4.205492331609899,27.20720131442103
3172.968,0.5130202202700087,4.205723230801511,27.200929332993955
3175.906,0.5029387810248017,4.2049083983142115,27.20250412265636
3178.828,0.4931339582567334,4.204179664634617,27.195079401393194
3181.75,0.49342467663296496,4.204064234549553,27.19308164546842
3184.656,0.49167583031996237,4.204016124845871,27.190097279183487
3187.562,0.4925425650895793,4.20411969695413,27.179792936368564
3190.484,0.49511405924387314,4.204180710151367,27.178206142562345
3193.39,0.49291820487695864,4.204077612667368,27.180185735116403
3196.297,0.49239184204831116,4.204380707862078,27.17082323034635
3199.203,0.49060802509770973,4.204462848659944,27.163481128741477
3202.125,0.4913846381909686,4.204105072587323,27.15384927287539
3205.031,0.4918565035975785,4.204414499218647,27.149918872504223
3207.937,0.49017776960288123,4.204449726642289,27.141815354402386
3210.875,0.492714409373315,4.204524958650996,27.13403479961867
3213.781,0.4912678890879269,4.204725701239955,27.129745417008785
3216.687,0.4900434275601919,4.2047398002930745,27.12589466090471
3219.609,0.48921736769143853,4.20485122170313,27.123206088421615
3222.515,0.49253988444726327,4.20482843319324,27.115192554513005
3225.422,0.49004014258374706,4.205082854576535,27.1092624241401
3228.328,0.488969858653396,4.205052937017848,27.10733580423131
3231.234,0.49079182023113166,4.2054110067026,27.10325202006482
3234.156,0.4928125133690052,4.205131648911905,27.08937053454207
3237.062,0.48802740006389683,4.205235921879026,27.081601698965105
3239.968,0.48755928161675754,4.2052834983942455,27.068538716627295
3242.875,0.48919172763021407,4.205518636716665,27.074230942989317
3245.797,0.48996425784458186,4.205418658581329,27.063117858727846
3248.703,0.49119381358206005,4.205789088479169,27.062467631051344
3251.64,0.4820784251825728,4.204761582376208,27.061313839188447
3254.578,0.46982361031668357,4.204110605905569,27.060654712805366
3257.484,0.4737694745554529,4.2039951815145065,27.05635434235469
3260.406,0.4729879076991252,4.204075366429516,27.042215041645687
3263.312,0.46759347686239927,4.204142717295257,27.042792710502457
3266.218,0.46781085494598595,4.204303790251465,27.036808681694172
3269.125,0.47085266700425543,4.2043290807795,27.034744187970002
3272.047,0.46673606757635083,4.204397201872569,27.027926502611358
3274.953,0.46771453162589377,4.204430969444501,27.01673747082067
3277.859,0.4676222828835581,4.20439627264559,27.005482603954828
3280.765,0.4713309430274625,4.204461382486744,27.001399125795817
3283.672,0.4653084227441473,4.204704388943551,27.003362788484978
3286.609,0.45665349701458574,4.203629789871927,26.998746293777373
3289.531,0.4622685565552786,4.203965651788844,26.994722542356566
3292.437,0.4600819184882593,4.203930941697246,26.981476410877598
3295.343,0.4621369781705919,4.203796839503921,26.98002904523774
3298.265,0.4630316293155229,4.2038350336626955,26.96683630661087
3301.172,0.4575946185629256,4.203766535052861,26.964816569724295
3304.078,0.45972265084661135,4.203925815777497,26.95915742248818
3306.984,0.46025163796985497,4.204013326763152,26.960749813225256
3309.906,0.46240049630708446,4.204239560109374,26.956579949729914
3312.812,0.4598955986198149,4.204083295146096,26.945089586301993
3315.718,0.4593364039393545,4.204219795350275,26.939455048732828
3318.656,0.45920125304478093,4.204365392965456,26.93449089170847
3321.562,0.4603196579460921,4.2041905698383735,26.92746775005204
3324.547,0.45994060956913074,4.204413398991868,26.929336339451588
3327.562,0.4593508656919905,4.204430131490064,26.921553039765886
3330.515,0.4572298065697841,4.204766482520678,26.91259801634242
3333.437,0.46130599919184606,4.204635522891904,26.91215565275228
3336.343,0.4588104416436998,4.204625483357914,26.91006947453783
3339.25,0.4562555502084473,4.204780449178908,26.899655428193707
3342.156,0.4592498377217213,4.204580893893282,26.89257565755257
3345.062,0.45596907552461696,4.204764306831,26.885972240980703
3347.984,0.45636115631526186,4.204879577583545,26.89366771067081
3350.89,0.45616597929570385,4.205164798817202,26.88816695877386
3353.797,0.4578228832659605,4.2049925179289955,26.874945332690526
3356.718,0.45702879615371056,4.205550781859404,26.878386948466904
3359.656,0.44812329517290955,4.204286897427928,26.867764925434745
3362.562,0.44745011465543233,4.204516325428578,26.865068093383545
3365.468,0.44751689279909107,4.204691944763392,26.857664875378287
3368.406,0.4387090463622349,4.203915494859379,26.855187677016925
3371.312,0.4384796647343838,4.203776823641388,26.848141115506895
3374.218,0.4364401536691918,4.203731672134933,26.844587294130953
3377.125,0.4363872333277672,4.203843014075864,26.84259828839176
3380.031,0.4379088985293257,4.203637808459052,26.83534906481782
3382.937,0.43902436797747296,4.203919777339823,26.82545877227419
3385.859,0.4375406827505151,4.20412429718369,26.81346144005864
3388.765,0.43766584002297076,4.203883511821465,26.819463267280042
3391.672,0.43652204702937947,4.2039442732513015,26.809926620378505
3394.578,0.4381849087997621,4.203972550742698,26.804466732256476
3397.484,0.43624761273526486,4.20404951601572,26.79443033752171
3400.437,0.43448169651561636,4.204263505833748,26.789739158689812
3403.343,0.43825401131923164,4.204189528442452,26.78537739388277
3406.25,0.4351600113377647,4.2044815676025555,26.784042066039746
3409.156,0.4373887292255478,4.204487703959527,26.777264774246348
3412.062,0.43406017794653273,4.204515566436765,26.770831137789557
3414.968,0.43690953388858494,4.2044731304165355,26.774268960401123
3417.89,0.43593804653846663,4.204502190957454,26.763366616929922
3420.797,0.43697795643599563,4.20464408348378,26.755235322506724
3423.703,0.437395444445015,4.204870730910553,26.753570698130954
3426.609,0.43844259195167307,4.204731168608843,26.752809744289472
3429.515,0.4327356522314719,4.204705091295039,26.744294067473387
3432.422,0.43740998616058374,4.2048112165231935,26.73974356300428
3435.343,0.4361793475372123,4.204974566551951,26.73539046667593
3438.265,0.4355761560579121,4.205236937332962,26.728382160411638
3441.172,0.436087139868448,4.205162098378871,26.72833526182398
3444.078,0.4333285299942236,4.205310441847219,26.72624442923928
3446.984,0.4365595314327752,4.205271932162343,26.7189032885247
3449.89,0.432159306632603,4.205674701243013,26.709284929706275
3452.828,0.42422343662178025,4.204726755454987,26.706187997304763
3455.765,0.4140369481158664,4.2039411405893,26.701523140389472
3458.672,0.4120142593223425,4.203890245986091,26.69625521889867
3461.593,0.4156073159295971,4.203822680035646,26.687657353786367
3464.5,0.41679318689238976,4.204013741708087,26.685702899014686
3467.406,0.41288707607276826,4.204022788568789,26.68696638429915
3470.328,0.4144575300673467,4.204063083379339,26.68114749252562
3473.234,0.41241281488075116,4.204176303263134,26.6691535265826
3476.14,0.41308998081819315,4.203840241527285,26.667498684106242
3479.047,0.4128865634130283,4.204088659381198,26.66909079060878
3481.953,0.4152680830185555,4.203929676468714,26.664121041483597
3484.875,0.41429988583344013,4.204138736645244,26.652163192123805
3487.797,0.41784234352980154,4.2039007408213145,26.649239101580434
3490.718,0.41311749235060524,4.204353352669925,26.640913905452248
3493.625,0.4166307708127404,4.204365354336244,26.637728075987614
3496.531,0.4125412050309568,4.204248831960364,26.63895519315615
3499.437,0.41315909257025807,4.204518564636695,26.628208939272135
3502.343,0.41315446220767343,4.204357347875089,26.632614119962575
3505.25,0.4147001667336802,4.204824145649364,26.627229270122207
3508.172,0.4139522341231071,4.204357458979909,26.61513934035078
3511.078,0.41476049106342383,4.204754270195692,26.619966895546384
3513.984,0.41699225152345576,4.204698027482933,26.618678991951068
3516.89,0.4115029515482787,4.204851124322195,26.605442382670926
3519.812,0.41496238342549707,4.204965173506292,26.605878336501934
3522.718,0.4109308359677238,4.204914530533432,26.600956302946663
3525.625,0.4129627037919944,4.2050707195252635,26.601626914102027
3528.547,0.41398498451094207,4.205327810547331,26.58947753037402
3531.453,0.4129584532349807,4.205256751273473,26.57992958911551
3534.359,0.41201515549268464,4.205120024110085,26.581571127471427
3537.281,0.4134473728322667,4.205585796343484,26.568883015859342
3540.203,0.40177124900315253,4.2047072157583285,26.568173423549506
3543.125,0.40517905960938533,4.204423508490209,26.561425530138365
3546.031,0.40091261166586045,4.204558421585389,26.55812749011436
3548.937,0.4017874027099697,4.204331342198278,26.55221427087691
3551.843,0.4022865514484111,4.204265573155878,26.551286590522
3554.75,0.40222466502523874,4.2048137737971825,26.5466367465708
3557.656,0.40230920114321594,4.20488750034448,26.540077777916736
3560.578,0.39690951938823976,4.20502606435652,26.537987056443786
3563.484,0.4009905864965831,4.204992141244391,26.527168153918407
3566.406,0.40146186065062717,4.204963325728492,26.519546868045254
3569.312,0.4008049718819298,4.205047042619981,26.51976773373169
3572.265,0.4016753750878614,4.2050136013336905,26.516844426948232
3575.172,0.3989710589724449,4.205135427379738,26.513014144152233
3578.093,0.40197880507390105,4.2052349682289405,26.509078807483203
3581.0,0.40218585442654375,4.205230399104565,26.499020729035283
3583.906,0.40003148133957733,4.205336810595673,26.49153362496992
3586.812,0.40141938999090143,4.205387556349869,26.48815652567406
3589.718,0.3994245798612362,4.205544075199688,26.481339031519394
3592.625,0.40135217593923506,4.205590834756708,26.491123021394014
3595.562,0.38820068893072895,4.205065935814358,26.485951060564
3598.484,0.38724894826423306,4.204714758281366,26.475198103589406
3601.39,0.3902893826988426,4.204710344705447,26.466025319702183
3604.297,0.38820575089447273,4.205076195372915,26.47007490318691
3607.203,0.3917445161418777,4.204877851713692,26.456359650234692
3610.109,0.38930912273981716,4.205105883460163,26.453603774591247
3613.015,0.38782127613002904,4.205105866615217,26.45189542328253
3615.922,0.3875982852830615,4.205133967460294,26.439551543142993
3618.843,0.3886706683592578,4.205162718151618,26.440912357622935
3621.843,0.38814855913017726,4.205257307891414,26.441617412883357
3624.75,0.3880450429903053,4.205268021802131,26.43463826240754
3627.672,0.3874258724886361,4.20547654323162,26.431687980923765
3630.578,0.39106158292803267,4.205449378971896,26.422725881448116
3633.5,0.38953516367678415,4.205441971535034,26.421895142092026
3636.406,0.3870085831702499,4.2054337626424285,26.424792257948557
3639.312,0.3861832983952527,4.2055892163851505,26.4161914392734
3642.25,0.37728194774563245,4.204926293970622,26.414307896288115
3645.156,0.37736404517361644,4.204638256155549,26.41065965521201
3648.062,0.37860099319573565,4.204830983096091,26.4085117026112
3650.968,0.3766043215048288,4.205065719035448,26.401861497276965
3653.89,0.37584665503676384,4.205078386916405,26.394438205430937
3656.859,0.3801530638473311,4.204911758045665,26.39119583479398
3659.875,0.3796144012598267,4.205293882144754,26.392161473868313
3662.843,0.3800248859586416,4.204995299345649,26.383379720732396
3665.75,0.3755282880135768,4.205260311455929,26.37737887926537
3668.687,0.3755174151556599,4.204974224131794,26.378964022714214
3671.593,0.37525072869293685,4.205443868497855,26.373832291090256
3674.5,0.3731050027834528,4.205128871439843,26.367283409347746
3677.406,0.3752915592985675,4.205361668899197,26.36064826816162
3680.328,0.3757973180087765,4.205350345817346,26.35080414979444
3683.234,0.3784524231418341,4.20546510599482,26.351180911941764
3686.14,0.37640499912726977,4.2054339758494645,26.346003990124906
3689.047,0.3764964488797445,4.2056041068569,26.34325929160107
3691.984,0.36983833699902086,4.204901924896382,26.335874048622696
3694.89,0.36674609870869834,4.2049450659844,26.339689363882684
3697.797,0.3670330677377197,4.204751353500882,26.33840289000384
3700.703,0.3681963106722262,4.204594931852321,26.32725225401918
3703.625,0.36749104414987227,4.204853640843323,26.323301308678033
3706.531,0.36362574307987094,4.204969140991141,26.321990497789077
3709.437,0.3663559045431456,4.204928012793308,26.317203313405244
3712.343,0.36559544872990396,4.204989024198782,26.30778698646052
3715.265,0.36650280909177735,4.204936722495132,26.30831910109735
3718.172,0.3682330710184105,4.2052425875917905,26.301850028707946
3721.093,0.3645303776809149,4.2050794849861,26.303903607385408
3724.015,0.36634486878732797,4.205223711473303,26.29196913617676
3726.937,0.36640314556846926,4.20536118719755,26.289427010930993
3729.843,0.3645821479570078,4.205228727057876,26.291427353191956
3732.75,0.3686896017843781,4.205168208972213,26.28328185141149
3735.656,0.3635733688844758,4.2055136122302,26.277789653156017
3738.562,0.3655222166329747,4.205537119151432,26.270235804984946
3741.468,0.3663805483339133,4.205516643313119,26.263422432405502
3744.39,0.3671369846667288,4.205787319185413,26.26762044919476
3747.312,0.3558895945758919,4.204948376950982,26.24824538472857
3750.234,0.3548125206351929,4.204866925030511,26.263253768930873
3753.14,0.35684061296203323,4.20461719814329,26.25443008159846
3756.047,0.355315006224245,4.204894968318016,26.253451307274304
3758.953,0.35485452562961556,4.20498326837784,26.23805875488366
3761.875,0.3580408579361333,4.204828446925694,26.236119220962173
3764.781,0.3560618740532425,4.20486310918734,26.235631366049006
3767.687,0.3544446877435846,4.205089110919819,26.23091698712077
3770.593,0.35344749299086353,4.2051697144044216,26.227628559286305
3773.5,0.3552430663080273,4.205261675512395,26.2254152273588
3776.422,0.3529433916169131,4.205323438515315,26.22688423554363
3779.359,0.35487536735978203,4.205099523093619,26.217461482169345
3782.265,0.3563750465081566,4.205333273312307,26.21817088217179
3785.172,0.3522673850509838,4.205284557139359,26.212439537111976
3788.078,0.35584100565871823,4.205562000211793,26.221057504297256
3791.015,0.3476413239359995,4.20466291791972,26.208734880293495
3793.922,0.3447922376622975,4.204529725306813,26.202308738222353
3796.828,0.3434689152174324,4.204653108057973,26.200852739242794
3799.75,0.34605159622076753,4.204456820460853,26.194250223466664
3802.656,0.3414864253613225,4.204599282891473,26.18745850078737
3805.562,0.34599522111003406,4.2044681486559785,26.188845505754482
3808.468,0.3473551273224465,4.204761611425292,26.18036697076347
3811.39,0.34456768760602996,4.204822845015319,26.18796311636234
3814.297,0.34475703618435094,4.204885654324585,26.179215343819187
3817.203,0.34544678261070144,4.204777331480182,26.17118227468832
3820.109,0.34499565666768517,4.204746286287796,26.16625912759046
3823.047,0.3436919463286205,4.204851136492648,26.15486733408164
3825.953,0.3485431235870224,4.204988648392363,26.1616724904029
3828.875,0.34437707853697613,4.205131001262104,26.15952092931083
3831.781,0.3433503089014692,4.205124049338251,26.162151700496803
3834.687,0.3454902600757577,4.2051305727358335,26.152864002023662
3837.593,0.34373315751288597,4.2052630606436185,26.149043844782536
3840.5,0.3440063441189699,4.205384205905154,26.137541023531973
3843.406,0.34775820394276846,4.205582981790745,26.142487343744907
3846.343,0.33729313809104733,4.2046167657813065,26.13604619225896
3849.25,0.33407826645112887,4.204278346641305,26.12915312582906
3852.172,0.3325245430417719,4.20444254226498,26.125688318220007
3855.078,0.33431669479963966,4.204625664462714,26.130214826640866
3857.984,0.33336461157722735,4.2046501892115,26.11711281674672
3860.89,0.33203392924262737,4.204619630160318,26.11642175248134
3863.797,0.33356923868103494,4.204697884191631,26.117022348829035
3866.718,0.33567964883812995,4.20466301016573,26.111435631700278
3869.625,0.3314535157644156,4.204674566235375,26.10961198089275
3872.531,0.3351641328486133,4.204644909072868,26.098390072687472
3875.437,0.3357554132479806,4.204773389070476,26.09669742990697
3878.375,0.33312061742687565,4.204797660604878,26.09048510567684
3881.281,0.33582304083591774,4.20490589366076,26.091977472919854
3884.187,0.33181568891696783,4.204781424121586,26.082185098654396
3887.093,0.3306188347289156,4.204918258321612,26.079270735777126
3890.0,0.3297422725997578,4.2048738033453255,26.06907489603497
3892.922,0.33453651833040277,4.205116137334342,26.07271000290245
3895.828,0.3312048594093454,4.205186683200538,26.07381823542165
3898.734,0.3323739839879297,4.205356501230863,26.065473084976038
3901.64,0.33662230499850876,4.205215693574245,26.05677820635166
3904.547,0.3285914015039936,4.205305007821641,26.05090843103452
3907.453,0.3316416565982243,4.205452736986289,26.05612470934145
3910.375,0.3320532688541045,4.205342418605912,26.049363688404593
3913.281,0.33112808391716075,4.205368753930355,26.04600034129157
3916.187,0.331322390269955,4.205517384755441,26.0431236978075
3919.109,0.3320343757144528,4.205609952393625,26.03898689568285
3922.031,0.3250144118931563,4.20479372351756,26.033936420787526
3924.937,0.32199080819987397,4.2047304161810715,26.02029071451427
3927.859,0.3232506816717469,4.204687625011755,26.029994423535445
3930.765,0.3221943427714562,4.204822797211109,26.020440320523463
3933.672,0.324184330559347,4.20480438178578,26.010597820756626
3936.578,0.32340302518603237,4.204918287712242,25.999102487647697
3939.484,0.3235320281763525,4.204802512895715,26.00909680870219
3942.39,0.3235707017435077,4.2050233147177485,26.002314324720345
3945.312,0.3225623217952181,4.205105787860964,25.99967369262896
3948.218,0.32124611235485717,4.205227494470616,25.99844396694608
3951.125,0.32040679019645596,4.205240769811254,25.99454782896121
3954.062,0.3209932358636138,4.2050446018348,25.986912728887898
3956.968,0.3201240455544316,4.205267669536065,25.988981534951375
3959.875,0.3227721816196136,4.205112415148687,25.98171012681294
3962.781,0.3213907454683405,4.205412850473484,25.973835189681772
3965.687,0.3248955133593604,4.205443126422507,25.96760503516084
3968.609,0.32104445780069696,4.205241263631756,25.97260342248633
3971.515,0.31974115743333437,4.2055189924107905,25.970163629038094
3974.422,0.3207366642037613,4.2054673508738745,25.960284299219172
3977.328,0.3161841697844426,4.205550386688652,25.95743107772314
3980.265,0.3099910732875649,4.20457637209185,25.95019070705363
3983.172,0.31023098610815375,4.204483396673632,25.954408923549398
3986.078,0.30956872873054475,4.204743047723371,25.949342627420123
3988.984,0.3095859264095801,4.2045406716361695,25.944677384098725
3991.89,0.31294190716126613,4.204732744194917,25.94081724244816
3994.797,0.3114499413897869,4.204691053696221,25.94721303581554
3997.703,0.30923729168660846,4.204827199758941,25.936441182834905
4000.609,0.31245450125405455,4.205064068919018,25.931164365459225
4003.515,0.309054718581259,4.204991364650181,25.93362330915604
4006.437,0.3085751419593573,4.204637994085328,25.928157765262206
4009.343,0.3099112028338292,4.205040070648092,25.92524634632732
4012.281,0.3101493430093792,4.205023343480053,25.91984767160906
4015.203,0.31136444928312196,4.205203291052805,25.92001720673295
4018.109,0.3119903588762435,4.205042648325657,25.912811666704606
4021.015,0.3112551499175936,4.205313357793992,25.913156790871366
4023.922,0.3092475764344717,4.205326343634362,25.910664794053442
4026.828,0.3108192158720153,4.205389838972958,25.909332598155274
4029.734,0.3090795120557049,4.205308178405305,25.908851246034
4032.64,0.30774531154410373,4.20538235647362,25.899485972828685
4035.547,0.30684515737724294,4.205178460724585,25.89664861175575
4038.453,0.3096982271208207,4.205417924366478,25.891843550744408
4041.359,0.3055777134595928,4.205265839415528,25.88989680656041
4044.265,0.3056908321246867,4.205587537948613,25.88893659192666
4047.218,0.3027090033264383,4.204711893552464,25.88759978414541
4050.125,0.29903881478197847,4.2046743030276,25.888488873319076
4053.031,0.2986426977732082,4.204561966508933,25.86903166071449
4055.937,0.2983381204564386,4.204677108599085,25.87243475432604
4058.843,0.2970327351610578,4.204741859357966,25.868798914742733
4061.75,0.3005162336242167,4.204509403730292,25.86383256023389
4064.656,0.2999007101327277,4.204705908269289,25.858396606044547
4067.562,0.3004796026902525,4.20488250863617,25.85701813480002
4070.468,0.297285528659728,4.2046789053350935,25.84685129233342
4073.375,0.2942527706289562,4.2045747389992885,25.84585592453361
4076.281,0.3004399871163853,4.204699216589486,25.84278251771037
4079.218,0.29464135082231574,4.2048621651214955,25.845671878309936
4082.109,0.29971736346878314,4.205343798364356,25.845875834644183
4085.031,0.2957013537754593,4.205143712984922,25.848594222035135
4087.922,0.2984277477701558,4.205014885278383,25.846086832916818
4090.843,0.29772434314613433,4.2047954139315475,25.83891681044132
4093.75,0.2985225022219649,4.205414992133367,25.84015359125657
4096.656,0.30018168189484074,4.2052153376181725,25.830960747250153
4099.562,0.29767330289283855,4.205283297972504,25.830308044500864
4102.468,0.2995981832894393,4.205228948258929,25.8252184944483
4105.375,0.297427069821514,4.205322936597151,25.826160204558256
4108.281,0.2980838135500942,4.205487769905131,25.818652574778262
4111.187,0.3001428804079622,4.205453029410376,25.818858275219057
4114.093,0.29774621343299484,4.205642683870492,25.818166516447164
4117.031,0.2845003098964716,4.20443423021787,25.81310604327687
4119.937,0.2879553358424374,4.204456305221337,25.81319993744453
4122.843,0.28975290125266123,4.204348668549381,25.805053360561942
4125.75,0.28515119265900374,4.2048198336892675,25.79808894495857
4128.656,0.28542723045449664,4.20474943628133,25.78732423664933
4131.562,0.2895763796685422,4.20512788967043,25.799899636922245
4134.468,0.2852855574957721,4.204823636977967,25.782778778052645
4137.375,0.2869167533895726,4.2045928363703755,25.784502257278128
4140.312,0.28637011464245116,4.2047880301032,25.783977655832615
4143.218,0.2890814160999023,4.204809861663919,25.785254669544393
4146.156,0.2847222643810171,4.20481271391772,25.77982573750285
4149.156,0.29122269859008487,4.205065296032099,25.7771807718319
4152.078,0.2862887755994054,4.204581968986356,25.76293290246065
4154.984,0.2891494225417648,4.2050763295531315,25.772783525507634
4157.906,0.290926845588533,4.2050887295851584,25.764006386194197
4160.812,0.28831055504922837,4.20502047993691,25.767156162499575
4163.718,0.28491390106714665,4.205099678273984,25.760299801576064
4166.625,0.2902860395149789,4.205071660464363,25.758976351130723
4169.531,0.2830171923044284,4.205125287123263,25.750648728136234
4172.437,0.28400397345901773,4.204988949747802,25.74853392232762
4175.359,0.28697167825164954,4.205187519718948,25.747751543078728
4178.265,0.29027862858913517,4.2055081554147415,25.741717283211667
4181.172,0.2870041837641194,4.205480318490554,25.73880331416715
4184.093,0.28593902798130405,4.205415763981287,25.73454562779217
4187.0,0.28793933467786453,4.205457397720916,25.7319445426703
4189.906,0.286492850351276,4.205499275113966,25.726788926801444
4192.812,0.28798682779956164,4.2054831484069926,25.724574709885896
4195.718,0.28826220600358615,4.205495686818793,25.723733575166467
4198.625,0.2877375853743978,4.205580675857397,25.726082088697503
4201.531,0.28368940261259606,4.20579403790678,25.723445115980077
4204.437,0.2883295242031594,4.205466913631533,25.70576713976477
4207.343,0.2855653826855476,4.205826565347372,25.706294024035486
4210.25,0.2839504335156848,4.205841932756862,25.71088173030109
4213.156,0.285987009761637,4.206143442392457,25.703486744820648
4216.062,0.2856155757776986,4.206218347336631,25.71199869950162
4218.968,0.2875361254357682,4.205769497307577,25.703310858660878
4221.875,0.2835807379540704,4.20603863548772,25.703767019462052
4224.797,0.2860111730495588,4.206057016001739,25.693171420231522
4227.703,0.2858918900014152,4.206137088832636,25.689192789049606
4230.609,0.28532996406098343,4.206309969181745,25.689486640404393
4233.515,0.286273837600381,4.206205776466816,25.682121106400743
4236.422,0.2843977505131281,4.206521550668,25.682840546590775
4239.328,0.2821999088076642,4.2066037246431005,25.673655146937666
4242.265,0.27390195175776577,4.2056090812194835,25.66822054535605
4245.187,0.2660997869559134,4.204389616694897,25.665903018322286
4248.093,0.2624872528289252,4.2044249758440975,25.665093504828473
4251.0,0.2633248641124985,4.204634329956668,25.663987343097844
4253.906,0.26329156748238697,4.204741840073172,25.659832013842887
4256.812,0.26739728439621335,4.204364519753181,25.658583338260666
4259.718,0.2656111298231255,4.204112980441639,25.656866895626088
4262.64,0.267065977844977,4.20444392340156,25.650241822883867
4265.531,0.26311321899053997,4.204941840704515,25.647534284255
4268.453,0.2621255899197977,4.204929216284768,25.650047556104063
4271.359,0.2659383597718104,4.2043918843509545,25.64409258322495
4274.265,0.2670204945376825,4.204826831766271,25.644893496101783
4277.203,0.2637967653241067,4.204540293995267,25.641109926796464
4280.109,0.26501416350943857,4.205017767122967,25.632830700011475
4283.015,0.2653727194068566,4.204854043675023,25.62812667140758
4285.922,0.26737987384592987,4.204644278406379,25.628770625384245
4288.828,0.26599899020553797,4.204715525363628,25.629122586198598
4291.734,0.2641260260954521,4.204827518604544,25.62057222016073
4294.64,0.263387699070461,4.205001048706508,25.60989562856832
4297.562,0.26117059605710136,4.204928173593046,25.615292998153276
4300.468,0.2660919465255656,4.205116220612334,25.608685966310716
4303.375,0.26444122078789584,4.205026386151889,25.607976372537234
4306.281,0.25867395398098025,4.204883159532106,25.605003053559447
4309.187,0.2664491903637666,4.204921623828191,25.59651686524426
4312.109,0.26497345538692957,4.205131062893642,25.58969499369202
4315.015,0.2674739508963364,4.205061563991775,25.59140948653012
4317.922,0.2619687442483932,4.205359393860708,25.587676853485082
4320.828,0.2672169485653753,4.205041935304912,25.583657206315724
4323.734,0.26255040751614767,4.205344699135789,25.586769207571948
4326.64,0.2627387729606761,4.205387591849149,25.58216426960722
4329.547,0.26082973657024294,4.205442059371319,25.580576922504825
4332.453,0.2656307100130648,4.205322281373958,25.573642555348847
4335.359,0.26523540404851403,4.205236035164468,25.568497568630246
4338.265,0.2607964007778344,4.205193100018776,25.565587373136808
4341.172,0.25903874277958044,4.205655889970449,25.575337860653114
4344.093,0.265434277815836,4.205658018625897,25.575395988777576
4347.0,0.2633256755332673,4.205582630141334,25.55928358739579
4349.906,0.2651712433589263,4.205493743442923,25.559617051816055
4352.812,0.26686875632886425,4.205488854916524,25.554495730534896
4355.718,0.26244754670011594,4.20561925943689,25.563377804540263
4358.625,0.2604263744123191,4.205879928858267,25.55546948279232
4361.531,0.2638629649529816,4.205775840049061,25.546124875238338
4364.437,0.2644921826676054,4.20577898000857,25.544161407218148
4367.343,0.2647545792995518,4.205693462070918,25.539408367485656
4370.25,0.2629545746053649,4.205943536260804,25.533092357424778
4373.156,0.26419767185331045,4.206112700027538,25.526178922411955
4376.078,0.2628449316919377,4.206092057442758,25.531274132801528
4378.984,0.2593587479094862,4.206004944040612,25.535917219684222
4381.89,0.2631782825553877,4.2061326150532885,25.525661248117956
4384.797,0.2602569847015578,4.205778248492561,25.526170000620834
4387.703,0.2602675103301486,4.206357098035893,25.51772114390909
4390.609,0.26141112859938487,4.206150223481746,25.523352533459065
4393.515,0.25863338450768103,4.206168387873318,25.514139454365722
4396.422,0.2607314872913898,4.206418254577242,25.510250324683337
4399.328,0.2646043405702446,4.2064939065025,25.50846532473172
4402.234,0.26097697226380995,4.206504046172073,25.506685615852206
4405.14,0.25954880086847626,4.2065677788621745,25.503761701056685
4408.078,0.2524606018230274,4.205779448369994,25.504009139716846
4411.015,0.24305921349404017,4.204832220516105,25.493984354404894
4413.922,0.2393194571779535,4.204616059000965,25.48565217842248
4416.828,0.2441993718440862,4.204648959784143,25.484745262375398
4419.734,0.24303621467799238,4.2044910340737625,25.482833527944344
4422.64,0.2428978657827734,4.204451120689497,25.48222798752492
4425.547,0.23983309935787844,4.20467166597314,25.481137318560254
4428.453,0.24298113959307746,4.204725330103847,25.481106023965232
4431.359,0.24076967615086067,4.204578334401482,25.472222137181838
4434.265,0.243177897225888,4.2049232616965915,25.47449589477743
4437.172,0.24340567212542294,4.20466214587021,25.474462698905235
4440.078,0.2423118017491102,4.204864832813673,25.472914179769354
4443.0,0.2378250336893573,4.204922289430237,25.459338711116324
4445.906,0.24472532400559624,4.20482134536992,25.464625459500464
4448.812,0.24398556423669676,4.204709740613936,25.466199698632877
4451.718,0.24019820298881228,4.204630190050381,25.463159503486683
4454.625,0.24123171852646885,4.2048193013827575,25.461560275389033
4457.531,0.24080844809525676,4.205067901088953,25.45530782943499
4460.437,0.24148119732354634,4.204705852684045,25.455172263765093
4463.343,0.2396701789048905,4.204872431915443,25.451410008132015
4466.25,0.24235496608015822,4.204882585193521,25.445531750262425
4469.156,0.24082314284389775,4.205191894370535,25.449666911266817
4472.047,0.24183486785882902,4.205025167713408,25.443221841489247
4474.953,0.23847315765437366,4.205107024114125,25.440144459955224
4477.875,0.24444087321034869,4.204964988230431,25.433322417035534
4480.781,0.24145849198011138,4.204845403273813,25.425548509480162
4483.672,0.24074059749296606,4.205358437652152,25.41969865044806
4486.578,0.24235610709497016,4.205017796031175,25.42147197513546
4489.484,0.2424928764121245,4.205219932413885,25.418945514634448
4492.39,0.24094006731172996,4.205116052593744,25.413533305834008
4495.281,0.24214139864743,4.205363173174582,25.414319999752916
4498.187,0.24252757485737342,4.205198879543245,25.40787806392202
4501.093,0.23994929925173578,4.205326676748052,25.412058662288786
4504.0,0.2401992806199661,4.205390619835424,25.4062700794426
4506.906,0.2366176633582655,4.205555096370101,25.403299275071834
4509.812,0.24152185887420516,4.205540117423699,25.401631272418598
4512.718,0.2426171063311463,4.205371320947395,25.399318959976952
4515.625,0.23985609508788197,4.205679784634908,25.39404287224991
4518.531,0.2420337861477081,4.20539939615915,25.391458319906523
4521.422,0.24047744265545065,4.205545585449142,25.386139016554257
4524.328,0.2396904323127762,4.205650176745006,25.386509359784085
4527.234,0.23775645221201272,4.205678712224177,25.380230558236725
4530.14,0.2403526822603551,4.205812622495657,25.379373448084575
4533.047,0.24094085774451965,4.205630648120844,25.384465247260486
4535.953,0.24051477372239977,4.205880102713871,25.379605075897555
4538.859,0.23962878101936472,4.205827892742635,25.368226730386663
4541.765,0.2418218416365545,4.2058122209979105,25.372915241428515
4544.672,0.24051674497187459,4.206117006005088,25.37284233856588
4547.578,0.23799368523871214,4.205967540662645,25.36790008303587
4550.468,0.23991617217127428,4.206097765152382,25.357946221201374
4553.375,0.24081851008536828,4.206143608280995,25.35848564795702
4556.281,0.2432106865818143,4.20581583554586,25.352588909159998
4559.187,0.238119351522692,4.206116271121051,25.357193099100858
4562.078,0.23958859743924665,4.206140928219939,25.34194596150559
4564.984,0.24076677561565366,4.206262101397294,25.339139048075918
4567.89,0.23776551059479326,4.206402788212127,25.341743796608057
4570.797,0.239409900363913,4.206397523210901,25.337505537217062
4573.703,0.24346187069874037,4.206364302425217,25.340008078770644
4576.609,0.24151721112608426,4.206168804248276,25.3382006492833
4579.515,0.23969198822639867,4.206513203142256,25.336266923639233
4582.422,0.23626665662768304,4.206368562824999,25.330932229033035
4585.312,0.2389679094085609,4.20645449336911,25.329743118520117
4588.218,0.23791368828925222,4.206544267967304,25.336216369533453
4591.125,0.23940939798119557,4.206391765044808,25.334539825714963
4594.031,0.24000453569095584,4.206786591267977,25.324439784888376
4596.953,0.22732516998728716,4.205879287435192,25.320170734882247
4599.859,0.22882257639786552,4.205873016897542,25.314481709628417
4602.765,0.22871720733242867,4.205837670443427,25.302076958609003
4605.672,0.23233501843761256,4.205816667544071,25.305806499760987
4608.578,0.2296404783178528,4.20584343123685,25.308478298312956
4611.484,0.22772772109308143,4.2059108303727895,25.304085074930263
4614.39,0.22957076401440973,4.205933965085994,25.3052067609237
4617.281,0.22886721001599422,4.206031450204754,25.300638147232046
4620.187,0.2274208811151796,4.206088241545166,25.29356650799775
4623.093,0.22938322932796976,4.205825629522724,25.290640353086786
4626.0,0.22969956732391936,4.206090342894476,25.30364912916942
4628.937,0.23013152378707888,4.205934600168475,25.29743402626062
4631.843,0.22805527650385538,4.206003943974514,25.293825396517164
4634.75,0.22845323130979392,4.205950448533499,25.28752367500885
4637.656,0.22461705373535376,4.206271923107675,25.28499037928729
4640.562,0.22716914664002702,4.205984186439335,25.279274547494847
4643.468,0.22711207021888988,4.206133176533722,25.277511679109242
4646.375,0.22924238753514795,4.20635299433306,25.272975768700295
4649.281,0.22570987892164215,4.206323209111885,25.273353303408598
4652.187,0.22248476888463953,4.206375620967952,25.264939573007304
4655.109,0.22668585977954453,4.20628476061185,25.26746035125264
4658.015,0.22819263825327016,4.206324081839719,25.266539845889383
4660.922,0.22784763271584774,4.206368315825635,25.265441275832075
4663.843,0.22617710884381934,4.20663808777218,25.26344296117486
4666.765,0.21809016281977445,4.205605466268889,25.26298263461723
4669.703,0.20509897185166726,4.204755562633401,25.269558909008026
4672.609,0.20811634349843217,4.20452390187776,25.251616980163853
4675.515,0.20777000516738015,4.20447743788532,25.253764207123044
4678.422,0.20610793968671537,4.2046274388194425,25.25561166543194
4681.328,0.20481844188440446,4.204467499883432,25.25632542500352
4684.25,0.20539193817318838,4.204408774763081,25.24933225228875
4687.156,0.20668159887281404,4.204369232741635,25.249594459592302
4690.062,0.21145667225102066,4.204110229110972,25.24313170288346
4692.968,0.2086554684130439,4.204297440822858,25.238580323567984
4695.875,0.21063378777476835,4.204421199951272,25.23996128443599
4698.781,0.20844296013403862,4.204415380578696,25.237710490433944
4701.718,0.20889982365836154,4.204641259571333,25.240207156857903
4704.625,0.20792151632258682,4.204538393143632,25.230498918619034
4707.531,0.2074169065914876,4.2044541890570875,25.228563857980173
4710.437,0.20893703924869547,4.2042315928322616,25.21889449752136
4713.359,0.20933880351325615,4.204398288091046,25.21919422785754
4716.25,0.20578997727485504,4.204386709142338,25.213042214540483
4719.156,0.20773563260090372,4.204492035654299,25.217833076577048
4722.062,0.21099052831148063,4.2043202987285335,25.21823840997133
4724.984,0.20886774771910463,4.20452885023468,25.21391996464429
4727.89,0.20673550936984053,4.2046401257876855,25.20948109849069
4730.797,0.20859359901694904,4.204475647540634,25.208688768869404
4733.703,0.2088080209887688,4.204782599390414,25.204643907388352
4736.625,0.2073859696966777,4.204400388362726,25.20298416019113
4739.531,0.20627337446600208,4.204705045853742,25.209284312363977
4742.437,0.2088176338402806,4.204573405933478,25.20619996260134
4745.343,0.20352562088480783,4.205328350423669,25.20430772324097
4748.25,0.20838439678843806,4.205010197689025,25.194479119929188
4751.156,0.20554335390089357,4.204880523451793,25.19499043928163
4754.062,0.21646000944206978,4.2045135130472024,25.19157894232751
4756.968,0.198496583806559,4.204889261977192,25.187160281435762
4759.89,0.20828330752990054,4.204731112799336,25.191939654258093
4762.797,0.20875782692661396,4.205113715040764,25.190655023669308
4765.703,0.20785026995111555,4.205120043689342,25.176609350037303
4768.625,0.20598596958649476,4.205051912880665,25.174818235171987
4771.531,0.20940464125616048,4.204739887072028,25.171637813946525
4774.437,0.20700100052815731,4.2047847707377075,25.169902904697988
4777.343,0.20508892552828983,4.205266752016104,25.163957578217595
4780.25,0.20764207570451756,4.204882822498653,25.16725921550299
4783.156,0.20757626907486712,4.205250005859202,25.157616201965595
4786.062,0.2069761521070048,4.204861258420299,25.158328665414608
4788.984,0.20865348519031776,4.204777170151394,25.1600366258355
4791.89,0.20555751919788698,4.205314385745715,25.157208852120473
4794.797,0.2024028661308936,4.205275378881415,25.147184223990454
4797.703,0.20452880961592507,4.2053045019628525,25.14432322839983
4800.625,0.20923536159233697,4.205080034358416,25.147342813041227
4803.531,0.20325707696195588,4.20537808765022,25.14282152488879
4806.437,0.20974359420984443,4.205408478721666,25.138383216912704
4809.343,0.20695664285372647,4.205162233764031,25.13231389518308
4812.25,0.2048158382621733,4.2049363201177785,25.136401756357966
4815.172,0.20852695491893553,4.205389703843802,25.133971765616895
4818.187,0.20586933949571978,4.2055242507642445,25.12354497606807
4821.218,0.20016523519991333,4.205388541052587,25.130125465415386
4824.203,0.20748881223678953,4.2054189521055045,25.12288349388318
4827.14,0.20468280306010186,4.205554349179795,25.11819051342507
4830.062,0.20532073761424718,4.205291041718276,25.126562153611953
4832.968,0.211296632306218,4.20586489988767,25.124380595281163
4835.875,0.2063667384003686,4.205629563387574,25.12111207468269
4838.797,0.21394330995284372,4.205672245117041,25.11480370712736
4841.703,0.20536352293669827,4.205592079973802,25.11359716494418
4844.609,0.20787362041529692,4.205435597887331,25.11716718288727
4847.515,0.20565334554622414,4.205576558878883,25.119223467322676
4850.422,0.20536643514620517,4.205694110518963,25.106952734060048
4853.328,0.20113313430021554,4.205716099339164,25.105831421754967
4856.234,0.20651100750621756,4.205838675697176,25.11132046284093
4859.156,0.2044022794378356,4.205733345414922,25.10900309955615
4862.062,0.20578383103465744,4.2057409866544075,25.109059346445612
4864.968,0.20917649897192553,4.206046496252673,25.106928124049148
4867.875,0.20400047347013558,4.206261204321587,25.09889816308167
4870.781,0.20144280449544802,4.206132166778444,25.097160447007326
4873.687,0.20546885360551218,4.205702764223818,25.099397935004117
4876.593,0.20625030311610498,4.20624559045432,25.096986069111846
4879.5,0.2057791765280276,4.206102526564821,25.08929681384908
4882.406,0.2049244563975829,4.206141774953732,25.09497135572217
4885.312,0.20255358219333436,4.206248305350175,25.08983639701092
4888.218,0.20279099011101984,4.206058384146647,25.09102276081667
4891.14,0.20181543674595262,4.2062678821587545,25.084229656999113
4894.047,0.20059446200850473,4.206092615421642,25.083260365391254
4896.953,0.20721091811699194,4.206248812172226,25.073765728461566
4899.859,0.20443922828763353,4.206515056472117,25.07630061240877
4902.765,0.20621338908585174,4.206340573774828,25.06971919300036
4905.672,0.20260510876092072,4.206584107313759,25.074979534223143
4908.609,0.19106126590670208,4.205349420229598,25.070699044736475
4911.515,0.19425786204644888,4.205544205375081,25.066653615622098
4914.422,0.19290049417749436,4.2056052743805425,25.06462967784605
4917.359,0.18198653411540358,4.204613285924147,25.06025027447564
4920.265,0.1872634416949695,4.20463080646256,25.063666369035133
4923.172,0.1849220917341681,4.20470360654022,25.05571279814677
4926.078,0.18576330874125022,4.204583208683523,25.059118668635076
4928.984,0.18470376964582677,4.204706273150746,25.0530545487908
4931.89,0.18808324250925082,4.204521412958522,25.05360708784177
4934.797,0.1840569287092376,4.204574315040681,25.057490246378098
4937.703,0.18772345815716693,4.20477931181385,25.03849648951442
4940.625,0.18600232763929897,4.20455663634708,25.048618982446254
4943.531,0.1846192986302282,4.204776492004097,25.038825493443497
4946.437,0.18633286163088628,4.2047253927731045,25.038523923073008
4949.375,0.18942736644838698,4.204306116060803,25.038674083814556
4952.281,0.18474779531928923,4.204781049733321,25.03892141718114
4955.187,0.186707333736536,4.204576565367566,25.045742970349508
4958.093,0.18677853407835596,4.204608740857693,25.03768037575289
4961.0,0.18212700801399992,4.205031021125666,25.04111566054189
4963.906,0.1854515133397137,4.204769073190904,25.038477706925953
4966.812,0.18322014631385403,4.204651000728125,25.032493664780652
4969.734,0.1848513149614758,4.2048322370273095,25.033089206582964
4972.64,0.1868882383920056,4.204613771026152,25.02387760540221
4975.547,0.18270419184144557,4.204747076459289,25.027502403455745
4978.453,0.1872514987994696,4.2046233184397614,25.02552582489819
4981.359,0.18832889437571998,4.204637762527321,25.020526571864533
4984.281,0.18725390753348123,4.2046750894196725,25.0181980988112
4987.187,0.18170382093230505,4.204696637650974,25.01764006245745
4990.093,0.19029770303242258,4.204597791665672,25.010774427858884
4993.0,0.18546003407295872,4.204670725025431,25.006347085392413
4995.906,0.186433164288571,4.20482163074603,25.001115681051658
4998.812,0.18568569287180334,4.204574116128918,24.99791942155648
5001.718,0.18696702754004876,4.204675398752693,25.00174538364705
5004.64,0.1836621284320325,4.205005016607718,24.996204622092012
5007.547,0.18278152807178558,4.205023606512787,25.0022342658137
5010.453,0.18666898696931986,4.204868537367811,24.99984548451934
5013.359,0.18170003525866182,4.20478704147169,24.995237752733118
5016.265,0.18387931127226517,4.204933775943115,24.992808158457784
5019.187,0.18493784853383724,4.205015132947282,24.994076608545335
5022.093,0.18639961149673975,4.205140816446257,24.99241371497771
5025.0,0.18338175438926663,4.204774332976911,24.994498004775725
5027.906,0.18336086219436099,4.2052752371403,24.98798098169561
5030.812,0.18548576035925604,4.205224409298206,24.98838810493868
5033.718,0.18774654375462244,4.2051368012477965,24.98303546306896
5036.625,0.1822515460882241,4.205073874085711,24.982871986778438
5039.531,0.18395244651592044,4.205319652704642,24.97594407140871
5042.437,0.18522756340338128,4.205460739599947,24.97695544951129
5045.359,0.18371516702807628,4.205335078444919,24.96776161599849
5048.265,0.18709813263686076,4.205177182471087,24.971407998034188
5051.172,0.18227063619526407,4.20556261037759,24.96361037725625
5054.078,0.17298871873764396,4.205201811616248,24.965321239339485
5056.984,0.1803674358823947,4.205602526267408,24.9654035984784
5059.906,0.1826304412306948,4.205757919009872,24.966021979008055
5062.812,0.1861805824541526,4.205425163249781,24.963026809982942
5065.703,0.182690985676324,4.2055903932525105,24.968806597822695
5068.625,0.18751466852484944,4.205751636044868,24.965971853481438
5071.531,0.18397313269668508,4.205833401642,24.96060850242541
5074.437,0.18500472424116646,4.205627282797595,24.958752907497622
5077.343,0.18265586102004436,4.205881843501413,24.96063103674042
5080.265,0.18307612650118624,4.205553416564644,24.956449448666753
5083.172,0.1833558126273489,4.205119366549005,24.954686593875977
5086.078,0.18279914664461852,4.205414863089967,24.954290965218913
5088.984,0.18474154661274406,4.205539800755291,24.957433044478165
5091.89,0.181654202454297,4.205893215358216,24.95829078472307
5094.812,0.1895614764492334,4.205561134124112,24.943459191705454
5097.718,0.1870027925145864,4.205315936927364,24.94187248861998
5100.625,0.1800172202207028,4.205754498454186,24.946373843648193
5103.531,0.18106191479345368,4.205853866822743,24.93789714347725
5106.437,0.18242986628331553,4.206053618549824,24.93872852889598
5109.343,0.18044451183339588,4.205954981409605,24.940784784032388
5112.265,0.18195241840702955,4.206132487944872,24.93626191394818
5115.172,0.18118908178471807,4.205984090324195,24.937793694398735
5118.078,0.1796624298716159,4.206414218931924,24.936194194488973
5120.984,0.1834725743044355,4.206372681668623,24.934786694556994
5123.875,0.18338049945789303,4.205928841312487,24.929968794094844
5126.797,0.17876068642545545,4.206324616108782,24.92962709130008
5129.703,0.18321088264303068,4.206362131251505,24.925712518482147
5132.609,0.1846065323012269,4.206522407497696,24.927546511437576
5135.515,0.18164669962220645,4.206172610363534,24.919429469939015
5138.422,0.17995149488914633,4.20628458029842,24.933222879446173
5141.328,0.18315591514876242,4.206149660622326,24.921520180151035
5144.25,0.17908355632591788,4.206223649169099,24.928643168729373
5147.156,0.1786656988902248,4.206872233431791,24.9219247848196
5150.093,0.16920257022277388,4.205768986687533,24.915020299726557
5153.0,0.1749164877755626,4.205496446425236,24.91586050617263
5155.906,0.17095687831016645,4.205726111154087,24.91614257373041
5158.812,0.1715496899207561,4.205587464047867,24.91097358555054
5161.718,0.17124928451260807,4.2053898464984325,24.906817841863234
5164.625,0.17121772841190433,4.205475573967323,24.91343055968923
5167.531,0.17344531366269042,4.205814557549571,24.91595830442876
5170.437,0.1703367154638642,4.205712329728699,24.91262586957562
5173.343,0.17236240807595876,4.20554353776901,24.911403286084436
5176.25,0.1757956906719613,4.205692194678577,24.910319433165743
5179.156,0.17256089828195348,4.205375763577094,24.906046101449988
5182.093,0.1740890474763,4.205478877088546,24.907770972256426
5185.0,0.1716229555825693,4.205530789258475,24.9099701060622
5187.906,0.17134196897950438,4.205615217242663,24.90376603226269
5190.812,0.17169620156409615,4.205807224464948,24.9095808354472
5193.703,0.17333472308819933,4.205651742408747,24.90817372724985
5196.625,0.17052705566057355,4.20562642312129,24.9015335857916
5199.531,0.17167351169071293,4.2058318461163005,24.901402345119976
5202.437,0.17131706167394306,4.205635976364318,24.908474845082637
5205.343,0.17423087458038167,4.2057198431041645,24.898523078149644
5208.25,0.1682061707764709,4.205871801174102,24.894902486572846
5211.172,0.17012916270838188,4.205786219360751,24.89465322537958
5214.062,0.171047767195906,4.206109279220705,24.894284124648305
5216.984,0.17058835431098457,4.205942342147021,24.88209303141465
5219.89,0.17370752141657436,4.205852298455376,24.8879525006267
5222.797,0.17461246265550848,4.205817094809352,24.88811063700189
5225.703,0.17247120386800682,4.20608597513155,24.878332606638928
5228.609,0.17142151935382466,4.205903472665211,24.879443168639103
5231.515,0.17263794464461232,4.205863311833818,24.87522565219377
5234.422,0.17013337504848866,4.205872839287145,24.876920282793368
5237.328,0.17028770949423896,4.206186444233385,24.882342210161372
5240.25,0.17306429562879141,4.206113621832584,24.87812813772736
5243.156,0.17041813053512397,4.206105677523889,24.871637233792537
5246.062,0.1709260812716556,4.206065917338711,24.8751633395265
5248.984,0.16968759611532472,4.206072801341899,24.872976236477477
5251.89,0.16875382000180839,4.206297853982926,24.876039995827817
5254.797,0.1682686147914126,4.206278690783063,24.865589092076945
5257.703,0.1726598478604192,4.20582285878186,24.862644373035668
5260.609,0.17269641255936274,4.206329125998258,24.862401817880908
5263.515,0.17054846437388146,4.2062366095864,24.859572778779018
5266.422,0.17150320579622114,4.206590019275055,24.863868699496187
5269.343,0.16166912481983617,4.205455081042968,24.859330657777907
5272.265,0.16350616049545685,4.205334745773585,24.853913521391338
5275.172,0.16032683226408861,4.205239837523468,24.857564742171395
5278.078,0.15958463390851835,4.205430102992977,24.851427456678397
5280.984,0.1630776583417517,4.205348997436664,24.854359163086624
5283.89,0.16007803504852397,4.205562332818765,24.851322161179684
5286.797,0.1632527181365063,4.205494630696342,24.85621215392553
5289.718,0.1610093832939397,4.205519965109404,24.853798297172997
5292.625,0.15856736126434648,4.205266313244653,24.85923566236183
5295.531,0.16075468039029842,4.205218876073837,24.85580073334501
5298.437,0.16420085980972204,4.205189575210277,24.843915388025863
5301.359,0.16278268832912657,4.205663858585984,24.83865403761326
5304.265,0.1628710608187927,4.205445251000912,24.842513662951696
5307.172,0.1579245826920274,4.205866381787116,24.834136253337316
5310.078,0.16015904944021445,4.20545894015145,24.840494426917473
5312.984,0.16057874991424126,4.205550955561587,24.83387834233847
5315.89,0.16194815733113602,4.205256318340993,24.828082021535902
5318.797,0.1603141357794465,4.205438110840762,24.833220449460164
5321.703,0.16136880180056468,4.205564191045457,24.833189532357117
5324.609,0.16055076393924037,4.2052975039971585,24.831640882003033
5327.515,0.1607688830072068,4.205777019594541,24.83243862161145
5330.422,0.16270531770273766,4.205334383042189,24.830267673436854
5333.328,0.15963652753221344,4.2057233595839865,24.8312428442881
5336.234,0.16150132294492825,4.205746382243739,24.828935430671
5339.156,0.1638278089725153,4.205451975113128,24.82935745188476
5342.062,0.16524739728617288,4.205965351042309,24.817105748067068
5344.968,0.16171813747185862,4.20561644750626,24.827354023587713
5347.875,0.16115892649930172,4.205946269539986,24.818738265191854
5350.781,0.1597457684522798,4.2057929089335255,24.824155942836587
5353.703,0.1587567233868793,4.205821648982306,24.819531597601795
5356.609,0.16149213904753879,4.20605894432849,24.82011251026279
5359.515,0.16084217614581373,4.206093600419016,24.817057024122665
5362.422,0.15748082452864381,4.206093506991413,24.814086510524646
5365.328,0.16003450400612612,4.206237105596648,24.82739716321382
5368.25,0.15941257573954085,4.205871800132742,24.807377646196056
5371.156,0.1628613229585766,4.2057460376003855,24.81019826899197
5374.062,0.15902378090659453,4.206403599799838,24.80579148943823
5376.968,0.16334921931226504,4.205943422909338,24.801640935397344
5379.89,0.16007146972707276,4.205918220672278,24.803148843674865
5382.797,0.15921811411700448,4.206205491176974,24.806791527425773
5385.703,0.1628887270131725,4.206105916539996,24.79781711984546
5388.609,0.16073862645767384,4.2060939847798835,24.793621379751183
5391.515,0.15928496796083652,4.2062649025137935,24.791142912083604
5394.422,0.1624830882258321,4.20594157251018,24.793897137591998
5397.343,0.16261584253673803,4.206295894845687,24.790247691323618
5400.25,0.16354332317907447,4.206165839154434,24.796217267513036
5403.156,0.16073526610567646,4.206215002491967,24.7919632916227
5406.062,0.15891960575126143,4.20642800800414,24.78374125268867
5408.968,0.1591691945924719,4.20601867400238,24.790196487921428
5411.875,0.16244327515983603,4.205880077501406,24.791574926069273
5414.797,0.15772211445661508,4.206220357348655,24.78354818827853
5417.703,0.1615032136615148,4.206270951222896,24.78585326351866
5420.609,0.16166643706257275,4.20625648164378,24.787534587004163
5423.515,0.15785467554066587,4.206277380604336,24.786937892705772
5426.422,0.1609572481118856,4.2064157893090055,24.78258231206555
5429.328,0.16174296284044537,4.206371757443232,24.781169270707576
5432.25,0.1612604768959676,4.206415468487234,24.780727983068846
5435.156,0.15551313932629138,4.206547869841039,24.77179430514181
5438.062,0.15836537009618382,4.206546800801647,24.776668873113575
5440.968,0.15984453287596545,4.206502774155537,24.773672853083255
5443.875,0.1568119015615148,4.206760805999217,24.77711926579846
5446.812,0.14987680799151218,4.205500877286157,24.771988558021615
5449.734,0.15257118569620387,4.205664306902119,24.769431201529766
5452.64,0.1471717966266216,4.205702720537921,24.775225004168895
5455.547,0.14607307017461338,4.20587488079618,24.77415476610103
5458.453,0.15319651769847034,4.2055851662864,24.777247946628755
5461.359,0.14625938785181983,4.205418985087923,24.767833641950787
5464.265,0.15068322715366841,4.205521774266289,24.765362559267942
5467.172,0.15058868167959555,4.205464940645059,24.762992538557974
5470.078,0.14944145499386832,4.205789309426159,24.75783776023501
5473.0,0.14880003013890386,4.205480614643318,24.75890317387291
5475.906,0.14819018512044624,4.205778477790015,24.75492960226078
5478.843,0.15193872373711068,4.2057514240069835,24.75564851703252
5481.75,0.1488548680133211,4.20571301264116,24.76266065143862
5484.656,0.1506202332627699,4.205795565562725,24.76446725937223
5487.562,0.150799573712595,4.205783131384057,24.76167128446918
5490.468,0.15142897315123302,4.205686251468278,24.75424837239516
5493.375,0.14767033470180996,4.205967496561004,24.75953800104107
5496.281,0.1455858805628673,4.205953860446883,24.75633410982066
5499.187,0.14959894280569322,4.205849696654323,24.757442716493394
5502.093,0.14847769005024916,4.206056495017336,24.75477833427687
5505.0,0.14916935506863202,4.205719821119541,24.738791493167025
5507.922,0.14896838024994466,4.206047073217934,24.74377392377632
5510.828,0.1460120300298229,4.205484187925224,24.753799760304044
5513.734,0.14788916707684288,4.206018936325813,24.740806390684256
5516.64,0.15002986986802716,4.206188905247887,24.739889985071024
5519.547,0.1477019271991834,4.2060718333194735,24.734206054713567
5522.453,0.14503470002803823,4.205928461671763,24.74079253072914
5525.359,0.15064026170356185,4.206185885113774,24.731754576689124
5528.265,0.14750007195446826,4.206211508784309,24.746100868065774
5531.187,0.15118255101777203,4.2060386827216885,24.734009270141232
5534.093,0.14730411859918055,4.206327808633293,24.735020655074262
5537.0,0.14924816317257358,4.2061240008675265,24.728612273867455
5539.906,0.14897721185724758,4.20602520904846,24.73104101114965
5542.812,0.14860009361897847,4.206156025162863,24.731065043236068
5545.734,0.14682582722055626,4.206408397034619,24.732429173542492
5548.64,0.1522607698741142,4.205860220199669,24.728303276936
5551.547,0.14925076051036332,4.206150916970534,24.723883989287973
5554.468,0.14938373352075524,4.206225698809497,24.721040395913693
5557.375,0.14634130730035733,4.206151480391763,24.721539143711183
5560.281,0.1493286277518848,4.206244633971436,24.720031050858392
5563.187,0.14988737462768895,4.206117563562891,24.7179929191793
5566.093,0.1467246246663553,4.206483336827954,24.7134386718328
5569.015,0.1459878432348651,4.206340867474415,24.713927007477494
5571.922,0.1519547011730624,4.206221686890018,24.71038438059848
5574.828,0.15160813831794445,4.2062390035588,24.713220415371442
5577.734,0.15236601152689688,4.206315782370136,24.70912424508781
5580.656,0.14831314367832368,4.206451574000709,24.708903125481527
5583.562,0.15401586752984475,4.205843465651917,24.71058722757644
5586.468,0.14652771811616852,4.206588642108889,24.714258768399404
5589.406,0.1403587290327364,4.205441953967868,24.711030945889597
5592.312,0.13890309776636228,4.205607978120095,24.71448937043391
5595.218,0.13692986744435048,4.205680129268919,24.708010847411398
5598.125,0.14124255038346306,4.20560994465866,24.701025191536846
5601.047,0.1391899749436198,4.205414904264236,24.705191179229658
5603.953,0.13769727100157764,4.205626073248787,24.707448007259416
5606.859,0.13813765674143255,4.205609068405858,24.708331119167433
5609.765,0.14255443563260378,4.205444726643633,24.70289592546416
5612.687,0.13855465771049003,4.205703425807943,24.698646846465888
5615.593,0.1361925891337642,4.205717964787568,24.706424256350793
5618.484,0.1404761325638657,4.205295551684048,24.694024474704463
5621.422,0.14057696424918606,4.20530233106357,24.700852540246746
5624.343,0.1403072752937272,4.205515241163881,24.697395363107425
5627.25,0.1379316548139323,4.205532307380111,24.69537616708355
5630.156,0.13941470412293996,4.205646849985892,24.694241071470934
5633.062,0.14391835904304362,4.205561751166122,24.692820437351106
5635.968,0.13486710891778558,4.205877221684371,24.695788093371984
5638.875,0.13943943201936906,4.205528289701348,24.69144319255097
5641.797,0.13883106201933748,4.205791382430881,24.69685656885902
5644.703,0.13964964502403346,4.2055217944124825,24.687580254936897
5647.609,0.1373266684557756,4.205516249468906,24.689100233752423
5650.515,0.13874304029893617,4.2055522781266115,24.683551742781166
5653.422,0.13657175565937085,4.205776903707432,24.684319022795144
5656.343,0.13703387204118178,4.2057532540407845,24.686580857401058
5659.25,0.13919593469535596,4.2057009480031216,24.684385171772
5662.156,0.13849217948592374,4.205874275918975,24.68629408610131
5665.062,0.13995222632462595,4.205615089141041,24.682904912611367
5667.984,0.13594970815915974,4.205755800630819,24.68133542973375
5670.89,0.13877082451996509,4.205872264884411,24.677774663543964
5673.797,0.13570194987491188,4.205987259990975,24.677925239719727
5676.703,0.13603685811438349,4.2056896875930585,24.675697870619633
5679.609,0.1350590263652185,4.205789004367401,24.672678078614158
5682.531,0.1387961257619738,4.205842105346503,24.66896173186032
5685.437,0.13925697000014994,4.205891604242002,24.670119335531865
5688.343,0.13742142985499398,4.20591841861753,24.662831553974982
5691.25,0.13677631291547435,4.205918860583834,24.66483486582047
5694.172,0.1379689473576532,4.205934064612412,24.66148272057608
5697.078,0.14228167254091692,4.2056565375860195,24.671853677567803
5699.984,0.13869246030723642,4.206117416837057,24.665083554544548
5702.89,0.13687143062054472,4.205797943305173,24.665969189378025
5705.797,0.13931832345480993,4.206112896392947,24.658798217035947
5708.703,0.13957706831910596,4.205900914695798,24.660146002393716
5711.625,0.13452809604456492,4.206224927943296,24.663443136859698
5714.515,0.13768088791403618,4.206096090925342,24.66283174880411
5717.437,0.13665137156508694,4.206128997783729,24.661600642709548
5720.343,0.1378096478550469,4.206144593753965,24.660282529263053
5723.25,0.13741440252372122,4.206066740504889,24.665222969776494
5726.156,0.13851054928546386,4.206141338349476,24.66822920235817
5729.078,0.13682839894654844,4.206050652618108,24.65806945909717
5731.984,0.13694198761006662,4.206243162225974,24.654436986094243
5734.89,0.13531715211782597,4.206201875274917,24.6471943141632
5737.797,0.13673127943355065,4.2060910538301925,24.649698822959248
5740.703,0.13781860538307103,4.206071460364526,24.648251818199327
5743.609,0.1335930568553564,4.206213407729401,24.650189131997255
5746.531,0.137831556352286,4.206077300740856,24.652159192279377
5749.437,0.13653034748281853,4.206430044235626,24.646115168642506
5752.359,0.13866851707529831,4.206047294264091,24.644785946894515
5755.297,0.1366785323544303,4.206250407710878,24.644914237653197
5758.297,0.13793637391358218,4.206527712005177,24.649006339438753
5761.218,0.138116860390149,4.206542546483947,24.636149055817455
5764.281,0.13666642373161564,4.206519437685654,24.63482131180459
5767.297,0.13872351894634646,4.20649398622443,24.63502108467504
5770.234,0.13539969163534366,4.206349857307601,24.64062695963459
5773.203,0.13445036095322907,4.206482954314603,24.647682328909383
5776.109,0.13508052173005256,4.206599857299696,24.636824829000194
5779.031,0.12428868585231864,4.205455534408821,24.631879029651003
5781.953,0.12477422791822024,4.205513931957885,24.62955680301106
5784.859,0.128941417415737,4.2056181500374406,24.62712844913358
5787.765,0.12705443220412913,4.205629488572785,24.629936187631905
5790.672,0.12759591575591747,4.205513043075731,24.63255269569855
5793.578,0.12631250115024883,4.205866811993063,24.638798512265204
5796.484,0.12633793368825613,4.20557565492422,24.633775340959975
5799.39,0.1251214216196469,4.205523205508459,24.629628351028103
5802.312,0.12530391152528836,4.205486782686314,24.63220238702301
5805.218,0.12650634773849131,4.2054218747477305,24.62696861750452
5808.125,0.12696728470735208,4.205345155646744,24.62885812620358
5811.062,0.12567557821695896,4.205480292447287,24.62523311279483
5813.968,0.12568855870512602,4.205761783348019,24.614405697249506
5816.875,0.1267423086299638,4.205302468729452,24.622242790253594
5819.797,0.12304255604996976,4.205596906581926,24.617191732216895
5822.703,0.12559335320274131,4.205390629412866,24.623347102073406
5825.609,0.1256042603982378,4.205522792541306,24.623843409459038
5828.515,0.12783652749227203,4.205532292869302,24.611407390975582
5831.422,0.128044150928717,4.2057523919942605,24.62157874280322
5834.328,0.12473675738824587,4.205744022710949,24.616007054094787
5837.25,0.12332912043397622,4.2055319794180805,24.61770989083163
5840.14,0.12439745450210682,4.20578334129446,24.621366903625976
5843.047,0.12910347573812328,4.205869733265176,24.61606898811528
5845.968,0.1247366687378618,4.2057738636535005,24.618751122777145
5848.875,0.12199384000970534,4.205663795594489,24.61148989116545
5851.781,0.125805255859884,4.20572022147097,24.611997813655314
5854.687,0.12719050925685668,4.205646403496041,24.60808875521665
5857.593,0.1256596826855047,4.205910813990331,24.60780768133349
5860.5,0.12523470970253792,4.205731151845819,24.61012206286015
5863.406,0.12503407539066624,4.2056903843926365,24.610030506008552
5866.328,0.12360864796654056,4.205528382907339,24.61174476130516
5869.234,0.12631438417438665,4.206016913033104,24.605544533149338
5872.125,0.13034725653451346,4.205843030133169,24.60430928172257
5875.031,0.125290102766423,4.205767980581183,24.609371619445785
5877.953,0.12258909226041685,4.205989022256554,24.608921398929006
5880.859,0.12642463961253844,4.205774990320202,24.61145486780048
5883.765,0.12546008147726365,4.205849911954764,24.596424356945903
5886.672,0.1266325967568531,4.205796875294082,24.605560658898614
5889.578,0.1275491560342754,4.206007572233548,24.597142160706923
5892.484,0.12380376400688156,4.205804009204969,24.6040201486643
5895.39,0.12594680237635444,4.2060593328663005,24.595007525728906
5898.343,0.12861627051703753,4.205899686479246,24.600679698481088
5901.39,0.12319769149035643,4.2059395024644015,24.61358016887092
5904.343,0.12667082540602392,4.2061642834150925,24.604358830964767
5907.359,0.126108970233004,4.2060743439693,24.594476283850312
5910.328,0.12650795560506342,4.206041156016275,24.598031750508525
5913.312,0.12606029940106264,4.205989373474891,24.598183331877607
5916.297,0.12289996108429058,4.205915781108672,24.59325139211098
5919.25,0.12239678810690952,4.20613494708885,24.594411278657482
5922.156,0.12473197184540342,4.206071798151327,24.58857653714167
5925.062,0.1287357567533374,4.206222696169331,24.591648226127454
5927.968,0.1252639216521901,4.206215518869479,24.583197136905646
5930.875,0.12873799751289047,4.2062636572017755,24.586639195878497
5933.781,0.12631849616655402,4.206247883612991,24.587636188483234
5936.687,0.12127647295498102,4.206243794248246,24.584224396769972
5939.593,0.12439117769744532,4.2066549396724495,24.589272440677863
5942.515,0.11546186327183328,4.205643916755001,24.584976172927007
5945.437,0.11669056157830802,4.205377777402294,24.587582255057434
5948.343,0.11862401027881521,4.205442268624457,24.581306364048892
5951.25,0.1156774440895304,4.20524666688874,24.576684178827364
5954.156,0.11522473327371595,4.205228509515785,24.583488668085668
5957.062,0.1136095107512899,4.2051023455228345,24.57913255603516
5959.968,0.11494636681973947,4.2051602455788695,24.584662544951186
5962.875,0.11678787485565104,4.205517721585137,24.572563002416153
5965.781,0.11891592751633191,4.205194115777848,24.570673833909304
5968.687,0.11621285346522006,4.2053696332421655,24.574561597070222
5971.609,0.1167542821957281,4.2052203424290004,24.56795006914502
5974.515,0.11684907063837356,4.205149114773975,24.569610923537823
5977.422,0.11586887844987934,4.205297893942843,24.556302556567623
5980.328,0.11669060549312218,4.2052810279386,24.566406250651106
5983.234,0.11642471603823362,4.205067038467774,24.561312635840075
5986.14,0.1188841518141285,4.205034112524788,24.56295892704724
5989.062,0.11449787041745986,4.205312156788063,24.566012324916894
5991.968,0.11492429634539653,4.205223769439277,24.56326539974528
5994.875,0.11317643234297867,4.205230846539221,24.567779917271476
5997.781,0.11634079823178317,4.205116046835892,24.56455956213635
6000.703,0.11622456714065715,4.2054199127681375,24.566527353651686
6003.609,0.11567532054148573,4.205582506003136,24.573045734507858
6006.515,0.11825132201119681,4.205521646122287,24.561177408331158
6009.437,0.11563319901937948,4.205400354872464,24.5624137229271
6012.343,0.11649164416974934,4.2053300668644304,24.565966764348005
6015.25,0.11621970750084944,4.205370258006039,24.558481899099238
6018.156,0.11702589826842959,4.20517721796607,24.562728440974897
6021.062,0.11665670522946224,4.2052972914219096,24.559219518161836
6023.968,0.11863196759244218,4.205247720422442,24.55234370488932
6026.875,0.11459542465476168,4.205294800266281,24.547245139337065
6029.781,0.11559316377979433,4.205317641246399,24.552623874244468
6032.687,0.11611791909489994,4.205334587040764,24.55076217694881
6035.593,0.11607176030189593,4.205440155027996,24.543858593992752
6038.515,0.11564088332048537,4.205443366819295,24.547378392140093
6041.422,0.1149099648343045,4.205457790428121,24.54511585383818
6044.328,0.11277503069446584,4.205405127098,24.544623696325672
6047.234,0.11631147621431667,4.205499770063836,24.55092440285603
6050.14,0.11420200364176952,4.205344118249287,24.545056979768916
6053.047,0.11485237272225256,4.205683730079896,24.54516425162327
6055.968,0.11352952343952107,4.2057354622306375,24.543543534374557
6058.859,0.11484023544940028,4.205580478413845,24.541088157659935
6061.781,0.11224037560371379,4.205410273241543,24.545310871073628
6064.672,0.11536038629376798,4.20558994920282,24.54066597749901
6067.578,0.11610332921019456,4.205654222990577,24.54328729721022
6070.484,0.11317253939845369,4.205547409609297,24.54474931143724
6073.406,0.11524571347145886,4.205554784762094,24.540562958110872
6076.312,0.11339222581474465,4.205686687986621,24.537275535165755
6079.218,0.1147934572920206,4.2056257984375405,24.539571282503847
6082.125,0.11531709323521618,4.205751511222178,24.54284210313066
6085.031,0.11452261337235485,4.205648557041227,24.53935364533223
6087.937,0.11531164848895346,4.205719284619007,24.539078616091235
6090.859,0.1168682136546855,4.205506627519819,24.53982696002133
6093.75,0.11708043786693051,4.205560948658095,24.526243540310013
6096.672,0.11630091112696607,4.205700937964066,24.537465758223767
6099.578,0.11782929387295642,4.205626102634762,24.533253425363743
6102.484,0.11488507259898861,4.205782099183587,24.532349025145795
6105.39,0.11218944440388894,4.2058582963675635,24.530430256931943
6108.297,0.11469431772185064,4.2059085684596536,24.5250808461149
6111.218,0.11255018116682464,4.205873477184486,24.526863536818528
6114.125,0.11525159750502462,4.206017778283566,24.519277146037226
6117.031,0.11544542685645168,4.205850321258261,24.53022999935431
6119.937,0.1142804486277617,4.205970327964826,24.52599715616029
6122.843,0.1149060072409743,4.205907514486955,24.526785317768727
6125.75,0.11575189919628075,4.2060298902620605,24.534906930143656
6128.656,0.11510394081347132,4.206040825497142,24.521721848525925
6131.578,0.11361616420015429,4.205953267824393,24.52730773310212
6134.484,0.11504736487439678,4.2057016793380475,24.529920858881532
6137.422,0.11214603183777729,4.206036008380924,24.520985589596762
6140.328,0.11231435077436035,4.205940062579598,24.52337355608039
6143.234,0.11301813101827136,4.205886105659933,24.529749994389288
6146.14,0.11722650324638871,4.206173399195757,24.521166604563348
6149.047,0.11396759833711195,4.206080006835513,24.514775776545044
6151.953,0.11651072799220971,4.2060499592393095,24.52172141633666
6154.859,0.11294460698050843,4.206117191792718,24.51805977424805
6157.765,0.11443481125761855,4.206345595075562,24.51416968566416
6160.687,0.11478517816394353,4.20617594747281,24.513367089089172
6163.593,0.11369776899404185,4.206069060024576,24.515950889061557
6166.5,0.11503453327737072,4.206280246391401,24.51364504431806
6169.437,0.11469970545766786,4.206071848548699,24.509227968484417
6172.343,0.10904117422782089,4.205975416844625,24.515412765269954
6175.234,0.11209681617179225,4.206261614784319,24.516767686357976
6178.156,0.11360301157214509,4.206340088107894,24.509913925683783
6181.062,0.11367180947343984,4.2063427434816845,24.512106119954723
6183.968,0.11364183925744362,4.206112900843895,24.514252767965406
6186.875,0.11565369768807841,4.2063952846834844,24.512894104148508
6189.781,0.11497062725783563,4.206235748401434,24.51408341435995
6192.687,0.1125699095989867,4.206415307866401,24.50771949316675
6195.609,0.11506953423342613,4.206376595255519,24.50340660734321
6198.515,0.11493098529199107,4.206269280970482,24.511165886958416
6201.422,0.11379592644593975,4.206238470151248,24.50812349401088
6204.343,0.11468676857347229,4.206504745597595,24.510053132225394
6207.25,0.11242452253907871,4.206524293895643,24.502568551304673
6210.172,0.1162237187780341,4.206398411936086,24.49549931912089
6213.078,0.11259401078565195,4.206564628346892,24.49690488417644
6215.984,0.11229593830925871,4.2066398651890715,24.502334833815045
6218.89,0.11309831816801963,4.206629257169492,24.499042310841833
6221.797,0.1145175946451856,4.206380643993357,24.49492118124853
6224.703,0.11109244917140144,4.206542797073933,24.49599792479032
6227.625,0.11306366652069291,4.20657431536817,24.488990173061563
6230.531,0.11438169556745803,4.20640214854423,24.484886494681206
6233.437,0.11464500762564883,4.206863466767391,24.492786763272793
6236.359,0.11405361777655251,4.206681678351804,24.490541661892586
6239.265,0.11196523399710487,4.206508182896439,24.48333192418711
6242.172,0.1127717405034672,4.206538442193709,24.484732034172342
6245.078,0.1117071150863172,4.206733812762672,24.487934270820848
6247.984,0.11447230706522096,4.2069023365711935,24.48265529066648
6250.906,0.11276573614973559,4.206690057251269,24.481858678984896
6253.812,0.11602460180415385,4.207022323499494,24.479840406987318
6256.718,0.11420749735943113,4.206777407012557,24.48359543910308
6259.625,0.1117811534458917,4.206965392577312,24.48139005058235
6262.531,0.11378503430591777,4.206690911415473,24.482490606900853
6265.437,0.11574929110922626,4.20682080578499,24.481977007239472
6268.359,0.11279742798518949,4.206787068488228,24.48318788855094
6271.265,0.11128675543792253,4.20698807198296,24.474821825307373
6274.172,0.11359372492972698,4.206817971812728,24.472427307244622
6277.078,0.11276466638570208,4.207061517938676,24.47865633288704
6280.0,0.11206108753425381,4.206931818268598,24.473925285075232
6282.906,0.11281007019686774,4.2069182962339475,24.477869349057407
6285.812,0.11447293755176108,4.206954522006816,24.476458631534623
6288.718,0.11179166306983224,4.207120033485992,24.472238262361046
6291.625,0.11558924094664669,4.207117747240888,24.479239141225193
6294.547,0.11105073114111184,4.207138946728003,24.47796052438529
6297.453,0.11327729417072253,4.2070794720945335,24.47130167299258
6300.359,0.1116108464434675,4.207347171073319,24.46166523445112
6303.281,0.11078378957310205,4.2069842782797595,24.463067407960967
6306.187,0.11075624322824845,4.207007243406764,24.46802185320419
6309.093,0.11119264372679712,4.207160699159638,24.46905458578856
6312.0,0.1114771285899216,4.207052007286436,24.4624540012198
6314.906,0.11138847279300294,4.207120865234482,24.465361674817093
6317.812,0.11488836918757328,4.207177310118301,24.465529526209394
6320.718,0.11061901791888037,4.207146969755993,24.4680700914724
6323.625,0.10984308058123508,4.2074272991012815,24.476554998183296
6326.531,0.11342422679722403,4.20755647360952,24.476125599053805
6329.468,0.10001265564130514,4.206156668592968,24.457155576043338
6332.375,0.1002133278669683,4.2064649133007075,24.465697814686187
6335.281,0.1010767616752236,4.206234310254164,24.462989841671515
6338.187,0.10117596472867536,4.206386355488353,24.457648508136753
6341.093,0.10001152219080524,4.20640151970191,24.46850456965249
6344.0,0.1010481606602149,4.20652646368916,24.465329685001123
6346.89,0.10397382201465752,4.206391853088435,24.464713480357503
6349.797,0.10052712522057797,4.206219437849427,24.469855668801898
6352.703,0.10183124144082614,4.206243115190309,24.462744802679623
6355.609,0.10237810594930728,4.206417491427827,24.462116988067898
6358.515,0.09714949180820846,4.206322798941717,24.46297592911875
6361.453,0.10169187401147341,4.206319529521417,24.4671458303048
6364.359,0.10082209158424996,4.206401409125246,24.46191623473811
6367.265,0.09986385781835755,4.206345195092457,24.46169874229465
6370.172,0.10412687614784612,4.20636020441866,24.46492670032789
6373.078,0.10099155729051496,4.206516691301888,24.461062027549236
6375.984,0.10157514678730963,4.206410564857028,24.45851503769949
6378.89,0.10147446027399207,4.206208465233556,24.4693469651918
6381.797,0.10193856496728324,4.206466159686024,24.45929287642882
6384.703,0.10043748531606121,4.206125364111524,24.45925320352617
6387.609,0.10208466210263684,4.20634325726,24.45857515300803
6390.515,0.1027792342303169,4.20652223667984,24.45983224778338
6393.422,0.1006110550691212,4.206508906833881,24.461635550204978
6396.343,0.1057384586691981,4.206426894856668,24.45327672943861
6399.25,0.10374160487976475,4.206377171486093,24.455548262636185
6402.156,0.10140672357814587,4.206235456171253,24.459928181676727
6405.062,0.1016880594357526,4.206371222835133,24.45154139308276
6407.968,0.09922603119660442,4.2062177852531875,24.448783038438208
6410.875,0.09949531172665266,4.206400408374792,24.448178367018738
6413.781,0.10349189381803899,4.2065477158978855,24.459439609502923
6416.687,0.10421671841870932,4.20648239655534,24.448199551936238
6419.593,0.10399992007537476,4.206677686538118,24.45339937015636
6422.515,0.09393516016632054,4.205636317226474,24.457112952870787
6425.422,0.09351888532182649,4.205566696141403,24.462930994920164
6428.343,0.0913240529767246,4.20570101405165,24.453413719023448
6431.25,0.09630499320071337,4.205530355872488,24.454614823772094
6434.156,0.09208663590427964,4.205822314586719,24.45267675264692
6437.062,0.0933880198665853,4.205451761352928,24.452471007919197
6439.968,0.09536193236993125,4.205341312978858,24.452040162702396
6442.89,0.09563728609500949,4.2056005111744375,24.45044787799436
6445.797,0.09344038688614836,4.205600690092056,24.446264316581704
6448.703,0.09096739245359763,4.205432872732956,24.4442017682004
6451.609,0.09341110058309703,4.20556136636575,24.441593389283362
6454.547,0.09343581181383517,4.205666189749847,24.44310146506822
6457.453,0.09264813106902818,4.205529117106762,24.44163241326457
6460.375,0.09246201213523861,4.205589109424799,24.44572205857926
6463.281,0.09108936842509409,4.20556302470728,24.440733677651853
6466.187,0.09305706921513117,4.205553104203277,24.433408624598304
6469.093,0.09110584617903277,4.20561149340407,24.43523419458496
6472.0,0.09007875792373943,4.205415398145275,24.43336524163345
6474.906,0.09531705027934569,4.205459708382743,24.427008982023903
6477.828,0.09429613696822282,4.205816730732916,24.43301725381131
6480.734,0.09157091147080322,4.205665788959993,24.435065874500374
6483.64,0.09558208530117053,4.205371550117923,24.437721062609107
6486.547,0.09383165887835167,4.205470779609251,24.43867758364041
6489.453,0.09383510870877775,4.205508565609604,24.434097047629486
6492.359,0.09296100765289983,4.205291631526883,24.43779430150187
6495.281,0.09422915198107813,4.205543574113984,24.440078212454438
6498.187,0.09330402947208048,4.205527821515328,24.440093354562258
6501.093,0.09378702175147216,4.205711862318953,24.433808785514483
6504.0,0.09434377360276824,4.205512592444626,24.427867374193365
6506.922,0.0953195402665283,4.205709789857983,24.424400957411173
6509.828,0.0954656536670709,4.205550427149912,24.433845163216834
6512.718,0.0944976480555035,4.205679089778327,24.433989726010502
6515.625,0.09707371517609838,4.205696651553837,24.43073299659266
6518.547,0.08981493776475112,4.205485306405046,24.427992604225444
6521.453,0.09182886713535011,4.205857376953249,24.427772860052514
6524.375,0.09640735403050521,4.205665257093314,24.424540666733424
6527.281,0.0955948704635445,4.205760707508347,24.42626538880795
6530.187,0.0903956988998281,4.205680426355449,24.42964175132076
6533.078,0.09244453697990646,4.205503887073572,24.425923302631713
6536.0,0.09305958078142419,4.205577459518407,24.423441632446313
6538.906,0.09583790000343567,4.2055389738084745,24.428357387913152
6541.812,0.09507576433627182,4.205655263650519,24.425974212754703
6544.718,0.09528467382175165,4.205602255670286,24.420742232701855
6547.625,0.09288081830838929,4.20565318664831,24.419823285592404
6550.547,0.09152783160876861,4.205697901658056,24.42438735353019
6553.468,0.08997438389189376,4.205627990153791,24.42279074690659
6556.375,0.09199016031411307,4.205619180340133,24.42268206900923
6559.281,0.09392174951106186,4.205703017715073,24.421037791524732
6562.187,0.09290022411706846,4.205368915529218,24.422324309626866
6565.093,0.09163767063571851,4.205740609150349,24.42124717063858
6568.0,0.0907891188766959,4.205667372206786,24.422912936616388
6570.906,0.09046233465619094,4.205732990873827,24.424429743684396
6573.812,0.09073905766762798,4.205971218000688,24.430606228930344
6576.718,0.09322232361792619,4.20589873638045,24.422149329969493
6579.609,0.09298322169210115,4.20593664088484,24.421228398989587
6582.531,0.09060835514477845,4.205759416195295,24.425591090315336
6585.453,0.09331437588391685,4.205874093419457,24.41829609276013
6588.359,0.09038772163159192,4.20592132059402,24.420730173891403
6591.265,0.09236265666201098,4.205864777985443,24.41750143216704
6594.172,0.0905617465700727,4.205687042025026,24.415363254148378
6597.078,0.09197589059579693,4.20590323880186,24.419368290551272
6599.984,0.09097568300249327,4.206080311445521,24.420393352527306
6602.89,0.09220255151848619,4.205653735326429,24.408522122534734
6605.797,0.09072122355034988,4.205915668566291,24.41259242715171
6608.703,0.0905957024034743,4.2055319241159195,24.416338442694485
6611.625,0.09338067955569306,4.205717803659936,24.416057850913255
6614.531,0.0923051117397418,4.205932696915798,24.41185675618265
6617.453,0.09116609418823285,4.206055707691059,24.423036044660947
6620.359,0.09498463933438688,4.205962094301988,24.414148924939592
6623.281,0.0917222564503836,4.206152708109141,24.417768369919063
6626.187,0.09177828873171066,4.20616730981514,24.410702902252805
6629.093,0.0895088639491778,4.2060215105082355,24.410637266112023
6632.0,0.08977710166219123,4.2059597172834415,24.407948031364974
6634.906,0.09179084261232962,4.206119812363126,24.410208489577844
6637.828,0.09257635899459044,4.206014880215404,24.41719468389839
6640.734,0.09377396981051397,4.206093689094613,24.412662143347564
6643.64,0.09228616028260615,4.206037128270585,24.414147399769426
6646.547,0.09109052142022489,4.2059349587793315,24.410531797990878
6649.453,0.09043465875443873,4.206091558956837,24.409761311278384
6652.359,0.0939148359589717,4.2061272544681865,24.40482131041339
6655.265,0.09235134668404862,4.206185722711169,24.415694474738796
6658.172,0.09047082944012685,4.206164181883382,24.411675746692243
6661.078,0.09271994150728398,4.205953789801475,24.416498632111114
6663.968,0.09320123278057252,4.206004856083146,24.4129399566261
6666.89,0.0912141071039838,4.20609272994654,24.410000041293177
6669.797,0.0926706231914749,4.206315394705854,24.40753184896957
6672.703,0.09247479357732881,4.205947686632345,24.41112989800006
6675.609,0.0907310157867037,4.2064129240507,24.40469030833224
6678.531,0.09487864165388321,4.2061219950212605,24.414359929171194
6681.453,0.09098039286421516,4.2064023707794,24.408048903262785
6684.359,0.09100469740081213,4.206273626390915,24.406353315962747
6687.265,0.0885027291544941,4.206282004564121,24.407993389111645
6690.172,0.0918602292197837,4.206230989844902,24.40652759157911
6693.078,0.08933366137984802,4.2064474066898505,24.41369968229287
6695.984,0.08832600087108816,4.20623763721884,24.411026552708414
6698.89,0.09128768731744212,4.206253363554492,24.409267838893538
6701.797,0.09171173127185585,4.206468101309121,24.406291576602683
6704.703,0.08773457292313779,4.206231015612177,24.40716119179421
6707.609,0.09060697149066015,4.20639855547184,24.397224281782268
6710.515,0.09054504367015122,4.206202510510005,24.39353507397232
6713.453,0.0928993099412076,4.20646653297162,24.40506230131751
6716.359,0.09269756884747286,4.206455617809071,24.39305842275809
6719.265,0.09038811915735188,4.2064406699641586,24.40148584474995
6722.172,0.09049888428187129,4.206747563631362,24.40507407356312
6725.109,0.08256300860752903,4.205491083412693,24.39769198402195
6728.015,0.08183235336441988,4.205511759002074,24.393704474234724
6730.922,0.08256107542997812,4.205380159730628,24.403406064599864
6733.828,0.08118284972197082,4.2054126341936895,24.403959039003425
6736.734,0.08004428186089796,4.20539046764742,24.39981962122357
6739.625,0.07991010611992971,4.205580954511935,24.40065914687601
6742.531,0.0819969347877319,4.2052607927830294,24.401368287207273
6745.437,0.08182723650380712,4.205135861906215,24.399465248214117
6748.343,0.07881411315559234,4.205247262197526,24.399461401355723
6751.25,0.08060702799082307,4.205455468090777,24.39212845866454
6754.156,0.0807271897112109,4.205395262633882,24.39362235159886
6757.078,0.08103150115858794,4.205344318333214,24.390599047935236
6759.984,0.0801202942811996,4.205379783557624,24.39754044131431
6762.89,0.0822168566639537,4.20531082559009,24.397874130592633
6765.797,0.08121623452827094,4.205295650969674,24.392363262321727
6768.703,0.08283269053584323,4.205252419716882,24.39178241220064
6771.609,0.0798051594705895,4.205198766288763,24.39257266033908
6774.5,0.08094011265061667,4.205208831290597,24.392549115410986
6777.406,0.08176027278684078,4.205278418626987,24.383220551091576
6780.312,0.08042856973945232,4.205391407121718,24.38348120349647
6783.218,0.08309977369291836,4.205479660204738,24.386427145828
6786.125,0.08082870555631393,4.2055172619478425,24.383829024188422
6789.031,0.08186397054255687,4.205428208761572,24.378475943903755
6791.953,0.07987424815482243,4.205521858596968,24.393470991843653
6794.859,0.08321353825929557,4.205464328060297,24.38890462045013
6797.765,0.08181503036973292,4.205357490324611,24.387169686974374
6800.656,0.08106659714154564,4.205435467716079,24.391777390942206
6803.562,0.08051325545993064,4.205307487475535,24.374464070655936
6806.468,0.08084112121929193,4.205442943338772,24.382699786275555
6809.375,0.0796647389606749,4.2053926965684685,24.371810115233018
6812.281,0.08013182908115683,4.205253702756904,24.38077301543483
6815.187,0.08140694547146995,4.205333968520022,24.379632859555244
6818.093,0.08253165933183915,4.205420891506706,24.375054467440712
6821.0,0.08238459300212284,4.205411320301304,24.37546757514518
6823.922,0.08314918348414962,4.205335308183038,24.3738193876031
6826.828,0.08093535760806699,4.205445705355575,24.376253635222106
6829.718,0.0794158923208266,4.205601758967828,24.377854136061323
6832.625,0.07833442039145613,4.205700261570794,24.375137002377453
6835.531,0.0821085972387156,4.205286903150385,24.381466200094955
6838.437,0.08069962932408509,4.205276904636642,24.37552023479755
6841.343,0.07875309029853575,4.205438482588875,24.371633306602057
6844.25,0.08152463359430943,4.205725037520374,24.368388735018804
6847.156,0.07917176553258115,4.205208198924645,24.371514485187852
6850.062,0.0789786518896019,4.205459832651998,24.37218424039624
6852.953,0.08203986296801125,4.205355242150624,24.372650742104803
6855.875,0.0813519797514973,4.205589765602058,24.37230869924863
6858.781,0.08053349475752396,4.205732206479281,24.366208885694466
6861.687,0.08175193908973559,4.205543262741739,24.363102629868
6864.593,0.07936324728192855,4.205653374759444,24.37191563705614
6867.5,0.08079348495526723,4.205242566604787,24.369394109411775
6870.406,0.08070135433934601,4.2057376281222965,24.367522685065552
6873.297,0.08105680038924178,4.205672450151825,24.367417886661023
6876.203,0.08286969249968143,4.205394268617927,24.36662149066719
6879.109,0.08018864459090036,4.205807771121779,24.365856630797914
6882.015,0.08159630557230792,4.205539682185077,24.370930733570468
6884.922,0.0799352723879008,4.205740263114189,24.37274279846204
6887.843,0.08176922761827239,4.205429843996608,24.3729025963208
6890.75,0.08263695296784569,4.205684228894234,24.36526352243696
6893.64,0.07873494097051549,4.205639258069126,24.36702011828164
6896.547,0.08037794550002003,4.205567506628791,24.361963260455255
6899.453,0.08007921798228218,4.205744283144793,24.36583237898734
6902.359,0.07998517748673753,4.205715298243427,24.367685868755892
6905.265,0.08160757134425566,4.205543069699865,24.372149618701425
6908.172,0.08099560011256564,4.205550320846368,24.358979130161863
6911.078,0.08167446285936321,4.205659802636682,24.366251139602287
6913.968,0.08060565005090607,4.205776248600321,24.359514739733058
6916.875,0.08014861862223457,4.205779186229737,24.35923202442945
6919.797,0.08227769168314572,4.205744001608156,24.364152537979376
6922.703,0.08482690784097816,4.205034686846684,24.359897912165405
6925.609,0.07920517781302326,4.205783388595362,24.34941696950934
6928.5,0.07915847326012289,4.205867048259991,24.362350229258183
6931.406,0.07830884406024635,4.205524334498034,24.360735689893772
6934.312,0.08303753094642635,4.205710904902197,24.35788405643166
6937.218,0.07784756224644569,4.206058334504258,24.356504927489905
6940.125,0.07781048732258082,4.205952332929527,24.35529955161096
6943.031,0.0808751843904095,4.206028568617887,24.35320694298971
6945.937,0.07912953685335324,4.205886062817811,24.365126457744296
6948.843,0.08760742235354457,4.205605092413233,24.346687726209307
6951.75,0.08372572514021669,4.2058189052066615,24.358020396560473
6954.656,0.08074795855808631,4.205760409632979,24.35717273676954
6957.562,0.0766374993057705,4.205888238453436,24.349104472696705
6960.468,0.08015378764198582,4.205612261367383,24.35062578400034
6963.375,0.07943951782222936,4.206874776967174,24.355648967478405
6966.312,0.07040588063946947,4.205502124289622,24.354212312043554
6969.218,0.07150799646157031,4.205219776502992,24.35268889560518
6972.125,0.07315919057249413,4.204988014317194,24.35572599903568
6975.031,0.07023896049511677,4.204819001058172,24.355470783999415
6977.937,0.07118939413820094,4.204712003624122,24.35671989424063
6980.843,0.07101449014103171,4.204968637972978,24.35592718333327
6983.75,0.06854521795751116,4.204604178567699,24.35618241710924
6986.656,0.06947484352200789,4.20486656813727,24.34636115320548
6989.562,0.070480865393646,4.204934598445549,24.34926611397654
6992.468,0.07166695619322082,4.204883991014994,24.351979089992277
6995.375,0.06983986718482245,4.204835019713977,24.346596479353817
6998.297,0.07118571642687734,4.205119647099801,24.348523022279892
7001.203,0.06993192714718267,4.204666770547448,24.34640057886875
7004.109,0.07227094413408831,4.204785551910412,24.355780927907777
7007.015,0.07213326602431867,4.204788109019891,24.349738110314124
7009.922,0.0714120125789253,4.204761781523865,24.34854281461776
7012.828,0.0695803766290059,4.20465694954539,24.349123653547398
7015.734,0.0708437065148477,4.204799571297144,24.346359392560522
7018.64,0.07159007308804553,4.204786164911882,24.34050607841924
7021.531,0.07427149767827322,4.204749875021167,24.345995721260337
7024.437,0.07272822680355635,4.204804970634026,24.340628580138084
7027.343,0.07224154706948664,4.204799909963118,24.351747909228987
7030.25,0.07020323142238796,4.204878072877717,24.339869910992295
7033.172,0.07052333032687245,4.204691571174397,24.338508204368136
7036.078,0.07058714645113001,4.2047684230925215,24.33745290753145
7038.984,0.07256964840535296,4.204812479500301,24.334087705496017
7041.89,0.06923740183502095,4.20484851845355,24.33836968610234
7044.797,0.06934951384265597,4.204825883641046,24.33615674841707
7047.687,0.07023109463582233,4.204768039693302,24.33893508542439
7050.593,0.07115219267486816,4.205006190074765,24.33567056458964
7053.5,0.068627821307939,4.204865729245027,24.335431484057967
7056.406,0.0716339691842764,4.204793808204321,24.33848639710659
7059.312,0.07116474185895542,4.204972444068438,24.330380473834207
7062.218,0.07206859068264311,4.204980214751614,24.3347084702558
7065.125,0.07033466438379632,4.205080453474367,24.346827770183747
7068.031,0.07012996571147594,4.20488559651859,24.33780091036926
7070.922,0.07279908869468427,4.204836935171051,24.334552268257823
7073.828,0.067564839881931,4.205091791983929,24.33883067887398
7076.734,0.07207910373865746,4.204822280185081,24.3477785618058
7079.64,0.06853764433535871,4.205021514217166,24.332343085357376
7082.547,0.0721157532676859,4.204973099002131,24.332090125317322
7085.453,0.07033234496591452,4.2047836746017,24.332584117165542
7088.359,0.06916818731089173,4.205090971913854,24.326393069163693
7091.265,0.07150400707259205,4.204906362684192,24.329867177133053
7094.172,0.0713303843633452,4.204774316313737,24.33609001536027
7097.078,0.07084374664025192,4.204978469599894,24.332414307999347
7099.984,0.07014306886197058,4.204906215620495,24.334704825735006
7102.89,0.06994031537275482,4.204887851759445,24.3239054290922
7105.797,0.07017122498867004,4.205100140994693,24.330738915659865
7108.703,0.07230367351148971,4.204892323691869,24.332092615065086
7111.609,0.07336864903437464,4.205165889513895,24.32817400795266
7114.515,0.06845091288306183,4.20469933958193,24.330792206527025
7117.422,0.07190520649908021,4.204853371484663,24.32664646577808
7120.312,0.0714812924583534,4.204824196757469,24.332464461610638
7123.218,0.07379834340535045,4.205039820572138,24.334349830131476
7126.125,0.07129504397114865,4.205144517010255,24.336187339492067
7129.047,0.06929130829978244,4.205055839992555,24.332138336143917
7131.953,0.07181700427982493,4.204907423125099,24.323139014717402
7134.859,0.07002238473977468,4.204941474490538,24.32567843651112
7137.765,0.07138938132049816,4.2049406779465155,24.32804179707414
7140.672,0.07059831626654504,4.2050555663445195,24.331579428760413
7143.578,0.07164394089109721,4.204906438854984,24.322432070021645
7146.484,0.07088926548369637,4.205026192048393,24.32082526621784
7149.39,0.07342728518630404,4.204890657717183,24.31845574654029
7152.297,0.07614916057615057,4.204914155232779,24.32109394900199
7155.203,0.06963632645063605,4.204994167032513,24.317003298317456
7158.093,0.07033745017888088,4.204957746436476,24.31467138753876
7161.015,0.07486961326231363,4.204948873900163,24.322623702414628
7163.922,0.07251061856834871,4.205299653030898,24.31708266894466
7166.828,0.06976483844154398,4.205055737882322,24.318926296391208
7169.734,0.07119218422900443,4.205083072720541,24.31762607186844
7172.64,0.07159702395619685,4.204980528476992,24.31348802805636
7175.547,0.06952405965192256,4.205116537334832,24.318250983358798
7178.453,0.07049973710957237,4.2050913926452465,24.318515598200566
7181.359,0.07100699617400084,4.205041564942379,24.319351744541596
7184.265,0.06809153415706266,4.205104271958936,24.31903750038791
7187.172,0.07047924390784625,4.205214686573255,24.31981617576384
7190.078,0.07050753087519909,4.205175411995191,24.32019361316069
7192.984,0.07343254571675184,4.204852598814317,24.31759314283029
7195.89,0.07132066568902375,4.205199383091404,24.314929377067788
7198.797,0.07291875552097139,4.205111173131111,24.30798308063901
7201.703,0.07092044900751422,4.2051871937763545,24.32120991069652
7204.609,0.0707069366541539,4.205330725415876,24.3139831240854
7207.515,0.07016637449124362,4.2051795539248555,24.30939229819791
7210.422,0.06822084010110262,4.205348531305824,24.30563969792235
7213.328,0.07015166790177678,4.205168962028197,24.31040047931774
7216.234,0.07149779912817293,4.205204777347087,24.30734155554466
7219.14,0.07077592627422095,4.205264144440141,24.312201050321896
7222.047,0.06984315872532007,4.205139734993847,24.3108687049373
7224.968,0.07078104547179209,4.2050787908559535,24.30682556968198
7227.875,0.0713720670038743,4.205057381021219,24.305495802414356
7230.781,0.07209683264534698,4.20536369753756,24.316331382756868
7233.687,0.06962544360700647,4.205120795197863,24.30974094212006
7236.593,0.0736187354471341,4.205027888227566,24.301837905067117
7239.515,0.06930014080202924,4.205232394597512,24.303913491656676
7242.422,0.06898104718427676,4.205274493602291,24.30029106118324
7245.328,0.06694663361270167,4.205549909008432,24.30467823410045
7248.234,0.06926103279313821,4.20548622177802,24.302575580216565
7251.14,0.07140561749483189,4.205198404743516,24.30646685908686
7254.047,0.06858847210944953,4.205226785687678,24.303937329895575
7256.984,0.0686451373804421,4.205155633478484,24.308991067458578
7259.89,0.07198135567650173,4.205315548879399,24.30475392294762
7262.797,0.06960997995867926,4.205519457049122,24.30014531730034
7265.703,0.06954378162210136,4.205323367500477,24.29684715985955
7268.609,0.06841145476678126,4.205242204288052,24.304321716608662
7271.515,0.07037326041195908,4.205400988698409,24.303446252062336
7274.422,0.07278488307290815,4.205400727984105,24.300770734262894
7277.328,0.06828702757272133,4.205404662675144,24.296535694616686
7280.234,0.07282018207941462,4.205525283820084,24.295652811259586
7283.14,0.06834939996227407,4.205311481307716,24.304251054957856
7286.047,0.07193691815443834,4.205323705540977,24.29693895345698
7288.984,0.0703517089855622,4.205444493681949,24.307749218675177
7291.89,0.06997599429383819,4.20563839508577,24.302731442436773
7294.797,0.06924421088585182,4.205601030760074,24.301402075327644
7297.703,0.06850144560934311,4.205387726039333,24.303852555847907
7300.609,0.07054057662958342,4.205711765198982,24.299910125184006
7303.5,0.06869068076705323,4.205723816502695,24.30458627978011
7306.422,0.07185857752879433,4.205550201868818,24.294205376992267
7309.328,0.06834475516084296,4.205625023697038,24.297606378092404
7312.218,0.0692503833524185,4.205441243466502,24.297017371766398
7315.125,0.07142292034994309,4.20550521719062,24.294029801667172
7318.031,0.07026574883771984,4.2053388362867254,24.29850378183668
7320.937,0.06869504286357128,4.205640115534963,24.298191663327454
7323.843,0.07004299407653335,4.205531780056718,24.295634639941316
7326.75,0.07000260866712385,4.205490239769547,24.301219616913084
7329.656,0.06759029651515719,4.20584142994584,24.30346648535455
7332.562,0.07011421883857327,4.205762455456758,24.295332998083843
7335.468,0.06985066636688765,4.205726942220057,24.300259781653466
7338.375,0.07155488547631782,4.2061160969181035,24.29649892178316
7341.281,0.06867369894592651,4.205529512292004,24.30076750691648
7344.187,0.0698574615851315,4.205565215347871,24.293991798921372
7347.093,0.06953972647580947,4.205575197084978,24.29186725091426
7349.984,0.06998893653238583,4.205539483155239,24.293473940700768
7352.89,0.06805366089055272,4.205704928021461,24.29680802193059
7355.812,0.0704400744258223,4.205667748897992,24.291130180236852
7358.718,0.07279539901765174,4.205764146577587,24.292668067234718
7361.625,0.0697983396733636,4.205699295880337,24.29633024925031
7364.531,0.066926429836919,4.205490394217613,24.290425567743938
7367.437,0.0730509126672407,4.205789931849735,24.297518413184903
7370.343,0.06757840392091516,4.205940736190078,24.289785526913725
7373.25,0.06727913445390096,4.20572118531586,24.293350465941767
7376.14,0.06635971385985986,4.20564918311925,24.29304105701558
7379.047,0.06673139426068067,4.205945948761366,24.29327816259063
7381.953,0.06711866141792089,4.20590952381006,24.295788101298648
7384.843,0.06785556409307349,4.205843544115481,24.296989928959096
7387.765,0.06851030300448493,4.205968097212255,24.28821723735228
7390.687,0.07111069209683525,4.205721960514911,24.28662667267927
7393.593,0.0684325030690179,4.205971685722287,24.29209124100954
7396.5,0.06957293902872203,4.205875868988307,24.28240150781093
7399.406,0.0696419572273654,4.206020014992212,24.282890061821288
7402.297,0.0663360858197964,4.205984087438611,24.28315924582639
7405.203,0.06984962654036159,4.205973491781891,24.28397763356212
7408.109,0.06617345141722389,4.206064574144937,24.277967593126203
7411.015,0.06952996757251458,4.2060713001049095,24.28161264440055
7413.922,0.06727372812670118,4.205852407487129,24.287538007271408
7416.828,0.06873528198584847,4.2060428058448505,24.286599472620818
7419.75,0.068394164104449,4.205983068990509,24.288514963663594
7422.64,0.06970061868184889,4.205974724633253,24.28371073570145
7425.547,0.06882947134534116,4.20589913394526,24.278991859561735
7428.453,0.06910760750133944,4.2061317478101845,24.28051367504073
7431.359,0.06805414565122839,4.205997253435211,24.281576973616342
7434.25,0.068491780933301,4.206031057052624,24.280044098780667
7437.156,0.07176488310124193,4.206007960935431,24.27970202645394
7440.062,0.06920439204442531,4.206298051965798,24.279490997258744
7442.968,0.06781997177760084,4.206246387919492,24.283673312580227
7445.875,0.0693149575311144,4.205891941098254,24.2781681552196
7448.781,0.06800438488435907,4.206249285353042,24.278918862478324
7451.687,0.06856806479532111,4.20604972293139,24.278185857531856
7454.593,0.07157940678398506,4.206222857907929,24.278703903276124
7457.5,0.06779820406449183,4.206234936450664,24.279437694785155
7460.406,0.06880484673697854,4.206307280718693,24.274894066894486
7463.297,0.07012257085727616,4.206164580456165,24.282997395395487
7466.203,0.07169218370667482,4.206392610540513,24.272374112150658
7469.109,0.06990679118548021,4.206204693332588,24.266544319168354
7472.015,0.06643295839602711,4.206047863213456,24.27100096251893
7474.937,0.06722325408174945,4.2059520083449184,24.27653540317836
7477.828,0.06699716480086255,4.206223542411985,24.270962561932013
7480.75,0.06865357510105555,4.206165959753594,24.27472696639158
7483.64,0.06808511652377787,4.206338827548524,24.273614761606446
7486.547,0.06828966030968181,4.206314827440083,24.273919449026284
7489.453,0.06871295670663007,4.206370272268851,24.27433082796568
7492.359,0.07017411661811417,4.2062301031158205,24.278208860064463
7495.265,0.06951888221401616,4.206317068531261,24.274891048053973
7498.172,0.06808559103195201,4.2061621297944205,24.271511737504238
7501.078,0.06641273320920005,4.206243751001918,24.269076812168525
7503.984,0.0673937732254345,4.206222357745713,24.270235816769123
7506.875,0.06801246986487572,4.206350686103596,24.274077445846945
7509.781,0.06837795966501899,4.206205371567028,24.27337396761359
7512.687,0.06518910251230846,4.206425054804532,24.27364128203576
7515.593,0.06849944321776319,4.206191678649131,24.276128082957978
7518.515,0.0674570614688198,4.206334918656918,24.271495512239074
7521.422,0.06892106178297613,4.206248097472044,24.262828892847065
7524.328,0.0679071230696859,4.20618297312915,24.268189379285893
7527.234,0.06970403421539872,4.2063948892306895,24.273624716378066
7530.14,0.06631769333246523,4.206156989209853,24.264768893076322
7533.047,0.06842803713052249,4.206500544535284,24.265371710684185
7535.953,0.06674602778672806,4.206557350780923,24.258821949008144
7538.875,0.05833067536203788,4.205449423351207,24.27142580994496
7541.781,0.05911536884909103,4.2055300634036925,24.26844932317137
7544.687,0.05902245503364756,4.205549207765482,24.272529091501102
7547.593,0.058121465219389025,4.205692508992966,24.27191738678809
7550.5,0.05744097398730295,4.2058127666104435,24.262841951765274
7553.406,0.0611238261811117,4.205139485390161,24.267069423837675
7556.312,0.0596902404291009,4.205297555130326,24.266441154289268
7559.218,0.06147884774285958,4.205486005161231,24.267512198320592
7562.125,0.05752600719265773,4.205625317971444,24.26357808814001
7565.031,0.06079834062672212,4.20533459339325,24.25767255316519
7567.922,0.058217254690016214,4.205475485464828,24.264277647794895
7570.859,0.060279742642971416,4.2052816866238185,24.263177061465676
7573.765,0.058159686075668585,4.205452219932874,24.260829408995228
7576.672,0.056985437611198245,4.2052262239525,24.261764563866144
7579.578,0.0577079892910058,4.205237950608264,24.264124799194132
7582.484,0.05819352141420307,4.2053574357668015,24.269607414762707
7585.39,0.05966843838686944,4.205666911706108,24.263562259170335
7588.281,0.0591862801455349,4.20538447901965,24.2682802617108
7591.187,0.05937084225768719,4.2053640421645255,24.261786962913895
7594.093,0.05778574113723313,4.2052816818599625,24.258644154693986
7597.0,0.056042705613840345,4.2054894684850215,24.262822341070144
7599.906,0.05966949217587774,4.205107093525412,24.26079128784723
7602.812,0.0590778740529471,4.205319530256542,24.260549760269672
7605.734,0.05922336168871645,4.205534353251154,24.263536087528074
7608.64,0.058344303359609925,4.205313019278446,24.265829444232775
7611.547,0.06028301920920847,4.205508400361107,24.26359402062543
7614.453,0.05968833584352323,4.205350903856747,24.270386748330928
7617.359,0.058832639545126506,4.205360251469961,24.259941696040094
7620.25,0.05847997896055425,4.205346842962758,24.260474138347142
7623.156,0.05879003568577371,4.205236294317162,24.259604532156327
7626.062,0.05934139535819731,4.20567364777811,24.261062444699988
7628.968,0.06216894899735297,4.205360339461483,24.26001586997605
7631.875,0.05867862325598312,4.2054175901308755,24.25881905250866
7634.781,0.057757963944266036,4.205238955978903,24.260910157805654
7637.703,0.05789769170631102,4.20508955919248,24.2607191645695
7640.609,0.06069090169444069,4.205385341555222,24.25783752244818
7643.5,0.05815403921244802,4.205181966503641,24.261025972645314
7646.406,0.05793167991869554,4.2054406729581295,24.254683266914732
7649.312,0.05792039005743419,4.205541896214192,24.257735210018947
7652.218,0.05924876291770518,4.205297996494723,24.25979931705446
7655.125,0.059532939199155525,4.205522421944947,24.254453323516195
7658.031,0.05647390411277819,4.205227681846875,24.25223596360255
7660.937,0.059129173516129056,4.205234195131676,24.24984078484037
7663.843,0.05941151115773555,4.205329317635226,24.251837200212805
7666.75,0.05708897044328593,4.205776262495703,24.25770107626775
7669.656,0.06030663869324674,4.2055507149083615,24.254061094741274
7672.562,0.058830145879067534,4.2056323371223705,24.253610938652354
7675.468,0.057880780245250854,4.205501108943366,24.248312226522987
7678.375,0.056676039317195594,4.2054416609016645,24.255200160869414
7681.281,0.060450105591256624,4.205400361981835,24.24880056109533
7684.187,0.05825211505273563,4.205630286762753,24.257993687472528
7687.093,0.05869046174918015,4.205751214256888,24.24557928090537
7690.0,0.057308627162343376,4.205394018537709,24.25047367542824
7692.906,0.05806997992220247,4.20561640560922,24.25187699546709
7695.812,0.05706198716917937,4.205584060312285,24.250229457639062
7698.718,0.0597002638443222,4.205316176949366,24.251059914554336
7701.64,0.057419412409393814,4.205851398309411,24.25432904945379
7704.547,0.056744413232694475,4.205634111494289,24.24974211763729
7707.453,0.054313639056044374,4.205726461911292,24.258736869450942
7710.359,0.0524169683398539,4.205535067531887,24.25022850289267
7713.265,0.057531224882592866,4.205548807874758,24.252059030559916
7716.172,0.05980935430092421,4.2055835770352665,24.24779807233027
7719.078,0.05661003498292424,4.205592360907412,24.248918893682216
7721.984,0.05577626070805751,4.205495641682588,24.251141180929956
7724.89,0.05683768088805798,4.205734671075815,24.25506604359751
7727.797,0.06046201525339682,4.205553513152606,24.250829259093702
7730.703,0.06147267458618934,4.205574763980436,24.248720602601615
7733.609,0.060761161586698725,4.205709538723072,24.25186975527673
7736.515,0.06051893692730236,4.205557258665976,24.255192048054838
7739.422,0.057184853344372295,4.205561028348305,24.249429260376115
7742.328,0.05919681513335054,4.205481696120276,24.24527131728547
7745.234,0.06211583277747685,4.20578364902266,24.24307596577964
7748.14,0.05922307840898542,4.205661643706634,24.246980155996816
7751.047,0.060444909432461946,4.205625555577742,24.25064622517977
7753.968,0.061251308776674424,4.205705810895936,24.246439039774913
7756.875,0.05623498479762981,4.205622385413184,24.254694318711955
7759.781,0.05995028751477757,4.20584945400484,24.251733982785762
7762.687,0.057039987797104764,4.205675610545436,24.252412140907882
7765.609,0.06067888785673923,4.205676970500282,24.25283826772597
7768.5,0.05816468387478493,4.205923010128493,24.254831924587794
7771.406,0.058162315672964086,4.205669356850925,24.241941517369817
7774.328,0.058613653591176276,4.205705107402339,24.25335792959005
7777.218,0.057350503663060395,4.205586433898197,24.245343745684206
7780.14,0.058465193170781395,4.205859376639088,24.247743302521176
7783.031,0.0562327231409284,4.205573132455212,24.24890906330272
7785.953,0.05806793353585203,4.205549780333105,24.248483167968068
7788.859,0.05670604074433507,4.205449186462308,24.24011128443884
7791.765,0.05696747511455281,4.205590916341316,24.248098236331398
7794.672,0.05560966480906152,4.2058710735435705,24.243006098221873
7797.578,0.055024496764508,4.205612802903408,24.24867220884586
7800.484,0.05987185807467959,4.2058873174006886,24.23867107727746
7803.39,0.05862843250834706,4.205705764472277,24.245761443779347
7806.297,0.061917471220858035,4.205847491282743,24.240586722243062
7809.203,0.059377428606983196,4.205634401497183,24.239816430123422
7812.109,0.05991202349988094,4.205894918299297,24.233638185220677
7815.015,0.057068557652007385,4.205519863652674,24.238882330249947
7817.922,0.05530804653978292,4.205817477811931,24.243294577336624
7820.828,0.05748799757914404,4.205744272733049,24.239940175500386
7823.734,0.05979640692222715,4.205831957877333,24.23542806817031
7826.64,0.05874373622231272,4.206025180307961,24.24149889084921
7829.593,0.057063256782094375,4.205974916900589,24.241181910386903
7832.5,0.05726060500584043,4.205676958382368,24.237687618222836
7835.406,0.05850210325827172,4.2058986530281395,24.234112749260806
7838.312,0.05840448377406823,4.2056928903741175,24.234860492921566
7841.218,0.05902499374655249,4.205868079273579,24.241930648091362
7844.125,0.05634002329213766,4.205998436039074,24.238260796228563
7847.015,0.060136861716727774,4.205977764364522,24.246471596154997
7849.922,0.05532945133518732,4.205767621456108,24.24328595013077
7852.828,0.05948656738568222,4.205869110893906,24.234164747828796
7855.734,0.05751444163028171,4.2057980532071175,24.23861741747608
7858.64,0.05687845270267973,4.205685874780422,24.23547749506864
7861.578,0.056799906574084756,4.2059102693399755,24.235976937333128
7864.484,0.056947833360019615,4.20584876230843,24.236918509348833
7867.39,0.059160766060591646,4.205741043549191,24.238341652411055
7870.297,0.057518123107857665,4.206074066597948,24.23993943704326
7873.203,0.058601305854182384,4.206026493904555,24.23828559888229
7876.109,0.057393656417142426,4.2061016543286165,24.232869310519963
7879.015,0.059478793837859485,4.206236943622799,24.229253708900643
7881.922,0.05889160285448097,4.205856908564714,24.233046648967626
7884.828,0.055240271927139234,4.205982859258009,24.229209346664472
7887.718,0.05749399030345565,4.205925434692713,24.232417370467104
7890.625,0.058636421962677626,4.205939614533173,24.238910460759886
7893.531,0.05496679080794158,4.206056396440757,24.242365627126677
7896.437,0.057963142173859956,4.205993520615957,24.233227727175127
7899.359,0.058907680931774876,4.2060904587087,24.230610658980865
7902.281,0.056197152849618015,4.2060595486894705,24.23316411189853
7905.172,0.056558115281879526,4.205884492234228,24.2391691186244
7908.078,0.05828592858915984,4.206116966501361,24.230256445650145
7910.984,0.054824220230122,4.206189951590009,24.226270629078883
7913.89,0.05845407201140813,4.205915877800214,24.23135219888747
7916.797,0.058331534428688825,4.206097992337385,24.235094803916745
7919.703,0.05736540873721222,4.206154236698032,24.23290615835959
7922.609,0.05823449094499745,4.206333484639102,24.240126925291186
7925.515,0.05899426405577828,4.206236905653964,24.23496719051107
7928.437,0.05606122185044443,4.206013330207226,24.235805959028024
7931.328,0.056247060506035895,4.206281289189539,24.231378544013506
7934.234,0.05802791958497797,4.206296854423637,24.227647634148834
7937.14,0.05782713598492174,4.206051523637208,24.233342114273484
7940.047,0.05514368576834547,4.206310660891211,24.223288265074633
7942.953,0.057364532782217766,4.206006376766239,24.224509951191184
7945.859,0.058430154618925645,4.206229223674885,24.224768031788614
7948.765,0.05811999488498535,4.206107385159819,24.224168587283266
7951.672,0.05721814585241047,4.206210946286435,24.223040990557966
7954.578,0.05832566990249287,4.205955615948783,24.226140456937216
7957.468,0.05816337764163597,4.206376940266524,24.228048199492463
7960.375,0.05791758936498025,4.20613211106131,24.228167413144966
7963.281,0.056685424102519505,4.206146620360127,24.23735546385743
7966.187,0.05798554434081366,4.206221968008218,24.238842927041176
7969.093,0.057027242883064856,4.206086175300198,24.234095638143412
7972.0,0.057942287261029506,4.206449254991999,24.2306597185166
7974.906,0.05734067431914262,4.206246996699628,24.240489542246575
7977.812,0.05758964065803705,4.20636861907538,24.221315827974202
7980.718,0.055255580458528256,4.206505581737521,24.225420029637554
7983.625,0.05662848877316611,4.206192296632485,24.231507553509676
7986.515,0.058438116457993426,4.20634410531139,24.231018995330537
7989.422,0.05613802264514744,4.2062954951947145,24.229785928937194
7992.343,0.05846386732326626,4.206296372828671,24.234477816620608
7995.25,0.057550322400396994,4.206314857005322,24.238071229357107
7998.156,0.05481824225933966,4.206424076135484,24.237462108584403
8001.062,0.051976434656026145,4.2063260219628615,24.24107718559159
8003.968,0.058277411770965244,4.206533681262668,24.23418611664784
8006.875,0.05717125486005588,4.206663821972237,24.23851306908957
8009.797,0.04628823033787887,4.2054910530210385,24.2307149873803
8012.703,0.04800653500703967,4.205483815918083,24.231106172388998
8015.609,0.04880188826773816,4.205306379853807,24.23689526404486
8018.515,0.04831775552431988,4.205435673830078,24.2294261125395
8021.422,0.04720653281364859,4.2055353489210825,24.227532103511418
8024.328,0.04833272131462718,4.205272709208342,24.22613918502306
8027.234,0.04553954646149889,4.2052134596032715,24.224529628931357
8030.14,0.04800668853074535,4.205424655987281,24.231859160510655
8033.047,0.045877107987098036,4.205166307944843,24.23063044915052
8035.953,0.048109926095463544,4.205149000253897,24.237444218721812
8038.859,0.04562818424257054,4.205272628534132,24.23273674876712
8041.797,0.0498172648882498,4.205191535735272,24.228127003686932
8044.687,0.047685583763549456,4.205240850973794,24.22658121413755
8047.593,0.04525505266421202,4.204847025550646,24.22498174264546
8050.5,0.045995309207948636,4.205291094420236,24.21882946017374
8053.406,0.04659759093866993,4.205435975833796,24.222037264797244
8056.312,0.04695429589994202,4.205450940221917,24.231592160190345
8059.218,0.05467524894453682,4.205221033228198,24.219567088678698
8062.125,0.04970640792916437,4.205355668275108,24.228814581149226
8065.031,0.04782539468902042,4.205141838679386,24.215196691600646
8067.937,0.04931740367346794,4.205242298148738,24.21795482011601
8070.843,0.047929187919958566,4.205426792455735,24.21640716185264
8073.75,0.05117076886724791,4.205435993218349,24.214096648171683
8076.672,0.0471024380380862,4.205163994959436,24.21009754741258
8079.562,0.048114686686567446,4.2054874020370105,24.21066861755929
8082.468,0.0501430341683792,4.205135432306648,24.211510946624887
8085.375,0.04553383893889898,4.205219748425962,24.219126849846706
8088.281,0.044356732736356166,4.20519515913608,24.217893286135254
8091.187,0.04963709119341604,4.205321857903164,24.21939403665277
8094.093,0.05019330954615818,4.20533112667761,24.22167631271487
8097.0,0.044693126100800055,4.205024650497001,24.215557701776195
8099.922,0.04908581282699238,4.205389492608148,24.212525530168904
8102.828,0.04378358955893822,4.205276588970925,24.216854371877865
8105.734,0.0470473002867849,4.205193231638395,24.215305057080844
8108.64,0.04986340542779165,4.20520464473257,24.2179563350458
8111.547,0.04697517150867458,4.205072695334025,24.21088917711434
8114.453,0.049254676204248296,4.205217120407398,24.21775332503307
8117.359,0.04717002400180399,4.205295994707544,24.214629400594106
8120.265,0.04703974391980254,4.205125511371325,24.215491097243056
8123.172,0.04828928678372635,4.205402604053937,24.21486473416408
8126.078,0.0507546698674631,4.205443650176949,24.212641760623043
8128.984,0.04942972612911251,4.205297248318384,24.22112046013897
8131.89,0.048555467206329014,4.205288861356085,24.219225650651616
8134.797,0.04564853629796194,4.205418670344509,24.220299690266796
8137.687,0.05033951738285531,4.20522840443687,24.216283256810843
8140.609,0.04653375065476626,4.205415422834633,24.216109477194802
8143.515,0.047399282283043825,4.2052665386579715,24.21894369039415
8146.422,0.04904085873695262,4.2055045106910125,24.21819166593682
8149.328,0.04809484690432004,4.205294714498501,24.215514220586414
8152.234,0.04787111346375199,4.205217523298396,24.212227071607526
8155.14,0.04635044232080223,4.205465496437596,24.216231543064254
8158.031,0.04718333315551416,4.205290540381431,24.203501000636255
8160.937,0.049268406373453706,4.20521969794068,24.21341962678727
8163.843,0.04906298715518486,4.205141720635187,24.20776269007478
8166.75,0.047556679647969224,4.205307437374088,24.216745157057947
8169.656,0.048037516110274674,4.205433791996531,24.214677569284795
8172.578,0.050083588102137755,4.205409185240928,24.20864725875329
8175.484,0.0503545924640234,4.205398802383751,24.20835571982695
8178.39,0.044726416698705335,4.2054049220459095,24.200332130426105
8181.297,0.0489861824281184,4.2053051115586495,24.211890074715136
8184.187,0.04717510720048216,4.205557264055234,24.214097757585936
8187.093,0.04802498425682854,4.205473176942228,24.20656639750847
8190.0,0.04895197277578589,4.2052279128243155,24.20645569982219
8192.906,0.049939176313173544,4.205183090651801,24.207605096725064
8195.812,0.04903677504341183,4.205502323216806,24.209883811801625
8198.718,0.048227242330948106,4.205555008112752,24.20594934433691
8201.625,0.04920352048048883,4.205468826372567,24.20256113462485
8204.531,0.04920453785922595,4.205366788126301,24.204105097152183
8207.437,0.049351178435472834,4.205376708114479,24.203959938708564
8210.343,0.04761087251809948,4.205431102841494,24.207472676077348
8213.25,0.047813867086192494,4.205210307153109,24.200636188335526
8216.156,0.04757086569231874,4.205467935406167,24.209547349890013
8219.062,0.047188014357791824,4.205506713074018,24.21529020409564
8221.953,0.04913824851220408,4.205249419635269,24.208177703997485
8224.859,0.043369343483080504,4.205286203558018,24.211017813575005
8227.765,0.05141023244558089,4.205502278568849,24.205780212974673
8230.672,0.045278279843626076,4.2054188678152356,24.214091448374027
8233.593,0.048407015769276196,4.205460131130343,24.208391333954697
8236.5,0.04866112243037118,4.20547153638464,24.205197000128987
8239.406,0.04459042993864463,4.205554332458169,24.205851113484172
8242.328,0.04593752230868908,4.205448531107016,24.212147435003097
8245.234,0.048495800750526376,4.2057101639197905,24.207231154251016
8248.14,0.0462089240047066,4.20527659163736,24.20949969785045
8251.047,0.04754264090021246,4.205621706235282,24.20804527145862
8253.953,0.04722326443257997,4.205744632455457,24.19987414803234
8256.859,0.04805982499963513,4.2055633854051075,24.196392602157392
8259.765,0.04881111991368828,4.205479298431889,24.20243267707314
8262.672,0.046570610188890096,4.20552043679485,24.195908859127417
8265.578,0.048432231401797886,4.205300366982928,24.207865789031167
8268.5,0.04990287774075577,4.205507883243229,24.200695265951286
8271.406,0.0491622188544015,4.205285865139251,24.205149149568356
8274.312,0.04816993082085029,4.205439375026689,24.200877954035164
8277.218,0.04736205096940913,4.2055556207421025,24.199848707026952
8280.125,0.04712483979586026,4.205790313613687,24.20166683806969
8283.031,0.04745349665406209,4.205611651593234,24.193813087649037
8285.937,0.04714714184070827,4.20533734674553,24.19991339095955
8288.843,0.04853292224609885,4.205555276099204,24.203964044476848
8291.75,0.047940910211836975,4.2055472687397275,24.203203263794435
8294.656,0.04806876119479554,4.205357634451364,24.205836898299577
8297.562,0.044819371929855134,4.205698237653238,24.205556872640955
8300.484,0.04944639354164301,4.20544755388374,24.207997338226544
8303.39,0.04735786159404837,4.20561043146078,24.201981388061785
8306.297,0.04758272052142604,4.205490758694169,24.206813016554424
8309.203,0.04792265536580462,4.205453053369522,24.20061976895047
8312.109,0.04527681617617038,4.205636272336615,24.208985442596195
8315.015,0.0436887474493486,4.205691349166712,24.19538177148085
8317.922,0.04752161053165928,4.205363687975153,24.20329065878341
8320.828,0.04706852955335033,4.205823149404789,24.199073528713868
8323.734,0.04657149965781345,4.205611613060152,24.194752389097683
8326.64,0.048427090312631905,4.205820527173457,24.190979080224967
8329.547,0.04720661085079876,4.205664284504372,24.195325105356865
8332.484,0.04803376982766407,4.205682374046366,24.19653723037708
8335.39,0.049157382822905535,4.20555773364478,24.192902760886344
8338.297,0.047389465153344836,4.20559591399825,24.195528488812297
8341.203,0.04471459539810994,4.20577562668997,24.206191912385414
8344.109,0.04752755588369189,4.205599437266626,24.198903488479136
8347.015,0.04539925215357015,4.205924583789739,24.19847166298323
8349.922,0.04415975395282908,4.205526291053061,24.195496886874597
8352.828,0.04663800348704439,4.205543089720848,24.191933193656528
8355.734,0.047167244875506845,4.205434577274403,24.196837415478527
8358.64,0.04640022451388892,4.20569657247236,24.19994221084229
8361.547,0.043368810859941244,4.205598770445849,24.200352948013705
8364.453,0.04776396026649327,4.205585102823783,24.194754020772812
8367.375,0.0463922123408532,4.205971972793696,24.199506496181225
8370.297,0.04663902153298015,4.205557616575451,24.194585460206415
8373.203,0.04806639639896943,4.2059001595950445,24.19705056670346
8376.109,0.047326737130266944,4.205727589221937,24.197848364801704
8379.015,0.04540759576149074,4.205843312813999,24.194750947487424
8381.922,0.045187458344267975,4.2056491151906155,24.18743905673513
8384.828,0.04578862127900366,4.205547010157098,24.20757150859585
8387.734,0.046932400525121216,4.205609543246554,24.199430169369172
8390.64,0.048061256905805386,4.205725834607637,24.197352835910564
8393.547,0.044380031064355764,4.20602050855934,24.19876539220819
8396.453,0.044381520142195256,4.205588906877879,24.19825342576871
8399.359,0.04377371174385542,4.205858877985153,24.195425374713697
8402.265,0.050414400010628156,4.2058536501445465,24.194697817728503
8405.172,0.04635616099281486,4.20597673013125,24.192164418560896
8408.093,0.04680802200273614,4.205953452284227,24.19575085232305
8411.0,0.045250477188124444,4.20570829880719,24.19817858246027
8413.89,0.04559756447157794,4.205779866119476,24.194012704283708
8416.797,0.04776142346556153,4.205730969526821,24.197087500375925
8419.703,0.04513218905200593,4.20592249867542,24.196280038781094
8422.609,0.04498197140004245,4.20567866791692,24.19951879086357
8425.515,0.04553526367790636,4.2057276700276764,24.188364030701333
8428.437,0.04442336515943268,4.205786898316443,24.198385574145018
8431.343,0.04679768009689784,4.205813105943412,24.20387942835971
8434.25,0.04527767707370884,4.205589503218528,24.198401143112875
8437.156,0.04837102075449873,4.205927558983626,24.20051206646157
8440.062,0.04892685121616731,4.205902518247617,24.19742902022313
8442.968,0.044246785861444524,4.205748234665671,24.201142434825332
8445.875,0.04528941165394243,4.205990057951828,24.196656606894308
8448.797,0.04650230340828828,4.2057100584615155,24.198130459879145
8451.703,0.04686221109508078,4.205804517052038,24.198893993111806
8454.609,0.04880607391983428,4.206097892671626,24.197092230111583
8457.515,0.045964291755370375,4.205818731474987,24.197479974805162
8460.422,0.046307496288987005,4.2059643111957055,24.188522425510588
8463.343,0.04691545625353057,4.205979685060133,24.198389825732697
8466.25,0.047984429305891266,4.206154773803224,24.195291512359475
8469.156,0.048211146293101394,4.20587809782752,24.193263608429458
8472.062,0.044285405013859046,4.206085202987097,24.202442517598318
8474.968,0.04686098652954324,4.205857732191548,24.195742450144774
8477.875,0.046863969311844264,4.205971322378199,24.201632668260288
8480.765,0.04509531634359763,4.206246161596085,24.198357997530128
8483.672,0.0433431586250181,4.20588432931279,24.200976503488103
8486.578,0.04523722877197811,4.205990161442976,24.20307165631339
8489.484,0.05012432264582984,4.205938096026052,24.205063327392853
8492.39,0.04537494602209989,4.2059715772639095,24.199520365844275
8495.312,0.04614263888227463,4.206129981292372,24.195888506526643
8498.218,0.04576793282794423,4.205824801237423,24.19744770560488
8501.125,0.04643557174530244,4.206044055174893,24.201786654075793
8504.015,0.04826529648485357,4.206047986755874,24.198351042242304
8506.922,0.04685799288491529,4.205898551031338,24.19305357300133
8509.828,0.048643994840957626,4.206196775584874,24.195318165713527
8512.734,0.04645128860330588,4.206070106186363,24.192950799947287
8515.64,0.045297723938943726,4.206009390801699,24.1994276566867
8518.547,0.047758706198555434,4.2059493121819695,24.19436853611697
8521.453,0.04498552245170627,4.2061052938006505,24.1904986725486
8524.359,0.04780093670004517,4.206015550559208,24.18634331524134
8527.281,0.046621422523208944,4.205897310110028,24.195620550355184
8530.187,0.04772256843360474,4.206197154556111,24.191624424189555
8533.093,0.045949036789221284,4.206147895444209,24.193935381462918
8536.0,0.04378868752727016,4.206067869316188,24.18899021545175
8538.906,0.04559244042793719,4.206193000304275,24.191775374201036
8541.812,0.04520286146020658,4.206145848344063,24.190399396684974
8544.718,0.04630276893893856,4.206054208315089,24.189557117192486
8547.64,0.048263680061273656,4.206102302831425,24.182222856765517
8550.547,0.047228354750155264,4.206112291242501,24.19703193885519
8553.453,0.04677635772920646,4.206307140958706,24.198119826148037
8556.359,0.0473456729978823,4.206222976595922,24.20109072108572
8559.265,0.04707401685585504,4.205851890835771,24.204029709236185
8562.156,0.048456139116134785,4.206366639864677,24.20064228217011
8565.062,0.04866512626256022,4.2060803623027505,24.205246267490928
8567.968,0.047021077655421836,4.206314701835481,24.19044116655267
8570.875,0.04514558258851232,4.206318503548065,24.192855718015476
8573.781,0.04427012426394983,4.206222940158768,24.197986383739774
8576.687,0.04426790540303959,4.2062247030870505,24.19005755016204
8579.593,0.04876073689325842,4.20614478701428,24.193316095066862
8582.484,0.05020624376138371,4.206129823114381,24.191944593574114
8585.39,0.04485225635614799,4.2062021138908205,24.19053498156071
8588.312,0.046656577240909346,4.206467317543879,24.195103156937613
8591.234,0.04318504282030948,4.206289608269463,24.192624435136707
8594.14,0.045122018456935746,4.206366518367222,24.195013919725543
8597.047,0.047567569577803594,4.206217395013448,24.195716846811184
8599.953,0.04552331614438265,4.206293865033054,24.19517875714152
8602.859,0.04504414636314422,4.206269140579719,24.196282411299894
8605.765,0.04548358098256141,4.206152061279378,24.19665742699577
8608.672,0.0457044749366985,4.206194692008221,24.194890108130725
8611.578,0.047616621592744816,4.206124540742005,24.194428092355697
8614.484,0.04604545728760601,4.20621063156861,24.197372660802404
8617.39,0.04665937138461658,4.206433193359732,24.197179101051454
8620.297,0.04620164160290069,4.206262127721326,24.20060488614205
8623.218,0.04701099621806056,4.2066046133530985,24.20588453779577
8626.156,0.033446791740370484,4.20534497998277,24.196841229165848
8629.062,0.03629707393728029,4.205257521897886,24.193366358187966
8631.968,0.03776615740980517,4.205241630687203,24.184060247209228
8634.875,0.03703841232959863,4.205296821350905,24.192791502108733
8637.781,0.0355035187286976,4.20515963467433,24.19274755145256
8640.687,0.032843129106124386,4.205235237178637,24.194917716300544
8643.578,0.037900811803490045,4.205291313536556,24.19415816287602
8646.484,0.03598368761658361,4.205363478638147,24.18926995239224
8649.39,0.03841931937328332,4.205242130901371,24.191998062598888
8652.297,0.0369264688845296,4.205065154026297,24.193952916397798
8655.203,0.0383271227252092,4.204946590100989,24.18575800312136
8658.14,0.03844052931942267,4.204911535621941,24.187876133360746
8661.047,0.03544398319552298,4.205045373948024,24.189115953237486
8663.953,0.0337705830401442,4.204988960171478,24.188902820777802
8666.859,0.034470375494829994,4.204975133433001,24.19066305563129
8669.765,0.03616670029900349,4.205042744424042,24.196441763067664
8672.672,0.03674049787621899,4.205504388105532,24.192174230094203
8675.578,0.03774741853200896,4.205377468361778,24.190361789026152
8678.468,0.03392123399535039,4.2052130075624365,24.194004124478028
8681.375,0.038459523742927125,4.205016805094487,24.197437137251814
8684.281,0.03587674816282714,4.205111445162295,24.19648743693407
8687.187,0.037336534618051365,4.205289751096,24.190564963736232
8690.093,0.03616722148113405,4.205187523410559,24.197495084549278
8693.015,0.03539710383796546,4.205170863323028,24.185077116942875
8695.922,0.037192696914757656,4.20498602918393,24.18814228448002
8698.812,0.03799331878643721,4.2049708736802245,24.186318178095117
8701.718,0.03643427519559143,4.204954463890636,24.190301635925106
8704.625,0.036556314909097144,4.205050411680311,24.190444577984014
8707.531,0.03340668772990676,4.205023905733805,24.18599512706247
8710.437,0.036928199211238626,4.20519998540407,24.194221544013292
8713.343,0.03614719382610069,4.205142292102074,24.19505857555598
8716.234,0.03653840490407156,4.2048249381001455,24.189251895797614
8719.14,0.0355155990527721,4.20499227681113,24.189529241229256
8722.047,0.03599747342786144,4.204996701856009,24.187611260809703
8724.953,0.0373847733672129,4.205069640347095,24.188492135629524
8727.859,0.03504287620394506,4.204929197058725,24.19041216924568
8730.765,0.036628446846172454,4.20503206165127,24.185372757677168
8733.672,0.037654580741410024,4.204894188356258,24.190332218831166
8736.578,0.037723491034422685,4.205171996913547,24.1904759982511
8739.484,0.03671416190686952,4.2049851925074835,24.19214719857748
8742.375,0.039438527672215805,4.2047659190037585,24.189705994344322
8745.281,0.03587638861889858,4.204984860045742,24.186677776334328
8748.187,0.03814907839435193,4.2049795383382875,24.180797831763655
8751.093,0.038291383479242484,4.205071241037979,24.18313585097945
8754.0,0.035704128384417166,4.205029311959431,24.180088210250595
8756.906,0.03962621306457701,4.205016242274911,24.18375062294963
8759.812,0.0372768715981858,4.204772847871335,24.18673778683883
8762.718,0.03499245286510031,4.205103808800765,24.191057321318542
8765.625,0.03673266351746682,4.204912544576778,24.184753007312818
8768.515,0.03638665754613799,4.205120410414612,24.1898691693943
8771.422,0.033458404292899216,4.205150322819849,24.181007244745253
8774.328,0.03790731734368101,4.20499202417065,24.17566231140389
8777.234,0.03929507794603556,4.205184655377257,24.18113878281239
8780.14,0.035677632933574795,4.2051054779932455,24.17378731740399
8783.047,0.03728930210521341,4.20512742552197,24.183015812069165
8785.953,0.03411647020952364,4.204925837670219,24.183196481069245
8788.859,0.035060802017648184,4.205125899338484,24.183151600280688
8791.765,0.03699874482022992,4.205080576102012,24.187647024449277
8794.672,0.03517154283489957,4.2050838714343035,24.1900387127395
8797.578,0.03677855606382114,4.204954771431175,24.18385090278483
8800.484,0.03612667074563432,4.20512564519234,24.202235626960398
8803.375,0.03540469634607477,4.205171375789026,24.200093689016416
8806.281,0.03677348828363427,4.20514962683755,24.194957422515724
8809.187,0.03653974965011037,4.205033135170985,24.186596392841167
8812.093,0.03344408749789473,4.2049470705507215,24.198783993020005
8815.0,0.03769259648092025,4.20485296826163,24.192073987481255
8817.906,0.03686235472308819,4.205223992972853,24.188630362608418
8820.812,0.03448875824378697,4.204960061936702,24.183023155743495
8823.718,0.03782589812959023,4.204896609518493,24.185396521975715
8826.625,0.03786882476178071,4.205085332008519,24.18837569462248
8829.531,0.03940419453412893,4.205230380877085,24.179665399083333
8832.437,0.0383856841368985,4.205119309571281,24.193097898036356
8835.343,0.038348692505045745,4.205033576457413,24.19314551251846
8838.234,0.03650988264709916,4.205028100943,24.196143756105734
8841.14,0.03708027106529827,4.205258130283231,24.200962157779454
8844.047,0.0349558693590173,4.205066539439102,24.204074145849315
8846.953,0.03283623289579473,4.205084354748794,24.205355667431807
8849.859,0.03369276553477523,4.20520229816977,24.19316499372318
8852.765,0.03691795183917679,4.205064284551837,24.18485059485798
8855.672,0.03763771998446484,4.204943311574721,24.17792253543353
8858.578,0.03759371185914808,4.205153843320594,24.188869614568958
8861.484,0.034183630992576416,4.205165317069303,24.188349918304326
8864.39,0.0358522103191551,4.205006159087154,24.18883010206244
8867.297,0.03633157702498993,4.205114126171557,24.18649398994028
8870.203,0.03305690788209658,4.2051587266052906,24.185928707137204
8873.109,0.03573902345001735,4.204981433494826,24.185950712119993
8876.0,0.03665758180633508,4.20515599455237,24.1831768618122
8878.906,0.03856617372558702,4.205076681060837,24.17719352133359
8881.812,0.03391903207120603,4.205224265794205,24.182459807769373
8884.734,0.03549370344401548,4.2052153303970465,24.187344334132774
8887.64,0.03478658529393187,4.205132223675634,24.17983652510521
8890.547,0.03698408424265287,4.205108869790192,24.187541519089535
8893.437,0.03720856465244802,4.205140930628065,24.190732659833223
8896.343,0.03607804427137632,4.205132467741451,24.18700219704057
8899.25,0.03820578931535573,4.2049923625683325,24.187852486576833
8902.156,0.039010044218115866,4.205132136018283,24.191888324264053
8905.062,0.035190458506515664,4.204962349959159,24.179466766827606
8907.968,0.038325989864393735,4.2049784352082336,24.18589708163073
8910.875,0.0383199676550674,4.205069789289118,24.17765657231237
8913.781,0.033082742273670945,4.205082313290963,24.182971680860526
8916.703,0.035845209479237305,4.205060770180552,24.185908948927967
8919.609,0.036612089876754995,4.204996151002701,24.182914559687262
8922.515,0.039054004909871175,4.205206140632185,24.178212356270343
8925.422,0.03746267032516539,4.204953610494849,24.179991076539615
8928.312,0.03358168408617431,4.20525575244653,24.173551349453824
8931.218,0.03757415533989243,4.205133533714795,24.176694921641605
8934.125,0.03594493859816799,4.2049810256611355,24.183477731726
8937.031,0.03447042252820433,4.204995209194377,24.18843956393322
8939.937,0.03551429442418032,4.205244268855944,24.190661637632612
8942.843,0.037843571846918805,4.2050231909820255,24.18404562409314
8945.734,0.035048500325161186,4.205137228882714,24.184534205476684
8948.672,0.03593749138068833,4.205222146578986,24.191103998395384
8951.578,0.03712457458980087,4.205081862421947,24.19534949716812
8954.484,0.03333222829833971,4.205236042854045,24.187831036365345
8957.375,0.038395303258415295,4.2052216267234135,24.183767678715945
8960.281,0.0357264542421637,4.205264742008352,24.182051697911803
8963.187,0.03667846060058477,4.2053591092314155,24.182794173503677
8966.093,0.036136001456338364,4.2051250758565395,24.19142929315397
8969.0,0.038161086068015666,4.2049753154962355,24.179972712426032
8971.89,0.03670268863457103,4.20523931243882,24.182487741995505
8974.797,0.03360805432231197,4.205343673384715,24.177760691414242
8977.703,0.037109564103535296,4.205246175932266,24.176080934333232
8980.609,0.03706571403527228,4.2050975703096,24.182767889044634
8983.531,0.03672820981825176,4.205284391543864,24.174422017097694
8986.437,0.03722388611865306,4.204892042434112,24.174111315801877
8989.343,0.03917430149924203,4.205452391049081,24.17745273019216
8992.234,0.03235546370982735,4.2050553302147975,24.170764634982497
8995.14,0.03620417981403901,4.205315509254881,24.168961159296995
8998.047,0.034282874765678616,4.205481039004881,24.18179752211179
9000.953,0.033255748845267705,4.205348932030343,24.181584631326135
9003.859,0.038263943755605996,4.204995353539507,24.17865546073053
9006.765,0.03674266883834909,4.205532328342949,24.181596110360587
9009.672,0.03500736124333402,4.205276085625957,24.18141137538763
9012.562,0.03294692525274966,4.205424212820462,24.1836052976349
9015.484,0.03510368440387177,4.205033463347124,24.1782545480833
9018.39,0.037883860514376214,4.205260790590721,24.178772516768507
9021.297,0.03595555315386459,4.205267295788687,24.184248400242776
9024.203,0.03688739139672814,4.205385099502477,24.17881962806253
9027.093,0.039123685533907555,4.20532738033497,24.182814214068486
9030.0,0.03827391195597986,4.205377564061149,24.180177408874844
9032.906,0.03338139019026192,4.205361401775447,24.18103608906587
9035.812,0.0360477184592359,4.205224440670983,24.178810704948834
9038.718,0.03748536730994457,4.205327223504137,24.182589163386226
9041.625,0.036267833201183215,4.205047667506885,24.181383380964046
9044.531,0.03448717635649991,4.205338303334976,24.176722693841945
9047.437,0.036859528610054995,4.205269795681441,24.184082115192155
9050.343,0.03613313782785462,4.205270510710175,24.184142637201987
9053.25,0.038373319390682364,4.205243812407908,24.180069764876308
9056.156,0.034145194109724726,4.205326932589908,24.176990395064816
9059.062,0.035212663626431245,4.205324862110033,24.183688428189313
9061.968,0.03603768658947296,4.2053987001990905,24.185486266088354
9064.875,0.036450774735152645,4.205264954751166,24.1860532732562
9067.781,0.035486998954430984,4.205399295632037,24.184398796258836
9070.687,0.03480811660723896,4.205323413994052,24.183799326046177
9073.578,0.03595433055546834,4.205412410377424,24.186355446916142
9076.484,0.034979351902212706,4.205482604888898,24.183352092094456
9079.406,0.03575980073792788,4.205305739510989,24.185508933102657
9082.312,0.03466202596606263,4.205241742215945,24.175082771779266
9085.218,0.03391241117439845,4.205352921475529,24.174935879211734
9088.125,0.03546173876295618,4.205607422191263,24.17685165948328
9091.031,0.0352091103632875,4.205437541127302,24.181492677058333
9093.922,0.03487794515211201,4.20557379534304,24.18573544427109
9096.828,0.03619977818992335,4.205577458129967,24.182265837235835
9099.734,0.03570677444809412,4.205250588289624,24.18374827769324
9102.64,0.0351799572900543,4.205307140165127,24.178643668768974
9105.547,0.03809025484166009,4.205447641093329,24.179426251013584
9108.453,0.03708275012438449,4.205409151969633,24.182887700252785
9111.375,0.03597160460544469,4.205304572398168,24.178166686890048
9114.265,0.034623005312541734,4.2053647821003475,24.180130324667402
9117.172,0.03360752239360049,4.205434950512657,24.183149200148968
9120.078,0.03212597037799451,4.205500591317888,24.18139355217254
9122.984,0.035620306595874264,4.205526151640651,24.185222632297517
9125.89,0.03564358395681425,4.2053082431927065,24.18312015046846
9128.797,0.034309715259614786,4.205376541409376,24.18438146280364
9131.703,0.038341783987327356,4.205336606431487,24.183624639289125
9134.593,0.036734384833348885,4.205462082507201,24.181368404684335
9137.515,0.03754651857319095,4.205307223447131,24.18616171938377
9140.422,0.03515569559178424,4.205357561454082,24.18554103552569
9143.359,0.035958218933396555,4.205258008032352,24.1821351143909
9146.265,0.03612491871608111,4.205667947345779,24.184701800619347
9149.172,0.03650282882870705,4.205527676093163,24.18918572598705
9152.125,0.032353783262474956,4.20557009048644,24.188002264212738
9155.031,0.036257854218313935,4.205473116782813,24.185519619526197
9157.953,0.0350516953109704,4.205555074616282,24.186601844529367
9160.875,0.033288595904431874,4.205535206946564,24.187559294771592
9163.781,0.03496784722545402,4.20544513786736,24.181584602050194
9166.703,0.037030715288378944,4.2054581538541544,24.18481029968456
9169.625,0.034658385325718064,4.205663543245488,24.171666048060718
9172.562,0.03578928548810956,4.205416945155824,24.17993805751055
9175.562,0.035115349732018665,4.205358173191677,24.18416807958412
9178.468,0.035761570702201095,4.205492392840828,24.180149090411504
9181.375,0.03534229554072342,4.205718654623569,24.181569730453052
9184.281,0.039281986560308055,4.205599199411196,24.182163438345803
9187.203,0.03556220488415504,4.205338606465617,24.180863569885542
9190.187,0.035150791133868375,4.205505095019565,24.19185974372805
9193.187,0.035353689336121895,4.205681005901305,24.185035380529317
9196.218,0.03225762813428916,4.205487967277593,24.18497279774162
9199.265,0.03640374305421435,4.205414788604841,24.184647760589723
9202.297,0.03901936999633782,4.20552172036473,24.185459230705675
9205.297,0.03921774035703745,4.205376130683386,24.177869078346692
9208.328,0.03783512337156656,4.205408516655035,24.188335404889838
9211.328,0.03197177769144883,4.20537321499466,24.19512938074853
9214.265,0.03653848171728996,4.205691664918185,24.192888862023278
9217.281,0.03567376236450315,4.205769849420557,24.186482617087098
9220.265,0.03917525074695225,4.205620132456036,24.179536864047193
9223.297,0.03779874581550941,4.205630612724188,24.18921688761078
9226.312,0.035229084031048775,4.2054723498615525,24.180266519159375
9229.297,0.03565405816910046,4.205496175109685,24.185993247512418
9232.328,0.03199155713397116,4.205505777140999,24.17985138543203
9235.297,0.03648997252663682,4.205424585229413,24.181297588480867
9238.328,0.037750199764820906,4.205559252382135,24.1829643302177
9241.234,0.03403001042032214,4.20549123272948,24.172823305533072
9244.156,0.035583433769025063,4.205719539841962,24.170671721722353
9247.078,0.036662871230668484,4.205500611939474,24.186675260143407
9249.984,0.03163157032574046,4.205354957630667,24.178694038174562
9252.906,0.03600682888407265,4.205550499755402,24.186469322175572
9255.828,0.03607237914059811,4.2056695116201075,24.177335179996803
9258.75,0.03432030401574155,4.205758370202744,24.172617863663987
9261.656,0.036652425507445255,4.205672169674038,24.174217175046543
9264.578,0.031935027383016366,4.205416168312218,24.178941772107933
9267.515,0.03653135850769619,4.205704372565699,24.1801137852216
9270.453,0.03613913296456023,4.205512188776516,24.179937973515802
9273.359,0.03544554222801924,4.205748302624735,24.1711316683344
9276.265,0.03534066179389014,4.2055826569303925,24.17537661321494
9279.156,0.03336794058969799,4.205614793661821,24.17465636588791
9282.062,0.03613547195367309,4.205650460843358,24.18000066931635
9284.968,0.03423419765448271,4.205831786235827,24.170800007770648
9287.875,0.03533072779919391,4.205715861399229,24.161110425141292
9290.781,0.034981868796303654,4.205829107822685,24.176749996570756
9293.672,0.03683669698176908,4.20579257963416,24.16922072280316
9296.578,0.03569551837584304,4.205657478326919,24.164306907929223
9299.484,0.032104690750216255,4.205841408468837,24.16714925416082
9302.39,0.03675314576671725,4.205480922353644,24.16906290973819
9305.312,0.034926027180661456,4.205831923465049,24.168931841452917
9308.218,0.03448337460596276,4.205761430096272,24.168868729477715
9311.109,0.034710060244150055,4.205756831951137,24.169220792957553
9314.015,0.03528026276495015,4.20581721588656,24.173261294192386
9316.922,0.03426029704918595,4.205649370889805,24.176828007986014
9319.828,0.032205337718399084,4.20573180537361,24.177801173728145
9322.734,0.03480960511157074,4.205627596424737,24.17608095730281
9325.64,0.03421552551654412,4.205742652192572,24.17449733291519
9328.547,0.038270524779663494,4.205664117609165,24.176728694256735
9331.453,0.03512044146894838,4.205712909344528,24.1828454604026
9334.343,0.033087420921541204,4.205635661175143,24.17321811455614
9337.265,0.03315100060927312,4.2058868469135495,24.16769463871903
9340.172,0.03638030993806119,4.205877448842906,24.16864924732934
9343.078,0.03363959029670905,4.205667016407674,24.165547941118486
9345.984,0.032986437466590655,4.205680006039021,24.177679808353247
9348.89,0.03517818535195867,4.205645532585776,24.176649856956633
9351.797,0.032536001566036636,4.205821551558851,24.181195383892522
9354.703,0.03230629648088412,4.20602994051629,24.177197818343807
9357.625,0.034813252406592686,4.205794205506327,24.17942263384493
9360.515,0.034771702425716075,4.2059457288983255,24.178503353329624
9363.422,0.03610719078375575,4.205963401944861,24.179913115265613
9366.328,0.03620375372639285,4.2058561109327,24.17904101982317
9369.25,0.03376399666322243,4.205811682884588,24.177301582722414
9372.14,0.03710803582430519,4.205800191997771,24.173049616389985
9375.047,0.034368965302750284,4.206074932030515,24.17371696220828
9377.953,0.034133785008856075,4.205801857201505,24.176330987689333
9380.859,0.03591557968937487,4.205914478784743,24.17298635901582
9383.765,0.034496758858581195,4.205910304157005,24.16923577311333
9386.672,0.036672218470087635,4.205894300890473,24.171742150048786
9389.562,0.03229110153417876,4.205774742700107,24.175695488333027
9392.468,0.03522694704136252,4.206062311280927,24.173633558618562
9395.375,0.03519694960166309,4.206070066055319,24.175943088229847
9398.281,0.0387381286754801,4.206091275276935,24.173813925182934
9401.187,0.03394814064587443,4.205830455231236,24.170431165317957
9404.093,0.033132113271677394,4.206020537231742,24.166505818892887
9407.0,0.03440132898744918,4.20572936980313,24.172840469783033
9409.906,0.03599769859836816,4.206191816813513,24.171688452270637
9412.812,0.03374448219685856,4.205855986985991,24.175826244300936
9415.718,0.034536825323522445,4.205813179937208,24.171770861025138
9418.609,0.03319767822058322,4.205933599626061,24.174856949119963
9421.515,0.032225403044398054,4.205832597852601,24.179004158054205
9424.422,0.03675311990988767,4.2059109792421685,24.177647893297127
9427.328,0.03904028808612193,4.206264605139417,24.17535153472722
9430.234,0.0351366623798869,4.205944609016671,24.169267772060497
9433.156,0.03346420406048441,4.205749098103278,24.171290910501234
9436.047,0.03760155224803392,4.206055707761605,24.16730261291653
9438.953,0.03341574162093177,4.205701803211708,24.16902807137262
9441.859,0.03426883254843757,4.206067893549862,24.172908828296393
9444.765,0.03380094326304181,4.205881204381205,24.162153981972534
9447.672,0.03317771138535133,4.206181122410698,24.166709118463913
9450.578,0.03250616926591009,4.206048018429829,24.16748792488533
9453.468,0.03154544616803805,4.206024211575648,24.167608388606144
9456.375,0.0359929196195695,4.206170270794523,24.16964166362292
9459.281,0.035893244173268175,4.206203244643316,24.16807505108903
9462.187,0.03603845359087313,4.205974889788128,24.169087851014645
9465.109,0.03522086558876136,4.205841449151102,24.168133654067727
9468.0,0.032406157572024995,4.206235166050067,24.176908543700556
9470.906,0.03468631675341964,4.205832763046286,24.17246240410632
9473.812,0.0340771586573999,4.2059303092761,24.180940319556512
9476.718,0.034212564390947754,4.20610617438111,24.180092077394946
9479.625,0.03639157241802463,4.206002132214505,24.173958521248483
9482.531,0.03244960263661204,4.205986324825539,24.165235842369352
9485.422,0.03410225485285905,4.20618298912399,24.16989239978411
9488.328,0.029908558400838618,4.2059178512088184,24.175351460562858
9491.234,0.03482005655363609,4.205973747745856,24.17002183810686
9494.14,0.03262919956106935,4.205929597262096,24.16517783235483
9497.062,0.03758794246387169,4.206505148722242,24.169738496753137
9499.968,0.033758354160846826,4.206154767154031,24.17249854741653
9502.875,0.032607772687279046,4.20585932970685,24.16925390052546
9505.765,0.03229822556796761,4.206198410320633,24.16277145686968
9508.672,0.03556638806129703,4.206137822315797,24.171778623410777
9511.578,0.03350396340922547,4.205925876560157,24.16873438194928
9514.484,0.03234112124392565,4.206022205219987,24.16387179330089
9517.39,0.03347396978524569,4.206204794605539,24.169312143824165
9520.297,0.03629885956850658,4.206058828489996,24.169983798968502
9523.203,0.033983819628688364,4.206015190719519,24.171895737073157
9526.093,0.03331839622234522,4.206214194869326,24.170346828492388
9529.031,0.035015437147660214,4.205979777008857,24.1682462521274
9531.937,0.03640071987481413,4.206440710439087,24.16241044590869
9534.843,0.03299537865946145,4.206309430210233,24.168709311295608
9537.687,0.03203903793537698,4.206062615714426,24.16342234164044
9540.547,0.03732643714402499,4.206223107084362,24.16768880707321
9543.437,0.03337640666943062,4.20614281962416,24.16981497530946
9546.312,0.03244744306965547,4.205998850112277,24.16508762616256
9549.187,0.032033712493554335,4.206116007837219,24.16719379115857
9552.078,0.03304721327898098,4.206247429075938,24.16658897448806
9554.953,0.035006575969595756,4.2061542635605,24.16205066698459
9557.843,0.03049531949689086,4.2057956398705025,24.165359031521252
9560.75,0.033531783609527244,4.206185226454423,24.158563816269947
9563.64,0.03479120953744176,4.206097633906103,24.17046856835491
9566.531,0.03443655721536716,4.206417638495492,24.16750261180625
9569.406,0.03416493493431217,4.206574939427717,24.166725666157724
9572.281,0.03226533645385325,4.206162970679679,24.16925412848901
9575.172,0.030765931311653786,4.206135256291475,24.161152056344292
9578.047,0.035930165009272305,4.206157596587575,24.165846965788493
9580.937,0.03410899162866679,4.206178562340153,24.167610409790846
9583.828,0.03353807300453767,4.2061292636944465,24.16851891321798
9586.703,0.03440698742780862,4.205958665979129,24.161722879940207
9589.578,0.033804005273025545,4.206356007592934,24.16630739921661
9592.468,0.032819349702402204,4.20635619760563,24.169212137863084
9595.343,0.03390504459548393,4.206216441405732,24.164397232817464
9598.25,0.033664692345520136,4.2061606425769105,24.16865626448447
9601.093,0.03536255291855604,4.206106453617274,24.161762325878136
9603.937,0.030935263057120497,4.206284045896431,24.16269988703183
9606.797,0.03360170181518321,4.2061314044494,24.1706058060654
9609.672,0.03402091895935901,4.206405969238498,24.166504334386875
9612.562,0.03512964861016592,4.206259069835551,24.16712862679248
9615.453,0.03805672359439323,4.2060247827613955,24.16906050855584
9618.328,0.03325107690690529,4.206213096160408,24.168149773588816
9621.203,0.033056133663859996,4.206166509615915,24.167786627997938
9624.093,0.03417432043215859,4.206342801274891,24.168236644187974
9626.968,0.0338595710489836,4.2063624253477725,24.16339328973873
9629.875,0.0297129636761044,4.206363314954519,24.166242648063882
9632.703,0.03524231498559866,4.206280045267633,24.162449899889815
9635.562,0.03100556735643611,4.206477357384735,24.16328617714285
9638.422,0.0351710423229957,4.206391175874315,24.166609998036428
9641.297,0.035435161000234056,4.206340848259421,24.16251706203683
9644.187,0.03509088942340867,4.206464592645971,24.174269831559354
9647.062,0.035003397388448196,4.2062232885941295,24.169912623353298
9649.953,0.03271326289616614,4.2063746581970785,24.17297914797741
9652.843,0.03429926529471376,4.206628718120997,24.167702427268043
9655.718,0.03515972238324402,4.2063616261450765,24.17157364448435
9658.593,0.03319339291224168,4.206299274881408,24.17162017558281
9661.5,0.03369710426464217,4.206463609471934,24.170210001702767
9664.328,0.030860486833671204,4.206306777501291,24.16858286006658
9667.187,0.0325202566969988,4.206213664805176,24.169783623281145
9670.047,0.03471806184282527,4.206429926988987,24.17227151939586
9672.922,0.03219652503963557,4.206465607804309,24.17199211790528
9675.797,0.03500947222102517,4.206673892189688,24.17757868480437
9678.672,0.03279089639227799,4.206194613793506,24.162578921975044
9681.562,0.034130849106775614,4.206443419354152,24.164781170311404
9684.437,0.03371434692325646,4.206438910509501,24.16776038174326
9687.312,0.03396959582796103,4.2062861592996095,24.165119309308803
9690.203,0.03342690331076258,4.206515594348472,24.17007452520284
9693.078,0.03462489367330476,4.2066192275259215,24.165633541102327
9695.984,0.03481130512232155,4.2065436228784785,24.159800008563128
9698.828,0.03259520126611698,4.2063256345577384,24.16480747842518
9701.687,0.03539459368200187,4.206572326781593,24.16421571605977
9704.531,0.037056564439728386,4.206698333936217,24.17127088452233
9707.406,0.03224867575345011,4.206473222512174,24.16869828061239
9710.297,0.032761576335337855,4.206512192786637,24.164949423305764
9713.172,0.03377119530941135,4.206563093998166,24.16512971289892
9716.062,0.03240596510145301,4.206521709657003,24.172313700882512
9718.937,0.035192577874290955,4.206668555427365,24.17059047377885
9721.859,0.03104751136667237,4.206483595490377,24.175980624595315
9724.734,0.03454027257936029,4.206345365844526,24.1641261353833
9727.625,0.03195644785690207,4.206341977890507,24.165507482674318
9730.5,0.032906312807346516,4.206357579163105,24.16651956356844
9733.375,0.034723066277899645,4.206388908190266,24.164758755256404
9736.265,0.032467617401252626,4.2065934105077165,24.16569154045392
9739.156,0.03436022168624981,4.206584065018126,24.16538462820139
9742.031,0.03352141757354807,4.206674868280508,24.159798378508526
9744.922,0.03267618183495419,4.206833097463348,24.165684793587793
9747.797,0.031123357943147672,4.206654192548236,24.16332663684763
9750.687,0.03392485037359625,4.20668824856839,24.16792103846055
9753.562,0.0340749988874898,4.206364395096304,24.165977539653298
9756.453,0.03114638081843687,4.206443259406429,24.165454607003216
9759.343,0.032348598905329394,4.206589075058849,24.16516688744891
9762.187,0.033647404776316205,4.206566773200863,24.160384753609055
9765.047,0.033489492783991284,4.206536578729855,24.166648599324834
9767.89,0.034520163277483196,4.206305449611284,24.162230275720006
9770.781,0.033733588742637696,4.206556220280096,24.16094374575766
9773.672,0.03307589966110975,4.2068164294957,24.165560596539226
9776.547,0.03358786938936985,4.206523670829373,24.170568220588034
9779.437,0.035106215688209784,4.206592351484078,24.170817857105515
9782.312,0.0335240103942735,4.206546025476929,24.168026491088696
9785.203,0.0312976996401532,4.206342368718264,24.165806478679343
9788.078,0.03137636347184579,4.206583361324251,24.163907729228477
9790.984,0.03333468412489206,4.206524775076664,24.158839378302584
9793.812,0.03312275405354128,4.206560242521632,24.1646127013769
9796.672,0.03293373612007912,4.206594098876311,24.171018662172063
9799.531,0.03511487474557572,4.206709721881276,24.159691130069742
9802.406,0.03604503950113286,4.206473787629463,24.16057782673989
9805.281,0.03462405128259873,4.206625658940522,24.158376574719828
9808.172,0.034843428877130586,4.206687362619028,24.15599351904564
9811.047,0.036558317775303446,4.206894008124758,24.16926423432871
9813.922,0.03198231625503494,4.2065974998322035,24.16240343146151
9816.812,0.03412181894584458,4.206627816376442,24.16410351567001
9819.687,0.03313811732425124,4.206915251074878,24.162862774559656
9822.593,0.032600915351250655,4.206688502988397,24.16626099841815
9825.437,0.03453072220032108,4.206763836864265,24.16259840895615
9828.297,0.031893459709138254,4.206660511646356,24.172457312007005
9831.14,0.02910496968255557,4.206655842563292,24.170969737463864
9834.015,0.03539988332745368,4.206794127825522,24.161392228367983
9836.906,0.03383779940939602,4.206643106821408,24.166298014472407
9839.797,0.03445518310946949,4.2065602972036595,24.15649168348287
9842.672,0.033384450571979654,4.20681304152035,24.172323587271816
9845.562,0.036454454035017105,4.206709237424631,24.16272778313982
9848.437,0.033288413234874206,4.206889039432641,24.16628912029612
9851.328,0.03282419289606291,4.206990859006512,24.17051391253876
9854.203,0.03612656590692197,4.2067942748670895,24.166457863556452
9857.109,0.034599448048242,4.206807100495812,24.168875642167187
9859.953,0.03363119126708465,4.206740956318155,24.162399415392876
9862.797,0.031799797763598835,4.206782244095384,24.165025678503138
9865.656,0.03062358065743615,4.206833461750973,24.167742897293635
9868.531,0.03245717857823091,4.206854320349869,24.168412376611073
9871.422,0.032481946951284056,4.206890395639685,24.16718668861833
9874.297,0.03228804985644831,4.206738021844463,24.16687370059006
9877.187,0.03126566299801487,4.206936180921776,24.164122158392264
9880.078,0.03091103924736367,4.206882117261841,24.16237036556238
9882.984,0.03011783426055776,4.206856071425999,24.15902539721557
9885.859,0.032429214605439606,4.206886391807156,24.167503579572795
9888.75,0.0305028993250894,4.206913119965893,24.161577244969134
9891.64,0.03467935441924334,4.206573895207244,24.16837167372072
9894.515,0.03126751298665616,4.207013276874712,24.164622777221854
9897.39,0.03166741962140372,4.206932473177326,24.159801088960627
9900.281,0.03189508665398579,4.2067786502580775,24.168849112713506
9903.156,0.03432888162582542,4.2068691034655465,24.164767661825746
9906.047,0.03470163861963083,4.20685996988556,24.152834375680932
9908.922,0.032286502604296795,4.20669587761052,24.165347411684674
9911.812,0.03352283911703667,4.206875122570567,24.163321534456276
9914.687,0.03489555507012987,4.20670090412698,24.16375156350986
9917.578,0.03282872914658822,4.206736185838967,24.15815986815906
9920.468,0.03398540453701596,4.206907989922666,24.1546643781557
9923.312,0.03170753445527216,4.2070188913088575,24.15637536306396
9926.156,0.03344088571006074,4.206688412983879,24.16475982010182
9929.015,0.0331353264136235,4.206948064767602,24.163102386754666
9931.89,0.033502457228220345,4.207049362385851,24.158562704683593
9934.781,0.03322294175493095,4.206835595714401,24.16383383096094
9937.656,0.03337499045783364,4.207130464625903,24.166108230282486
9940.547,0.03344598691667426,4.206822797092254,24.156153877818454
9943.422,0.031089348234511736,4.207023418572859,24.162992252289033
9946.297,0.03166786404608485,4.206835982517167,24.16585869844183
9949.172,0.03167882270458142,4.206887042131025,24.16445790756232
9952.078,0.03386611802266025,4.206777414714371,24.16188381484005
9954.922,0.032560654631418905,4.206884891586657,24.163056937923717
9957.781,0.03339250491848186,4.206900964931394,24.155562130212232
9960.625,0.032263698370006366,4.20687666775529,24.16281653227237
9963.515,0.03057862246099795,4.206900685112297,24.16552575820164
9966.39,0.03316557202654501,4.207080941331589,24.166214947255693
9969.281,0.034615579714706086,4.2068696603407325,24.160149534446976
9972.172,0.03483132982707259,4.206944927293387,24.167078494395096
9975.047,0.03386958430567276,4.2070179634174245,24.158891321018967
9977.922,0.03393672776447684,4.207187065076039,24.164030169409646
9980.797,0.032651141788291906,4.206952954145982,24.17584887997743
9983.703,0.031811919478375174,4.207046919573302,24.167345747567683
9986.547,0.03344394827704747,4.206933732510243,24.16365910887374
9989.406,0.03250530025000016,4.2068752327316306,24.170491290372894
9992.25,0.029449614194855766,4.206827417398138,24.172696647339542
9995.14,0.03548537294911254,4.207260138032106,24.182141339767266
9998.015,0.029410495163381675,4.207083158296956,24.1780459597615
10000.906,0.03112734570215538,4.2073173886309805,24.165298264179686
10003.703,0.03188306438574886,4.20708265978657,24.168046997132887
10006.484,0.03190990364276924,4.207073519219845,24.168563938908665
10009.281,0.030020948434411224,4.207156598535628,24.166203905315573
10012.109,0.03228102405261266,4.207074706680044,24.170527233350768
10014.89,0.032295449196555116,4.207190051657155,24.17568774844058
10017.687,0.03408071664681998,4.2071547723558815,24.158362539816803
10020.5,0.031120982116753865,4.207174128472421,24.161837154799233
10023.281,0.03337617840009416,4.207362569862898,24.16533366876196
10026.078,0.0321023369841526,4.207103186050278,24.161514623644788
10028.875,0.034405714072674586,4.207395132881254,24.165251902679202
10031.672,0.031877367712030064,4.206946065420472,24.166401129005468
10034.453,0.032738242344565606,4.20710833093576,24.16194116893505
10037.25,0.03230263665719861,4.207176934097254,24.167414439319604
10040.047,0.03287877749738467,4.207171432743124,24.1598592653249
10042.843,0.03222921570513599,4.207133781443144,24.16893274679118
10045.656,0.03358658275851366,4.207169364519019,24.165027269986098
10048.437,0.03418040631221447,4.207185485928349,24.164256973944127
10051.234,0.030199875428568678,4.207176208993367,24.16553946941179
10054.031,0.03188383403922379,4.207279037171283,24.160917557809604
10056.812,0.032276700309345194,4.207229861402729,24.163258521724114
10059.609,0.033593899428553,4.206995244448438,24.158716942258355
10062.406,0.03347474944512235,4.2070356488277705,24.15858535197876
10065.187,0.03139574387045908,4.207147431992605,24.166517136545842
10067.984,0.03274007985818205,4.207306946524735,24.16504782843038
10070.781,0.03267001055634701,4.207138528912814,24.16471323441221
10073.562,0.03195449846346437,4.207065623966733,24.16141151199019
10076.39,0.030859304596615546,4.207361349235753,24.160389803890574
10079.187,0.02968930794634506,4.207168199379889,24.15975034166117
10081.968,0.03402907035294405,4.207135740598926,24.16980035047119
10084.765,0.029977564830753797,4.207430728025862,24.166324525684377
10087.562,0.0310083584002489,4.207201071831885,24.162273846338103
10090.343,0.03252730190011025,4.2073619255484935,24.170023678228013
10093.156,0.030264824176963634,4.206985419233446,24.162721943360683
10095.953,0.0329487066950384,4.207434789905517,24.166743800026953
10098.734,0.03379079901328537,4.207224834926641,24.1698609411324
10101.531,0.033262866906426235,4.207170079901021,24.17126987968473
10104.328,0.03170823608340117,4.207352597567794,24.16545092490994
10107.109,0.030482405392200887,4.207330595234942,24.171016802984173
10109.89,0.028754874179208578,4.2074479595096,24.17366098856096
10112.687,0.03327499702124369,4.207277891508683,24.171673313834326
10115.484,0.030376260655386934,4.207330289161761,24.159263735897664
10118.281,0.03227166225576063,4.2073199934406755,24.156483545702255
10121.062,0.033954908963298835,4.207370539532927,24.16456041187405
10123.859,0.029708498747860274,4.20729010519196,24.16596968630897
10126.656,0.027016400637221123,4.207230858779321,24.165487981120446
10129.437,0.031094609100163793,4.2072088180866025,24.156855225160786
10132.234,0.03406865166351491,4.207381937824692,24.158352911466114
10135.031,0.02885902555562682,4.207379716597369,24.15429911193421
10137.812,0.030520396734026813,4.20733687018835,24.154609116798653
10140.609,0.03223582976191951,4.2073159524722055,24.15639877038393
10143.437,0.03249822496951017,4.207255406122019,24.163583198888595
10146.218,0.02953735478352107,4.2072506236913005,24.16347900034282
10149.015,0.031794706019338384,4.207291155641912,24.154435502845576
10151.812,0.03023182247025475,4.207221498999272,24.156532964189555
10154.593,0.03188636844168198,4.207611461198319,24.165266151182447
10157.422,0.019682130464993782,4.206608577599394,24.160401894877513
10160.156,-0.0013455670705556774,4.203462087351344,24.16742965852773
10162.875,-0.001706468259298779,4.203864487540307,24.162435509313497
10165.593,-0.0030017624783615342,4.203831415549776,24.16245036354873
10168.328,0.0019201465098707432,4.203866237628359,24.1641457047202
10171.047,0.00018314875365115136,4.203890629175652,24.17260349071464
10173.765,0.002482738621578944,4.204134176623215,24.164187139285513
10176.515,-0.0021938263566520437,4.203904891977276,24.167556579140545
10179.234,0.0020092274150841313,4.203791076025307,24.169256859483692
10181.953,0.004042332326504685,4.203844944434236,24.17304075763833
10184.687,-0.0021909213234689484,4.203692246100497,24.172401566070153
10187.406,-0.00024358458456073435,4.203752021416685,24.17046892899163
10190.14,-0.001631681069385762,4.203563099934871,24.16644809708806
10192.859,0.0008713643586676823,4.203439201143794,24.173089732792825
10195.593,0.004166356254373575,4.203796960333622,24.173392431992696
10198.312,-0.0016657093188778471,4.203264680738056,24.17492118493949
10201.031,0.0003112102131130987,4.203273166759803,24.178519736387315
10203.75,-0.0010210569994873841,4.20347099011674,24.177904265901308
10206.484,-0.0010309968620595485,4.20345899561827,24.179677551748473
10209.203,0.0003233015863055974,4.2034104803898185,24.184201970006878
10211.937,-0.000970612001523822,4.203351571557039,24.171396020484263
10214.656,0.002047142570247528,4.203286260897536,24.176495910440718
10217.375,-0.0063530174875859,4.203453630535206,24.173263154726055
10220.093,-0.0021804158810833246,4.20304062372411,24.17310092891193
10222.828,-0.002147418687216291,4.203192568244221,24.175273859455643
10225.547,-0.002281189457146734,4.203182463720253,24.177053623276308
10228.281,-0.003528173929374379,4.2028697510354105,24.177154378797123
10231.0,0.0029190188249951657,4.202865122387726,24.173251293116888
10233.718,-0.001034414146089371,4.203132927923736,24.169291064268627
10236.437,0.0015589952016533458,4.2029152689707905,24.173137427019043
10239.172,-0.002545949414695114,4.202695597170865,24.179880573430243
10241.89,-0.0025487951083350718,4.202952081047776,24.179384496003234
10244.625,-0.0012215061049257244,4.202919275369774,24.173446870055393
10247.343,-0.0062868463870681185,4.202950037735405,24.176142272615632
10250.078,-0.0037418593794642037,4.202909345348428,24.170550533090175
10252.797,-0.002751747700653136,4.202742990132719,24.170572958323987
10255.515,-0.004609292050366262,4.202862094736193,24.17317955226693
10258.234,-0.002502980231562264,4.202641360690012,24.167416558025543
10260.968,-0.0027981813168506666,4.202639031537955,24.163709898382056
10263.687,-0.0009598487731201683,4.2026371929538415,24.169053340420874
10266.422,0.0010935019129881855,4.202624045930515,24.169543246954866
10269.14,-0.00024050096140593275,4.2026343003280715,24.174624082862337
10271.859,-0.0011023020204806145,4.202568946213857,24.179620045577458
10274.593,-0.003808642753165976,4.202499668163267,24.16821852310104
10277.312,-0.0005512244480451208,4.2023648791792905,24.17381218208669
10280.031,-0.001364120761188263,4.2024535664684155,24.163098229175542
10282.765,-0.0007314679311024587,4.202635715248911,24.173503021072737
10285.484,-0.00042245461781036786,4.202591908062835,24.17829590554845
10288.234,-0.003140083634569433,4.202182878603318,24.17503480260627
10290.953,-3.440557365121102e-05,4.202449707556274,24.1829769370626
10293.687,-6.147697357608052e-05,4.202416310007138,24.17625666233244
10296.406,-0.0026019095139169723,4.2021827786711885,24.173526008106144
10299.125,0.003053159667029166,4.202262673396555,24.16923949619291
10301.843,-0.004567056451729817,4.202287162268089,24.176679238398272
10304.593,0.0013350983649291855,4.201865638676227,24.17969977232058
10307.312,-0.0011232477964322122,4.202169091101812,24.180174970126618
10310.047,0.001076874849075224,4.202134407967354,24.185341004968727
10312.765,-0.0027628270144664153,4.202197480121272,24.183420053490277
10315.484,-0.0033385307671419404,4.202252506421792,24.18217373090612
10318.203,-0.0031691777468036693,4.202053562270555,24.181442704594158
10320.937,-0.00012109113120808964,4.20238770533334,24.177264720816826
10323.656,-0.001057166326640406,4.2023482131315975,24.185008574096848
10326.375,0.0007591474508942042,4.201897986694883,24.177923224218326
10329.093,-0.00010296232394328166,4.202118579060594,24.17685076396301
10331.828,-0.0010696509541995667,4.202021663546545,24.171436984747018
10334.547,-0.008859447443778883,4.201860278156582,24.174458787073508
10337.281,-0.002963115584164375,4.201891175792402,24.168108766384808
10340.0,-0.0034615365942999962,4.2020128820933005,24.165635613199992
10342.718,-0.005616799405216537,4.201810732017017,24.180066563836274
10345.437,-0.0018191539055147045,4.201798470879192,24.171037269545913
10348.156,-0.0026573805092362083,4.202007012067577,24.17087775212856
10350.875,-0.004056654201010973,4.201732183925397,24.176840150684463
10353.609,0.001073770046740165,4.202080685615685,24.177275235436664
10356.328,-0.0008221929448910689,4.202172422236399,24.17093821561114
10359.047,-0.00352869981563138,4.201943750417201,24.16721462513075
10361.765,-0.0044804889652367485,4.2021958423920704,24.164249799901576
10364.5,0.0006333263788881025,4.201900829517312,24.175618694097807
10367.218,-0.006057541248233754,4.201957035435444,24.175670935577518
10369.953,0.00044057691459290237,4.2018209785673255,24.178591320374732
10372.672,-0.0005128954524479122,4.201741548107263,24.18109896260859
10375.39,0.0003975544056470682,4.201960439442267,24.180336303969895
10378.109,-0.0016970055090432974,4.201659030424533,24.172348644269498
10380.828,-0.0016127851088671237,4.201720462583888,24.171653207635142
10383.547,-0.002797643458508898,4.201664240712557,24.170054649613295
10386.265,0.0002008349471555078,4.201713412115949,24.1654877811083
10388.984,-0.005971537738868884,4.2018307648597055,24.17470460913207
10391.718,0.0009716771684552557,4.2016372819542855,24.17754453146965
10394.437,-0.0031618927103201095,4.201708997946762,24.170588817187255
10397.156,-0.004294726789489037,4.2016249754410895,24.1769826645427
10399.875,-0.00017145322530741223,4.201974482391622,24.17325021750926
10402.609,-0.0005580713696934377,4.201705769363953,24.172860835849743
10405.328,-0.00025077800633647654,4.201560039147176,24.168420855038846
10408.047,0.0007379529237995459,4.2016538109110835,24.16978552228994
10410.765,-0.0059316315169867205,4.2017253714236205,24.174285048540185
10413.5,0.0011429511375248705,4.201435638982518,24.178782386922418
10416.218,0.00305054906299699,4.201488054849092,24.176766858430852
10418.953,-0.0007586238201469719,4.201640731652152,24.178943718107046
10421.672,0.0031933914030290453,4.2013355040329134,24.170149480645833
10424.39,-0.0061130080917928984,4.201802978889307,24.178467919754357
10427.109,-0.0016884551861325232,4.20171632654396,24.17955151007951
10429.843,-0.0038550413188012194,4.201449742255486,24.166732200397156
10432.593,-0.00020629902881408202,4.201177567131719,24.170180996281978
10435.312,-0.0030620293424440882,4.201301608714642,24.174830563315798
10438.031,-0.005327846024558778,4.201569795239403,24.170692801221097
10440.765,-0.0033667724339912245,4.201544381847207,24.169723957789916
10443.484,0.00022818156083391673,4.201272385536029,24.17491215745127
10446.203,0.0014570458123253029,4.201498983284773,24.17051515343542
10448.953,0.0034015202044214957,4.201428625017182,24.167380862574856
10451.672,-0.004403886605535134,4.2013978263352865,24.17176716861874
10454.39,0.0003224057056009641,4.201152490400537,24.17192693744236
10457.125,0.0005026409954208376,4.201396847098858,24.16923202477256
10459.843,-0.0008425436859482065,4.201108481238988,24.173262656404486
10462.578,-0.006122242556918161,4.201541085110362,24.163058754882364
10465.297,-0.0024580979615878803,4.201207606148858,24.17033811202669
10468.015,-0.0026895155349292298,4.201153824681913,24.167519060981522
10470.734,-0.0023800299692967324,4.201063047896532,24.16937577468545
10473.468,-0.002337986475298052,4.201135480425171,24.178836581750975
10476.187,-0.0017082486454565284,4.201233675155247,24.180755227409385
10478.906,-0.0027753631475478527,4.201299149875094,24.170963852341334
10481.625,-0.0001364207189544068,4.201036262475607,24.17712787394675
10484.359,0.0031388442571093386,4.201087538000439,24.17319182218597
10487.078,3.303999951488477e-05,4.2013831767701175,24.17801948654869
10489.812,-0.005409379599892753,4.201245798235553,24.159718705395868
10492.531,-0.00029366550189663024,4.201121647491575,24.174986485320286
10495.25,0.0004876908930003141,4.200926094151612,24.172733648170528
10497.984,-0.005215794882689348,4.201223042656124,24.17244041255222
10500.703,-0.005339034301419197,4.201336732470632,24.171005008704004
10503.422,-0.0029972528785452055,4.201206658219497,24.169825015125348
10506.156,-0.0037844318095060013,4.201081793014917,24.177498608163535
10508.875,0.0005420366489234241,4.200783066559431,24.17385160533984
10511.593,-0.0013720790375176214,4.200890692608707,24.172752442948678
10514.328,-0.00021238418552335048,4.200992968243871,24.17128442173912
10517.047,-0.0036970660860360426,4.200910204422645,24.172891567282935
10519.765,0.0019362590289806391,4.201057026904013,24.17302138341908
10522.5,-0.0025795537900313694,4.200556672523605,24.176343812410465
10525.218,-0.00345999014250779,4.2010538505755255,24.170579442087064
10527.937,-0.0029755148238085546,4.201190441929387,24.170831727103796
10530.672,-0.0029525529094592126,4.201391275861335,24.1728155280838
10533.39,0.0005752848247507303,4.200895451326108,24.173770864015516
10536.109,-0.0004710317469940762,4.201207763702358,24.175777033127122
10538.843,-0.0024366677336979865,4.2011119451031655,24.17013854810845
10541.562,-0.00039442442884800365,4.200842945083132,24.172223415882648
10544.281,0.0009128160912020562,4.200876135263705,24.17245807838003
10547.015,0.0005274795239117825,4.200732375623287,24.17261619573834
10549.734,0.0001657290384986069,4.20075793841187,24.175831541067602
10552.468,-0.0017252578468677027,4.200751080604351,24.179150725284337
10555.187,-0.0012459010488264414,4.201113206411139,24.17216763737426
10557.906,-0.0030948747069517073,4.2011341496960775,24.168198644426674
10560.656,-0.0020807178178128423,4.200692352859379,24.16753955542925
10563.375,-0.0007038944876293801,4.2007280744066655,24.16440050658341
10566.109,-0.006149668646121618,4.200961207996686,24.165165617181827
10568.828,-0.001143065442569106,4.201055746070619,24.166397751085405
10571.547,-0.000428382556860732,4.200791463876465,24.172155468273182
10574.265,-0.0012441139507665486,4.200706222498967,24.173048347897247
10577.031,-0.0025227750417928458,4.200791592821645,24.170763265126308
10579.75,-0.0029827155043278806,4.200800758455621,24.16679401391013
10582.468,0.002507566152201109,4.200885886118339,24.174086489670614
10585.187,-0.00265911309737539,4.20093576431359,24.1728261168787
10587.906,-0.0011046507465051292,4.2006433468002164,24.17354342678413
10590.625,-0.0012111956414832946,4.20057268991307,24.17683835687866
10593.359,0.002410566220345612,4.200221113240239,24.173412791860244
10596.078,-0.0007869524813276716,4.200786678877659,24.169703456274153
10598.812,-0.002848190900560344,4.200813273802701,24.164690241269458
10601.531,1.0409082228301692e-05,4.20050909013565,24.16927555523775
10604.25,-0.0009538413228096141,4.200566111564871,24.17144086015926
10606.968,0.0013892222008702096,4.200587216301605,24.16660900289467
10609.703,-0.0006876475106632619,4.200641668642464,24.16403752315175
10612.422,-0.00010635311769661792,4.200578945017063,24.16961559424691
10615.14,-0.005919713271639986,4.20075890986179,24.164849230703272
10617.859,-0.002950963943605983,4.200602969021103,24.168136911138944
10620.593,-0.0005638543749125498,4.200636358929299,24.172679644355313
10623.312,-0.004293231384764654,4.200781898130935,24.16618908899292
10626.047,-0.005064484790300276,4.200687640412779,24.167890207296324
10628.765,-0.0017376923074095036,4.200656916969634,24.173120485925267
10631.484,-4.3846182168481024e-05,4.200649165134546,24.167460958252562
10634.203,-0.0014233128900716738,4.200526644341128,24.167439980957816
10636.937,-0.0017003513072280773,4.200512475466108,24.173148953262455
10639.656,-0.0019969116718164324,4.200406290050719,24.173779374054032
10642.375,-0.0054747658938715995,4.200578417430999,24.176847983156648
10645.093,-0.001873361597388651,4.200582635959757,24.17633479681335
10647.812,-0.00046596550767633515,4.200455719131751,24.175145388327927
