time,current,voltage,temperature
0.0,-0.00167996698381263,3.699242086710048,25.66684455515017
2.4840000000000018,-3.77660287617465,3.336460166393717,25.67098409767893
5.156000000000002,1.5093866218484973,3.8224659113360344,25.674435868960373
7.609000000000002,1.5114182958911053,3.8344677094694255,25.68866937436687
10.078000000000003,1.5105273520087066,3.8421850611048374,25.70136484622561
12.578000000000003,1.5072815299357498,3.8481883369230503,25.714623943637367
15.062000000000005,1.512023640125077,3.852878556713423,25.721044121798798
17.578000000000003,1.5106210366071289,3.8570197246642715,25.71183598735462
20.125,1.5090149486895392,3.8608146700888772,25.712880852189738
22.656,1.507917695412696,3.8640890781714816,25.720265856245415
25.187000000000005,1.5112812379091474,3.8673255669821684,25.721246594628507
27.703000000000003,1.5118555904141249,3.870328847146311,25.714879502776686
30.234,1.5135162882309758,3.873380109751789,25.71637343694603
32.75,1.512938692695535,3.8762387996159373,25.717111559003087
35.265,1.50759539431556,3.878313696619313,25.72398062066096
37.734,1.5111439991982611,3.880722728630472,25.71157968278321
40.219,1.510249798454536,3.8832972602734506,25.710483449527292
42.672,1.5133187419061211,3.885918533435452,25.70538852881102
45.156,1.5088459174797788,3.887931423801181,25.70840535876953
47.625,1.5095515319400374,3.89016949787731,25.704188550260827
50.094,1.5082428223907596,3.892132127499281,25.698770499688013
52.562,1.511860869977025,3.894009738245791,25.69762719764123
55.031000000000006,1.5108953858165588,3.896190997175596,25.69641103301917
57.562,1.5086959597179639,3.8980390571950565,25.69556089724847
60.078,1.5118162017221648,3.89966387457016,25.696962068800854
62.609,1.5109816379130416,3.9017696655188834,25.693919455532022
65.125,1.5098650731431473,3.9034097600116158,25.699304197162213
67.656,1.510637290539147,3.905357076782356,25.68807823648048
70.14,1.5058250670140614,3.9068853065352345,25.683622276660046
72.60900000000001,1.51001947903526,3.908577785271081,25.684369648089213
75.125,1.5068440847874773,3.909981429294994,25.683697151992224
77.656,1.5090191960730406,3.912396543381314,25.676547065201017
80.172,1.5101787299358846,3.9138739305476395,25.675555285288578
82.703,1.509978523468963,3.9153041251549143,25.672545902602575
85.219,1.5122807334123267,3.9168271964422816,25.67260011805903
87.781,1.5106639299604236,3.918434778183937,25.676028631880264
90.297,1.5133162600508319,3.9200977321342982,25.675190090714857
92.828,1.5115046015007572,3.9213173745554455,25.665980719067502
95.344,1.509045051812216,3.9227223911244398,25.667879145155407
97.85900000000001,1.5097706491026959,3.9242216316567244,25.669962140513803
100.39,1.5119192709857379,3.9254171777992286,25.662315744569185
102.906,1.5100939519969447,3.926665356639456,25.662485547565378
105.437,1.5074970008044373,3.928359314206391,25.662804101274396
107.906,1.510455393245471,3.9293976653046183,25.6689115952857
110.375,1.511778448570743,3.9309731528889387,25.670598748222716
112.844,1.5081624396186242,3.932012625976102,25.66468412752544
115.328,1.5100656996679205,3.933170210726444,25.661740138077455
117.797,1.5117188955776226,3.9345082066832053,25.671005079600953
120.312,1.5119022138161071,3.935547105482331,25.66536772568034
122.828,1.5076703010628212,3.9370454080110275,25.67049727811464
125.422,1.5111961014811508,3.938053187472029,25.66384036671872
127.93700000000001,1.5110948865661342,3.9391383460240013,25.666575982629414
130.469,1.5129618805267457,3.940354267856913,25.669057840721962
132.984,1.5085931848881349,3.941877743674172,25.667504901621495
135.5,1.5094142696214041,3.9427545462888633,25.675070601603306
138.031,1.5099113760184952,3.9435211441329554,25.670622469528286
140.547,1.5137518515864317,3.944822206161518,25.672106683250117
143.078,1.5073282332866564,3.9456280197239293,25.669943011994377
145.594,1.510910225155483,3.9466736558218125,25.670211971457984
148.125,1.5086988198125577,3.9477193947552203,25.673310320386413
150.609,1.509374243046372,3.9488309112100923,25.666947858521528
153.109,1.5100091287028072,3.9496145910999836,25.676496588740726
155.625,1.5099883471948747,3.950684155023517,25.67111753797683
158.156,1.511300783830921,3.9513164204443414,25.67685505195876
160.672,1.5149587633149315,3.9520544709009875,25.67767205529635
163.203,1.5090302853445763,3.953083949735701,25.67204356194578
165.719,1.51047046705454,3.953904117041355,25.672937743231337
168.234,1.505666633621876,3.9552677908966873,25.681406004629846
170.765,1.5100359897345932,3.955842966368765,25.679253398974197
173.281,1.5112248260902643,3.95670395575412,25.68802755289587
175.812,1.5110585473819456,3.9573651644181487,25.684655541944384
178.328,1.5089351750066355,3.958520889911459,25.694994767685692
180.844,1.5086510222952219,3.9591847983575033,25.700264900815416
183.312,1.5131966486373958,3.9599685347277545,25.698522056960044
185.797,1.5102467728744922,3.960702103920964,25.68952908609014
188.25,1.5120682460509176,3.961493180090616,25.70271891836978
190.719,1.5108247551218144,3.962183204811008,25.70414724467744
193.203,1.5090050802168768,3.9628904885904417,25.699108930369306
195.734,1.5116963694011059,3.9634831725815167,25.71740055070869
198.25,1.5107405379386103,3.9644093546633443,25.709738906915245
200.719,1.509554252048099,3.9653613506455003,25.712180079285137
203.187,1.5086948387693597,3.9659635281283285,25.714462165479244
205.656,1.5101952535683942,3.966519622830118,25.70954452682602
208.187,1.512138724034343,3.9671198068625717,25.716813439079793
210.703,1.5096545173629312,3.9679291492016873,25.71487186958848
213.234,1.5089660507870102,3.96859848555812,25.712130337344753
215.75,1.51152506284028,3.9692565671471396,25.713317645707406
218.265,1.509194219662328,3.969942803338304,25.719299644909867
220.797,1.508080039242422,3.9706352607913433,25.723041799435855
223.312,1.5104563497464212,3.971271113685093,25.729713767113093
225.844,1.511046534355795,3.9721222849148057,25.727300825426806
228.359,1.5063767061080748,3.972732719024535,25.735622793348977
230.89,1.5113766530617967,3.973394891114249,25.735419320673376
233.437,1.5130073713690824,3.973963459654178,25.740087354124185
235.953,1.5110747814856822,3.9743864020288227,25.749821256735164
238.484,1.5118918309827472,3.9751313597396796,25.748760442852436
240.953,1.5098882340341915,3.975940204097326,25.74849728170736
243.437,1.5102492849921523,3.9764538293098233,25.756629318386196
245.906,1.5072418827732506,3.976997065484418,25.76146804188338
248.375,1.512278501869627,3.9773782989727926,25.766825980446228
250.844,1.5082095386090117,3.9783499982171557,25.767240279473416
253.375,1.5103178014906078,3.9788743643327855,25.772800792026185
255.89,1.5111528693150873,3.979548382279966,25.77653701116947
258.422,1.5110688817786402,3.9800394599686997,25.780917992212217
260.937,1.5085586336743648,3.9804765968698748,25.7780735131413
263.469,1.5109720385494596,3.98091026746374,25.782892128756906
265.984,1.5090941399492768,3.981282786740772,25.786751072030878
268.515,1.5074899760733458,3.9820465182623983,25.792410328070417
271.062,1.5129643676761662,3.982751963481773,25.794658399017425
273.594,1.5109619194398267,3.9830491402659063,25.797494291285666
276.109,1.5115397262290604,3.9840146665238745,25.804590943407703
278.64,1.5113053390717792,3.9842268510418757,25.798400626903952
281.156,1.510967380216698,3.9847706537581224,25.799156452544107
283.672,1.5089917421633572,3.985341630258499,25.812599626429055
286.203,1.51093794318597,3.9858840424759703,25.80589620248793
288.781,1.514356862072671,3.9864141045693975,25.81216365841226
291.312,1.50862999100359,3.9869816597049805,25.814149195481107
293.828,1.5083415536575597,3.987284893899496,25.824149611766714
296.344,1.5106494497357559,3.987917511038346,25.828662631827267
298.875,1.5104696928150703,3.9883802861793383,25.82172741775437
301.39,1.5105102977676228,3.9887318559771194,25.838567181094604
303.922,1.511732360170693,3.9893584928052217,25.83228777372859
306.437,1.5124837652217158,3.9899031386177053,25.842326618837063
308.969,1.5092209998559183,3.990047565893964,25.837756319086303
311.484,1.5102379805480752,3.990397875504513,25.848529698270948
314.015,1.5115155703208216,3.9910788916379087,25.853273954423198
316.531,1.5112206817218994,3.9914786340023265,25.855920888030266
319.047,1.5131743561747582,3.992122268862568,25.870787702763295
321.515,1.5127044686174103,3.9924340441999564,25.857751693354594
324.0,1.5102845642892162,3.9928833805589523,25.86323216157624
326.453,1.5124332443638404,3.9934831610720116,25.86259381606252
328.937,1.5107504143612387,3.993683064620326,25.869619599181334
331.406,1.5116086911814375,3.9938553228234825,25.875366405121326
333.922,1.5091375702915684,3.9946789878032223,25.879158336778733
336.437,1.5075951437740072,3.99485422019226,25.878700520227778
338.969,1.5081361913224194,3.9954689720061913,25.878811547115074
341.484,1.5117501117848517,3.995870055467697,25.879556946084985
344.078,1.5090221109211153,3.9966065052907958,25.88969099577084
346.562,1.5106233034518237,3.996841583100746,25.895598518567233
349.125,1.508355835237964,3.9973572269190916,25.89891971637643
351.672,1.5123568401455465,3.9976679060659057,25.90233883855779
354.156,1.5091697586021113,3.9979179065728494,25.908751316247038
356.625,1.5114326529966642,3.998348405797539,25.907998525136026
359.094,1.5152561224479022,3.999042640934223,25.913534542451963
361.562,1.5125320439856682,3.9993379353076786,25.90912882826837
364.047,1.5085526826229294,3.9995852162775316,25.913973054420275
366.562,1.5100477805920787,4.000313386241647,25.922041387097753
369.094,1.5111812575907542,4.000793621140008,25.927018643145676
371.609,1.510112924461402,4.000900438134155,25.932270282097974
374.14,1.5111224490389727,4.001503221613095,25.93677105064878
376.656,1.5103180903219169,4.001635391823655,25.938252440510702
379.172,1.508328958102341,4.002297162131867,25.935794030127425
381.703,1.5131570077090457,4.00276680482205,25.94150624112297
384.219,1.5115028156812962,4.003303576356578,25.951567212766232
386.75,1.5104687550938745,4.003512795120016,25.960429003851264
389.265,1.5104599799158098,4.003930980762101,25.96876787735857
391.797,1.5070295734112018,4.004336304289432,25.96350843304836
394.312,1.5116091905794447,4.004917467818665,25.965993454804657
396.828,1.507861002222346,4.00518378868965,25.975818291848594
399.359,1.5126422905240722,4.005566162985047,25.972100131841717
401.875,1.509227296263756,4.005908391463667,25.984742398083128
404.406,1.511197572660728,4.0063372005183755,25.987093992599046
406.922,1.5098509453310947,4.006712861295125,25.992020913385943
409.437,1.5133030816134154,4.007363482411926,25.997609286199516
411.969,1.5107285030684394,4.00740094898588,25.996586560840427
414.453,1.5119001849831382,4.0082526225254655,26.01034122755204
416.922,1.511836599618646,4.008230155742354,26.015071128425525
419.39,1.512353297254508,4.00854847793922,26.01089115599251
421.859,1.5085943204240688,4.008744487760382,26.014932206452194
424.328,1.5096764373401892,4.009508110148863,26.017328919439027
426.844,1.5083877469163034,4.010019443256318,26.02286878219901
429.375,1.5078910960130054,4.010159631491135,26.02604014717412
431.89,1.509403094511093,4.010576375182466,26.030590802623525
434.422,1.5103256315700835,4.0110480368165025,26.027785219576245
436.937,1.5115791392932467,4.011560356265676,26.032100752312235
439.453,1.5134565484582359,4.0119888559086085,26.039371367141303
441.984,1.5103748024462182,4.012372581440137,26.038536298245504
444.5,1.5110398743700353,4.012622984636824,26.051321051073817
447.031,1.5107889349390204,4.013242614616044,26.050276746471397
449.547,1.5104106849082706,4.013735396268244,26.057159873067484
452.078,1.5081869317336762,4.013835051841555,26.05954977757084
454.594,1.507274052382525,4.01421654032751,26.062908025378096
457.125,1.5094227570204857,4.014820061437334,26.065102027136007
459.64,1.511857447971106,4.015001401400547,26.066980904069716
462.156,1.5091880655521817,4.015252717911739,26.074621213833115
464.687,1.5115432236389645,4.015872696095582,26.075395708134568
467.203,1.5104927620153634,4.0163639163305,26.083653068191467
469.734,1.5096945432260687,4.016761103999476,26.097647980531324
472.25,1.5124056145447708,4.0170914445493,26.088301245893312
474.781,1.5119680553268755,4.0175805543129535,26.103227861567625
477.297,1.510574481923477,4.01785040420458,26.102505759805766
479.828,1.50912353420868,4.017985579099439,26.110337723310032
482.297,1.5092017042061294,4.018630240391119,26.112406467486295
484.765,1.5089911748085088,4.0190955067862255,26.110028887450092
487.265,1.5101189012368192,4.019566283444073,26.119385384719433
489.797,1.511436645737906,4.019915789372166,26.123545724202557
492.312,1.5099693086564903,4.019930717914449,26.129895612933023
494.844,1.5121122881939446,4.020879898315839,26.132684459819576
497.359,1.5137446567022177,4.0210981017551735,26.140800666376666
499.875,1.5113062137002318,4.021408810817888,26.14386278497856
502.406,1.5116982098819882,4.022062532877864,26.15175534464828
504.922,1.5095908621317866,4.022471153561598,26.15054446255899
507.453,1.5113346437489836,4.02293790203598,26.154015233978054
509.969,1.512007396459922,4.023101496508177,26.163751261250315
512.5,1.5102832921956748,4.023586073771904,26.16370143140699
514.969,1.513162606149128,4.023782024063219,26.16560334271812
517.469,1.5085613990017874,4.023898692819941,26.178853670620086
520.0,1.5129264357539063,4.024483211103446,26.187897271084765
522.531,1.5105934227683435,4.02501601760481,26.188936330499416
525.078,1.5097711515097074,4.0256243481987735,26.19584821964221
527.609,1.5120329143408016,4.025696450795621,26.19508913806869
530.125,1.5112067202527908,4.02602983294961,26.198919402120573
532.656,1.5110210419673709,4.026683788469577,26.20423945457417
535.172,1.5072626474963724,4.027023903534913,26.211742612435973
537.703,1.5117672131601267,4.027285308216092,26.216545227545403
540.219,1.5102299763979443,4.027705178200326,26.218194797382907
542.75,1.5113917069733793,4.02834550401494,26.226323153816242
545.265,1.5126951814013117,4.02833269777368,26.219578387249992
547.797,1.5113226679273863,4.028702324344574,26.223620195656903
550.312,1.5098103336356403,4.029195877185175,26.227215982444072
552.844,1.5095061458873837,4.02959009501667,26.24084324603736
555.359,1.510947614101652,4.029944123642708,26.242223475905778
557.875,1.5130974606950542,4.030256784994446,26.256045280720464
560.406,1.5123251479483504,4.0304647673146325,26.25343356552107
562.922,1.512589137660569,4.031155837444663,26.259859860928085
565.453,1.508202890285833,4.031541939090817,26.26313336797139
567.969,1.5093120339361008,4.031824651279957,26.26756487680685
570.484,1.511236132089346,4.032252229114952,26.279454107832436
573.015,1.5091209370376322,4.032968839061976,26.274188460529086
575.531,1.5098927210733664,4.033020147894214,26.27608172739364
578.062,1.5119589040490664,4.033543237344111,26.285704608333152
580.578,1.5101256145078958,4.034044797398702,26.29257308056446
583.047,1.5106260832441725,4.034079184603566,26.299006422062853
585.547,1.5126227375936947,4.034733214779153,26.300108952937695
588.015,1.5122604907294028,4.035118720941685,26.30113258248874
590.469,1.5105070760145747,4.035221534644392,26.307030823695644
592.984,1.5116585127629707,4.035705782434552,26.307873385100553
595.5,1.5123572279176383,4.035898014621101,26.307592186898024
598.031,1.5125960331369768,4.0365564157652525,26.31837396329412
600.547,1.5071145154629566,4.036610203989095,26.319548025073964
603.062,1.5086327629044851,4.037158521944709,26.32628716270704
605.594,1.511266111896047,4.03778674053547,26.332338961943876
608.109,1.5140255537052747,4.038141124441269,26.338931001014334
610.64,1.5111127099784274,4.038381602739486,26.334264207661537
613.156,1.5093494380905272,4.038873745710966,26.343053512104184
615.687,1.5102106876710628,4.038863973780447,26.35108025948775
618.203,1.5100945374942005,4.039314711357727,26.35193338542035
620.734,1.5095885187394404,4.039854615329065,26.360864860868187
623.25,1.5110237134300784,4.040249260635605,26.364107005341914
625.781,1.5098168547652542,4.040682602374583,26.37181489094809
628.297,1.5117890082207666,4.040946971518839,26.373604361486887
630.828,1.5120157943917207,4.041426679295602,26.37724391101711
633.344,1.5096159580510766,4.041864700738751,26.381027972475902
635.859,1.5098817677178886,4.0422215249477595,26.381688274978327
638.39,1.5110409112531413,4.042507962047691,26.384865768347236
640.906,1.5100515098550142,4.0430115802218936,26.39258551461477
643.437,1.5094111791027596,4.043370703153495,26.39567782385506
645.953,1.5122389666015421,4.043649902050823,26.408920025814954
648.484,1.5113215137639087,4.044072829402602,26.4106643210651
651.0,1.5120163747482276,4.044539375833585,26.412351646381826
653.531,1.510992578223373,4.04481829590123,26.42202511675287
655.984,1.512627503677604,4.045309742317046,26.426181553124113
658.484,1.5098395100662132,4.045568566955739,26.425308110476085
661.047,1.5099857821323865,4.045844613319453,26.431273204199737
663.515,1.5097567699070404,4.046704931126316,26.444087597070613
666.047,1.513890706295559,4.046613095647337,26.442442362802293
668.562,1.5099334234371902,4.047116846216342,26.44858543865597
671.094,1.5119806720681348,4.047403570533521,26.446062876677708
673.609,1.5133714270812062,4.047724690836576,26.458659115440803
676.125,1.509488248876261,4.048130892038113,26.46650706759732
678.656,1.512831568198116,4.04861375844157,26.468657011703407
681.172,1.512250734884194,4.048936676485119,26.474027779825352
683.703,1.5099790819699555,4.049532846767115,26.482772520256102
686.219,1.5102384919917147,4.049783592072387,26.49139323854779
688.75,1.5145128151788847,4.0502384586125055,26.48575237614838
691.265,1.5103407590108213,4.050647357745039,26.487235760596555
693.797,1.507000167450027,4.050920264789228,26.503785922028207
696.312,1.5101005085546664,4.051248392911361,26.506320552927516
698.828,1.5118523763501595,4.051603414834359,26.50329814316105
701.359,1.5086335089443814,4.0519606472138925,26.51271659234067
703.875,1.508921111351305,4.052107642421553,26.517288434974216
706.406,1.5118388472360806,4.052655108728109,26.51844600117348
708.922,1.5116062794031921,4.052986068926941,26.52590862684574
711.437,1.5126896188906325,4.053215762175675,26.522904139668036
713.969,1.5099833194007994,4.053983285411061,26.536120237019418
716.484,1.510836373874978,4.054087231332977,26.537574221281265
719.015,1.5125706963014676,4.054525759234495,26.54594577363744
721.531,1.511516450892202,4.054745816126765,26.54810586649795
724.047,1.512294570490939,4.05557651262724,26.55683157523347
726.578,1.511500297637279,4.055864159335415,26.56619120724089
729.047,1.5123257974787172,4.0562235842642576,26.560954162036293
731.515,1.5081427822719817,4.056621357665456,26.570416959003364
734.015,1.510540861868505,4.056856288517924,26.5807220143976
736.547,1.5135255598575863,4.0572279578886965,26.58122727493813
739.062,1.509098013000937,4.057713283883567,26.591042868266427
741.594,1.507888921142874,4.058066658620077,26.593021579755934
744.109,1.5119714375790556,4.058369879649477,26.596809187867073
746.64,1.5113036183759423,4.058769485305382,26.604030514336962
749.156,1.5106573129919723,4.059084802566606,26.610635354409666
751.672,1.5074403818464523,4.059216834513109,26.614368692962593
754.203,1.5102556579760689,4.059922154033314,26.620707852197686
756.719,1.5056406731903298,4.060417445809444,26.61763929202284
759.25,1.5104920074889066,4.060495266023178,26.625238670782565
761.765,1.5108063390415145,4.060899796882069,26.6255766753801
764.281,1.5128117608408593,4.061442409226069,26.638335881614378
766.75,1.5084897201218033,4.061848752475939,26.637152703289363
769.234,1.5103809838314208,4.062135702296166,26.64410876993021
771.703,1.5111313335505199,4.062424215921712,26.650090110368
774.172,1.5114073942331043,4.062674897672095,26.655949583791557
776.64,1.5118349020989568,4.063165797066852,26.66500551695117
779.156,1.510348514291294,4.06338349986542,26.67185361979719
781.687,1.5088379179160256,4.064008963168359,26.67577841977696
784.203,1.5086248169724479,4.064487934221684,26.682156079321974
786.734,1.511709969569596,4.065010357999072,26.686665311944076
789.25,1.510073691262533,4.064987100829284,26.687565852771698
791.781,1.5116164171226645,4.0653046827651655,26.693234706904853
794.297,1.51155286875058,4.065970870405996,26.697485978572182
796.812,1.5107589675780912,4.066361430715607,26.698606759266898
799.344,1.511553733061761,4.066834644867573,26.70634657133153
801.859,1.510038441089468,4.067096340851499,26.714585041813862
804.359,1.5101121162618587,4.067531220909786,26.718882306485252
806.875,1.5109590559922728,4.067936853238821,26.72855941187916
809.375,1.5135698965279152,4.0681134006253,26.727053297241103
811.859,1.5090786465573192,4.068568398097525,26.74303485353535
814.312,1.5093370632244507,4.068888481773848,26.738508163368245
816.844,1.5089187812264289,4.069484171708468,26.749986447940717
819.359,1.5094985613661804,4.069787789059386,26.758272694106733
821.89,1.5083135767002092,4.070454334827135,26.75986540133289
824.406,1.51042933905374,4.070431224502885,26.7735982462887
826.937,1.5118838328282496,4.070953676595762,26.772507554396352
829.453,1.5108357941928579,4.071323760969241,26.77937447217475
831.984,1.5090168359335474,4.071534108738775,26.781723928704945
834.5,1.5099617068596534,4.072065278543539,26.797502060284536
837.031,1.508019544786989,4.072747218365392,26.806466439342294
839.547,1.5091108155409239,4.0729048726212085,26.803301849732996
842.078,1.5096803476789478,4.073459933129867,26.810142226418204
844.594,1.5112752889247405,4.073925484432517,26.809741960619366
847.109,1.5087566276559565,4.07409009301924,26.816367966952583
849.64,1.5090540555501328,4.074361981153214,26.8235700853106
852.156,1.511787771493717,4.074810149181712,26.83297701999167
854.687,1.509837618082995,4.075267577564853,26.829856767309508
857.203,1.5083774270125847,4.0756527828532585,26.836520178779757
859.719,1.5118013725653112,4.076037248119327,26.8376248927836
862.25,1.5090629062059977,4.076181506766589,26.857484014952043
864.765,1.5126096569636878,4.07678696949022,26.86355401310275
867.297,1.5109988076316128,4.076981722047813,26.866646229712174
869.765,1.511705122137201,4.077573029546787,26.876002792324357
872.265,1.5089206262147927,4.078003019113997,26.88035393528204
874.765,1.5123706253570053,4.078528793732265,26.877540476000814
877.297,1.5075139904516646,4.078647207272446,26.886697041543872
879.765,1.5114625020280097,4.079203695470496,26.889132351967596
882.234,1.5072744929686464,4.079311325802059,26.901277408987458
884.703,1.5115173894395342,4.080054582297293,26.899504045957514
887.172,1.5114318416272137,4.0804705199535665,26.902959536011807
889.656,1.5086708761740653,4.080922078196383,26.91587680555469
892.172,1.5107547108313537,4.081391050640089,26.92064542834568
894.703,1.5106750363202353,4.0814466110970695,26.928258577240246
897.219,1.5126007554510514,4.082063545907049,26.94334083055383
899.75,1.5087393513851544,4.082253286563698,26.932388694938364
902.265,1.5115789606084624,4.082814755551636,26.94811602556248
904.797,1.512263545200258,4.083101922576492,26.9475794633946
907.312,1.509866368299136,4.083270626828583,26.95425055193177
909.844,1.5088886312567609,4.084117222811591,26.96402389883856
912.359,1.5129346749026042,4.084487221290102,26.967931863691085
914.875,1.509130370360972,4.084914766119274,26.969935565587935
917.406,1.5117143188566897,4.084676751011584,26.97136465307715
919.922,1.509779400527157,4.08534783687104,26.976489191396873
922.453,1.5104763964559147,4.085921569208445,26.97482096557246
924.969,1.5081620702406267,4.086574101204695,26.989628587356975
927.5,1.5099324055043122,4.086874817259084,26.991993662492877
930.015,1.5116509282591932,4.087220854709716,26.998110851215664
932.531,1.51262341480016,4.087437508072133,27.001614929155178
935.062,1.5107189092190827,4.088163192484606,27.01147302211098
937.578,1.5104834790382102,4.088266185207464,27.026045602637293
940.109,1.5106029488529147,4.0888437569868445,27.022218344345465
942.609,1.5102771183087933,4.0892598363271695,27.02287004970864
945.094,1.5121287169929256,4.089782042072629,27.035050853060493
947.562,1.5105196281372504,4.089971883738126,27.034655192708016
950.031,1.5123538988797542,4.090534514055281,27.03870734168256
952.5,1.5132068505820016,4.090837569662374,27.04520104562068
954.969,1.5070164226443414,4.091236540623324,27.048140695435702
957.453,1.5108985651274742,4.091703379956234,27.066472929258822
959.969,1.5077062652664277,4.092063552965178,27.0665073229607
962.5,1.510818923578926,4.09240481792663,27.068274844829556
965.015,1.5117301100435863,4.093205433321853,27.078496817422675
967.547,1.5101478307623142,4.0933933657005115,27.077954073791503
970.062,1.5093982406741815,4.093569331801786,27.08990414049396
972.594,1.5083151342019105,4.09401396374847,27.094057388676244
975.047,1.5087624688119725,4.0943720789737865,27.089878906070812
977.515,1.5084502944008003,4.094733863449946,27.100596423556926
979.984,1.5088954717793193,4.095213917047341,27.107644839692558
982.515,1.5104012811428364,4.095746893235598,27.105714657623086
985.031,1.508991669887554,4.095811726383231,27.11313995306837
987.562,1.511491411215907,4.096509480419365,27.122634816609704
990.078,1.510996038020482,4.096803088261342,27.133315651705615
992.609,1.5130156822008913,4.097389669715215,27.136444996453793
995.125,1.508990281242394,4.097915026063445,27.141367212538597
997.656,1.5087807489189382,4.098459771383864,27.140122990350548
1000.172,1.5115867052897418,4.098852130457299,27.149932253237008
1002.703,1.5137429765765507,4.099109861281924,27.156832796862453
1005.219,1.5118849228915514,4.099735005284953,27.16095662186174
1007.75,1.5127955005414555,4.099867415587397,27.171002797127514
1010.265,1.5098549538090624,4.100125154258175,27.171210872208846
1013.172,1.5132818279741787,4.100870877052106,27.181693349262975
1015.781,1.5142743041803914,4.101378120516433,27.189225600899416
1018.359,1.5141978262276117,4.101655161130552,27.194980114327535
1020.937,1.5093389886851574,4.102382361138911,27.209484156489946
1023.5,1.510701310588949,4.102395853066915,27.21226447968247
1026.062,1.509820137705176,4.103095139050763,27.21389953819892
1028.609,1.5111737344566856,4.103497858912003,27.224173794483907
1031.172,1.5105457180906012,4.1040196913384,27.23122949131687
1033.75,1.512492561808984,4.10465626834432,27.238078916444564
1036.312,1.5088918394446864,4.105003849249655,27.24425463558492
1038.969,1.508775609072765,4.105094057138475,27.251306619194324
1041.562,1.5129408333254106,4.105824947473241,27.254173215657875
1044.125,1.512551192000248,4.106358120120695,27.26064921423828
1046.687,1.512844479508185,4.106931589290857,27.26424481214618
1049.25,1.5106205165967659,4.107108047648436,27.268973965956867
1051.812,1.5105365762478147,4.107655569428549,27.279549502347614
1054.375,1.510620120836684,4.107881003095646,27.284164337476337
1056.937,1.5106194421742898,4.108491008219362,27.28874483425288
1059.5,1.5114865800535782,4.108690418018015,27.295810225980897
1062.062,1.5131755882018398,4.109256158854638,27.30564347572298
1064.625,1.511854166443271,4.109741534996575,27.30865861408182
1067.187,1.5093355465921252,4.110206040265154,27.317087617366614
1069.75,1.5101640766453652,4.110680191020378,27.315800793676626
1072.312,1.5083935509219994,4.110999760013832,27.325313414623675
1074.875,1.508819353285263,4.111390165365026,27.322111421528792
1077.437,1.5106530203273185,4.112039819219621,27.330265934789814
1079.984,1.5104365539143105,4.112661175434024,27.350849689667847
1082.562,1.509054142249622,4.112908212699085,27.34777187172144
1085.109,1.5109490532589969,4.113307614490181,27.35030270772461
1087.672,1.5121227021579626,4.113608504020819,27.35216885855605
1090.234,1.5097223679048528,4.114229310476264,27.369010939032815
1092.797,1.5117361931922089,4.114822409153411,27.376137239955536
1095.359,1.510770282559961,4.115119028480123,27.37346932743478
1097.922,1.5094384068767344,4.115416721507388,27.380080391788074
1100.484,1.5132787319488115,4.11595298914012,27.386401179758092
1103.062,1.5114001075377204,4.116385626705939,27.395891371013935
1105.687,1.5103384423818178,4.116794241334639,27.39961791571548
1108.297,1.511670737170628,4.117524147128711,27.40579472597853
1110.859,1.5125728077781644,4.117899209936062,27.407632640359772
1113.422,1.5133319930281033,4.117545875757472,27.413823380607628
1115.984,1.5132193486824228,4.118561673592731,27.42303879890102
1118.547,1.5108275322189342,4.119080377360563,27.433120446426244
1121.109,1.5110449265669768,4.119716672768978,27.441666014170917
1123.672,1.509590433495492,4.120199100400945,27.44235613272395
1126.234,1.5106385659353474,4.120578449956104,27.449949481430515
1128.812,1.5126627404820947,4.121054155412678,27.454299198879323
1131.359,1.5119594731288764,4.121179645382847,27.461799967339882
1133.937,1.5098097259511714,4.121987734124234,27.470220309305766
1136.5,1.5121858941749247,4.122095689250908,27.480326473364347
1139.062,1.5081006550555724,4.122684226002371,27.48682273748139
1141.625,1.5123399333101755,4.123310133967702,27.491856496756892
1144.187,1.510959143764112,4.123921715577735,27.501553201106695
1146.75,1.5115603721606323,4.124264876550129,27.50123935485451
1149.312,1.5095428812237204,4.124817697415733,27.5012831268211
1151.875,1.5111681288904393,4.125230650172021,27.51257828819147
1154.437,1.5146382598159511,4.125673529193391,27.521909793577368
1157.0,1.5088760577163531,4.126144921002278,27.52171866092663
1159.547,1.5073004033074549,4.126363447095778,27.522983570503825
1162.14,1.5118659645202859,4.12686296812725,27.5338236748805
1164.703,1.5102893440181062,4.127406322462963,27.544638582298468
1167.281,1.5070782294178788,4.1279776570027105,27.554829744189306
1169.844,1.5124640080322047,4.128344382384157,27.55920322703475
1172.406,1.5119031804295262,4.128925978878976,27.563364897725904
1174.969,1.5096405352594298,4.129275811782046,27.579232256922296
1177.531,1.5096084900030655,4.129757104310981,27.577355354960666
1180.094,1.5097667841030358,4.130016957765542,27.58449772036009
1182.656,1.512625869460542,4.130821234591121,27.588747082331032
1185.219,1.508689453972915,4.131201675310491,27.594293310560193
1187.781,1.5113756741518027,4.131757136723794,27.606141237075448
1190.344,1.5097920280425712,4.131924104042422,27.608067256628658
1192.906,1.5071115762513483,4.132436042537756,27.60803812871007
1195.469,1.5085330457731463,4.133173959017728,27.620010899923123
1198.031,1.5104060650642523,4.133954108877837,27.622643740391467
1200.594,1.5089452430776746,4.13434989563285,27.63138688602702
1203.156,1.513252805888326,4.134333221921082,27.632159319974786
1205.719,1.5066860407719125,4.134910090255612,27.6422911654474
1208.281,1.5075637055929743,4.135500599554933,27.65083401691359
1210.844,1.5093056290428513,4.135994486150146,27.667095589344683
1213.406,1.5099242367999335,4.136280678102162,27.670050228450553
1215.969,1.5120472495070227,4.137011541429314,27.671249251443207
1218.531,1.5097060920695826,4.137428690300778,27.671937823094453
1221.094,1.5115109765873438,4.138016452376455,27.681171173044092
1223.672,1.5137637532688464,4.138188369789094,27.69256687628105
1226.265,1.5080919345393835,4.138685775143245,27.700008828338053
1228.828,1.5090385044252075,4.138936055303863,27.7035749388553
1231.39,1.5146554000376002,4.140012740984195,27.714913255569574
1233.953,1.5128693497407253,4.140286356969341,27.71962274679495
1236.515,1.5131463335492403,4.140639000329357,27.727330680061304
1239.078,1.5131281438305788,4.141115253292868,27.729455462298375
1241.64,1.5090503326619473,4.1416714265012295,27.736460406324845
1244.203,1.5094453615384305,4.14234767088323,27.73635748014678
1246.765,1.5069231817907163,4.142799471942974,27.746608543398885
1249.328,1.5071509375783283,4.143162804055046,27.756856713430153
1251.89,1.51346254914696,4.14363217096725,27.756729635249936
1254.437,1.5144052481288257,4.1443230574831125,27.763456494408437
1257.0,1.5105047950475023,4.1444732727581,27.773071298541737
1259.562,1.5092217568322315,4.145264966994377,27.77700991267545
1262.125,1.5089293625155813,4.14556003112031,27.791928755325813
1264.687,1.5119180071437606,4.146173604030788,27.79695829047833
1267.25,1.5090270059311242,4.146370682445561,27.799568369146822
1269.812,1.511104397506857,4.147210879763447,27.80347957056973
1272.375,1.5108819567285787,4.147592899718811,27.816700589408185
1274.937,1.50985482398291,4.147855644551285,27.83131594194744
1277.5,1.511652065530825,4.1481839693396285,27.83211894978706
1280.109,1.513047595681548,4.148741776811609,27.841253174623926
1282.672,1.5116437664634979,4.149741573800726,27.8462759549493
1285.25,1.511295680321963,4.150225848046247,27.854006257298696
1287.828,1.5113839151884845,4.150207059628111,27.862911314355177
1290.375,1.5111849110509037,4.151125842569981,27.867719367998482
1292.937,1.5084204614151024,4.151400336430645,27.870317364290294
1295.515,1.5082377037384358,4.152133359962172,27.87718793638497
1298.062,1.5095802851368778,4.152142449924183,27.88678074800278
1300.625,1.509384840832675,4.152911442319265,27.89638525193447
1303.187,1.515534465768985,4.1532428663525245,27.903834109978977
1305.75,1.5097726346717724,4.153635764137321,27.907535311561986
1308.312,1.5134374377870288,4.1541570844514615,27.914260393796635
1310.875,1.5102873974682582,4.155029059808626,27.924605155526972
1313.437,1.5102916389049832,4.155424701827016,27.93285138004209
1316.0,1.510314400468977,4.155726864231197,27.938035789712487
1318.562,1.509824815720683,4.156058739871655,27.95199146751226
1321.14,1.513019026668139,4.156956654844628,27.946718976451304
1323.687,1.5092843695666633,4.156757264698942,27.95565996422587
1326.265,1.5094663180257757,4.157364621054466,27.97059042574739
1328.828,1.5106598908869533,4.158040586657702,27.978504623895
1331.39,1.5135483973242094,4.158516828763828,27.98017612932861
1333.953,1.5129895974531005,4.159241671003291,27.995599307002827
1336.515,1.5145490980320147,4.159858018207403,27.99915741673918
1339.125,1.510543795527074,4.160003755245051,28.007707700946597
1341.719,1.5130818683918126,4.16068629375146,28.010926804511563
1344.297,1.5091390272607876,4.161259618118397,28.022160296335393
1346.844,1.5116688149316357,4.161617919452811,28.025550116709393
1349.406,1.5094923670110203,4.162341048351619,28.026444346458735
1351.969,1.5125012678745604,4.162449954225325,28.038471905281078
1354.531,1.5091815738588772,4.163034268832332,28.049983912339936
1357.094,1.5111696329562556,4.163401323102227,28.04874155605132
1359.656,1.5098548213424423,4.164212926695295,28.05515346616753
1362.219,1.5132327062353335,4.164574816527647,28.067196832341153
1364.875,1.5078109518371423,4.165175858456948,28.068999027835037
1367.453,1.5132026217340264,4.165642161212292,28.083319220550493
1370.062,1.5125568127102307,4.165983092618539,28.089750488084693
1372.625,1.5122423173383768,4.16650818378031,28.096819158617922
1375.187,1.5117894654746895,4.167056321011861,28.103436250118108
1377.75,1.5111548904825731,4.16778809566344,28.10848060666572
1380.297,1.5101488471242521,4.168252579277036,28.117739344084544
1382.859,1.5083479983571777,4.168637313520175,28.123106975525662
1385.437,1.5107624763944105,4.16862760181509,28.12977175699935
1387.984,1.5113940662470788,4.169698395045006,28.139396743810092
1390.547,1.5121149870769248,4.170285615935243,28.14328877188144
1393.109,1.5093746004824706,4.1706183276594,28.156289918460967
1395.672,1.5108801628312618,4.1711179831783065,28.166341317488737
1398.234,1.5085926631193345,4.171847929729186,28.171348253835053
1400.797,1.5101990563739471,4.172212471146512,28.181369645698336
1403.359,1.5052480309453087,4.172696848675603,28.18677685401634
1405.922,1.508143933259306,4.172781220336405,28.18401640308055
1408.469,1.5073964951088206,4.17360266030199,28.196842754825987
1411.031,1.5115553186211326,4.173999807880723,28.211501068519485
1413.594,1.515719101727346,4.174301691043288,28.209317086351323
1416.156,1.5085520081598218,4.1750187143186555,28.221103879349563
1418.719,1.5104264764563602,4.175573173876684,28.236557855963067
1421.312,1.511302013194986,4.175735907349759,28.24303664681821
1423.922,1.5087246147147744,4.1766855012450685,28.25118021658103
1426.5,1.5096094248609382,4.177136508958468,28.263858450671343
1429.062,1.51241999670735,4.177458600987592,28.26948877238059
1431.625,1.5132980611227334,4.177990485452778,28.274114069211485
1434.187,1.5129465454393263,4.178514949400712,28.286275716950463
1436.734,1.5121055649970812,4.17906490738409,28.289085933372714
1439.297,1.510858432580835,4.179430288410057,28.29425251221622
1441.859,1.5114272380313123,4.180197639622924,28.303424698223694
1444.422,1.5132030522106175,4.180672832136248,28.308027396300986
1446.984,1.5096062632461096,4.181036405177575,28.325079652191402
1449.547,1.5087435223062469,4.181584096327313,28.325516769481332
1452.109,1.511304366315625,4.1821582018702275,28.335490275175996
1454.672,1.5097462583323085,4.182456266868311,28.346327164045828
1457.234,1.5104616173307563,4.182855532242351,28.356054930424218
1459.797,1.511880412610919,4.183435560862853,28.35469243814709
1462.359,1.5073092008171867,4.183731260121891,28.37282010787221
1464.937,1.5151100409617626,4.184797133938287,28.381460020498288
1467.5,1.5128300865915598,4.184748670961185,28.39375713834005
1470.062,1.5096913211415208,4.185567111246948,28.392441710628468
1472.625,1.5068432523395348,4.185923901167399,28.40412963709742
1475.187,1.5069163877108478,4.186669920299153,28.41886190706672
1477.812,1.508673062983668,4.186851877845208,28.421424347088706
1480.422,1.5093430603802322,4.187520773887212,28.424832460303005
1482.984,1.5116926205325956,4.188224858368877,28.43077849473652
1485.547,1.5103502867933198,4.188677729820635,28.444113311185788
1488.109,1.5076572844528056,4.18904707547257,28.44956452480115
1490.656,1.507132577155314,4.1895907266911765,28.46117501326444
1493.234,1.5089665770005838,4.19007883944866,28.464129287100015
1495.797,1.5133806613593401,4.1903566500795755,28.472959166134515
1498.344,1.511820625030869,4.190993533065568,28.477097972749757
1500.922,1.5088830776404372,4.19145454591563,28.491506850976183
1503.484,1.51272749394814,4.1921269152335245,28.50430151069383
1506.047,1.509352548871971,4.192267280563394,28.50414010064527
1508.609,1.5102197689086623,4.192809534448614,28.51722453192022
1511.172,1.507579311166442,4.193419930445807,28.524234363898564
1513.734,1.5109045906122858,4.193946790690786,28.53185591896855
1516.297,1.5117577234035393,4.194290930439298,28.53550717368034
1518.875,1.5153208218881153,4.1949423334082105,28.5479111042425
1521.437,1.5081168315177151,4.195302240109644,28.555846500758843
1524.0,1.5100660726902966,4.19594891902948,28.56319765404209
1526.562,1.5120981536938394,4.196498778251105,28.5645851397029
1529.109,1.5111967664575134,4.196702786398225,28.576753685953427
1531.687,1.5135566017433,4.1973847531108355,28.594004924248786
1534.281,1.5095531572962504,4.197914382296664,28.590341513181826
1536.875,1.5067445311171963,4.198414535495949,28.60126290869617
1539.437,1.5074668842072982,4.198959829533303,28.61491427076855
1542.0,1.512674586385335,4.1994309589087235,28.6283012379129
1544.562,1.5114660685405874,4.199925376096031,28.633859323777102
1547.125,1.5096980730031855,4.200402992196277,28.64363693004414
1550.047,1.507823196904727,4.2010727372861885,28.647426848174728
1552.765,1.5125915412111972,4.201111142699151,28.653468341760707
1555.437,1.5130442863981195,4.201932990645352,28.666957333762763
1558.156,1.5109616832197845,4.2022266252931715,28.67350433956812
1560.875,1.5085320447950326,4.202865657900375,28.68261926503875
1563.609,1.5043193070187146,4.203459096058675,28.692575105660087
1566.281,1.5052854808475473,4.203851253393901,28.706090391606814
1569.031,1.5052370983797656,4.204211272876384,28.712281540117754
1571.719,1.507123548306902,4.204517373270677,28.71732953396497
1574.437,1.506784833222721,4.204923402941083,28.73531389197966
1577.109,1.5022413882186862,4.205394834189827,28.741129819535985
1579.828,1.5038483047702624,4.205685101040412,28.7518810261534
1582.5,1.502023181386127,4.206147576211022,28.761712193024284
1585.234,1.5016091238170322,4.2063977687186656,28.76843063636485
1587.906,1.4973522939063062,4.206889280197882,28.777392732527716
1590.656,1.4906690165822363,4.206403768302707,28.78305335019122
1593.359,1.478327545022699,4.2060067538100405,28.789552405732206
1596.125,1.4708138202282657,4.205264800695801,28.804286416588017
1598.781,1.4697423194813548,4.205608060864982,28.81176149691573
1601.547,1.4610505289512739,4.204638098109517,28.818178865933582
1604.219,1.462424318386609,4.205227528875229,28.820143006483796
1606.937,1.4563035138712583,4.205348133603293,28.83521310107185
1609.609,1.4570069630932108,4.2057095591933695,28.841764030647905
1612.375,1.4489828900067299,4.205026816204465,28.853087849351958
1615.031,1.4476352707847264,4.2051676958372175,28.858209753151836
1617.75,1.4464445466963471,4.205481504300779,28.8654863454096
1620.422,1.446336637925437,4.205606572335761,28.873943821163977
1623.14,1.4447378010284218,4.206155772463426,28.886627038321535
1625.812,1.4444058188029678,4.206236360454329,28.900037088484726
1628.484,1.4433996177565807,4.206624158391486,28.90989506838992
1631.25,1.4363018613975662,4.20620577810152,28.91456544541569
1633.937,1.425877117127952,4.205344995636329,28.92389887329375
1636.672,1.4237453220302834,4.205727730109034,28.92804322686238
1639.344,1.4239793397639673,4.205898086893069,28.935925713356692
1642.062,1.42461975487069,4.205980933797982,28.938842010192783
1644.734,1.4227122967429968,4.206098493697451,28.954382058896208
1647.469,1.4232692257279609,4.206591342449038,28.9622018858651
1650.156,1.4143550106059695,4.205865525086334,28.96635853727335
1652.922,1.4019356200684738,4.20531985898254,28.975422119070164
1655.594,1.402050388585611,4.2054724417417875,28.984832923823156
1658.312,1.4045134906074912,4.205753147223832,28.9968031688842
1660.984,1.4028452052846383,4.2058440718531624,28.999876688281095
1663.719,1.4022775145676099,4.2063011627526725,29.004497978208086
1666.375,1.4012255577969137,4.206157349239812,29.01029117556291
1669.109,1.40117096852945,4.206662961551188,29.015479202773783
1671.812,1.390154761043923,4.206048663171979,29.02648260143105
1674.562,1.3804639038029358,4.205519138365287,29.03373581686135
1677.234,1.3778284816418622,4.205383806799883,29.03872839213669
1679.969,1.3812135823716767,4.205858768052119,29.04973800663801
1682.64,1.3768856940397207,4.205937799349984,29.04907603425929
1685.375,1.3784340324017441,4.206201725354932,29.059151089712017
1688.047,1.378179994866792,4.206465209140646,29.0679248583221
1690.765,1.3802317607544696,4.206471050910317,29.07132940241812
1693.437,1.3773365669255337,4.206747984191468,29.084982014263304
1696.203,1.3666164537899599,4.20622443996625,29.095744833192263
1698.875,1.3676750374993203,4.2064621096185135,29.10534231073111
1701.594,1.3681494383864552,4.206673802445055,29.10253950220218
1704.297,1.3549504722953407,4.206031151915122,29.117166035169525
1707.062,1.3461078379818319,4.205377312505531,29.11820338905163
1709.719,1.3448853509615826,4.205539596209878,29.134083567548362
1712.453,1.3489140093585548,4.205598125114157,29.136631608090806
1715.172,1.3475646064096107,4.205885879627221,29.133896219108756
1717.89,1.3443693921455486,4.205902024343423,29.144502644559843
1720.625,1.3461409928907415,4.2061630460202135,29.14705368753046
1723.297,1.3437383975773287,4.206211047967435,29.163058528664255
1726.031,1.3418165892343081,4.206881763033405,29.16346756850669
1728.734,1.3357469890520242,4.206318838851615,29.17919079962957
1731.484,1.3232777254811645,4.20540790914379,29.17527862626044
1734.156,1.3242127343996448,4.2055589178156305,29.18390658321635
1736.89,1.3233299252014983,4.205789695558043,29.19308998151777
1739.562,1.3225424451758279,4.206101173400644,29.200608843445853
1742.281,1.328461521965721,4.206236540739257,29.206204521498048
1744.953,1.3214974108065658,4.206298750310962,29.208092534009822
1747.687,1.3181183856839953,4.206628248496206,29.207416543941484
1750.375,1.3087522849832063,4.205827007500242,29.2158065897191
1753.109,1.309863974096736,4.205931183253398,29.223300683427727
1755.781,1.3110950616454846,4.206267559809653,29.22764217120582
1758.5,1.311223332453591,4.206843971612785,29.230841263041395
1761.203,1.2989541741724462,4.205975049260574,29.230953228352618
1763.937,1.2958549084801685,4.206028141360679,29.236487398462
1766.609,1.298776717830807,4.206348810349456,29.249110119247657
1769.328,1.2983674250811819,4.206611655409544,29.252897503250843
1772.031,1.290983517757528,4.205813124677105,29.257999080395592
1774.75,1.2903527941412523,4.20593941352773,29.260053600423415
1777.422,1.288258059839005,4.206195286231685,29.266859910842484
1780.14,1.2894803416547325,4.206417530616308,29.283934186842572
1782.812,1.288648863210111,4.206808526716993,29.281178524746522
1785.578,1.2760127857675283,4.2059361317687864,29.29009985979616
1788.25,1.2771717957268676,4.206271277622493,29.291133162230807
1790.969,1.279493795098755,4.206514369531472,29.29565510858525
1793.64,1.2763986141927017,4.206845743743165,29.29331362822306
1796.406,1.2657814818734932,4.205969589718405,29.30677045565058
1799.078,1.2643824060575717,4.206213784997047,29.301481689296473
1801.797,1.2643509832225408,4.206517762339798,29.3093060634034
1804.469,1.2639726359791572,4.206691425791122,29.311508462921196
1807.234,1.2536033180477937,4.20604383583516,29.311620650670278
1809.906,1.2538678041292481,4.206194103339992,29.314884454477898
1812.625,1.2500333917570632,4.20648812849287,29.32137569811974
1815.359,1.2543647025471691,4.206443298926443,29.321152929130132
1818.078,1.249495194767805,4.206741040288663,29.324165606754782
1820.812,1.2538235913489433,4.207076012979814,29.331345460690073
1823.484,1.2506057221075153,4.2075598159262375,29.32960435545946
1826.25,1.2427318696731975,4.206941669925684,29.33848897679245
1828.937,1.2330706518694674,4.206351198382584,29.338171137455138
1831.656,1.2345468818850378,4.206186043955717,29.342330153534043
1834.328,1.2306922549413692,4.2064826198577645,29.339053039641776
1837.062,1.2343435463277113,4.206697621354941,29.34438639030482
1839.765,1.221031515087485,4.20610570138877,29.355569239204144
1842.484,1.219777743297806,4.206301518742224,29.349039307182778
1845.156,1.2215190559646403,4.206391877508861,29.357095160490033
1847.89,1.2184957348857244,4.20658212137826,29.35594276753247
1850.578,1.209072764297291,4.20564603594072,29.359473160306116
1853.312,1.212710028852369,4.2058091386725,29.36104569322349
1855.984,1.2100200743265777,4.20632886099303,29.363329397858433
1858.703,1.2103196300457484,4.206400858302432,29.36540003914998
1861.375,1.2085068143947324,4.206940836273732,29.36559943055459
1864.14,1.197589343831828,4.206195113883286,29.36969405010347
1866.812,1.203034799615906,4.206148043489934,29.368309007491717
1869.547,1.1981635566990834,4.206275081940274,29.371792055194835
1872.203,1.1970985457852863,4.206697925856969,29.367110339689834
1874.937,1.1982748093371696,4.206624642594122,29.375855079968492
1877.594,1.1951030887704555,4.207164305699825,29.377589758515366
1880.328,1.197531671945834,4.207366986214115,29.38443207915862
1883.0,1.1981748861954724,4.2078312226718,29.382777365172476
1885.765,1.186607425427962,4.206893741813193,29.37574240251085
1888.453,1.1741747358993877,4.206077572643384,29.377384788576776
1891.172,1.1730242454110726,4.206556935286829,29.386022967750424
1893.844,1.1744934180581814,4.206763336974098,29.379892671148454
1896.578,1.1728961859093536,4.206983311512849,29.38374616274722
1899.297,1.1736305538887764,4.207084561893759,29.375755429061464
1901.969,1.1725869888336633,4.207353590039372,29.37518457504491
1904.687,1.172297574246832,4.2077360031058655,29.37751657280823
1907.453,1.1614302156450185,4.2071280183578885,29.375305448910154
1910.203,1.1551019205669624,4.206485891778903,29.38304511800654
1912.875,1.152942644379576,4.206593460175595,29.382819257748167
1915.609,1.1517114846507204,4.206580930521947,29.381216131541233
1918.281,1.1507228540706027,4.206996208339219,29.386727940467424
1921.0,1.151287989889524,4.207242047886446,29.38324177233079
1923.687,1.150934153957067,4.207355028252071,29.387041755308918
1926.406,1.1510821274265584,4.2077308211999,29.382557556342608
1929.094,1.138113908531318,4.207159482733278,29.389347370309054
1931.828,1.1379852819149934,4.207046401425252,29.382544137544592
1934.484,1.1384543996360257,4.207340912783055,29.386935792826623
1937.219,1.1407835650782103,4.2076158023671315,29.38898850429755
1939.922,1.1292102364755547,4.207102236424836,29.382253742494576
1942.656,1.1271011611923003,4.207217230662302,29.3866898814417
1945.328,1.130966215444501,4.207522104690167,29.392476256063365
1948.062,1.1266885507771753,4.207819580192526,29.38706172267679
1950.75,1.1178792832782332,4.206851195555457,29.379354750105893
1953.469,1.1200318829716394,4.207200081622425,29.382843561220668
1956.14,1.1186003798146176,4.207356796910429,29.38442161604925
1958.875,1.1133248043013253,4.207613358516611,29.383360841137012
1961.562,1.105025549119422,4.207149886351807,29.380787735598545
1964.312,1.1000881674638605,4.206078413173014,29.379941383101166
1966.984,1.0963222581795653,4.206425869656776,29.37760028159746
1969.703,1.0958628266252153,4.206702218876095,29.384952474286003
1972.375,1.0933311156437058,4.206973875210479,29.37758379435597
1975.484,1.0939014604409554,4.206984532786096,29.37533552774762
1978.312,1.0937962566323478,4.207147544766213,29.38071602432534
1981.14,1.0926088995159429,4.207607556717757,29.369760516085336
1984.015,1.0866610153868748,4.206778188629926,29.366375807178194
1986.859,1.0824576613585764,4.207116176436201,29.368303769893096
1989.734,1.0836097650318641,4.207283829421245,29.36840419541888
1992.562,1.0802219676965736,4.207287649878004,29.36845347695833
1995.39,1.083046948307831,4.207684792231368,29.36540168720476
1998.265,1.074836648304478,4.207220896240193,29.362032207340896
2001.109,1.0723278824912925,4.207453348721216,29.358237206815627
2003.937,1.0725011753680054,4.207589274109676,29.35917032292119
2006.812,1.064664950052254,4.207090550460089,29.36399428689447
2009.656,1.062250115137024,4.207234964991478,29.351076931670033
2012.5,1.0594383842805248,4.207308336260766,29.348142493931032
2015.344,1.0556372706990174,4.20748529466915,29.346459485160867
2018.187,1.0636514143269464,4.208206710104157,29.342829831442415
2021.062,1.0467376333578855,4.207268917580286,29.341760186666264
2023.906,1.0515237367528198,4.20732632829305,29.343875240164145
2026.75,1.0506860027866003,4.207643097195113,29.33747047751337
2029.625,1.0425959581932553,4.207148835287021,29.33381337336384
2032.469,1.0446644777648475,4.207270380637611,29.331625785960252
2035.312,1.0386537258669262,4.2074346960069775,29.31799254226016
2038.172,1.0400231986189221,4.207458316079583,29.32094783559891
2041.015,1.0406609649766274,4.208037951842069,29.318924671174432
2043.89,1.0294303397751747,4.207204421691356,29.316958200372415
2046.734,1.0307814833867175,4.207403781274154,29.32227627774004
2049.578,1.0289061192210038,4.207355467489135,29.31826430360679
2052.422,1.0274851362604263,4.207776566202521,29.30827141189859
2055.25,1.0286995844630482,4.207975048449385,29.304620287773385
2058.094,1.0245158437731519,4.2083439662614355,29.29508125298025
2060.953,1.0252125372504,4.208390352631244,29.296421863863333
2063.797,1.0263065255921382,4.208871094827769,29.286279820677912
2066.672,1.017034054398486,4.208043445627696,29.287475721564054
2069.547,1.0059933609516036,4.20766762157089,29.279427402218737
2072.39,1.0087489857599192,4.207650765493086,29.28119480928445
2075.219,1.0054230920993594,4.207737360877684,29.27926174362306
2078.078,1.0054752442732444,4.208075925127498,29.26405924456079
2080.906,1.0057476959034075,4.208305506046561,29.269395639554826
2083.75,1.00574505332192,4.208165337331451,29.261513665630574
2086.594,1.002841526892395,4.208686715829136,29.25494396845689
2089.453,0.9950757301403408,4.208024397624847,29.259506324706393
2092.344,0.9859281846553551,4.20731657531768,29.250767694848363
2095.219,0.9822582338376302,4.207620043786911,29.23917916624208
2098.062,0.9704314517103089,4.2067401302316085,29.246387359214893
2100.875,0.9728414938536183,4.206637758494824,29.240898292725596
2103.734,0.9717264949765162,4.206934406822442,29.237396829052887
2106.64,0.9716632811250298,4.207183312700661,29.23516886815679
2109.453,0.9690931065357394,4.207279766848994,29.224683423864352
2112.265,0.9717987130797252,4.207491025813824,29.21782558206468
2115.125,0.9725063821646184,4.207674947696112,29.211796750123835
2117.984,0.97059910702915,4.2078259028128615,29.20345060711061
2120.859,0.9712077046771179,4.208125982143079,29.20568497508349
2123.734,0.9688179379244478,4.208458820676753,29.204291046191194
2126.609,0.9720703638801735,4.208607249146411,29.196545974295663
2129.453,0.9638201666536789,4.208131505316433,29.189708928541105
2132.297,0.950587909800543,4.20709694540407,29.184196376255656
2135.14,0.9491938960286654,4.207398247521175,29.179089741321963
2138.015,0.9490989063926855,4.20782366086226,29.17484935304579
2140.89,0.9473042460453966,4.207720173556744,29.170575810265678
2143.765,0.9508776760358925,4.207944948091687,29.16099436827397
2146.656,0.9466482026564734,4.2080237124426825,29.164904413925285
2149.531,0.9531532658605534,4.208531605814904,29.150134906375037
2152.406,0.9454400409168331,4.208635655004965,29.144426842940724
2155.25,0.9381826762062977,4.207876702670198,29.144907339393484
2158.078,0.9292476140689472,4.207014744598412,29.140007504094093
2160.937,0.9270860316406889,4.207286408544135,29.128923734936258
2163.812,0.9218916241896056,4.207173521197279,29.120115448958
2166.687,0.92126140609112,4.207509183155682,29.11456034343147
2169.578,0.9249696912705742,4.207585530815743,29.11565337465151
2172.453,0.9245197128231998,4.207724030032138,29.112443559906243
2175.328,0.9265412261551655,4.20798439680932,29.102383042488924
2178.203,0.9251464654882391,4.208313035163719,29.093938708334274
2181.094,0.9260161731292381,4.208364096196638,29.091194299943876
2183.906,0.9210612230184383,4.208577391699474,29.083442639440253
2186.734,0.9142851897639844,4.207918421129491,29.077994716864563
2189.594,0.9129822915433597,4.20817363599017,29.07134211069611
2192.469,0.9119708849460607,4.208077454818725,29.06981332572681
2195.344,0.9100498584922884,4.208379767967566,29.058319108373137
2198.234,0.9150214553288565,4.208575473679718,29.06042078737353
2201.14,0.9046832688068958,4.2077912843782155,29.051248193941156
2204.031,0.9012445007107064,4.208286662711649,29.04141941337503
2206.906,0.9032237564488493,4.208514133424437,29.036253597118247
2209.781,0.8996843482625237,4.208800337530671,29.02995256998489
2212.703,0.8931645752821281,4.207750126059536,29.028847303603246
2215.562,0.8912656919631154,4.208105843993484,29.02376972573627
2218.39,0.8940182501071874,4.208050359048794,29.011284141979555
2221.265,0.8894344979642035,4.208544006220323,29.01153402342679
2224.14,0.8911088402433133,4.208357864530601,29.000314992094285
2227.015,0.890798006153075,4.208415639753833,28.99471976949589
2229.906,0.8896778430708344,4.2088158915948135,28.982616195509436
2232.812,0.8802203417551305,4.207942173229978,28.97533458633666
2235.703,0.8805057175585975,4.208205491910014,28.97200064795906
2238.562,0.8796166027225066,4.208389971941672,28.96826709529271
2241.453,0.8802335204389,4.208356532610828,28.956844523158114
2244.265,0.8783098429071468,4.208596898309931,28.95502962054043
2247.109,0.8703698550020198,4.208166436717727,28.94843294499018
2249.953,0.8701147445531274,4.208056394456205,28.948577659298685
2252.828,0.8678289750394755,4.2081333654860655,28.93990134863369
2255.703,0.8667299890959421,4.208257631960568,28.92679557328495
2258.578,0.8696781208669342,4.2083280569510855,28.91832724944692
2261.469,0.8655279303408752,4.2085861400944715,28.91787052146415
2264.375,0.8597096260477299,4.20801477002966,28.909538308675458
2267.25,0.8583186173499681,4.208039165254421,28.906961903314144
2270.125,0.8564809113407534,4.208221960366503,28.906489143170162
2272.937,0.8551850936533025,4.208306057275857,28.89538478241729
2275.75,0.8565790045586136,4.208588148798337,28.883249076489328
2278.64,0.8482383605832027,4.207709891231111,28.878363683104077
2281.5,0.8454438108666624,4.2078430892571355,28.8702532120304
2284.375,0.8430585351632265,4.208019727678928,28.87109096682869
2287.25,0.8448658677874604,4.208216141478691,28.85837288933124
2290.125,0.8439859733203104,4.20824921907399,28.851194010377217
2292.953,0.844729650496785,4.208505987863727,28.845766734254735
2295.765,0.8448179107172915,4.208321647985608,28.83872131455836
2298.609,0.8429611761364731,4.208754730367744,28.833803495555475
2301.5,0.8347865072361959,4.207848003843669,28.827111083872943
2304.375,0.8345319832895274,4.207967377415324,28.823484659208127
2307.203,0.8353090692762583,4.208343331220702,28.807407832437292
2310.015,0.8366573485807345,4.208473087124312,28.805360668574284
2312.859,0.8326466615066821,4.2087690603987,28.796545553775278
2315.75,0.8198725707231239,4.207929611170308,28.789108117832914
2318.64,0.8248588516537843,4.208028999155939,28.782891604555246
2321.5,0.8216032265551272,4.207885138972596,28.776510182794905
2324.375,0.8236746142175121,4.20823398471441,28.769215759962684
2327.187,0.8215929792112232,4.208240781069985,28.76493585216651
2330.0,0.8234345128636569,4.208673490785909,28.757848085602287
2332.89,0.8141846600085608,4.207456173431072,28.74463522263972
2335.75,0.8112011594461235,4.207885165057478,28.741148419597735
2338.64,0.814750409782834,4.207799667581787,28.73264936107974
2341.547,0.8017590787767171,4.2069221269044395,28.73430461482882
2344.359,0.8033424866456655,4.20718578444703,28.72148072328284
2347.172,0.8019658065489672,4.207131102198096,28.72140345889306
2350.015,0.8044325626319562,4.207484382378338,28.709573130821642
2352.89,0.8002330952600407,4.207507320090972,28.69939791491103
2355.765,0.8021966120861974,4.207645961480334,28.693545551388585
2358.64,0.8012863868061252,4.207822865832079,28.688715151712675
2361.531,0.8012393598477526,4.208094326954368,28.688043706432534
2364.406,0.8008307377046049,4.207945495044969,28.678190901835883
2367.281,0.8000159538042205,4.208294526958888,28.666417520503085
2370.172,0.8003336868519195,4.20809410324454,28.66511739231748
2373.109,0.7996291133580117,4.208307345964198,28.6596632793699
2375.922,0.8014737688414129,4.208438709288593,28.647533054392238
2378.75,0.7985605682147868,4.208558243796647,28.633930050411408
2381.609,0.79647873951152,4.209016181643383,28.625524252503844
2384.469,0.7989999827484418,4.209070235011888,28.62190982737815
2387.344,0.7989407823996563,4.209332304944391,28.61443911914494
2390.156,0.7980952200667657,4.20939006446207,28.60303610781654
2392.969,0.7947558078817256,4.209526185567406,28.601203359958365
2395.828,0.7951428220742132,4.209819008906641,28.60010641133707
2398.719,0.7884568714123639,4.208964418532023,28.591956061526222
2401.609,0.779020713354987,4.208073876498513,28.587310265678994
2404.5,0.7785839079794168,4.20837866897603,28.583617088864656
2407.312,0.7751412991005493,4.208360241591622,28.572762306526457
2410.125,0.7767650049197647,4.208635749159928,28.564547252804207
2412.969,0.7745644255046193,4.2084345650001085,28.56287752815611
2415.844,0.779116379636975,4.208548798631377,28.554131692236616
2418.703,0.7772892994234968,4.208918545774806,28.546219878329786
2421.578,0.7755383284918548,4.208860133386959,28.53597674967663
2424.406,0.7734664469766884,4.208981222816165,28.53639518589246
2427.219,0.773292569133164,4.209387526914848,28.52703368297869
2430.062,0.7763330645896153,4.209487258575513,28.52252080983953
2432.937,0.775806357518073,4.209418520047977,28.51368450562295
2435.812,0.773896235196551,4.2096268087052895,28.501140634454316
2438.656,0.7623312676235886,4.2088820171195875,28.4970628021873
2441.5,0.7566146784324153,4.208131394769416,28.49093121554285
2444.359,0.75874283811361,4.208121572978183,28.481607149180995
2447.25,0.746321855036964,4.207391951980159,28.47160307252941
2450.187,0.7367568499787198,4.206429909494675,28.46380919957667
2453.0,0.7380471575772546,4.206796537619074,28.456948839040123
2455.812,0.7342609706641212,4.2067741691616956,28.456234116806037
2458.656,0.7348986462915477,4.20666958458306,28.452564741250594
2461.531,0.7373309868727774,4.206758421040059,28.442613601451953
2464.406,0.7350615025100276,4.20674598597458,28.432488870005148
2467.281,0.7355081852118917,4.206941776920179,28.427345402020972
2470.187,0.7269311138318677,4.206219010383587,28.419648115996186
2473.078,0.7253389662061461,4.2059840004762,28.406469200604267
2475.89,0.7254116519745551,4.206233381920845,28.405426522648828
2478.812,0.7274523713097866,4.206206127505924,28.399322788283015
2481.687,0.7254604672808868,4.205904136501276,28.390317909000977
2484.531,0.724731337082955,4.206427033731451,28.382236134041165
2487.422,0.7264700995565713,4.2066917043228305,28.371483655068026
2490.297,0.728452425103834,4.206641155844562,28.364518951516906
2493.562,0.7209950848845038,4.206726080157272,28.35304609256548
2496.594,0.7222899658161185,4.206825269134506,28.35123300438458
2499.531,0.7201768322831547,4.206735478655321,28.337535159352612
2502.484,0.7240886119556009,4.2068676221940295,28.34115004024135
2505.406,0.7242875366772064,4.2069323275830035,28.334096378774188
2508.312,0.7216196573059134,4.207285114566188,28.331063886002152
2511.219,0.7218359558794296,4.207370816232322,28.31760869339007
2514.156,0.7237249455402185,4.207215134975584,28.303815002971643
2517.078,0.7225247471332946,4.207663431072945,28.304676480007053
2520.015,0.7128650665760317,4.2067740670293015,28.298128127168464
2522.953,0.7062971685661745,4.206040158570499,28.28754015766585
2525.89,0.6943224646200241,4.205193422559904,28.27939018310636
2528.844,0.6852561033947335,4.203987760458527,28.271801707616003
2531.765,0.6838080541569942,4.20417301321593,28.267269299368543
2534.672,0.6862917671524877,4.204346786650164,28.260497281338953
2537.594,0.6836505495823029,4.204101785273646,28.260633765165263
2540.5,0.6825171276614145,4.204194700173395,28.24571084710201
2543.406,0.6842869554198577,4.204228453938732,28.235059637356272
2546.328,0.6834395130807414,4.204038953036447,28.21531566553038
2549.234,0.6872004106245445,4.204778869391593,28.21533694388785
2552.14,0.687186289064693,4.204563066751711,28.21122424930995
2555.062,0.6830735755367484,4.204522773851828,28.201249085433997
2557.984,0.683897657144373,4.204692694788864,28.19332477241931
2560.922,0.6833165446882465,4.204558629553106,28.185732571341678
2563.828,0.6848066876808508,4.204954864100766,28.186090182571203
2566.75,0.683056384466842,4.205007430563297,28.17486360978845
2569.687,0.6773515107885093,4.204101725703706,28.166895156834702
2572.625,0.6647206782858406,4.203206025442378,28.158155435849167
2575.547,0.6659801939594002,4.202973704345732,28.150853965832457
2578.469,0.6660650479664226,4.203209160371349,28.14254725298878
2581.375,0.6659782873372081,4.203231078820157,28.137870781728765
2584.281,0.6623455103078019,4.20325786336698,28.134816652527388
2587.203,0.6624352757972577,4.203573619521286,28.118309917510473
2590.109,0.6637032793711216,4.203454483283412,28.126293085764747
2593.015,0.6669769607686953,4.203672324542156,28.115167460966486
2595.922,0.6629139640773524,4.203545056906408,28.108000035008395
2598.859,0.6712330388361661,4.2044831600973085,28.09150039063918
2601.797,0.662914193036746,4.203837410939029,28.09381271113107
2604.719,0.6617303183536435,4.203890530603843,28.083618410078735
2607.625,0.6644655844099782,4.204236511501257,28.075991057660104
2610.547,0.6630326220382923,4.204190615939897,28.06783853694813
2613.453,0.6619955753086371,4.204320830118385,28.055818228045677
2616.359,0.6624802184476308,4.204280833897305,28.05072775365518
2619.265,0.6612808171073721,4.2043572572463495,28.04150863945557
2622.172,0.6623623922858497,4.204652162424273,28.032237644595767
2625.109,0.6532816686012755,4.203694670932965,28.035809932395885
2628.062,0.6619604662544106,4.204652689854643,28.0240994307222
2631.0,0.6496135136685621,4.2038854433875334,28.02218930737308
2633.953,0.6605971280674728,4.204765121234676,28.0014588149723
2636.89,0.6542194612927023,4.204355841176412,27.99651566579916
2639.844,0.6628423336432266,4.205012302889765,27.993490688941993
2642.781,0.6501909956681531,4.204093696034344,27.995498352649182
2645.734,0.6619495963602012,4.2049100591995785,27.9796226835492
2648.672,0.6489478260172152,4.204387853514256,27.970208405245753
2651.625,0.6607083283201427,4.205319834645563,27.967619594346782
2654.578,0.6514900059923309,4.204925487397585,27.962965999796893
2657.625,0.6498738957157187,4.20481276895348,27.952847908279324
2660.625,0.6473634172322392,4.204804921014503,27.955334529831113
2663.656,0.6502341443807153,4.204899759344014,27.941030719942148
2666.656,0.6369831357522976,4.2042289294937945,27.93132836814397
2669.64,0.636866570662035,4.204546839736884,27.925142039595187
2672.578,0.6406309507049582,4.204292298596811,27.922735738926313
2675.5,0.6400316152217529,4.20442227511597,27.91614136808252
2678.406,0.6407124842441445,4.204660504639363,27.900869336028613
2681.359,0.6294476666541895,4.203779105579745,27.896770577498966
2684.328,0.6384537636945005,4.20464848224649,27.8904160533679
2687.25,0.6383307491055904,4.204871013912548,27.887018837755818
2690.156,0.636979134853489,4.2049125259934295,27.881317529723333
2693.062,0.6403618626692579,4.205130832824806,27.875277585494366
2695.984,0.6391006393943282,4.205238760966202,27.862094699866265
2698.89,0.639082017237454,4.205267799027565,27.864288663495454
2701.797,0.636138820183124,4.205341572471618,27.852745041625578
2704.765,0.628045786097721,4.204471636587099,27.848990929511185
2707.719,0.6361167057577124,4.20556799347082,27.839578642567332
2710.64,0.6377600892668884,4.205626820706745,27.830774091457126
2713.547,0.6373055790212572,4.205715328513161,27.82546480310698
2716.453,0.6370452873357887,4.205840721348819,27.816099400633906
2719.375,0.6377401170084491,4.206122766797616,27.81563173438808
2722.281,0.63845661714603,4.206356700664207,27.809248926706786
2725.219,0.6254385275974111,4.20527371227519,27.806443433939112
2728.156,0.6149107136261277,4.2047682761835015,27.79447569493606
2731.109,0.6124819460376457,4.203342614618256,27.790086951870617
2734.062,0.61183251725361,4.203945332881753,27.778118373429727
2737.078,0.6047013166350775,4.203475361423333,27.77356478916602
2740.062,0.61956496836359,4.204597501868928,27.774561737296843
2743.047,0.6021253607217426,4.203612435001674,27.756978314414418
2746.125,0.5995422694275608,4.203452701178145,27.752865723301433
2749.125,0.604145853782897,4.2039154550335,27.738564828428977
2752.156,0.6101865377227882,4.204271960997668,27.73560456200955
2755.156,0.607850619765878,4.203777009709987,27.735682462082227
2758.187,0.6074685342612534,4.204169631397328,27.722064656724207
2761.219,0.6097752326043007,4.204422828462204,27.712629883666732
2764.234,0.6072514054711549,4.204424464111116,27.70504276267407
2767.25,0.6036859623875745,4.204300903950836,27.701250862954417
2770.187,0.60633720663344,4.204498526737134,27.694240147322606
2773.234,0.6114030023111253,4.204571473595875,27.688276029118878
2776.297,0.6035751393814364,4.204794721638587,27.688705054157342
2779.281,0.603003250236524,4.205188993057772,27.680149431822773
2782.344,0.600595438177156,4.205001073200524,27.673418834268965
2785.344,0.5953221160413859,4.203948861169693,27.661943437199543
2788.359,0.5849592222694655,4.20339923955204,27.66354362961274
2791.281,0.5854130178324916,4.203255505410679,27.659062019132254
2794.203,0.5821831374258534,4.203487594548423,27.639433660895172
2797.109,0.584539653479553,4.203288474993679,27.64121010593547
2800.015,0.5858402341493782,4.203492457670266,27.641267479137742
2802.937,0.5825892787856755,4.20342461652923,27.623289903042977
2805.844,0.5835860744780633,4.203578630338977,27.617133095044466
2808.765,0.5858440998813486,4.203580127583898,27.62131106165654
2811.672,0.5855594145314353,4.203605985282293,27.608629994934837
2814.578,0.5842491158082991,4.203713232762314,27.595279056333933
2817.484,0.5840881588029077,4.2038285379018445,27.597572402546582
2820.422,0.5817678946100121,4.204057539965962,27.593630784406997
2823.328,0.582357204156774,4.204180047977566,27.581407833523606
2826.25,0.5833980101218058,4.204245252483759,27.577603505456207
2829.156,0.583316073131883,4.2040323679622835,27.564287751079352
2832.062,0.5840252158242151,4.204364279968497,27.565163645603892
2834.969,0.5821520461761257,4.204667137997643,27.561093308695334
2837.906,0.5750137228707504,4.203757875252127,27.551699313129696
2840.828,0.5717757195065605,4.203786495521025,27.546052350745626
2843.734,0.571510319628098,4.203751018466953,27.54755560442135
2846.64,0.5759757398954778,4.203679229910613,27.527329440567037
2849.547,0.5694610554205396,4.203930957991475,27.527565616749527
2852.453,0.5722903067222013,4.20382251833511,27.52235188472575
2855.375,0.5733892085968737,4.203753122819659,27.513834542822078
2858.281,0.5744927136131248,4.204136749562758,27.51151631744879
2861.187,0.5692270555393419,4.204330230970495,27.501612924501988
2864.094,0.5729830123152635,4.204518168892081,27.493558240916503
2867.015,0.5703457982033626,4.204428695815336,27.497369902938907
2869.937,0.5728800145712741,4.204260942205031,27.4857040070245
2872.859,0.5696130090713949,4.204511777045801,27.481399930684724
2875.765,0.5683793188227623,4.204863274131137,27.473975150113016
2878.703,0.5591762948022394,4.204003329337355,27.464093903645395
2881.609,0.5621389578819765,4.204035167635937,27.460810336188697
2884.531,0.5594823733529433,4.204171992439536,27.45553940710281
2887.437,0.5576639779832739,4.203756586668127,27.44840713249119
2890.344,0.5596438192274463,4.204330266852181,27.444865712215737
2893.25,0.5611359262169007,4.204202045177389,27.435240126079755
2896.156,0.5586712297800983,4.20444237798741,27.4335990543655
2899.062,0.5600345062996246,4.204445267664565,27.418113359365826
2901.984,0.5638277506688094,4.204298130096283,27.422806757179867
2904.937,0.557987702913279,4.204713233912845,27.4141351442906
2907.89,0.5500677911720031,4.203828099174303,27.400126963042233
2910.859,0.5516056973820496,4.203718919165266,27.401367549426993
2913.89,0.5510143630067046,4.203723797111466,27.39490228286226
2916.859,0.5497705054318079,4.204097207939446,27.381456950943875
2919.828,0.5598350459608384,4.205146575498759,27.382089300529387
2922.75,0.549083144108604,4.204290836739107,27.376504865054276
2925.734,0.5484524216267321,4.204140065837088,27.369675270867326
2928.75,0.5486137942504594,4.204462655439781,27.367154510927
2931.719,0.5569028741486196,4.20544000480659,27.357348311132718
2934.672,0.547968943658029,4.204405977990217,27.343950977853368
2937.656,0.5564423008100884,4.205549365352422,27.34288071338685
2940.594,0.548501324095388,4.204799659449026,27.33485905291073
2943.562,0.5381231399277193,4.203637363237165,27.326014268028175
2946.484,0.5390716799887185,4.204050293797709,27.32366108142633
2949.39,0.5391029150670162,4.204208339162506,27.31922551151431
2952.297,0.5400890252506222,4.204020618002643,27.30919972264987
2955.219,0.5362824158676431,4.203860936832078,27.304770103438184
2958.125,0.5393413536740905,4.204345616894481,27.303745450648847
2961.031,0.5335487201690448,4.2042193976670115,27.291536317734742
2963.937,0.5352342270136925,4.204454559674269,27.28324293970733
2966.859,0.535636591801505,4.204129064940417,27.281385004397936
2969.765,0.538107539617352,4.2046831392790045,27.273137494260553
2972.703,0.5271193799567914,4.2035259198171016,27.265114728720594
2975.609,0.5288681279515245,4.203892499057477,27.258220490715658
2978.515,0.524833114216674,4.203746447978097,27.25557057486285
2981.422,0.5271762387568559,4.20377038760864,27.254190459495394
2984.328,0.5253683352725536,4.203879463648613,27.249097329719785
2987.25,0.5273699800266723,4.2041905225914755,27.244377605097686
2990.156,0.5264906283062286,4.204133247482838,27.23344769147636
2993.062,0.5281650500368649,4.204381204590824,27.22596750865715
2995.969,0.5290928620019185,4.20430588138298,27.217992947588407
2998.89,0.5253730386650808,4.204247714780781,27.209331392402614
3001.797,0.5262042787533698,4.204466949690952,27.215702393289682
3004.734,0.5267663280970525,4.204655212221539,27.205932215721745
3007.672,0.5162743115511297,4.203968167908954,27.204156672023107
3010.578,0.5152585474434399,4.203951905127751,27.191979071354723
3013.5,0.5176856566154928,4.203584159841968,27.183929513550275
3016.406,0.5169230616924557,4.203877031141367,27.179692669525494
3019.312,0.5167074901649799,4.203882212395783,27.17691737820911
3022.219,0.516411262799979,4.204040185522898,27.17331105108382
3025.14,0.5148846020099154,4.2044139693023785,27.17215746617095
3028.047,0.5172977839207449,4.204169450740592,27.166057294918165
3030.953,0.5173813014725346,4.204422234970179,27.162929137494064
3033.859,0.5167507871964633,4.204196659143655,27.15469206079208
3036.781,0.5157657141401938,4.204449187233489,27.154637641621772
3039.719,0.5156922963839947,4.2044895688128,27.14826427928503
3042.625,0.511906020992135,4.204347295834215,27.135768638714033
3045.531,0.5130309984026008,4.20441284315903,27.13279048548412
3048.437,0.5124749002551506,4.204712614146163,27.131274223771523
3051.344,0.5173758026130055,4.204948738931409,27.12042801507524
3054.25,0.5163960285327335,4.204957531447225,27.110842014242778
3057.172,0.5122138939159091,4.205140069924148,27.113115408283615
3060.078,0.5138305914229948,4.205053681274392,27.107006845392185
3062.984,0.5136100324682065,4.205202774963136,27.104659336588018
3065.906,0.5143289523184915,4.2053709252462275,27.08658812460863
3068.812,0.5153914280095806,4.205532804545716,27.08634771129314
3071.719,0.5139838707559736,4.205492323247311,27.07592142369568
3074.64,0.5124109134713689,4.205843994390494,27.07512772260453
3077.578,0.49979041581669764,4.204925561345655,27.066866682605962
3080.515,0.49377162826314447,4.204064954740673,27.055077188337457
3083.422,0.4941606137210381,4.203861247351921,27.054856173163852
3086.328,0.4930189265611894,4.203974317003558,27.045423748163
3089.25,0.49330566131453724,4.203924273487175,27.043166721949827
3092.156,0.4922849067089934,4.203937752286895,27.04023494222897
3095.062,0.49293061086140133,4.204096057952152,27.033783884275707
3097.969,0.4957182231031592,4.20417724292316,27.02383918929893
3100.875,0.49198720842432025,4.204433218484228,27.01905030020767
3103.797,0.4915750672350896,4.204308569706491,27.016941014774964
3106.703,0.4914827508454193,4.204460607857512,27.00747956718587
3109.609,0.491854647892628,4.204439586639404,27.006559043823962
3112.547,0.49328031568106023,4.204588160277008,26.999736006893947
3115.453,0.491652735980696,4.204644473767568,26.998772494602775
3118.359,0.49189310754582766,4.204639263214737,27.003469557018448
3121.265,0.49091055973363706,4.204718214192273,26.987582300912287
3124.172,0.4934312255559806,4.20468718614951,26.986938860724486
3127.094,0.4927146992173505,4.204942386950521,26.975915430703438
3130.0,0.49221987701381875,4.205292251611794,26.966245064188314
3132.906,0.49117765671986174,4.205151864801741,26.957733389474424
3135.812,0.49252763701379026,4.20538054939242,26.947888051652303
3138.734,0.4916905978149341,4.205339011867185,26.953026677092524
3141.64,0.4909719499762068,4.205407319990371,26.94077203754142
3144.547,0.49123555763516874,4.205470368853166,26.946205393379433
3147.469,0.4907059069082754,4.205532259273804,26.92588436506677
3150.375,0.4881194890418974,4.20565754264102,26.92730202971839
3153.312,0.480963834854902,4.204726927964621,26.925189984972754
3156.265,0.4690428927142302,4.204117374962921,26.92093535188035
3159.172,0.4709685215592116,4.204204893588244,26.919201197295717
3162.078,0.4716467890619982,4.203936349801729,26.91594323919885
3165.015,0.481862660461233,4.205033311507369,26.90630829460987
3167.953,0.4705875528798685,4.204145804243463,26.902261298134604
3170.859,0.4713619190416373,4.204202949950327,26.895508342145472
3173.781,0.47103323837631283,4.204052131373636,26.888144402219982
3176.687,0.4711821686221802,4.204181501770543,26.889189953303923
3179.594,0.46961378481644567,4.204282233341834,26.879913083731903
3182.5,0.4687442227528204,4.204342621465325,26.870404297434728
3185.422,0.46996536724736737,4.204523465676866,26.871357954202818
3188.406,0.4699917749843576,4.204846258149086,26.858868804911452
3191.406,0.4592701282281411,4.203787589487907,26.85071565877049
3194.39,0.45908973170582457,4.203692115735044,26.85826846688066
3197.328,0.4613564332245482,4.203854493563139,26.840530778029308
3200.234,0.45644049213786886,4.204063176018867,26.84516589783773
3203.14,0.4607295377180451,4.203579460888224,26.834755377586387
3206.062,0.4580926466531703,4.203953162211231,26.836747091233974
3208.984,0.46192669774752215,4.204278810974156,26.82270257645886
3211.89,0.4610717225520042,4.20434007761264,26.81810712516422
3214.797,0.4590935508631221,4.203950560928404,26.808918739656995
3217.719,0.4596806810240738,4.204363694769518,26.802879614217108
3220.625,0.45776808939506586,4.204596369126853,26.805294094402246
3223.578,0.4607817729014278,4.20429001153383,26.799330317203513
3226.578,0.46039275697413196,4.204453674452766,26.788640131228586
3229.484,0.46052939867851467,4.204600650565957,26.780565631462398
3232.39,0.46008585927804896,4.204606913025727,26.785293831391275
3235.297,0.45619122873694995,4.20453835072658,26.7773238406471
3238.219,0.4580304162343754,4.204705719192139,26.76206701344802
3241.125,0.45623737594487646,4.204678825621939,26.767774801536213
3244.031,0.45700925970693623,4.204872359576033,26.75610687728333
3246.937,0.45921140481050515,4.204934631622772,26.754720347298033
3249.859,0.4558636615693832,4.20486513052278,26.75193881909275
3252.765,0.45670822832707225,4.20530393939223,26.747368896028235
3255.672,0.456015698858832,4.205083340633804,26.741712250882948
3258.594,0.4566859545949854,4.205211032821634,26.73012252640509
3261.5,0.45140810575674,4.205512223098553,26.724760677999004
3264.422,0.45717173246422466,4.205611741182743,26.723910279858625
3267.359,0.4440913632211221,4.204619100995497,26.713062338121272
3270.297,0.4367865064301288,4.203768637370484,26.709685121058403
3273.203,0.440790326605583,4.20362330364665,26.71437948856285
3276.125,0.436880362437896,4.203651649626187,26.704773044868343
3279.031,0.43828004984779056,4.203743876948422,26.70120505983331
3281.937,0.43301591762452846,4.203783192313835,26.69342131198338
3284.844,0.4387922020059633,4.203977941184926,26.683815395903004
3287.765,0.4349975014863777,4.20387980528497,26.680346669125505
3290.687,0.4377712530589864,4.204094183978959,26.669432835551852
3293.594,0.43648897124737046,4.203858784325821,26.66602772766148
3296.5,0.43637760650161683,4.204243796399647,26.65901613536406
3299.406,0.43430173441884695,4.204117953730396,26.662637693467964
3302.344,0.43363349683010477,4.20433404496073,26.65584846959642
3305.25,0.43562721820657363,4.204090326265397,26.649382112800016
3308.172,0.43434207547457787,4.204335614726389,26.64003015631242
3311.078,0.4340693401106556,4.204378926073604,26.641776910450936
3314.0,0.43564405864624683,4.204598192265188,26.636478655387634
3316.906,0.4352689289473027,4.204618559453799,26.628673204193657
3319.812,0.4359861943058908,4.20466020979403,26.62159618781615
3322.734,0.43533800756903607,4.204634843667485,26.621635607946878
3325.64,0.43285657329906574,4.204430261567862,26.618350342439026
3328.547,0.4341579253091141,4.204697877655708,26.61059839867003
3331.453,0.4346050673182305,4.204941358676825,26.607950528989807
3334.359,0.43239919641537683,4.204946384021758,26.593259122223383
3337.281,0.43312984221481804,4.205174244345061,26.600471485815977
3340.203,0.43375769972379197,4.205277287056698,26.589251968004977
3343.109,0.43324124489092325,4.20518795857575,26.58840212458444
3346.015,0.43697114163649287,4.205414313146587,26.580181669587883
3348.922,0.4326097520702513,4.205401562714471,26.569502769346702
3351.844,0.4329803935308237,4.205265483100043,26.571808171885266
3354.75,0.4331209883290567,4.2056996437902106,26.562462531152402
3357.687,0.43553769462095904,4.204958993254348,26.55786253815592
3360.625,0.41877999624006823,4.203916017311843,26.547076214340212
3363.531,0.41404258315422193,4.204039720425012,26.54649147292931
3366.453,0.41313082886886365,4.203861722600414,26.552687644998063
3369.359,0.4146980201604949,4.204019964371189,26.54274683339002
3372.281,0.41336757015864994,4.2039285453279565,26.540812821604767
3375.187,0.415821103012136,4.203878161981782,26.53413955140897
3378.094,0.41297066989029024,4.204034165588912,26.533686344614257
3381.0,0.4131604289137579,4.2039285063695235,26.52406040303631
3383.922,0.4136594821715697,4.204015357542441,26.51548054053578
3386.828,0.4153305945763676,4.204195391610302,26.513561866753147
3389.734,0.41401444713806945,4.204184464217265,26.508574548984114
3392.672,0.41358858513154023,4.203905935631879,26.501681268234858
3395.578,0.41131474247843836,4.2045536598861535,26.501460920296918
3398.5,0.4149816560960274,4.204256251990739,26.49629573468406
3401.406,0.41425429649618584,4.204311554871171,26.481720930936323
3404.312,0.4122499569232499,4.204672770491102,26.493073320218897
3407.219,0.41173184127786994,4.204736319847555,26.485348290756104
3410.14,0.4104809148587286,4.204832016006787,26.47667449520288
3413.047,0.4129067113015366,4.204864072868675,26.476396275464825
3415.953,0.41265994315970655,4.204725151940286,26.47382198271578
3418.859,0.4123724763282378,4.204940653923037,26.467383276639097
3421.765,0.413557095287675,4.204913759745327,26.463330670438452
3424.687,0.4088065696843853,4.2048664863796095,26.45140874690529
3427.609,0.4086181602528435,4.205147112681761,26.44879582004992
3430.515,0.4091987227036422,4.20530959352412,26.43615589880691
3433.422,0.41114867803066674,4.205410962808476,26.43194872808102
3436.328,0.4093602257334841,4.2053535521163665,26.431482300028794
3439.25,0.4118015353854804,4.205307854689595,26.42108546770857
3442.156,0.41060364993972925,4.205623839403414,26.421791524004654
3445.094,0.400369611770524,4.20473546295163,26.421494394639197
3448.0,0.39886350160172956,4.204770500717933,26.410253937518927
3450.922,0.3989663086242797,4.204505612573684,26.410162632302008
3453.828,0.40022349066237395,4.204570764404806,26.412336121272567
3456.734,0.40208098061284875,4.20501939052521,26.3991243267181
3459.656,0.39636231256724686,4.204468789162575,26.39078121637571
3462.578,0.4005334162585805,4.204773264219949,26.394928228884012
3465.484,0.3987339288825888,4.2046019036888405,26.389502424547448
3468.39,0.400793366242045,4.20493002041393,26.385221507317873
3471.297,0.4002216536209097,4.204949944687157,26.382388677390036
3474.203,0.39991662406201817,4.205191665591805,26.379059204892524
3477.14,0.4025464580449636,4.2054427894077495,26.370469339575244
3480.062,0.40181016016249316,4.205241778684665,26.364103665584093
3482.969,0.4004286459677934,4.205031027589059,26.35412529404505
3485.89,0.3992473434148271,4.20545580778606,26.36159490441804
3488.797,0.4024273464433159,4.205577969298878,26.353740286569323
3491.734,0.38950021304213645,4.204363071587863,26.346834839876742
3494.656,0.3891510974000877,4.204691619627222,26.34512284322559
3497.562,0.3894749740122268,4.204733515930388,26.338156334193368
3500.469,0.390911754313246,4.204826576616812,26.335594171350834
3503.39,0.39020874815108997,4.205022852932042,26.3360531388989
3506.297,0.39033167537554386,4.204685887595582,26.329715324271522
3509.219,0.388586062901659,4.205053243875638,26.326049164692538
3512.125,0.38991160432679906,4.205129718262497,26.318143253096203
3515.031,0.3885939734400048,4.204966600230408,26.314319782529587
3518.047,0.3893445293398281,4.205185356389204,26.306808070353622
3521.031,0.3855528733261218,4.205125317326929,26.29979846054086
3523.953,0.3884047173204026,4.20515291671189,26.29755034421957
3526.859,0.3892287418212804,4.205346140836797,26.2969890341755
3529.781,0.38883239156162036,4.205177138822841,26.296396923320682
3532.687,0.38956229034590556,4.205599613591898,26.292352572944278
3535.64,0.3785492284972853,4.204256331118622,26.292411474916452
3538.547,0.3773391779056472,4.204682845528313,26.285023561577976
3541.453,0.3784592206614799,4.204533311684346,26.275880991774216
3544.375,0.37890082446292367,4.204273708991809,26.270157450360042
3547.281,0.3770328090422419,4.2047385756207705,26.267001053725537
3550.187,0.37931223425649496,4.20471024403774,26.272293097054703
3553.094,0.3758126819262342,4.204782120551311,26.265659658770524
3556.0,0.3775299297539073,4.204907568614781,26.256680882962872
3559.0,0.37802598459827946,4.204979013026151,26.25551952646702
3561.984,0.3768758975763152,4.205117040541012,26.247985445566773
3564.984,0.37956586921286967,4.204897985305765,26.24620398041174
3567.89,0.3781951410530144,4.204968534696692,26.24146930533416
3570.812,0.3747712627528451,4.2052386731843905,26.234187294778593
3573.719,0.3785247481993832,4.205178719554219,26.220893903186315
3576.625,0.38018230609750825,4.205433391585786,26.226606153409154
3579.531,0.37763112714828934,4.20530987952214,26.23050280331715
3582.453,0.3760548594639644,4.205414655358169,26.222777601951318
3585.359,0.375050074873028,4.205186650623135,26.213913243555396
3588.265,0.3739780801182326,4.20539738588562,26.2150272830568
3591.265,0.375488840974964,4.2055702858652255,26.215600231732633
3594.265,0.36771651434117475,4.204655475902535,26.207841050155892
3597.25,0.36857706167853466,4.204610221452097,26.198349510592465
3600.187,0.366884604203542,4.204615359100389,26.19867048703405
3603.109,0.36598559758236004,4.204824497708458,26.190476141216347
3606.031,0.3665669700357233,4.204683410858085,26.185543298332224
3608.937,0.364538218652435,4.204765853925288,26.18750489409086
3611.844,0.36707476370088243,4.205147304066276,26.17780014240423
3614.765,0.3632954692052497,4.20503234026328,26.170727026661496
3617.672,0.3659339167165451,4.205026794308425,26.16970166473568
3620.594,0.3662290193917522,4.20504570040334,26.16127223967472
3623.5,0.36689900313325213,4.205081808158085,26.160096734131276
3626.437,0.3667806552531885,4.2053202664795934,26.15649225875684
3629.359,0.3670726230941594,4.205312752473066,26.14883164716067
3632.265,0.36602730388084054,4.205134726549443,26.148811144290292
3635.187,0.3676370595359422,4.205075746503934,26.13719128089588
3638.094,0.36459376122801584,4.205495197075516,26.136572716533472
3641.0,0.36448196433899044,4.205592710332083,26.133956642329856
3643.937,0.3590340269898896,4.204840757438173,26.13872042591273
3646.844,0.3555820498368709,4.204758596729027,26.125896006642794
3649.765,0.35241880397692965,4.204699722991715,26.115349901937126
3652.672,0.3555862682759279,4.204744541386321,26.116934950956335
3655.578,0.35509831653248436,4.204702741903021,26.119073650971284
3658.5,0.3548859225664479,4.2047483594173025,26.110966447719235
3661.406,0.3549425753635972,4.204654539908666,26.10101825847873
3664.328,0.35503386606674886,4.205075426872244,26.09848565514408
3667.25,0.35661114705845054,4.204899306787313,26.098965336906634
3670.156,0.35188956312915654,4.205024191032189,26.093193457666835
3673.062,0.35375207758185173,4.205028507473316,26.09119142743008
3676.015,0.35718952960300115,4.205064608993143,26.081062220295138
3678.922,0.3558300793120462,4.205222942204234,26.07512999212528
3681.844,0.35476931094874964,4.205297975701421,26.071129768784914
3684.75,0.35211915658156695,4.2052321184586,26.067559723887328
3687.672,0.35303643429547366,4.205446273184094,26.061962983333007
3690.578,0.35483565729105987,4.205352107305803,26.065553516307155
3693.5,0.35515827565936037,4.205502122039965,26.057306111811304
3696.406,0.3540286669943023,4.205612863098067,26.04874002719959
3699.359,0.34393260120029023,4.204543007898905,26.0438949176627
3702.265,0.34366665640884425,4.204731727883427,26.031853758692087
3705.172,0.34472437125886407,4.204654975842104,26.03428608877558
3708.078,0.34752668515191226,4.20473584123065,26.025646817954296
3711.0,0.34414055658367126,4.2048183424211265,26.019544721220292
3713.906,0.3443928757088453,4.204806875583297,26.02304747260134
3716.812,0.34288361445952886,4.204639764178615,26.02125771383096
3719.734,0.345989862701664,4.205013788388514,26.019180799472675
3722.64,0.34729956953511154,4.204952501802248,26.008739763146956
3725.562,0.3408528264020855,4.204869348196239,26.00857480759089
3728.469,0.3424217686881574,4.205242235606114,26.007876762567438
3731.406,0.3438273672802994,4.20512361434685,26.007936414223714
3734.312,0.3437864460668642,4.2048624804599894,25.997407827155072
3737.234,0.3425709350590745,4.205170949530958,26.00309131059147
3740.14,0.3404901056615221,4.2050394078077,25.990903052809553
3743.047,0.345467912792323,4.205507742733625,25.985204033979993
3745.969,0.3424130031861193,4.20542430208402,25.98284094617255
3748.875,0.34408434087710726,4.205529614489707,25.98329552747003
3751.781,0.3411110946845796,4.205432229683467,25.978443398989814
3754.687,0.3421234859823432,4.205181274056919,25.966463216663726
3757.609,0.3440944833864441,4.205545773241684,25.955311117135892
3760.515,0.34290150603062514,4.205720479746502,25.960672965216418
3763.453,0.3350518993034843,4.205035970894741,25.958512468860793
3766.359,0.3286471260742506,4.204894771436202,25.958888350155963
3769.265,0.33406986916626386,4.204912724891891,25.953292061274627
3772.187,0.33330334740084605,4.204846381798443,25.953472300679596
3775.109,0.33050834357922665,4.204654500477113,25.950084522830473
3778.015,0.33054308652727277,4.204565600996245,25.949295961375384
3780.937,0.3321399636927868,4.2050477165642715,25.941647400696105
3783.844,0.334647603516189,4.205367416874443,25.93641107980768
3786.765,0.33150669334404875,4.205254928962333,25.927792096623783
3789.672,0.3324819214084628,4.204999134459297,25.927828082761426
3792.594,0.33043093983937744,4.205011237387061,25.923403233177723
3795.531,0.33293465968397723,4.204938977843137,25.92127198323505
3798.437,0.33090981923352436,4.205283827817624,25.91324026023357
3801.359,0.3364732430963329,4.2057075170282765,25.910470731591978
3804.297,0.32007713437954527,4.204481074891067,25.91620684367555
3807.219,0.3248876106672857,4.204442533108468,25.90179287903228
3810.125,0.32015202997530884,4.204410126613215,25.90083068261111
3813.031,0.3231615047742686,4.204490732163284,25.89970544299758
3815.953,0.3238233679376364,4.204248698142442,25.887541894260767
3818.859,0.3233069079779507,4.2047606100487815,25.89034213595062
3821.781,0.3218329762661474,4.204859515597914,25.877084057075
3824.687,0.3198249995685887,4.20471851835699,25.882334941499703
3827.594,0.3208742143415324,4.20451138055238,25.876472287534536
3830.5,0.323531869616226,4.204755968804345,25.873348119498537
3833.406,0.3235570981295545,4.204839143810459,25.87677851945253
3836.344,0.3213145662067737,4.20480184694221,25.878366341326906
3839.25,0.3226898361507171,4.204987962849217,25.86378778601836
3842.172,0.32117394788784903,4.20468411693044,25.866696116997645
3845.078,0.3191447547799354,4.20490709289177,25.862000207220127
3847.984,0.3200669223399904,4.205057947481141,25.854659669774293
3850.89,0.32023124819898907,4.205126266010714,25.850306690861874
3853.797,0.32109770561967793,4.205113180033398,25.849761417333692
3856.719,0.31829425559058144,4.2050792244069015,25.845851180896066
3859.625,0.32005439562534477,4.205110115916634,25.840414200901566
3862.531,0.3199132809839142,4.205212097344411,25.834144530624435
3865.437,0.32168732250976656,4.205154875626599,25.834758243102755
3868.344,0.3224598619510803,4.205138205384012,25.83396927362015
3871.265,0.32043607173257166,4.205476274720411,25.834003701377124
3874.172,0.32040480887232053,4.205209283954297,25.83514863289484
3877.078,0.32035120648753496,4.205496729772658,25.824927809792353
3880.0,0.31909831061454696,4.205659244962404,25.811262788170076
3882.937,0.3089057027721344,4.204513917165269,25.802034597812476
3885.844,0.31036784177600446,4.204570800640596,25.807092255195514
3888.75,0.3120484967934761,4.2048821779026,25.81052253410651
3891.656,0.3095462541259591,4.204666944841226,25.799026319719765
3894.562,0.30989787026765264,4.204431520834847,25.80354299704287
3897.484,0.3074942090315815,4.204599854354505,25.794819035614236
3900.39,0.3104398147335476,4.204839518200091,25.779108973460634
3903.297,0.3096229171927939,4.204954714232429,25.778584005045804
3906.203,0.312290228906136,4.204778523306215,25.780684505223235
3909.109,0.30909927375245194,4.204810063469779,25.776342342637466
3912.015,0.30633923699561977,4.20515394008795,25.775034585327308
3914.953,0.30935234385966826,4.204791031544082,25.769636268891215
3917.859,0.3129694929649375,4.205138118755752,25.76090238270428
3920.765,0.3110135330942228,4.205086631567164,25.772432037677568
3923.687,0.30819175251158254,4.205303683311595,25.767543866365255
3926.594,0.3073333635945914,4.204920926505196,25.755618443777564
3929.5,0.3100232691321615,4.20531925129528,25.74509083519854
3932.422,0.3068980901636959,4.205161267555545,25.74818272542231
3935.328,0.30934509111834685,4.205257406159066,25.74937337301087
3938.234,0.30376911879956103,4.205199885669453,25.736046341885192
3941.156,0.3093016717664752,4.205631494995985,25.737976068089868
3944.094,0.301774737643041,4.204691709626003,25.73321114786106
3947.0,0.2989797157476184,4.204459010391827,25.72810255248931
3949.922,0.3001181165535846,4.204333269890384,25.726439118840506
3952.828,0.29681367288259763,4.204691573811166,25.727912549908318
3955.734,0.2973471344757643,4.204722274005141,25.726769445694806
3958.656,0.29941909841221104,4.204359005016291,25.723527323347778
3961.562,0.30294757536107053,4.204866263495901,25.72061541534112
3964.469,0.3001030559900675,4.204654907550962,25.708480371471794
3967.375,0.2960867464527172,4.204777733369923,25.71023075889439
3970.297,0.29671476725998586,4.2047765428615405,25.707134801836236
3973.203,0.2978502886484863,4.204846344513236,25.703510887387793
3976.14,0.2980808125583229,4.204826587359478,25.689565897653345
3979.047,0.2991876937661178,4.204851344945478,25.691277891907937
3981.953,0.29853620204960657,4.204974200294404,25.685353451171338
3984.875,0.2982850221041704,4.204877353079692,25.67708567796339
3987.781,0.3003583076555093,4.205015656368147,25.68124190341001
3990.703,0.29841043236036385,4.205265340046293,25.668633552481527
3993.609,0.29735476454865933,4.205125462145046,25.670178401674832
3996.515,0.29517387249871235,4.205347716216582,25.668757113752704
3999.437,0.2973851456784422,4.205336366263941,25.666390783740507
4002.344,0.30052935406928816,4.205220917301505,25.659394431188456
4005.25,0.29591444067848605,4.205146300391675,25.65357398023235
4008.156,0.29970400093514404,4.205425541016055,25.65929794596051
4011.078,0.29674259660225527,4.20533882697822,25.655743846908987
4013.984,0.2962550294898809,4.20553018625871,25.65005956844709
4016.89,0.29476599695203987,4.205617317547246,25.643328678018772
4019.828,0.2867738724997066,4.204975424285601,25.64865141066077
4022.75,0.28885238346362063,4.204613057262633,25.641783861516632
4025.672,0.28872407713424175,4.204880553549838,25.63906534079363
4028.578,0.28809685889907655,4.20483275516017,25.63489179633534
4031.5,0.28808940931610655,4.204863206649818,25.626935561021874
4034.406,0.2878962420939102,4.204674071754505,25.627633278435994
4037.328,0.28826299290280544,4.204688593162474,25.62500265451086
4040.265,0.286050415853564,4.204668705278937,25.61814672017167
4043.234,0.2845804334533472,4.204751174229822,25.620429075135046
4046.187,0.2881002177682226,4.205072191806181,25.61764868559415
4049.094,0.2854216243183487,4.205324406390254,25.612294523929997
4052.0,0.28734182327679825,4.2050077183493935,25.6021517378547
4054.906,0.287541622694278,4.205181079358941,25.603903871023967
4057.828,0.28670708656515137,4.205088370049392,25.60032273208046
4060.734,0.286241950700909,4.204837063662637,25.590714610370064
4063.64,0.28688763047976995,4.205154091911561,25.607672170550426
4066.547,0.28378420943061283,4.205320585242169,25.600048885011002
4069.453,0.28915603233608944,4.204979489699931,25.59164377601763
4072.359,0.2841108209386944,4.205132933938402,25.588286754479295
4075.265,0.2858772035047143,4.20513932889578,25.591856367643253
4078.187,0.28514047098607687,4.205251935857698,25.579354142036212
4081.094,0.2841960338606739,4.205647986364119,25.57949055141479
4084.0,0.2862921819777364,4.205319352652381,25.567217074758666
4086.906,0.2862153226686986,4.205581332512855,25.56915586554969
4089.812,0.2836654093529096,4.205334011477772,25.574499953396277
4092.719,0.283003369583544,4.2055664017808665,25.563461212337074
4095.625,0.28536148865899336,4.205662570031625,25.562769591900587
4098.531,0.28622667741229624,4.205620397914086,25.557265147199885
4101.437,0.2881894156781905,4.205527304273715,25.56099374810478
4104.344,0.2837830555371075,4.205692085200823,25.54741509023873
4107.25,0.2845508219809134,4.2057802911825775,25.54951065019895
4110.172,0.28586628700854244,4.2057776664639945,25.543228613804146
4113.078,0.2844492303462066,4.205913256520788,25.53840851234842
4115.984,0.284356602348824,4.206126062722475,25.53493133210084
4118.89,0.2869215560531863,4.205927744366548,25.526203758589205
4121.797,0.2786741576268933,4.206259702854749,25.518179292197864
4124.703,0.28259579422006,4.206201500027018,25.51563546510664
4127.609,0.2851817115384984,4.206377902081273,25.52178597895056
4130.515,0.2848789058531823,4.206323785541558,25.5185421499971
4133.422,0.28613549646925945,4.206445540350608,25.522107996682383
4136.328,0.2838175936429111,4.206525485843602,25.520138549621016
4139.234,0.2828202788632826,4.206394064689206,25.508970949766002
4142.156,0.28721924586737213,4.206414236779728,25.514221135012882
4145.062,0.2859650622019707,4.206381784805666,25.499859793274865
4147.969,0.2839736783307159,4.20643352565072,25.49645224674018
4150.875,0.28449086326874307,4.206676380103017,25.49392851823349
4153.812,0.27410647475661476,4.205594955436361,25.4890265347545
4156.75,0.2645875985900357,4.204966911880474,25.48813067130219
4159.656,0.2662073115949211,4.2047142694936275,25.48423691177272
4162.562,0.26393569325188126,4.204918662359293,25.476841936882536
4165.469,0.26423904784188496,4.204620115969358,25.47526305236324
4168.375,0.2670469345045522,4.204861668351796,25.474546813244096
4171.297,0.2641322494998403,4.2048259553757825,25.48158739206444
4174.203,0.265443826449408,4.204840299741615,25.470207371461996
4177.109,0.26335427694203734,4.204772920932789,25.464700197979543
4180.015,0.26349152959670413,4.20478199605983,25.457510224130477
4182.922,0.26394602355206914,4.204847530970075,25.46139935478773
4185.828,0.2625565887791156,4.204877651049123,25.45400988384422
4188.765,0.2619758518086527,4.204890252226913,25.45124638759013
4191.672,0.26337119446917506,4.205069725294878,25.44616740801337
4194.578,0.2659452337417978,4.205094019064232,25.443510181705985
4197.484,0.2649902451900591,4.205193855038078,25.448692067165418
4200.406,0.2644013108154276,4.204917705003348,25.429074190220213
4203.312,0.26385885455665775,4.205079155986085,25.43379324587991
4206.219,0.26494097243405323,4.205022311903589,25.429157676707383
4209.125,0.26378971931624573,4.205163714262398,25.427893018205825
4212.031,0.2638205320349907,4.2052132346647815,25.428554509092212
4214.953,0.2644994622663751,4.205213950363178,25.422058323265386
4217.859,0.2663506921474349,4.2052149341316705,25.420915705869692
4220.765,0.2649845709830864,4.205559542784802,25.412346755879675
4223.687,0.26259856145907623,4.205502490077002,25.411991857822215
4226.594,0.2604167806796146,4.20540412757872,25.407930491146985
4229.5,0.2658375682906959,4.205498319074664,25.40798215313337
4232.406,0.26113480340017836,4.205326208542995,25.409807206075374
4235.312,0.2637468081811271,4.2053642869667875,25.40560163359552
4238.219,0.26106396851854646,4.2055214950054784,25.400390671501874
4241.125,0.261309003117201,4.205424726326521,25.39207783652306
4244.047,0.26463936376411723,4.20584425405838,25.390698900325315
4246.953,0.26267669362218626,4.205895176900623,25.388039750053476
4249.859,0.2652124293543133,4.205625327292739,25.384107413403857
4252.765,0.2617627492065711,4.205591547538216,25.380921168357254
4255.672,0.2620385246598406,4.205823480824398,25.375253395947517
4258.578,0.26426661730324263,4.205976706827345,25.37300229498578
4261.484,0.26327487358573076,4.2058606493289075,25.366390995215067
4264.39,0.26118394859501903,4.205944333368964,25.363711554117707
4267.297,0.2645085572941948,4.20602845613639,25.36363749167305
4270.219,0.2623207367997755,4.206261135395424,25.361915167833796
4273.125,0.26165753634848365,4.205884709075721,25.366264681837723
4276.031,0.26531735329176115,4.205855614359119,25.360241115376926
4278.937,0.2552653751275505,4.206164013236118,25.356396532286183
4281.844,0.2615890660348788,4.20623048856919,25.351679168870017
4284.75,0.2621196875952697,4.206366595708863,25.35294515876569
4287.672,0.259983944959242,4.206345649702372,25.35247383084215
4290.578,0.26419682305553926,4.206509048368296,25.34898742021722
4293.484,0.264167726552737,4.206816409282018,25.342609598949597
4296.422,0.2579831934230577,4.205657436905693,25.343003422113373
4299.359,0.24419849986033196,4.204642078736877,25.334247447060484
4302.265,0.24141372479495152,4.2044582573686125,25.335550554243152
4305.172,0.23919696134432492,4.204402934659262,25.335140663987858
4308.078,0.24314337843790373,4.20454820416517,25.334189201924737
4310.984,0.24314819011755795,4.204702236645748,25.32695651372812
4313.906,0.2427719227799053,4.204655167248979,25.325994610461443
4316.812,0.24122697434136206,4.204317123041266,25.31734643453209
4319.719,0.2419427462804217,4.204322868280838,25.318449669998127
4322.625,0.2436112686779708,4.204603395760808,25.31899136003692
4325.547,0.2442545701116451,4.204853194774145,25.312629795597687
4328.453,0.24438705373465305,4.204616525365373,25.312094046635284
4331.39,0.24109262399198866,4.204530225734961,25.311078418224653
4334.297,0.24406402884018674,4.204581906319782,25.306378456302397
4337.203,0.243525119701022,4.204522712073649,25.307620041135085
4340.109,0.24083249680131102,4.204740138255316,25.30931881448799
4343.031,0.24266541715641526,4.204732635510535,25.302879243918234
4345.937,0.24120367277629529,4.204919393122825,25.297117222274466
4348.844,0.24180674946848613,4.204586653095905,25.2969454573464
4351.75,0.24131097922862427,4.204679011087372,25.290515816067494
4354.656,0.2432609529839291,4.204762567301832,25.28357611591186
4357.578,0.24295323372444272,4.204876290592564,25.28452243391547
4360.484,0.23965907644929427,4.20477527109874,25.28348229662162
4363.39,0.24228156800794376,4.204891315282575,25.27325754526698
4366.312,0.24175083743021578,4.204969152382642,25.285647353244887
4369.219,0.2421455875549629,4.2051426205673215,25.28059177905423
4372.125,0.24453281305821234,4.204847941954451,25.27578914522253
4375.031,0.24084846676885313,4.2049437228820095,25.276526479502735
4377.953,0.24421203441932704,4.204766574119322,25.273523569407633
4380.859,0.24282183676944658,4.204943764053767,25.26821644717165
4383.765,0.24291827487048892,4.205094585011632,25.265396204513532
4386.672,0.24127253210375996,4.205042443175898,25.26000259594733
4389.594,0.2399299942242576,4.205122041383302,25.250804539064696
4392.5,0.2420800157558919,4.2053042742551385,25.258253020728223
4395.406,0.24313282340880482,4.205250260976557,25.255235998909907
4398.328,0.2435551755172954,4.205173037196897,25.248966396825573
4401.234,0.24258378761127622,4.205515988321764,25.248449783121114
4404.14,0.2413476880983464,4.205270293956084,25.245073971023967
4407.047,0.24310427457340153,4.2053722529362005,25.23617841993229
4409.969,0.23947045887193139,4.205367737555346,25.23419140373126
4412.875,0.2388392043830259,4.205380622669249,25.242524849404933
4415.781,0.24357353339648297,4.205572093248136,25.23086356174391
4418.687,0.24463137650699682,4.205593996537759,25.2331586438405
4421.609,0.23979744419028215,4.205673011202011,25.225568196250425
4424.515,0.24163083927006881,4.205681806234855,25.223752768260667
4427.422,0.2417639311862756,4.205741084446303,25.224543444991447
4430.344,0.24244025305356506,4.205784997686757,25.22387007468076
4433.25,0.2382386701988549,4.205481056200803,25.216173847724257
4436.156,0.23969333646439683,4.205911878995748,25.20936038202493
4439.062,0.23620964438246878,4.205551846565948,25.212114827705136
4441.984,0.2367517674272935,4.205821680584029,25.205648396832647
4444.89,0.24002871818699797,4.206119956303815,25.213222115776055
4447.797,0.24146853991202588,4.205964450547866,25.20143722826837
4450.703,0.2397295812703801,4.205924063685673,25.206872570733875
4453.609,0.2424335353478288,4.205951752989096,25.19739848963196
4456.515,0.23938245670551755,4.206200940169523,25.189420475248316
4459.437,0.2410727737783512,4.206425621986684,25.1969724044388
4462.344,0.23692569769970315,4.206171533516298,25.18989223307677
4465.265,0.23734899688905864,4.206113286984842,25.18593534255617
4468.172,0.23977755226955216,4.20626556163653,25.19466325288389
4471.078,0.2369454119416659,4.206309870505419,25.19182345511288
4473.984,0.2391207169913869,4.206494992126017,25.178128280190293
4476.89,0.23561676311632324,4.206314449021064,25.18242947209772
4479.812,0.23757157639433926,4.206609774407891,25.179947453066227
4482.75,0.2291284753586855,4.205705649736334,25.17765362493425
4485.656,0.23157670128316024,4.205456374542951,25.171321181511242
4488.562,0.22988970339997572,4.20589762761915,25.161096187079504
4491.469,0.2303046782042579,4.20567858732389,25.161810120686997
4494.39,0.22710198665878095,4.20554847198854,25.162989662209387
4497.297,0.2246939961589002,4.205916868747823,25.15995282594578
4500.203,0.22775681298005268,4.205641033254453,25.159320064628574
4503.109,0.22559131647236133,4.2058060390151715,25.156797299492634
4506.015,0.23133066689990936,4.205767960822878,25.154826575888077
4508.937,0.22807629024157902,4.205713518098807,25.151029385481433
4511.844,0.22819051753042782,4.205917284313873,25.14733499042959
4514.781,0.2262270109632198,4.20601342091723,25.14487189623119
4517.687,0.22913326960145855,4.205913110599907,25.140852526214818
4520.594,0.23012808728846235,4.205753807848338,25.150736064775693
4523.515,0.22914518636943187,4.206246840195942,25.134602748690018
4526.422,0.22782233946196367,4.2061109181846446,25.14062104211763
4529.328,0.2290151501591113,4.206084417633338,25.138045006233334
4532.234,0.22922488675335248,4.206061963941655,25.13704402887291
4535.14,0.2261321828536415,4.20620753369417,25.12343509564334
4538.047,0.22622549297382105,4.206011749933049,25.12516397680117
4540.969,0.2262098758526803,4.206297949929534,25.117775363778506
4543.875,0.2287815345049505,4.206318609517545,25.116401201760485
4546.781,0.2265398430830514,4.206137236545188,25.108317112878495
4549.703,0.2272252960108855,4.206156220785287,25.10768094183151
4552.609,0.2238980721808276,4.2063299963460095,25.112643811903755
4555.515,0.22666539639648084,4.2064263148286205,25.108591247442455
4558.422,0.22811071998565832,4.2063086444286055,25.10789888215051
4561.328,0.22788254104648023,4.206447293940146,25.10032247045294
4564.234,0.22808778391616114,4.206164656698791,25.100572596544517
4567.156,0.2291869242053788,4.206544799940346,25.097914113293303
4570.062,0.2254535942148403,4.20650863691179,25.09308636598357
4572.984,0.23099324847993513,4.206678097301368,25.095956466962765
4575.953,0.2179711343864781,4.205748819048425,25.085679886605206
4578.89,0.20965926449358177,4.204653000334035,25.0902113229858
4581.797,0.20525742794633092,4.204741400178102,25.087992860492495
4584.703,0.20910267717405948,4.204884250145356,25.08329178473581
4587.609,0.20784438830912053,4.204370282271323,25.079460899127927
4590.515,0.21038818946020685,4.204392518599055,25.077981484600244
4593.437,0.21078858167720574,4.204478446393015,25.075949088657662
4596.344,0.20844791334030519,4.204720381709364,25.080985830253553
4599.25,0.2106186658177933,4.204308536841149,25.075881882918093
4602.156,0.2073091256547894,4.204789498462505,25.07356259876375
4605.062,0.20758496274629554,4.20470479864125,25.067268070329536
4607.969,0.2112502913838431,4.204435470522664,25.064832579884097
4610.906,0.2046761210060096,4.20429302860385,25.069143930200088
4613.812,0.20466759018218478,4.2047767010683845,25.069995781852136
4616.734,0.2074129480053844,4.204518821152056,25.062463693735914
4619.64,0.20744633420547354,4.204657723282663,25.058663621307993
4622.547,0.20735193497250892,4.204853072144334,25.060941465492462
4625.453,0.20681643629260868,4.204666431400992,25.056446053224107
4628.359,0.20994995534033062,4.204455474398081,25.054285589571197
4631.265,0.20529683142032484,4.204679789518224,25.05223267988305
4634.172,0.20656557174378476,4.204742061659886,25.045945014530396
4637.094,0.20709953549082094,4.204560949268458,25.048299113545156
4640.0,0.21055793986941465,4.204638000683733,25.043619382793977
4642.906,0.20696101140491785,4.204861693993589,25.049440170301587
4645.828,0.2077258782060875,4.204690163371713,25.042428241786574
4648.734,0.20618738531388825,4.204823263587099,25.037093611170885
4651.64,0.2072963601459532,4.204901566292997,25.043002227211026
4654.547,0.20666542403512406,4.205055465687231,25.03757949527667
4657.453,0.207334342075209,4.204778735824663,25.02998659392645
4660.375,0.20516843254134087,4.205052794189388,25.03099033553979
4663.281,0.2085052691695823,4.204680475073488,25.03714646846194
4666.187,0.20700670225074883,4.204861105734289,25.022772879338703
4669.094,0.20635549457042712,4.205061094741029,25.027184722739353
4672.0,0.20669168582483527,4.2050880019943655,25.024375207696306
4674.922,0.20880597684437444,4.2047555207384955,25.02461987983457
4677.828,0.20749319576135306,4.2049925054101935,25.02325337446811
4680.734,0.20755788659320457,4.20516187863857,25.015581762610815
4683.656,0.2079604750080848,4.204950933579724,25.011780423636996
4686.562,0.20413494685837222,4.205217161927142,25.01123492280179
4689.469,0.2074536837705573,4.205144843220283,25.01021344949989
4692.375,0.20872253264069812,4.2051009957438,25.012614725145188
4695.281,0.2074499084601624,4.205131805222061,25.01416623255845
4698.203,0.2068269916135122,4.205230008270143,25.007855803530244
4701.109,0.20546493110496464,4.2051003071945745,25.004616538440267
4704.062,0.20514274008121205,4.2054798671886875,25.003235215337895
4707.062,0.2051980960505116,4.205347952742996,24.994901291922297
4710.062,0.20829150797103393,4.205498230240256,25.000234680879544
4713.094,0.20199351810812838,4.205406169324095,25.005038031811345
4716.015,0.2062203445943405,4.205391396711658,25.001211405144765
4718.937,0.20531771989364,4.205445171894038,24.995487984783345
4721.844,0.20523775826963536,4.205467827265123,24.988863658972452
4724.75,0.2075422661810044,4.205530455087132,24.981749602091654
4727.656,0.20565117247375625,4.2056587859232835,24.982271820643895
4730.562,0.20592056978522277,4.205578610539717,24.984220941433627
4733.469,0.20784099202025497,4.205548142939888,24.97881300146534
4736.375,0.2052110541984049,4.2056406101812245,24.97581684081839
4739.281,0.20754446451030306,4.2056735486740635,24.972401433634577
4742.187,0.2067155577364428,4.205930987219584,24.976213442352723
4745.094,0.2062488520811001,4.205925107708732,24.970759545393694
4748.015,0.20762362566417686,4.205905693605601,24.97146594423573
4750.922,0.20594429650914753,4.205755247759427,24.972475110201806
4753.828,0.20410898791956686,4.2058926347689285,24.961959512526647
4756.734,0.20516245578169906,4.206084721633141,24.96982191459126
4759.64,0.2043220086156717,4.206123800619925,24.963330121037735
4762.547,0.20516288783241576,4.2059650630135925,24.970556991621564
4765.453,0.20359841911777024,4.206212079085027,24.960991344349125
4768.359,0.20578802705373564,4.206122510493087,24.957120887159263
4771.265,0.2049811849956054,4.206203895912091,24.951972667897504
4774.172,0.20379783615645147,4.206108589878978,24.955018566440106
4777.078,0.2032724725197964,4.206109947557482,24.953917388933135
4780.0,0.2050354202537406,4.205999704330465,24.952410039574687
4782.906,0.2056117676323162,4.206248966606539,24.94648764194602
4785.812,0.2012758939106353,4.206413794734285,24.9398062488517
4788.719,0.20395847163214909,4.2064285646108495,24.940064889313266
4791.625,0.2012040550375163,4.206461738692283,24.93466049591646
4794.531,0.20450115334816882,4.206220822453399,24.93713937938276
4797.437,0.20287381971772084,4.206139250533971,24.922432278980892
4800.344,0.2057316472400382,4.206475376750137,24.928126051256392
4803.25,0.20426240771386212,4.206571104783949,24.928236896314463
4806.172,0.19588996414932547,4.205675819891998,24.923714235074225
4809.109,0.18483072897273148,4.204721236612513,24.923652844798983
4812.015,0.18455858392998603,4.204703183881429,24.921078934965557
4814.922,0.1854835352450247,4.2046863418531295,24.923180850226036
4817.844,0.18567238819834853,4.204509495212549,24.920426843147247
4820.75,0.18571418616475383,4.204404169972944,24.908291654905867
4823.656,0.18552368957034815,4.204572194744276,24.910791313257484
4826.562,0.18359704212619632,4.204750150397143,24.911283020824925
4829.469,0.18573940342293133,4.204811632908946,24.90150041909227
4832.375,0.18331710268825419,4.204560387103274,24.89783592658424
4835.281,0.18520631035516427,4.204740992810086,24.899726468296414
4838.187,0.18851912046223535,4.204419375877426,24.89590729740911
4841.125,0.18644393362419157,4.204599316566128,24.893053594164115
4844.031,0.18128754023809873,4.2045545761706995,24.887076516246783
4846.953,0.1876794120502037,4.204509103393072,24.893642083989906
4849.859,0.18667068449505744,4.204384931442619,24.895229824715496
4852.765,0.1854535938918554,4.204764212621135,24.887638543377708
4855.672,0.18697100439668435,4.2045907667465245,24.89461876468176
4858.578,0.18663252183804066,4.204770834085365,24.883071572391668
4861.484,0.18694934972330568,4.204673290936235,24.890135887286657
4864.39,0.18507942505783367,4.204779872325153,24.88474425169943
4867.297,0.1854997798718524,4.204862052257906,24.885055796549786
4870.203,0.18440162839060228,4.204594452226896,24.87343687490525
4873.109,0.18939369975319467,4.204784003876941,24.877678331198464
4876.031,0.18411685599618982,4.204682922252273,24.87190125034661
4878.937,0.18828049877921196,4.2046400233085235,24.86680822392537
4881.844,0.18686189119791458,4.204772620659598,24.868388570512433
4884.75,0.1826583248679566,4.20476501701529,24.862935989199013
4887.656,0.18758838084144439,4.204747811713468,24.86918103269845
4890.562,0.18492102970415986,4.204844151247796,24.860870064879887
4893.484,0.18778155784770714,4.205111679123744,24.855235708315334
4896.39,0.19063821955041504,4.2049572443574545,24.85460743864548
4899.297,0.18574540546135512,4.205024776095127,24.86476864167386
4902.203,0.18474792913788762,4.204892658368165,24.854650342943273
4905.109,0.18394236307750877,4.204847182032472,24.845128789961883
4908.031,0.18616897243194333,4.204910690470248,24.851964475155878
4910.937,0.18675506531326005,4.2047751591216445,24.847577706945103
4913.844,0.18645881703068765,4.205061349997826,24.84009826753164
4916.75,0.18164433306922778,4.204848575594775,24.852469982574906
4919.656,0.1796459773184573,4.204986567077283,24.843965108314446
4922.562,0.183565112080003,4.205187193250497,24.84403139607882
4925.469,0.1844251772614714,4.2051004952986215,24.8418682091287
4928.39,0.18416000057108375,4.2054765382743975,24.840070046543886
4931.297,0.18328418657821285,4.205287645653473,24.835814923357724
4934.203,0.1845150087147879,4.205353080709999,24.82999040270667
4937.109,0.18348943026390221,4.204862826774757,24.831131772189966
4940.031,0.18322533043965622,4.205151241094642,24.833546821895645
4942.937,0.181378866855868,4.205345423725813,24.830045972099775
4945.844,0.1810138827062591,4.20513651590931,24.81981994574861
4948.75,0.18243253199028212,4.205800605911179,24.82071743206883
4951.672,0.18493625094732652,4.205512843286509,24.828422317996612
4954.578,0.18194420859437554,4.20503174318419,24.823842424881324
4957.484,0.18393286473772683,4.205607116797663,24.818411179830093
4960.39,0.18349003073577824,4.205558705487571,24.80776133719684
4963.297,0.18526708196990954,4.205510180395377,24.824322730643466
4966.219,0.18468379768358653,4.205336073244558,24.814231718900956
4969.125,0.18199379673835686,4.205788239692322,24.81050032380312
4972.031,0.1823993712372004,4.205527022541703,24.805419333115463
4974.953,0.18614624869856278,4.205850047283617,24.803192180389328
4977.859,0.18259057425330735,4.205697207592556,24.804344090748778
4980.765,0.18412338674991396,4.205650895943813,24.79741578754762
4983.672,0.18154629038172407,4.205896949339322,24.80189764009222
4986.578,0.18287554297894973,4.205473798738622,24.800613330301786
4989.484,0.1832715047890827,4.205646290123916,24.796096855808337
4992.406,0.18529232181045832,4.205553200279095,24.794283543440322
4995.312,0.18136262655583407,4.205597133395429,24.799332510936935
4998.219,0.18473641599355659,4.205958767429298,24.795235554488066
5001.125,0.18346452049524378,4.20598650361127,24.792080730743404
5004.047,0.18528527972629444,4.2059292978089,24.794295433908673
5006.953,0.18139406737390856,4.2060602917753105,24.794341157933662
5009.859,0.18107832402138271,4.20576859197334,24.792077857242067
5012.781,0.18195255333286256,4.206024214674705,24.79175993669469
5015.687,0.18197030442168952,4.205966877971211,24.780651259902445
5018.594,0.1833120424104269,4.206447846908756,24.784672743684812
5021.5,0.17896339609573925,4.205819872782156,24.773835379292443
5024.406,0.1797105068856581,4.206013505475441,24.770752614515697
5027.312,0.18576294965778092,4.206234338414558,24.776913399699687
5030.219,0.18511454842795713,4.206127237541898,24.77538184061071
5033.14,0.18557926800503685,4.206371706734702,24.77236988922819
5036.047,0.18345136488201727,4.206109652711241,24.768297239158077
5038.969,0.18221696220583136,4.20626526865217,24.775788348358464
5041.875,0.18303411607366205,4.206266551586932,24.77002358304838
5044.781,0.182462703018589,4.206306385727141,24.763794980915428
5047.687,0.18294895530120303,4.206422781948237,24.767754042822027
5050.594,0.18195634672516559,4.2066565734963355,24.769176709171198
5053.531,0.17105293885211373,4.205781991424976,24.759559610761276
5056.453,0.17319591086548536,4.205693357107607,24.75748044952399
5059.359,0.16986674745021832,4.20557998145618,24.755624408527368
5062.265,0.1714138411388173,4.205490645378866,24.758389055806003
5065.187,0.17156099195216104,4.205610754285177,24.755137077849383
5068.094,0.17204687012332148,4.20547381063001,24.753664311483092
5071.0,0.1715067319796861,4.2054907580903285,24.743761778872017
5073.906,0.17688626933824295,4.20546261072316,24.74210628304028
5076.828,0.17115322553563128,4.205745756643346,24.751353059900303
5079.734,0.1655394931670257,4.20568100610875,24.749504520076027
5082.64,0.17175277750410345,4.205695007765947,24.747219284808757
5085.578,0.17319693457783641,4.205799530783322,24.742382744873183
5088.484,0.17032115079188437,4.205951645729295,24.74407980890347
5091.39,0.17085858194050524,4.205755181383227,24.73902498641116
5094.312,0.1722267747812947,4.206045106540329,24.734843173673525
5097.219,0.16845930567517992,4.205895517373598,24.739162637340684
5100.125,0.17433286074539042,4.205798032816335,24.73488532627186
5103.031,0.17073575718120942,4.2058753409648855,24.729514950111497
5105.937,0.17072114007837458,4.206026014768492,24.729106795443606
5108.844,0.17267142786917644,4.205523842337222,24.730333062775927
5111.765,0.1722686178121643,4.205708815658337,24.723797340237983
5114.672,0.17259264273471936,4.205764116419474,24.72359547931708
5117.578,0.17335195398021144,4.205781202371405,24.715069849490476
5120.5,0.1726113146495339,4.205742917699365,24.718479124276865
5123.406,0.1720437559783693,4.205975593625749,24.717619749155883
5126.312,0.17008437296051038,4.205860156801264,24.713577014130703
5129.219,0.16786172050380854,4.206214175227667,24.713663521020667
5132.125,0.16924606870807313,4.206078729510959,24.70821232183384
5135.047,0.16685516145575827,4.206311181652273,24.712666589354484
5137.953,0.16749910970894064,4.2060722721460495,24.70383918215063
5140.859,0.16906041772358352,4.206064336609959,24.701563562116476
5143.765,0.166299378624955,4.206419787440975,24.708920624933274
5146.672,0.17135674806038853,4.20627849217301,24.709742049835945
5149.594,0.1671321289716569,4.206242935912488,24.711257835746554
5152.5,0.1727055041072915,4.2061692914179885,24.700226191934362
5155.406,0.17030024485124437,4.206129993767892,24.695233662316245
5158.328,0.1679034594744283,4.206586171679716,24.701930601010336
5161.265,0.16050212831726146,4.205483059227563,24.691877816224615
5164.172,0.1634399863003345,4.205544223277034,24.702209450550477
5167.078,0.16359716386347226,4.205236040000279,24.69936856794456
5169.984,0.15835244104768817,4.205326564965837,24.69911058787199
5172.89,0.16136306876068973,4.205190892513372,24.6958197446982
5175.797,0.16397788787349946,4.205090676018286,24.691500453644675
5178.703,0.16120894784737885,4.205528048091417,24.692172026657683
5181.625,0.16302052609436762,4.205166633141039,24.684968337978773
5184.531,0.1638757324397376,4.20529777611149,24.68584516395703
5187.437,0.15713716271003422,4.205463529270295,24.68680814132759
5190.344,0.16095184228201076,4.2055262271648965,24.67997914875005
5193.281,0.15674147122782237,4.205607690684551,24.687497743951322
5196.187,0.1648243252715884,4.205334925667646,24.676113250612264
5199.094,0.15635319377870924,4.205148977708869,24.679238193182506
5202.0,0.15735201182261627,4.205381388041621,24.677559670607558
5204.922,0.161594979482398,4.205514991617318,24.675669119266907
5207.828,0.15941508136837307,4.205450490208556,24.667504077604242
5210.734,0.157414672388403,4.205647154443515,24.669206214605776
5213.656,0.164194598290332,4.20532491644416,24.669121345669133
5216.562,0.15816994788814262,4.205587844135692,24.66998234504763
5219.469,0.15894843362049782,4.205656845172768,24.670191061190724
5222.375,0.16046412077776154,4.205990644229303,24.65879018799715
5225.281,0.15992441930435858,4.205682123633939,24.66135372003295
5228.203,0.16305134315260775,4.205698719128892,24.661600367866637
5231.109,0.16334336679451433,4.205618546537352,24.656380748060652
5234.031,0.15854971977492555,4.205790704562254,24.65647576662733
5236.937,0.16149602397136298,4.205661175879712,24.655963588378192
5239.844,0.16067437078124275,4.20540653792305,24.651573846942288
5242.75,0.1588292268500412,4.205399465919786,24.647595211543013
5245.672,0.1601028052344307,4.205934876681997,24.64969124058472
5248.578,0.15652887126717582,4.205720575180441,24.65212732134708
5251.484,0.16644855924050456,4.205867051562509,24.644736831507803
5254.39,0.16132858276782525,4.205845047283365,24.650027500029992
5257.297,0.16228554234119577,4.205997200930794,24.644474926655416
5260.219,0.15867226731574108,4.205684190321018,24.63989614289497
5263.14,0.15838712400391672,4.205972460933891,24.63133434479155
5266.047,0.15610584876543016,4.2058989944180425,24.636107335902217
5268.953,0.15861185680868345,4.206010688828318,24.632941174334555
5271.859,0.15831599387373255,4.2060030889572895,24.638404230784563
5274.765,0.16102250305366736,4.205966190223809,24.639982115157725
5277.687,0.16234354890056293,4.206070842295504,24.637877576672814
5280.594,0.16167217915969,4.2060869909465755,24.638629171653236
5283.5,0.16122332157013305,4.206400931944605,24.643489101833758
5286.406,0.1617273626538071,4.205969743199205,24.634988244086653
5289.312,0.15812940008495535,4.206220219029775,24.63073514540941
5292.234,0.16250402298094452,4.205896137652016,24.62514313479329
5295.14,0.160002136777348,4.206346485686915,24.626104693706097
5298.047,0.16330724399186122,4.206020675440288,24.620841810231163
5300.953,0.16019165637967064,4.206213719788897,24.625774584098032
5303.859,0.15635755595971385,4.206151228609597,24.623061530867272
5306.765,0.1626498771385805,4.206494282664726,24.61553202797386
5309.672,0.15704650369835282,4.206452831573503,24.613997107571947
5312.594,0.15771506379485137,4.206370583342614,24.61987424143559
5315.5,0.1580023887219479,4.20633204910088,24.620172002816773
5318.406,0.160830605453418,4.2061732289981695,24.609309425018314
5321.312,0.15677175811238542,4.206212567855613,24.608490806234474
5324.219,0.15955995849842736,4.206267405445371,24.612105221408616
5327.14,0.1586831050381171,4.20632428211522,24.618716874512383
5330.047,0.1591123075519564,4.206488944165714,24.60753115886128
5332.953,0.15781673516735029,4.206466870543015,24.612107548693935
5335.859,0.1593920118389572,4.206551677553476,24.61228903393709
5338.797,0.14891132947881058,4.205613156015514,24.609642351496408
5341.703,0.14546134551065124,4.205712546021769,24.60673568066
5344.609,0.1474292541448559,4.20580530863635,24.60066004195651
5347.515,0.1471410277137356,4.205739727352684,24.60501763758924
5350.437,0.14783403032996756,4.20576708096489,24.59574414938014
5353.344,0.14911814845895835,4.205533988005543,24.60354479068049
5356.25,0.14924479428262125,4.205630948831829,24.598719759445274
5359.156,0.14669982576460097,4.205684283951987,24.600935977066605
5362.078,0.1479752057779715,4.205651012416946,24.595781546638992
5364.984,0.15377652187745464,4.205308490102627,24.596371002429457
5367.89,0.14688691503361825,4.205875336715183,24.592744856980854
5370.828,0.14869368106192316,4.205640364878612,24.586110588517588
5373.734,0.15111785380524465,4.205648352437699,24.585636352216405
5376.64,0.1537067047937087,4.205574649370392,24.587910037188628
5379.562,0.14741684113652312,4.205611090221959,24.581842503988145
5382.469,0.1470438646964272,4.205976999169757,24.58041390785967
5385.375,0.15207538740947021,4.2056309124707525,24.593539151821577
5388.281,0.1475168556137211,4.2056368084836295,24.579183933320973
5391.187,0.15200982809372274,4.205832929496388,24.58741138677073
5394.109,0.15074598775923853,4.205758030290176,24.579240621251586
5397.015,0.14735888591399277,4.206047049088627,24.575759537162018
5399.922,0.14930970930912518,4.205722396226394,24.57881996660999
5402.828,0.14636328715417965,4.20584164929157,24.578911599410457
5405.75,0.1462057080732238,4.205643578481094,24.578892584555255
5408.656,0.1465445224783562,4.205653797728292,24.57109136478651
5411.562,0.15047180897347118,4.205817671085441,24.573488322435768
5414.484,0.1490877406033537,4.2060637399700775,24.57103319054084
5417.39,0.14874527858892772,4.205766009886916,24.565869596352243
5420.297,0.148960677393358,4.205795709532225,24.562869677113564
5423.203,0.14770918204310973,4.206055350743378,24.56116086889184
5426.109,0.15288914774294535,4.205875990043757,24.561468774308523
5429.031,0.1474319045755229,4.205936125123054,24.555627987852652
5431.937,0.14540403746298297,4.206239658175504,24.559369275018586
5434.844,0.1517541294832677,4.205977141554278,24.551379058534064
5437.765,0.14507020537069007,4.206170572504105,24.55161675718788
5440.672,0.14403118364338913,4.2061799691947295,24.55183336712844
5443.578,0.1490024730652978,4.2062670746938675,24.550255344021846
5446.5,0.15027289874286154,4.206117798791486,24.55697728571316
5449.406,0.14568539898310562,4.206430691173021,24.54785616229264
5452.312,0.15110591035791038,4.206216343010401,24.55274332411268
5455.219,0.1476041859253319,4.206280411679404,24.55483534474974
5458.125,0.15015263067710216,4.206236388839835,24.552678201671167
5461.047,0.15090688772344,4.206435927311364,24.546204547705877
5463.953,0.14686084221900705,4.205971334674985,24.543747671612007
5466.859,0.14964089382058396,4.206122433651625,24.543648442090507
5469.781,0.15089203035835386,4.20653446200163,24.54459485443264
5472.687,0.1488425846919798,4.20645348284301,24.535748674963607
5475.594,0.1461375622093018,4.206191474199329,24.53051434708066
5478.5,0.14961059559300666,4.206347399520066,24.529606222371836
5481.406,0.1454982593326472,4.206452340912718,24.53073432007017
5484.312,0.14825607989663206,4.2060951297533835,24.531475050611
5487.234,0.14905270440976473,4.206426661587559,24.529967284669166
5490.14,0.15106492569970328,4.20630867535027,24.542378772507977
5493.047,0.14572616957993875,4.206539940341748,24.538311435769224
5495.953,0.14444824199011974,4.206604699757904,24.5320723839784
5498.89,0.14096211897811772,4.205702343955027,24.532911527100737
5501.797,0.14013289888238914,4.205750454795329,24.52463803674691
5504.703,0.13828719799116052,4.205719408762298,24.526078381712928
5507.609,0.13988845543059894,4.205608769504797,24.52317087706347
5510.531,0.13891382819984327,4.205598816897013,24.52955815939318
5513.437,0.13980997853676816,4.205776422141525,24.52718490723545
5516.344,0.1395356110046968,4.205371563782467,24.52935711190696
5519.25,0.14112353435427327,4.205468088739027,24.530973907636607
5522.156,0.13633647383691805,4.205521926660955,24.525602798103442
5525.062,0.13686680901416814,4.205778840371132,24.526335296920113
5527.984,0.13927611433220538,4.2057941085282735,24.52641917212713
5530.922,0.13783272251949663,4.20558952680816,24.522626600812146
5533.828,0.13892518775609017,4.205673779640443,24.52376889296089
5536.734,0.1373345275528126,4.205624008249996,24.52011971075185
5539.656,0.13706909141146464,4.2057169951577755,24.520954366871333
5542.562,0.13682194832365424,4.205586929190373,24.513793872282925
5545.469,0.13563249597217306,4.205574323695394,24.515152406575957
5548.375,0.13687685150260018,4.20570867670977,24.516345168302788
5551.281,0.13692969477355585,4.205898557571291,24.517707797293095
5554.203,0.13869807714107316,4.205945572094511,24.51429363503475
5557.109,0.13973081898940126,4.20593174160061,24.51775718729487
5560.015,0.13704463171094639,4.205640483072488,24.51937224951647
5562.922,0.1357813511431148,4.205565959366943,24.511873559133246
5565.844,0.13703828447135008,4.206072251316094,24.506695587729787
5568.75,0.13789609008812645,4.205646255029702,24.516407265754545
5571.656,0.13962270755862718,4.205876230539082,24.50600474818102
5574.562,0.13816262939155172,4.20562893754354,24.502855853234134
5577.469,0.13641049624033438,4.206022011672781,24.502063532446478
5580.375,0.1388042321870123,4.205978804626824,24.49602755331884
5583.297,0.13874945328385407,4.20582292427921,24.492723149492896
5586.203,0.13582916586759133,4.205963789036595,24.48984003775237
5589.109,0.1373002927602023,4.205796577009409,24.491490380286052
5592.015,0.1355129085024147,4.205770184605087,24.499865734101693
5594.922,0.13336459649432772,4.206019422488826,24.496834470293166
5597.844,0.13604353786009976,4.205952374102434,24.490950481060505
5600.75,0.13688396663898922,4.2059042470292125,24.492189992338965
5603.672,0.13917547482529424,4.205912484038443,24.49390562816093
5606.578,0.14187779326542527,4.2061468976283,24.495924643156606
5609.484,0.1366793338543152,4.20633716617716,24.493822147102726
5612.39,0.13609933878118022,4.206025676264514,24.484911043971543
5615.297,0.13601408612667157,4.20624010206496,24.483547816551244
5618.203,0.13426219166171888,4.206408621438683,24.482264396346263
5621.125,0.13646332122504168,4.206330691054061,24.485585826898333
5624.031,0.13718885937718697,4.206323246922208,24.488962969926003
5626.937,0.13477487279853784,4.2063681710608005,24.48325847949892
5629.859,0.13640552964495523,4.206206536845293,24.484653674589687
5632.765,0.13871380829446772,4.206136953462137,24.479992459161256
5635.672,0.13861413301103406,4.206323730851036,24.48379935220903
5638.578,0.13805620901367469,4.20630794082386,24.477317174171883
5641.484,0.1343746188161359,4.206322443618295,24.472589257113146
5644.39,0.13912161799262474,4.206392968859907,24.4737094444204
5647.312,0.13716158530317366,4.206242784336203,24.47305262311334
5650.25,0.13769697417357737,4.20636613476898,24.46842070116243
5653.297,0.14000778660463156,4.20648664024497,24.468948348232228
5656.265,0.13906498939769812,4.206373550649167,24.461549447178346
5659.265,0.1352608073170872,4.206523768027027,24.46476350581122
5662.25,0.13599691465645056,4.2063906070743675,24.464108170058097
5665.219,0.13580157461892306,4.2064109092068795,24.466808795989042
5668.156,0.1349955529497196,4.206484056518378,24.46016723919433
5671.062,0.13502190979370227,4.2067142759691425,24.457495304221865
5674.0,0.12682584259043103,4.205699674650792,24.458194895002766
5676.906,0.1254491520984154,4.205624832549016,24.45383412648618
5679.812,0.12557578249126483,4.205633990389983,24.457794486755837
5682.734,0.1266066952852861,4.205286972751406,24.451336277181458
5685.64,0.12915626192943247,4.205425326502614,24.449709800667183
5688.547,0.12545708536863395,4.205593329374281,24.444343085244434
5691.453,0.12666070113640135,4.20568148562355,24.450615635268452
5694.359,0.1279679882948265,4.205617067763354,24.450943447763706
5697.281,0.1278813812975891,4.205446134281389,24.441645213745772
5700.187,0.1259817983103404,4.205568756488315,24.4425216336516
5703.094,0.12539069457428448,4.205811345271637,24.440676038356223
5706.031,0.12908932802634587,4.205470628986164,24.436904789803034
5708.937,0.12968581004820376,4.205527750944377,24.442995904656502
5711.859,0.1296562651778082,4.2055665719632636,24.444917247906908
5714.765,0.127506534788926,4.2056469500576625,24.440017705267948
5717.672,0.12960773028795183,4.205573216806663,24.435563047751902
5720.578,0.1275553240060379,4.205712088517797,24.44221813663582
5723.484,0.12697752995776826,4.205501386329076,24.435349159153112
5726.406,0.12566481896824122,4.205480395493627,24.44063000460681
5729.312,0.12494536464810173,4.205613722158767,24.434221592674195
5732.219,0.12791085720049514,4.205570956135094,24.431979002713877
5735.125,0.12556619418891965,4.205727320221602,24.430342343484853
5738.031,0.127953949561063,4.2056904437549525,24.431191350839732
5740.953,0.13010897173887748,4.205465730509674,24.437481741698583
5743.859,0.12618807584712197,4.205520830553547,24.434488540291408
5746.765,0.1261717818041713,4.205484163006722,24.43793607434568
5749.687,0.12882241898045693,4.205586152531571,24.442398436014386
5752.594,0.1279265895322843,4.205620041852161,24.439421310378425
5755.5,0.12525075564968585,4.205841394664507,24.426569711514173
5758.406,0.1294903152739983,4.205688774657126,24.434721944094015
5761.328,0.126951567938973,4.20578916977237,24.430415963862277
5764.234,0.12583454308440595,4.205880924431416,24.42528161896326
5767.14,0.1246809395066241,4.205723665675902,24.425809196934505
5770.047,0.12625602821759396,4.206054996853878,24.426345441074897
5772.969,0.12628600409998647,4.205717612549534,24.419105094242614
5775.875,0.12192217835124507,4.205643216340901,24.418020474113536
5778.781,0.12456250770289018,4.205776664371143,24.41908537019219
5781.687,0.12540426289557122,4.206042845480512,24.415659176353223
5784.594,0.1284685356353194,4.205967133592937,24.40918164925376
5787.562,0.1273484713779863,4.205806097221887,24.41189799323805
5790.515,0.12562818379678875,4.205890375527268,24.413221901903174
5793.531,0.12173299619384888,4.205779760985911,24.407282175377787
5796.609,0.12872354452936194,4.206254488061669,24.407005922568352
5799.562,0.1289926950814941,4.205725368883694,24.403401150335064
5802.547,0.12364171656552292,4.205802926926068,24.415696098205387
5805.547,0.12811314637463203,4.205897506277591,24.412391644714162
5808.453,0.12757854032681998,4.205786870408264,24.414448514171216
5811.359,0.12716914262228063,4.2061528715406125,24.40716045057592
5814.281,0.12443317950361735,4.205927514326829,24.409953370797577
5817.187,0.12822296625294782,4.205973295521756,24.407116518305017
5820.094,0.1260839064809462,4.206061441076851,24.410458888265993
5823.0,0.12627381771078272,4.206078976149918,24.408993529505945
5825.906,0.12945147145058197,4.206035848495347,24.410845046660274
5828.812,0.12526649736947068,4.206208000806714,24.405748878404708
5831.719,0.12790717771886434,4.206056746690058,24.41203874026031
5834.625,0.1269595741844741,4.205982789633764,24.411987373737066
5837.531,0.12408583359274795,4.206185875169156,24.403854897490312
5840.437,0.12769796630033747,4.20633555198471,24.403967636854176
5843.344,0.12399076726447732,4.206218388350269,24.40017003102252
5846.25,0.12454650791952689,4.2062091199302305,24.398483716020948
5849.156,0.1269230881890708,4.20665157503094,24.39961060181626
5852.094,0.11579558812627781,4.205592534227678,24.398724476795195
5855.0,0.11603703944858647,4.205301273072623,24.390595695970337
5857.922,0.11929991772323328,4.205222450876217,24.4025456021081
5860.828,0.1171746212552396,4.205458763341989,24.395442650875477
5863.734,0.11405717551020342,4.205344054043439,24.40166291129915
5866.64,0.11499257392263507,4.20530936655687,24.402653147386612
5869.562,0.11387245661371419,4.205291076831683,24.394355572669333
5872.469,0.11412160807280855,4.205321576468242,24.39816027305614
5875.375,0.11676918618832352,4.205218418791199,24.397895121617896
5878.281,0.11551908405042816,4.205337994041308,24.389710824437692
5881.187,0.11733281363745458,4.205072480398079,24.39308452853283
5884.125,0.11628132181568229,4.205514974195978,24.391697862597063
5887.047,0.1144556320729033,4.205289263953282,24.38911292115335
5889.953,0.11499470121717927,4.2053643674935905,24.38690881902114
5892.859,0.11512148042957594,4.2054245721539445,24.383549302552293
5895.765,0.11592791940711922,4.20520396424786,24.383446713713084
5898.687,0.11638428053244221,4.205428502543897,24.37831791873641
5901.594,0.11574910822446523,4.2052112744011465,24.37353531414513
5904.5,0.11647114261702694,4.205365512374503,24.3859826336646
5907.406,0.11447296885753143,4.205404585371853,24.38427314104516
5910.328,0.11516636687354533,4.205411466092253,24.38070120156815
5913.234,0.11655017469547906,4.205439288577816,24.374026354267524
5916.14,0.11548089452130923,4.20524098635711,24.365374804516502
5919.062,0.11370988364841371,4.205624272042991,24.379546308058625
5921.969,0.11682100835283986,4.205532261317883,24.373123975659144
5924.875,0.11374367916626352,4.205581855715536,24.36115222174196
5927.781,0.11668562265346481,4.205579699518819,24.3659602798561
5930.687,0.11640020010680939,4.205332593501857,24.364862945009346
5933.609,0.11354300185388688,4.205420233214011,24.35647994955936
5936.515,0.1180086896607888,4.205428245921118,24.365213106148058
5939.422,0.11366253416069402,4.20533297401545,24.36235234417492
5942.328,0.11561951063347253,4.205556999689577,24.366283047199374
5945.25,0.11379774791606631,4.205519591155521,24.36266904564767
5948.156,0.11581483215196962,4.205421395147367,24.364000258155606
5951.078,0.11417121510169523,4.205710866397405,24.36075780200824
5953.984,0.1164124479423179,4.205256233003556,24.355851281737845
5956.89,0.1169735237166581,4.2053732992805175,24.359607862754284
5959.797,0.11423954796311088,4.205545554508354,24.360577914486353
5962.719,0.11195494967872724,4.205665933089509,24.360024721735908
5965.625,0.11171325357954144,4.205629685609824,24.36331616010198
5968.531,0.11423029515527548,4.205556804045752,24.36247992769272
5971.437,0.11659367052131986,4.205974875612365,24.36074365235931
5974.344,0.11733846662045348,4.205554122546705,24.35644268288392
5977.265,0.11124226905246512,4.205680760826447,24.345452500829705
5980.172,0.11470688753433095,4.20556031210556,24.353360063200157
5983.094,0.11501769270564605,4.205719447776966,24.353026912116555
5986.0,0.11768496299252035,4.205502082086429,24.35311978123557
5988.906,0.11093966060865373,4.205839932544308,24.345799206312485
5991.812,0.112945567133627,4.2057696371798645,24.354468774037553
5994.719,0.11706303659948557,4.2057665078569295,24.345729582780432
5997.64,0.11262195686833015,4.205905651061965,24.346068476422843
6000.547,0.11479466687517322,4.206017726719868,24.341119316752827
6003.453,0.11158215930840568,4.205835058971781,24.348130234430304
6006.359,0.11554081356151007,4.20592235623065,24.345798302175517
6009.265,0.11166819492535213,4.205965368589488,24.340900581304993
6012.172,0.11375878085166745,4.205939447115203,24.349383285848
6015.094,0.11394050764490704,4.205978666113383,24.34868941195306
6018.0,0.11743299137545347,4.205754470704201,24.341323740442693
6020.906,0.11108064709467137,4.206114057918218,24.348606327182654
6023.828,0.11488185248092253,4.205921677756786,24.33998643327206
6026.734,0.11435411807900346,4.206013594336326,24.34239995155975
6029.64,0.11699846213185099,4.206145601046282,24.340652107615
6032.547,0.1117475190217381,4.205930959679088,24.337340804370736
6035.453,0.11687476519859034,4.206018588729718,24.33804847698363
6038.359,0.11360580464321274,4.206073970646843,24.332347138747494
6041.281,0.11449952355824757,4.206218676110404,24.331469616224588
6044.187,0.11496668935339853,4.206075682684725,24.33833853862383
6047.094,0.11645019235741251,4.2061931370160295,24.3286233828763
6050.015,0.11401094919383294,4.205948252255349,24.325321651901167
6052.922,0.11397664502480262,4.206044145114627,24.32766497490568
6055.828,0.11636829853086988,4.206377965486496,24.335200125604963
6058.734,0.11210952548895661,4.206156534157317,24.336309913000264
6061.64,0.11421013761637912,4.206009727449436,24.324269364049186
6064.562,0.11403614972236384,4.206123073410952,24.32970788832111
6067.469,0.11605171619778382,4.206449742668835,24.320115598405984
6070.375,0.11564166013154828,4.206046609786061,24.317059120678472
6073.281,0.11304976208371272,4.2063780583284895,24.320725085027334
6076.187,0.11370006192888955,4.20623273555712,24.320872099813045
6079.109,0.1134082153463042,4.20637526606821,24.329733860703705
6082.015,0.1130789103760429,4.2064299227770965,24.324279089884968
6084.937,0.11434682689731795,4.206156495377178,24.321075134006534
6087.844,0.1139974260543634,4.206261733784,24.323919810664346
6090.75,0.1127960193578096,4.206259525859448,24.31365871835942
6093.656,0.11207833569625893,4.206402852718984,24.3148474035513
6096.562,0.11243080589327424,4.206502429182437,24.316105315303876
6099.484,0.1117816459150097,4.206316069541563,24.315349926033004
6102.39,0.11467183613791264,4.206360601904075,24.308125970877978
6105.297,0.11264881799462623,4.206457495177383,24.308856532226518
6108.203,0.11459488877485796,4.206613039731651,24.306308940692244
6111.125,0.11395745736903837,4.206380136607451,24.309464516201114
6114.031,0.1138946933769675,4.206356507934298,24.313392932556447
6116.937,0.11348251134424925,4.206527312847874,24.3106101507976
6119.844,0.11204325381973088,4.206663973986964,24.306539697728933
6122.765,0.1105142497577712,4.206603049354438,24.300568969068472
6125.672,0.11059192538628058,4.2067005472504375,24.308736513907608
6128.578,0.11204519921523569,4.206722933225323,24.298802333116786
6131.484,0.11368150702188771,4.2065421300955785,24.300363457745952
6134.39,0.11317316646831607,4.206676708908922,24.304234600863
6137.297,0.11192133553760736,4.206682336859493,24.304466079561465
6140.219,0.11525242928224223,4.206891922233687,24.303050535201493
6143.156,0.11154032357615974,4.206830833036122,24.299550504188957
6146.062,0.11415365125611196,4.206552872956522,24.29625676348861
6148.969,0.11305875293609435,4.2066152665615055,24.299089921701704
6151.875,0.114377621690926,4.206937254629937,24.29741489985594
6154.781,0.11087508261029257,4.2068565628687855,24.292367394376647
6157.703,0.11467731402998063,4.20678728048651,24.293776391435973
6160.609,0.10968611975344683,4.206694868146881,24.295531048350327
6163.515,0.11119847238258078,4.206881376311049,24.291134605683055
6166.422,0.1119707760222926,4.20695062018474,24.290676833466446
6169.328,0.11152190959797059,4.207008637260917,24.29215724032471
6172.234,0.11587619507661376,4.206730625473223,24.30006145620468
6175.172,0.11324776267106793,4.206882160276864,24.29099645764911
6178.078,0.11246230632675594,4.2070688754234835,24.28891912423916
6180.984,0.11267921836892904,4.206983631041321,24.287926046565662
6183.89,0.11269272300079712,4.206999661329131,24.28369844005964
6186.812,0.10972672665482398,4.2069401487844,24.285625810772125
6189.719,0.11211256759561056,4.207067130884668,24.2882244751801
6192.625,0.11345950655521869,4.20708434224427,24.28691695356606
6195.531,0.10869905107033079,4.207122431362298,24.27436736238273
6198.437,0.11246852018232728,4.207093381932722,24.27521400498495
6201.359,0.10925064173144455,4.2070265752527485,24.2867557236356
6204.265,0.11256659837607225,4.207276277645457,24.285422230259726
6207.172,0.11263130601282868,4.207059560406378,24.27633259313552
6210.094,0.11198493231381214,4.207127863234918,24.282381085366474
6213.0,0.11120194959986204,4.20752912124813,24.27629847687612
6215.906,0.11244407848614886,4.207468436345229,24.277564309606017
6218.812,0.1110083146631776,4.2073438480087395,24.28611276163901
6221.719,0.11048319486971087,4.207181242387511,24.286812674739007
6224.625,0.1114764535550317,4.207307906933725,24.283432755041094
6227.547,0.11139812585812305,4.2073961279068515,24.279333861106508
6230.453,0.11183947779183902,4.20712907694932,24.274966202378508
6233.359,0.11141676628408395,4.207408573574582,24.27997249990675
6236.265,0.11106051971483429,4.207496930481174,24.274221119464045
6239.187,0.11247769285333827,4.207443865304234,24.277315915835604
6242.094,0.11317558083192258,4.20729470776929,24.26715243472548
6245.015,0.11246065358417445,4.207518044305245,24.270880174023517
6247.922,0.11272351043404095,4.207448603597703,24.272498214212256
6250.828,0.11026330499137234,4.20773819523129,24.27024067559952
6253.765,0.10391185023483127,4.206690285390382,24.263034260217104
6256.703,0.09210854780848808,4.205758664515237,24.271084699418022
6259.609,0.0934259538541245,4.205702980676383,24.272272509394277
6262.515,0.09442462111191637,4.205649156377085,24.27095438246801
6265.422,0.09400031504960261,4.205547968044366,24.26436734029447
6268.328,0.09204234906897396,4.2054776867621975,24.264061616810498
6271.234,0.09305053330904701,4.2053271841277535,24.26332421450716
6274.156,0.0976373849246321,4.205482786389879,24.270986295299945
6277.062,0.0916025567997959,4.205591512645468,24.265156995763167
6279.969,0.090337105507065,4.205376414854334,24.267395660443114
6282.875,0.09566321621045779,4.205283478434028,24.267562629766967
6285.781,0.09162653449104853,4.205410075487833,24.267696510234206
6288.719,0.09063494901648925,4.205428632438667,24.269189023364582
6291.625,0.09429242926379901,4.205606547089124,24.26869701336292
6294.531,0.09487828133773911,4.205090592933457,24.267834268706537
6297.437,0.09487250600275177,4.205422130343434,24.264194102265375
6300.344,0.0976992401049163,4.2053390275645075,24.265717867461504
6303.25,0.0941632857838945,4.205072878823046,24.25670719957001
6306.172,0.09155650992407922,4.205269937807699,24.264618199311666
6309.078,0.09485148956902714,4.205214965237392,24.256767075785405
6311.984,0.09584682419716663,4.205441908352336,24.256260003130095
6314.89,0.09254119272731262,4.205535612317512,24.259454073244225
6317.797,0.09233054136965929,4.205620774286214,24.256299038462153
6320.703,0.09095084618945541,4.205391619876994,24.256781469433403
6323.609,0.09341186251541297,4.205088977423949,24.255455596620646
6326.515,0.09218176284127426,4.205375716278697,24.25366963654306
6329.437,0.09298763609317956,4.205145168293152,24.24985609905479
6332.344,0.09342456856686872,4.205217080828064,24.250762507191393
6335.25,0.09219355995615691,4.205228307799079,24.251030441551844
6338.156,0.09319500221798696,4.205306896882532,24.25266912523465
6341.062,0.09348140398888143,4.205463538738115,24.254968198466788
6343.969,0.09372481720401653,4.205426464380681,24.25246762103819
6346.875,0.09072827219678457,4.205256874876491,24.25469769034724
6349.797,0.0932921461734748,4.20533727955418,24.249862609946078
6352.703,0.09509974965331648,4.20506811456096,24.244733579546427
6355.625,0.09371439355223961,4.20530549400041,24.245174873409532
6358.531,0.09430445060206558,4.205245427321491,24.238981040347635
6361.437,0.09629825558474835,4.2054428093364375,24.2421015575721
6364.344,0.09458783168115363,4.20517971835131,24.240374546346953
6367.25,0.09551286727361304,4.205135493738591,24.24238937125024
6370.172,0.09167682778077947,4.205359731804476,24.235131735222463
6373.078,0.09319205881756308,4.205425698368367,24.243343335011993
6375.984,0.09312069393478388,4.205447494117573,24.242054287003572
6378.89,0.0929664479361066,4.2054138566166,24.234774713432248
6381.797,0.08856676403483263,4.205318759938831,24.233197522741552
6384.703,0.09272655221847015,4.2053209803339575,24.234896452825627
6387.625,0.0958244880045864,4.205204753477416,24.234384454956135
6390.531,0.09334058823421912,4.205462139724561,24.233760220863573
6393.453,0.09182443815511471,4.205468886436344,24.2305914816022
6396.359,0.09277467362322264,4.2053313284127345,24.230032847145868
6399.265,0.09198372277767514,4.205186725380874,24.23616954935201
6402.172,0.09267819970273357,4.2055771888734395,24.22168163417851
6405.078,0.09174817417711034,4.205305305006667,24.233367185810067
6407.984,0.09274541326379244,4.205389783328368,24.233949141636405
6410.89,0.09295462547486023,4.205515160096098,24.222942458762518
6413.797,0.09195092481387455,4.205393681929785,24.23066293622502
6416.719,0.09290909614528306,4.205338607970183,24.230511496005672
6419.625,0.09289554152053732,4.205557244389823,24.22298856908819
6422.547,0.08844203709292667,4.205266347273901,24.224727845435737
6425.453,0.08943430390913215,4.205549539305732,24.225033776568132
6428.359,0.09502563254125723,4.205386780274381,24.22083430866629
6431.265,0.09180621293759074,4.205310117755139,24.219309560902435
6434.172,0.09366805035081453,4.205474042471751,24.223526026415783
6437.078,0.09292266839899932,4.205489045461003,24.22302265802784
6439.984,0.0926348084883404,4.205502202605333,24.229538017770032
6442.906,0.09121288540634855,4.205538622651782,24.22654288091225
6445.812,0.09445965551275494,4.20550644153445,24.220076401346606
6448.719,0.08992774803956678,4.205586157396597,24.223701948361146
6451.64,0.09056834364892205,4.205563224438917,24.22862020354563
6454.547,0.0935119514171202,4.205331911824862,24.227858749217884
6457.453,0.09230273132203141,4.205676696833866,24.225422585028
6460.359,0.09096871007763843,4.205364152614305,24.218779504929287
6463.265,0.0930393929762354,4.205535430665635,24.204956114651946
6466.187,0.09360125856798107,4.20567095666908,24.211774133701695
6469.094,0.09577854277856185,4.205646563289676,24.216475830465807
6472.0,0.09148053346325523,4.205753025782022,24.204772084876105
6474.906,0.09567981413646748,4.2056448913156785,24.201337089115956
6477.812,0.09287705086122502,4.205565117182742,24.20552562105811
6480.719,0.09395156836284001,4.205768681312891,24.210100893821643
6483.64,0.09327325463147132,4.20543515900854,24.21251685956295
6486.547,0.09167467994336656,4.205651295957617,24.20909586197068
6489.453,0.09425647131650483,4.205659607826341,24.210024099035753
6492.359,0.09040996453187838,4.20569038483003,24.20396437430232
6495.281,0.08888696947349495,4.2059148307634455,24.205953056208582
6498.187,0.0938879221221845,4.20553504842608,24.205119616639813
6501.094,0.09316081852740311,4.205673688655418,24.200224702524494
6504.0,0.08967776208744452,4.205898251227935,24.208427479865794
6506.906,0.09123920365285061,4.205800048380695,24.199042116992104
6509.812,0.09411564112733506,4.205729713328367,24.2058706940731
6512.734,0.09154100992640309,4.205998310683302,24.20545160860836
6515.656,0.09224243773396865,4.205810573364077,24.207763145371455
6518.562,0.08946089162532841,4.205911555141495,24.206510074851614
6521.469,0.09462347942782487,4.205837646979007,24.200223479694895
6524.375,0.09401009108009238,4.205862961453453,24.206896271073827
6527.281,0.08893521458492677,4.20618557349882,24.20204419907848
6530.187,0.09198714149179242,4.205771329719307,24.20473199346011
6533.109,0.09374624144414506,4.205661271545195,24.20267620797437
6536.015,0.09297617755416625,4.205956293187683,24.20191548340973
6538.922,0.08976188697350161,4.20599346195656,24.198041593338928
6541.828,0.08903493697896622,4.206016325004985,24.20603728047293
6544.734,0.09149643706722774,4.206057983064446,24.19839829991027
6547.672,0.09183066323339183,4.206038291340252,24.200109197217355
6550.578,0.09138324897338213,4.205832801748502,24.20232423603936
6553.484,0.09311946123125321,4.205963985809481,24.200319928861113
6556.39,0.0909860423119845,4.2060838177537905,24.198291115011774
6559.297,0.09221889231112958,4.205809168580817,24.20148329495108
6562.219,0.08686837321919706,4.2060623323317685,24.19296384090873
6565.125,0.09341800321734531,4.205966848284652,24.197447923122642
6568.031,0.09295038367371425,4.206114711471386,24.20484542335174
6570.937,0.0917451143433073,4.206145265388086,24.19642543274758
6573.844,0.09163849043125916,4.206058381336362,24.20375817137386
6576.75,0.09039496321551467,4.206135246768856,24.19460186642886
6579.687,0.09218176260394542,4.206197031189251,24.194664530661033
6582.594,0.0910440022908031,4.206058159389543,24.19320183214498
6585.5,0.09077819092688194,4.20635410916517,24.198625764274
6588.406,0.09327097074051298,4.206186590768798,24.1951483147606
6591.312,0.09056610514031305,4.206156712779667,24.19571361387709
6594.219,0.0931774600531505,4.206300570310074,24.194908762657548
6597.125,0.09519467341099423,4.2061871483257836,24.198682719835826
6600.031,0.09326744184334165,4.2060980782876,24.194053130324907
6602.937,0.09002886991941612,4.2062616203322865,24.196734905703003
6605.844,0.09262168926687636,4.206122553829129,24.19499555975028
6608.765,0.0912742127089105,4.206270534780423,24.185037674703977
6611.672,0.09167806409084915,4.206194238755656,24.18187518402466
6614.578,0.09167836963597381,4.206262729196484,24.184634988275015
6617.484,0.0883820796469306,4.206286292094741,24.187372641172693
6620.39,0.09032097789954155,4.206531219304287,24.18335047879016
6623.297,0.0877208270272841,4.206303975208132,24.19032400219487
6626.203,0.09166286715594686,4.206326797613316,24.188181011543104
6629.109,0.09117898517016382,4.206512541181936,24.188710040192785
6632.015,0.0904769809672613,4.206490241805015,24.19257796419112
6634.937,0.08884496113292382,4.206307382453465,24.192705054743282
6637.844,0.09033795273053276,4.206553739386658,24.18761923727941
6640.765,0.08040024527338979,4.205497947561053,24.18289169058286
6643.672,0.08100671649082,4.20543097287352,24.181314541983525
6646.578,0.08416617503171758,4.205643315312054,24.183788678983703
6649.484,0.08247365444451374,4.205269265002555,24.193309700079304
6652.39,0.08050045671741819,4.2053239152653275,24.183720122984298
6655.297,0.08248568372778461,4.205252473338346,24.18086672264858
6658.203,0.08630482113326667,4.205467125078982,24.17900898476103
6661.109,0.08205125693490357,4.205429746677469,24.183447377136005
6664.015,0.08684808418430721,4.205479065284201,24.182195056330762
6666.922,0.07982928684157414,4.2053171543216,24.18241439342254
6669.828,0.07812195890600546,4.205387757505556,24.18019081690993
6672.75,0.08411553341594656,4.205615573699036,24.180490531988525
6675.656,0.08113664559005938,4.20546993418326,24.18109424168026
6678.562,0.08190912743523796,4.205370075628351,24.168546165555988
6681.469,0.08053000643954075,4.2054019781454315,24.177004994471133
6684.375,0.08208260016308273,4.205221312119495,24.177140524289737
6687.281,0.07818262792475157,4.205408132368113,24.170057358406687
6690.187,0.07927711316644644,4.205247601324357,24.178130300411475
6693.094,0.0806872977258305,4.205333611106365,24.172843103160506
6696.0,0.07736702341865605,4.205458700668269,24.175800338848102
6698.906,0.08284222519607365,4.205326751874536,24.181406879648307
6701.797,0.07897121962350248,4.20548053920709,24.175741058109388
6704.703,0.07972866024676616,4.205792441336337,24.180598630398244
6707.625,0.08502683227718039,4.205395293399481,24.17400168755022
6710.531,0.07561105911746693,4.20539801271566,24.171807831459148
6713.437,0.08066485473809132,4.205368925620084,24.1711133386895
6716.344,0.08042013267530819,4.205402197793639,24.162815218819503
6719.25,0.079862640703102,4.205518755068667,24.165529760924432
6722.156,0.08099672688987611,4.2052563891378885,24.170696449279973
6725.062,0.07883658327192421,4.205438857597886,24.158919388902145
6727.969,0.08157412267462642,4.205529443510755,24.170414734288457
6730.875,0.08305018958256564,4.205349749450275,24.163032465174435
6733.781,0.08378274388639938,4.205482314096898,24.167921413757398
6736.687,0.07926098367997082,4.205476936871073,24.16871351632686
6739.609,0.08037379820378358,4.205392846295535,24.1660252828768
6742.515,0.08077744532255224,4.205484890160444,24.15827710629074
6745.406,0.0842439253595481,4.205258692807477,24.162057879470904
6748.312,0.08098293278798906,4.205484447877946,24.156789092287106
6751.219,0.08128953756187715,4.205447762191054,24.16050371837272
6754.125,0.07852471151648896,4.205416428227902,24.159188827705037
6757.031,0.07991892274726499,4.205433113127303,24.169293188822394
6759.937,0.08014297537648589,4.205524195927519,24.164718615278343
6762.844,0.08146136333415424,4.205465506738825,24.160375990232257
6765.75,0.08055271826093777,4.205255037083073,24.156074138727046
6768.656,0.08052548201024726,4.205483620407565,24.15138995880124
6771.578,0.07940854965349632,4.205817727977952,24.158198459409817
6774.484,0.08043083993869964,4.205634035794657,24.15542962437224
6777.39,0.07806318325870744,4.205645474875617,24.15887707136649
6780.297,0.08060050074409097,4.205689320940853,24.1521167542112
6783.203,0.08145753676256737,4.205669038043612,24.156975938058206
6786.109,0.08308468807916727,4.205281101688344,24.155887383118078
6789.015,0.08117763477382023,4.205707281807135,24.162529852607943
6791.906,0.08258530580191774,4.205348111912397,24.15078164875861
6794.812,0.0842686031321858,4.205725817242057,24.148090455906345
6797.719,0.08045234630505292,4.2055659462724835,24.15429027603064
6800.625,0.08058120760093632,4.2054350766327575,24.156853413265917
6803.547,0.0772525455178346,4.2057347864451105,24.148456300993445
6806.453,0.07985153426478883,4.20590774933833,24.15020798894201
6809.359,0.0804522709226365,4.2056087335016805,24.13837122511649
6812.265,0.08340924725266911,4.205291902783373,24.154102824222836
6815.172,0.07900017234929711,4.205800076286439,24.140063425780973
6818.078,0.08181799287824433,4.205726772488812,24.15078672600907
6820.984,0.08125289298355201,4.205813295718716,24.1514957029347
6823.89,0.08002244328712473,4.205785451552047,24.13855753849958
6826.797,0.0820199531535183,4.2058462415264435,24.143250740926163
6829.703,0.08045536121174329,4.205639706736043,24.134884249224882
6832.594,0.07706413430360595,4.205660451988109,24.14703906526209
6835.515,0.081347700942078,4.205636339941949,24.14247417335546
6838.422,0.08191928497100387,4.205717008136351,24.13535220484977
6841.328,0.07984703644724093,4.205773191499936,24.136752673291266
6844.234,0.08011315359657915,4.2058931703277365,24.13534491167163
6847.14,0.07915308637573835,4.205936894762052,24.13863251491632
6850.047,0.08175485925491321,4.205625746930998,24.14400682232902
6852.953,0.08008818337395784,4.205699489461542,24.14032462194115
6855.859,0.08020303423430894,4.205847289122249,24.144983185751546
6858.765,0.077430853702799,4.206004921270922,24.137718532941896
6861.687,0.07784226993772361,4.205959998568368,24.14537313849297
6864.594,0.07833885272729749,4.2060060352889685,24.143890341860697
6867.515,0.07728648318263724,4.20570274968265,24.14251016433315
6870.422,0.08013024111664543,4.206038629533702,24.13999673533521
6873.328,0.08046455800393607,4.20586430935121,24.136867847281795
6876.234,0.0801135075620221,4.206075565147555,24.13910692883795
6879.14,0.07884825846582917,4.206010782965135,24.14234278668602
6882.047,0.0795401231803158,4.206040930027932,24.13927124737299
6884.953,0.08109032735582859,4.205976358721588,24.14639133624824
6887.859,0.08093163225075889,4.206003996563434,24.139344893413174
6890.765,0.07790192811078214,4.20613440163301,24.128931477061652
6893.672,0.08061391176319045,4.2059869443107605,24.127955152722322
6896.578,0.08144463423526453,4.205639848799882,24.13382457003432
6899.5,0.08162811788567616,4.2059094179432694,24.133897132893768
6902.406,0.08036018421009226,4.20610780214617,24.129738223382116
6905.312,0.0759588093239155,4.206104332745237,24.139631444448842
6908.219,0.0788744836847903,4.205897598067265,24.136222323610745
6911.125,0.0822236367868213,4.206054747292201,24.1387302477947
6914.031,0.07957401724089894,4.20603090526001,24.145005901911297
6916.937,0.07872708017136855,4.206200302259034,24.13731728252957
6919.844,0.08031491708885052,4.206011896830642,24.137634255864644
6922.75,0.07835961679005118,4.206060099255345,24.12811667626301
6925.656,0.07971564826227572,4.206008155971878,24.128965052526024
6928.562,0.07727571803231323,4.206064813419126,24.125224812254046
6931.5,0.07931456504641039,4.206095953237293,24.130933116698003
6934.406,0.0801196252891503,4.2061367482106276,24.127845361497805
6937.312,0.07999533083256147,4.205917820459568,24.12982391489252
6940.219,0.08124308566886988,4.20615316012127,24.1337807821255
6943.125,0.07823404548672891,4.20632372493174,24.132207443041498
6946.031,0.07699815770113605,4.20634711615235,24.13497508728306
6948.937,0.08024614643363615,4.2062079247492035,24.13491939916293
6951.844,0.07948886407223514,4.2059310169006325,24.1289029262459
6954.75,0.0797046814802512,4.206293952980078,24.128827531584523
6957.656,0.08140640005158876,4.206362572047221,24.128213209653808
6960.562,0.08023447515112117,4.206065475292615,24.12566769187781
6963.5,0.0767816911910674,4.206264587688669,24.12849985892904
6966.406,0.08317760895085388,4.20623866143407,24.12827638057084
6969.312,0.07313938342668233,4.206362095994598,24.130456080685132
6972.219,0.0768305113646773,4.206269038379734,24.134365055529226
6975.125,0.07861849819895139,4.206202406036243,24.121691842038164
6978.031,0.08434264758370733,4.206460389899492,24.12814671928702
6980.937,0.07728008297327861,4.20635001331209,24.123169582320067
6983.844,0.07551982309655796,4.2064800668966935,24.132072773115663
6986.75,0.07425178320738261,4.206114881731189,24.127494640630054
6989.656,0.07656304243369227,4.206355028953517,24.12522719554792
6992.562,0.07667216025770411,4.206704863584114,24.118042435038497
6995.5,0.06960027422002972,4.205616987790496,24.123553831114556
6998.406,0.06514510366931073,4.205621846804061,24.125036684348057
7001.312,0.0685412338880066,4.205260762171212,24.117216791749563
7004.219,0.0679875838666409,4.205362632633041,24.11284968893703
7007.125,0.06863621238285639,4.205432691366637,24.11349705579183
7010.031,0.07270396238251386,4.205015917876043,24.11495428137228
7012.937,0.07149648557252593,4.205201214533768,24.117667594954174
7015.844,0.07168708697025439,4.205472722751364,24.120713604898874
7018.75,0.06626745991644764,4.205339989934852,24.121956878256114
7021.656,0.07194424364168908,4.205188076410479,24.114529303311585
7024.562,0.07100888630560903,4.2051529024635075,24.11117506590071
7027.484,0.0754391152599584,4.205371213562327,24.114421266172684
7030.39,0.06911144265268364,4.2053626389715655,24.110924787955714
7033.297,0.07072823400024159,4.20524823305574,24.10913603599427
7036.203,0.06898380672590658,4.205259512225705,24.106941762231976
7039.109,0.06682545607579071,4.205588870218127,24.11013847879668
7042.015,0.07062888805234123,4.20527003277872,24.106709972353226
7044.922,0.07652925150271787,4.205140195376458,24.108674213435282
7047.828,0.07430425844271843,4.205059890815444,24.10768555470852
7050.734,0.07309927533814936,4.20520597511671,24.1100777229586
7053.64,0.07175562506169623,4.205217360095914,24.107802243893488
7056.547,0.07123418861977376,4.205430616675443,24.106637505938536
7059.453,0.07158192884939134,4.20513517459292,24.117850485526716
7062.359,0.07446450068070767,4.205141934516005,24.111496517972487
7065.265,0.0743553293288056,4.205269406028944,24.10569428215099
7068.187,0.06661781091885323,4.205452640017807,24.11078361927947
7071.094,0.07307513656975533,4.205091930784246,24.104356832827975
7074.0,0.07371064113609024,4.205357498884813,24.10792497499338
7076.906,0.06435424468620875,4.205642763558412,24.11800532787124
7079.812,0.07397261305245767,4.2052278125456795,24.111989213572084
7082.719,0.06614753989046383,4.2055293721790585,24.101629641102292
7085.625,0.07210988300301566,4.205550681384641,24.106112490104827
7088.531,0.06887994998444104,4.205619695528591,24.106549759149033
7091.437,0.07194939831141905,4.2051767708583645,24.107239171674514
7094.359,0.07201222070290268,4.205448914779491,24.101714350077188
7097.265,0.07224589152391618,4.205666950521308,24.10364400896325
7100.172,0.06998778093623914,4.205566893489697,24.108033002575436
7103.078,0.06804856566086384,4.205495434753901,24.10456846529119
7105.984,0.07505743192522855,4.2052738440125665,24.10831881716587
7108.89,0.06795115316187698,4.2056696680952,24.10209595841783
7111.797,0.0710422486946177,4.205194275498067,24.10383714085376
7114.703,0.06893639534488147,4.205404052500067,24.109881836922778
7117.609,0.07011710935335332,4.205342036910764,24.10293043263518
7120.515,0.0700643458913042,4.205455433157853,24.103250380873142
7123.422,0.06994591512686668,4.205387353033954,24.099072444356917
7126.344,0.07266184605810064,4.205331089548263,24.100223118315935
7129.25,0.06897330138847464,4.2056155277636185,24.104206628054513
7132.156,0.06968766712534075,4.205752788572293,24.09484302051375
7135.062,0.07060485450525801,4.205381936154399,24.097208452106152
7137.969,0.0679421413373665,4.205508560226467,24.09971786186326
7140.875,0.0692250067452733,4.2056008022039,24.10086064837419
7143.781,0.07348416431210117,4.2054940005646415,24.100114868819386
7146.687,0.07457855276683402,4.2058640516380414,24.095706326566077
7149.594,0.06749217459421747,4.205529212889055,24.098160088008235
7152.515,0.07190424389728285,4.205631907226667,24.096979059274872
7155.422,0.07170998480515743,4.205553313840091,24.09558660438272
7158.344,0.06964678403871288,4.205625667486788,24.098744008117148
7161.25,0.06800215035668668,4.20550850402426,24.09982327594578
7164.156,0.06828318430811446,4.20557583276854,24.099185596813317
7167.062,0.07488628284365867,4.20565619889438,24.10108376074688
7169.969,0.0652495844415816,4.205595287343959,24.098826662834902
7172.875,0.0698127445126282,4.2054694063023765,24.10574645813907
7175.781,0.06791208906405995,4.205605038182035,24.087980420780124
7178.687,0.06691269965855916,4.205722548522884,24.093371852853597
7181.594,0.07041252589014577,4.205595527526769,24.10268294324894
7184.5,0.06880708143539951,4.205704692620974,24.09879782097909
7187.422,0.07129283488521344,4.2057252255912125,24.089854474700896
7190.344,0.06621067175840795,4.205676665706739,24.091308084052013
7193.25,0.06997776969142055,4.2057046414690555,24.09753235069874
7196.156,0.06913363188060742,4.20571001546155,24.08825847235333
7199.062,0.06883019256892885,4.205454070275776,24.088924222147774
7201.984,0.07180433715388693,4.205959279072131,24.086418808551823
7204.89,0.06932217027647757,4.205767411941248,24.097196983405073
7207.797,0.0673644949521613,4.2056366896148205,24.095488873985076
7210.703,0.06995049403532144,4.205657289334795,24.09132821017486
7213.609,0.06778376357602342,4.20584421711452,24.09466913777276
7216.531,0.07273103694335604,4.205741321287924,24.08839398024006
7219.437,0.06974222700979052,4.205688706075794,24.089934755649452
7222.344,0.06996965142305822,4.205733345826565,24.091384351989415
7225.25,0.06912970947621254,4.205579199962454,24.09222427730793
7228.156,0.06799061135766515,4.20583702714495,24.081160940541217
7231.062,0.06816251353590792,4.205740135460024,24.081399610119504
7233.969,0.07074543494335571,4.205938786658876,24.07850235937061
7236.875,0.0711200311456242,4.205825501301699,24.084039703474893
7239.797,0.07198130053488117,4.205424674639714,24.0777467287359
7242.703,0.07069860492340434,4.205848861849675,24.083616488565198
7245.609,0.0691115118182373,4.205785490395944,24.079818199773968
7248.515,0.0659753026128146,4.206054267131933,24.076751981739715
7251.422,0.06761523860835457,4.205819449203752,24.077866789120588
7254.344,0.06824630893838451,4.205813558352897,24.07688747115497
7257.25,0.0733946417639859,4.205763763279055,24.080800453186484
7260.172,0.06984314553213165,4.206130258940364,24.079067930840544
7263.078,0.07065896064046798,4.205773250129802,24.076764478504536
7265.984,0.07171656623172624,4.2058694801977605,24.073579315122966
7268.89,0.06894677984125148,4.2059534803619965,24.067093932079096
7271.812,0.06881682180393608,4.205994280681154,24.066399104952566
7274.719,0.06646867214455132,4.205910356453642,24.07119019346081
7277.625,0.06654803687780904,4.20584137180995,24.06869629320375
7280.531,0.06777174613994304,4.205832217690161,24.069955735300013
7283.437,0.06732206614035617,4.20580770407597,24.065095384112
7286.375,0.06992098424213047,4.205645996201803,24.067491347914707
7289.281,0.06757106269419716,4.205785657620129,24.07123282461265
7292.187,0.07056802308170067,4.205817459970077,24.06515286680014
7295.094,0.06971046555727858,4.205849011700952,24.07289813599845
7298.015,0.06927446332787592,4.205936071268631,24.06516021667486
7300.922,0.06883259377130352,4.206326222412754,24.064758758829523
7303.828,0.0687356926228643,4.206051862008035,24.064884756570144
7306.734,0.06598316823584438,4.206215163220963,24.068764038957852
7309.64,0.06685779899493902,4.2061342394059045,24.072255472230832
7312.547,0.06956975897907763,4.206226899139008,24.07374372094135
7315.453,0.0711885915094207,4.206076767537825,24.072776449355803
7318.39,0.06896146748496253,4.205869291766458,24.0711751006272
7321.297,0.06865607422465708,4.206106027120639,24.06911446245079
7324.203,0.06794349036296,4.205850753152495,24.062541983062548
7327.109,0.06561601338625077,4.206021819672364,24.05372488794508
7330.015,0.06908086691281075,4.206006919033091,24.05827672156173
7332.922,0.06619145240209894,4.2062229558262745,24.066116068088007
7335.828,0.06909711174551823,4.205993566133414,24.055496729292685
7338.734,0.06897747449893869,4.206072841473974,24.060356928757837
7341.64,0.0685528422185176,4.206247062066019,24.060056656479073
7344.547,0.07050546977692877,4.206034767896712,24.057569572254877
7347.453,0.06883663847843523,4.2061562279777585,24.062519570032812
7350.359,0.06733919974851314,4.206138911960527,24.06839998466803
7353.265,0.07016103037195189,4.206389343083897,24.064193890604052
7356.187,0.0745353203780825,4.205966482369165,24.0589552191385
7359.094,0.06966579109785495,4.2062637216889085,24.05653844082771
7362.0,0.06480799130965761,4.206344865556229,24.06282439231687
7364.922,0.0672575624773878,4.206402580514844,24.06453525588089
7367.828,0.06930693764102332,4.206219638634368,24.06717065309169
7370.734,0.06815271431401014,4.206072128427977,24.066612249530753
7373.64,0.06757537146025036,4.2065194640869255,24.062045558880808
7376.547,0.06923249271616548,4.20637061194461,24.065354889873912
7379.453,0.06701027031107738,4.206309837730877,24.063250303418638
7382.359,0.06593233393582254,4.206353384400706,24.058676382227272
7385.265,0.06635462830352294,4.2064108473333865,24.07080030532686
7388.172,0.07002354684980884,4.206296115240556,24.07052479516775
7391.078,0.06885966580300049,4.206244376291719,24.071073879652324
7393.984,0.06895194865909353,4.206333261445365,24.065583820485273
7396.89,0.06659145636548366,4.206206176969966,24.071544647163105
7399.797,0.06818277326877524,4.206167561239048,24.062429904772973
7402.719,0.0697884145620858,4.205997571467055,24.065155265490294
7405.625,0.0679976106460377,4.206384601870839,24.055010037753433
7408.531,0.0673342080612518,4.206498747390464,24.06288918862881
7411.437,0.06772631253041603,4.206490164631372,24.06317641093165
7414.344,0.06918822902461429,4.20626873060257,24.05361533632394
7417.265,0.06934839354877191,4.206217836855087,24.054378484917358
7420.172,0.06794588425217948,4.206523881115065,24.052908964297455
7423.078,0.06634727455686795,4.20630623455371,24.056127764070162
7425.984,0.06780419802429076,4.20637194726495,24.05842848265443
7428.89,0.06896192941740875,4.206648796778605,24.061156537939322
7431.828,0.05323006147906787,4.205584182813557,24.06162169363743
7434.734,0.06153873458989412,4.205796189340978,24.063289290570737
7437.64,0.05576816325208249,4.205814655440444,24.05482461087666
7440.547,0.058953251238889136,4.205655090532779,24.059026614099853
7443.453,0.061092207078854925,4.20554376075806,24.051801948174255
7446.359,0.058570941794986314,4.205488636653819,24.057126390411543
7449.265,0.06039611671384983,4.205455585821783,24.057068446044756
7452.172,0.05836736984782315,4.205523765400243,24.054397220867052
7455.078,0.06020239446356166,4.205203250296828,24.05280788586154
7457.984,0.05919680857730772,4.205413436414341,24.05520388845041
7460.89,0.05842483310353498,4.205642673378453,24.051178821301423
7463.812,0.0598827890212963,4.205380564102964,24.058222443175083
7466.719,0.05908443673249603,4.205228060400039,24.054505982248642
7469.625,0.059867229726994285,4.205391247976058,24.05191236432359
7472.531,0.05753270285542747,4.205488297462823,24.055162385431274
7475.437,0.0587363001228607,4.205403123916967,24.053702270520663
7478.344,0.05854079946546307,4.205417321387471,24.054568055220663
7481.25,0.05788252054957126,4.20549428903944,24.059426611027302
7484.156,0.05827462791578832,4.20564960031952,24.05204163587517
7487.062,0.05643093359222211,4.205240822975513,24.050608089520352
7489.969,0.057918592194323465,4.205428985620534,24.0475248608141
7492.875,0.05500114002808378,4.205589161597458,24.049244191330438
7495.781,0.059153759050612216,4.205499455434469,24.046080202200574
7498.703,0.05713487467424665,4.20547115367438,24.050627310149483
7501.609,0.057675228220920416,4.2053553328872715,24.050359938755026
7504.515,0.06298753592082004,4.205103781272631,24.04442731627357
7507.406,0.05684079871789847,4.205298053187724,24.047199893604656
7510.312,0.060920383412665556,4.2055203191587385,24.044550904697783
7513.219,0.05552713698410091,4.205402426852313,24.044718239844517
7516.125,0.05887989573541557,4.205306775088267,24.0388279169052
7519.031,0.0580818396285927,4.205417968593209,24.043950638963103
7521.937,0.05801733226927912,4.205356846194186,24.045165808803738
7524.844,0.05891126398458545,4.205327299946869,24.042497095676016
7527.75,0.0595027997193152,4.205504873057632,24.050318408769883
7530.672,0.058782460122413706,4.205428964572744,24.040021481359595
7533.578,0.05817186320190599,4.205356653117323,24.05381117422384
7536.469,0.06304221332368716,4.205111910056581,24.042115772682386
7539.375,0.057922770603258456,4.205250745328615,24.047864853146617
7542.281,0.06097830822231549,4.20552571405156,24.05401921280067
7545.187,0.058405749553028095,4.205373121752979,24.045915630553854
7548.094,0.05938365974815043,4.205581540343366,24.049470624972322
7551.0,0.057256901253818805,4.205549111306529,24.04325203846853
7553.906,0.059402691427253275,4.20531050495945,24.045782449025236
7556.812,0.061035300360312475,4.2052963743123275,24.04255078213006
7559.719,0.05870722906480148,4.205227510186802,24.035067165047167
7562.625,0.054659315077532536,4.20555106533212,24.042445556147676
7565.531,0.06054251471153586,4.205311709157882,24.03725295194155
7568.437,0.05874246420265483,4.205318650791402,24.036854634412617
7571.344,0.05929702400489755,4.20553328062564,24.03532426701412
7574.25,0.05779382041999988,4.205736775541861,24.037842123959056
7577.156,0.055586653544343466,4.205761841376235,24.0322849126975
7580.062,0.05526631616233095,4.205532351206707,24.042749479959728
7582.969,0.05639436462674087,4.20555616102488,24.035667570285256
7585.875,0.05812879855570017,4.205397631057051,24.033759318840588
7588.781,0.05725030059457227,4.205664383689146,24.041135523025346
7591.687,0.056463456315301995,4.205429775414399,24.032315188096902
7594.609,0.05935256440753627,4.205528154227487,24.042456605188537
7597.515,0.05987976789073997,4.205536297074703,24.038615867443887
7600.422,0.058431559244866704,4.205567592638822,24.040020626557965
7603.312,0.057096558587933846,4.205599302101058,24.03278133719139
7606.234,0.057157245913802286,4.2054598800445495,24.030390191160468
7609.14,0.062021199656826974,4.205548424965318,24.03896162477579
7612.031,0.05770577102909677,4.205499506060724,24.026798824957304
7614.937,0.05779172453497999,4.20575523890069,24.030879482344357
7617.844,0.059053818221581816,4.205681492174107,24.028518064370036
7620.75,0.05637717641035118,4.2057132933937496,24.03394087760646
7623.656,0.06022356498475826,4.205647428675575,24.03010021995821
7626.578,0.057362117590154256,4.205573630074674,24.02721573393576
7629.484,0.06009620245730696,4.205448501114152,24.02135245026424
7632.39,0.05633857030596138,4.205884733800205,24.016870407830037
7635.297,0.056613235075561874,4.205814144751862,24.02136465377234
7638.203,0.05786958867571231,4.205639748580559,24.023194513076795
7641.109,0.05753191783235504,4.205586852085938,24.02445856477813
7644.015,0.057230121657426164,4.205740592722427,24.02618688392235
7646.922,0.059026105240317435,4.205918874592872,24.02403090189188
7649.844,0.06014678853862391,4.205687448243464,24.032874619548345
7652.75,0.057424422648692644,4.205916182493192,24.03125620582634
7655.656,0.06211988595919321,4.205438641025101,24.034841475571934
7658.578,0.05757570248345536,4.205453320144263,24.03074543999271
7661.484,0.05946108328885066,4.205842369836092,24.027017790010586
7664.39,0.05787375691403123,4.205686783108175,24.024356296334915
7667.297,0.057452675545538776,4.205726966679366,24.025682317302792
7670.203,0.056186330395641866,4.20574329055767,24.015512496709068
7673.109,0.057374444974216995,4.205828702391522,24.02700042074366
7676.015,0.05427619056530052,4.205873202432577,24.017636369588047
7678.922,0.05840296228723205,4.205710859611225,24.0277403111329
7681.828,0.05961185117445409,4.205674073970279,24.024515851113946
7684.734,0.05756483532271593,4.205788231513619,24.025166783499767
7687.64,0.05842807409257751,4.2059559382175875,24.02757570924158
7690.562,0.055687278083033545,4.2059106036859655,24.024746675569475
7693.469,0.056913207939862036,4.20588281595636,24.025506489456138
7696.375,0.06034463887073336,4.205441939978136,24.030152242368167
7699.281,0.05690866506972603,4.205923613155082,24.029695387799862
7702.187,0.05751606250336643,4.20585849071332,24.02591634167853
7705.094,0.05762463557614292,4.205742768934564,24.023979801422744
7708.0,0.05874231855604431,4.205755844409823,24.023638423534912
7710.906,0.058417977541740794,4.205899890136546,24.030299035585273
7713.812,0.058794566982982584,4.2056548733117,24.02841081350516
7716.719,0.0569097365062896,4.205912595190341,24.02417949388535
7719.625,0.05462718022172871,4.206067693829567,24.025928052952878
7722.562,0.05764670902453416,4.205809150553669,24.025124983858323
7725.469,0.05559311324251351,4.205907176257617,24.02201859120213
7728.375,0.056853894881714585,4.205701926082086,24.02498624839656
7731.281,0.05545746908043413,4.206222517059716,24.01939861139943
7734.187,0.058880488874427754,4.205919500956831,24.02161353570585
7737.094,0.05843792870625344,4.205917294594685,24.02256413138007
7740.0,0.057457436682061186,4.205979772406034,24.018002672079824
7742.922,0.05828350026237537,4.205852942282527,24.019552090022472
7745.828,0.057632887829530424,4.2058985681827,24.01186619290371
7748.734,0.05583954744128287,4.205931093676505,24.01722334945175
7751.64,0.058887729096058376,4.20590355392501,24.01664511953589
7754.562,0.056014442856880904,4.2060216530324235,24.017725081903446
7757.469,0.0560699137552227,4.206005532062503,24.017935384584778
7760.375,0.05542327355020281,4.205888288129337,24.01617743963929
7763.281,0.05586266280010489,4.206109096555914,24.01265698025415
7766.187,0.05866186106444425,4.2059399917247,24.00804950347309
7769.094,0.05607959402222449,4.206225794091888,24.013820524109384
7772.0,0.057818675051781065,4.205981214613715,24.012679914233736
7774.906,0.05611969509317209,4.20589931888289,24.013204211362613
7777.812,0.05892744698141457,4.20601741868021,24.009371959676745
7780.719,0.058972134990977705,4.206000497601097,24.02067765883577
7783.625,0.05790132558064129,4.206122809142263,24.019115417184988
7786.531,0.05283969550146531,4.206025195958433,24.019269846468568
7789.437,0.05717733724168822,4.206068164698557,24.0193632973224
7792.344,0.057558143135134195,4.206070993246492,24.01522750487507
7795.25,0.05677193499455916,4.2062307954855145,24.00927876946956
7798.156,0.05721753717504854,4.206224038117688,24.01971038688154
7801.062,0.05376176041181297,4.206197029624492,24.0142306234356
7803.969,0.05835063426358934,4.206157950579087,24.01801820930164
7806.875,0.056588226066331286,4.2061721235474705,24.006853548112915
7809.781,0.05590652141854074,4.206330568709996,24.008858317828015
7812.687,0.05689650831355024,4.205897071689611,24.008315426574445
7815.594,0.059531505073888755,4.206138009218151,24.01038503636389
7818.5,0.055707135170032174,4.206345988524358,24.00215782418014
7821.406,0.05665292699428381,4.206254727866562,24.008171197050036
7824.312,0.058650245080652655,4.206193022458122,24.00953671784818
7827.219,0.05561455995617067,4.206242023759101,24.007793011100397
7830.125,0.056156889086965506,4.2062543549654325,24.009692735465617
7833.031,0.056856362097792476,4.206228126408119,24.000897386406507
7835.937,0.056598710083633874,4.20606360108456,24.002096644547063
7838.828,0.057684880653932354,4.206111167083498,24.004410760854746
7841.734,0.055212716549526926,4.20613775836393,24.008935036495668
7844.64,0.058281697248981044,4.206475249779478,24.003510813138494
7847.547,0.05776324772625429,4.206339545947092,24.003434251690496
7850.453,0.05639906276820755,4.206024071597235,24.0015105063883
7853.375,0.05756546985458599,4.206044378962249,24.001132527119598
7856.281,0.055489654106076224,4.206374879638723,24.00039958226204
7859.187,0.057388781813701,4.206340618155767,24.001851180166675
7862.094,0.055818087535399616,4.206541368448518,23.992824098281318
7865.0,0.055295886535808074,4.206240647401894,23.99424387234617
7867.906,0.05583256339032987,4.206333644695847,23.99932222511457
7870.812,0.05686393450251662,4.206435834854048,23.993286375288015
7873.719,0.05469395721838201,4.206348282123716,23.993926496768104
7876.609,0.056871907682455335,4.206309869676878,23.992826969357786
7879.515,0.058656962326451886,4.206166492245047,23.995103887196763
7882.422,0.05676497561680214,4.206516536649214,23.999200092611712
7885.328,0.05858465616115613,4.2062151184483145,23.98697000279465
7888.234,0.05748473674848928,4.206535262296341,23.995924901314826
7891.14,0.05817035172809109,4.206401113807778,23.994613039823008
7894.047,0.056104510141302744,4.206082796519594,24.0000553298608
7896.953,0.05779929227880277,4.206567982038845,23.991595335340495
7899.875,0.04587582020555611,4.205402827823837,23.99827334648379
7902.781,0.049033347639838666,4.20545291112388,23.993395985259735
7905.687,0.04789884368604725,4.205170894580707,23.99145935146101
7908.594,0.04777944673600081,4.205349635070173,23.990683975854697
7911.5,0.04670427852408544,4.2056363826101,23.98836655229617
7914.406,0.045913242634359835,4.205438946253129,23.991265527241232
7917.312,0.04572262256185011,4.205177799301867,23.99619323679791
7920.219,0.04812828950639788,4.205425601256094,23.99112598263066
7923.125,0.04764228251649386,4.205352563659444,23.988777342801043
7926.031,0.04954597434216209,4.205216359397134,23.994175456924353
7928.937,0.048506768590841305,4.2053843492673115,23.988361837887645
7931.875,0.0474850469793156,4.2054960681999445,23.991908717265
7934.781,0.04611048719114474,4.20520542600595,23.992872718307364
7937.687,0.04585309833668539,4.205366125337738,23.99125452106935
7940.594,0.0479102507462928,4.205592455835497,23.99285490032241
7943.5,0.04797316100568458,4.205233011568737,23.982798272198142
7946.39,0.049008874820761696,4.205390377900504,23.99235285178631
7949.297,0.046984200035449813,4.2052984147146235,23.98844738596987
7952.203,0.04854262313510148,4.204919983331696,23.981088178302198
7955.109,0.050264916569502584,4.205143291602354,23.98259458355833
7958.015,0.04659867178215614,4.205154965413509,23.98716969925405
7960.922,0.0485781838016729,4.205193011371999,23.989552088335188
7963.828,0.049994256423796145,4.20507715858076,23.992450388815943
7966.75,0.04985302414943764,4.204990871988528,23.99339595256522
7969.656,0.04784264328797968,4.205267931857966,23.99892440701511
7972.562,0.04761637131795525,4.205205605157632,23.9940964492045
7975.469,0.04746702523330712,4.205393616825162,23.99386903359123
7978.375,0.04768768986836804,4.20528916990722,24.001439454920916
7981.281,0.04656488482391577,4.2053392653481145,23.99214411880428
7984.187,0.04879446837359131,4.2052056198895835,23.98782327588907
7987.094,0.04972188140177054,4.205081425086195,23.986254981902235
7990.0,0.04882371107863822,4.204993634689918,23.98933959347228
7992.89,0.04851140093368285,4.20533213735718,23.989340957655518
7995.797,0.04563446692238688,4.205183074796637,23.989379133744023
7998.719,0.04775394836364653,4.20526899907666,23.9867425020982
8001.625,0.04940519002436486,4.2052845796624165,23.98427166915078
8004.531,0.04730560757427407,4.20484371749952,23.987227065181553
8007.437,0.04716564000611498,4.205034006537505,23.985514226992258
8010.328,0.04771602645751195,4.20515628634807,23.983335495613012
8013.234,0.04202831403115874,4.204944635637219,23.979395425508315
8016.14,0.04904706713186493,4.205256276753344,23.984132411797827
8019.047,0.04516990117327462,4.204923132292066,23.979915074447273
8021.953,0.050121169950114425,4.205529145304021,23.98814729017357
8024.859,0.04971530841496298,4.205193844029298,23.97708650248393
8027.765,0.049283635324980715,4.2051762002456385,23.98600099827917
8030.687,0.04642921638913336,4.205185945795308,23.991973131579403
8033.578,0.047148238891527784,4.205339148843945,23.987485838020923
8036.484,0.04743804158714946,4.205087972711791,23.988563474946048
8039.39,0.047766168862187854,4.205278891961284,23.98517285592435
8042.297,0.04736464325024211,4.205412868268401,23.98438710359514
8045.203,0.04625389810943442,4.205280406576613,23.98856206873261
8048.109,0.04751417191645347,4.205278125934287,23.98687842758427
8051.015,0.04669188519048401,4.205433790420771,23.985135225382287
8053.922,0.04662883961081931,4.205348669929003,23.98412265524354
8056.828,0.04713413565219276,4.205406971300011,23.98337546309782
8059.719,0.048003814960757514,4.20520867385985,23.985480165037547
8062.64,0.047762300545711844,4.205388780339137,23.979410304796147
8065.547,0.04665750080472189,4.20514123339401,23.979830909795727
8068.453,0.05158070374823621,4.2051623522751225,23.983810436534352
8071.359,0.04977168673323345,4.205099720710366,23.98606517085806
8074.265,0.050759506001691705,4.205288103626674,23.985579023343153
8077.172,0.04677248333122132,4.2052469273721425,23.986561056502346
8080.078,0.049457572802317905,4.205230290090902,23.98576789893403
8082.984,0.04812672020029206,4.205539779828553,23.979931080736204
8085.89,0.05009717438893738,4.2053146225215,23.983186621342025
8088.797,0.0479739068747061,4.205336538045031,23.9828844161044
8091.703,0.04883788450564248,4.2054140490371426,23.98391022127308
8094.609,0.04465690047667318,4.205268425864504,23.982942137112435
8097.515,0.04457954228730815,4.205378202927259,23.97912673745965
8100.422,0.047828579126590144,4.205276643998209,23.98405703991529
8103.328,0.04357238694489085,4.205247430529834,23.981029226907644
8106.234,0.04541910761730235,4.2055419712885,23.983347927546504
8109.14,0.04540120946665457,4.2054284292485535,23.983506995398308
8112.047,0.04884482064601643,4.205383549845556,23.983576643310954
8114.953,0.04688542795032625,4.205447331000838,23.977995470829693
8117.859,0.04520123779431638,4.205163372915516,23.9823177768696
8120.765,0.046920368649914584,4.205534244876004,23.97693536605258
8123.672,0.042273593668571405,4.205493058743591,23.977381975153467
8126.578,0.04562451942763474,4.205052335531908,23.97962297961121
8129.484,0.04846644706116078,4.205276991152944,23.981125499198892
8132.39,0.04747022082401646,4.205290202795154,23.973298092092538
8135.297,0.045272425319441284,4.205611130487499,23.97592327747252
8138.203,0.04739977725657209,4.205473186207158,23.98054151397615
8141.109,0.04830108803721234,4.205639973249117,23.977286718463784
8144.015,0.048488491297219265,4.205402163932592,23.97898869027533
8146.922,0.04728399296508612,4.205577866461852,23.975935122608483
8149.828,0.04762364188780092,4.205344730860246,23.980736762610153
8152.734,0.04895022027919545,4.205295529873162,23.975450798144603
8155.64,0.046027096936250615,4.205304920264199,23.981964026652346
8158.562,0.048321416418356966,4.205331844740676,23.981414427802218
8161.469,0.047462379412967944,4.205287992593413,23.980712144868072
8164.375,0.047756028876773826,4.205346614401623,23.982452432566774
8167.281,0.04641565056261273,4.205320471462149,23.975696120197618
8170.203,0.04685817620403865,4.205469544050388,23.982109492340246
8173.109,0.04510057050919849,4.205305506239502,23.977374145824943
8176.015,0.04874678385701181,4.205617893331907,23.967993045445656
8178.922,0.04465373084191979,4.205599866785822,23.972989643992456
8181.828,0.04784114076306557,4.205329827126705,23.96608364279739
8184.734,0.04687009324854747,4.205490644683883,23.968211367433586
8187.64,0.046091317687755595,4.205563564977939,23.97886966281916
8190.562,0.04530462365556906,4.205543893721882,23.972699944407104
8193.469,0.04783000351014487,4.205309638508938,23.968527570176104
8196.39,0.0455971338154503,4.205547259612028,23.97196944104151
8199.297,0.045879517797319226,4.205432133236306,23.976948318035017
8202.203,0.048129829489738096,4.205617117428677,23.969530303186787
8205.109,0.04726510176339542,4.205447303699239,23.964845647889607
8208.015,0.044679693642753315,4.205449134375297,23.965457579543195
8210.922,0.04665543290024948,4.205614587448357,23.964692625850756
8213.828,0.04570280195044095,4.205452773040616,23.973960481114684
8216.734,0.04546353447991895,4.205649127149956,23.965040596293406
8219.64,0.04789761881555721,4.205609326773123,23.962501514834443
8222.578,0.044429514563304226,4.2055766589816885,23.965719532811057
8225.484,0.04641794820789768,4.205381379212735,23.965042587862495
8228.39,0.04749880250166376,4.205626202358046,23.967686383643635
8231.297,0.05031762568627671,4.205364277052585,23.960975492408274
8234.203,0.04519383788558975,4.205393827477198,23.9581510846319
8237.109,0.04457863121283475,4.205510870389859,23.96710458679263
8240.015,0.046814760971621884,4.2056637613886245,23.967593947898873
8242.922,0.04512682668149796,4.205638680046553,23.964899855989405
8245.828,0.04632692017504143,4.205413378544525,23.960491778633024
8248.75,0.046569814683975246,4.205787446655121,23.96479833978546
8251.656,0.048616428424504005,4.205771117160394,23.963595603290404
8254.562,0.04560464623885768,4.205390473506779,23.96523423485214
8257.484,0.04627923152007669,4.205639214733611,23.964482378610246
8260.39,0.04764870463576432,4.205791614710089,23.97016877349061
8263.297,0.04368337425549288,4.206046240682435,23.967979216271623
8266.219,0.04569765277582649,4.2057739992745775,23.96452856610019
8269.109,0.04827244167376191,4.205554713688086,23.968013835925092
8272.031,0.04851383789769347,4.205521388904537,23.964410199182275
8274.937,0.04484210464747022,4.205776223666371,23.964915853540038
8277.844,0.04598957183028106,4.205715615217954,23.960080673104816
8280.75,0.0458462969972138,4.205674957529485,23.958302228641628
8283.656,0.048024688074111255,4.2055346946082555,23.960659414782267
8286.562,0.044221225740044535,4.2055461807175005,23.96440633848439
8289.469,0.0470356382273844,4.205317499991877,23.96652414882046
8292.375,0.04623071647132977,4.205748988008992,23.970606836863062
8295.281,0.047225522776406105,4.2056355351230845,23.966218692613545
8298.187,0.04559277034367103,4.205739952763454,23.965200698578368
8301.094,0.047025383261253634,4.2055580016518945,23.960665137453063
8304.0,0.043193161860179546,4.2060149176509105,23.962681202281825
8306.922,0.045982185807268545,4.20559827253913,23.957576967522854
8309.828,0.04684479537453024,4.206080566390278,23.952380321746944
8312.734,0.04934178946707901,4.2057804644569305,23.961573534803055
8315.64,0.047256709077094755,4.20552084768985,23.953254710072528
8318.547,0.04726846386572367,4.205790854063988,23.95697435535303
8321.453,0.04635806609641118,4.205822031177863,23.957394276019233
8324.375,0.050478367892751626,4.205462274368554,23.960137548291993
8327.281,0.04735256181837164,4.20604620004108,23.96028664214053
8330.203,0.04590857191679292,4.2056739796650495,23.95516580975401
8333.109,0.04797386844735079,4.205715606067491,23.96097940871721
8336.015,0.04563357117827991,4.205771986555661,23.96070163134493
8338.922,0.04609755623773,4.205806924651653,23.965447245078742
8341.828,0.046061799105465415,4.205800881660074,23.959140740681057
8344.734,0.05027075304788411,4.205668096013086,23.95579533088006
8347.64,0.046709383998754246,4.205906529266824,23.958191447859676
8350.547,0.04458040732930209,4.205767081744198,23.955576903728318
8353.453,0.04499898974940293,4.2059206231924025,23.958140815269978
8356.359,0.04728026812531041,4.205892557094431,23.961098242774316
8359.265,0.0471742048036169,4.205584585517405,23.964407873023138
8362.172,0.04374119807515278,4.205962612948237,23.966697101682875
8365.094,0.04745380988534033,4.205679440618468,23.96323690044522
8368.0,0.04570371355205029,4.205805051834861,23.966768271028386
8370.906,0.047745648994209466,4.205750559050769,23.969140812889304
8373.812,0.045659328869584834,4.205692930387324,23.959721139638283
8376.719,0.050724943706446236,4.205904408305504,23.946565626287946
8379.625,0.045844879803082175,4.205869750934871,23.955713282858877
8382.531,0.04644971685580835,4.205647064995237,23.95300868149653
8385.437,0.04563518393524411,4.205873016072831,23.961641326567428
8388.344,0.04421889032456551,4.206035536339947,23.952663974311935
8391.265,0.04220670097719199,4.206367034343997,23.951791169940567
8394.172,0.046004025192906195,4.2056266881430915,23.95664892378512
8397.078,0.04346964622125892,4.2062591343224405,23.95071910598192
8400.0,0.0464658173406234,4.205928336636199,23.9480548108927
8402.906,0.04521010400238817,4.206210249473808,23.952186831277363
8405.812,0.04359038893579113,4.20630347966047,23.953764372446866
8408.719,0.046855561936683665,4.205718783497371,23.957991634744914
8411.625,0.04844909284417491,4.2059644833106375,23.95449568123533
8414.531,0.04883425809906317,4.205904052122945,23.956714611041175
8417.437,0.042501777329336285,4.206040948410737,23.950970138587653
8420.359,0.04525446643153863,4.206002268074039,23.957118034196107
8423.265,0.04372067109508399,4.205984406418487,23.946652009018596
8426.172,0.048769225776706254,4.2059486208054535,23.95120754447547
8429.078,0.046369413811168894,4.2059055736912985,23.96258535660553
8431.984,0.043440884275093274,4.206255434538475,23.95152415967581
8434.89,0.047251972358142,4.20628944254311,23.954939388471274
8437.797,0.04290809386399019,4.2061950688793095,23.951530923774072
8440.703,0.04819392456531579,4.205860811134562,23.953730715486248
8443.609,0.04474536460248469,4.206083655746077,23.94967357093051
8446.515,0.04604180532560208,4.206194424584589,23.954060698325556
8449.437,0.04703582546139723,4.206085722664841,23.95718688106774
8452.344,0.04570630164250712,4.206202019115593,23.956042999431876
8455.25,0.04653106359313432,4.20639814647041,23.958086267744626
8458.156,0.04497660192187337,4.206123011262744,23.95756109726835
8461.078,0.046681105346678006,4.2061216835885356,23.955395630750328
8463.984,0.044236306252205884,4.205919120893419,23.96166218550913
8466.89,0.04645205823685557,4.206121126317812,23.950634390920065
8469.797,0.04798396339201899,4.205763622814845,23.956257799939095
8472.703,0.04426203560287583,4.2060486126020535,23.954210106378852
8475.609,0.047402237866181224,4.2060333359603055,23.9549401255709
8478.515,0.04533170281569316,4.206345346797663,23.95176171853792
8481.453,0.04404697316244595,4.206230614353026,23.953972218108415
8484.359,0.045191047431379965,4.206314152610983,23.957899772297896
8487.265,0.046106797512787845,4.2061112945665995,23.952274107059107
8490.172,0.047681314606088904,4.205986018577387,23.955900106761625
8493.078,0.04738540563840022,4.20670158975985,23.955591043625155
8496.015,0.038136793459139624,4.205233568325628,23.951375183085535
8498.922,0.033098165750375934,4.205359206550401,23.950079028346156
8501.812,0.03941911859984378,4.205147779771358,23.951870848296654
8504.719,0.03799577545811553,4.204866657341027,23.95102040160335
8507.625,0.036208791124616495,4.204896445221818,23.95124334495216
8510.531,0.03455199376503487,4.2049927556202995,23.959453299019877
8513.437,0.03801159377146949,4.20523683417043,23.95045764865096
8516.328,0.03693997378083357,4.20501090125504,23.95383875792872
8519.234,0.03352511845276166,4.205172957927093,23.949594287874913
8522.14,0.037566119274682716,4.20511085238403,23.945261560518457
8525.047,0.035299902849571844,4.205157729064235,23.945827828410003
8527.984,0.035258121142185184,4.205178379325649,23.95242088859567
8530.875,0.03722641436094677,4.205011438944787,23.949097274977532
8533.781,0.03625096256245153,4.2049249250811185,23.95015317228369
8536.687,0.03689690962249817,4.205043570429243,23.94936939254217
8539.594,0.03473188159236617,4.204928621409066,23.944345621142393
8542.5,0.0356931381271859,4.204937636456831,23.948985092351748
8545.406,0.03770812896208227,4.204961895053618,23.942881613991748
8548.297,0.034668739411020645,4.204845029975052,23.946594081930954
8551.203,0.03677356207389916,4.204795658012106,23.948009998845972
8554.109,0.03584713789240039,4.20491703304246,23.948814925184436
8557.015,0.03812609696959265,4.204928823715252,23.947372620441143
8559.922,0.03968333439526323,4.20494067201862,23.944862915728805
8562.844,0.03877348434513166,4.204593954033832,23.950660618416006
8565.734,0.038174474762607664,4.20473663608436,23.94163557148522
8568.64,0.036189459430815286,4.2047514264745764,23.93246328490128
8571.547,0.037911585978590144,4.204687213053377,23.943999286056215
8574.453,0.03420866099010834,4.204561589672511,23.938832236285087
8577.359,0.03714913605050101,4.204926600069647,23.940722584532292
8580.265,0.03735830986514781,4.205048710463309,23.945007258936823
8583.172,0.038152609843080026,4.205046885397827,23.944185674978094
8586.062,0.03649379338788932,4.204864823004645,23.951153985950416
8588.969,0.03637354059558653,4.204999131937984,23.947653015618393
8591.875,0.036040135410547375,4.204902266368854,23.948089896589984
8594.797,0.03742622517766719,4.204727545152589,23.942207745756072
8597.703,0.03733196342675071,4.204953019731294,23.94320029728106
8600.594,0.03812761711449322,4.204871130328785,23.93640974641729
8603.5,0.035243164039444275,4.204969287465059,23.94261286858087
8606.406,0.0359699464188145,4.204706791740005,23.937311975142137
8609.312,0.03618350687915234,4.205110126427908,23.938191942716113
8612.219,0.0341900777348358,4.204962960041755,23.93951703735235
8615.125,0.03938148587550373,4.204633131532891,23.939017427296424
8618.031,0.03911807939074728,4.204864386833568,23.93796836714374
8620.922,0.03428829935215066,4.205008166156908,23.932434701824285
8623.828,0.039292201348955766,4.205054766286552,23.944916367538706
8626.75,0.03633210773232891,4.2049460169570665,23.942616894261604
8629.656,0.037455689528036004,4.204972723315424,23.94986798136155
8632.562,0.03733349579170176,4.204616091000549,23.944285300713148
8635.453,0.0362478118945265,4.2047553590278195,23.94389978624282
8638.359,0.0369454587185247,4.204844363265474,23.93734702411625
8641.265,0.03843466403901507,4.204985144843572,23.93992210434265
8644.172,0.03605989992443584,4.204680898339812,23.939061791043148
8647.078,0.03556024266497219,4.204935324129405,23.93830745581392
8649.984,0.03706677672768365,4.204911980838263,23.940018070608897
8652.89,0.03661552470627063,4.204814513762026,23.93908994839703
8655.797,0.03746216899556969,4.204876040662038,23.93503392122125
8658.703,0.03607241095195586,4.204768475290775,23.947479886667704
8661.609,0.03639157975249434,4.204546249763963,23.94344165496815
8664.515,0.036367747868857894,4.2048656818423105,23.94159984128941
8667.422,0.037867692554697026,4.204715859172413,23.939848443092142
8670.328,0.03804426802122195,4.204923246420756,23.943792438973343
8673.234,0.03919786229313054,4.20477084564416,23.938545407023334
8676.14,0.03760230326181232,4.204857724286149,23.939374870958407
8679.031,0.037797326916551285,4.2048771016446205,23.93365892928115
8681.937,0.03880814088650811,4.204817723070839,23.932498856698974
8684.844,0.03680387224524246,4.204795213335113,23.93071543422403
8687.75,0.03372670007827981,4.204782965498773,23.923371611449785
8690.672,0.03410271519950675,4.205189712071832,23.935567472206607
8693.578,0.038339002675556594,4.204739821916073,23.929057307674576
8696.484,0.03511416615170106,4.204803071392284,23.935332750977196
8699.39,0.03369522973000028,4.205209730561142,23.930789100355152
8702.281,0.03710375254941219,4.205048393625259,23.92743487535284
8705.187,0.03620718694163889,4.2046437806586106,23.93032502859054
8708.094,0.04209620208900721,4.205043454399977,23.9362356083055
8711.0,0.04229206928429315,4.204525391348469,23.93282154899702
8713.906,0.03755774094774679,4.204710102798296,23.93244915733209
8716.812,0.03726446142748471,4.20518439444741,23.92626177999479
8719.719,0.04050861418743271,4.204969416448829,23.934906938553944
8722.625,0.03548199687183135,4.204998898896624,23.933802908621534
8725.531,0.03693660622879258,4.204771545049033,23.935086586887323
8728.437,0.03570864362191063,4.2052676807921205,23.93877980995544
8731.328,0.034677332640883164,4.205109038554903,23.92807750294389
8734.234,0.03777245160626372,4.205071725935522,23.936400912583316
8737.14,0.03882189550326453,4.204692775438663,23.937765494446282
8740.047,0.03685761320695975,4.204764211293911,23.933145125372288
8742.953,0.03982290586261266,4.204502523809848,23.936948339584116
8745.859,0.03466882814707975,4.205115467747345,23.938994602909624
8748.765,0.03598850640494625,4.204756006597042,23.934145935946145
8751.672,0.04184008499383325,4.205039962887296,23.931491629039066
8754.578,0.036925301545411876,4.2047623130650855,23.93576193806081
8757.484,0.034328454674494024,4.2051077426791865,23.93210295771161
8760.39,0.03799156109072666,4.204857383586255,23.937269400108118
8763.281,0.03204866607740001,4.2049337165330565,23.93596008298073
8766.187,0.03741207781087948,4.2045687829698855,23.93224078884138
8769.094,0.03516043787520899,4.204910031214022,23.932950524263003
8772.0,0.036505186111202514,4.2048621640107875,23.936077680225427
8774.906,0.033404858881308425,4.205081935026634,23.928325200463966
8777.812,0.03760339080891901,4.2051217891555135,23.93406462966613
8780.719,0.038838400508380194,4.204838895938915,23.93675374078615
8783.625,0.03677626265795474,4.204814486376709,23.921417515355955
8786.547,0.03739544497475936,4.2050663814316,23.93078996443904
8789.453,0.03636282403236999,4.20491218620558,23.93139608137086
8792.359,0.035457049113033684,4.20481990943888,23.92435597111531
8795.265,0.03709850004788619,4.204905133343237,23.92565117734825
8798.172,0.036938752479124454,4.205040740428187,23.926689301169088
8801.062,0.03367873328571024,4.204936735272583,23.918863412625583
8803.969,0.037115105970681406,4.205099683357209,23.926193615411737
8806.875,0.03826648964117735,4.20481887522543,23.936443307194992
8809.781,0.036908534215353006,4.20511052175194,23.92433583069883
8812.687,0.038974549439623495,4.204764860412067,23.924033136368916
8815.594,0.03768139818652369,4.205318930034351,23.916776823264804
8818.515,0.037161700342441956,4.205155266897058,23.92381141279577
8821.437,0.03664853231495983,4.205037448021886,23.92167760149408
8824.328,0.03711615757120519,4.205333535415058,23.927619378525026
8827.234,0.03573919549015878,4.205039775669145,23.922373232790626
8830.14,0.037678955469267035,4.20520292208615,23.92042760134634
8833.047,0.03501230508808915,4.204996690654897,23.917506928273674
8835.953,0.03590590048880068,4.2050908095765545,23.9162824245187
8838.844,0.036142137979907014,4.2048662424985555,23.916974685075424
8841.75,0.033850719375517584,4.205090645500628,23.913714133699667
8844.656,0.03524164959069091,4.205054966076107,23.914630190718782
8847.562,0.0368814007825148,4.2051124605089445,23.925074499408357
8850.469,0.04027141727448198,4.205166718321561,23.919336946837728
8853.39,0.03592153303554585,4.205080810616763,23.91315489931128
8856.297,0.03576032195214948,4.205287266452517,23.921840006631435
8859.187,0.037454979665361154,4.205059701136966,23.917668567045048
8862.094,0.0389029288125407,4.204952850441264,23.916132838740854
8865.0,0.031169394656824903,4.204920330197942,23.916057124711237
8867.906,0.03605760480943352,4.204982958913608,23.917593883330586
8870.812,0.038266888195275704,4.205443524395628,23.907380521256442
8873.703,0.036512887408655575,4.204765567674621,23.916308934729667
8876.609,0.03719585051431988,4.205037535737945,23.910709398704352
8879.515,0.035391503457358,4.205146262400181,23.910909817013103
8882.422,0.03279140781562813,4.205072883092897,23.91066940682684
8885.344,0.03849470615900963,4.2051409534460555,23.91503053996175
8888.25,0.03739733254281019,4.204919382969035,23.911867493182736
8891.14,0.035264038818580215,4.205102544561176,23.914307051712033
8894.047,0.03457497492462094,4.205277571087764,23.916391069524394
8896.953,0.03652918477999408,4.2049709036644884,23.9165441241273
8899.859,0.03714499047142946,4.204876760215059,23.919861813892
8902.765,0.035833728825228395,4.205136963839985,23.924082593831052
8905.672,0.039695705035738875,4.2051367845383405,23.91885646900949
8908.562,0.03481452172402866,4.205198142618099,23.92425091782566
8911.469,0.03664542584122694,4.205454425783067,23.920697581486124
8914.375,0.03695734080737625,4.204838966221002,23.916666784779565
8917.297,0.03818252195799449,4.205128731206629,23.924098071173734
8920.203,0.03884958553325071,4.205102124895914,23.919611266087873
8923.109,0.03876727934216395,4.205106096601359,23.91906990478227
8926.0,0.03552028159961035,4.20501170983403,23.92064749513126
8928.906,0.03672018999504369,4.205122691942187,23.913380662229283
8931.812,0.03949385666821,4.204971100667943,23.913147114589208
8934.719,0.04075743390540798,4.205350594154684,23.916631398181618
8937.625,0.03586231012782398,4.205063118167098,23.90893001285309
8940.531,0.03569315161007597,4.205237929403879,23.909135652332083
8943.422,0.03470664952465897,4.205181020016525,23.912867532861505
8946.328,0.034627957324453534,4.205297814819376,23.91608836412987
8949.25,0.03697604492023853,4.205116792441777,23.911231849969827
8952.156,0.03702677961515049,4.205288706882371,23.9149935413849
8955.062,0.033860456835911365,4.20530206185647,23.914567684719945
8957.969,0.035357789827015304,4.205287615954805,23.91214406538163
8960.875,0.03776073032137261,4.205158360477159,23.910280229033756
8963.765,0.03510058373922272,4.205357404190928,23.902910308626712
8966.672,0.03754851768448514,4.205137795776399,23.9042528094817
8969.578,0.03645064709566945,4.205298457907426,23.91089545050016
8972.484,0.03485632414474092,4.205276138036833,23.911229659780695
8975.39,0.03655725897114368,4.205156646239323,23.91016218803032
8978.297,0.034869744840491,4.205397985729202,23.907425587380345
8981.203,0.03609926044216567,4.205312835265143,23.90617549226732
8984.109,0.035265051067424884,4.2051709352875735,23.90172902475036
8987.015,0.03262297007320323,4.205299667130921,23.90222750302053
8989.922,0.03578114347873711,4.205391279596776,23.90935011349804
8992.828,0.03703883419452557,4.205342331564439,23.912621587003322
8995.734,0.03703410332436779,4.2052027110659465,23.906652276225536
8998.625,0.03719199320543172,4.205184207338042,23.91072305411616
9001.531,0.03306581572910141,4.2054546095537475,23.916170036212076
9004.437,0.03672727583072895,4.204926309385927,23.91333558651149
9007.344,0.03642761493812282,4.205321311125148,23.90367327379826
9010.25,0.03548751511861147,4.205216216980655,23.91097497635499
9013.172,0.03496888854768638,4.205426220118005,23.913805048229243
9016.062,0.03808997289996614,4.205244284153013,23.906926721079223
9018.969,0.038287750839976695,4.205266424383912,23.90655227902723
9021.875,0.03947469633494207,4.205343798689514,23.90752959752151
9024.781,0.03500548272730944,4.205339654262542,23.9118746876022
9027.687,0.039524007568386234,4.205154589046333,23.91836619606087
9030.594,0.03659909447849758,4.2052519553010095,23.91398702455569
9033.5,0.03508348293279153,4.2053695474821495,23.918629277742838
9036.406,0.0386263279658526,4.205621752508064,23.910960852117466
9039.312,0.04200718104915682,4.20507040336498,23.909732586735863
9042.219,0.03422725529702111,4.205392369740714,23.9153309851621
9045.125,0.03598318760999561,4.205467838713987,23.913628430808842
9048.031,0.03451270453397018,4.205246636695036,23.91059109968168
9050.937,0.03292178958830818,4.205205585922565,23.907891154562684
9053.844,0.034092522061881396,4.205371664413799,23.911665769068513
9056.75,0.03473099603366087,4.205215071926531,23.911560201267417
9059.656,0.036448250121967576,4.205193779349116,23.911513400525628
9062.562,0.03829838288517427,4.205208932797279,23.91123341242206
9065.453,0.03416796379840068,4.205307132731395,23.906027816741364
9068.359,0.03886014302250138,4.205302993050622,23.91255954466667
9071.265,0.03363114354019881,4.205409058644739,23.909834045783946
9074.172,0.0361296677779993,4.205463596438602,23.911001011424364
9077.109,0.03620046115805035,4.20532988439436,23.90981210027686
9080.015,0.03299867150334182,4.205466856313835,23.907750705289658
9082.906,0.038794199632857365,4.205274413111394,23.906276852977204
9085.812,0.03681546272557234,4.205346544369675,23.90393528229388
9088.719,0.03517294093609962,4.205525743423124,23.899469104033393
9091.625,0.03645311121270601,4.205442004924346,23.8979262432011
9094.531,0.036726513750642065,4.205607749431259,23.9005544054693
9097.437,0.035124074225797414,4.205438924860124,23.904458422844183
9100.344,0.03547035494861005,4.205476518272506,23.903852841180548
9103.25,0.03670535810544944,4.205429258899599,23.901660789648542
9106.187,0.03732088423999316,4.2053374062331,23.904328243972067
9109.094,0.035075218261005014,4.205423852175239,23.898780835061284
9112.047,0.0353609435040433,4.205579184632716,23.897617798111884
9114.969,0.03477461785240232,4.205593706999474,23.900068159490974
9117.922,0.03823151670805021,4.205530998543271,23.896719967051943
9120.906,0.0368214370737369,4.205489500186027,23.90206681671282
9123.844,0.03590179401450501,4.205487605437684,23.900261041723198
9126.859,0.035225351402024874,4.205446389839706,23.895857854061102
9129.859,0.0357762116323675,4.2053348394748316,23.890535846343983
9132.89,0.033034785133087524,4.20545226298694,23.900793913066803
9135.859,0.031328129670588296,4.2055578548193875,23.902801044293927
9138.922,0.035424932284549994,4.205302007402295,23.898012608269692
9141.953,0.035607886913690295,4.205613347010296,23.901114538014365
9144.89,0.037778144851935695,4.205360944310488,23.908378519303778
9147.828,0.0359337094459445,4.205277766553716,23.909176494778
9150.828,0.03791047877054754,4.205580802740446,23.907757206974164
9153.875,0.035826437339198935,4.205625748040866,23.903294916040675
9156.906,0.034681013246967936,4.205535307881058,23.907713393094852
9159.937,0.03405387913262081,4.205484602239921,23.89927783303538
9162.906,0.03654640525633593,4.205655062896002,23.894558142948952
9165.937,0.03597460875330823,4.205474435008701,23.903034762928176
9169.0,0.037271817407179865,4.20557216902551,23.899532127166825
9172.0,0.03114788120210874,4.2056953998541315,23.899662780214438
9175.031,0.03463683998012918,4.205562058050643,23.89635337955845
9178.031,0.035543137924226226,4.205464094069991,23.893886436018196
9180.953,0.034264740846869195,4.205643346985737,23.894558089540485
9183.875,0.03643770787968213,4.205596421719798,23.891336163041494
9186.844,0.03609445850957095,4.205435461588295,23.89997543630174
9189.812,0.035554538118231234,4.205641284958371,23.894104304074855
9192.719,0.03543925095293627,4.2058069750887945,23.898768734172737
9195.656,0.033445925594158515,4.205542942482643,23.891998981535405
9198.562,0.035716863250918426,4.2056566875226205,23.901444950610575
9201.469,0.035703371172748216,4.20569474873485,23.894746253379616
9204.375,0.03612282270620126,4.205683757019623,23.897788381847416
9207.281,0.037187727362970505,4.205609863951221,23.892166650268305
9210.187,0.035815149486767374,4.2054923178473125,23.89514188563286
9213.094,0.03542806219757851,4.205787833456344,23.8956632335714
9216.0,0.031238460656708985,4.20562989089953,23.89107752691341
9218.89,0.03445580554824465,4.20554190602651,23.887798052613878
9221.828,0.03480141564006855,4.205787727177663,23.894089453522646
9224.734,0.033291665906672985,4.20577594956341,23.888563393695243
9227.64,0.0330166516694535,4.205566651548847,23.89196177719051
9230.547,0.03410179904099146,4.2055811995848495,23.897147425522235
9233.453,0.036641567253722945,4.205754777754083,23.90257932548495
9236.344,0.03519671462319816,4.2055294145113695,23.898738329028873
9239.25,0.03415752522686387,4.205806009421476,23.892479769518314
9242.156,0.036968203998384214,4.205594147670999,23.89590006181437
9245.062,0.03402815375317204,4.205536092929351,23.890934735239213
9247.969,0.03703180850373942,4.205829791424105,23.89257191921444
9250.875,0.03415777925603471,4.205733295925566,23.89558440197359
9253.812,0.035860429380354795,4.205766319840447,23.896992942506436
9256.719,0.03647632840010953,4.205925695578239,23.889115057087405
9259.609,0.03509404723967803,4.20583613690291,23.884968288782265
9262.515,0.03474286433340992,4.205942933240086,23.888952493831635
9265.422,0.03362207903666233,4.205817589857046,23.890424135559297
9268.328,0.03367241626406405,4.205731554570758,23.889587098463196
9271.234,0.035378239771112305,4.205526573546047,23.895052082838106
9274.14,0.03551114260215408,4.205758833440841,23.89419438277199
9277.062,0.0316094370087599,4.205633665121945,23.887434423556982
9279.969,0.03512322413109051,4.2056748167501,23.89444253818352
9282.875,0.036010192485921494,4.205640066422119,23.89125282257372
9285.765,0.03543231988108449,4.205621108260752,23.887326163082076
9288.687,0.03347814256979657,4.205611341799408,23.88544148581864
9291.594,0.03616297264685388,4.205695288047227,23.89224617675056
9294.5,0.03635060178480144,4.20579357408147,23.891596279034136
9297.406,0.034822841136293366,4.2058973716146895,23.89009861451965
9300.312,0.031846101450077664,4.206026638212462,23.893888802693734
9303.203,0.035162246691053146,4.205612082106289,23.892327983955347
9306.109,0.034344101950732175,4.20606566579388,23.88768081032742
9309.031,0.03204474635616267,4.205878382842909,23.895312460190457
9311.922,0.03439596835080484,4.205679452402438,23.892403909678404
9314.828,0.03560083730705996,4.205797984503038,23.89277402504428
9317.734,0.0310773393695613,4.206085432724974,23.89185018562157
9320.656,0.03638982451228756,4.205704101443366,23.891425704048377
9323.562,0.03470145472347263,4.205622946966856,23.89218099768992
9326.469,0.03373054854249164,4.205683985157201,23.89318621907995
9329.375,0.03603555179573755,4.20599961188356,23.89210318149107
9332.265,0.036431750262322544,4.205861415132333,23.8932424950086
9335.172,0.03687377085190883,4.206013783232231,23.89138358123086
9338.078,0.03469648916905093,4.2057364859688295,23.889547660409804
9340.984,0.038142427032367504,4.205962100030562,23.886615027739598
9343.89,0.03696596362638732,4.205865502968391,23.888940095788115
9346.781,0.035587854021444834,4.206188211634895,23.89021764492625
9349.687,0.034330007607572294,4.2059224515113875,23.8858061453069
9352.609,0.03582441261287185,4.2060259184804485,23.896028540622297
9355.515,0.03591408349943206,4.2059988168529445,23.888834091388773
9358.406,0.035642966259220935,4.205727940083916,23.89458985059533
9361.312,0.032429855712837505,4.205780548430606,23.89850480832637
9364.219,0.03362555990909137,4.205827961227162,23.889252298831007
9367.125,0.03444032411596303,4.205947835338133,23.895052762540264
9370.031,0.03432732442771136,4.206066177761926,23.890092749781342
9372.937,0.03723238680864711,4.2057836921015355,23.88906902122548
9375.828,0.033006945045137695,4.20606093860372,23.887870748957912
9378.734,0.03319014021481347,4.20584687625908,23.893245995618024
9381.656,0.034602866384021796,4.20603281604128,23.885590035101806
9384.562,0.034386815329417036,4.205790080870556,23.888085086149395
9387.469,0.03591060877601067,4.206098936983873,23.894343865653223
9390.375,0.034106076512296614,4.205947354000155,23.891602417482197
9393.265,0.03277794295158569,4.206160777301596,23.88678197739437
9396.172,0.03795903442603687,4.205956469299421,23.886869102206788
9399.078,0.0342269339554439,4.205867283183032,23.885068542955512
9401.984,0.03489513775249927,4.205923717325815,23.876791676023032
9404.89,0.0335951470902285,4.2059706356004565,23.882972579599603
9407.797,0.033938350424006704,4.2060036423773415,23.881851791462765
9410.703,0.03505637858723075,4.206187820132676,23.88016290945061
9413.609,0.036112901160385645,4.206111765665912,23.88567348827619
9416.515,0.03235104083313048,4.205994054263022,23.885265405336803
9419.422,0.03537995581526667,4.206024314703482,23.881449356127323
9422.328,0.03185144317527472,4.20616002434062,23.876605314432712
9425.234,0.03321085180668395,4.2061817490131,23.88214851592762
9428.14,0.03126827093816632,4.205905564139114,23.87964501045626
9431.031,0.032869065372586444,4.206244426571475,23.87915955339046
9433.937,0.03615651730790765,4.206027785890994,23.872024147106703
9436.844,0.03655772906254929,4.205828330576141,23.87552557098565
9439.75,0.03381713180975745,4.2061508416261,23.88501564627031
9442.656,0.03676267864259814,4.205960604664127,23.883461007627115
9445.562,0.030951840772247278,4.206126684932875,23.882877308743794
9448.469,0.03459827438145168,4.206143108768419,23.880352665395748
9451.375,0.033884735123501736,4.206168916372042,23.878955746816494
9454.281,0.03451524557351704,4.2060586468057215,23.886279653264832
9457.187,0.03582067332811989,4.206206843543217,23.886699010553823
9460.094,0.03048025456980634,4.206223083264438,23.882130560120828
9463.0,0.03377632660549945,4.206328360257886,23.884571618712695
9465.89,0.03338896368779946,4.206038934676844,23.87825346097366
9468.797,0.032980850009937605,4.20599745263359,23.88533443532457
9471.703,0.035495072306265085,4.205970840944787,23.880549779071675
9474.609,0.03224041074097094,4.206154829096455,23.88597005830722
9477.515,0.03129169799430162,4.206258358117323,23.881506022958607
9480.437,0.03240185705302145,4.20618123970463,23.881044777300467
9483.344,0.03517467754466896,4.20608877771743,23.883292547841158
9486.25,0.03280741387260177,4.206375857095601,23.883904416926637
9489.14,0.03609784423373436,4.206238878798656,23.878970536480615
9492.0,0.033918670619418174,4.206031804868188,23.880553210395384
9494.844,0.02947774949949146,4.206347822320257,23.87852335745213
9497.734,0.03469957780146638,4.206055537552205,23.879090784118745
9500.609,0.03497136309844476,4.206271703554354,23.8820180090878
9503.5,0.03546113564090063,4.206009741166172,23.88015593663135
9506.375,0.036918947311257645,4.206047644624737,23.878229206045678
9509.25,0.03755480234239703,4.20629769992465,23.88006111236914
9512.156,0.033054360814869815,4.2062123745330915,23.882330256586208
9515.047,0.030732703222412085,4.2062381788474585,23.884262164165218
9517.922,0.033632440716899886,4.2061722848879235,23.872970593680364
9520.812,0.03590907075370925,4.206046881410772,23.880682756815414
9523.687,0.03359023885768871,4.206395950712999,23.87978340002637
9526.562,0.031810415688362674,4.206428848658208,23.871052143595445
9529.453,0.031369543222021894,4.206116911112404,23.87153594267858
9532.344,0.034506500295503895,4.206217509591983,23.87274187384106
9535.219,0.03321541175596553,4.206139706072964,23.87597529286632
9538.109,0.03430257728511027,4.206220196126905,23.869135837353898
9540.984,0.03286987135869122,4.206082238856115,23.86904393025543
9543.89,0.034720299000401654,4.206327957699436,23.878035122076888
9546.781,0.03272861869668985,4.206154206922621,23.870676916379118
9549.656,0.034371544549167195,4.206136054186011,23.874023905119472
9552.531,0.030761096700002405,4.206316603899301,23.870182562945807
9555.422,0.034725028085710215,4.206226559008803,23.868137144411943
9558.312,0.03447807628046913,4.2063366049656885,23.86987692835892
9561.187,0.03499950583861318,4.206057777508751,23.868411957107043
9564.062,0.03215245298506997,4.206039378463565,23.87023644794375
9566.937,0.030071117790978204,4.206247014629107,23.870882165128712
9569.812,0.031357117868748695,4.2062136810924695,23.87822048628658
9572.687,0.033446296887794415,4.20638532090247,23.881263309457005
9575.578,0.03158632004581099,4.206298796787314,23.87891732784345
9578.453,0.0316708969015787,4.20642891278532,23.87453583149684
9581.359,0.03541681782379975,4.206151480946792,23.870691463293504
9584.219,0.03230756408348135,4.206491755736223,23.876415172089754
9587.062,0.03265511959612655,4.206164181286746,23.875816967625394
9589.922,0.03480306063826223,4.206190542364846,23.872642071485316
9592.797,0.035695878831469144,4.206368445197574,23.87148867115077
9595.672,0.03410968149094579,4.206394470596899,23.873277711807383
9598.547,0.03095541895460684,4.206095681651588,23.878146563895594
9601.437,0.03289373899372279,4.206453122900405,23.880947040461564
9604.328,0.03303968480283396,4.206376818522451,23.87211215392365
9607.203,0.032515047549645563,4.206337426119643,23.881977062181925
9610.078,0.03131240732284705,4.206310454778115,23.873286843423244
9612.984,0.0332103765476495,4.206393478392471,23.87265325046692
9615.828,0.03207140541726954,4.206586206706787,23.870733684244282
9618.687,0.03239266640177139,4.206471856661094,23.86961661618989
9621.531,0.03322351176171151,4.206344341568445,23.87375780248693
9624.422,0.03432925380053608,4.206033663146012,23.88056535189511
9627.297,0.031690347452889685,4.206278177974422,23.87593363400741
9630.172,0.03601701386137917,4.206546726778789,23.87392398169959
9633.062,0.031550133851588565,4.206293995192555,23.872392674879833
9635.937,0.0330233735525798,4.2062627059540425,23.871470083392072
9638.828,0.030924150164459614,4.206455222282179,23.863888380436425
9641.703,0.0346768490036529,4.20635851989341,23.87598520312189
9644.609,0.03380938700867323,4.206378924020377,23.877729310105842
9647.453,0.033290283175442484,4.206368087525727,23.869763616472973
9650.312,0.03300850594423979,4.206318771061242,23.873764717125653
9653.172,0.03557157700847101,4.206640863043072,23.86774824418225
9656.047,0.03586753269901582,4.206488858284119,23.867221894218638
9658.922,0.030670223570019008,4.206928592668272,23.87312069233836
9661.812,0.033568444023437644,4.206540919192223,23.877257840919334
9664.687,0.034899233924082694,4.206574624550854,23.879626808779083
9667.578,0.034794299241786994,4.206488935384433,23.873484670582705
9670.453,0.03212061510334869,4.206563648872069,23.871988574406515
9673.344,0.03475787173629036,4.206395983172192,23.867595615505692
9676.234,0.0321327361385127,4.20648943506956,23.87272497753126
9679.14,0.03253736629779388,4.206488117169439,23.873987369971662
9681.984,0.033757498324639125,4.206388489233349,23.86486511048863
9684.844,0.03573270666612727,4.206557700008159,23.87398568069473
9687.687,0.031504533285274916,4.206650185360894,23.865678894149205
9690.578,0.025459603231827596,4.206985378750724,23.868342329668447
9693.453,0.037795793247740885,4.20657385759356,23.866209154450825
9696.328,0.029877267360760594,4.206639720395162,23.86647767574614
9699.219,0.03581477795529135,4.206597327079026,23.877708812995582
9702.094,0.03143606689025722,4.206636403752076,23.868033291959243
9705.0,0.032990671981171435,4.206514889324952,23.861956984514162
9707.89,0.03348466894911651,4.206586608844237,23.86640628113519
9710.765,0.032988170435158094,4.206213399391691,23.879387178478034
9713.656,0.03209517973099049,4.206343834642421,23.86496537330858
9716.531,0.035259257455803016,4.206460199616465,23.866494683855507
9719.422,0.03305645785876105,4.206112424363095,23.869650688215795
9722.312,0.03265507317678676,4.206521750621627,23.862175536337954
9725.187,0.033114729626841415,4.20641024775338,23.868094246611225
9728.062,0.03384963464283672,4.206409760424223,23.868259491526622
9730.953,0.03652594787387068,4.206768514171922,23.866302794643715
9733.828,0.035600244934513546,4.206383733067596,23.866122759045577
9736.719,0.030978819140797573,4.20627688748352,23.86935139832383
9739.594,0.030576059221764772,4.206529633384968,23.87623674717671
9742.5,0.03281953222968769,4.207076632616569,23.873371880442424
9745.344,0.032267207710122446,4.206738952320026,23.8687432216005
9748.203,0.032230997032210065,4.206728464176005,23.86933518014698
9751.047,0.0349940863553968,4.2067092798014665,23.871183014383984
9753.937,0.032328857615022306,4.2066452006561565,23.873454524260033
9756.812,0.03054274505485392,4.207059423257272,23.86480075477844
9759.703,0.031698745593539066,4.206705711304778,23.87776218928787
9762.594,0.03138455846094413,4.20659078121396,23.87420011109809
9765.469,0.03333505283247577,4.206499684034034,23.871413153256064
9768.344,0.029543647558215553,4.206826969837516,23.87178614766154
9771.219,0.03298443760345862,4.206832433204464,23.871932569675867
9774.14,0.03510819090159548,4.206468661079818,23.873634055276792
9776.984,0.03312841658821921,4.206917871070193,23.871598912532626
9779.844,0.03629939227473257,4.206741587023277,23.876878473732734
9782.687,0.0294169330669343,4.206652165246878,23.874228895607647
9785.578,0.032014532734783115,4.206444468253709,23.868003532622943
9788.453,0.0323816565734271,4.206813478061243,23.862820351162622
9791.344,0.032393591439773814,4.206698686964669,23.8681045234662
9794.219,0.030532753937074605,4.206617921362228,23.86840027674996
9797.109,0.0317013489383533,4.206840553836338,23.872620842672198
9800.0,0.031294780456973766,4.206674137494187,23.87392926093562
9802.875,0.031210695359469083,4.207146473770516,23.867421650300876
9805.781,0.03341713922389633,4.20657320001506,23.871531821786444
9808.625,0.032935953125015134,4.206838845256122,23.869497326197212
9811.484,0.0331434873239212,4.206747567501245,23.872022195363016
9814.328,0.02861227840427113,4.206865353630775,23.87608361967179
9817.219,0.03146852703655845,4.206837723757575,23.868428040222454
9820.109,0.03204860450303494,4.206994016340283,23.873751202503367
9822.984,0.032751084645426934,4.2070170618825316,23.86533509082122
9825.859,0.034842562064863525,4.206772262156217,23.869859787109924
9828.734,0.035026285823471115,4.206883365996454,23.871325413160342
9831.625,0.032456760848475874,4.206939492116104,23.86956061078317
9834.515,0.03140935279564653,4.206592790996826,23.86860364882779
9837.39,0.0299142566263166,4.20701371009027,23.867585723420348
9840.297,0.0332305101180628,4.206484364925782,23.86866039242633
9843.14,0.03260605335413586,4.206804887396167,23.864396025943904
9845.984,0.03086814282200911,4.206990217161294,23.867858091046664
9848.844,0.029868978688907227,4.20680075286689,23.860784521000244
9851.719,0.03432161402741868,4.206869364731235,23.874043932116837
9854.609,0.03464600621673304,4.206713282223784,23.863509087256865
9857.5,0.030839931440540112,4.206848629449109,23.860106679330407
9860.375,0.03290048381640172,4.206799166943604,23.86070577834537
9863.265,0.031072808670373875,4.206929151280431,23.854216378691195
9866.172,0.03206996484826854,4.206623952770491,23.857964695612306
9869.062,0.036545340314197886,4.206986478581756,23.85932974376681
9871.937,0.03340397557590205,4.206983067704254,23.859814354822333
9874.812,0.033386982095568556,4.207015757583156,23.85768403825962
9877.687,0.030906701890915576,4.206611999707164,23.86677463495978
9880.578,0.03338793229026849,4.2068737278708745,23.861066937385186
9883.453,0.03449442114940935,4.207021903715117,23.86727159557611
9886.328,0.03295092933542796,4.206880643771477,23.870728843245022
9889.219,0.030619916158187575,4.206842803247957,23.871493970336665
9892.109,0.029889798932301346,4.207219960872902,23.870770873807224
9894.984,0.02845126782026503,4.207184799047035,23.86807623149824
9897.859,0.032630621288040736,4.20648765392917,23.861489349417322
9900.734,0.035710640454603364,4.2071727316035785,23.868439150009923
9903.64,0.029848843335336706,4.207101643771872,23.859687845453923
9906.484,0.03263195052352,4.206959419054794,23.860130092682233
9909.328,0.030980667078410688,4.20713964277902,23.865793805180875
9912.187,0.032534104387329274,4.207116719586726,23.863877792023967
9915.062,0.0319809976735346,4.206803149687731,23.867532374606196
9917.953,0.03329269802867483,4.207262821733472,23.868162808089675
9920.828,0.03127670105267961,4.20696451392579,23.8682254377412
9923.703,0.030697125222361527,4.207023431677553,23.869211990742684
9926.594,0.03388106366071808,4.207021611362359,23.856423481550383
9929.469,0.035335672577762454,4.206948338026005,23.858345401686194
9932.344,0.03277573158809116,4.206993329137447,23.858747914491452
9935.25,0.031014282243367868,4.207188028792868,23.855884183656983
9938.094,0.03358878333198438,4.2071774603806045,23.86386988591147
9940.953,0.03183557733596981,4.206826597852216,23.855566459106903
9943.797,0.034333465051306696,4.207117277403494,23.862713519698683
9946.687,0.03212195844432275,4.2069095462447,23.856424067793807
9949.562,0.028121474548908874,4.207372725041015,23.863417022825193
9952.453,0.02855346809934222,4.206838847328131,23.862827282978007
9955.328,0.02713711418960384,4.207221988506196,23.85511409422511
9958.219,0.028411561707549344,4.207227637058129,23.86742492639403
9961.109,0.030970852054748862,4.207238939418141,23.86112167452832
9963.984,0.028104286157833724,4.207533102980196,23.863021637791178
9966.875,0.032377154155162347,4.207235456068869,23.857373512290405
9969.719,0.03083165377726835,4.206985747936168,23.863738408761616
9972.578,0.03208861735118375,4.207235977992031,23.855693874712024
9975.422,0.03235531685720231,4.207152783088383,23.862883762372093
9978.297,0.03011622700688865,4.207145096866199,23.857272097677356
9981.187,0.03299356830942739,4.207232566966911,23.860455928597528
9984.078,0.03178007669555531,4.207245747007284,23.863774199282354
9986.953,0.03361230155759591,4.2069443064604854,23.86408943361694
9989.844,0.03102567617268022,4.206953264360797,23.860729397965912
9992.719,0.03638073906635161,4.207172809744113,23.86425054920789
9995.609,0.03373051954497597,4.207112952669373,23.854765171162146
9998.484,0.031509767048615044,4.207070316742445,23.86325125747876
10001.39,0.030026665528228916,4.207128578689199,23.869735376808986
10004.234,0.028848913925216702,4.207388322314952,23.866472418756146
10007.078,0.03238858072267463,4.207213343012901,23.867852744752355
10009.937,0.03222752322383759,4.207147356063118,23.858213034591287
10012.812,0.03232550566371533,4.207237372786691,23.862955733946148
10015.703,0.03118745902001008,4.207257792541631,23.857857490267193
10018.594,0.032695785638792246,4.207223563725697,23.869695092864283
10021.469,0.03190584285012066,4.207077920204602,23.865329465530742
10024.359,0.030505862451555923,4.2073401510165125,23.863269711032018
10027.265,0.033174371942808055,4.20737195320508,23.85700580918347
10030.156,0.03076224140516005,4.207387524246188,23.859146002293016
10033.031,0.03151135488816369,4.207252676771383,23.864318498407364
10035.922,0.03297608155417397,4.207308869147837,23.864881204760305
10038.797,0.030911837176756444,4.2072175238323615,23.8675000926907
10041.687,0.029929149449106175,4.207357999558101,23.860226294069648
10044.578,0.033708418576468634,4.207149131502076,23.86367832499767
10047.453,0.030888812745506415,4.207126774965787,23.85955898947873
10050.344,0.03390553429459175,4.207389583178434,23.858613535309633
10053.219,0.030908038582657907,4.207276976719582,23.8560641460277
10056.109,0.02995022795661511,4.207075943400711,23.860618403712945
10058.984,0.031510422444859604,4.2074083295060385,23.863147607597675
10061.875,0.030086244478364627,4.2072159485962,23.865544102282342
10064.765,0.031265538365968924,4.20734002909667,23.86334298087217
10067.625,0.030329594752504116,4.207581659964947,23.860284362339833
10070.5,0.0259325661928744,4.206298972483968,23.854952539382428
10073.359,0.023278108804800773,4.206141269171186,23.861839185101374
10076.234,0.022701324319992482,4.206275641528454,23.85634110623681
10079.125,0.022011202759017714,4.206129153791497,23.85905544161787
10082.0,0.02125387418037489,4.2062324431043026,23.862242420682076
10084.89,0.020938690658821663,4.206200906768192,23.85891311138424
10087.765,0.02432110826719311,4.2059390051657966,23.855340627894943
10090.656,0.021551667558026857,4.206218763848354,23.855954987172247
10093.531,0.022255936142284063,4.206204752070636,23.853152447781508
10096.422,0.01562894931155903,4.206412936593761,23.86096749452969
10099.265,-0.0038177127392182045,4.201412683008288,23.864530530163517
10102.047,-0.0020062030272237747,4.202344792702785,23.861464620644377
10104.844,-0.003603722183354,4.202503918947068,23.85641406635902
10107.64,-0.0025177381422838365,4.202774887922005,23.856562956074843
10110.422,-0.0029766570949765277,4.202801698234425,23.861818998463097
10113.203,-0.00074729782637119,4.202827760837677,23.853568071407484
10115.953,0.00012896542496266825,4.202532619763051,23.85368288792297
10118.734,0.000958421462773879,4.202644763521157,23.864020886301358
10121.531,-0.002623831479190062,4.202791851437187,23.863944806659813
10124.312,0.0037022377599164654,4.202854109882255,23.859892714680743
10127.094,-0.0003712595746947709,4.202613253308361,23.86143321582572
10129.89,-0.002061006974435367,4.202523101289508,23.85551309924386
10132.687,-0.0037526768414583613,4.202765551941964,23.857715838220482
10135.469,-0.0011532693676957744,4.202405024030444,23.858472955272028
10138.265,-0.0013421725789716321,4.202469645974441,23.858314111627905
10141.047,-0.00534288284929991,4.202447912344318,23.8635072928864
10143.828,-0.002521549333982663,4.202446009385008,23.856596874304522
10146.625,-0.003235867907858497,4.202607824087019,23.861551288846048
10149.422,-0.0008474874606177078,4.202497110373581,23.861342885668574
10152.203,-0.002750907144398911,4.202273172274924,23.873159763900137
10155.0,-0.000531172306370228,4.202419912850152,23.86144602441507
10157.781,0.0004841767999524493,4.20226833299725,23.864168694323165
10160.562,2.0135530690269788e-05,4.202475070018126,23.860611396384446
10163.39,-0.0007248463637907215,4.202414010073265,23.86320888014226
10166.172,-0.0015367525366237643,4.202437251646832,23.86103080165895
10168.953,-0.0015224714185508588,4.202392383416256,23.863452368215263
10171.75,-0.002934412755231427,4.202224628795451,23.867835343083378
10174.531,-0.0014837114179919507,4.2021016877904,23.8642380352145
10177.328,-0.002473048871807983,4.202145119666561,23.863623027037516
10180.14,-0.0012595416338199495,4.202167647229606,23.85809328048572
10182.922,0.0011242918226623613,4.201959538070408,23.858684554925745
10185.719,-0.002461293000406781,4.202153067192591,23.853633076602268
10188.515,-0.0011581241962491113,4.2018420371607785,23.856789595717878
10191.281,-0.002106197595681218,4.202058977744742,23.86126790930327
10194.078,-0.0030380845146904794,4.201803066976443,23.861750138112928
10196.812,-0.0049838220219105564,4.2019917288731605,23.865065077329348
10199.609,-0.00044262692513601147,4.201808675244548,23.85816639666806
10202.39,-0.0015216223685202816,4.2017917502641255,23.862674403319282
10205.172,-0.0036962256568785967,4.201589827419755,23.859184328941947
10207.906,-0.0028875313573212213,4.202310308187465,23.868574816617635
10210.625,0.0011267381751238423,4.202500854016287,23.856185403952935
10213.344,-0.0019709725442134357,4.202145312387528,23.861414276761327
10216.062,-0.0018670160538789378,4.2018359770824185,23.857625322166978
10218.797,-0.0006737199747076765,4.202135783893526,23.85613639687945
10221.515,-0.0038642687264632664,4.202438225848314,23.856328613361534
10224.25,-0.002497053547481546,4.20198534149032,23.861267685438307
10226.969,0.0013826771347632588,4.201830586563281,23.860758803332562
10229.687,-0.0017557569499743512,4.20207301653319,23.857997008484396
10232.406,-0.003106213098798922,4.202028465831992,23.85874344047564
10235.14,0.0023654354072252235,4.20191410489631,23.86467276388081
10237.859,-0.0008784354423972157,4.202034351100599,23.86763137019151
10240.594,0.002981900867934729,4.201899826880685,23.864807923738173
10243.312,0.0010477171579267486,4.201958296745407,23.85916078892214
10246.031,-0.0030158433669644573,4.201792458814119,23.858511842364443
10248.75,0.0009312377967227558,4.201904056554569,23.857646992702293
10251.484,0.000862042702217924,4.201905650848242,23.862839366704478
10254.203,-0.0014399907525170894,4.202006628624657,23.86368835396353
10256.922,-0.002225056691331599,4.201943786162846,23.856496478532083
10259.64,-0.0013068872481899173,4.201907792359144,23.85958974498159
10262.375,-0.003305504049287441,4.201276985869845,23.862304475407328
10265.094,-0.00028167143966849155,4.201985990305949,23.867676965902866
10267.828,-0.0008674620012911917,4.201450425236194,23.86007503827642
10270.547,-0.0005082997370913009,4.201553182444486,23.86883394562528
10273.265,-8.770446474300486e-05,4.2015436442867,23.866126931382578
10276.015,0.00018762609551854501,4.201566354300378,23.86590589928904
10278.75,-0.0005238241228230553,4.201729392597874,23.871293754046768
10281.469,-0.003187145882393971,4.201576696629547,23.876165649384678
10284.187,-0.00650099033588731,4.201973709322915,23.868491535374115
10286.906,-0.0015344332817510847,4.201494903375638,23.859134445254853
10289.64,0.0005060639060858103,4.201494654197233,23.863735787762483
10292.39,-0.0023884946326743176,4.201282719105178,23.859185785297377
10295.109,0.003026133145742374,4.201320055436588,23.852881647088775
10297.828,-0.0008608138523979207,4.201533061133478,23.85645934217029
10300.562,-0.0006056286075056731,4.201423602131557,23.862207239268006
10303.281,-0.0025156555240686074,4.201512953951391,23.855746889224363
10306.015,-0.00561689609695028,4.2013871956369355,23.860960259594407
10308.734,0.0009263001862877049,4.201321609963878,23.853765526755343
10311.469,0.0005911026106170648,4.201382802112124,23.853993011984755
10314.187,-0.0027345726088228,4.201417643243416,23.862688389510872
10316.906,-0.004653993485070078,4.201292270426854,23.866336236182505
