time,current,voltage,temperature
0.0,-5.546505910806606e-05,3.6953130308111066,26.387972750607982
2.4849999999999994,-3.76450226475426,3.347969939170728,26.387035395637156
5.078000000000003,1.5098595816603213,3.8145071100254544,26.389611865515388
7.546999999999997,1.5090366049540898,3.8259523533223736,26.40275519867976
10.046999999999997,1.5117465029297064,3.8327646466644065,26.412992363269556
12.563000000000002,1.504642471670363,3.8378710883931526,26.428839346479247
15.094000000000001,1.5135250560022595,3.841939479448964,26.427774176326686
17.61,1.510681530835312,3.8456641929719373,26.424288880753487
20.141,1.5109962063611193,3.8491921358600827,26.432925216747694
22.656,1.511859123705802,3.8517635109163146,26.427823618422835
25.125,1.5130555503406002,3.8545055968203354,26.421159047121467
27.594,1.511444983272419,3.8571076630974916,26.4249741265476
30.063,1.5088769743869,3.8594848864595095,26.42436619005706
32.531,1.5109229735504146,3.8618472638748367,26.412824146426704
35.031,1.511428827426819,3.863768734228992,26.413304185138855
37.547,1.5085980110488593,3.866112322828415,26.414886962400875
40.078,1.5130201276124902,3.867840470222686,26.406879584503812
42.594,1.510905773939338,3.8700393422230994,26.407463491796076
45.141,1.5085420252709116,3.872027024399831,26.403536847611623
47.641,1.5137872778906274,3.87381066181049,26.3974524805657
50.156,1.5121473651839605,3.8755864574667114,26.394839584745696
52.688,1.5111562348822611,3.877395148032672,26.3895732616957
55.203,1.5128355281295411,3.878994046786767,26.39533262442799
57.719,1.5106289978167093,3.8807623682846395,26.3781524257523
60.25,1.5112290682379996,3.8822593740969604,26.37572481010215
62.766,1.5128430662138612,3.8840457925580254,26.376119299692654
65.235,1.510126330891432,3.8856663670596405,26.375954570734557
67.703,1.512169151676267,3.886950181591001,26.368377659311918
70.172,1.510251577476398,3.888851645858737,26.37389739516037
72.64099999999999,1.5120959841737587,3.8900500787460452,26.367244380691176
75.203,1.5108646624411346,3.8913729336315157,26.363424336557284
77.719,1.5091247548606543,3.893157904926947,26.370263545140038
80.235,1.5104849275276342,3.894504957946598,26.362652159701167
82.76599999999999,1.50861447415327,3.895567292367138,26.355676805752434
85.281,1.5127391435557902,3.897418202575944,26.35537052773751
87.813,1.5123778048201717,3.898462537949533,26.35542311100351
90.328,1.5100862762394773,3.899698066348914,26.35326045981864
92.89099999999999,1.5117525636703772,3.901363761107739,26.35296536564735
95.406,1.5102304571816803,3.902326374310951,26.345135140626265
97.938,1.5085944019835467,3.903593804244574,26.344681353230907
100.453,1.511624162839776,3.904997057206175,26.34174035102801
102.969,1.509029504804854,3.90613813197938,26.33379554962072
105.5,1.510341659427136,3.9072144920169687,26.328535204450326
108.01599999999999,1.512974951972686,3.908766725381243,26.332890643971037
110.547,1.512534040486558,3.909969475861952,26.333242853120364
113.063,1.512474434912934,3.91103277061181,26.33452886388206
115.578,1.5110537535703934,3.9118217764555516,26.329401601430245
118.063,1.511808735570196,3.9131214253677546,26.328528587239365
120.51599999999999,1.510642457308647,3.914313771761302,26.328825769158122
123.0,1.5109810013935454,3.915324867206119,26.32879553895533
125.469,1.5130745881446894,3.916203888603073,26.323086329552815
128.0,1.5083213654941203,3.91735930648039,26.327415846734283
130.516,1.5145823263848541,3.9182832727498536,26.323555126113924
133.047,1.5127768651489333,3.9194211120167792,26.324867007141382
135.563,1.5115035746162844,3.9204688480979817,26.3166738412184
138.078,1.5106539807478065,3.921529521030114,26.324735822100944
140.61,1.5086231742359941,3.922356506338431,26.31859350587476
143.078,1.5101390883354084,3.923673417183347,26.319505798497982
145.563,1.5109823430882683,3.9244626979932504,26.325428618272674
148.016,1.510997873490964,3.925643566351766,26.314735434717722
150.485,1.5097513651975636,3.926402111636627,26.324577647646038
152.969,1.5143843084829651,3.927309791172396,26.313755247998905
155.5,1.510016163507901,3.928346779423965,26.31739026613084
158.016,1.508871689537613,3.9289230276418943,26.315651778690178
160.531,1.512635012576399,3.929891743454073,26.309735929560343
163.063,1.5099855770831583,3.930942557005586,26.315223891734444
165.578,1.510952557448793,3.9314868697067156,26.31951980587784
168.11,1.5117155406490534,3.933014949427938,26.31275722748696
170.625,1.513172687300939,3.9336315952563385,26.317364928752912
173.172,1.5092547772938518,3.9341973052770234,26.30956707212516
175.641,1.5117106915050333,3.9351360073721393,26.313092106552233
178.125,1.5117572411301687,3.9360092037504764,26.319249670189706
180.578,1.5085315637077685,3.9364815921678775,26.31451288980158
183.047,1.5114780251348483,3.937414565542761,26.31741403207607
185.531,1.5126870775857328,3.9380894661083237,26.3129191979144
188.047,1.511579273552405,3.938992432636258,26.3199941186666
190.578,1.507060832390414,3.939643087053512,26.32595713625072
193.094,1.5092428571544567,3.940290203854972,26.318204683937612
195.625,1.5086286889087082,3.941444947699082,26.31617145734145
198.141,1.5110268124692225,3.942237988449864,26.31569090464323
200.672,1.5074876237075792,3.9425167670966035,26.320787773456395
203.188,1.5082674411436645,3.943517538327989,26.316676719768214
205.735,1.5096062629653693,3.944170276652387,26.313842740673092
208.266,1.5097097679546083,3.9448748443285364,26.316546798051633
210.735,1.508024420212827,3.945457648123889,26.31706709460683
213.219,1.5113491312341207,3.946338399651973,26.32465117022103
215.703,1.509364942217249,3.94665258909767,26.31837686698459
218.219,1.506624360730043,3.947508008289295,26.325274928800216
220.735,1.512562955250865,3.9481312789772223,26.32512905621483
223.266,1.5141605305217416,3.948664700661018,26.317050162006336
225.781,1.514234907176342,3.949326989006962,26.31983277230607
228.313,1.511992662764231,3.949939306768909,26.324727990326334
230.828,1.512896215755896,3.9506703370144844,26.327419522361332
233.36,1.5150855919826371,3.9516624065381856,26.324907406270714
235.875,1.512029318379418,3.952151882266359,26.33342976857371
238.406,1.5105993249240164,3.9527344545687555,26.332343036887206
240.922,1.507352045364368,3.953288013115169,26.32987347721887
243.453,1.509539363320139,3.9539312559254434,26.33641777099083
245.969,1.5131781452637745,3.9546171594598887,26.33483900534038
248.5,1.506633192980952,3.9549352823707706,26.33714816044827
251.016,1.5091343256726262,3.9554286063900177,26.337062768708716
253.531,1.5135364664597248,3.9562022602840843,26.335750572117522
256.063,1.5113584298747882,3.956920615318303,26.344022504764773
258.578,1.5114582765788578,3.9573862596798874,26.343498649386273
261.11,1.5104008714285708,3.957939458671968,26.336102576194776
263.61,1.511576626255354,3.9584053586529335,26.346540587435026
266.078,1.5090264998996379,3.959154989343295,26.35121537375421
268.531,1.5085379050353933,3.959629566162295,26.347886680831774
271.0,1.5112887049517412,3.9601339057206904,26.353383585282156
273.531,1.5109316485157402,3.9606972411218155,26.344795475630164
276.047,1.5101776219650078,3.961372836044666,26.355310542275305
278.578,1.507619068043993,3.9617924209513524,26.359257222376282
281.094,1.5071689433833508,3.962170154090894,26.359651886375158
283.61,1.5125210822354096,3.9627822166469024,26.362625806458997
286.141,1.5112443634717028,3.963137220599006,26.361150109464997
288.641,1.5092484982446317,3.9638422075801314,26.365342730820757
291.156,1.5121047649175892,3.964282230552685,26.370348348201603
293.625,1.508901140676628,3.9647832776891954,26.37302503452959
296.11,1.5123465503912732,3.9655225748523564,26.3699142884479
298.563,1.5130263871230818,3.965594335598356,26.375411409615317
301.031,1.5122577736594804,3.9664444476673997,26.374134371759897
303.516,1.5114679611460347,3.966869343231173,26.37496741322959
306.047,1.5110867081125012,3.967076149584079,26.37552031767752
308.563,1.5112240857164712,3.9676148566607927,26.38026971562705
311.078,1.5122453413658388,3.9681262847106606,26.38125788823461
313.61,1.5099440413602678,3.9685118032127775,26.385534963097438
316.125,1.5128294255238115,3.968827044583259,26.387407941663042
318.656,1.510664256175103,3.9695022553349806,26.388629926202142
321.172,1.5126261116336794,3.9701149245755336,26.38835172087595
323.703,1.5099334487848948,3.9705800069269217,26.386237712047144
326.219,1.5097530978754423,3.9706342031859245,26.39482247335461
328.75,1.5140235468684957,3.9714163990869915,26.397880310039575
331.266,1.5115032781971278,3.971841249320954,26.393494298037158
333.781,1.5126095630112726,3.9724180360119727,26.405521633094487
336.313,1.5107875947633282,3.9727540732379505,26.40823866660442
338.828,1.5128697887307188,3.973315904268303,26.405424638716358
341.36,1.5096344125720507,3.973308884139057,26.405505197272266
343.875,1.508068281389534,3.9739547424761303,26.410456144391286
346.344,1.5090361036147835,3.9740475844603527,26.407708873111797
348.922,1.508804180634411,3.9750918683439798,26.409669089788643
351.391,1.5108176425978386,3.9757418965973,26.414219617247458
353.875,1.5097028142088944,3.9754320723148058,26.417902186713828
356.328,1.5113866587102815,3.9759721980405747,26.423549367071296
358.797,1.511039427101244,3.97642207709996,26.42001224993026
361.281,1.5110501164157315,3.9769252610370973,26.426085050933867
363.813,1.5138931419575041,3.977507830163508,26.425334685336317
366.328,1.5111860347894663,3.9778611602108365,26.429146619578678
368.86,1.5136726866107224,3.978113960789893,26.43266989174906
371.375,1.5110362802367538,3.978201985709352,26.43547372507152
373.906,1.512923896078719,3.979034684275456,26.43437480679042
376.422,1.5089616671398633,3.9793239381591716,26.43713873743185
378.953,1.5120406868865275,3.9798175923538692,26.435857578048584
381.469,1.5125107729286649,3.9800216812523086,26.443120833111816
384.0,1.5109092682014837,3.9804515897646477,26.447549325965348
386.516,1.5119689044606313,3.980732610397939,26.444216366732157
389.031,1.5070490884815988,3.981206322473327,26.449776930736213
391.563,1.5110300022297618,3.981641085883478,26.4538674861989
394.078,1.511267854957156,3.9819036696891446,26.44712630131965
396.61,1.5131616123925644,3.98229317060148,26.459873096238
399.125,1.511934178683348,3.9826972623839123,26.46397085983393
401.641,1.509594014381181,3.983422682170046,26.47106564114042
404.172,1.510212320438836,3.983532288054794,26.472476142278484
406.688,1.5105331777955828,3.98382158902649,26.465740885792588
409.219,1.5120789488665332,3.9842127166571513,26.471338498070846
411.735,1.5112235285992701,3.9844562515216433,26.474728154309837
414.203,1.511996055131384,3.9849494453653853,26.47663207226499
416.672,1.5097978729751749,3.9854599680359635,26.47661291839766
419.141,1.511494249478326,3.9853360722166893,26.475512200227936
421.61,1.5119308516150158,3.9861724481719403,26.479786816265257
424.11,1.5126611422398395,3.9865783222914146,26.483766237243618
426.578,1.5091218606132752,3.9868222398281556,26.480661096662438
429.047,1.5122589004271287,3.9870856666691847,26.491952799811184
431.516,1.5089222014298416,3.9875856527034177,26.49468955776346
433.985,1.5125881896800346,3.987885838538996,26.491425037359843
436.453,1.5079816542831344,3.9884784503201534,26.48830711501904
438.922,1.5131775823769957,3.9887153782601485,26.504436525743518
441.406,1.5097896238296595,3.9889525009732876,26.506014638798852
443.922,1.5088266216187476,3.9894301587462864,26.512276121377603
446.453,1.5120956133007266,3.9895153971227653,26.515802680042565
448.969,1.510616290932178,3.9898872792023155,26.5180647684452
451.5,1.5129611311880788,3.9904300786847777,26.516493614373857
454.016,1.510186299354887,3.99056670742603,26.520280493911425
456.547,1.5123716476758815,3.9911784039884997,26.524165644859025
459.063,1.5149609200148566,3.991526871430737,26.5203960510746
461.61,1.5087153563898552,3.9918545290952028,26.527438264442914
464.141,1.5107348080108727,3.9923480339741038,26.52769627774257
466.656,1.5106789596910815,3.9925919267595686,26.533000952906242
469.188,1.5128374453701459,3.9930337462613994,26.532477329449343
471.703,1.5118783760993768,3.9929539411241985,26.542486985936307
474.219,1.5126720862296823,3.993550819684779,26.5451480032677
476.75,1.5108071526895253,3.994298241414903,26.545245932922153
479.266,1.5128659531028574,3.99426350851908,26.544603585371927
481.797,1.5129907953681896,3.9946963078061275,26.55275553654092
484.313,1.5119914739740485,3.9949802934427368,26.54921724465364
486.844,1.5107042624705551,3.995301420169043,26.557993165995583
489.36,1.5127084512381617,3.9956771500685795,26.56546090983796
491.875,1.5129113043791862,3.996043985301691,26.56854833851582
494.406,1.5115851493441563,3.9967397039642614,26.57511740952209
496.891,1.5098201928644623,3.996783644669543,26.58290318496735
499.438,1.5090673890012336,3.9973296422563793,26.57642541152161
501.906,1.511729005374696,3.9977503930850435,26.577282259683816
504.375,1.5114813746522124,3.997912155800418,26.58624123452438
506.906,1.506982501310844,3.998487769778091,26.585944953735837
509.375,1.5095691638103013,3.9985257785029034,26.591550231535965
511.844,1.5136782967605016,3.999078971260873,26.589232203701915
514.313,1.5091544370019216,3.999504432264338,26.58841927990701
516.797,1.5113925166352344,3.9996765172116664,26.591813563450003
519.313,1.512451894739944,3.9998917412475894,26.59117273473781
521.844,1.5119363219874458,4.000333627575408,26.606307015750144
524.36,1.509650684159743,4.000663025341453,26.601781403218563
526.891,1.5124414322001698,4.001075006384687,26.60597750798293
529.406,1.5122402113866724,4.001649853693093,26.614410467909444
531.922,1.5101999289448187,4.001769996697114,26.614019335877977
534.453,1.5112397994645717,4.002373630693725,26.620020839133275
536.969,1.5102424706321895,4.002503311168235,26.61996776488878
539.5,1.511642695267483,4.002781344105732,26.63024419421447
542.016,1.5109940906638637,4.003284397109408,26.630900421159843
544.547,1.5090270490299487,4.003664697375682,26.64259831533954
547.063,1.5101275919728208,4.003896107819748,26.636789819989
549.594,1.5114182559019953,4.004369796414277,26.644131823889015
552.11,1.5099517974677754,4.004844440807478,26.65511678657542
554.625,1.5106927922899727,4.005101503749356,26.650590990030366
557.156,1.512898430551322,4.00551897276199,26.655670740518715
559.672,1.5110411892943327,4.005740719443945,26.66073066337272
562.203,1.507934321976099,4.005974902038824,26.657453124148677
564.719,1.5132867201595452,4.006304893064246,26.664388754047344
567.235,1.5110887073477683,4.0065986983868465,26.671896112393377
569.766,1.5168421439044522,4.007221606476338,26.675870104766275
572.235,1.5106367521831905,4.007340355117399,26.674251059089208
574.703,1.5109186891951545,4.0079062347510686,26.67112280770994
577.172,1.5129078320440439,4.0079918859509185,26.675348790421463
579.703,1.50892921907976,4.008679506597081,26.684911121515952
582.203,1.510935600200411,4.00894446671166,26.6943397294116
584.719,1.511732445658713,4.009064180824282,26.688731527243068
587.25,1.5118414236682383,4.009441745407177,26.692620994200766
589.766,1.5101183690987476,4.010080710708819,26.702141563774255
592.297,1.5107156164139572,4.010208649093614,26.70945725543959
594.813,1.5127539455329972,4.010562364666095,26.71018634676357
597.344,1.5136975548843916,4.011112759737434,26.709523916910868
599.86,1.5119399245011795,4.011365621362933,26.71513703698494
602.391,1.5116102513566396,4.011796957511082,26.72045592238348
604.906,1.5119300475077848,4.012195335163015,26.724164769648883
607.422,1.5121339595179961,4.012238838748567,26.732367553562085
609.953,1.5123492940475312,4.012773116043851,26.729975708021723
612.469,1.5115684021730347,4.01306667029577,26.728534152421673
615.0,1.5103327964875244,4.013383403432835,26.744869859549553
617.516,1.5108567239625366,4.01393615250418,26.740003029202256
620.047,1.5113766894919154,4.01422166428321,26.744909161806042
622.563,1.5111231241758416,4.01445864582925,26.74495291131989
625.094,1.5120820713019527,4.0148394744403,26.75770826321162
627.61,1.5117892341579893,4.015504308343118,26.7543117404608
630.125,1.5108645818418327,4.015520591090985,26.75596820633274
632.656,1.510914872945829,4.016006318413424,26.75956001115126
635.172,1.5118098013853558,4.016076381732667,26.768098636736514
637.703,1.5114912167524617,4.016566135798636,26.776357725614066
640.219,1.5123524604273908,4.017231990660194,26.77671913159669
642.766,1.507958857451057,4.017161658470715,26.773995249229028
645.297,1.5113761243746535,4.017507980011374,26.773573850569843
647.813,1.5120164008975183,4.017893974121411,26.781818054950346
650.344,1.5118838515339716,4.018528653712052,26.776671440126144
652.922,1.5154038946463395,4.018714460260156,26.786183458294207
655.422,1.5123596959541292,4.018862757285315,26.792873122003567
657.922,1.51139684400765,4.019412571870312,26.798488032525366
660.406,1.5098553630524927,4.01967315470802,26.794439078327045
662.875,1.510045029001552,4.020079982205864,26.800081058053497
665.391,1.507429212247338,4.020313181689574,26.804940447372754
667.922,1.5105468641085535,4.020959487210722,26.805879121451305
670.438,1.513746738564671,4.02113841181674,26.81283907574847
672.969,1.5090283954912471,4.021329442876494,26.818018899584814
675.485,1.5092383217395136,4.021845399688638,26.81815739736567
678.016,1.5099894175501858,4.021947590057153,26.828042367229415
680.531,1.5119622560584352,4.022462309304662,26.83005379008787
683.063,1.5092449210177576,4.022748863428309,26.833207326019068
685.578,1.510834686417696,4.023048440359035,26.83488129248467
688.11,1.5128767494242292,4.023545765579806,26.84494400996233
690.656,1.5102602904295168,4.0238998647070945,26.847697528548885
693.125,1.5103029551370621,4.023945613940088,26.856217627549423
695.61,1.512808823995872,4.024495468570111,26.86258528388746
698.203,1.5094359790379122,4.024876434427946,26.85528413567496
700.703,1.5126008463737166,4.025175432987321,26.863632324255626
703.172,1.5135708942369095,4.025830373998492,26.863103301471156
705.641,1.511004980684895,4.025672976652966,26.871949700809832
708.125,1.512037410812015,4.026295934908972,26.87510498883783
710.656,1.5094540234965226,4.0267312559357125,26.868497032053632
713.172,1.5075226399514368,4.026794761315188,26.874829354670254
715.688,1.509971463877811,4.027045050177963,26.884806855507378
718.219,1.5107852093788128,4.027778000173278,26.886396676587818
720.735,1.511969165469824,4.0275128362218835,26.88622536785954
723.266,1.511606588125366,4.0279202644294365,26.892086031789194
725.781,1.5096506024999854,4.028518577666563,26.898687412096066
728.313,1.512470912439092,4.029145678727752,26.90534015622193
730.828,1.507468751584813,4.029139757256201,26.90403777746653
733.36,1.5081649459626585,4.029458187418094,26.915293390478116
735.875,1.5096214399337904,4.030255125200102,26.920624623897968
738.406,1.508806763046341,4.030346028133099,26.92376409132974
740.922,1.5139040685804417,4.030797562099432,26.92616734761476
743.453,1.5118031011839754,4.030980010972515,26.93348597092237
745.969,1.511949027652907,4.0312835580935245,26.937335813099562
748.485,1.5123908776130506,4.0316572646339655,26.9353105054376
751.016,1.5124346825325112,4.031923494851952,26.932292209932054
753.531,1.5121253456456605,4.032493236430087,26.94576813259219
756.063,1.5101736379450876,4.032646474178662,26.950646149937807
758.578,1.5121966579197472,4.032993299510983,26.95669679887661
761.11,1.5110658678338622,4.033290817400513,26.954865079703286
763.625,1.5096510657295357,4.0337455992766875,26.952280278645777
766.094,1.509984620719667,4.033991519332918,26.967242592222604
768.594,1.5111826943990683,4.034306126021469,26.965217564996966
771.078,1.5100940924544115,4.03485252443349,26.975829385482538
773.563,1.51353961430865,4.0352080397734555,26.97860599854297
776.031,1.5114185070652153,4.035590102298725,26.9859998309028
778.516,1.5109052102656855,4.035786508664156,26.982314946414903
780.985,1.5102924171919843,4.036098119735984,26.9919807627816
783.469,1.5091598992418962,4.036517411034876,26.995479055500947
785.922,1.5135688258112407,4.036640740259912,26.998915417334874
788.391,1.512943178811425,4.037069388792882,27.006874045700194
790.875,1.509097665278401,4.037358341080192,27.01031158689977
793.406,1.5102068584098387,4.037947898409584,27.012949485997275
795.922,1.5109222195351517,4.038201936303388,27.019285815479194
798.453,1.510490392789583,4.038329376725588,27.018583345081392
800.969,1.5077716806951702,4.03858622719183,27.023568134979993
803.485,1.512083470082898,4.038997634342416,27.030303748566894
806.016,1.5110485093113954,4.0396548457711985,27.040213576474006
808.531,1.512499923541304,4.03995551594862,27.03109193577832
811.063,1.5127741359042366,4.040188972412488,27.034277984143
813.578,1.5124089310584974,4.040612794082425,27.042637463057964
816.11,1.511688576040404,4.040603066745543,27.045696234022135
818.625,1.5097920294915352,4.041073048319452,27.055129153843282
821.156,1.5131506363640368,4.041469167962652,27.04911851204727
823.672,1.511220084192456,4.041888160172296,27.055335454187418
826.203,1.5122238953253775,4.042133931478966,27.066935992255317
828.719,1.5104081629035666,4.042511432636722,27.068953752126546
831.25,1.5111249149227919,4.042877720933109,27.07783238903755
833.766,1.509352425568576,4.043076105580866,27.0798358879259
836.281,1.5093283684635375,4.04343722689922,27.081675135767156
838.813,1.513604783190452,4.044057206821161,27.092990380167574
841.328,1.5131459258415167,4.044325601741924,27.089684714641272
843.797,1.5146915339388312,4.044307960472186,27.097236587673642
846.281,1.512673205708946,4.045025948688472,27.101675217979444
848.735,1.5119418225102381,4.045375975362619,27.11078443894609
851.203,1.5125850170840482,4.045481931933814,27.119180999953308
853.75,1.5128105260447304,4.046116497452841,27.118201146628174
856.313,1.510002865724857,4.046407510942218,27.120142932858297
858.781,1.5104796033271903,4.046795567554281,27.130079630696546
861.266,1.5109135282513693,4.046916990534004,27.14193769474548
863.719,1.5104438531528375,4.0474055525167705,27.14800650853388
866.188,1.5108182949509958,4.047628110793745,27.1453614863086
868.672,1.5084733210149734,4.048241563012483,27.145734654884706
871.203,1.5116001955128777,4.048247949336471,27.148828112039116
873.719,1.5085450028527252,4.048926427229079,27.157293464112154
876.25,1.511472344605635,4.049046959047671,27.1582098159951
878.766,1.5083506820579815,4.049194303553481,27.16117398085974
881.281,1.5122243145240846,4.049777566129427,27.165337582249986
883.813,1.5104637539915096,4.050364984474122,27.17179792496871
886.328,1.5134608666323295,4.050509672497775,27.185662277178967
888.86,1.50991882580747,4.050841389055279,27.18929174639369
891.375,1.5109209991789692,4.0511417642951155,27.190498198162192
893.906,1.5101545836875172,4.051556939863544,27.19226175049969
896.422,1.5144946804672064,4.051873111781942,27.191692564134645
898.953,1.5085920663175152,4.052160359162907,27.201855109163457
901.469,1.5117927202947552,4.052547779594089,27.202163738289002
903.985,1.5113287653117935,4.053048261570692,27.204599157700542
906.516,1.5109041186042385,4.053318578705689,27.213472241270978
909.031,1.5119344581324512,4.05354387248132,27.216103417178964
911.563,1.5112068799281864,4.053995949216915,27.221272796668273
914.078,1.5125807324885574,4.054378031459246,27.224638689950414
916.61,1.5100761590023284,4.054853151437796,27.224398302269275
919.125,1.509669605143439,4.055097325488654,27.231338973198003
921.688,1.5119279278198063,4.0553247423142285,27.234031382357088
924.203,1.512381596485764,4.055824910606724,27.237096945271222
926.719,1.5111681835784243,4.056068394969753,27.24183246859945
929.25,1.5138539911740168,4.056618514157548,27.249831433703633
931.766,1.5109520752372783,4.056795085450893,27.257947131280446
934.25,1.513812819278433,4.057029672955294,27.266525205063683
936.75,1.507857486573823,4.057408415907655,27.270693658816096
939.219,1.513741886744936,4.057820072911399,27.27510876009284
941.688,1.5120849833029124,4.058035773763875,27.276279898178622
944.156,1.5108556414977325,4.058236544717838,27.28467179906344
946.672,1.509203421569248,4.059037721004482,27.284364425507146
949.203,1.512341584617086,4.059265863114095,27.2879029479713
951.719,1.5109420114605956,4.059677147507696,27.292984676747697
954.25,1.5126411537343072,4.059855921199591,27.29874224208416
956.766,1.5100832024907445,4.060319565974428,27.302236213226358
959.281,1.5107734074609556,4.0607813533228745,27.30895057152261
961.813,1.510775337284162,4.0611001163619,27.315672622568957
964.328,1.5107140299218889,4.061314122598141,27.3208945482041
966.86,1.5100209263986935,4.061509081477901,27.32625619541741
969.375,1.5130845624825526,4.061883066291529,27.332880170562078
971.906,1.5141419064237664,4.0624466127326695,27.33865938593466
974.422,1.5121621380455117,4.062844398886373,27.34343630754894
976.953,1.5131952633236865,4.0631596998840935,27.351468353835063
979.469,1.511038795450369,4.063648492956913,27.351132656679198
981.985,1.5077144699113036,4.06394713288651,27.361484501872887
984.516,1.5092621157397712,4.064403013044353,27.362232075759042
987.031,1.5134680026577207,4.064540744770218,27.372403880850687
989.563,1.5107285198744222,4.065126693949276,27.368517098345908
992.078,1.515398910495776,4.065402817698979,27.37188461610551
994.594,1.5110616634784666,4.065580820396502,27.381448783253138
997.125,1.511268082783972,4.066129586612482,27.37959138252509
999.641,1.5118781907394514,4.066551688990341,27.393813919886384
1002.172,1.512190190243088,4.066741997578983,27.398819466928877
1004.625,1.5112168114113067,4.067358141123743,27.400289465019515
1007.11,1.5096871883076142,4.067551160006884,27.411906688641672
1009.563,1.5099340295550636,4.067852676066046,27.4132612444889
1012.078,1.5095681815846496,4.068301666926933,27.410552645897223
1014.594,1.5082790868170546,4.068572547986792,27.420713612197854
1017.125,1.5081276439350981,4.068641134983673,27.415727577352897
1019.641,1.510222601093239,4.069471683706701,27.420713041351075
1022.156,1.5106162254851079,4.069461283647747,27.427878533379147
1024.688,1.5132493651198127,4.070026493165909,27.428165936720127
1027.203,1.5081561146547975,4.07071559852821,27.431630935715212
1029.735,1.5132083301854602,4.070990471478853,27.450618745524658
1032.25,1.5103356256742784,4.071501878314358,27.447329416338807
1034.781,1.5097549623506064,4.071476015387626,27.44987139706552
1037.297,1.5112221843430906,4.072025200211098,27.456029632667143
1039.828,1.5112553689411194,4.072472484675393,27.45742072968504
1042.344,1.5115571684581701,4.072629253713249,27.468903414880103
1044.813,1.509750418816691,4.073106955256455,27.473216794759303
1047.281,1.5108137210062484,4.073576293455404,27.470640050060787
1049.75,1.512370402863884,4.073936461767671,27.481029448822007
1052.219,1.5134260572778822,4.074299701371085,27.484393081390845
1054.703,1.5144466116740476,4.0743004953376065,27.49634227122983
1057.219,1.5097355687513787,4.075071066387131,27.497585612709475
1059.75,1.5133263898647629,4.075547917528816,27.50238515110592
1062.266,1.5120121975267258,4.07577023543307,27.49688596848657
1064.781,1.5076675151166132,4.075968040535286,27.505076673364524
1067.313,1.5117180121329856,4.0763484945633754,27.516679683229288
1069.828,1.509899114134155,4.077068202034281,27.515978679177568
1072.36,1.5114555947433672,4.077069540656395,27.520405222613448
1074.875,1.5140132810425142,4.07775034431805,27.533417794138277
1077.344,1.5093228387510644,4.078052854486993,27.538091287061235
1079.875,1.5132863637427485,4.07846539581361,27.537433374580676
1082.391,1.5131783553034714,4.078759107470477,27.53722108670107
1084.922,1.5112599916983127,4.078951908708827,27.54611023332547
1087.438,1.5095950373434275,4.079729068268716,27.55139463026605
1089.969,1.513478168778791,4.079783462397686,27.560143538936952
1092.485,1.5143272694814218,4.080503146023485,27.56498844161054
1095.0,1.5102469860348036,4.080720409483064,27.572917113697745
1097.531,1.5116746751739065,4.0811477919008965,27.57656819943559
1100.047,1.5140255718463507,4.081477085220956,27.573461361925716
1102.578,1.515269919376235,4.081793003015924,27.577301856375936
1105.094,1.514671595842987,4.082186512900481,27.583705962526107
1107.625,1.5110095253044054,4.082664645049439,27.592327452774523
1110.141,1.5124181721461616,4.083141928368744,27.589091872416358
1112.61,1.5105263576047763,4.083301927745545,27.602683332715372
1115.078,1.5099580354150464,4.083707120191751,27.60207854099791
1117.547,1.5109142674004115,4.084028438795303,27.603236934028224
1120.016,1.510079001680488,4.0847527721691215,27.61012987232514
1122.5,1.5096299776651638,4.085030987922106,27.620010033174502
1125.016,1.5090470517139765,4.085288467941288,27.6245435075439
1127.547,1.5098877711553018,4.085490183504911,27.631338686296452
1130.063,1.5126927830393915,4.086187943687987,27.63670002220964
1132.594,1.5110475548729247,4.086622082545288,27.646356513983488
1135.11,1.5090877762262993,4.08715927227505,27.65309923017971
1137.625,1.5080027738658535,4.087267206829769,27.65862758899151
1140.156,1.5115882824424909,4.087747344152572,27.663563440479066
1142.672,1.5080319080585936,4.088140652703274,27.664937866742434
1145.203,1.5112552087192141,4.088449974822385,27.667199816608704
1147.719,1.5106990315168014,4.089148325646299,27.673254363227187
1150.219,1.5135098159330562,4.089312337047958,27.68070739098998
1152.719,1.512113860385616,4.089601373333667,27.688003040776398
1155.203,1.512634943654689,4.090119302872275,27.6928312938474
1157.672,1.5088610450406306,4.090455053660557,27.699042244140866
1160.141,1.5110412463833893,4.090996810702523,27.704050036665304
1162.625,1.508965601075019,4.091277292887613,27.71018159079453
1165.156,1.5101553801570007,4.091734945963674,27.710656282816412
1167.672,1.5089895774943998,4.0921019113291495,27.71364375923249
1170.203,1.509832094164042,4.09235946170415,27.723245824064474
1172.719,1.5109743705387204,4.092871575014061,27.727414821236348
1175.235,1.5146973896648281,4.093307553824212,27.731329031262923
1177.766,1.5070183734405742,4.093726094815837,27.737893814609414
1180.281,1.5133942775442049,4.094068023533906,27.7414965298521
1182.813,1.510206879646665,4.0944010001790145,27.750633423957062
1185.328,1.5087508036650736,4.094798350247778,27.75050040238363
1187.797,1.5143438456377567,4.095247211054238,27.76251043935146
1190.266,1.5127985689881713,4.095406836256779,27.772061385394316
1192.75,1.5087660362494424,4.096137835380906,27.776366650955303
1195.219,1.5130130296281579,4.0963266340925655,27.771342945478025
1197.688,1.5071135436503174,4.096933191934371,27.777409478634624
1200.156,1.5132102095059632,4.097303363533496,27.78243206772672
1202.625,1.509050891370865,4.097703679351811,27.79141806462388
1205.11,1.511497290352216,4.097725599746589,27.801192478970208
1207.625,1.511230105546909,4.098858108829509,27.803084951957928
1210.156,1.508009217597895,4.098822553008287,27.80818021406489
1212.672,1.5107814624932188,4.0992342632723116,27.818866810121914
1215.203,1.5109483915742692,4.099802159211481,27.814798355207188
1217.719,1.5057584239867825,4.099917645390027,27.823003652990653
1220.25,1.51372546368907,4.1005347972558575,27.82434981687595
1222.766,1.5132849745344126,4.100873999633722,27.838827366937146
1225.281,1.5110923409377484,4.101540632469091,27.836488555488852
1227.813,1.509973845186839,4.101877189627815,27.848698726145994
1230.328,1.508549918124806,4.101979385674179,27.846802452770234
1232.86,1.51279643523972,4.102831686620448,27.858345961919603
1235.375,1.5071839425096445,4.102952531591317,27.85913553592571
1237.906,1.5089806908620567,4.103367407667823,27.864349703497744
1240.422,1.5111199561272328,4.104012828655755,27.86472335414105
1242.938,1.5090493127153857,4.104169216211154,27.882768500633517
1245.469,1.511558167895716,4.104739169283156,27.87879484849462
1247.969,1.5141778963863524,4.105317165866507,27.887692225302064
1250.531,1.5092612312453315,4.10557271695127,27.896969169299098
1253.0,1.5121815531193503,4.106039373289248,27.90013098836953
1255.485,1.5144753325965759,4.106548950383017,27.902100061301855
1258.0,1.5114042626275377,4.106744669812451,27.917435314006113
1260.531,1.5109329431025316,4.107433777870116,27.917633728347695
1263.047,1.5109643903622407,4.107758788430482,27.927732674062398
1265.578,1.5107717390480635,4.108145070939239,27.938639747993417
1268.094,1.5128028303750636,4.108528771737807,27.942329693838897
1270.625,1.5093501563484097,4.10873933136255,27.94781768957795
1273.141,1.5071347963512587,4.109307150126441,27.954480255482267
1275.672,1.513545743363913,4.1097306376665586,27.951168855795718
1278.188,1.5095675074812676,4.110042487528747,27.960318180666523
1280.719,1.511725894696929,4.110605782165414,27.95678265111982
1283.235,1.5117748654062118,4.111021859166464,27.962520492892924
1285.75,1.5123662484412679,4.111597590185178,27.97748533171172
1288.281,1.5131819192635008,4.111926023664325,27.98030833582757
1290.797,1.5072776050247172,4.112095917575255,27.99418199564997
1293.328,1.5139730710591608,4.112585758690551,27.996365228081572
1295.844,1.5132459359994308,4.11338851669419,27.999168258642
1298.375,1.513520801586096,4.11365065351443,28.00168264745373
1300.891,1.5123190672469522,4.113989049539597,28.013469585762227
1303.422,1.5117904733243623,4.114320867548868,28.021124362030385
1305.938,1.5094773679457945,4.114818403509103,28.031580642825723
1308.453,1.5100172670295966,4.115607724640184,28.034058915073096
1310.985,1.5112305814397837,4.115813460687602,28.037926230323645
1313.5,1.5102636484084875,4.116201913756134,28.03733581348174
1315.969,1.5099246990224495,4.116711048250711,28.041283415343845
1318.438,1.5134343500333394,4.117112064470456,28.045215243628437
1320.891,1.5079855118482672,4.1176090563481385,28.04890584003431
1323.375,1.5150382800013527,4.118066753161659,28.059944613998724
1325.828,1.5103803003884626,4.118467694198538,28.068563435993905
1328.297,1.5132891890946574,4.118479227726634,28.072283502929526
1331.156,1.5114123595287023,4.119168649972051,28.075736967517923
1333.735,1.508558022618123,4.119781403060431,28.0816499054844
1336.297,1.5101255784069465,4.120273097433765,28.0908301470086
1338.86,1.5108629808169625,4.120499898810397,28.09619277884042
1341.422,1.5094020820222778,4.12100758944808,28.095753049581724
1343.985,1.5090266030272719,4.121617819773068,28.110876709876877
1346.547,1.5125592141123432,4.121684975729778,28.116408041418154
1349.094,1.5120913092492083,4.122157485782232,28.121537889836365
1351.656,1.5109592669579581,4.122734080161958,28.127617123709904
1354.219,1.5101523363105678,4.123075245062491,28.125483494087792
1356.781,1.5107046365810537,4.1239586722078245,28.1334649276478
1359.344,1.5094967446503478,4.124047849363045,28.144688012307853
1361.906,1.5105099103177477,4.124492892115594,28.15341894699128
1364.469,1.5109756789238467,4.125156583645723,28.152009197646265
1367.016,1.5117827102274044,4.125363477663546,28.16072638955858
1369.578,1.51352631785881,4.125887875906851,28.168482298886726
1372.141,1.5106767622612853,4.126318470082597,28.178531412842652
1374.735,1.512939520278268,4.126961675370622,28.188398266361723
1377.344,1.5117198939270935,4.127312400268369,28.190480193972128
1379.906,1.5125769575136465,4.127936482308994,28.1889639990855
1382.485,1.509633014146178,4.12810657074113,28.19669149412475
1385.047,1.5122316466321069,4.128534592805598,28.204072445574077
1387.594,1.5124657944430966,4.129027141320527,28.201678538626297
1390.156,1.5098562717188746,4.129322086076307,28.214754600453023
1392.719,1.5131316566779043,4.129965273039858,28.212247751453404
1395.281,1.5107377146474898,4.130425040273988,28.228437589082862
1397.844,1.5113659437166722,4.130699948104411,28.231905908922386
1400.406,1.509840849652612,4.131342393666435,28.243728637542297
1402.969,1.5128955621951385,4.131892398987662,28.25015400248809
1405.516,1.510314663524754,4.132207948800257,28.24914344154164
1408.078,1.5087228154025154,4.132495465587702,28.257764818338558
1410.641,1.5112404652370308,4.1330486130360145,28.265221422626478
1413.203,1.5118023559312226,4.133567752718763,28.26273898729338
1415.766,1.509194931390936,4.1339505576134306,28.283665894050532
1418.328,1.508239720650619,4.134406253105442,28.28105957550702
1420.875,1.5112671110444291,4.134837703526064,28.294533773791
1423.438,1.511331091847659,4.135438594323355,28.289335671860748
1426.0,1.5116278042937594,4.13570645997703,28.30749291273219
1428.563,1.5122977455818145,4.136405190537918,28.30525727700205
1431.125,1.5125091583620363,4.136638851239728,28.318689386767605
1433.688,1.511891977837999,4.137181880864139,28.320865493400774
1436.235,1.511749034302667,4.1376545039070765,28.3268626431322
1438.828,1.51084884363636,4.138185659069474,28.332444451050247
1441.469,1.5111781359842398,4.13846123338506,28.33477210545615
1444.031,1.50967422518599,4.139147785340788,28.34229028588977
1446.594,1.5125441835477311,4.1395102147172445,28.355210061040548
1449.156,1.5115643081404366,4.140023854598981,28.362531563753475
1451.719,1.5103202511080398,4.140567292361535,28.3628620572713
1454.266,1.5110779880318619,4.140889793774992,28.3725401360049
1456.828,1.5123345254416585,4.141694327181182,28.372558142673697
1459.391,1.5116608926506783,4.141759011411886,28.37649546620731
1461.953,1.513995514985495,4.142044296340203,28.38204425610694
1464.516,1.5111013250722665,4.1427204342436275,28.39384260304288
1467.078,1.5095025179384163,4.143276876048264,28.40014868640288
1469.625,1.509323222604887,4.143522555642259,28.399717775144534
1472.188,1.505176279809454,4.144225844903119,28.40919753296769
1474.75,1.5092854275829577,4.14443233837974,28.416135614499364
1477.313,1.5092228665056586,4.144970326406832,28.421560834129288
1479.875,1.5122344316138985,4.145565322671337,28.423961552342327
1482.438,1.5115466637681578,4.145975761505241,28.4304705667192
1485.0,1.5103244915178604,4.14637877474109,28.435098144729402
1487.547,1.513565234221379,4.146948905661671,28.440968385803437
1490.11,1.51052590105504,4.147479641546556,28.451830346308387
1492.672,1.5094969501678386,4.147960881153359,28.46394750208438
1495.235,1.5117569445192978,4.14835081845571,28.46336656666142
1497.86,1.5098454577218432,4.148606567139717,28.47193916132824
1500.438,1.5092508865584993,4.149304434518712,28.484066623345285
1503.047,1.5112362696991473,4.149894762252735,28.492710216131496
1505.61,1.5138223364809338,4.150327793644864,28.500893857247437
1508.172,1.513421316056295,4.150727604195017,28.512816352215456
1510.735,1.5077101496501388,4.15089886913373,28.51503359246461
1513.297,1.5113188379523714,4.151809432703975,28.52079053263688
1515.86,1.5116664940736155,4.152282458310516,28.52844898796718
1518.406,1.5136138862441701,4.152600033087749,28.53202780914218
1520.969,1.5122282928813138,4.1529748854456,28.5503508765389
1523.531,1.5129772352829978,4.153433910926644,28.551225889681696
1526.094,1.5089169252285046,4.153684162568556,28.55838872761188
1528.656,1.5105058047395215,4.154167950745308,28.556361538594686
1531.219,1.5086639234583397,4.15467733856699,28.556537404584144
1533.781,1.513270429767,4.155364019709482,28.57346371497913
1536.344,1.5147717918154417,4.155883135709808,28.57318034373849
1538.891,1.507760444771499,4.156369918457823,28.583877811657203
1541.453,1.5069802809075634,4.15658200048844,28.580833298132532
1544.016,1.5139350709137558,4.157458484596792,28.59183811121279
1546.578,1.5106850530570288,4.157824109672745,28.60146980942382
1549.141,1.5097643281247863,4.157989371410788,28.60511385952583
1551.688,1.5089055344709155,4.1587672793735315,28.61733730025609
1554.25,1.5111172694833293,4.15910960228804,28.619392038007067
1556.813,1.5101882552798243,4.159574284029699,28.63918574611619
1559.406,1.5077953827513655,4.15996959508488,28.64026043778905
1561.969,1.512133422212289,4.16026329784885,28.648005529052643
1564.531,1.5094660534212423,4.1608196548583045,28.657406392157373
1567.094,1.5125597876940993,4.161484257015263,28.66265020829328
1569.656,1.513744952503598,4.162053796181739,28.680029758621565
1572.219,1.5083695249821654,4.16225699792348,28.677281895904773
1574.781,1.5098837695347536,4.162900269102468,28.69462132027233
1577.344,1.5117782078219626,4.163083167331978,28.694404074362577
1579.906,1.5103567672237925,4.16363676162858,28.705329647481843
1582.469,1.5087033858714305,4.164136489318613,28.702021924590166
1585.016,1.5114985167106032,4.164535858835021,28.71241077195759
1587.641,1.510056088323351,4.165061361115022,28.713949445524754
1590.235,1.5138439054691675,4.165472378544364,28.723304691214707
1592.86,1.5088837884319732,4.166060126825527,28.74391966270299
1595.422,1.5117857287682268,4.166513541277187,28.74648499163517
1597.985,1.5131977744333167,4.167133584841874,28.761403458468216
1600.547,1.5104590435309961,4.16753111101495,28.757540871804906
1603.11,1.5142626151128487,4.16796613791895,28.76323623511707
1605.672,1.5079075371517885,4.168202665507746,28.76955111943067
1608.219,1.5103282991771732,4.168819735465063,28.77836498036177
1610.781,1.509355118112316,4.1694519830698225,28.78251533190427
1613.344,1.5093948904120316,4.169931075681571,28.78844051099229
1615.906,1.5093166460331284,4.170002036415951,28.796921159919783
1618.469,1.5114056443469581,4.170883559238212,28.8074700888438
1621.031,1.5116241164099629,4.171153484060165,28.811352261412438
1623.594,1.5109944872713905,4.17172457766611,28.818230175960608
1626.156,1.5124313281893798,4.172211787373839,28.82422135272798
1628.719,1.508639070889767,4.172567915814174,28.83420492205364
1631.266,1.5108938192153214,4.173182936150748,28.85112402145627
1633.828,1.5136916490697105,4.173551685161828,28.851508736075495
1636.391,1.5116122892899473,4.174080404483759,28.854563607172686
1638.953,1.5117180175057103,4.174561812044339,28.868953859649597
1641.516,1.5115803398878254,4.175114017235538,28.886486542164565
1644.063,1.5122569774884305,4.17570390462294,28.886960608169584
1646.719,1.5102415470196664,4.1758897104375245,28.89168938298806
1649.375,1.5100496210779484,4.176200752838439,28.895188733106735
1651.953,1.5115700430180072,4.177021879411308,28.915670393824815
1654.531,1.5125618743346805,4.177550555792225,28.912535322984716
1657.094,1.5125797371331147,4.178095546014501,28.930282464368766
1659.641,1.5141084463488916,4.178284883565178,28.936375362314546
1662.203,1.5107774615831682,4.178774395371917,28.95049189456709
1664.766,1.5107618813060877,4.179244644121706,28.95518301177755
1667.328,1.5094709167142424,4.17956065265908,28.9597901015835
1669.891,1.5088761588829087,4.1802113403058625,28.96934945662432
1672.453,1.5118687339719592,4.1808019191648444,28.97601795282171
1675.016,1.509361639616347,4.1811240601837,28.986094025657902
1677.578,1.5119500227101466,4.1815577300995725,28.99194380676006
1680.125,1.5104709434769925,4.182274663756279,28.996522439915175
1682.688,1.5128198259591903,4.18257563043137,29.013099357969537
1685.25,1.508578808766517,4.182991559895774,29.013396486858188
1687.813,1.5099393081526622,4.183438606221754,29.0178015979982
1690.375,1.5075945374414885,4.1837802117245,29.020892271739612
1692.938,1.5088769263127484,4.18451146300837,29.029390662742365
1695.5,1.511751971584746,4.184834450051965,29.04066228945693
1698.047,1.5111658012036286,4.185128618866548,29.047321251097266
1700.61,1.5115133994633352,4.185857404290485,29.054542050424683
1703.172,1.5128260187129594,4.186480584154027,29.065729319685662
1705.766,1.5106070304119725,4.18694569959882,29.083405831840995
1708.406,1.5116027586600929,4.187551715723619,29.083507501168956
1710.969,1.5103736538154366,4.187589253710668,29.090862009117664
1713.531,1.5119284490558333,4.188150780049814,29.09696015251425
1716.11,1.5089155064378565,4.188632657420315,29.11488357312762
1718.672,1.5111160301640167,4.18925866293074,29.12178196795818
1721.219,1.5100775647956661,4.189606523715568,29.127211577946046
1723.781,1.509885662792111,4.190097803394444,29.13597628081858
1726.344,1.5088294804559115,4.190748734443529,29.14400844836062
1728.906,1.5109381854747113,4.190944734476354,29.149251398230646
1731.469,1.5119705650363557,4.191908764111671,29.15637734227041
1734.031,1.5149603558440115,4.19210643983066,29.16703332988192
1736.594,1.5111168662731822,4.192677386986746,29.17093935427258
1739.156,1.5120969264704252,4.193031108422531,29.17987253623231
1741.703,1.5120538834325647,4.19347339677936,29.19207991238456
1744.266,1.5123031321499312,4.193851885168239,29.200397292917682
1746.828,1.5110893077005614,4.194273141841307,29.214719888894113
1749.391,1.5104241547774027,4.194748834858843,29.21764199310494
1751.953,1.5088789226852515,4.195110157325234,29.22815137270018
1754.5,1.5093388694065322,4.195941886469052,29.23503397816675
1757.063,1.5115221452485241,4.196231376954254,29.25377185877005
1759.625,1.5136900704072325,4.196635213697028,29.252105441074438
1762.219,1.5048266301029385,4.197941494064027,29.269016459199314
1764.781,1.511392094527817,4.197315781675026,29.27729597375762
1767.391,1.5116797002386366,4.198094334374532,29.289308770030857
1769.969,1.5081416015780247,4.198595606420109,29.291791193437298
1772.531,1.5141120714527252,4.199005733824138,29.297859785556323
1775.094,1.5099796374507017,4.199511728923834,29.303354323253533
1777.656,1.5138353057208678,4.200002006946856,29.320679800345115
1780.578,1.509848897926874,4.200774573734545,29.32048735535899
1783.297,1.5135472147051814,4.200847756717029,29.337299306933833
1785.969,1.511516042676173,4.201492950720211,29.339278783886726
1788.688,1.5080125382452383,4.2019391744331545,29.3593734517714
1791.391,1.5131506105435888,4.20229509736983,29.364146035111
1794.11,1.511243180900018,4.202859168329861,29.36945637655748
1796.781,1.5073322017716866,4.203458080954155,29.386013955791753
1799.531,1.5099054178393296,4.203662360283424,29.399732760385554
1802.219,1.5060813972506404,4.2041786314276886,29.410257903989613
1804.875,1.5064988271512247,4.204253345146037,29.412878608637296
1807.61,1.5061110028975953,4.204512057809006,29.41673333106986
1810.281,1.5068832846149243,4.205292790434111,29.424805289865425
1813.0,1.5016227897864376,4.20603330646378,29.42802438160983
1815.656,1.5023424246370038,4.206223860475675,29.44527120997881
1818.375,1.5004163825191283,4.206474596083971,29.447324000151763
1821.047,1.502285443989086,4.206783249359237,29.465601520044537
1823.813,1.4895136180026418,4.2061863484152875,29.47691960036755
1826.5,1.4813873805342694,4.205672021489935,29.478795528378782
1829.266,1.4714578260561118,4.205103626889349,29.491732014460503
1831.938,1.4742052694223573,4.205230517191402,29.50592063304352
1834.656,1.4700525064706502,4.205672555558487,29.509830969107277
1837.36,1.4600487220222051,4.2048849981378495,29.524401565672715
1840.078,1.4596664392803984,4.204975537424998,29.53055797061176
1842.75,1.4566613429586144,4.205439844545553,29.53730801551626
1845.469,1.4571191787130207,4.205980645640421,29.541500538646858
1848.172,1.4482568971236158,4.2051613386031645,29.551227020425355
1850.891,1.4493113568150153,4.205379242730496,29.56342149736001
1853.563,1.4475947756355199,4.205883095370964,29.579467217939673
1856.281,1.4456498147528927,4.206064370339883,29.582199653619874
1858.953,1.4478082435377357,4.20616926440849,29.594128259888222
1861.735,1.4444077836669138,4.206771202484683,29.604306457543448
1864.469,1.4298256138433771,4.205908808551045,29.616073119272805
1867.219,1.4255597356802197,4.205429496896462,29.631728711621488
1869.891,1.4216643235916846,4.205330703211262,29.630082207044904
1872.625,1.423507248145897,4.205485590145725,29.63036924498313
1875.281,1.4231705707962605,4.206264750546815,29.643197604759827
1878.016,1.4210126241182623,4.206631512694701,29.650699961495018
1880.703,1.4120216651637603,4.2058116093616045,29.66192826423983
1883.469,1.4061476754208209,4.205084599277768,29.667248330255553
1886.125,1.4035610257286566,4.205545067118599,29.683222901609607
1888.86,1.402882645401918,4.205494299664882,29.685836119791592
1891.531,1.4066366506772625,4.205939034898845,29.69656874862595
1894.25,1.4045443676182066,4.206034869369126,29.70564397551668
1896.906,1.4025505939762506,4.206154159144972,29.709365988709155
1899.641,1.4019393290361593,4.206500498465328,29.715881538488954
1902.313,1.4005491717707415,4.206727904987679,29.72078570072658
1905.063,1.3933841341372144,4.20633163208557,29.730761115974254
1907.766,1.3833169487984995,4.205621824150541,29.73641195626394
1910.485,1.3787972426713098,4.205774757103042,29.74303859369599
1913.156,1.3793968299244823,4.205888320243328,29.752476778983315
1915.875,1.379789919568452,4.205968141854009,29.772888273457372
1918.547,1.3768232797163755,4.206292397925637,29.7687288468032
1921.266,1.376470325769062,4.206421341337272,29.77130997439831
1923.938,1.379893916075733,4.206900379402576,29.775780099619034
1926.688,1.3682661715569608,4.2062239112946385,29.789704006421054
1929.36,1.3678202063126017,4.206453700733161,29.79748834449159
1932.078,1.366197339277126,4.206838370611679,29.794921074033113
1934.781,1.3566927419450765,4.205952438593401,29.802555811278964
1937.531,1.3452661818848761,4.20566589401225,29.810042548236222
1940.219,1.3473849719383135,4.20580277731707,29.80963464717856
1942.938,1.3464521300634946,4.206031913020801,29.823444507791088
1945.61,1.3434005546445706,4.205991199895186,29.83234859136898
1948.281,1.3460925154615395,4.206220776164607,29.84440924414651
1951.0,1.3439868481685657,4.206381595006922,29.840666402733294
1953.672,1.3427333197058784,4.206626443431423,29.852289095347906
1956.422,1.3346656915431048,4.206176191538288,29.85593533496671
1959.125,1.3240510348957883,4.205597756239421,29.862030368084007
1961.844,1.3252896942175962,4.205600680088507,29.867007982461153
1964.516,1.3257741434987906,4.205889578620633,29.875316284760707
1967.235,1.3216865436512828,4.206084956131393,29.885514617759654
1969.906,1.3222887667046443,4.206352665580767,29.892840319970993
1972.625,1.3203320705694594,4.2067144758564305,29.88824022734843
1975.328,1.3145950734078622,4.206045385308213,29.894842495058445
1978.063,1.3145162100966727,4.206241250950638,29.897802093295844
1980.735,1.3105091437241834,4.206264507897032,29.900707078236476
1983.469,1.3121239199189463,4.20632767657156,29.91199008508137
1986.141,1.3139131040330259,4.206798579824572,29.911542926124024
1988.891,1.297945504437307,4.206296035407677,29.922230995738666
1991.563,1.3002586543912271,4.20637879847682,29.927459789430607
1994.281,1.297694276998523,4.206483492006266,29.930668838615162
1996.953,1.2988060186465626,4.206872647999069,29.940356653304033
1999.703,1.2874149166091169,4.206273320671416,29.944930743953392
2002.375,1.2924983693422112,4.206639020703919,29.948653822860898
2005.141,1.277820461754445,4.2059059154210265,29.94347779690904
2007.797,1.2757901601450086,4.205963053391886,29.954957217217938
2010.531,1.276884921343299,4.206157585207447,29.95569219657822
2013.219,1.2763923744501489,4.206338146893088,29.954400217796213
2015.938,1.2739512412379588,4.206646209978338,29.9640309431887
2018.641,1.2678229700851549,4.2062257487985155,29.96808493701041
2021.36,1.2643225641736149,4.20604894897034,29.967506699608553
2024.031,1.2660291915192603,4.206431930547837,29.972507608500695
2026.75,1.264442125779441,4.20667406398817,29.978329509903418
2029.453,1.2550751028034774,4.205722382718281,29.979766425926297
2032.172,1.2532195222428204,4.206194217517526,29.988339467757665
2034.906,1.2558454985208551,4.206451769446217,29.994830886589618
2037.625,1.2541413637935692,4.206959500537508,29.993296934561616
2040.36,1.2546058891135787,4.206651910774164,30.011141698750727
2043.031,1.2533560195506348,4.207455471245667,30.012374299657786
2045.75,1.2512567902900829,4.2075642467718275,30.00786364424297
2048.453,1.2442954619962128,4.206986743149218,30.004320367633802
2051.219,1.2330241000703848,4.20629291635577,30.0054535088046
2053.891,1.2339457609453903,4.206344077347536,30.011743375201032
2056.61,1.2335605545546304,4.206669078111515,30.019769896260073
2059.297,1.2200236807946938,4.206009190746053,30.021200587046206
2062.031,1.222312624650738,4.206125572832922,30.025453480253578
2064.719,1.2197830239536707,4.206392785872991,30.02153700854392
2067.438,1.2204672522514661,4.2068270803868835,30.023203670844524
2070.125,1.2107169447910933,4.2060413369289265,30.032937395106245
2072.875,1.2091532341629414,4.206232493856575,30.029716364210746
2075.547,1.2056312063898682,4.206440260387407,30.024862255181027
2078.266,1.2074996617452123,4.206754267386513,30.026948455058438
2080.969,1.1985547994234327,4.206117903999939,30.032172844737644
2083.688,1.1977774170621374,4.206271998033606,30.034083796515628
2086.36,1.2001392395937036,4.206722700663789,30.049474665870967
2089.078,1.1974718406123261,4.206609714964745,30.046867742140048
2091.75,1.1987842342625148,4.207045373884802,30.04959178596296
2094.485,1.1990552331999669,4.207226921590369,30.051459766235475
2097.156,1.1952385344135708,4.207450376299249,30.04842174312172
2099.875,1.195792066903679,4.207814854822989,30.041794404190174
2102.578,1.1838527484999535,4.207284630536752,30.049581949181203
2105.328,1.173035348160625,4.206545559094158,30.05132200069826
2108.0,1.175030350252045,4.206776184476467,30.047157552099794
2110.719,1.1798663862313128,4.2070617350738075,30.03884764664023
2113.391,1.1769845111075368,4.207314407396992,30.036511873243583
2116.156,1.1725062556136687,4.207379518053859,30.044916326349185
2118.891,1.1710555531203677,4.207589631847601,30.042754279508596
2121.641,1.1644732223404455,4.207046196427399,30.046914638324274
2124.328,1.1561070323637757,4.2061889868731654,30.045728212842697
2127.047,1.1531120989228345,4.206759519129635,30.04161698806488
2129.719,1.152308685061771,4.206721407351716,30.049510895034956
2132.438,1.1528129332501467,4.206836059914543,30.044207377472205
2135.11,1.1493852749451061,4.2072115819046,30.037411305706286
2137.828,1.1518998282989845,4.207341908922993,30.034614475851605
2140.5,1.1518482193184565,4.207777200174857,30.04186257048519
2143.266,1.1398286775332676,4.206902134612755,30.042170019929603
2145.922,1.139395521932187,4.207553466137244,30.045833965625356
2148.688,1.1279353855479264,4.206814146157272,30.043015856941125
2151.36,1.1275807554975337,4.206852875486448,30.041766543298063
2154.078,1.1298327177957939,4.2071145271023855,30.04302793442924
2156.75,1.1276052071342613,4.207357412621469,30.03929177224994
2159.469,1.1270289107756692,4.207390915080282,30.039058395631447
2162.141,1.125612498263862,4.20781435867867,30.029887130022914
2164.891,1.1174500157206806,4.207165366969482,30.04451376268112
2167.563,1.119742863111879,4.207321307704358,30.036365049163376
2170.281,1.1173753491264127,4.207545085195543,30.027937093976416
2172.953,1.1155856473186194,4.208053804280635,30.019798275042927
2175.703,1.1081424073417099,4.207247052567503,30.018371347834414
2178.406,1.0971385552708572,4.206700312331624,30.023133103483268
2181.125,1.0964782478713155,4.206783363364278,30.027210979552716
2183.797,1.0954038041839762,4.20703173125407,30.023834664198713
2186.531,1.09614756417632,4.207587474352985,30.024592904629685
2189.235,1.0844706649893479,4.206395135240353,30.02146912710606
2191.969,1.0858788141687943,4.206862814918967,30.018190988715958
2194.625,1.0806956063430935,4.206484849064117,30.01560572730179
2197.36,1.0840685053407013,4.207150690167175,30.01649358207943
2200.11,1.084661106211675,4.207123738987401,30.018337142901427
2202.844,1.08313439919266,4.207661240780259,30.01635772841104
2205.938,1.0734659462668878,4.20703024053568,30.003372719701566
2208.766,1.0764370323321863,4.207187054790346,29.999186975014194
2211.578,1.0761116922496015,4.207594493408875,30.000655184050864
2214.438,1.0675045087529593,4.206832728465125,29.998505198065484
2217.266,1.06383450450687,4.20704962770961,29.997050254842467
2220.078,1.0651724354943168,4.2075628648799475,29.9915338447585
2222.922,1.0547116694557468,4.206881471028283,29.98432578732329
2225.75,1.0536915320890214,4.20683671243406,29.98271256486308
2228.563,1.050094092386311,4.2071665928827535,29.983048979563865
2231.391,1.0541951245941465,4.207322514858002,29.979706917920012
2234.203,1.051434012445675,4.207408461337121,29.967524919195252
2237.031,1.0478972381615703,4.207507180222826,29.968527767670082
2239.844,1.0523364365431527,4.207995262914083,29.964479654857406
2242.703,1.039934841512118,4.207332866762637,29.960460335162736
2245.547,1.0396270898003321,4.207593680059669,29.958593787676296
2248.422,1.0332818347491708,4.207125240232419,29.94594107856092
2251.281,1.0291375591690386,4.207267843392939,29.94302236993889
2254.11,1.031180957397985,4.207239957247206,29.948931110749058
2256.953,1.0275983348644782,4.207347024474367,29.94588947619492
2259.797,1.027474057333408,4.207745290954913,29.930435735691344
2262.641,1.028807398697014,4.207927592972244,29.930457842170068
2265.485,1.0259638049661337,4.208450541185572,29.922036931843518
2268.328,1.0238749613754266,4.208411446352663,29.910921865579546
2271.188,1.0270206951270706,4.208929624009668,29.913684002450026
2274.063,1.0187997973016425,4.208248841159315,29.91015973236778
2276.938,1.0066879462126055,4.207635655619739,29.904178477766678
2279.781,1.0038496608093628,4.207954535892715,29.894777340586952
2282.61,1.0064119747752627,4.207922945875211,29.896702347029972
2285.453,1.0040731021411555,4.20803563268479,29.893510855171655
2288.297,1.0038326973102258,4.208278041836622,29.876580474934418
2291.141,1.003011908757203,4.208463206763392,29.875481445535506
2293.969,1.004570587253323,4.20884697373122,29.870763947728918
2296.844,0.9945093983514265,4.208236157722905,29.867400793651917
2299.735,0.9839282146077072,4.207487866868349,29.868417614620892
2302.61,0.9817954052432076,4.207713090733611,29.864399291388295
2305.453,0.9729909296575102,4.206735540130477,29.863064252172798
2308.313,0.97208147395172,4.20740382170349,29.857509198325378
2311.188,0.9706234511344145,4.2072188782419735,29.849195911271128
2314.0,0.9747552592389493,4.207345073482356,29.845248362901923
2316.813,0.9692504763791692,4.207663284833923,29.843170457321914
2319.672,0.9729739336674786,4.207714644020328,29.83716365144825
2322.531,0.9712883856054102,4.207925848310778,29.83864200428808
2325.406,0.9724045836940098,4.20809767934378,29.825023575642227
2328.281,0.9698084189297668,4.208467222511966,29.817727931951193
2331.094,0.9689629502679021,4.20869324289195,29.812132648021493
2333.938,0.9602859824478523,4.208079952356003,29.804897017826548
2336.813,0.9479802938668209,4.207401135662467,29.80255948400098
2339.688,0.9507636373193341,4.20767448891216,29.79518914738522
2342.563,0.9524128330549962,4.207514802021671,29.785082790070163
2345.453,0.9502727012368966,4.207674848801776,29.78268046221921
2348.328,0.9506794409357539,4.20787735987613,29.78118378323078
2351.203,0.9459433076400992,4.208343457916919,29.77702827173213
2354.094,0.9497833413648767,4.208369400572147,29.76232345480988
2356.969,0.9469662373310764,4.208688806526765,29.757360319453046
2359.875,0.9377378076310318,4.207919632569779,29.74596119616322
2362.797,0.9260905105970625,4.207230845483441,29.734948224294012
2365.672,0.9281372659617841,4.207423509532206,29.738677570374815
2368.563,0.9273106586480485,4.207545806131379,29.74144087985107
2371.438,0.9246598301073139,4.207514108637653,29.730187656325192
2374.313,0.9263819706957818,4.207862321587646,29.723048103940087
2377.203,0.9266619557125677,4.208297612063414,29.71450477111025
2380.078,0.9250807921019917,4.2081886655778975,29.708016364449787
2382.953,0.9235326896811722,4.208360188504564,29.70341101933456
2385.844,0.9229156877284769,4.208607228681914,29.685371458197558
2388.75,0.9153479794523874,4.208033818076746,29.681822371402156
2391.625,0.9127288554738813,4.208262249043408,29.67328014035768
2394.5,0.9129676581448064,4.208124444362303,29.671593503938215
2397.313,0.9159426572631169,4.208372243967201,29.663127224857902
2400.141,0.9134683521520747,4.208565364589553,29.65871916742338
2403.016,0.9006016533560514,4.208114443589235,29.649074428993654
2405.875,0.9027927931332033,4.208187198881352,29.639208624333452
2408.766,0.9039073812511704,4.208248156296152,29.627676194958685
2411.641,0.900787452536268,4.208322358689231,29.628315182184625
2414.516,0.9000351700292554,4.208585009185768,29.617263938322857
2417.422,0.8932057661405974,4.208136674176481,29.62007984477585
2420.281,0.8933082799334457,4.208358309152466,29.609309910117943
2423.094,0.8904579659326456,4.208092195413254,29.604154710108915
2425.953,0.8914887609747226,4.208293938056324,29.5985879452398
2428.813,0.8915197213452323,4.208507371308841,29.58365023732399
2431.703,0.8909100258509363,4.208708419621715,29.576702620535674
2434.61,0.8813662290648624,4.208277148243428,29.575504323137956
2437.5,0.8796063683317036,4.208463092621967,29.567479699826624
2440.375,0.880422446883652,4.2084142298936476,29.55742683707639
2443.25,0.8832995399626777,4.208501738695436,29.551732898350593
2446.125,0.8810495205259355,4.208663810682325,29.547702914434527
2448.969,0.8702145552520874,4.208152424514805,29.53757093982591
2451.781,0.8703144680055207,4.208090371041802,29.526929442219153
2454.625,0.8688795769091155,4.208326365839901,29.523276299823397
2457.5,0.8683220942669029,4.208364672494346,29.51805268866925
2460.375,0.8704788879228438,4.2085071199951,29.51013626417496
2463.266,0.8704539296450813,4.2086335075046,29.51004353320503
2466.172,0.8590026913565142,4.208031649195628,29.49599081843354
2469.047,0.8621940508581909,4.208229658722465,29.488702973385237
2471.922,0.8576400294118949,4.208023256714021,29.488581641983895
2474.735,0.855501246009154,4.20845619649244,29.469376019502693
2477.547,0.8594815188774674,4.208728038498783,29.4616567787375
2480.422,0.8452997846180057,4.207900266423306,29.455365511928953
2483.297,0.8479150996001463,4.207779567586416,29.45420883856069
2486.172,0.8435581314169012,4.20816535500961,29.4395406673055
2489.047,0.8441698479014359,4.208267674934973,29.430098226444333
2491.922,0.8459370360285098,4.208117087092683,29.428838447339988
2494.735,0.8462956571388495,4.208599431653876,29.41690957480711
2497.578,0.8339072674277507,4.207997867300199,29.410883705868514
2500.422,0.8336819614947377,4.2079171145623855,29.403551605078714
2503.313,0.835890401303277,4.208005648702094,29.39972125087743
2506.172,0.8353009556468993,4.208093228909334,29.380383881903537
2509.063,0.8374302027054803,4.2081531389324125,29.371246469229202
2511.875,0.8338093036239529,4.208291000462502,29.372448702195385
2514.688,0.8346868534921534,4.208811904650079,29.360907990000925
2517.563,0.8249005189615465,4.207690797435194,29.358777006585303
2520.422,0.828763887401364,4.208093754937006,29.348786038947882
2523.313,0.8261431441582183,4.208208651110965,29.343258554123278
2526.188,0.8236132516892226,4.208410537273048,29.33305187785599
2529.063,0.8235016747144555,4.208302742139626,29.32390110815869
2531.938,0.8245179109561781,4.208485837631207,29.323347135394958
2534.828,0.8211516120456754,4.20856663166415,29.324525383610617
2537.735,0.8133758307098214,4.208080560570101,29.31485366486137
2540.61,0.8142154198737444,4.208252946893213,29.30802820083092
2543.422,0.8121632309805512,4.208251916751905,29.299642903199977
2546.25,0.809475050404049,4.2088238086896546,29.291539841401477
2549.141,0.8049297401837365,4.207420762686773,29.282637508200313
2552.0,0.8021916676631194,4.207620976098355,29.27881269131344
2554.891,0.8063564118922267,4.207723355632375,29.271354014425075
2557.766,0.8032736780556293,4.20802562787513,29.26530287611356
2560.641,0.7971892750264726,4.207912112707525,29.262861998004638
2563.516,0.7983494275928991,4.207957500780362,29.25041470627065
2566.328,0.8031739927819487,4.208118815790174,29.23822082545715
2569.141,0.8000942514692977,4.208389803896763,29.229782310964353
2572.047,0.8003447680725022,4.208834271083456,29.214958990935553
2574.875,0.8021892767710743,4.208554331666456,29.21387230286924
2577.688,0.7995836646428016,4.20863073040706,29.199811821834437
2580.531,0.8025799589893908,4.209082213243908,29.19113010255912
2583.406,0.8015495182685185,4.209169293145475,29.18879307624026
2586.281,0.798757808434399,4.209148440612528,29.17409098452963
2589.156,0.79596643895879,4.209588279991649,29.17064501975523
2592.078,0.7877341686628581,4.208574416498593,29.159360459336817
2594.985,0.7812636078464286,4.2079493648942226,29.15125605417928
2597.813,0.7737637871842851,4.207053988884408,29.138796447369167
2600.688,0.7706647811561935,4.207439327154114,29.13972712813026
2603.594,0.7703259554602674,4.207399373778145,29.127900170808058
2606.469,0.7671986491190311,4.207524709606869,29.116278898819214
2609.344,0.7637332570932105,4.207511274369204,29.111076365525026
2612.25,0.7716872557818787,4.207402064731345,29.109428654449694
2615.188,0.7701162093545181,4.207765794253591,29.09470093430199
2618.0,0.7686064424459342,4.207879480352726,29.095100862358194
2620.813,0.7716918009264196,4.2080434222192284,29.089351114043467
2623.719,0.766450958215314,4.208266047009906,29.081372322276565
2626.594,0.7672626240953025,4.208268776477457,29.07419710698338
2629.469,0.7688546798237518,4.2083022888546155,29.074395718784295
2632.375,0.765549789120078,4.208638774915254,29.066676260556754
2635.219,0.7563295480035332,4.207779219223445,29.058465940525185
2638.031,0.7577834663080902,4.207846444542478,29.044908830509375
2640.891,0.758891402084698,4.207873041209542,29.040692967001394
2644.094,0.7575658420265344,4.208170724610178,29.029026931069442
2647.11,0.7478323492946573,4.207335079388362,29.02573602833862
2650.141,0.7379083975761298,4.2064981896512315,29.014635498658084
2653.078,0.7341333128201765,4.206806911912322,28.999630689838153
2656.031,0.7251366916795835,4.205575160086796,28.986768777963373
2658.938,0.7275007694253879,4.205835718688108,28.98155034688836
2661.875,0.727346132795804,4.205967848471587,28.973746478707778
2664.781,0.7310399551785399,4.20602042269504,28.95811783196754
2667.781,0.7275410088890346,4.205987844468426,28.9556909639861
2670.719,0.7265629593974068,4.206014947079866,28.953991420239273
2673.641,0.7236625590279907,4.206269775037554,28.94626279458363
2676.547,0.728781554375421,4.206154664876552,28.927626318796385
2679.516,0.7189247185787837,4.205393856303186,28.92934901982592
2682.422,0.7176722390389836,4.205684708238194,28.915520864269734
2685.375,0.7091578181208377,4.204615381405751,28.910273085674337
2688.281,0.7071276062836961,4.2046375338648385,28.90944525021509
2691.188,0.7041795122013079,4.204349155336067,28.895276041130916
2694.11,0.707520466641422,4.204827554242085,28.884663192198342
2697.016,0.7072230990553593,4.204680128231045,28.877951221329443
2699.953,0.6970967494261477,4.203952713053391,28.86918219441166
2702.938,0.6981972443524079,4.2037473635769596,28.87099035457732
2705.953,0.6964230106226972,4.204360368302123,28.86217203338079
2708.969,0.6879377844604604,4.2032671271308795,28.85229440020131
2711.906,0.6985580720307082,4.204330956003001,28.837460996950618
2714.891,0.6940648317758371,4.204618024470111,28.838637609925833
2717.922,0.6979956356496642,4.204294951320423,28.829739993386884
2720.906,0.6873785930743004,4.203657607888352,28.81744923063463
2723.828,0.686053948721483,4.203759253331432,28.810212843354407
2726.735,0.6867368873753136,4.203670201673823,28.80132884322181
2729.641,0.6857221936321465,4.203723158787917,28.794635843467915
2732.547,0.688475542840098,4.203819521399531,28.78443334330772
2735.453,0.683300141871565,4.203856861243783,28.777599887555624
2738.375,0.6864990335280348,4.20404408455972,28.772759035123205
2741.281,0.685250271170486,4.2043061955839685,28.760951987471053
2744.188,0.686163737246784,4.20423005984897,28.76034657604144
2747.094,0.6877769396585145,4.204390052674922,28.752351958834495
2750.016,0.6844135168799946,4.204489063876272,28.741332567155226
2752.953,0.6849706300716093,4.20484493476749,28.73468215961125
2755.86,0.681325255863048,4.204719389083639,28.7327891429023
2758.766,0.6855435258794037,4.2046565170457155,28.729525632155045
2761.672,0.6856119208647986,4.204827134217731,28.71307228574448
2764.578,0.684888704964783,4.204957801569596,28.715143863879735
2767.5,0.68386134364567,4.205166187602689,28.693278671525277
2770.406,0.6838623699650985,4.2053905999495385,28.69301435560505
2773.313,0.6837377536184419,4.205290091829538,28.684746475620827
2776.235,0.6836432420567253,4.205525085743396,28.675886619753552
2779.141,0.6814835093510834,4.205271489162575,28.672984015812766
2782.047,0.6813694194017602,4.205716748973114,28.668712635332728
2784.953,0.6809294031956591,4.205763189046753,28.660977141498986
2787.875,0.6841581691487141,4.205870479484258,28.650730885714953
2790.781,0.6814739178848594,4.206022399569936,28.638794505592717
2793.703,0.6827812071878369,4.206133510749016,28.628470297276973
2796.61,0.6812631463036991,4.206208922922862,28.62403594989226
2799.516,0.6833872318965359,4.206513176743165,28.62470140433682
2802.422,0.6774177719724217,4.206502878338086,28.60833026284302
2805.344,0.6831061637518064,4.206753668789363,28.6044234591897
2808.25,0.680873518657325,4.206812514175041,28.601890309540256
2811.235,0.6800449097678379,4.207150202053728,28.59907876399929
2814.172,0.6814710579262487,4.207228752018435,28.584742818478407
2817.094,0.6785310658424651,4.2073663939177095,28.57124618955762
2820.0,0.6805381272661689,4.207185020179388,28.5784204858946
2822.906,0.6760476555478114,4.207701058647906,28.56649292503322
2825.828,0.6789066814683222,4.207475062861906,28.556259872904192
2828.735,0.6776213768858772,4.207760249071334,28.550380268454543
2831.641,0.678522196307144,4.207862214348999,28.54565670366612
2834.547,0.6758507383283355,4.2083049586043915,28.536606114675134
2837.453,0.6786581009142729,4.208489029126129,28.53184825784879
2840.375,0.6771017820048298,4.208638316810227,28.521023872195617
2843.281,0.6752276808640972,4.208577254820654,28.510027039937896
2846.188,0.6768133100210011,4.208818472160733,28.505420385865506
2849.11,0.6764064476165117,4.209050963703074,28.496953573291886
2852.016,0.6775896562063473,4.209172158918329,28.490796980350893
2854.922,0.6765787028010322,4.209147607509771,28.482430631057724
2857.86,0.6646991943760424,4.2084631298737705,28.477646643275413
2860.797,0.6559340080955098,4.20774904344747,28.469721653257476
2863.735,0.6465567292666176,4.20710513357474,28.457455505417013
2866.656,0.6435971447043687,4.2069502968081975,28.456305743878616
2869.578,0.6474773762440793,4.207165784673477,28.4543770502651
2872.578,0.6465122428127306,4.2069647088099105,28.439272107126353
2875.563,0.6467883390066717,4.207246408404939,28.43078943086856
2878.531,0.6463136369821674,4.206967645428559,28.423274006602504
2881.485,0.6450089092598015,4.207413543144243,28.41238204274124
2884.485,0.6493751879353329,4.207539340230378,28.411326144103747
2887.5,0.6349362958083099,4.206582926937936,28.401639786042367
2890.485,0.6343280255274701,4.206736459840578,28.40364154068929
2893.422,0.6364016832823887,4.206902149483628,28.39633238192464
2896.344,0.6340369064674722,4.206881372929696,28.38223763382965
2899.25,0.6331808796362665,4.207071153186555,28.377231393166205
2902.156,0.6352955130969185,4.207373888162809,28.372297947251994
2905.063,0.6364090795303983,4.207244484726421,28.36143897727078
2908.031,0.6249353176512157,4.206081075319517,28.357037406657124
2911.047,0.6256910113222335,4.206235403643776,28.345238495463928
2914.094,0.6278489231030218,4.206685553565791,28.341090738103887
2917.156,0.6265576094674653,4.206538228285435,28.327254553556877
2920.125,0.6161945757808095,4.20597070993876,28.326473688429818
2923.063,0.6028539657685675,4.204942136775043,28.316013789109714
2926.047,0.6046154576812849,4.204811873725647,28.30948653050406
2929.078,0.6026245046905782,4.204832704794803,28.305523536462154
2932.11,0.605261584260801,4.204901343463809,28.30434172331284
2935.172,0.5970764213549797,4.204249177281797,28.300844637738653
2938.172,0.5849812901474211,4.203324483820799,28.28565933122492
2941.156,0.5840825036340532,4.203121196294612,28.278172203781622
2944.141,0.5852934805391636,4.203235374146046,28.271465787662503
2947.078,0.5846126737313796,4.203164101387756,28.26686773873624
2949.985,0.5853259712552643,4.203383885670094,28.25653505525362
2952.906,0.5850735805869537,4.203361477562666,28.25066088315957
2955.813,0.5847636760044905,4.20340504809955,28.2453910112894
2958.735,0.5859532746561131,4.203181867974748,28.23030494325429
2961.641,0.5836417153514691,4.203470288203107,28.231992224386865
2964.547,0.5872064830177848,4.203506299533972,28.22526660379197
2967.453,0.5801948421268217,4.203489570501578,28.215875962186768
2970.391,0.58578811838642,4.203716060170143,28.201800232296506
2973.297,0.5851064342964893,4.203413300371376,28.20551800664171
2976.219,0.5844468810054475,4.2037600171312866,28.19549854346141
2979.125,0.5841753712625166,4.203627092237493,28.19002086303415
2982.031,0.5811719846060387,4.20381836858179,28.183768006747357
2984.938,0.5875024359635207,4.203506994907808,28.1743474028283
2987.86,0.5901980352840412,4.203774253466983,28.172368393275253
2990.766,0.5839945627451384,4.203871319291784,28.162921561288748
2993.672,0.5836959326243345,4.203983556497104,28.16921428460511
2996.594,0.582724015893744,4.204053822985523,28.160378136522684
2999.5,0.5833874016398921,4.204488153851666,28.15950031811639
3002.438,0.5815009258150733,4.204470792584213,28.14309416146407
3005.344,0.580014867006481,4.204200205827661,28.13248079389533
3008.25,0.5794684308948974,4.2045232796968115,28.124634786272374
3011.172,0.5798201620239941,4.20447201469265,28.117709360187376
3014.078,0.5838061876656493,4.2046756531992475,28.108902052953518
3017.016,0.5716146266499453,4.204122279902092,28.10526973487725
3019.922,0.5700088028940659,4.2041514632447905,28.093897810240456
3022.828,0.5714918568795151,4.204129641207877,28.083027287530395
3025.735,0.5700599434623379,4.2044837567972895,28.08167512226477
3028.641,0.5718733716618406,4.204143396728033,28.074755433892253
3031.563,0.571612671827368,4.204263424109241,28.072618552132962
3034.469,0.5715192982893378,4.2042819229265245,28.06375617038309
3037.375,0.5727744561862158,4.204426562934595,28.043559140121964
3040.281,0.569666723870476,4.204616397335279,28.041411992617544
3043.219,0.5630567915816871,4.203729657222004,28.038941025060975
3046.125,0.5596424422688157,4.20389112509385,28.04344607880857
3049.031,0.5622743643999564,4.20359516399812,28.03307252033421
3051.953,0.562473801056388,4.204029505495726,28.014193161563494
3054.86,0.5599041340430188,4.204214017796287,28.020173350460798
3057.766,0.561050528099179,4.204180844066473,28.00868257342044
3060.688,0.5578120020757223,4.204460467315738,27.99709529895166
3063.594,0.5588800025907875,4.20459716960818,27.989275350189214
3066.531,0.5535879841180416,4.203579132236846,27.988831419331937
3069.563,0.5513184754222255,4.203652817962176,27.977388942485607
3072.578,0.5512888119705575,4.2036867976862755,27.970469520981123
3075.531,0.5517619723955984,4.203646657902674,27.97005567125136
3078.578,0.5629891087748287,4.204390345120511,27.96198284003938
3081.516,0.5600711833434309,4.204848544996656,27.951532650076622
3084.531,0.5517016572241399,4.204182496458395,27.94977506482565
3087.547,0.5502932975022651,4.2041875845258625,27.94498401832104
3090.547,0.5470855079548199,4.203971580754918,27.931652898525254
3093.547,0.5590249892542092,4.204988635460304,27.931073585924203
3096.5,0.5502167230372629,4.204290771565929,27.92389151548242
3099.453,0.549209668420425,4.204274710224024,27.91197957480683
3102.438,0.5483250177615994,4.204649925684845,27.911371278540646
3105.469,0.5394276681557691,4.2034649106377495,27.911260726827642
3108.406,0.5417654422426932,4.2034594593582995,27.90530113166356
3111.36,0.5365185908427175,4.203824768441436,27.89088494917685
3114.281,0.5387826223212289,4.203571886656906,27.889762805687297
3117.188,0.542348100312787,4.203694451705172,27.8761488416527
3120.094,0.5402691883566347,4.204124914810377,27.874052327579943
3123.0,0.5386197026865578,4.203791540117873,27.87528357440926
3125.906,0.5386043129983171,4.204112469070776,27.866454358638272
3128.828,0.5397209515193707,4.204327120041734,27.85822809905731
3131.735,0.5444416949943431,4.204034491143109,27.85530721193812
3134.641,0.5392853884144346,4.204286151762401,27.852342229569025
3137.563,0.535645644002564,4.20460173968479,27.8364661049283
3140.485,0.5295431899781731,4.203795498686246,27.829974911179452
3143.406,0.5307259907735579,4.203752676358968,27.82336217650569
3146.313,0.5299422189012061,4.203638603907386,27.818200696730738
3149.219,0.5272404326531474,4.203669062610708,27.809353263099954
3152.125,0.5274560285634733,4.2038299665380645,27.806260674926214
3155.031,0.5283729880755781,4.20404480916706,27.800385218807374
3157.953,0.5250161842869763,4.204001039298672,27.792408386438638
3160.86,0.5258670844975286,4.204042030927184,27.783853849190717
3163.781,0.5283857114378987,4.203887973640649,27.77907959067536
3166.688,0.5279205130565959,4.204290504239499,27.772395155929615
3169.594,0.5283026503916758,4.2043026956983764,27.766782202539737
3172.531,0.5243076228918749,4.204522907134375,27.76407599978789
3175.438,0.5253843851616034,4.204666161986536,27.761787823882692
3178.375,0.5191161348207087,4.2038157913136684,27.76258192044112
3181.297,0.5173789182716965,4.203831269622956,27.750675382359123
3184.203,0.5170370377296297,4.203813516123078,27.748937691914158
3187.11,0.5175732087653611,4.203987581841508,27.740987489804372
3190.016,0.5138838740083388,4.204057646030548,27.731513043127183
3192.938,0.5158332592612046,4.204231741317332,27.726561744481327
3195.844,0.5176132862828305,4.204105812999408,27.71348952349321
3198.75,0.5163105915438353,4.204172569469946,27.71287197643727
3201.656,0.5156869257145159,4.204137613990677,27.706168381895917
3204.578,0.5154170273180756,4.204459798352778,27.692584584642486
3207.485,0.5155238799571895,4.204657824222268,27.6891184968536
3210.422,0.5181119566535365,4.204375368182587,27.68615418769595
3213.328,0.516457988167216,4.204821348585063,27.6820681439948
3216.235,0.5121104789123931,4.204791165049114,27.669579020919432
3219.141,0.514400715591883,4.204624469729192,27.660432842394503
3222.047,0.5144439715180212,4.204918365172259,27.655855704692264
3224.953,0.5146767893071303,4.204914337337233,27.652201366869605
3227.875,0.5134237946981138,4.204843050238122,27.650199171477905
3230.781,0.5120112035633788,4.205079283027646,27.643779012563602
3233.688,0.515444919606957,4.205108761538456,27.638771222431963
3236.594,0.5152102375117041,4.205654296928402,27.638580374833754
3239.531,0.5011119830808339,4.204627288070131,27.627096254818905
3242.469,0.49455473399176764,4.203828626413915,27.6204434882006
3245.375,0.49710917591560044,4.20376013956404,27.61917215630167
3248.297,0.4924589362309333,4.204056477875858,27.61188727209108
3251.203,0.4926554317982118,4.203799290812083,27.605261530007144
3254.11,0.4959971637409348,4.203956188785828,27.605151025419243
3257.031,0.4921326173396734,4.204296892380845,27.59862832192021
3259.938,0.48914832146366527,4.203894592885563,27.59413278998388
3262.844,0.49261153183354983,4.20396284966832,27.58690821147223
3265.766,0.49888218509262616,4.204013142228948,27.580449789061134
3268.672,0.4911590201455076,4.204351379574527,27.570197945336165
3271.594,0.4955782521202713,4.2042515582610935,27.564472749245837
3274.516,0.4930362205163898,4.2044131406387475,27.563835811124996
3277.438,0.4941793150184181,4.204487101552072,27.55584654567651
3280.344,0.49142587119499775,4.204419539878008,27.550807932632754
3283.25,0.49250746162846204,4.204546443466887,27.551243871242015
3286.156,0.495081238154464,4.204877019703453,27.53528174970806
3289.078,0.4921566433322449,4.204714414602727,27.526104831303684
3291.985,0.48905806492347786,4.2050673895631085,27.52753496526914
3294.891,0.4903526699424012,4.205033655253249,27.51760314957841
3297.813,0.4921174668652211,4.204928186550359,27.506811178162074
3300.719,0.4920996476143767,4.205025996489247,27.509449857932307
3303.641,0.49085883767658167,4.205166536102162,27.49904115458302
3306.547,0.4889867371187245,4.205173673345276,27.49825941162216
3309.453,0.49022370141795457,4.20553347907267,27.494100097485138
3312.375,0.4912512454224267,4.205621743528885,27.488345466037167
3315.313,0.4810407709207567,4.204935497856051,27.483758123260767
3318.235,0.47014562344923555,4.203723252282367,27.477769859276155
3321.156,0.4723557697046926,4.204095435350751,27.475691764682068
3324.063,0.47540990823525897,4.204179469106144,27.46199882230198
3326.969,0.47116692068079724,4.203955213545506,27.460719917536263
3329.891,0.4710683985644277,4.203842344418874,27.44860225545344
3332.797,0.47067623353978,4.204069700759636,27.44927343721104
3335.703,0.47111095215525456,4.204081518289931,27.439589648343887
3338.625,0.4689204003792691,4.203944438816228,27.443571196767426
3341.531,0.47072651692969514,4.20402376371275,27.436436845350205
3344.438,0.4716091539405777,4.204182432236982,27.434028070754145
3347.36,0.47003555178052747,4.204249360600605,27.428683611016826
3350.297,0.4689268674661797,4.204549292351648,27.40886495073941
3353.203,0.4709122432408412,4.2040429090122915,27.413744016705447
3356.11,0.46851263253232905,4.204632672110973,27.40725593679975
3359.078,0.4605392612289453,4.203768548969658,27.404365898901695
3362.0,0.46077238511093,4.2036604816946905,27.402906709085567
3364.906,0.4602687778305678,4.2037526974219555,27.396404267719067
3367.813,0.46117222718391865,4.203647092453993,27.38547640913783
3370.719,0.45813881811043283,4.20400832191386,27.383500012401658
3373.641,0.45927967101221906,4.203813148072363,27.38603183054915
3376.547,0.4601668235469308,4.2042151544928625,27.3754101115423
3379.469,0.45965604574854185,4.204287549120744,27.368883122466162
3382.375,0.4602568320859565,4.204255018882927,27.364424207994
3385.281,0.4576718234820875,4.204148609017676,27.359907163110464
3388.203,0.4605171411700803,4.204417572067679,27.352671503326206
3391.141,0.45821835810541145,4.204204300024322,27.349119814095165
3394.094,0.4603671415655588,4.204396742182347,27.346373986788326
3397.094,0.452112766781422,4.204430551509572,27.337387328426303
3400.0,0.4594816212936181,4.2044324583588555,27.33809438995837
3402.906,0.46048235489498957,4.20467318001739,27.327717377713277
3405.813,0.4606678146240161,4.20480431156166,27.320588122077606
3408.735,0.4634262355146107,4.2050935001470755,27.321228845824486
3411.641,0.45688223227507035,4.20456197055672,27.311457512991016
3414.547,0.45467399655820534,4.2052478579146255,27.305430717112554
3417.453,0.4593888434742016,4.2049772712390405,27.30073694366183
3420.375,0.4568482397013998,4.205291055932901,27.295424821785755
3423.297,0.4582977453156143,4.205391441877572,27.291251730264527
3426.203,0.4582871563555564,4.205099091451301,27.291821848034594
3429.11,0.45779373931773354,4.2052168313111995,27.28230342688098
3432.031,0.45500093013238,4.205674445546526,27.27893566998668
3434.969,0.44840240462977016,4.204498085657092,27.2699615686389
3437.875,0.44810617150660154,4.204592510585163,27.25221709317075
3440.813,0.43969251530901676,4.2036721204946605,27.252571746779985
3443.719,0.4338487220646744,4.204241565493115,27.254022792193016
3446.625,0.4355614185662804,4.204235214397501,27.24406218086297
3449.547,0.4401096370489195,4.203899583610774,27.23608302876457
3452.453,0.4364834886217086,4.2040938204003355,27.23523017259132
3455.36,0.43417071378308386,4.203933383002461,27.231770656747475
3458.266,0.4417534437818178,4.203975748531704,27.23021037351568
3461.188,0.4380458037675331,4.204272080218387,27.22017102716414
3464.094,0.43719316204372555,4.204301398887074,27.215987601402016
3467.0,0.43401332233771367,4.204363640891237,27.210254804996246
3469.922,0.4384684812285341,4.2041470273561785,27.21176672348565
3472.844,0.4373095085941125,4.204425494633185,27.200052882637333
3475.766,0.4357610567207555,4.204583894493548,27.19679579057352
3478.672,0.43829941870086975,4.204601945626769,27.187335920143756
3481.578,0.43659234174272216,4.204797315550159,27.18568298230897
3484.485,0.43458875906194727,4.204341897614969,27.18360366649966
3487.391,0.4370143762721227,4.204802688264667,27.181690393642647
3490.297,0.43426927645840196,4.204880291044093,27.1774454555249
3493.219,0.43322711456713786,4.204956740268462,27.162750387799804
3496.125,0.4342035954545814,4.204717401858654,27.15805750933112
3499.031,0.4366372166429686,4.205295465798385,27.155791947064518
3501.938,0.43398120768642995,4.2050120169986425,27.15355341852602
3504.86,0.4342858571347531,4.205056420814233,27.139679102396176
3507.781,0.4332792823947032,4.2051640556740715,27.137180494634972
3510.688,0.43634607392195285,4.205097026708545,27.127820835230434
3513.594,0.43420438420580537,4.205414489567055,27.12576225834757
3516.5,0.43389494507260573,4.2058530961668765,27.123371104432568
3519.438,0.4238439924170886,4.204510745524762,27.120500189538642
3522.344,0.4238490292825825,4.204823240590198,27.112880439808134
3525.281,0.41668456516798813,4.203850854062054,27.097974241969343
3528.188,0.41459834381077865,4.203800318782488,27.099005283553243
3531.11,0.41532470041413955,4.203798082758107,27.098505139441688
3534.016,0.4153415393149944,4.204095861796718,27.088775168191223
3536.922,0.4149696750732162,4.203875683148548,27.086420667743514
3539.828,0.41320514658285334,4.204161978054892,27.079354260442727
3542.735,0.4153261855528686,4.204164055318811,27.08667124542943
3545.641,0.41731498690224306,4.204239751509293,27.070674099377502
3548.563,0.41411526906700696,4.20414599421543,27.062731724064754
3551.469,0.4135358937913736,4.20421987511257,27.05711391098091
3554.375,0.4160917871333711,4.20441008822143,27.052739825574623
3557.313,0.41463363858958513,4.2045028546589895,27.04483701790227
3560.219,0.4104795877840456,4.204321234797336,27.048303671322422
3563.125,0.41174431731346584,4.204684970401641,27.041372515648398
3566.047,0.41367673094624147,4.204467935508349,27.03649639839956
3568.953,0.4152489322383362,4.204630465408841,27.0268590318762
3571.86,0.41175334131562963,4.204663647470437,27.02975734855476
3574.781,0.4144140756593792,4.204922305023172,27.02544882111355
3577.688,0.41375633993426025,4.20506092292591,27.027072779488787
3580.594,0.40833070302510144,4.205021762624684,27.021583836220273
3583.516,0.41806329168652184,4.204935471926051,27.010500858362025
3586.422,0.41119030054906347,4.204729232182911,27.01514137056465
3589.328,0.413607915370176,4.205172398436098,27.01082041847854
3592.25,0.4123916309719416,4.205246231684918,26.999253814127982
3595.156,0.41194272804346904,4.205442315029765,27.003804309891883
3598.063,0.41166359718216994,4.20554098598414,26.986842794365717
3600.969,0.4144745500709674,4.205531768977211,26.988891967258972
3603.891,0.4099528043856784,4.205321896182599,26.97593755415529
3606.797,0.4122788970444707,4.205658759806632,26.977734788551114
3609.735,0.40185871701075293,4.204572642524993,26.967445115289465
3612.641,0.4009083510939426,4.204612292609301,26.96076435771643
3615.563,0.39795010056359204,4.2049546319386515,26.957699394870037
3618.469,0.4023326696091686,4.204711926549252,26.946238460825363
3621.375,0.3991439792372889,4.204860479736191,26.942428157187816
3624.297,0.40357411759838463,4.204789926117432,26.935904850159368
3627.203,0.3993107803427904,4.20500531089063,26.936029341683064
3630.125,0.4008133691613498,4.205113838218425,26.9284710991249
3633.031,0.4010835836567131,4.2053401468514995,26.927278532698626
3635.938,0.3974987867395835,4.2049055456918545,26.918421162409544
3638.844,0.4012649552853164,4.2053831622016755,26.91335551005851
3641.781,0.4023909985310258,4.205367326706162,26.918157556963735
3644.688,0.40079296305785467,4.2053811579080485,26.91082758989847
3647.61,0.4015543293043308,4.205439941016877,26.906523305958704
3650.516,0.39923537927074765,4.205342111068308,26.903768043677157
3653.438,0.4008796915358985,4.205662456993857,26.901717166193894
3656.36,0.3915606974094935,4.204740613261526,26.904642362832806
3659.281,0.3888212443943887,4.204587376632041,26.895939084604066
3662.188,0.38732891546586995,4.204895642575902,26.886663217227742
3665.094,0.3879610630351543,4.2049723111433535,26.883798525039534
3668.0,0.39141542221460973,4.205086547005216,26.88180677564426
3670.906,0.38531460916904964,4.2050064782438925,26.87330176308699
3673.828,0.39019435636549266,4.2049622123538315,26.870095291976412
3676.75,0.3876754637359473,4.204841232530868,26.868987574422196
3679.719,0.3904016203352761,4.205064242689696,26.85475487976857
3682.656,0.39024856401689345,4.205392723232949,26.850841000912208
3685.578,0.3896350022915227,4.205314615599972,26.85125700237005
3688.485,0.3864344593977533,4.205164372179699,26.848706123930054
3691.391,0.38802624432769545,4.205488135829723,26.852599113441215
3694.313,0.3908125069575915,4.205532803194139,26.836734421177482
3697.219,0.3873502036517757,4.205675567284767,26.83786818705356
3700.156,0.37908781504430744,4.204653845860246,26.818398504277564
3703.063,0.3782768566679106,4.204884984005309,26.82025593264091
3705.969,0.3795691755424437,4.204798201484974,26.823134443733682
3708.875,0.3791266451740372,4.20477623276243,26.811204663780998
3711.797,0.380692496903952,4.204735796494633,26.809049432896735
3714.703,0.37970436298745214,4.205080561398933,26.80197949046715
3717.641,0.3804921003305491,4.2050203611419,26.799851522949208
3720.563,0.3809287521527704,4.204730820970019,26.798219338103408
3723.547,0.3767590209611323,4.205084781568964,26.794020722054317
3726.516,0.3779734758100708,4.205010730530189,26.792680675714166
3729.422,0.3775152066112906,4.205058345276826,26.797684978033054
3732.344,0.38007406763486934,4.205320123510372,26.78429746502215
3735.25,0.37702890591714383,4.205174922318643,26.775895006465824
3738.156,0.37793814206794013,4.205262239103479,26.77952528603704
3741.063,0.3747915476133408,4.205389539673857,26.769610054116757
3743.969,0.375325811040507,4.205455431753729,26.767925716459015
3746.875,0.37864796746607987,4.205396942813017,26.754234880165672
3749.797,0.3774407679747973,4.205312801425631,26.754489257153082
3752.703,0.3768344383448983,4.205772246852262,26.746383018389636
3755.641,0.3652785517597258,4.204972140635957,26.745544873670426
3758.547,0.36529536174605404,4.205104323731344,26.742769331407352
3761.453,0.36920359618646426,4.205174344520377,26.736269757679953
3764.36,0.36660048228759073,4.205009139487491,26.726965210265963
3767.281,0.3668726820528297,4.204941398878474,26.72903950975668
3770.188,0.36845106462539473,4.20527830372549,26.726735174391568
3773.094,0.3666981107380758,4.205046605901807,26.721477053602833
3776.016,0.3696478201400089,4.205246218703457,26.712836383140385
3778.922,0.3642068967770934,4.205166728115122,26.711802945767477
3781.828,0.3663075132338871,4.204839237959127,26.704884742629055
3784.735,0.3653050087987466,4.205348330289899,26.70703921593032
3787.672,0.3679426289518531,4.205357434324396,26.69112300027537
3790.594,0.3667748702147859,4.205399305445252,26.692084126412546
3793.5,0.3634359154437917,4.205342988441097,26.686415255102656
3796.406,0.36456364277966286,4.205558867402313,26.685514207573156
3799.344,0.35636382811211764,4.204500628381076,26.682878800058262
3802.25,0.35776122927818016,4.2047355312166825,26.679963514034107
3805.156,0.35462498523234953,4.20476288433849,26.671631599813633
3808.063,0.35621645177073136,4.204703547910997,26.670802746624606
3810.969,0.3550341879613558,4.204745756289731,26.660644776928606
3813.891,0.35579520043318774,4.204819048507268,26.655353542166097
3816.797,0.355284067747962,4.204864474883729,26.656828872844322
3819.703,0.3545522853926454,4.204722312077104,26.646181027936496
3822.61,0.3548613606317237,4.205035421956737,26.64757391637069
3825.531,0.35317706149296707,4.204877635640692,26.644633526266617
3828.438,0.357582917812547,4.205036088784148,26.64551395065874
3831.375,0.3570773040506198,4.205178247488956,26.63891750292717
3834.297,0.35569795437607604,4.205161283351627,26.6270564848187
3837.203,0.35620097734096134,4.205206992458417,26.628409448223834
3840.11,0.3541713932536145,4.205388243687344,26.613438855429067
3843.016,0.35378283379376296,4.205281317841489,26.62219098778734
3845.922,0.3554615589314737,4.205066497802941,26.61550776294144
3848.828,0.3564799732665368,4.205706930507025,26.611608373457198
3851.766,0.3451993829947259,4.204781213614042,26.598856041225506
3854.688,0.3449700233985508,4.204477776664311,26.60140682623912
3857.594,0.34342401888389557,4.204803688910616,26.602095992504733
3860.5,0.3440128288962464,4.204446227061383,26.59408799869303
3863.406,0.3410821228492071,4.204828813140519,26.589779040177937
3866.313,0.3433276243616953,4.204759884416255,26.58313725741953
3869.219,0.34339017419090945,4.2050356370554836,26.583497209418894
3872.141,0.3477975958371954,4.204686257632233,26.583001017956924
3875.047,0.34194480634835284,4.2049520291672895,26.573016568591772
3877.969,0.34541305027483293,4.2047015395113565,26.574634221033687
3880.875,0.34174731394727426,4.205068340027768,26.569082461023626
3883.813,0.34412881620758506,4.204924761000169,26.567241625076857
3886.719,0.3475882341015433,4.205090420204423,26.561881598723886
3889.625,0.34562003700089095,4.204900163129523,26.56034239172893
3892.531,0.343693177161167,4.2049907128845785,26.55406813225656
3895.453,0.34331164255195706,4.2051603297216,26.55358313436248
3898.36,0.34392625290626244,4.205378866611732,26.54209082533704
3901.266,0.34653650068921416,4.205668827564673,26.541876684788797
3904.203,0.3349241888632497,4.204563029179013,26.537942608905826
3907.11,0.33539510273190276,4.204748563466884,26.529153780340845
3910.016,0.3345829790600011,4.2041905953002106,26.533611119056083
3912.938,0.3347856512543447,4.204679510015451,26.530019223389026
3915.844,0.3322698019166514,4.204545794941718,26.526403867583507
3918.75,0.33244052516410244,4.204668791468396,26.512407753316566
3921.656,0.3362485143754526,4.204603899672217,26.513092665080798
3924.563,0.3346430244658069,4.204508683561799,26.511293854144114
3927.469,0.33193212005537986,4.2048665858783405,26.50877404602697
3930.391,0.3353861480139487,4.204815879220806,26.49813051760886
3933.297,0.3343495207194923,4.2048031571615505,26.493763594908426
3936.235,0.33352770227315215,4.204804713726669,26.495308666450853
3939.141,0.3342971398007514,4.204854029276092,26.493045075878875
3942.047,0.33477195777541474,4.204920840184564,26.493914729462535
3944.953,0.33241067362507987,4.205125542890177,26.483441303655287
3947.86,0.3304264152721748,4.205051605785927,26.479152382611897
3950.766,0.33266570963824876,4.205095219449643,26.481199148124713
3953.672,0.331902845894413,4.205076927220416,26.470927174036092
3956.594,0.33408922582058587,4.205195278454726,26.476120113472096
3959.5,0.33148084393670035,4.205201128667087,26.465573808832897
3962.406,0.33291548836169904,4.20530916625119,26.467663683798346
3965.313,0.3314998964265639,4.205380537191331,26.46380509869682
3968.235,0.3331359720628031,4.205629002797912,26.453961985933123
3971.188,0.3239357482575198,4.204636265859824,26.459532478918533
3974.094,0.32117678074310363,4.204725145130685,26.450387362427524
3977.0,0.32605205931175174,4.204479848991448,26.455332749903867
3979.906,0.3212192909100067,4.204641099034387,26.450540882092785
3982.813,0.3219274059099876,4.204498553169935,26.44716517141627
3985.735,0.3248050254700132,4.20484580364764,26.440705173928517
3988.641,0.3208342121260776,4.204455015970726,26.435589802976832
3991.547,0.3228959584081638,4.204936189673519,26.443514644139768
3994.453,0.3197457029983282,4.204700021500715,26.43134748266536
3997.36,0.320813725305784,4.204783127343938,26.428990518522827
4000.266,0.3218984660649885,4.204819166145973,26.422412503341555
4003.203,0.32005211980543397,4.204692381623298,26.419911601947952
4006.11,0.3206081739591015,4.204876892474126,26.407483829904457
4009.016,0.3266718557046313,4.20508767751914,26.405352922691932
4011.922,0.3216422866024456,4.20526541332456,26.40378927020128
4014.828,0.3223386317100927,4.2051049558283555,26.402831797384618
4017.735,0.32134614709414927,4.205224174854812,26.394925031860073
4020.656,0.3207735355847456,4.205205799672534,26.389540067786392
4023.563,0.3168624263759073,4.205233209585563,26.387769931250713
4026.469,0.3207081315356065,4.205215482785138,26.38537530140581
4029.375,0.3204201732279435,4.205554142671081,26.385965186606562
4032.313,0.31009129919088185,4.204257650626944,26.373630628211696
4035.219,0.3134175375934794,4.204673823735746,26.36957836074009
4038.125,0.312622516704338,4.204782623187025,26.358162389523464
4041.031,0.31127984481498877,4.204411888775684,26.356961471044084
4043.938,0.31350313222069714,4.204492446331997,26.35972951759393
4046.844,0.30946294092454585,4.204550517428254,26.36070858730979
4049.75,0.3117412696137653,4.204497491034269,26.35773773247178
4052.656,0.31248683385052056,4.204657198259141,26.34994343612184
4055.578,0.310276379098563,4.204569203855866,26.34783617960843
4058.485,0.3109122946353572,4.204856777492121,26.33927838116365
4061.391,0.3156360386011353,4.205068444395503,26.338389934575492
4064.328,0.3078764077125474,4.204816137756312,26.33776118191233
4067.235,0.3098911608266836,4.204812924972463,26.335566343239705
4070.141,0.3107827950976896,4.204843241431917,26.329545566503114
4073.047,0.3081321483940913,4.205113002887843,26.319408308829463
4075.953,0.309811415662476,4.205246363131516,26.324900081041058
4078.86,0.3096748906486261,4.20503314955549,26.3172699509169
4081.781,0.31011608417319453,4.205365788203881,26.31900058766687
4084.688,0.30940384403395566,4.205187613157665,26.31707232340192
4087.594,0.31037916076036587,4.205100535731266,26.308306216059307
4090.5,0.30981042503418843,4.204902441674405,26.31082670413738
4093.406,0.30903940228961313,4.205424274397393,26.30110349808692
4096.313,0.30680328519067224,4.205086787641209,26.30324633583831
4099.219,0.3048160089483773,4.205247220473688,26.294866367606076
4102.125,0.3079408436212079,4.205486561149247,26.29000533091328
4105.031,0.30643703551316825,4.205429621144345,26.289518613417478
4107.938,0.30347885232182115,4.205661780561966,26.280956710791283
4110.875,0.2978777789410818,4.20449274102689,26.276966260512467
4113.781,0.3021185204313809,4.204796553510266,26.27873704502719
4116.688,0.30056521367106737,4.204415930705083,26.277719251093604
4119.594,0.29917515381733795,4.204560496091083,26.278136355586717
4122.5,0.29865009345077803,4.204982396736592,26.274752757564485
4125.406,0.2961611010721069,4.20477975134456,26.26631120077902
4128.313,0.29780602594152167,4.205174234118969,26.266422874893077
4131.219,0.3004754349548406,4.2048001326631494,26.271439569208535
4134.125,0.29466012131042807,4.2048980449690605,26.264380045404362
4137.031,0.303347967584648,4.205082564378839,26.25003719616986
4139.938,0.2987129637299608,4.205048580087789,26.24697669942678
4142.891,0.2988110213882951,4.20490965940432,26.24406014861585
4145.797,0.29736142894411877,4.205038497512167,26.239338193862782
4148.703,0.29442329299081876,4.2053145589830025,26.239750132509258
4151.61,0.29721047146309465,4.205220282044626,26.236338147454934
4154.516,0.29763823932673356,4.2050076593084595,26.237171666968212
4157.438,0.29740720248129776,4.205087107795041,26.2263221822368
4160.344,0.29907270732299523,4.205378291567756,26.210669796632374
4163.25,0.29720069121473386,4.205194460058139,26.2099518096373
4166.156,0.29907141694525546,4.205271142061552,26.2022084156449
4169.063,0.29924451263243657,4.205569167389886,26.20962140359604
4171.985,0.292911497978636,4.204674095355874,26.203830913011423
4174.891,0.28914888957702306,4.204252447929194,26.201019917361148
4177.797,0.2882500836589572,4.204345697349602,26.19760838688195
4180.719,0.2891059749942204,4.204591045908031,26.200425312384407
4183.625,0.287115919104662,4.204668082041318,26.190754668162093
4186.531,0.28720034770030034,4.20471304067636,26.195780336637874
4189.438,0.2846792712922105,4.204552757976501,26.185911906521874
4192.344,0.28744724325498866,4.204576727877566,26.185721736068174
4195.25,0.28614522820903693,4.205123337125908,26.180591523768555
4198.219,0.2864996456058707,4.2048677795083815,26.17514810421736
4201.219,0.2869883811404939,4.204656784757096,26.173410325692565
4204.125,0.29214986121965947,4.204610025937401,26.173347831811437
4207.047,0.2835494437915811,4.204862849372239,26.16188258822465
4210.047,0.28758153803462866,4.204941071023885,26.159753997347185
4212.953,0.28676658517063464,4.2050349468916535,26.15576985984515
4215.875,0.2846647629638426,4.205174164064398,26.157475136118027
4218.781,0.284275206949217,4.205170078982597,26.141545889812765
4221.688,0.2877465704307851,4.205285889196439,26.150515470107948
4224.594,0.28505245931840034,4.205538763647271,26.1515681988635
4227.5,0.29160227762167584,4.205096141356783,26.14625124126787
4230.406,0.2874407925078662,4.205296840411998,26.137795449467298
4233.313,0.28768867592555936,4.205463212750729,26.135792677343872
4236.219,0.29025077072624994,4.2055064321962,26.137659271315147
4239.125,0.28469333690981063,4.205316589968413,26.129485932209064
4242.063,0.28632235763897784,4.205355351988147,26.123584478200247
4244.969,0.28503147329929507,4.205576628940752,26.1181548554289
4247.891,0.28432991503170757,4.205487387291893,26.11504839143866
4250.797,0.28616637209840995,4.205296840290769,26.114154712260778
4253.703,0.2864381658585504,4.2058983255293825,26.10788997870067
4256.61,0.28335987654692335,4.2056147829066886,26.111863442329188
4259.516,0.28779292081741825,4.205751505742812,26.11194323761134
4262.422,0.28108929918357606,4.205850842330462,26.107216565299748
4265.328,0.28551853861679427,4.205921393207724,26.095218380102576
4268.235,0.2901915828210923,4.206078661985651,26.09665013425708
4271.141,0.28379219614927,4.206013154948746,26.089575441975327
4274.078,0.28705115301267103,4.2060753131852815,26.090789279170945
4276.985,0.28723738104449076,4.206110680945744,26.08768627238571
4279.891,0.28553116143551316,4.206125419471442,26.09233221288677
4282.797,0.28654449264008475,4.206346880466061,26.079621468541315
4285.703,0.2870166795055059,4.206329957474497,26.080264103500244
4288.61,0.2850927337572471,4.206199507992523,26.078396018246387
4291.516,0.2829414111332778,4.20652096651118,26.072852021314176
4294.422,0.2847906501046436,4.206367137200824,26.07304074360586
4297.328,0.2836763838541278,4.206295403825981,26.066864202019634
4300.235,0.28346758832203134,4.206644727943988,26.065821027001075
4303.172,0.27300786909743635,4.20576444709917,26.060307215947258
4306.11,0.26442795016364906,4.204766468560474,26.058720201415397
4309.016,0.2644105532301668,4.204801818027443,26.05676219308158
4311.922,0.26669120602399304,4.204611184408592,26.054099023349732
4314.828,0.265714551657542,4.2046776000695845,26.054951507737016
4317.735,0.26656191396716306,4.204647245070201,26.05267289638547
4320.641,0.26799305591230227,4.204893742210149,26.047289686776153
4323.547,0.2654226699174495,4.204717084598396,26.044249583889286
4326.453,0.26464755393904393,4.204648400833691,26.033770666106854
4329.36,0.267337590212768,4.204710506938368,26.029499709770345
4332.266,0.26643932150505945,4.204785253634603,26.027424564756572
4335.172,0.2628660928099802,4.204769502339587,26.027218590420702
4338.11,0.2662179709076801,4.20475982645353,26.02882153502841
4341.016,0.26596275122710517,4.20480105547227,26.018382531318682
4343.922,0.2688167028230643,4.204822233085398,26.019231866103727
4346.828,0.2667375196445263,4.204825259213387,26.01404959409581
4349.735,0.26449696507912007,4.205109918940538,26.01147515133105
4352.641,0.2659126035619226,4.204911214467234,26.009679807250958
4355.547,0.2643273890243906,4.2050274210557115,26.01483336014384
4358.469,0.2657180777309614,4.204954440423843,26.014725554640066
4361.375,0.2663259324589066,4.205300489117346,26.003720659298374
4364.281,0.2656689853740363,4.205119278142576,26.004212313858982
4367.203,0.2635527315553929,4.204898665914774,26.00200792144223
4370.11,0.26505271829290367,4.205405103267447,25.992241660370873
4373.016,0.264870295201992,4.205162694018903,25.985252823513633
4375.922,0.2644902580272122,4.205281243565717,25.995459490455925
4378.828,0.2650528106750827,4.2052155729047085,25.98628444444749
4381.735,0.2662013167534046,4.205140312119039,25.986152774264365
4384.641,0.2622168754732116,4.205367572339883,25.980922614499715
4387.563,0.26521115413600005,4.205211291260601,25.97704202448012
4390.469,0.2632668707793073,4.205285937716484,25.977346516602694
4393.375,0.26208688030042,4.205200629155465,25.96581464661725
4396.281,0.2668591813186779,4.205411264716815,25.962868519918327
4399.188,0.26416098768220925,4.205425352118555,25.958702100698375
4402.094,0.2608123522302824,4.205474826791091,25.959109015928927
4405.0,0.2609268318331209,4.205728202041352,25.960914551088983
4407.922,0.2666870475851665,4.205787600124443,25.965635819293304
4410.828,0.2614999738245166,4.2057773654231605,25.95504864843314
4413.735,0.25920244298905903,4.205874741527912,25.955808020933183
4416.641,0.2641130623234999,4.2058319590975906,25.953139074816384
4419.547,0.2633238425440089,4.20577844762096,25.943717159766585
4422.453,0.265693715156279,4.205770759875057,25.9483940782528
4425.36,0.2641762147010819,4.206213351456506,25.949498234115
4428.266,0.2615959203205258,4.206008888485254,25.93257272799962
4431.188,0.26423162301119296,4.205903071996737,25.92639804711953
4434.094,0.260525380232085,4.205917790197915,25.93026576919625
4437.0,0.262360933810435,4.206218792980054,25.92536244684544
4439.906,0.26368594321022787,4.206332718374773,25.91817301759508
4442.813,0.26506289183818627,4.206157003602685,25.920701079045923
4445.719,0.26430644700239697,4.206429195383595,25.918281787560797
4448.625,0.2619872584197882,4.206498407792046,25.92323366448181
4451.531,0.264775589243628,4.206025883501898,25.91827692712858
4454.453,0.26314516753473044,4.206438693886766,25.913303443425598
4457.36,0.2599865141946152,4.206540694962572,25.90943493682607
4460.266,0.2616942096548313,4.206490372616072,25.912524807228067
4463.172,0.2624408251696385,4.206771902312921,25.908788262315852
4466.094,0.25018415971633207,4.205798609822785,25.897054815816144
4469.031,0.2406226741554417,4.205204847401051,25.89857807684969
4471.953,0.24164584438353776,4.204745060746955,25.90005269743122
4474.86,0.24114727635854877,4.204796062222049,25.90206771290418
4477.766,0.24347663588425317,4.204700641352099,25.886595400400534
4480.672,0.24540439809902742,4.204906668274555,25.880218992476603
4483.594,0.24263586947389018,4.204799034997827,25.878276535930915
4486.5,0.2417992314906075,4.204889548359037,25.873013384263043
4489.406,0.24264992407617686,4.205017690525352,25.87503263830452
4492.313,0.24159223256305978,4.204585230755033,25.874641329159786
4495.219,0.24109912126587044,4.204439702058107,25.870482079734828
4498.125,0.24260357917105263,4.2047456388620414,25.86961765378422
4501.063,0.2429962214839576,4.2048654397503595,25.86580133165389
4503.985,0.24071366727043397,4.204899670529352,25.86941855605137
4506.891,0.2403372644543661,4.205087618657187,25.85960537135476
4509.797,0.24381212266938804,4.204794474129997,25.859742569646418
4512.719,0.23966107571072415,4.2047301408043305,25.859230687385406
4515.625,0.2411417632322942,4.204933280465723,25.85069602732672
4518.531,0.23897179676931316,4.20492657841273,25.84826855862242
4521.438,0.24264517618543552,4.205148423765622,25.846055767255443
4524.36,0.2441003065083836,4.204801102277043,25.84561202172251
4527.266,0.24397033736668666,4.204827594356361,25.845496034532715
4530.172,0.2402430038742556,4.205146887261994,25.837380404713578
4533.078,0.24222775046310793,4.205461898407966,25.83141392418922
4536.0,0.24277512541447185,4.205196852744355,25.832257756367685
4538.906,0.24002151268185035,4.205228387039405,25.82660412565417
4541.813,0.2435273796255628,4.205299381049006,25.83025078113249
4544.735,0.24243993154893914,4.205141501390654,25.82938916257238
4547.641,0.24145855120088938,4.20533625266948,25.82453006503287
4550.547,0.2413104207611254,4.2053209862824845,25.822253140331245
4553.453,0.24026743245106977,4.2056129650564875,25.820266572817243
4556.375,0.24478128697274998,4.205599428065163,25.820816368136924
4559.281,0.23888675563488704,4.2053078477304995,25.816589369223834
4562.188,0.23910615951726638,4.205078074223375,25.817680538508853
4565.094,0.2432673114257154,4.205539996274635,25.80704561004358
4568.016,0.24263549942286242,4.205561584526178,25.809441567485468
4570.922,0.2399456422515181,4.205430723113522,25.805243984799525
4573.828,0.2420519261880686,4.205800001609517,25.804471470221632
4576.735,0.23880215313714628,4.205518559000942,25.802877338013648
4579.656,0.24130429409981832,4.205820434381984,25.799846747258602
4582.563,0.23917322823330356,4.205859692491704,25.79914115180418
4585.469,0.240549958202156,4.2058030548820655,25.789897510431764
4588.375,0.23972545304110576,4.205775824652947,25.789494378689806
4591.297,0.2415395777023516,4.205963647232688,25.78392101966178
4594.203,0.24160260438050674,4.2057674046329945,25.790733013943807
4597.11,0.24029283240447696,4.20617189896908,25.786504213189957
4600.031,0.24011455117413788,4.205944849967863,25.780921034350314
4602.938,0.24119925894618718,4.206014873333759,25.779602023068808
4605.844,0.23890151023829329,4.206032446095591,25.775212461799395
4608.75,0.239544250855151,4.206190596480954,25.774881872709848
4611.656,0.23946177320081033,4.20624670795575,25.77769563779485
4614.578,0.23771412778149492,4.206264935152218,25.7733820343877
4617.485,0.23938362443111189,4.206158478157143,25.761604344256153
4620.391,0.2410298196262458,4.206385581878502,25.768761673877535
4623.297,0.23873331648904758,4.206379787833072,25.761672593212882
4626.203,0.23874024622487766,4.206532348263972,25.766642842869135
4629.11,0.23970898754200282,4.206435873251465,25.763628476043937
4632.016,0.2400508946468098,4.206476416146838,25.761021807948683
4634.938,0.2410756982507095,4.206476841590692,25.768328399344398
4637.844,0.2428557214453686,4.206607239375608,25.757788167494674
4640.781,0.230879115043546,4.2057845144787604,25.755053259851024
4643.688,0.22746075593218612,4.205691534300458,25.751437394136165
4646.594,0.22841867852429693,4.205572428197205,25.752773051724425
4649.516,0.227755169125502,4.205441194947138,25.74595675441719
4652.422,0.22840019138234488,4.205515401517871,25.734524214920263
4655.328,0.23015097563441933,4.205598440274656,25.737186395970298
4658.235,0.2280406960932829,4.205691395262223,25.734712799135544
4661.156,0.23076994069204027,4.205896586153666,25.73801216063335
4664.063,0.22406239199902636,4.205680840973889,25.72928373434397
4666.969,0.2280056249935529,4.20591125110253,25.7303133629939
4669.875,0.2281387901890339,4.205882878189133,25.727213143341498
4672.813,0.23237830017386485,4.206025342723691,25.72294102137082
4675.719,0.2309313106321511,4.205927206452538,25.718672752922025
4678.641,0.22958730615666062,4.20621737441119,25.713710166329268
4681.547,0.23064099632616522,4.205773478123454,25.718759903422594
4684.453,0.23039485381181626,4.206224039550967,25.718928514529562
4687.36,0.22810523940330965,4.20588634365417,25.714437354247124
4690.266,0.22894099452490696,4.206128976967399,25.714513089863264
4693.188,0.22749050038601268,4.20583091586772,25.709972332563797
4696.094,0.2283998156087821,4.206287995403888,25.702917109775605
4699.0,0.23008331067672072,4.206228125217509,25.70391802792402
4701.906,0.23122954468012563,4.206334671981681,25.695038518247635
4704.813,0.2246769543334829,4.206097176829922,25.697399442587162
4707.735,0.22720659551514322,4.20648253103133,25.695896152703153
4710.641,0.22781961789784214,4.206377236211807,25.686851570389855
4713.547,0.22819854131194411,4.206171385631269,25.68774983324536
4716.469,0.22951772696087833,4.206808120901695,25.68582500589796
4719.406,0.2181787906424259,4.20544831307459,25.691537741135498
4722.297,0.2165997006427952,4.2054402251791725,25.688792056283102
4725.313,0.21739765438752665,4.2055802518363645,25.68705564439217
4728.281,0.20800474585210862,4.204690417380261,25.688818609082883
4731.188,0.2082938984930794,4.204422390726498,25.684391211901584
4734.094,0.20995995586902882,4.204552313086209,25.678282688144122
4737.0,0.21326900951617683,4.2046662471624705,25.673575989840533
4739.906,0.20893438390442606,4.204462151882094,25.66207093167815
4742.813,0.20875410619329335,4.204589384696072,25.66187865688353
4745.735,0.2047247046312407,4.2045627151433616,25.663677778365194
4748.641,0.2123729403009674,4.2044302402034255,25.655686858863515
4751.547,0.2098592932666242,4.204668208988495,25.6566599631125
4754.453,0.21048565164074184,4.20444426677832,25.663423864508978
4757.36,0.20627685957535227,4.204548180173752,25.65253031490598
4760.297,0.20834213090680104,4.204495872924211,25.652540542656432
4763.203,0.21060779730728926,4.2046254469154585,25.65262248054112
4766.11,0.20629958309749588,4.204600665969521,25.649164132215766
4769.016,0.2073475848709101,4.204399373518201,25.64612944363533
4771.922,0.2069303732693323,4.204744896042138,25.647344810301924
4774.844,0.20744032098968873,4.204547976804644,25.64447123017838
4777.75,0.20771168926496364,4.204500240487959,25.642127370813558
4780.656,0.208215467721075,4.204638232683446,25.636131698790646
4783.563,0.20864438541581545,4.20450951126503,25.636180044624254
4786.469,0.20996194931425055,4.204511578202004,25.62929772061759
4789.375,0.20719316249166508,4.204553812830734,25.61990409337977
4792.281,0.20683927964225093,4.204716156631069,25.625299716321653
4795.203,0.21049429820836466,4.204764211517388,25.616558414156486
4798.11,0.20936199726655078,4.204747254978095,25.614683121538963
4801.016,0.2113417343614728,4.204865111766099,25.61145612761953
4803.938,0.20850077149212626,4.2046558437732795,25.616139566815882
4806.844,0.21067408180906966,4.204989978779156,25.613479471114935
4809.75,0.20736833234735982,4.204779691110325,25.60416157348322
4812.656,0.206140696614332,4.2048401636412205,25.602539892368327
4815.578,0.20842562752526522,4.204855201291712,25.60132821610848
4818.485,0.2083354234945686,4.20510344297799,25.59524800352529
4821.391,0.2078456498462563,4.204942992579349,25.594021876891876
4824.297,0.21015359176182122,4.205124259449146,25.599311343674486
4827.219,0.2096840168810076,4.204908838302957,25.596207430415173
4830.125,0.20757484733444473,4.20500342126835,25.59192737101675
4833.031,0.20639172866536282,4.205041863518379,25.5812569071357
4835.938,0.20683664001300828,4.205045113192778,25.580242353140385
4838.86,0.21002486705987913,4.205054016563216,25.58362419324426
4841.766,0.20711239474049029,4.205219076276781,25.588803020457313
4844.672,0.20725777673054083,4.205143671090153,25.587528702984905
4847.578,0.20601928257074317,4.205149197860263,25.578637798123705
4850.485,0.20541048586086236,4.205096056032834,25.576105276908923
4853.406,0.20594001295553876,4.205531214660064,25.573274600574198
4856.344,0.20751825689583214,4.205424249557399,25.569637645962793
4859.25,0.20908069773898463,4.2055099818257435,25.576030393567716
4862.203,0.20675456244525892,4.20536216350335,25.57166981341061
4865.156,0.2046464289102629,4.205473911805502,25.572361699004237
4868.188,0.21006483588068814,4.20533311316527,25.566290389464843
4871.188,0.20685551316387685,4.205556846116454,25.55793434558811
4874.156,0.20591271302916347,4.205668847988841,25.560422479070777
4877.141,0.20562269687739534,4.205787386855845,25.549557026014387
4880.063,0.20681930640216742,4.205713618478339,25.55543720763569
4882.969,0.20414242149884426,4.205825108760834,25.557360590519636
4885.891,0.205029698364556,4.2057168074312425,25.55471970316952
4888.797,0.2060803917168955,4.205798122665389,25.54900659450122
4891.703,0.20577060212638013,4.205420787641452,25.547368479353917
4894.61,0.20688998743527717,4.205872945326916,25.538836071420622
4897.516,0.20286869802395596,4.2056228073443425,25.535259623092795
4900.422,0.20503665370177154,4.205906230641492,25.539417146978597
4903.328,0.20668932977680274,4.2059977363318035,25.53584350333657
4906.25,0.20654428172810466,4.205912752470785,25.530380340972098
4909.156,0.20166358884458982,4.205988713572759,25.528026251219437
4912.063,0.20639747550226356,4.205906661851282,25.5270898947075
4914.969,0.20607070426753685,4.206032642365452,25.523752411219935
4917.875,0.20729360156491458,4.205940568656525,25.52456632376249
4920.781,0.20686438973578522,4.2061331199233125,25.52636115112244
4923.688,0.2055908870869079,4.205928135337143,25.524907776728224
4926.594,0.20346452703988943,4.206257157898062,25.519587687702224
4929.5,0.20496271683211492,4.206166997455428,25.518657058202884
4932.422,0.20355534595443942,4.206277782970975,25.515470866070277
4935.328,0.20520150737770568,4.20621139415329,25.517312631176495
4938.235,0.2047707771253175,4.206315746808654,25.50232072950749
4941.141,0.2044878557222099,4.206430066366212,25.513249499915496
4944.047,0.20560944571158637,4.206447119854475,25.50415734614374
4946.953,0.20707759205000842,4.206475833546922,25.503718393147764
4949.86,0.20407096136770572,4.206459109474469,25.498234960457662
4952.766,0.20273551357077801,4.20655856800379,25.497759109643688
4955.703,0.19567925325468258,4.205545664692318,25.494776908853044
4958.61,0.19457564605965597,4.205782907752243,25.49870217607335
4961.547,0.18567135394208878,4.20471510354966,25.49052321137258
4964.453,0.18553140623260037,4.204675946361043,25.491303524494512
4967.36,0.18398800780223393,4.204890697446923,25.481798147690252
4970.266,0.18594552371671058,4.205038700938837,25.480361062721627
4973.172,0.18609035911083155,4.204631603665741,25.49034516448595
4976.078,0.18524288402249323,4.2046553248740635,25.491639455183613
4979.0,0.18606791612098306,4.204590245074666,25.479064368954397
4981.906,0.1856044221301821,4.204541131670437,25.48224423689657
4984.813,0.18569664790998539,4.204764176085803,25.475986685319462
4987.719,0.18605828585519177,4.204595761107597,25.472710164335133
4990.625,0.187625422959041,4.204533133492263,25.475834547474125
4993.563,0.1880228357374304,4.20456063867077,25.47654636816517
4996.469,0.18680397434498353,4.204693540167877,25.469716640234815
4999.391,0.18649036131030666,4.204536920909958,25.475959588718215
5002.297,0.18487454207089887,4.204734643089031,25.472192494397234
5005.203,0.1849729977073237,4.204622944588246,25.46992405115479
5008.11,0.18455206693891132,4.204848283374315,25.47100418569696
5011.016,0.1859970731992958,4.204722934210664,25.47006819878438
5013.922,0.18361302289629294,4.204494645050707,25.472003387017516
5016.828,0.18976682949890153,4.204877091820644,25.461108798054944
5019.75,0.1840794914365716,4.204921309453643,25.452315453203532
5022.656,0.1853414171900306,4.204645943629582,25.45439691980097
5025.563,0.18344914363745962,4.20478339021228,25.449917421326486
5028.469,0.18700770412310527,4.204866289656366,25.44931602366451
5031.375,0.1865872906647655,4.204817280962742,25.441020253069713
5034.281,0.18601282340198316,4.204965155956178,25.43853845128973
5037.188,0.18717933245125576,4.20481404393127,25.441959098646404
5040.11,0.1867737298140522,4.204914986648748,25.447628370711065
5043.016,0.1841328159651817,4.204980880579827,25.436338983878844
5045.922,0.18743133818422955,4.204895169194181,25.442867226011266
5048.828,0.1859097746971105,4.204886344794143,25.446739153427313
5051.735,0.18497882349604788,4.204891626943528,25.442743508972956
5054.641,0.18645232589766267,4.20515341230745,25.43612980352754
5057.547,0.18595979312449978,4.205059628404609,25.440430992826
5060.469,0.18644787097789506,4.204918159592634,25.436690474665507
5063.375,0.1867157563542811,4.204973352160704,25.440129954276596
5066.281,0.18475990727858313,4.2053646198101955,25.43460041815267
5069.188,0.1852377054706633,4.2051532494614055,25.427371786154847
5072.094,0.18492006543833098,4.205071696257291,25.426865489900074
5075.0,0.18537146677995242,4.205181768612483,25.425955456615192
5077.922,0.18562124965401236,4.204995637052449,25.429069490014417
5080.828,0.18499276690234318,4.205250777332645,25.42290389382731
5083.735,0.1841475020476995,4.205177399794658,25.421479349029084
5086.641,0.1835133594035276,4.205338158551981,25.422788173441806
5089.547,0.18603202155500032,4.205351811801971,25.412893538557523
5092.469,0.18524207947460017,4.205195830747928,25.41723440093748
5095.375,0.18632870145195493,4.205445909678227,25.417081403661687
5098.281,0.18374539509784288,4.205309438624546,25.410559892712726
5101.203,0.1852358403728853,4.205560268309952,25.409563363729198
5104.11,0.18569556106874202,4.205615222026119,25.406038406018087
5107.016,0.18524527453357514,4.205494289418542,25.39953519095855
5109.922,0.18361648606235303,4.205406456459376,25.40199360110076
5112.828,0.18461201584080258,4.205652816395287,25.405316583389343
5115.75,0.1824895673942013,4.205421738899763,25.392196822014355
5118.656,0.18415237701657644,4.20569659734438,25.395811286213043
5121.563,0.184793222813273,4.2056291707934825,25.396275032780053
5124.485,0.18450996500103334,4.205463488741579,25.39574796123985
5127.391,0.18328933990338878,4.20572167129469,25.39758340098293
5130.297,0.184686165639656,4.20575693933932,25.400748065752175
5133.203,0.18487585846703225,4.205618779977775,25.392441618247563
5136.11,0.18481392470281233,4.20567699634956,25.393213500533864
5139.016,0.18340712235790319,4.2057156880227105,25.39655237245651
5141.938,0.181499773017757,4.205974406367995,25.388925730739672
5144.844,0.1827689277220623,4.205881170806428,25.386613969062907
5147.75,0.18432427791919226,4.205767560669816,25.385891953597838
5150.656,0.18407068233705695,4.206030272908009,25.381083780191137
5153.563,0.1815505476758597,4.206153214614995,25.379671055493358
5156.485,0.18121320649625802,4.205901526538044,25.371609216425284
5159.391,0.18564899016582098,4.2059522211520015,25.37465170760548
5162.297,0.18357716716029604,4.206224517818247,25.363238556524127
5165.203,0.18372434676313792,4.205903986841502,25.361862495229058
5168.125,0.18437715845221225,4.206035938260038,25.361128910550892
5171.031,0.18272701621810541,4.206124946952201,25.36360117312139
5173.938,0.18404743744305488,4.206291911836067,25.36042661959226
5176.844,0.1839260329118178,4.2061103775473825,25.362902901726724
5179.75,0.1845317535492702,4.206420807664483,25.353497073536158
5182.672,0.18430147909850841,4.206338960650992,25.349164674364474
5185.578,0.18218686636631415,4.206252625794903,25.35461179912105
5188.5,0.18411791970429145,4.2062429700029655,25.3500744161307
5191.406,0.1821514613625442,4.206381452610052,25.352953703200313
5194.313,0.18325031462787833,4.206205025219549,25.357897276259884
5197.219,0.18502816472633557,4.206260723603169,25.352936840284666
5200.125,0.18085744359309724,4.206299367049438,25.34835190012301
5203.031,0.18349173673807745,4.2066715463548,25.350607367408063
5205.969,0.17049327623129593,4.205520964186471,25.34535447401654
5208.875,0.17433589158013477,4.205971763280999,25.344982406926878
5211.797,0.17361615894657675,4.205445431647475,25.345084259847564
5214.703,0.17510781307094814,4.2055043745229295,25.33261336230571
5217.61,0.17211061430086275,4.2055615684740815,25.336094977718496
5220.516,0.17109129993369374,4.205678363193301,25.333597705430176
5223.422,0.17313171806987496,4.205828238776732,25.324296644716476
5226.344,0.17188065452421736,4.2055373109738765,25.32526584089106
5229.25,0.17339482829528435,4.2058476731004175,25.3202894237471
5232.156,0.1711035989960243,4.205537005685011,25.32472978324633
5235.063,0.1750090684726409,4.205663784598943,25.327063624288055
5238.0,0.1729994192551167,4.205883653064033,25.32129642474526
5240.906,0.17116334814448908,4.205572209020398,25.32095238926037
5243.828,0.1714293775763137,4.205941923899335,25.314866020741942
5246.735,0.17257575107235554,4.205787995776597,25.31023842076437
5249.641,0.1728926948542142,4.205632941405235,25.322076785089433
5252.547,0.1733018346747501,4.206003287107613,25.31207501055458
5255.453,0.17188824159465788,4.205954490142444,25.316041552417552
5258.36,0.16970794067430195,4.206000510054964,25.306116122830076
5261.281,0.17445016643445094,4.205972357170631,25.30101369617958
5264.188,0.16868094186249113,4.205950360892093,25.29831359108858
5267.094,0.17068810494327746,4.206077710649962,25.300800302079036
5270.0,0.17228405910207542,4.206054359733483,25.29903176405678
5272.922,0.17160145787181943,4.206063579013709,25.295634286267447
5275.828,0.17022945131133763,4.205963139729852,25.302533344297622
5278.735,0.17262824950477537,4.206039098692241,25.2980114703207
5281.641,0.17023426666284816,4.20619413507482,25.3007299986498
5284.563,0.17319236228938184,4.206044354629287,25.29304771260028
5287.469,0.17312330828310524,4.206228580439883,25.293697755887646
5290.375,0.17076973621001165,4.206017884667363,25.28991886455157
5293.281,0.17197030325557372,4.206147374347654,25.28366571584028
5296.188,0.1738361981192378,4.206170964622211,25.288108722039002
5299.11,0.17193096888102585,4.2060334542920605,25.27787275907849
5302.016,0.17413124839832336,4.206273734882314,25.285072721872353
5304.922,0.16764972437193457,4.206147319100834,25.286713885403984
5307.844,0.16969124465339586,4.206291259922367,25.27454297736333
5310.75,0.16917072375719944,4.206341957134043,25.272596828328506
5313.656,0.17001247757658158,4.206355489657098,25.275697616654295
5316.563,0.1693403601393156,4.206388903707506,25.279051465949372
5319.469,0.17131798326141492,4.206310616582861,25.27033538352858
5322.391,0.1690054865232961,4.206462550105271,25.271601851537017
5325.297,0.17288618376527617,4.206451738421969,25.277107480130752
5328.203,0.16890418243826466,4.2065397651101195,25.26887828358524
5331.11,0.16834180544913346,4.20659959696712,25.272399630384058
5334.047,0.16087753409775996,4.205588869208926,25.262013690376122
5336.953,0.1603790758023781,4.205577508039237,25.26062148043525
5339.86,0.16432228200201773,4.205548096355598,25.262263415013884
5342.781,0.16319508217379824,4.205976722657676,25.25329632546806
5345.688,0.1612489613535392,4.2056234886887784,25.253430234343877
5348.594,0.16065829730706035,4.205596529868101,25.25558677374959
5351.5,0.15987871147284047,4.205544736148188,25.247686867731378
5354.422,0.16152538133055827,4.205648206531446,25.25758631169402
5357.328,0.1605608995648999,4.205740521291967,25.25465705381127
5360.235,0.16311458145612223,4.205834786392837,25.258302828808606
5363.141,0.160641772580467,4.205842655051198,25.261175434558712
5366.078,0.16004347633597474,4.205752381826689,25.258411544203767
5368.985,0.1624864523313611,4.205753300150103,25.25600966697845
5371.891,0.16082938138631572,4.2057998021726215,25.259731779894537
5374.813,0.16180054648177147,4.2059524150442495,25.25441197655743
5377.719,0.15966653789938115,4.205777079495425,25.257436236155733
5380.625,0.15875776365824645,4.205754129294168,25.249871498580983
5383.531,0.15907459362703458,4.20570427164337,25.256437542621953
5386.438,0.16270721301962177,4.2058033781728215,25.25332261222885
5389.36,0.16207223764353815,4.206008766533908,25.252021703242857
5392.266,0.16270664905641088,4.205867781892712,25.24840653238416
5395.172,0.16093943717674483,4.205944811947577,25.248489680534327
5398.078,0.16000133681094508,4.206062343818521,25.246900782924666
5401.0,0.16336674709325663,4.205953758098024,25.247584181934243
5403.906,0.1637646007498502,4.205729080832768,25.239857508877144
5406.813,0.16355896374410153,4.205984823834442,25.24004223481866
5409.719,0.15819390540196568,4.2060553566971235,25.24196855194201
5412.625,0.15874361098867798,4.205946562376426,25.2373992358527
5415.547,0.1598047791796922,4.206114392678917,25.23550570713738
5418.453,0.16074868229984282,4.206193584270098,25.236280814845095
5421.36,0.16019857728104103,4.206173845714236,25.23818769423618
5424.266,0.16167852773090696,4.2061757455406,25.23102865642655
5427.188,0.1622926966234596,4.206135269655504,25.22463308282057
5430.094,0.16022536923057557,4.206178561427524,25.232436353758942
5433.0,0.16131851408289155,4.2060900489419275,25.235835311580935
5435.906,0.15858055388271056,4.206413629541093,25.226698853204926
5438.813,0.16030859087459162,4.206406680315125,25.235616315600375
5441.735,0.1613564423909015,4.206240631107712,25.227752370792572
5444.641,0.16010885581822137,4.206213862426485,25.226834611206648
5447.547,0.15879463822386305,4.206192166941631,25.221912189948284
5450.453,0.1601949539623942,4.206480559278335,25.215127007671242
5453.36,0.15968838288318676,4.20642547278527,25.217942754906048
5456.266,0.1621252960262238,4.2063788333705,25.21692190719925
5459.172,0.15967552867166354,4.206409598513548,25.214054031502823
5462.078,0.1595751307845408,4.2063441578315555,25.220134241769827
5465.0,0.15953285179098173,4.206387192369426,25.216281167958254
5467.906,0.1603829850660668,4.206682706736548,25.209310611154773
5470.844,0.14767162932559919,4.205688113833779,25.210487158430052
5473.75,0.15158885205877812,4.205748030260866,25.209752479721942
5476.672,0.1476292169761119,4.205480773317694,25.209579043895214
5479.578,0.1497127698559062,4.205634480159505,25.21413119766134
5482.485,0.150203132841259,4.205439663730996,25.207105616770495
5485.391,0.1502000780507555,4.205271901738172,25.209127025902067
5488.313,0.15198625023426424,4.2056499600561486,25.20380483947451
5491.219,0.1509724637156425,4.205449957625146,25.19587151785326
5494.125,0.15016316146438843,4.205743510322085,25.20041286620727
5497.031,0.15011543345326556,4.205670338994575,25.20321652842188
5499.953,0.14980608616639482,4.205375008915677,25.20524623981328
5502.875,0.15320534952690862,4.205421144970262,25.195460479581104
5505.781,0.15065876941385217,4.20574630493733,25.193434148281813
5508.703,0.14839115002705702,4.205346477514216,25.193219675316865
5511.61,0.15083161973795267,4.205979562363761,25.195691455337464
5514.516,0.15004061039270758,4.2055687605989815,25.18818193213298
5517.422,0.14938797404333587,4.205743498628525,25.193870905101647
5520.328,0.1481430989495909,4.205760819353515,25.190183834139273
5523.235,0.14604620964079193,4.205729350344159,25.182334008014237
5526.156,0.1524148438743416,4.205976294801687,25.182251661795785
5529.063,0.1488123030574028,4.2059243524874015,25.18841094270169
5531.969,0.14882391942781195,4.205890462536418,25.18316149301193
5534.875,0.15245529462986138,4.205680748608228,25.18184433182984
5537.797,0.1496005104494099,4.206174863718858,25.181514046648267
5540.703,0.14898620102442212,4.205851794276996,25.18107955404933
5543.61,0.1457852820422737,4.20601761656171,25.17282169190729
5546.516,0.14924493294958258,4.205863489860965,25.17633271323208
5549.438,0.15001616181082292,4.206063275521018,25.172015396656928
5552.344,0.14875237544457293,4.205849319700157,25.169273160418534
5555.25,0.1515507344048699,4.205790650977869,25.171087258175575
5558.156,0.15100224662824596,4.205798189780949,25.176000815167324
5561.078,0.15091447136427802,4.205942907624639,25.16689462333085
5563.985,0.14861673712056234,4.206160756090516,25.169219718393435
5566.891,0.15034667565535523,4.2060439587647975,25.166433768009956
5569.813,0.14906668545612825,4.206021433050087,25.164691812484843
5572.719,0.14775466947585467,4.206008077184256,25.1669460980629
5575.641,0.15255469261590637,4.205839956828658,25.160580590774448
5578.547,0.14974305010745131,4.206114680642449,25.15946904207422
5581.453,0.14871254792602095,4.206283137331591,25.160385323235605
5584.36,0.14830574801866964,4.206271953382848,25.168036432317503
5587.266,0.14786651502974213,4.205869320496108,25.156143151138593
5590.188,0.1493735331288341,4.206410004559742,25.156219447720492
5593.094,0.14939074630582472,4.206269257219526,25.162239909497423
5596.0,0.1500096924009011,4.206194986517324,25.14985929991581
5598.906,0.14951131560032252,4.206342630136855,25.150382105891843
5601.828,0.14781924939212485,4.20632149505754,25.15958183740868
5604.735,0.1459631437760741,4.206204320898239,25.143275253666825
5607.641,0.14838359291421307,4.206319392628465,25.148692962968536
5610.547,0.15059507613103296,4.206366802476111,25.149758343255623
5613.453,0.14783817504751542,4.206477660873349,25.141388261752752
5616.375,0.14568976702078254,4.206375872776582,25.140875481354534
5619.281,0.1467734242267669,4.206480233563406,25.145219446113543
5622.188,0.14723821874216167,4.206465867261383,25.146655777818975
5625.094,0.15014755160833732,4.206410161030019,25.13680545485507
5628.0,0.15000060415478358,4.206260334922594,25.13548299643388
5630.922,0.1498155686595647,4.206829347481617,25.141799554466402
5633.86,0.13666332973533324,4.20563374883245,25.138026697200633
5636.766,0.13755032987450733,4.205747253854865,25.13276918061871
5639.688,0.13725458239383362,4.20570712764823,25.1352771993884
5642.594,0.13971434249298884,4.205379543523927,25.12905663592958
5645.5,0.13632195803915056,4.205654495688947,25.131628501771065
5648.406,0.13779480998748717,4.205661138304571,25.125845057272375
5651.313,0.13837907957955656,4.205546224092922,25.124255067972314
5654.235,0.13690759837886066,4.205667981644194,25.124009174525604
5657.141,0.14071223275707948,4.205610141925419,25.124976147206812
5660.047,0.13875867427727812,4.20554421375469,25.12160108391428
5662.953,0.13865619454650677,4.205769215623839,25.122502915823766
5665.891,0.13773441349999357,4.205819129558163,25.12047450658338
5668.797,0.14185319023952184,4.205498834489214,25.12802583052594
5671.719,0.1404302215508941,4.205607882644518,25.12626874842544
5674.625,0.13691171060119342,4.205737449977013,25.12517700483914
5677.531,0.13536594815622527,4.205818859389681,25.117761330219977
5680.438,0.135982142824751,4.205462666596673,25.121458871195983
5683.344,0.13749243912110107,4.205782853636611,25.117755831127344
5686.266,0.13818616065872605,4.205813982312462,25.115732933980652
5689.172,0.13840616893242497,4.205816067672861,25.120672493878374
5692.078,0.14282996003298742,4.206003582794849,25.11524350217187
5694.985,0.14017388812492124,4.205807056094331,25.117989169588018
5697.891,0.14024437600938264,4.205859172865188,25.111930259439053
5700.813,0.14056761056044578,4.205887226863902,25.106778156641283
5703.719,0.13837157926283844,4.205874899250846,25.098335549028533
5706.641,0.13918362892981404,4.205931668304709,25.102309257385954
5709.547,0.1386729913453498,4.205953082202639,25.093032999020615
5712.453,0.1376965009130828,4.2060548751014295,25.102742374904164
5715.36,0.13949851458127277,4.205888154913267,25.11123205686626
5718.266,0.13792621211869502,4.205893737203278,25.098033375670965
5721.172,0.1391515231428208,4.205950805894068,25.10732843449611
5724.094,0.13927750705161093,4.206020005628192,25.10471945541479
5727.0,0.13967651298456166,4.205839587637184,25.097456715503522
5729.906,0.14208112071791887,4.205863527140014,25.094135909374586
5732.828,0.13801103642795515,4.206287745406537,25.103876686991303
5735.735,0.13540936961713654,4.205911895201428,25.099356549316735
5738.641,0.13624096899309804,4.206099711049386,25.09418676374826
5741.547,0.13881677492306643,4.206180187714863,25.101268335048154
5744.453,0.135543524180544,4.206174560714847,25.085763959749986
5747.375,0.1348494426564415,4.206117393914365,25.083524176268007
5750.281,0.13520966023890651,4.205929546507923,25.08307791362748
5753.188,0.13896165235376418,4.206454911700235,25.085816254145254
5756.094,0.13826576912251545,4.206088419925702,25.085095664438494
5759.0,0.13670770543350866,4.206353408254731,25.075410517140032
5761.906,0.13844656906824737,4.206371217343967,25.077124248301732
5764.828,0.13614789962300605,4.206052018460838,25.073988956282673
5767.735,0.13593647050538593,4.20619636783208,25.072993481673823
5770.641,0.13789481790979766,4.206282169817693,25.06223133926503
5773.547,0.13635780621025304,4.206312941508722,25.07606313687405
5776.453,0.14168972586952105,4.206193001663679,25.071203099214863
5779.375,0.13548124638986178,4.206445192108031,25.068211901288592
5782.281,0.13659239271057838,4.2065399778085775,25.071562815908862
5785.188,0.13702102819718273,4.206469703744623,25.071781083501996
5788.125,0.13461110851707703,4.206446695093359,25.06801635138014
5791.031,0.13727415325849446,4.206552324346712,25.065604415049936
5794.078,0.1269163181725053,4.205599990289043,25.06885301692075
5796.985,0.12888906683593496,4.205455768818176,25.065807738831193
5799.891,0.12952409665032114,4.2057121172107275,25.059999163871836
5802.813,0.12773361640348985,4.205528527933952,25.067216678968002
5805.719,0.1278583866284732,4.205439395033795,25.07045289298901
5808.625,0.1276874085303292,4.205301366793985,25.06614097299281
5811.531,0.12932963878344012,4.20550450887563,25.06290254725312
5814.438,0.1275919050261397,4.205263257481927,25.066013996504044
5817.36,0.1284221859011119,4.2054941276436395,25.065426192302496
5820.266,0.12920764647961666,4.205495828266111,25.060792979632986
5823.172,0.1283110539817364,4.205534332582454,25.064971323638776
5826.11,0.12699265102214075,4.205423047731724,25.058408474544276
5829.016,0.12831478561826837,4.205594628416798,25.052438939372685
5831.922,0.1264068718061132,4.205518933020764,25.059302799305645
5834.828,0.12761113004923133,4.205585541867558,25.06000332863115
5837.735,0.12648957087932702,4.2055883676616785,25.05015501033889
5840.656,0.12721031104155342,4.205600520469265,25.053275639319498
5843.563,0.12937169794509362,4.20544055696125,25.048239179043943
5846.469,0.1275023907587371,4.205408032255478,25.052656671809345
5849.375,0.12650374413977508,4.20551513711487,25.05354714485974
5852.297,0.1271633712972147,4.205355057227706,25.04707105322556
5855.203,0.1286574730347396,4.205509950782102,25.04779599807035
5858.11,0.1265761800685641,4.2054864506935745,25.04448085771781
5861.031,0.12752034998770484,4.205445330051426,25.0453991837568
5863.938,0.124031141536893,4.205531494378673,25.04715306859856
5866.844,0.12738732129006797,4.205456990193886,25.04511800084553
5869.75,0.12734111332935802,4.205470103904189,25.047362170263277
5872.672,0.1284850944041624,4.205660694182154,25.047220839238925
5875.578,0.12534725857990803,4.205631033835741,25.04350938295801
5878.485,0.1258928769933005,4.2053574811525225,25.043360350060215
5881.391,0.12818246634384375,4.205757196142106,25.04217780854074
5884.313,0.1242521064333967,4.205612939414021,25.041864380185345
5887.219,0.12651589715545913,4.20552477112968,25.04367397587658
5890.125,0.12568592462519468,4.205772135603569,25.040647288700345
5893.047,0.125902815284027,4.2058788542065075,25.039341142059264
5895.953,0.1280545830330744,4.2058417650074436,25.042041134322986
5898.86,0.12601566143857823,4.205704931107433,25.036149908519942
5901.766,0.1274332870539387,4.2059095504713,25.034199833824708
5904.672,0.1244662437063634,4.205731683381627,25.0294707599833
5907.578,0.12436360454138397,4.205973355006801,25.035005313623333
5910.5,0.12573579725310954,4.205971055171305,25.03676214797367
5913.406,0.12655502521856157,4.205851236665799,25.028820733646874
5916.313,0.12832518650671046,4.205684981581599,25.031142442903725
5919.219,0.1252390605697741,4.205934998699002,25.02757371207709
5922.125,0.1274843045939867,4.205967510499747,25.035471491694135
5925.063,0.12757846862108904,4.20590771067852,25.026250538040884
5928.0,0.12791172404008208,4.205877388400194,25.02844627260507
5930.906,0.12921104639697856,4.206143437320505,25.026718022098457
5933.813,0.12464991882982943,4.205800537714922,25.02329221355511
5936.797,0.12864725537465332,4.205947441537553,25.019907512954884
5939.766,0.1249578234511217,4.205929347467206,25.021194385223616
5942.735,0.12623104823425774,4.205925193365926,25.02623803761019
5945.703,0.12752013514081847,4.205950972164236,25.027010538787945
5948.703,0.12633569294569327,4.206007505834907,25.01561646025481
5951.75,0.1270674140573151,4.206100892651483,25.010399775867423
5954.672,0.12659091000456912,4.20614142727716,25.015691899599698
5957.578,0.12703648572114548,4.205784941858379,25.023671141593542
5960.485,0.12816862413361996,4.206111057618353,25.011750465584072
5963.391,0.12558181431293503,4.206130081514381,25.007745298288018
5966.297,0.1281601420654147,4.206060347854314,25.005280392808707
5969.203,0.12761210804655146,4.2063345685851745,25.003309357934192
5972.11,0.12457304507358298,4.2062632539027955,25.011968843491143
5975.016,0.12466764390380969,4.205962409376832,25.008261903549005
5977.922,0.1261813903439385,4.206138994887052,25.00050729521234
5980.828,0.1240257400070584,4.2062395984704395,24.9982044587898
5983.735,0.1270739691299255,4.206311578080366,24.993882005607617
5986.641,0.12647303245605918,4.2062668261798315,25.002346203244574
5989.547,0.12371194666410085,4.206405287901448,24.99545444585446
5992.453,0.12736403974092347,4.2063786390468385,25.00216663647364
5995.36,0.12475185466245023,4.206487312210911,24.99621230464786
5998.266,0.12429653790176927,4.206277824182059,25.00401367454133
6001.172,0.12661424239112698,4.206400124475879,25.00038940935994
6004.078,0.12674139578156926,4.206361964948455,24.99560874721895
6006.985,0.12614278154308267,4.206519697747645,25.000711398107796
6009.891,0.12215187796212973,4.206394779474384,24.990942415419482
6012.797,0.12318319585665476,4.206474355605203,24.996700326504808
6015.703,0.1252075614757587,4.206449316948976,24.990879982871988
6018.61,0.12502089741903724,4.20658068738006,24.986186876332347
6021.547,0.1160382089512204,4.205593161889456,24.987781881500688
6024.453,0.11637231831988241,4.205799880722114,24.979158405214882
6027.36,0.11592074930002963,4.2056235150563355,24.985676925545526
6030.281,0.11488523816897711,4.2057538174969995,24.984043533344956
6033.188,0.11477699001721567,4.20565641789427,24.985907094914854
6036.094,0.11419116197678275,4.205753008730229,24.97461304478868
6039.0,0.11700183572491624,4.205645738035971,24.978171618191617
6041.906,0.11621818345815413,4.205761619157677,24.98598863007529
6044.813,0.11599675913079051,4.205735538437648,24.980084368517844
6047.719,0.11505808588244315,4.20600962086533,24.977298048056724
6050.641,0.115411908652199,4.20560361538822,24.97519034386266
6053.563,0.11448884313780182,4.2056825988443025,24.97805069770157
6056.485,0.11530514512718609,4.205526277000021,24.97547955622918
6059.391,0.11656452541423193,4.205538258048152,24.976192870439775
6062.297,0.11609700445686741,4.205988099443046,24.97556702685887
6065.188,0.11722908220126757,4.205707228225593,24.971282802158452
6068.11,0.11378414967946637,4.205556946509583,24.96589153154564
6071.016,0.11825420727319269,4.205392520007993,24.964592473858403
6073.922,0.11206723628013743,4.205641150562861,24.964377702887756
6076.828,0.1151191445660357,4.206294388701017,24.960298440749195
6079.735,0.11289744958921846,4.205725674712932,24.96749273578031
6082.641,0.11639014874971293,4.20556750009992,24.96809521433371
6085.547,0.11338014275125059,4.205783075628865,24.964621714809702
6088.469,0.11527460483475638,4.205489938698365,24.967223067774405
6091.375,0.11438448062572935,4.205656179724916,24.965337087998414
6094.281,0.11836050493545121,4.205718019403537,24.958930756416823
6097.188,0.10682413419906851,4.206213599832673,24.958808344283984
6100.094,0.11635570110902625,4.205943221515485,24.957104216852986
6103.0,0.11573147825808161,4.205663657778217,24.95584024322921
6105.906,0.11512593889926552,4.205885028377293,24.958434537857546
6108.813,0.11606921765530356,4.2056567993439815,24.961637302759247
6111.719,0.115062010823703,4.205770475254664,24.95550655172642
6114.625,0.11932447329021534,4.205565786048052,24.95862783763959
6117.531,0.11716199940442719,4.205978515775776,24.95979115976459
6120.438,0.11600158573749368,4.205701945363039,24.947233044003244
6123.344,0.11431637595795445,4.205840230258775,24.95134543558001
6126.266,0.11737227014451262,4.2054804941988895,24.948522908029616
6129.172,0.11408510609808116,4.206138087491124,24.945705739668302
6132.078,0.11357006185320875,4.2060553664792195,24.941036873751592
6134.985,0.11494671932111239,4.205900958839239,24.941278549991587
6137.922,0.11428383671134962,4.206030911851567,24.94053333070111
6140.906,0.11820358643490415,4.20580320567187,24.94049163301498
6143.875,0.12056473122141778,4.205698395494831,24.932986834155002
6146.86,0.11698659278843902,4.206028459927392,24.941260807209407
6149.781,0.115270974855707,4.206212760006324,24.939210748787346
6152.703,0.11373708567840357,4.205974544074704,24.93754959016277
6155.625,0.11628476516798891,4.2060969832040715,24.930991606298967
6158.531,0.11526638045221826,4.206034309148115,24.938205671217375
6161.438,0.11532287440179367,4.206066404847183,24.939721473368056
6164.344,0.1139154525852855,4.205973576391332,24.934380635262894
6167.266,0.11430349208305181,4.205951328500382,24.93667432090339
6170.172,0.11472389658030534,4.206450327834903,24.933118032185682
6173.078,0.11388690081706837,4.206217749982556,24.934160052059205
6175.985,0.11364701814075846,4.206314764678457,24.932526961951684
6178.891,0.11439413390389075,4.2063110205420475,24.93361898241429
6181.797,0.11663436026181404,4.206074500549536,24.93368663248752
6184.719,0.1111915109445003,4.206082068541447,24.92503635226238
6187.625,0.11369088599763791,4.206345029360201,24.930373345662392
6190.531,0.11477788798206769,4.206376137763983,24.927090186625968
6193.438,0.11454450488866433,4.206200443366142,24.928899854945655
6196.344,0.11353303815964817,4.2062187959834345,24.925927111641315
6199.266,0.11530481620427632,4.206207977601657,24.928674167596082
6202.172,0.1127080045465091,4.206505660273494,24.926547620648204
6205.078,0.11578437053766652,4.20634308945904,24.9205733444527
6207.985,0.1150637620612236,4.20642642244899,24.92830014607803
6210.891,0.1148339927957496,4.20634233307432,24.92878773186293
6213.813,0.11529984765577936,4.206256687948568,24.91834360489506
6216.719,0.11335027561901859,4.206402562958368,24.918570731039917
6219.625,0.11453224421517667,4.206311899756091,24.915886862859196
6222.547,0.11654656501039502,4.206371383041645,24.928299572294364
6225.438,0.11546094382557258,4.2064736710549715,24.90736683397511
6228.36,0.11639055380985822,4.206609617445577,24.90523902851064
6231.266,0.11458325021114968,4.206651077325103,24.915052507397927
6234.172,0.11212668179532757,4.2065932490021245,24.91627943011933
6237.078,0.11430629505107474,4.206508527125342,24.91402305588371
6239.985,0.11293507983613271,4.206741632787558,24.91549743123131
6242.906,0.11201401747542515,4.206631499625623,24.91217504244008
6245.813,0.11165099763011814,4.206640950762202,24.913193785887504
6248.735,0.11294725281127654,4.206712407442318,24.915728201091586
6251.641,0.1104472005330611,4.206585889887536,24.912883143134813
6254.547,0.11381743134473876,4.2066943521463696,24.914439051822804
6257.453,0.11518405056518721,4.206489531671623,24.90267884848027
6260.36,0.11797755687040368,4.206921741118793,24.907137474801804
6263.281,0.11317820628681635,4.206883109492004,24.911233405458766
6266.188,0.11366825353671701,4.206904836444188,24.906300191529127
6269.094,0.11447589663689897,4.206823975024903,24.90055185426706
6272.0,0.11354498685142098,4.206696872706416,24.895136971392343
6274.906,0.11371407607022462,4.206933681007272,24.900122782530502
6277.828,0.11324731180538276,4.206882473057651,24.89909871028947
6280.735,0.1137419095726553,4.20676629842622,24.897950002155326
6283.656,0.11151907994500489,4.206625271276801,24.894675994534843
6286.547,0.11331455312208752,4.2069314385421865,24.891567777338985
6289.469,0.11420843037299662,4.206869469417611,24.900250160668453
6292.375,0.1130231225893935,4.206927115725972,24.893949407909435
6295.281,0.11255374619505187,4.206948120442539,24.89429419044547
6298.188,0.11123936975374453,4.206850450311349,24.89658672352724
6301.11,0.1142455749776511,4.207039411523019,24.89041261460879
6304.016,0.11368569606369477,4.206859074309821,24.89237818404474
6306.922,0.11128092019837321,4.207094022353587,24.896570071679687
6309.828,0.11359842258751124,4.206971864880785,24.892323617202898
6312.75,0.11100311483406962,4.2071103615120915,24.884373308944063
6315.656,0.11285402840564,4.207153660629664,24.89709880616596
6318.563,0.11216685435742005,4.20707859815667,24.887823928739806
6321.469,0.11143516652267547,4.206829128583186,24.88713276380864
6324.391,0.11420179494738064,4.207096362034653,24.880513628542285
6327.297,0.11174143353847468,4.207054108541575,24.881639504914006
6330.203,0.11072582550728848,4.2073339328161685,24.885687074739426
6333.11,0.11350900617538895,4.207357021006745,24.88149048260583
6336.016,0.11650043008370664,4.2070864260439755,24.880941557105757
6338.906,0.1089648826190363,4.2072236793128726,24.887445415772923
6341.813,0.1146498370254519,4.2074197681489025,24.888220859405735
6344.75,0.1131821632400431,4.207506095611712,24.885158277095883
6347.641,0.113434399851845,4.207286535724317,24.88474361100039
6350.547,0.11136510715196546,4.207123071355111,24.88429703722431
6353.469,0.11201327890625484,4.207563898479296,24.881550580071625
6356.391,0.10292302729226326,4.206385865830392,24.878768990125216
6359.297,0.10160605360289948,4.206476989817819,24.874780177565864
6362.203,0.10284367578764354,4.206438016861682,24.877985826127116
6365.125,0.10453351513247396,4.20652643437338,24.869793311082805
6368.031,0.10330417997164204,4.206464209338149,24.877158593593425
6370.922,0.10771936723628708,4.206551135196839,24.86982841361886
6373.86,0.09226479102022553,4.205523866557849,24.871616579652315
6376.781,0.09360289203598404,4.20545284154979,24.86614674943216
6379.688,0.09266440272016113,4.205660944743197,24.87427923236735
6382.594,0.09364942665561136,4.205403356391841,24.876099101536447
6385.5,0.0924151753462242,4.205429877735853,24.870623762357372
6388.406,0.09450801731977133,4.205437174690165,24.869936632410578
6391.313,0.09348525946361853,4.205314394963281,24.869318682765826
6394.219,0.09549147819194609,4.205367507058075,24.87530881504674
6397.141,0.0942440089573051,4.205258374589883,24.87567833788916
6400.047,0.09689509384409196,4.2054069824249485,24.884516453658843
6402.953,0.09550409674884894,4.20552580827475,24.872317539318953
6405.891,0.09318513021313417,4.205666188315737,24.87302586842957
6408.797,0.09428752535378965,4.205483801012254,24.864195567840575
6411.703,0.09421913892683535,4.205336292075351,24.86994784306692
6414.61,0.09442500465367615,4.205033860589854,24.871974417020226
6417.516,0.09518922547929973,4.205315008783727,24.868858885461485
6420.422,0.0982346630503331,4.205413642686626,24.86547210049008
6423.328,0.09427622746578176,4.205216724403616,24.865445371549388
6426.25,0.09463911975707914,4.2050696548179936,24.870732831842254
6429.156,0.09406311853086614,4.205058541245897,24.868400708314198
6432.063,0.09517164678680749,4.20519050082039,24.87107324893268
6434.969,0.09228971407660608,4.205171283476591,24.867549694224206
6437.875,0.0959044418473231,4.205169224121076,24.869989675136154
6440.797,0.0940057582191095,4.205278736501676,24.867345376422282
6443.688,0.09437839141977857,4.205319763011273,24.861623648254962
6446.61,0.09387450586965432,4.205308621359757,24.85607235646302
6449.516,0.09488631748008851,4.205138638080761,24.852439857058254
6452.422,0.09673702558908225,4.205315044189894,24.85759842308394
6455.328,0.09481409308722785,4.205113774135772,24.852506328748937
6458.235,0.09511658012276275,4.20513749957813,24.848706769463277
6461.141,0.09337637052686358,4.2052794850766295,24.85373553257287
6464.047,0.09366023197223475,4.205186285598423,24.854181393348828
6466.969,0.09258250557162653,4.205109005808428,24.85342643662643
6469.875,0.09483279551384435,4.205122677091171,24.85049731586072
6472.797,0.0943919152132368,4.205246321662983,24.85515999425217
6475.703,0.09377195833884061,4.2053868129245275,24.856682949486864
6478.61,0.09226406042649415,4.205273684387981,24.85549673825519
6481.516,0.09350357896036185,4.205490568735022,24.85325623974306
6484.422,0.09551774411530801,4.20550703767162,24.854438013713157
6487.328,0.09249188688726037,4.205420041253746,24.85049964830916
6490.235,0.09612502259591305,4.20544525536022,24.84783706027434
6493.141,0.09535286682902971,4.205495706395902,24.854904493321904
6496.047,0.09409076457360391,4.205331348857171,24.848532105452662
6498.969,0.0938372778222635,4.205441717034927,24.845196227985948
6501.875,0.0941336793652455,4.205662644005569,24.84231527021756
6504.797,0.09115437573887031,4.205457275551784,24.845879851445112
6507.703,0.0911312976045625,4.20555450769186,24.85057452946578
6510.61,0.09444091958507846,4.205294203004164,24.843483295335993
6513.531,0.09572290455933717,4.205571121514703,24.83850650399244
6516.438,0.09436090844758249,4.205556402306215,24.839847013217646
6519.328,0.0940930165539138,4.205483062886547,24.84393520721961
6522.25,0.09355117649150249,4.205387379206068,24.844178308487876
6525.156,0.09399053590830175,4.205376687812134,24.847982508428448
6528.063,0.09275657457036937,4.20536877096187,24.845448296308223
6530.969,0.09539175127644355,4.205383899811046,24.836390063094978
6533.875,0.09172752197467778,4.205444680983044,24.83966515478308
6536.797,0.09367132597929577,4.205468442849232,24.842743988670847
6539.703,0.09351014327828003,4.205222071871081,24.836918823871613
6542.61,0.09404181778635323,4.205451936697459,24.828836204499108
6545.516,0.09428946000281609,4.2055938231114505,24.83695593773805
6548.438,0.09478561968948215,4.205770387299702,24.832701505069693
6551.344,0.09730538665533593,4.205476905070969,24.834507238100606
6554.25,0.09516777151212719,4.205685601302656,24.834093314077
6557.156,0.09313879124797522,4.205543951446422,24.83861843677029
6560.063,0.09405880303034563,4.2056881535260215,24.84053129964613
6562.969,0.09466215857505057,4.20535609092658,24.83400198982426
6565.875,0.09246412811246946,4.205875558377256,24.833675073318652
6568.797,0.09041797998910056,4.205712124452096,24.83034110749453
6571.703,0.09413587309681334,4.205701438239272,24.835438181950003
6574.625,0.09391209495189842,4.205435120620083,24.82746988549773
6577.531,0.09185994217161965,4.205724844708086,24.822178824847082
6580.438,0.09274616148451081,4.205661352979554,24.826170676621405
6583.344,0.09485333649223947,4.205558327874192,24.82160236833976
6586.25,0.09385346317730833,4.205625059322053,24.81912940748632
6589.156,0.09277299168062318,4.205736425350764,24.81657461878582
6592.063,0.0925153296858683,4.205574492002119,24.81763145268926
6594.969,0.09223990245356226,4.205607613262142,24.812615340968506
6597.875,0.09286481363559207,4.205694737390877,24.818136141625274
6600.797,0.09358365563762643,4.205811206144939,24.818270453271243
6603.703,0.09309172124700794,4.205651130039483,24.819628926309882
6606.61,0.09396582527258243,4.205793165527023,24.819070682447798
6609.516,0.09307760800881065,4.206042158017423,24.815904502809456
6612.438,0.0925395134920147,4.205722263568952,24.816393780232033
6615.344,0.09360386448259632,4.205735876745596,24.81827636974132
6618.25,0.09315272920994509,4.2056951328931005,24.81754185325108
6621.156,0.092944934154986,4.205800766943101,24.8253881837479
6624.078,0.0938142993924589,4.205553775462936,24.81075241464133
6626.985,0.0934663303912724,4.205912853448654,24.808725433792187
6629.891,0.09408299762177968,4.205940718879723,24.81063288165458
6632.813,0.09263027518891308,4.205796659409745,24.815591814489572
6635.719,0.09028033039522342,4.205794268947057,24.809216610093426
6638.625,0.09080644349972945,4.205772979396413,24.808130210274523
6641.547,0.09131154487397225,4.205851888688231,24.80972446380293
6644.453,0.0941046533799911,4.2059671843575925,24.811670811664012
6647.36,0.09390924927116417,4.205796704421031,24.8051610203634
6650.266,0.09310325732140423,4.206070916597214,24.80371762917592
6653.172,0.09141633112822008,4.205824591645818,24.80488591696234
6656.078,0.09298017370899812,4.205945292536958,24.806950684139125
6659.0,0.09071828443788998,4.20616109213526,24.80003185793344
6661.906,0.09200089841897426,4.2060771836195885,24.80577545092672
6664.844,0.09308562160154618,4.2060473981359205,24.81041757136804
6667.75,0.09451467719074103,4.206195830997439,24.79896703612803
6670.656,0.09128530486753142,4.20601755885142,24.81347821552563
6673.563,0.09275252890386773,4.206107773538289,24.803164080979585
6676.469,0.09185617906899664,4.206000862601633,24.80776911114214
6679.375,0.09161843642814675,4.20595838127252,24.810967107226872
6682.281,0.09122050045095087,4.206138173359515,24.80002705287741
6685.203,0.09080079934393831,4.206019896840084,24.8024597467185
6688.11,0.09336115978230144,4.206081925819154,24.80223480350734
6691.016,0.09145041648630602,4.206146800496188,24.798952914674704
6693.922,0.09402581719619506,4.206334719086423,24.800678681195947
6696.86,0.09341264400670526,4.206342048798048,24.79722366776193
6699.766,0.09304192562424468,4.205936693768596,24.803864262817243
6702.672,0.09180476296123802,4.206071652381959,24.796709845924305
6705.578,0.09261825281940034,4.206247059869714,24.799663010208363
6708.5,0.08905562286975612,4.206318975562725,24.79148896629913
6711.406,0.09209911105628447,4.20625335726621,24.78837406652745
6714.313,0.09186811624473351,4.206239290200233,24.79735007896216
6717.219,0.09044750720974748,4.206315176201761,24.788917937638477
6720.125,0.09142754131231007,4.2062928749643325,24.78686732839177
6723.031,0.09004851625120208,4.206391239342898,24.782004763096328
6725.938,0.09335455112830975,4.206264470667149,24.780945077582377
6728.86,0.08896166779894424,4.206401665856737,24.77351594550959
6731.766,0.09366596412128467,4.206203661738606,24.78005428740932
6734.672,0.09215102050017009,4.206276712760468,24.778116280814125
6737.578,0.09189187404822922,4.206471186119075,24.775026253599872
6740.485,0.089688084899578,4.206543868401164,24.781111998838394
6743.391,0.09096232188438198,4.206516642272835,24.787080711010596
6746.297,0.09075035446219397,4.2064389881314765,24.77714136231273
6749.219,0.09208867279866027,4.20628171231745,24.77551852192883
6752.125,0.09008959396690491,4.206566039561754,24.785464070848835
6755.047,0.08123466271183563,4.205686993994086,24.771124256723233
6757.953,0.08200716375215152,4.2055210610527824,24.777116548715615
6760.86,0.082030875084655,4.205563964052043,24.783640121744998
6763.766,0.08288326773057234,4.205467370308101,24.781404829420847
6766.672,0.0832538978967615,4.205439539627497,24.782277996706476
6769.578,0.08230538259635525,4.205329204139019,24.783213190338156
6772.485,0.08117133431463879,4.2055100891499935,24.778662117340772
6775.391,0.08041510746865989,4.205293842183563,24.778732702138914
6778.297,0.08461913422020415,4.205299334884733,24.773122227667837
6781.203,0.08100722237635868,4.205359330967553,24.77514896434577
6784.11,0.08536922322756983,4.205368545762627,24.775959800718685
6787.031,0.08146647822278873,4.20534594283608,24.779827704066538
6789.938,0.08065276237705876,4.205307893716541,24.770288302816397
6792.844,0.08029664088602716,4.205426841043557,24.77788897499989
6795.75,0.08323731458977045,4.205345454335961,24.774857630165545
6798.656,0.08194696235579088,4.205440508282069,24.77422626069457
6801.563,0.08420510088659684,4.205356305238844,24.772418387222626
6804.469,0.08029672351211105,4.205463752401332,24.766682874050545
6807.375,0.08166516552432466,4.205398246913983,24.764613083791097
6810.281,0.082727656855179,4.205287542796116,24.769655275586935
6813.188,0.07973074879302608,4.205521447110131,24.76753927748093
6816.094,0.08267702143392197,4.205639110272525,24.769485867503718
6819.0,0.0814652788476473,4.205491529110364,24.768310905232514
6821.922,0.08347147734064277,4.205561519073532,24.76244588558391
6824.813,0.08432787621026028,4.205497276197086,24.76075056999582
6827.719,0.08074669815540034,4.2053982224365,24.765996932565177
6830.625,0.08070139623697656,4.205610733776919,24.76615006192512
6833.531,0.08124974879726503,4.20549562442749,24.761395619479746
6836.438,0.08259971923048973,4.205464957414973,24.76569460106971
6839.344,0.08194590335040106,4.205651269247785,24.757938292843633
6842.25,0.08297276566121507,4.205486125000415,24.765177381314338
6845.156,0.08073451467863253,4.205252439879977,24.755927446001586
6848.063,0.079611370073981,4.205442971707487,24.749478026422803
6850.969,0.08308387259437174,4.205355743231331,24.752152345950634
6853.891,0.08410473607217553,4.2056943054465075,24.755236276569914
6856.797,0.08468552997750375,4.20525973479501,24.749353225054243
6859.703,0.08250036764110592,4.20541166318039,24.75758591466963
6862.61,0.08194344832525464,4.205414802111749,24.760180483411673
6865.5,0.08242031322547226,4.205688715318757,24.765516377940887
6868.406,0.08102762224608409,4.205540954515267,24.75572763433146
6871.313,0.08152576766509465,4.205347396516364,24.761243617939314
6874.219,0.08377756471458576,4.205562220735358,24.759253904867876
6877.125,0.08433374015701436,4.205572203140106,24.758832784634
6880.031,0.08220704328835571,4.205576079760453,24.759433026210708
6882.938,0.08013790443287638,4.205362222219869,24.75149369235257
6885.86,0.08304689756029332,4.205633912417778,24.74785184097422
6888.766,0.07959189135609455,4.205581127733908,24.74646393847185
6891.672,0.07822492201098162,4.20558142738033,24.749073000149977
6894.578,0.07948733066773928,4.205555647006909,24.74437191459262
6897.485,0.08214922090617109,4.20579144101053,24.74378532047159
6900.375,0.0812516235202298,4.2056062815429875,24.750775528490934
6903.281,0.08001496416122282,4.20567132115624,24.743785389416157
6906.188,0.08235448182836982,4.205929891779531,24.750078204879884
6909.094,0.08036557835363904,4.205490390445556,24.746336136530143
6912.0,0.08199607898789321,4.205766464163103,24.75017935812597
6914.906,0.07995516581433158,4.205571741034087,24.748989428623304
6917.828,0.08368253099470278,4.2057841506392455,24.744730680091735
6920.735,0.08193494694585335,4.205713360197847,24.743015100774006
6923.641,0.08097297819231508,4.205659148055859,24.739619099652355
6926.531,0.07852997465917597,4.205968262567951,24.740779955794633
6929.453,0.0843218241314532,4.205687393289897,24.748987358775253
6932.36,0.08204054324032387,4.2057394096704215,24.737667218709092
6935.266,0.08159501608101231,4.205802955259075,24.747062735305313
6938.172,0.08164402970306427,4.205725192171913,24.743325249024128
6941.078,0.07873258942776379,4.205509325489327,24.737359618236244
6943.985,0.08498886682150308,4.205805524802136,24.737348806393037
6946.875,0.08318904628766666,4.205633567832304,24.743640481602085
6949.797,0.08177467824296805,4.205513300059605,24.743884336808204
6952.703,0.08164873914870194,4.205728639066188,24.742263483067084
6955.61,0.08019745112515671,4.205890692290713,24.734394491006842
6958.516,0.08301813466174707,4.205754062467181,24.738122012311404
6961.422,0.08232297045728447,4.20581869857362,24.736314385129017
6964.328,0.07936653065020366,4.205864624211549,24.74062244286476
6967.235,0.08152947815518628,4.205842142917474,24.725935038239683
6970.141,0.0800804109296531,4.2058248092709345,24.733843480099043
6973.047,0.0805949046525199,4.20588083325984,24.727056280172203
6975.953,0.07856344385718139,4.20586119048847,24.730007542077004
6978.86,0.08040399831281993,4.205986005357633,24.725005910027274
6981.781,0.0815449792644119,4.206078887035722,24.725805773203366
6984.688,0.08117441205610383,4.205925933256738,24.72657375198502
6987.594,0.07723946270497051,4.205761329492149,24.72577394852476
6990.5,0.07764980489483048,4.206048017118009,24.726420563074317
6993.406,0.07952893777817052,4.205944408980668,24.71862822456259
6996.313,0.08135357702545044,4.206274214352388,24.724445986594322
6999.219,0.0814510733999286,4.205877272210648,24.72106152328906
7002.125,0.07936989604326261,4.205974189988831,24.728758001121644
7005.031,0.08072566199057826,4.206026127601752,24.72441695896458
7007.938,0.08179755190307783,4.205958184039065,24.728151365109174
7010.844,0.08243379820503986,4.206124479067913,24.720659185686067
7013.766,0.07907450817901705,4.2061541554501,24.71826626337347
7016.672,0.08254202904174815,4.206093272806736,24.713249467576752
7019.578,0.08181699929729844,4.206029993372089,24.71839461913491
7022.485,0.08022227147110186,4.20599713010731,24.729740759058586
7025.391,0.08078051044059402,4.206080166548952,24.727581124507942
7028.297,0.07917503136858382,4.206026995740685,24.731567814080485
7031.203,0.08170380623332489,4.206147268304215,24.720201191418646
7034.11,0.07743660797661864,4.206264292428862,24.72088119526549
7037.016,0.0816087410215342,4.206109501091893,24.719530117747578
7039.922,0.07863396670970699,4.206048222232601,24.718052597899554
7042.828,0.08279702016272697,4.206080588899785,24.712766263657976
7045.766,0.07909000589858269,4.206280666775833,24.721946865492352
7048.672,0.07759097515582264,4.206401675162077,24.71388164966529
7051.578,0.07844168983897166,4.206425007510435,24.718602583809364
7054.485,0.07874114392739182,4.206236058611387,24.712837444404812
7057.391,0.0775160978053489,4.206065253110347,24.72050552723112
7060.297,0.08093118312301772,4.206398256274533,24.714986844847072
7063.203,0.0824111235534242,4.206242660921143,24.719078867458226
7066.11,0.0783374441711758,4.206211170830003,24.7145550567089
7069.016,0.08084268332219806,4.206071734303133,24.719634197014933
7071.922,0.08159952326493523,4.206154136819873,24.711925708021514
7074.828,0.07966914987097533,4.206421886097296,24.71310745305599
7077.766,0.07887102813593261,4.2063053299232855,24.70915165190025
7080.672,0.08172454141570851,4.206262288728897,24.702749282567964
7083.578,0.07884888137946874,4.206396928675951,24.7047971427436
7086.485,0.08056056796113087,4.206433994369829,24.701846679568753
7089.391,0.08150146160885281,4.206463856821187,24.703713109881207
7092.297,0.07906898291490015,4.206321592506948,24.700122072043165
7095.203,0.08059159322749254,4.206448013378098,24.71507817888156
7098.11,0.07674464490991553,4.206448944793708,24.706999786950572
7101.016,0.0757450131966385,4.206208034098595,24.708899507733307
7103.922,0.07971069331237157,4.206429616497418,24.702638179762317
7106.828,0.07983049625737708,4.206392140263913,24.703507507282378
7109.735,0.079419409939369,4.206460617916844,24.70088350246839
7112.656,0.07951673578583852,4.206376758273008,24.70482485352082
7115.563,0.07916927716600161,4.206442501804016,24.703810890878785
7118.469,0.0799785084742393,4.206446095823556,24.70612149126837
7121.375,0.07821038420539927,4.206413697968048,24.70717644001729
7124.281,0.07720550396894837,4.206520324950594,24.70646411328925
7127.188,0.07970584269416975,4.206525599737607,24.695541491903114
7130.094,0.07996754527282372,4.206686402183069,24.694760299217585
7133.016,0.06610591514061354,4.205466757821113,24.697047117689852
7135.922,0.06915597535172537,4.205751520187504,24.695884249080336
7138.828,0.0732544765423775,4.205769830057663,24.710317452618906
7141.735,0.0726383044412108,4.20543149996897,24.709621888347666
7144.641,0.07049788117944752,4.205363180260719,24.712431347905
7147.563,0.07414934401189337,4.205690342723103,24.706461299372155
7150.469,0.07367374839766275,4.205701690394664,24.708715220462512
7153.375,0.07019340421222817,4.205617631841306,24.707544145586954
7156.281,0.07048946174855883,4.205650376876239,24.70277762049214
7159.188,0.0716743887203205,4.205488752553373,24.71164468128509
7162.094,0.07163350340613643,4.205410304471768,24.711429308652626
7165.031,0.07260949665579479,4.205256667186064,24.705167411835703
7167.922,0.06827385165222148,4.205497764257825,24.69528374396519
7170.844,0.07407317530021844,4.205547719075254,24.696304822866082
7173.75,0.06939928807588165,4.205647048536745,24.696082683906113
7176.656,0.07247589425036877,4.205527468231021,24.695176102765853
7179.563,0.07293486737087645,4.2055892713225145,24.69743662234317
7182.469,0.0692476416350119,4.205409161672251,24.692553450344818
7185.375,0.07217787346426476,4.2054313674691794,24.696904371973815
7188.281,0.07238665549328205,4.2056698813844795,24.69291603891895
7191.188,0.07019380841227729,4.205432345135689,24.691212116652935
7194.094,0.06901685725697405,4.205417074022138,24.69052398505524
7197.0,0.07165415326884342,4.205365002080015,24.69656248435245
7199.906,0.07207801550408124,4.205582327512118,24.693307624002326
7202.813,0.07221879061518698,4.205626635478088,24.693455012725998
7205.719,0.07156964098538132,4.205624037551137,24.69368224337782
7208.625,0.07152763244438777,4.2054922153634635,24.69405987281892
7211.531,0.06961782477829688,4.205411053080583,24.691136201270798
7214.438,0.06923024969811903,4.205776131685775,24.7019958554455
7217.344,0.06913959859220187,4.205549969962634,24.69635297919804
7220.25,0.06957765697614642,4.205699204535163,24.697061432709717
7223.156,0.07018034557305297,4.205660128193024,24.69548435229132
7226.063,0.06760241645884922,4.205607086207064,24.68882021963717
7228.969,0.07037939441521826,4.205647737059764,24.683691459329157
7231.891,0.06827903763956873,4.205607687092377,24.685668539310438
7234.797,0.07101167172606392,4.2056745975728695,24.69141648470837
7237.703,0.06964375577470043,4.205665988919803,24.69218074258649
7240.61,0.07091862655509844,4.20559209285679,24.679095435813128
7243.516,0.0715036738091372,4.2056126181900595,24.677644763989235
7246.422,0.07083684631871412,4.205700484901398,24.681989495396532
7249.328,0.06807759384486453,4.205673588549594,24.681616426031525
7252.235,0.07085815737193078,4.205568234038723,24.683689607952118
7255.141,0.0709462828478851,4.205525340742492,24.685162998370895
7258.031,0.0706936181050317,4.205786920739065,24.686299950285488
7260.953,0.07174258973983165,4.205897212450936,24.67998834008786
7263.86,0.07180301382045735,4.20576869562712,24.67561315780297
7266.766,0.07131569505908303,4.205692554287384,24.674837679001943
7269.672,0.0715468961797428,4.205580432779222,24.681860385666983
7272.578,0.07132073216939845,4.205788674493741,24.677618446243383
7275.485,0.06709235328956956,4.205904221308423,24.68282073989498
7278.375,0.07111869053659726,4.205825577864708,24.675606482306016
7281.281,0.06848748862283549,4.20570036338135,24.67332619402444
7284.188,0.07011496861110372,4.20573110369882,24.674174264687824
7287.094,0.06878535520578133,4.205587990754542,24.680096428500374
7290.0,0.07192413318823375,4.205743676993985,24.68460599324686
7292.906,0.07052925578460573,4.205683111727735,24.685577335130052
7295.828,0.06854750478985203,4.205555925814621,24.68148370941165
7298.719,0.07088899709018255,4.205706046080096,24.67517954995652
7301.641,0.07011912400281896,4.205764182908255,24.675405562621055
7304.531,0.07080571582059694,4.205835424377624,24.671686223947944
7307.438,0.06878866201174333,4.205650379818617,24.674462949919825
7310.344,0.07108162183938288,4.205705135243778,24.667294615353903
7313.235,0.06829498066612395,4.205744581647483,24.666420375992658
7316.141,0.07208847198085017,4.205878923030269,24.677587287071912
7319.047,0.07013728433882903,4.205877938698726,24.674021718029863
7321.938,0.06750394645795964,4.205704100907901,24.673860735778266
7324.844,0.07210674260193024,4.2058614985139915,24.669318373125037
7327.766,0.06962010057644227,4.205791620538592,24.67823755946258
7330.656,0.07073371846626354,4.205971676502792,24.674364860473613
7333.563,0.07084725234279401,4.205723220966971,24.670812903616007
7336.469,0.06913584555291223,4.20557644346223,24.673140443876473
7339.36,0.06935065813568883,4.2059240516908,24.671220535962156
7342.266,0.06845852980390633,4.205891087676716,24.668334152553744
7345.172,0.0686858985016431,4.205807132759198,24.66809331701852
7348.094,0.0688696160968881,4.206106085397475,24.666707960267164
7351.0,0.06876627883767804,4.205849331433928,24.67251577585837
7353.891,0.06873518666274767,4.205872596397551,24.66626741301139
7356.797,0.06959468948677076,4.20573299624813,24.666883050927833
7359.719,0.07010089753367499,4.205956554671733,24.66708452759011
7362.61,0.06646159655332402,4.20609381847478,24.6619536120846
7365.516,0.06923458291586182,4.205786154757045,24.670723318693742
7368.422,0.06811322903008318,4.2058102967917055,24.671798626462635
7371.313,0.06771190357917259,4.205770837696211,24.66852491820069
7374.219,0.06897903652167822,4.205896146755478,24.666764362723605
7377.125,0.07193105621854719,4.205761140546236,24.666756264329294
7380.031,0.07288710283735532,4.2062923357676585,24.667572867025157
7382.922,0.07026707435237238,4.2060224928755146,24.661153051253176
7385.844,0.06895322234212184,4.206223986485562,24.65992324720189
7388.75,0.06947642763049393,4.206156144484642,24.663308245228194
7391.656,0.06945138641316528,4.206081746473531,24.663983731963928
7394.563,0.0684455440247702,4.20624697775431,24.66261305268387
7397.469,0.06976823611843937,4.206173789800008,24.66171765508887
7400.36,0.06809137575879591,4.206134602345821,24.666306896993543
7403.266,0.06816162544507967,4.206028331876353,24.65286020892237
7406.188,0.07145396695112054,4.205928809540789,24.664021506231414
7409.094,0.06969739317015909,4.205944960398608,24.659637680206206
7412.0,0.06907686137637976,4.206184961399272,24.658327442910753
7414.906,0.06651369278010022,4.206237720381146,24.65120114925222
7417.813,0.06767579463221582,4.206063861808623,24.653402388278487
7420.735,0.06995061665953393,4.206029846097516,24.65393153147688
7423.656,0.06898478828772608,4.206118057882492,24.65210404167088
7426.578,0.06891938016525347,4.206018929329309,24.650187625753077
7429.485,0.0691082900564317,4.206149204462962,24.655713669146824
7432.391,0.07107350055441063,4.206449440210009,24.65667734659327
7435.297,0.0684957301684959,4.206193501733686,24.653061026279037
7438.203,0.07019453799150388,4.206149817027676,24.661801955125892
7441.11,0.06795573159616328,4.206205674618825,24.655145463969717
7444.016,0.06791068791573934,4.206352356408784,24.64516948614888
7446.922,0.06899813454462825,4.206534679748545,24.65581592801256
7449.844,0.06960862038002319,4.206391178809799,24.65441029608165
7452.75,0.07079919033052028,4.206338125505383,24.652135200815685
7455.672,0.06919576344627502,4.206459485247111,24.65164813322101
7458.594,0.06913189922227526,4.206497154493481,24.647773028715743
7461.5,0.06906900356350967,4.206217155986828,24.64365046084942
7464.406,0.06892649950045883,4.206636950438059,24.645673889604105
7467.344,0.05688757277534764,4.2053659427647965,24.63658876393238
7470.25,0.060787104082774934,4.205276834006561,24.64473383861227
7473.141,0.06084893058436736,4.205539824425039,24.64403563935379
7476.047,0.05796005567898386,4.205082280577233,24.657166082390408
7478.953,0.06049000108685112,4.2052041222008105,24.653766347284897
7481.86,0.06060456292322686,4.205462314572763,24.646357089925807
7484.766,0.060006320182834416,4.205180283942945,24.640141605176044
7487.672,0.0600779223787009,4.205287102003478,24.64841986970481
7490.578,0.060215864334534394,4.205680654347973,24.637317093129617
7493.469,0.05872969591987285,4.2051791374888055,24.6517534413053
7496.375,0.060033853976167215,4.205235005448121,24.649916007137772
7499.313,0.06039391721513946,4.205021989606622,24.64315172166188
7502.219,0.060873254404992826,4.2053415454534795,24.639704220988303
7505.125,0.059294597479671966,4.205428904855313,24.63899899522632
7508.031,0.05583309608926586,4.205154610647315,24.641256518799253
7510.938,0.05942521485827005,4.205321137152173,24.643725054285
7513.828,0.05891419044896615,4.205286726913328,24.640676034046127
7516.735,0.059162160772318145,4.2053973811836665,24.635648896687485
7519.641,0.05792964611111393,4.205323342798984,24.648405739945648
7522.547,0.05771621065929489,4.205015713064384,24.644302310428223
7525.453,0.06236118956294628,4.205077081232151,24.63416289512134
7528.36,0.06173612568921611,4.205378927373511,24.63998998198097
7531.266,0.06094429087639606,4.20512766106695,24.64613608973051
7534.172,0.06138605150152008,4.205173481001636,24.639334530002557
7537.078,0.0599643728534276,4.2052367156661985,24.643538336747447
7539.985,0.06176751206043401,4.2054014370467945,24.644069712620396
7542.891,0.061988764454757636,4.205243819807352,24.638114707310855
7545.797,0.05970311527442909,4.204839245687047,24.63251539333493
7548.703,0.06042867187495915,4.205576526190665,24.635279948197446
7551.61,0.05800871006833608,4.20507214125959,24.632731149545048
7554.516,0.05977246920014055,4.205115649114608,24.633900830969274
7557.422,0.05669699945502231,4.205337765381945,24.63674588502666
7560.328,0.06050608892453975,4.205248082945524,24.631153298941484
7563.219,0.0580899089817063,4.205536154494907,24.633967263062182
7566.141,0.060941516372171274,4.205467898885252,24.62828614256478
7569.047,0.05730126147084112,4.205103254463464,24.62263734907254
7571.953,0.05846154747584663,4.205348056433898,24.632509616937057
7574.86,0.0599742753009502,4.205473799256335,24.624894167423374
7577.766,0.06526718946679835,4.205449589171177,24.62739850938892
7580.656,0.06141480051254343,4.205314531078326,24.62980740990002
7583.563,0.0573677575587407,4.205026467001392,24.62962469343086
7586.469,0.06112537861246216,4.20512768629243,24.629023277649818
7589.375,0.06321572992254272,4.205270251039127,24.63561949499574
7592.281,0.05921497095056557,4.205474655101779,24.628217317825378
7595.188,0.06119738439155924,4.205321828018781,24.630064451561488
7598.11,0.05847300738807714,4.205486078077088,24.63232202414756
7601.0,0.060069004754591176,4.205440601332697,24.632400145928877
7603.906,0.06124275296197487,4.205371352428657,24.625530408709796
7606.813,0.060627501799624964,4.20539973148234,24.627882554462953
7609.719,0.05817583980949792,4.20540652868992,24.626541795925338
7612.625,0.06003279444604261,4.205219194873618,24.630657939827007
7615.531,0.058456100721016105,4.204832613341357,24.61884998144635
7618.438,0.05580751045886772,4.205116141894491,24.61578672055201
7621.344,0.060280344099980385,4.205787573733369,24.620399426018174
7624.235,0.06050546949145926,4.205808272441611,24.623261100291835
7627.141,0.06007398480134893,4.205442838283958,24.6253776495097
7630.063,0.060041196204684094,4.205196942033773,24.621919630180216
7632.969,0.05692301702994516,4.20528828090723,24.625809020016295
7635.875,0.0585648213641086,4.205205359715539,24.621132352164576
7638.781,0.05985975880761889,4.205345085921264,24.62240256366153
7641.688,0.06063194916816889,4.205372787406112,24.62293723563148
7644.578,0.05982585795860964,4.205421196471036,24.619300234554302
7647.485,0.06047147156118895,4.205504674845992,24.619393079781705
7650.391,0.05831129365828778,4.205296607458917,24.626653982031378
7653.297,0.059745832274704945,4.205420749030052,24.628884665547762
7656.203,0.05980620965063731,4.205363704680744,24.615727013509407
7659.11,0.059415871621330066,4.205403872666767,24.61483077649372
7662.031,0.05819421011225852,4.205752630711675,24.615567962749267
7664.922,0.06154375868132363,4.205551091443438,24.613450676940708
7667.828,0.05943708873679385,4.205601008599221,24.61537533159648
7670.735,0.06105997339563717,4.205473766476727,24.616687748672714
7673.641,0.05830817468141006,4.205310076769192,24.60389070066365
7676.547,0.05640714300713773,4.205521146411499,24.614272696286893
7679.453,0.05976744713631826,4.205349440694358,24.613806231607253
7682.36,0.06025553980654494,4.205608547754907,24.621254696737946
7685.266,0.06056984525895336,4.205300765212664,24.614571998878176
7688.172,0.0599394319201664,4.205730239211578,24.61259714400977
7691.078,0.058084838177473994,4.2054693073973635,24.620426890017878
7693.985,0.05802261725963735,4.205454866384605,24.61520698071308
7696.891,0.06019484626653857,4.205387916388094,24.62508147596763
7699.797,0.05845505335075077,4.205404312502367,24.625168027355524
7702.703,0.06130449257349377,4.205559651283996,24.620498788777034
7705.61,0.06215061602960197,4.205623488539092,24.618515508945045
7708.516,0.06057524261502561,4.205671123742054,24.619154314476532
7711.422,0.06012247988132655,4.205508233810612,24.62015061047924
7714.328,0.0599398941417858,4.205736967269316,24.614173059056682
7717.235,0.05836499329115593,4.205811945598477,24.62083053497778
7720.141,0.05913351275386674,4.205728243018999,24.611332379412826
7723.047,0.06091356221917215,4.2056100168936235,24.615790307620202
7725.969,0.057990950541096965,4.205560308613648,24.615141497978463
7728.875,0.06104472819274408,4.205952304360798,24.60759224990795
7731.766,0.05809432366185522,4.205591961527306,24.60839728502031
7734.672,0.05542947941349447,4.2054929890458705,24.611478929700546
7737.594,0.056858923777796576,4.205662383761512,24.611752741219608
7740.485,0.05682984502948366,4.205772091280006,24.620087209950675
7743.391,0.06028932331323157,4.205771670628909,24.61397420822404
7746.297,0.05977064699368165,4.2058238054125106,24.612002741541353
7749.203,0.05706917293561929,4.205694690182565,24.614078581351546
7752.11,0.05478690518235199,4.205312586160317,24.615038879331117
7755.016,0.06158056810820688,4.205606079344299,24.607173342386975
7757.953,0.058604996242321274,4.205876252178753,24.609271723796155
7760.86,0.05784204011364415,4.205718105897189,24.60584563293922
7763.766,0.05568438053017036,4.205753850994411,24.606682873657046
7766.672,0.0556759380706212,4.205629799662855,24.60621464239836
7769.578,0.05940859672631838,4.205803095025754,24.6049623836651
7772.485,0.06072201171735594,4.2056283529877225,24.604356956228514
7775.406,0.05450025168218333,4.205434275066508,24.609404822933595
7778.313,0.058599801928906715,4.2055622070454906,24.60561086101339
7781.203,0.05987606378692494,4.205813647632736,24.604664821004157
7784.11,0.05863545910497978,4.205727761666114,24.599001095480958
7787.016,0.05912729398000707,4.2057574707377166,24.608475859519043
7789.953,0.060144398107014004,4.205791574220102,24.599040668618702
7792.86,0.056664476197179965,4.205747921090596,24.60065585359498
7795.766,0.05638446309904511,4.20575212066836,24.60007764150725
7798.672,0.05688783129053159,4.205843413957389,24.60465033201807
7801.578,0.05904480286220613,4.206041860358056,24.606451873694084
7804.485,0.05580536883713442,4.20577146908397,24.599936676463386
7807.391,0.0526565674275204,4.205915544751077,24.59454953886461
7810.297,0.06117178594181031,4.205933336947147,24.601817449421038
7813.203,0.06200838742094842,4.205849667168978,24.606447130477438
7816.11,0.05941643821219029,4.205952036562323,24.59924924525644
7819.016,0.056129300261807805,4.205799137872465,24.600989212924127
7821.922,0.05560914665500546,4.206172717095762,24.596770993290438
7824.844,0.05731064421105111,4.205720225312952,24.598649330101626
7827.75,0.05646401081639348,4.205834547640363,24.590352701405372
7830.656,0.05883522773031576,4.206162159492512,24.601116161848854
7833.563,0.06057688064412446,4.205856147360129,24.593014558876742
7836.469,0.06064136976655145,4.205713835558239,24.598457247526635
7839.375,0.059523651175775294,4.205845284015436,24.5911371473457
7842.281,0.05824447306201896,4.20566755812183,24.593449126087048
7845.188,0.059588344705860254,4.206067421202883,24.598049083112098
7848.094,0.05748637581686263,4.205988864525068,24.594191073624966
7851.0,0.055966704049698064,4.205884418266174,24.59647532447802
7853.906,0.061463739155080556,4.205915799444887,24.599379296062814
7856.828,0.05896952577873635,4.205977353038158,24.599850296913544
7859.735,0.05970787503941001,4.2059282938913825,24.599392307751405
7862.641,0.05808071015611742,4.206078033222153,24.59383642489502
7865.547,0.06074766425342431,4.205877045426787,24.593503342927296
7868.438,0.060010578593438224,4.206178658449235,24.608136904100142
7871.36,0.05796576209352557,4.2058975296807946,24.60608663138009
7874.266,0.05942260218018573,4.2060324786582575,24.608230523965776
7877.172,0.059901617337450176,4.206254634267044,24.596235623180586
7880.078,0.05681686749982841,4.20613076705666,24.594146413088453
7882.985,0.05581775191641082,4.205890436814038,24.59796058175832
7885.891,0.05951016342815272,4.205970519926533,24.590363871762122
7888.797,0.05525510230135518,4.206019337878918,24.58662747434476
7891.703,0.05999722352963665,4.205954817281824,24.597179896862457
7894.61,0.05962285648825567,4.2061327935298705,24.58457331444059
7897.516,0.05969251048761696,4.20606266863854,24.58927348934967
7900.422,0.060676165449207266,4.206115502752333,24.590844708904488
7903.328,0.058957801376284,4.206467988946039,24.592855681297614
7906.235,0.05483452989484726,4.206094624268657,24.58021859844672
7909.141,0.05554062506213125,4.206363308995199,24.584100314125205
7912.047,0.05741925254607059,4.2060686920357115,24.590203902350073
7914.953,0.060064165833415346,4.206216594140106,24.589947746729113
7917.86,0.059258765735952505,4.206040132958459,24.58808656014443
7920.766,0.055445723143530794,4.2062708065375976,24.58903169039222
7923.672,0.058637903108672625,4.206104896165993,24.582265843532205
7926.578,0.05918876669284319,4.2061947431729045,24.587565339439504
7929.485,0.05608509904993844,4.206318547878894,24.585950399069183
7932.391,0.059831006268202695,4.206039612854969,24.58370617943624
7935.297,0.05787200836082865,4.2061132043190375,24.57912363068659
7938.203,0.05707952063907437,4.206063130547761,24.571496594190155
7941.11,0.05772040208048371,4.2061347582018795,24.584741263138696
7944.016,0.058916850120750916,4.206260745494088,24.59088111336016
7946.922,0.05840686799684021,4.206249630891082,24.590742661035232
7949.828,0.05889176358501382,4.206448492421116,24.586384933859712
7952.75,0.05580221658918687,4.206200863326996,24.59109763778534
7955.656,0.05350114420869119,4.206439938665606,24.590235440851615
7958.547,0.06001127005759411,4.206333986522786,24.582641364664894
7961.453,0.054235306601797276,4.206119946764022,24.58049893851803
7964.36,0.05645653984837266,4.206269036523017,24.58291518694324
7967.266,0.05541783121579348,4.206419431126969,24.583237811174396
7970.172,0.055626641752796344,4.206259611880699,24.582830358595388
7973.078,0.059259071900999265,4.206164365774087,24.583434681642498
7975.985,0.05517810320025856,4.206258849943164,24.58236959894275
7978.891,0.0568309282919184,4.2063601046639745,24.583704959281874
7981.797,0.054774701196821866,4.206398163241934,24.579016193607448
7984.703,0.058946395891358375,4.206334265609014,24.584286022099636
7987.61,0.059233529161271184,4.206319447391223,24.576564148173293
7990.516,0.056049060607896876,4.206331059376313,24.58351141528093
7993.422,0.054040015608715984,4.206206456647259,24.576064266477974
7996.328,0.055395660922817225,4.206406373376267,24.57551920257942
7999.235,0.057069822713688476,4.20627196374539,24.58584048663578
8002.141,0.05556641583392976,4.20620194993617,24.57623727172203
8005.047,0.05521121200663052,4.206439573244617,24.578062082295208
8007.953,0.056601799827699924,4.2063973045299266,24.57399161812191
8010.844,0.05726046079340357,4.206365173244784,24.581187052423736
8013.75,0.053706081894286044,4.206303918337145,24.575598006300947
8016.672,0.05837438425333433,4.206551494094609,24.583198604656797
8019.61,0.04867699675665432,4.205572270464677,24.57684037456369
8022.516,0.049114808015673014,4.205720631268399,24.56810039528199
8025.422,0.04463020078752413,4.205608538507207,24.572349625576578
8028.328,0.047804968793337246,4.205454958978652,24.577515119684023
8031.235,0.0524681983508143,4.205540335571638,24.572271215833084
8034.141,0.04677430076274028,4.205516158347049,24.574427968432637
8037.047,0.05045735608570485,4.205562108137886,24.580118629139648
8039.953,0.04741898228588461,4.205444208678138,24.57849011110861
8042.86,0.05049092899784917,4.205416847896151,24.5705218039705
8045.766,0.04606656850733217,4.20505251334097,24.577746562892237
8048.672,0.04876006719448636,4.205336597543446,24.565232232380634
8051.594,0.04599819052466681,4.205576086520381,24.562434930615467
8054.5,0.04677480815721718,4.205564495815868,24.56640020058053
8057.406,0.050766801393655636,4.205503277546728,24.566695739728896
8060.313,0.04616457091193445,4.2051031795181535,24.5632702508862
8063.219,0.04772241580759212,4.205302415500121,24.566547619499268
8066.125,0.049696788261135334,4.205454688024128,24.56140803496059
8069.031,0.04268856252155522,4.205229636851241,24.556465864792465
8071.938,0.045000886831442787,4.205432355613076,24.563268586832166
8074.844,0.051025784236060065,4.205441797866745,24.57149959900104
8077.75,0.04846088705791951,4.205110760732461,24.56470846131758
8080.656,0.04794362713846232,4.205320803296921,24.56588890598255
8083.563,0.047817451638099896,4.205486890491984,24.56650612926798
8086.485,0.047183905472379425,4.205295273749984,24.568014056586094
8089.391,0.05231528560651105,4.205764039240072,24.564460227076278
8092.297,0.04724983727593587,4.205429733009794,24.565288781557477
8095.203,0.047631634155141316,4.205635636148722,24.567994900378366
8098.11,0.04840907551235111,4.205561161986023,24.560992187105704
8101.016,0.05357658602377898,4.205599438366688,24.567685964078898
8103.922,0.04846611270741193,4.205439307058295,24.57470994190039
8106.813,0.04921208755139236,4.205339071237903,24.5665235622811
8109.719,0.04437059039021416,4.2052272397181545,24.56612326390989
8112.625,0.047801538206955325,4.2055424864467525,24.564646736609657
8115.531,0.046550461358950114,4.205200672806222,24.570195193367603
8118.453,0.053230234283120646,4.2057476906661195,24.572016213312317
8121.36,0.047815188048754086,4.2053020906066365,24.56146562383111
8124.266,0.05108605029754127,4.205477024231183,24.566364916958157
8127.172,0.048168357146595876,4.205565138451331,24.563200150646317
8130.078,0.047630508487926944,4.2056514586032545,24.56295624810784
8132.985,0.04780809332294916,4.205450376056778,24.56529438248386
8135.891,0.049316062933277775,4.205386214111923,24.561927689429258
8138.797,0.047317223296506,4.205536732712005,24.5581933339008
8141.703,0.04709935856271757,4.2052129639780365,24.562908480488375
8144.61,0.04716351555821341,4.205538720089013,24.557072532597186
8147.516,0.048921177181020126,4.205600590034295,24.556671058006444
8150.438,0.047561436626567345,4.205518341090859,24.554847389750368
8153.328,0.04658681814666294,4.205420631360375,24.54962607655771
8156.25,0.04680552431810829,4.205358340905265,24.553978162712486
8159.141,0.05007318085511101,4.205598795701007,24.559581616757526
8162.047,0.04672063275855091,4.205509957772599,24.560500558836527
8164.953,0.0466732940176993,4.205277230241831,24.564085825047243
8167.86,0.04846745720664949,4.20535145614718,24.559125090534007
8170.766,0.04788744763284469,4.205354904521694,24.559948028659456
8173.672,0.04565150353317745,4.20521539382054,24.566744511894935
8176.578,0.04688599702369213,4.20549784501189,24.564194529712275
8179.485,0.045634723010490534,4.205225554090441,24.567095798013188
8182.391,0.046601256658895286,4.205545458536156,24.558619596117072
8185.297,0.044184114817750045,4.205440750247702,24.56531807589059
8188.203,0.04803684908825373,4.205354139406069,24.557193446771848
8191.125,0.047913162497968315,4.205449912210225,24.5609876003381
8194.031,0.04706798798346825,4.205605740015079,24.56057450517473
8196.938,0.04873754307658273,4.205714976005734,24.56092840850944
8199.828,0.0480625147167765,4.2054547919275285,24.559123596290597
8202.735,0.04799923565746289,4.2053365648028445,24.553327182964846
8205.641,0.04776144742207869,4.205594767195462,24.559014970371976
8208.547,0.04678132933544615,4.205474831333381,24.553369043484004
8211.453,0.04766282142817378,4.205240408408186,24.561727630763627
8214.375,0.048136273364595084,4.205366438312333,24.553582275749967
8217.297,0.05075407615652792,4.205870673296564,24.55890707040268
8220.203,0.045041331078955006,4.205583292304086,24.556254884910416
8223.11,0.048152983424873924,4.205689647669364,24.559364838506333
8226.016,0.048322501509439446,4.2057351306097965,24.55362979372408
8228.922,0.04730607980588721,4.205315723480929,24.55030184078634
8231.828,0.04536200727205394,4.20573406840162,24.54847253389113
8234.735,0.04701181334386643,4.205459339843253,24.54897689916281
8237.641,0.04788226488454859,4.2053967691576055,24.55034136768983
8240.547,0.05175892201667335,4.205771827816657,24.545632430861364
8243.453,0.04698671782732765,4.205649090304989,24.549694907646607
8246.36,0.050193093430892115,4.205499496753306,24.548532694966948
8249.281,0.05161037504692636,4.205713662936934,24.541914133855457
8252.188,0.04795501107639588,4.205346015032747,24.556404860599915
8255.094,0.05049571307935655,4.205734024091687,24.551830080785574
8258.0,0.048416804853667846,4.205714605635221,24.54770053120329
8260.906,0.047113453881694904,4.205393077439474,24.54573695773866
8263.813,0.04761008810001704,4.205345272645849,24.551159670374734
8266.719,0.04935049280393426,4.205656660455059,24.551479361793973
8269.625,0.047856682626447954,4.2055237769227265,24.547699543413522
8272.531,0.045692497679964826,4.205451221021204,24.543113353085925
8275.438,0.04614311877498668,4.205622855737322,24.5564080266469
8278.36,0.04965217920331087,4.205828427828097,24.552915429219784
8281.266,0.0473862105552217,4.205514119378741,24.550582698552724
8284.172,0.04835724629895982,4.20553315403438,24.550055865826653
8287.078,0.04681267735003562,4.205548947549524,24.55515691913637
8289.985,0.04545268288216886,4.205690101486528,24.546552679992132
8292.891,0.047854548450916495,4.205674103505867,24.55537521605836
8295.797,0.044693754113935044,4.205682114609547,24.55011858229056
8298.703,0.04555415206419904,4.205537194803492,24.549250428600892
8301.61,0.049870752949390994,4.2057578233407344,24.547768460338673
8304.516,0.05116262188365527,4.205686297387668,24.54639415699109
8307.422,0.04566237449346713,4.205780668556904,24.55383727914052
8310.344,0.04609494735475488,4.206020015423551,24.55255086313686
8313.266,0.0500386150164012,4.205828732449623,24.5511662038287
8316.172,0.0494901542913787,4.2055777378847,24.544781465444192
8319.078,0.04544724578611827,4.205623563883196,24.543225435499494
8321.985,0.04981167155047747,4.20578854872624,24.54384453379316
8324.906,0.04806249585308906,4.205672930309013,24.541414607629523
8327.813,0.047005160140508914,4.2059408999718535,24.546589050995703
8330.719,0.04633014556252041,4.205444593253507,24.545237330798162
8333.625,0.047806834860567686,4.2056978651760915,24.54464764593643
8336.531,0.04735203979784931,4.205722637905906,24.54257037545362
8339.438,0.04453147135805871,4.2054067188261355,24.54380190267854
8342.375,0.04724794636847139,4.205785486815254,24.538961007541197
8345.281,0.04534813830239001,4.205808873638401,24.538608439471723
8348.188,0.04511936175664845,4.205865175235467,24.537543678558443
8351.094,0.047602356693649414,4.205764192362951,24.538908060013057
8354.0,0.05059677482704676,4.205819696141196,24.53383043469813
8356.906,0.04671520744029197,4.205699085041762,24.53392092940407
8359.813,0.0468951065688177,4.205887981022359,24.540844755373776
8362.719,0.045239073004740636,4.205432172434724,24.540178335201745
8365.625,0.04913152968400415,4.205706515656952,24.541955790254615
8368.531,0.04806981070719152,4.20579739716329,24.538279209999
8371.438,0.046587555408952847,4.205596705265269,24.534365323815045
8374.344,0.046503175753425545,4.205810091239611,24.541481530972767
8377.25,0.048068230235716825,4.205647979952423,24.5293434802691
8380.156,0.04792042214609556,4.205750438672134,24.538908291537844
8383.063,0.047463802181380445,4.2058191134151075,24.5345472849678
8385.969,0.048931152388327966,4.2056714631136325,24.537061459009195
8388.86,0.046862734875099794,4.205774904623789,24.53273319192088
8391.766,0.046674198364082084,4.2058503550442605,24.53297673447887
8394.672,0.04752956300959539,4.2058410606291865,24.53464133397997
8397.578,0.04582444475033733,4.20579461668143,24.528233585058366
8400.485,0.04971628481672067,4.205995219350632,24.526258400671907
8403.406,0.049918387760082186,4.205749149939302,24.533190127304437
8406.313,0.046185080599169544,4.205885653473422,24.526149497888284
8409.219,0.046442325954057825,4.205736522967863,24.535059499686994
8412.125,0.04589013921389751,4.205959960640624,24.536102615604207
8415.047,0.04820087995606618,4.205871013967469,24.534260909070504
8417.953,0.04776686690425099,4.205922650242105,24.537725862699645
8420.86,0.04471474912976926,4.205851731877624,24.534478379605552
8423.766,0.04686119183971029,4.205927693555277,24.537273517677257
8426.672,0.04714133951422491,4.205984669515045,24.527584635156956
8429.578,0.046692993422758636,4.2060339961431294,24.53158848020451
8432.485,0.04785494943180184,4.20588816250517,24.533476266444474
8435.391,0.04621651789330986,4.206081244506055,24.5323688386237
8438.297,0.04558338507990158,4.205930942857723,24.53871857656667
8441.203,0.047745462512508094,4.205709339391787,24.544562181032813
8444.11,0.04664134383803572,4.205776746133858,24.535945416986937
8447.016,0.04752699611034754,4.206183344416519,24.530620782378218
8449.922,0.045226966625935956,4.206084355575368,24.53658225712225
8452.828,0.044501322248835455,4.206095150276119,24.53357887576548
8455.75,0.04537143221456419,4.206016069796267,24.534439904149245
8458.656,0.04660497588904272,4.20585544380371,24.52221117154393
8461.563,0.048524515208149835,4.206124586179857,24.518671386942334
8464.469,0.04483556482532602,4.20610327017815,24.52170780145322
8467.375,0.04633740136956415,4.206169841104702,24.517970242611145
8470.281,0.04685446492636341,4.206078219130321,24.517954604123794
8473.203,0.04629842238212796,4.206066282387972,24.52161309247586
8476.11,0.04849894059639624,4.205733732655862,24.517091957435262
8479.0,0.04553328494518456,4.2060473400811125,24.517671644265853
8481.922,0.045456306011218625,4.206078812399038,24.522561950696165
8484.828,0.04539381971103073,4.2061003971853985,24.52142859595389
8487.735,0.05010219000922552,4.206346304113229,24.521317714941713
8490.641,0.0465922974871132,4.206119874242853,24.534210350336977
8493.547,0.046400879005259424,4.206234864906373,24.52760275308868
8496.453,0.04770860893416655,4.206079632339605,24.522580757449774
8499.36,0.047462880140561645,4.205989275565843,24.51821954068059
8502.266,0.04909860461081325,4.206064335059264,24.520623348459406
8505.172,0.04442679464715998,4.206100280148701,24.520147992116115
8508.078,0.04504196899838228,4.20603602476931,24.52277046718041
8511.0,0.04799886120779568,4.206037179615638,24.525264954355393
8513.891,0.04740249634056213,4.206061617983324,24.520871647752575
8516.797,0.044848614555134225,4.2062255965459565,24.517029783149525
8519.719,0.045118696292457405,4.206116232185782,24.524758816569317
8522.625,0.04679750745092423,4.206102686515121,24.518995637820034
8525.531,0.04930591162606952,4.206280955190603,24.524115549612116
8528.438,0.0475173943253104,4.206333649826926,24.519614642489717
8531.344,0.045673789549001316,4.206278926002181,24.523705172702794
8534.25,0.04621788268693391,4.2060764601886795,24.525702441432642
8537.156,0.04560776349537007,4.206228300774465,24.524191792931568
8540.063,0.04672785773980454,4.206328431879957,24.52105801876902
8542.953,0.04848062290934228,4.206489519638882,24.519173786239023
8545.86,0.04664336648294518,4.206065769759131,24.526026441868197
8548.766,0.04656406887562568,4.206348662029831,24.52195635670609
8551.672,0.04764398171910166,4.20621590648871,24.518083216344838
8554.578,0.04333242128011493,4.206016586304621,24.513043979532377
8557.5,0.04651683267383853,4.206076008106797,24.515009258065984
8560.406,0.043564992818076485,4.206205993064839,24.519956968789145
8563.313,0.04787499603880827,4.206266077212871,24.510407056593678
8566.219,0.04402016810008294,4.206208121044118,24.50563849086743
8569.125,0.045953925784222596,4.206297350523603,24.50471203491116
8572.016,0.04591660532207068,4.2060102787294005,24.509059102447228
8574.938,0.04754813513471355,4.206249576165758,24.50736891684236
8577.844,0.042633832437808876,4.206302099781,24.513535344510437
8580.75,0.04576397714849973,4.206549165456723,24.509064678530788
8583.672,0.046227497687578466,4.206539085888276,24.507884494309863
8586.578,0.046634679698357696,4.206268836909386,24.509799184149678
8589.485,0.04718505011417664,4.206259231892348,24.514491077378434
8592.391,0.04668009889811041,4.206483709795532,24.508754806482848
8595.297,0.04404124860638027,4.206222489156606,24.51043632205979
8598.203,0.04381556524738053,4.206149831695543,24.50260820408686
8601.141,0.04755467718627411,4.206597491463926,24.508403263065787
8604.078,0.03804172261999317,4.20538637672302,24.503383621781044
8606.985,0.038565945662684384,4.205533146629166,24.508489446595032
8609.891,0.0334298488876771,4.2054913368677616,24.510352407772956
8612.781,0.031893929410130084,4.2052671869757905,24.50951195975455
8615.688,0.038652416910320016,4.205222048126994,24.520055295151142
8618.594,0.037993816129533516,4.20540756867105,24.50591886083344
8621.5,0.03646401136108632,4.205048139654376,24.505921533130522
8624.406,0.03634440578107432,4.205171646405307,24.510365511488573
8627.313,0.03846778648913034,4.2052046478475535,24.509015069688083
8630.219,0.03667287940499244,4.205197851096621,24.501606254166568
8633.125,0.03511568098044853,4.205108828109301,24.50824309701527
8636.047,0.0397127244105977,4.205029317465196,24.510777422782024
8638.953,0.03650444128241408,4.2051533958649445,24.50377125833589
8641.86,0.03761038702169659,4.2052105584951125,24.507227351272892
8644.766,0.036543493110925286,4.205451740357435,24.510624044347956
8647.656,0.036452567246134895,4.205140209861596,24.503443171332307
8650.563,0.036694535793681635,4.205154841767874,24.50371215791629
8653.469,0.03464383310585844,4.205114716549488,24.505005377869104
8656.375,0.0337150390133327,4.205218226414687,24.507463417941587
8659.281,0.03781922353866002,4.205082838360718,24.50032662850424
8662.188,0.038596841831935444,4.205215621591828,24.506176783970325
8665.094,0.03539220814097998,4.205056549469026,24.504318078315624
8668.0,0.036141975724256835,4.2049620000754695,24.5033769902687
8670.906,0.038313810489610925,4.20518166057527,24.508533734872
8673.813,0.03516166823438111,4.204857583019737,24.504563047209967
8676.719,0.03338791873884641,4.205269308419951,24.506418115964422
8679.625,0.03616401775020588,4.205054782527059,24.507763748588292
8682.516,0.038272006777936234,4.205211319099855,24.507685703727798
8685.422,0.03654104421481156,4.205222709150114,24.507417836447093
8688.328,0.03778914930991934,4.204854571894857,24.508137289551453
8691.235,0.03783089605707903,4.205200817153396,24.50652511591489
8694.141,0.03826262649100156,4.205076974325059,24.503011997099183
8697.047,0.03406129639117707,4.205091620831564,24.515216546313802
8699.953,0.0325641590280478,4.2049133117438755,24.509006373343258
8702.86,0.038464886473278864,4.205092556505258,24.514951508956713
8705.766,0.03862092014684323,4.205134242370361,24.520417799525905
8708.672,0.03771975939466818,4.205178959524442,24.51480601547876
8711.578,0.03693720086032548,4.205077204935464,24.509501784295143
8714.485,0.037620069478030246,4.205188202765051,24.501564384906086
8717.391,0.03648161997139296,4.205082070407515,24.50370750187521
8720.297,0.03677317707027215,4.205251099346569,24.50768106398811
8723.188,0.034306423920585624,4.20512259178826,24.50949574984276
8726.094,0.03811432196851781,4.205234822158787,24.503893147770757
8729.0,0.03959378727576853,4.205265075160356,24.50880715575865
8731.906,0.03837732207898279,4.205118837280049,24.5071714906545
8734.828,0.03560518173334911,4.205174096095877,24.50389322917227
8737.735,0.03747537040593782,4.205107328875019,24.50503217660155
8740.641,0.03701994425663408,4.205076258250104,24.507411037278278
8743.547,0.037430644657951394,4.2051072789914175,24.505350928012895
8746.438,0.03848979851256864,4.205066442070031,24.500221468241048
8749.344,0.036988334633650796,4.205106853054436,24.49836610974869
8752.25,0.03827163292400145,4.205193057967474,24.50088563322531
8755.156,0.03743976162038295,4.205385934804413,24.49422831347907
8758.063,0.03750378462343295,4.205280854969527,24.50021639341712
8760.969,0.03136846780202683,4.2047426247613595,24.50184154861768
8763.875,0.03594028793341454,4.20518721093727,24.494302699815137
8766.781,0.040228390514711033,4.205185582261205,24.496068054128582
8769.703,0.03909572034048835,4.205198997735859,24.49493309357442
8772.61,0.03607887123499219,4.205060654648298,24.496451758589277
8775.5,0.038761612368874446,4.205194108387831,24.5012392644145
8778.406,0.040053320400285024,4.205322375511029,24.50027230435914
8781.313,0.03657128070565281,4.2051711525645885,24.49653572838134
8784.219,0.0362320022688508,4.204919907554804,24.505751744158474
8787.125,0.03553085652356611,4.205030709120949,24.49747529664289
8790.031,0.03788456982615304,4.205209135771797,24.49511860063786
8792.922,0.036845590080227954,4.205091169304682,24.49483925638158
8795.828,0.03506204656340521,4.205099777268226,24.499329414197554
8798.75,0.0397438082352705,4.2052118342225375,24.49805213507683
8801.656,0.03604677470508376,4.2050098430678755,24.49572554914545
8804.563,0.038103171480079696,4.2051781146526315,24.49294006322254
8807.469,0.03744796613496132,4.205346888496102,24.497698323332376
8810.36,0.03572958371765799,4.20526700391892,24.499350153592168
8813.266,0.036757927272378525,4.205305314356347,24.496542155793534
8816.172,0.0368384669520457,4.205163162548883,24.492273455602767
8819.078,0.039261710107974364,4.205085589462007,24.498795376709264
8821.985,0.03839504487681292,4.205335352764466,24.493812507200655
8824.891,0.038726385215465,4.205053237440101,24.498856822978443
8827.797,0.03521440196143649,4.205123775034546,24.48912221530547
8830.719,0.03691671863704015,4.205144287427954,24.497246981686114
8833.61,0.03426359917674778,4.20509466957251,24.49428436138577
8836.516,0.038222572225829046,4.205162867614613,24.490240600168377
8839.422,0.037263710103572996,4.205027953217837,24.497500605199694
8842.328,0.03622229796696838,4.205200472238259,24.499665782819072
8845.235,0.04097726088565645,4.205358209384005,24.49807969821096
8848.141,0.038401426693350414,4.205172788339299,24.492998802902424
8851.047,0.03457784089136365,4.205038759401481,24.496849650399756
8853.938,0.03833908207790769,4.2052848300153185,24.501076413656836
8856.844,0.03364592613487911,4.204997150798457,24.495552491362083
8859.75,0.0361531953928035,4.205119544243391,24.48843464834898
8862.672,0.03568931487618906,4.205350891061493,24.49815962530392
8865.578,0.03775192287224418,4.205152042202171,24.50320989512169
8868.485,0.03677804352934943,4.205294923253069,24.496236883371424
8871.375,0.035166962118176645,4.205289389863933,24.490869342190884
8874.281,0.03596349020853417,4.205282093881435,24.49484952373577
8877.188,0.0362283043656586,4.205180324962532,24.486126652023877
8880.094,0.035256109654300184,4.205003191269923,24.490770362971507
8883.0,0.039787902276511924,4.205346373066457,24.497442520911175
8885.906,0.03666994636398255,4.205140087416144,24.503201887891482
8888.813,0.035434279780129085,4.2052988640944635,24.497401066778306
8891.719,0.03646272570684146,4.205326266019217,24.492109055655853
8894.641,0.0360735686071315,4.20525496224667,24.49512297408191
8897.547,0.036738276397681215,4.205169751710996,24.49651252718362
8900.453,0.038343503505383104,4.205402912654718,24.491536127394763
8903.36,0.036115124777195605,4.20494674178059,24.499589389165884
8906.266,0.03630861658982697,4.2052638633806065,24.493944938358982
8909.156,0.03632349580915065,4.205256207471548,24.492967352073318
8912.063,0.03754830631521011,4.205145349408602,24.497608122640663
8914.969,0.03532138630001174,4.205387285058202,24.49795905816065
8917.875,0.0352648924207056,4.204921876666312,24.500040284499963
8920.781,0.035295301619203426,4.205085241025122,24.49435446185172
8923.688,0.0404234470892767,4.205369752488938,24.48911406682873
8926.61,0.036905200930665474,4.205117843920509,24.490522997812793
8929.516,0.03869818828685446,4.2052047381306625,24.500544805115098
8932.422,0.03685234587259487,4.205304598068478,24.497740473376897
8935.328,0.03813709816526556,4.205389476790731,24.488346494071017
8938.235,0.036339774996680875,4.204990526323974,24.494198440896717
8941.141,0.03573071214666233,4.20533279690397,24.48699318437518
8944.047,0.03468178022335103,4.205356552748688,24.48329198018347
8946.938,0.034156091441704485,4.205303504105002,24.487332027253537
8949.844,0.03757756615689584,4.205033988352995,24.490376420781555
8952.75,0.039267698247785365,4.205271828998058,24.48399659043585
8955.656,0.03439935657111255,4.2053945503568135,24.487315085472662
8958.563,0.03764635749678159,4.205219165188525,24.484526916427704
8961.469,0.03791112051499823,4.205206670086678,24.48221395011772
8964.375,0.03800019168394042,4.205375629853542,24.479035673219613
8967.281,0.040242512747849596,4.205552430039112,24.485348762262728
8970.188,0.03875373137636193,4.205202997190438,24.48213428302545
8973.094,0.0366149263329593,4.205256946320127,24.484596268288758
8976.0,0.03452483257615209,4.205263101765862,24.485761699072768
8978.906,0.03572491278230381,4.205417674794064,24.4918634582537
8981.813,0.03539524327385629,4.20515837036806,24.48870869908666
8984.703,0.03800609221575538,4.2055670323312135,24.480847798296303
8987.61,0.035215628620537044,4.2055078482990185,24.485768997291757
8990.516,0.0358761722674194,4.205095345153883,24.4868868674219
8993.438,0.03625482981392364,4.205516844501133,24.483741207713493
8996.344,0.03783817681604777,4.205143341141067,24.488104305417853
8999.25,0.03440547367498079,4.205566486166042,24.485703368012423
9002.156,0.039582057561291614,4.2053234788387925,24.486881726435655
9005.063,0.03438770942643271,4.205305635783455,24.485325369881643
9007.953,0.038155921086437956,4.205419576547399,24.484355027381135
9010.86,0.03555105353316435,4.205405293123389,24.484179661205598
9013.766,0.03665661700348616,4.205503744732776,24.480142172583747
9016.672,0.03415301332952797,4.205246894746835,24.477808287447
9019.578,0.041228065711769346,4.205496755965268,24.484182921188548
9022.485,0.03831188022680493,4.205335802599744,24.48695345589237
9025.406,0.036504422300323594,4.20537011903491,24.475221330723677
9028.297,0.0351513933613129,4.205258733838034,24.481573269500842
9031.203,0.03569261139612097,4.205566539976381,24.48588677442311
9034.11,0.03766616657351181,4.205386340289672,24.4825873569167
9037.016,0.03514136405719329,4.2053419805716095,24.486315896794203
9039.922,0.03553177598943364,4.205266499210171,24.48559887100664
9042.828,0.037448660329565564,4.205552693355306,24.481018317643965
9045.735,0.04080392741643889,4.205460626181442,24.482794311711828
9048.641,0.03591965754225111,4.20552908143585,24.483667816446566
9051.547,0.03792286844469467,4.205138644800663,24.48425968887385
9054.438,0.036049299598877683,4.205537570364669,24.482803847286775
9057.36,0.03237429904393997,4.2051733801939735,24.488690276809017
9060.266,0.03457884446227636,4.205433067634597,24.48358605041348
9063.172,0.03459020493340618,4.205407093426698,24.480070728507837
9066.078,0.0381058487590885,4.205444206471507,24.484200972050864
9068.985,0.0341314600945675,4.2052724767672895,24.480460035226056
9071.891,0.03511349046081653,4.205564457953548,24.48400568119463
9074.797,0.03709254982210482,4.20547249203765,24.48153873951699
9077.688,0.035769841714787524,4.205551674562368,24.484439146205204
9080.594,0.03804421024706465,4.205581738969141,24.489333152983644
9083.5,0.035737709723643964,4.205446436512457,24.47920276644353
9086.406,0.03737858451947419,4.205624628649784,24.481965896849907
9089.328,0.03655390792360542,4.2053827572044895,24.484298234960956
9092.235,0.03747510182507242,4.205345877065907,24.48077875769043
9095.141,0.03770830522334633,4.205702076523685,24.48370583979281
9098.063,0.03624854449465647,4.205582467953988,24.481139345704076
9100.985,0.03517526051137685,4.205296943038071,24.479111147518065
9103.891,0.036070095928627185,4.2056551156141735,24.481982059325
9106.828,0.03659148361654755,4.205841372791368,24.476615042392602
9109.735,0.037254281924751914,4.20564638817878,24.477444548013267
9112.656,0.03569566372702981,4.205412140939971,24.478561362748646
9115.563,0.03311255673734745,4.205569212912653,24.47935455548635
9118.625,0.03783990579503324,4.20556496481798,24.479445328741267
9121.625,0.03405492294588497,4.205535131119596,24.47827896931559
9124.625,0.03386424683684261,4.2056462261904235,24.4777069033627
9127.672,0.03373677786063543,4.205410553172752,24.474215816230007
9130.625,0.03618298818950179,4.205738402599409,24.47538991129478
9133.61,0.036148609150507986,4.20569571915844,24.481465530346576
9136.61,0.034827507113449174,4.205551145519773,24.478258669066314
9139.61,0.037206955641088196,4.2057733095769905,24.483405817789222
9142.61,0.034143843152592425,4.205357126216606,24.480944840472688
9145.625,0.03600762490916812,4.205488470931728,24.477470508293358
9148.688,0.03561826880067683,4.205524080893365,24.48032854684924
9151.735,0.037883519997183465,4.205613696474878,24.484137144142103
9154.75,0.04023471975453315,4.20568971925021,24.485483104182574
9157.797,0.0346230647720317,4.205702182193376,24.478841529658027
9160.813,0.038586764242159476,4.205727556619692,24.479645779320368
9163.813,0.03648381711076908,4.205357061385097,24.480375641974288
9166.875,0.03575171465286136,4.2056536048092035,24.47210924023473
9169.891,0.037659569966226804,4.2058817823897705,24.48085927326472
9172.86,0.03634289995569432,4.205572167043322,24.478333822455216
9175.828,0.03715727210556607,4.205543093331983,24.481345197112162
9178.75,0.03640065891461054,4.205690648023943,24.47919056675445
9181.719,0.03657337728192531,4.205700738991439,24.47653951794436
9184.641,0.03341185617030221,4.205758331479254,24.48305029597993
9187.563,0.03397501263717246,4.205814761320163,24.48392772595722
9190.469,0.03610004492797671,4.20561102470461,24.48120350490507
9193.391,0.03902612379504649,4.205846519837009,24.479944661216795
9196.313,0.036366723430807026,4.2055855473215615,24.472945452164602
9199.219,0.03481221503952125,4.205682738747991,24.47165147300582
9202.141,0.037222944466684046,4.205532998513349,24.48159581419316
9205.063,0.036902213389770074,4.205648219117659,24.469384527134867
9207.985,0.03468179434100715,4.20574680293021,24.471655360457536
9210.906,0.03622350337629798,4.20596423091221,24.482835641455278
9213.844,0.03543581883812505,4.20558696179465,24.482391001633925
9216.75,0.03432060820992043,4.205390877428159,24.48410967154791
9219.672,0.03855077938867938,4.205883013612109,24.489820288587776
9222.594,0.036811439365438424,4.20590273702676,24.47960542904774
9225.5,0.03827644403661217,4.206014887416598,24.480235781503765
9228.438,0.03481933706215708,4.205725261040404,24.474728379593838
9231.344,0.04119315570880428,4.20586998028749,24.468926494910598
9234.25,0.040088535447523437,4.205871878568741,24.468679443279534
9237.156,0.03533780944089686,4.205550003156706,24.472597671647215
9240.063,0.03776099278203526,4.205781517827777,24.47338829693657
9242.969,0.033892733312988484,4.205691988638259,24.468970855901294
9245.891,0.035303003546923076,4.205514086652163,24.473182978765294
9248.797,0.03510527344928954,4.2057237088156185,24.47463950643483
9251.688,0.03316121672779302,4.205403688610317,24.476636920844804
9254.594,0.035628309918451936,4.205752338039709,24.478367589148288
9257.5,0.037384462305637606,4.205746647102149,24.479200875937188
9260.406,0.03297101606118214,4.205899083304819,24.470760079584064
9263.313,0.0349228458186242,4.205651461534137,24.479665451323488
9266.219,0.03445242851255728,4.2057070198318955,24.47933172078849
9269.125,0.03864189493371599,4.20593732146158,24.475450963772055
9272.031,0.03840834725335396,4.205887229021054,24.472150835450453
9274.922,0.03363539539189402,4.205763213448907,24.478085362765736
9277.844,0.03341504910276536,4.2058148200032015,24.48161709402774
9280.75,0.03372090932387242,4.206123687177912,24.476768873174546
9283.656,0.035696827298925274,4.205785200730348,24.474326488661276
9286.563,0.037605317284486114,4.205856128362377,24.475064565442697
9289.469,0.035310798308796076,4.205874372201342,24.47577385411532
9292.375,0.03577396636481447,4.205930198282355,24.47494236825333
9295.266,0.03794266720944287,4.205805654151719,24.47898618685479
9298.172,0.03979975090839678,4.20576667059003,24.477873323791826
9301.078,0.03523884337262389,4.205868420652275,24.466602637782557
9303.985,0.033221001048917814,4.205772265011289,24.47137747537666
9306.891,0.03595958663895592,4.205952359334893,24.473352213076982
9309.797,0.03553031946756422,4.20580730684867,24.477803089449704
9312.703,0.03531190284116536,4.20599524804004,24.474012685261336
9315.625,0.03721498372130446,4.205881685871164,24.47982273356391
9318.531,0.03683197452477566,4.206042474891939,24.47150603253538
9321.438,0.03383771689666733,4.2056590201136705,24.476688403896247
9324.328,0.03737480690605549,4.206139221593979,24.474680660700717
9327.235,0.03465124829678094,4.206064093952431,24.47979821464386
9330.141,0.03565015858249508,4.206169978359069,24.473781795689177
9333.047,0.036577967793158764,4.205844128208726,24.46913692364474
9335.953,0.03393043338650053,4.205851121920924,24.473567707197105
9338.86,0.03447040780053745,4.205945154068938,24.465528150304845
9341.781,0.034675668717555744,4.20594728145106,24.47753469483648
9344.688,0.03569343829335572,4.206060589195247,24.464080567566835
9347.594,0.035281052245884584,4.205909481812286,24.47018594189862
9350.5,0.03664068240599987,4.206124527575042,24.472196040002007
9353.391,0.0299226804123742,4.205630422630786,24.473473297963817
9356.297,0.03701531908487554,4.206067922206792,24.46575285532344
9359.203,0.03586890233900046,4.205998431294624,24.467474669588924
9362.11,0.0348961198046952,4.206199424835794,24.461193221099762
9365.016,0.03206521588357401,4.205894973033629,24.465607162616088
9367.922,0.03608074856984271,4.205908333270533,24.468425014016326
9370.828,0.03835936024022004,4.205895573127952,24.465336188793696
9373.75,0.036075880221997,4.206067376158219,24.46764297738086
9376.656,0.0372753555146503,4.206183871115641,24.466472351577274
9379.563,0.035033338744351765,4.205992157267149,24.47053438094272
9382.469,0.034760579718381,4.205894785904014,24.461128517745635
9385.375,0.032783046903436475,4.205941753358422,24.470070017461723
9388.266,0.03704770132435252,4.206031056176383,24.465599975017046
9391.172,0.03724298141786972,4.206187966142456,24.469204718048
9394.078,0.036416288661719365,4.205835549119025,24.463320574372965
9396.985,0.03490713013019991,4.2059870320611665,24.475028659348524
9399.891,0.03421699171889389,4.205875647656718,24.46369174378411
9402.797,0.03436170563041021,4.205795520101044,24.468015393527825
9405.703,0.035151062854184276,4.205931176086305,24.468811335892642
9408.61,0.033974152514691616,4.206126770974149,24.467659334406356
9411.516,0.03577022913939809,4.206094086145444,24.468882362463052
9414.422,0.03556688329318528,4.205974794792248,24.468643665986363
9417.328,0.03599325554633596,4.205680779349613,24.467053461956944
9420.235,0.03270630055442698,4.206059070917025,24.46013272073295
9423.141,0.03613651827459139,4.2060417054055845,24.466244112450365
9426.047,0.037658366868176196,4.20620475652246,24.461898641019197
9428.938,0.03398469458611667,4.206082903672563,24.467923472702186
9431.844,0.034990149138185066,4.20579842013188,24.4594578406883
9434.75,0.036419850989793695,4.205936260814721,24.464100183681715
9437.656,0.036445951500505364,4.20612956983532,24.45924008169661
9440.578,0.033274301893878346,4.206004166136858,24.461876958199678
9443.485,0.033773340529006025,4.206055450426014,24.467797837936672
9446.391,0.031021476757506293,4.206130947752932,24.469662092805628
9449.281,0.03425758891601777,4.205963203509129,24.46183211498835
9452.188,0.031535156466969326,4.2062149059135345,24.466145284440305
9455.094,0.03260913773808561,4.2060794691373395,24.463830819450294
9458.0,0.03479525422777353,4.205886281999741,24.458204131759263
9460.906,0.03337206728381354,4.206284719482704,24.462965826589507
9463.813,0.03602530050166329,4.206264223851476,24.463333561340818
9466.719,0.03462058347717923,4.205894401694578,24.463558370741392
9469.625,0.034759193144046074,4.20599864620113,24.462901330478648
9472.531,0.03636935688013099,4.206224325496937,24.46368825514223
9475.438,0.0359923094127077,4.206213045521418,24.460448493466167
9478.344,0.02977073594439584,4.20628224820893,24.46114115700159
9481.25,0.034678557951792595,4.206197150749992,24.470763091643963
9484.11,0.032641614662722064,4.206086465358508,24.46663267783118
9486.953,0.03382353662798982,4.206037593385759,24.460982224188843
9489.828,0.03267519372113807,4.205816251135064,24.468701484155048
9492.703,0.03305887129919104,4.206188675805667,24.467019948522662
9495.594,0.033250135459046225,4.206184760877134,24.466884602307815
9498.469,0.036822591894756534,4.206117227640295,24.46319609764877
9501.344,0.037223336013551926,4.206298087855983,24.460001065664397
9504.235,0.035657425189728975,4.2064244869270615,24.4627974264598
9507.125,0.03492650436258794,4.206204198065198,24.462091759704016
9509.969,0.03430850541833885,4.206000868998171,24.464862644905466
9512.813,0.03318254265273376,4.206161370330949,24.453617786591952
9515.672,0.03403738460111336,4.206070484911434,24.457338437978674
9518.563,0.031407610661414974,4.206233094506776,24.45555825557417
9521.438,0.03512189075215617,4.206336489240991,24.45259768378311
9524.328,0.03314027150635333,4.206141721809257,24.453810893674515
9527.203,0.0329953627510008,4.206256148685499,24.457373173823214
9530.094,0.03418167217375505,4.206116385735711,24.45563297899005
9532.985,0.034235510511382315,4.206014189168206,24.456320438906218
9535.86,0.03141850005077411,4.206100083560184,24.457977388316632
9538.75,0.038617704679651865,4.206313971105368,24.45587611738974
9541.594,0.033605946021613306,4.206379033971725,24.4656317717908
9544.453,0.03235862208209653,4.205967268131559,24.454212535916277
9547.297,0.035619198406425974,4.206157296474596,24.456857235869343
9550.188,0.035376394096351765,4.206418592394324,24.454123136612257
9553.078,0.034897084738493,4.206175387805182,24.451752641279818
9555.953,0.036487400466461414,4.206340429558705,24.458068363332757
9558.828,0.03552106197649491,4.206218165049804,24.45210100785388
9561.703,0.034936965797608764,4.206442221305666,24.454644874501078
9564.594,0.032972892846364364,4.206343599904235,24.453633709826903
9567.5,0.03635982616483593,4.20643885190922,24.45870865392007
9570.375,0.037357514164826855,4.205994585165915,24.44633175643244
9573.25,0.03521385228272302,4.206260647051793,24.45482255870485
9576.141,0.033077106813243426,4.206448331512106,24.447147297940155
9579.016,0.03496488259468528,4.206493827436513,24.44837413239085
9581.891,0.03179296832340357,4.206118469746112,24.449933845693828
9584.781,0.032117813668513344,4.206267328976843,24.444069816901173
9587.656,0.03713218438698246,4.206390441836054,24.448142210151673
9590.531,0.03249245528194749,4.206164382798553,24.449372817367724
9593.422,0.032110761267627255,4.206366251171882,24.451331868582596
9596.297,0.03242992219699873,4.206288570132581,24.448070224825287
9599.203,0.03456593477405952,4.206203974994701,24.4514919805748
9602.094,0.033151474308551414,4.206097561004042,24.452507930353534
9604.985,0.034982011498806566,4.2063001238578535,24.45125284692661
9607.86,0.031903372920051666,4.206289692441997,24.451880566060186
9610.75,0.034433975383204564,4.20629316244656,24.451565648414633
9613.625,0.033198447351613175,4.206361932128291,24.44203517482047
9616.5,0.03198849475858528,4.20639877354031,24.453405371979017
9619.375,0.03355276181128019,4.20653226931416,24.447707874175006
9622.266,0.03441138604125568,4.206295263797261,24.451525822390572
9625.156,0.0317924340423658,4.206579821376795,24.452101782804654
9628.031,0.0355801975169263,4.206420245815069,24.451731889678182
9630.922,0.03345400569998639,4.206358993021411,24.454671208758743
9633.797,0.033683910897147847,4.206338588192548,24.45482350583178
9636.703,0.0312374957580206,4.2064136342516925,24.45386929678294
9639.531,0.037186069197133825,4.206291790837375,24.450247545104585
9642.391,0.032357104225917976,4.206443363367513,24.442214336790265
9645.235,0.03563331221235272,4.206517954870323,24.44725746016844
9648.125,0.03598912217630548,4.206460967385271,24.45206817991063
9651.016,0.0321423546239934,4.206458051823477,24.448483937265088
9653.891,0.033495482662320185,4.206424929200878,24.446421398276314
9656.766,0.035777468264132785,4.206464068176151,24.443440499663936
9659.641,0.034596976776521106,4.206423008774316,24.44226687867716
9662.531,0.03445824750847546,4.206308289489515,24.44940907997748
9665.406,0.035907764327327715,4.206203659951076,24.454527110236963
9668.313,0.03486266831628468,4.206486066670728,24.448122371377057
9671.156,0.03319024182881371,4.206442534293445,24.4543049889395
9674.0,0.03559561530588086,4.206491134756235,24.445661949351617
9676.86,0.035113954756439816,4.206342464064209,24.45250280460833
9679.735,0.033780286801542825,4.206076628186641,24.44623292377383
9682.625,0.03338803092355708,4.20633285635069,24.44982579667733
9685.5,0.033194682332846275,4.206475548916871,24.446968427937215
9688.391,0.04055942723258132,4.20687860093279,24.454764176170272
9691.281,0.029628319082280925,4.206758882068174,24.44908788693922
9694.156,0.031034134476620772,4.206160961194238,24.441821274280958
9697.031,0.03137466582722537,4.207374409392311,24.447693687814184
9699.938,0.03157622383117873,4.206907061912729,24.442363527145268
9702.781,0.032222094829677486,4.206457174595875,24.443452812917002
9705.641,0.032014508887170466,4.206428922847001,24.442798881094173
9708.485,0.04019063821375606,4.2064040722694225,24.43406685735255
9711.36,0.03627295085921196,4.2062299389702735,24.432413897001627
9714.25,0.02974288343292701,4.206107614546114,24.435181121494274
9717.125,0.03243993904840776,4.2067406074496505,24.441762915862615
9720.016,0.037900165705973286,4.20645821680038,24.443838666106885
9722.891,0.031359828331625095,4.206834207703092,24.442322476688744
9725.781,0.031215132569865637,4.20717879164822,24.43453395056172
9728.672,0.033426679087766725,4.206748357539357,24.431735090787054
9731.547,0.03145079770576621,4.2068129893047574,24.435684162066565
9734.453,0.032067399263333504,4.206738951439838,24.434194621307864
9737.297,0.03291794206939845,4.206819088826335,24.43473956384113
9740.141,0.037459703150896,4.206323769310827,24.445991314411497
9743.0,0.03180576650503142,4.206903666525271,24.437722680426916
9745.875,0.03689779362572247,4.206759792663603,24.4385133278967
9748.766,0.03467098901847975,4.206753234753874,24.43739658789403
9751.641,0.03189893822064931,4.206367002507497,24.441556955751505
9754.531,0.03277295356764825,4.20654907320506,24.445570203802664
9757.406,0.02701565579793541,4.206514824669424,24.44680860009993
9760.328,0.034497809960137626,4.206617005597353,24.438523187699737
9763.203,0.0335375305708275,4.206732034287056,24.448096379481914
9766.078,0.03356425950434157,4.206609757182317,24.439987071674327
9768.969,0.03588999415165559,4.20631753803952,24.43449495433795
9771.844,0.03287979550763987,4.206804241354054,24.44487736965284
9774.719,0.035351981120989424,4.2068529323884185,24.439941680208626
9777.61,0.03268880340861506,4.206507855025472,24.44441346621966
9780.5,0.03650674972041506,4.206774484846705,24.442912790317212
9783.375,0.03357186820543899,4.206893354760805,24.43968317224925
9786.25,0.03396505422335451,4.2067020618453475,24.441653673904405
9789.125,0.03323023748982279,4.206539514081332,24.449749863313613
9792.0,0.03489119318405406,4.206667033569367,24.444239011447134
9794.875,0.037381972426059104,4.206716074655598,24.45181020936996
9797.781,0.0320077159037389,4.206522728344704,24.453616772011067
9800.625,0.034699341497548296,4.206633763014518,24.444204038998684
9803.485,0.035047178866436234,4.206805591005618,24.442520106531383
9806.328,0.031467652741148495,4.206730427219465,24.44120314871444
9809.219,0.032434674849292945,4.206633603641731,24.44265477368992
9812.094,0.033890939376041596,4.20680094538392,24.44543084045234
9814.969,0.028238007841344705,4.206525333111349,24.43308595181919
9817.86,0.03354911380936875,4.206818518504016,24.43358002672809
9820.735,0.03248145140425122,4.206733635670125,24.435952828583762
9823.625,0.034909335119800315,4.206503841056048,24.433396070653785
9826.5,0.035587064919130135,4.206384687715754,24.441041046584527
9829.406,0.030623698523514542,4.2068059994757325,24.44578341226602
9832.235,0.031707057420191864,4.206904735246251,24.435160979207243
9835.094,0.030629812784162668,4.2068590685457306,24.43765522438792
9837.953,0.033797288131167995,4.20694091597966,24.43441435472551
9840.828,0.03142904476863904,4.206995568953076,24.43608652823774
9843.703,0.03291081179927791,4.206602276144362,24.434055579400635
9846.594,0.03279376103238187,4.206853871335479,24.436715638941596
9849.469,0.03162756963809076,4.206845393081497,24.43933661620686
9852.36,0.03268126679525484,4.2066725144413395,24.43298041145014
9855.25,0.0327025175903787,4.20662622504418,24.436455682713394
9858.125,0.03581596507046465,4.206759507329015,24.449551364398918
9861.016,0.03259007383463478,4.206887461660809,24.439941567109813
9863.86,0.03280702815414806,4.206810324110772,24.442352702217633
9866.703,0.03300292319708273,4.2070158048372805,24.437828827607873
9869.578,0.029185761998300364,4.2068568539353235,24.439121901173777
9872.453,0.03337944446270627,4.207007243133729,24.432902508942515
9875.344,0.03288348629354238,4.206797357097017,24.441079255469102
9878.219,0.03474439075869717,4.20681463838665,24.446466776174116
9881.094,0.03518093965129285,4.206785297140318,24.443306843081313
9883.985,0.03007216647176765,4.206893819475907,24.4385879396527
9886.86,0.03491237053865238,4.207120382544867,24.433739579851967
9889.75,0.0322841925758092,4.20693064789303,24.436837521234896
9892.625,0.03260118902012007,4.207013148234169,24.433912378100363
9895.531,0.03410782719686622,4.206991707814116,24.442118343294954
9898.36,0.030931957426020715,4.2070190948812485,24.438669614891634
9901.203,0.031097679651390493,4.206780041590408,24.434672220786638
9904.063,0.02839117239832775,4.206707722955725,24.440625065648124
9906.938,0.030960695700350784,4.206890184180926,24.435045960002764
9909.828,0.031151926023897214,4.207248798717351,24.442687185128182
9912.719,0.033013275279691764,4.206953703679943,24.43722686643037
9915.594,0.032894994328356256,4.207141440410856,24.434450193766217
9918.469,0.03181826478205009,4.207114606477872,24.43940511297778
9921.375,0.0326843293372292,4.20686534672143,24.43569933189374
9924.25,0.02950880462315947,4.206911981476387,24.436489929585857
9927.141,0.03675432597279226,4.207128664168534,24.43197402191365
9930.016,0.03082980040358999,4.207181096456994,24.43496214715229
9932.906,0.030492818507301032,4.207089017253536,24.428389653497856
9935.781,0.02928421791938862,4.207117793333323,24.430029458533113
9938.672,0.03157798386780912,4.207035643991119,24.429243094401627
9941.547,0.030391992034936234,4.206901753403963,24.432271188184007
9944.438,0.034492136113735354,4.206951616773664,24.430550467276962
9947.313,0.029298199369559356,4.206834623703677,24.424919199864345
9950.188,0.030289531284458153,4.207028489288215,24.429757363975217
9953.063,0.033044858872087454,4.207159450571869,24.43174939842136
9955.953,0.034639275425241395,4.20729089134706,24.436983691446574
9958.86,0.03459086489255918,4.206916703846738,24.43293480146644
9961.688,0.033071464626262634,4.207184368464724,24.437612870870726
9964.531,0.032424505990502776,4.2071392627702835,24.439732701304123
9967.406,0.03388807341141429,4.2072266778699,24.435437895258232
9970.297,0.034986401464610434,4.2071568885345485,24.43498604178304
9973.188,0.03083310430521136,4.207082833226048,24.433041733875903
9976.063,0.029277493175922452,4.207005423674901,24.435194335644386
9978.938,0.030286843100552605,4.207354335029001,24.436233599029357
9981.828,0.030262687996894574,4.207462276515369,24.436024272328677
9984.703,0.03221284835951538,4.207518858623244,24.425777868784724
9987.594,0.032784119286991584,4.2071171404924215,24.435822187361584
9990.485,0.03195994884715327,4.207185246641969,24.427385023364327
9993.328,0.03485322935333544,4.207182350322582,24.42890968553586
9996.172,0.03616615601664196,4.207058206139587,24.431349065365175
9999.047,0.033558959738661326,4.207141480411195,24.432371259369454
10001.938,0.03294164622264232,4.2074290323770684,24.427071317311935
10004.828,0.032928015155634274,4.207372210737753,24.43230100209251
10007.703,0.029375231121792425,4.207205355028698,24.42297332911675
10010.594,0.03319141202505953,4.207535556827398,24.42545386077588
10013.469,0.029621671971949586,4.206857502154957,24.438534107573254
10016.36,0.031748326260500136,4.20705185285312,24.435992747376556
10019.235,0.031289578880078245,4.207252564265003,24.426189087652986
10022.141,0.033724064377812245,4.207409324307357,24.426689197234747
10024.985,0.03204131150456699,4.207022939400122,24.433825346588527
10027.828,0.03237085112091091,4.207243843935811,24.433726326503077
10030.688,0.032500457589460845,4.2074164749877285,24.430949902459297
10033.563,0.030367548417314136,4.207313756124387,24.42407859821224
10036.453,0.03174373886082787,4.207243655619075,24.425184353521676
10039.328,0.030886366168183726,4.207325871986361,24.430979679249393
10042.203,0.030038837654913313,4.206761360179559,24.42602417497689
10045.094,0.031080638792989175,4.207464599156803,24.425416329712867
10047.985,0.03009084487105996,4.207365527220866,24.430392933517613
10050.875,0.029899333670718738,4.207150008527861,24.423474138963996
10053.688,0.03203561879013057,4.207430502772269,24.435736720913788
10056.469,0.03148573204126824,4.207406326443905,24.429078385536915
10059.266,0.03217000410827296,4.207540064543326,24.428270104123996
10062.063,0.03394033227176653,4.2075635777637235,24.43173474651142
10064.875,0.02515619992632391,4.206605500672486,24.43264251115544
10067.688,0.012545395142544541,4.205637159386506,24.435228040951124
10070.469,0.0008197667407108841,4.20321815637311,24.43443109120859
10073.188,0.00273619829628695,4.203558744769113,24.430352870567603
10075.922,-0.0011122968949010964,4.2039480006162435,24.432582691843354
10078.641,-0.0049697810686001875,4.203709132949209,24.436602433464465
10081.36,0.0017155038720714697,4.203798496784414,24.439688344673577
10084.078,-0.002359815884991007,4.203513615578854,24.432466657909718
10086.735,-0.003063057823907064,4.203762928716914,24.42935869354047
10089.469,-0.0023652210687855613,4.203695659365131,24.425979050266225
10092.188,0.00023566539546184014,4.203725553950446,24.4331053768507
10094.922,-0.001476130905255524,4.203791073212585,24.43319421350233
10097.641,0.0010348489816303964,4.203336780856654,24.43146307687786
10100.36,-9.877081415390612e-05,4.203508937948012,24.428205291082453
10103.094,0.0018441462660426444,4.203491075426052,24.433811751707832
10105.813,-0.0009703826056986784,4.203525269926842,24.435387141393694
10108.531,0.0004803968621195229,4.203396839566088,24.43422892201639
10111.266,0.0005560450136286769,4.2034583605143485,24.42299967240777
10113.985,-0.0016751520958233521,4.203360608834339,24.43691369838778
10116.719,-0.002937239316100378,4.203308545056503,24.436086463229515
10119.438,-0.00015806369642133597,4.203143471718083,24.436105544838092
10122.156,-0.0015720838933527808,4.202989526002978,24.43177618480928
10124.875,-0.00031024935353354664,4.203368968499888,24.437716655420697
10127.61,-0.0029191421119261203,4.203168525331105,24.434772379137915
10130.328,-0.003306070829175502,4.2032116240452435,24.432181543641278
10133.047,-0.0015787758979492015,4.203064667813926,24.432575364373413
10135.766,0.0007948387936357574,4.203153573965007,24.428100620564233
10138.5,-0.0010528592083075775,4.203204587942449,24.434570094987357
10141.219,-0.005725812881606944,4.2031687044672275,24.429270685869888
10143.938,-0.001410783686194423,4.2030178883251095,24.42679303964093
10146.656,-0.0018855828604323504,4.203008869844326,24.42731579392897
10149.391,-0.0032769522800983274,4.202542964604931,24.43329987458461
10152.11,-0.00027886801323466005,4.202912331284817,24.432514204258023
10154.844,-0.0003705953935531949,4.202928129033199,24.425057205347255
10157.563,0.0019249800741526569,4.202892959140586,24.43485554607526
10160.281,-0.00047777126818432223,4.202784537298952,24.436436080320263
10163.0,-0.00312064556493319,4.202972220914339,24.432576486253193
10165.719,0.0003179693784828025,4.202472432083702,24.433780787954518
10168.438,-0.0007691624713072524,4.202611617917915,24.43081899493424
10171.172,0.0006841841674767686,4.20216857643845,24.439636075301404
10173.891,-0.0026319752642183654,4.202614693862221,24.428399582753663
10176.61,-0.003753432562694467,4.202703653875831,24.4326640589263
10179.344,-0.0017626789446822065,4.2028396682677736,24.42925575100824
10182.063,-0.0001369364443562455,4.2025743838887895,24.43351817921993
10184.797,-0.0017386682442282625,4.202446704491964,24.432581045324298
10187.516,-0.003539477025992016,4.202564464338888,24.42789323636137
10190.235,-0.0004682097758480184,4.202555024526982,24.43120027331736
10192.953,-0.006219371541590942,4.202412557679074,24.43564420781913
10195.672,-0.0002960506036708362,4.202411175138005,24.43582485801949
10198.422,-0.0003155487326243483,4.202573555176906,24.435634753139716
10201.141,-0.0003267681862881718,4.20237704074594,24.434350605941066
10203.875,0.0004128517484120727,4.202658613120225,24.426491332818653
10206.594,-0.001626041719071079,4.202588768803551,24.436270552153466
10209.328,-0.0028493921993524357,4.202354637105773,24.433279797555386
10212.047,-0.00030721493599876346,4.202168667814205,24.430848080274153
10214.797,-0.002860866174673566,4.202234910865945,24.43317912672464
10217.516,-0.0025567645593777863,4.202279240053282,24.42708059296748
10220.235,-0.002121383418287997,4.202366545038042,24.434033024168833
10222.953,-0.003301141982096758,4.202161969563451,24.43153182172527
10225.688,0.00029802565365193563,4.202089590741445,24.43279639477603
10228.406,-0.0005898104709848355,4.201911250142084,24.429188485938962
10231.063,-0.002424166410857512,4.202338956120154,24.431864607184
10233.781,-0.00038993703800795977,4.20217242188025,24.43218968329162
10236.5,-0.003474025883103649,4.201956981444356,24.434871853851142
10239.235,-0.003244931269041611,4.202264177839171,24.437399413176458
10241.953,-0.0010617711910039778,4.20226998322513,24.4318284160961
10244.688,0.0037342508482972746,4.202234628600503,24.436616230537346
10247.406,-0.002959517233416894,4.202153852619066,24.435908020118983
10250.141,-0.0017456470931086323,4.2019594997517835,24.443103479523295
10252.844,-0.0014708954039858641,4.2019274981342205,24.442141304811955
10255.578,0.0007650157140254001,4.2017548003021075,24.439301059089384
10258.297,-0.0007800350187196443,4.202116592696206,24.438874286641656
10261.016,0.00041821019186716096,4.20192191638401,24.43157051408357
10263.735,-0.0011658867386568372,4.202069726707525,24.42845766986611
10266.469,-0.0008043218968509373,4.202162802395278,24.42380247914209
10269.188,0.001485239213205057,4.202043330703644,24.419340616294146
10271.906,-0.0020883872486870416,4.2017823432339,24.4299560531256
10274.625,0.0008585704164080614,4.202129664329166,24.44029585000987
10277.36,-0.0006251686492021922,4.201789719977383,24.435538913210564
10280.078,0.0014880803087356338,4.201636229310205,24.437855672156044
10282.813,0.0014624254392425298,4.202058192618094,24.43029804419336
10285.531,-0.0011874302869177332,4.201682206976876,24.43215230458378
10288.25,0.0001680040613649262,4.2018878626761955,24.431868128134113
10290.969,-0.0001440389263232054,4.201633738424064,24.432685021068007
10293.688,-0.0015633356108800624,4.201626061367761,24.43739242667935
10296.422,-0.0003461744253908997,4.201988356676551,24.443501978676235
10299.141,-0.0008674844427061241,4.201696205334349,24.45203649880517
10301.86,-0.0031350928812628855,4.201899235854596,24.443270608115505
10304.594,-0.0034809397256665283,4.201660944837181,24.43486283217086
10307.313,-0.001525106417814978,4.20183632214756,24.437718854706418
10310.031,-0.004046570459854016,4.201668670900166,24.439593330974482
10312.766,-0.00145060607435387,4.201620412993137,24.440021254273443
10315.485,0.002792665927175671,4.201646178716331,24.439079553137418
10318.203,0.0008192050871400857,4.201535733359016,24.44111592901144
10320.922,0.0002824868728644143,4.201457539212163,24.427415095789904
10323.656,-0.0001919828775732964,4.201581415284557,24.433088766656624
10326.375,0.002906201250895912,4.201546849484677,24.436075344284124
10329.11,-0.004237490917525399,4.201840254627435,24.43621615633958
10331.828,0.0012198306480580368,4.201507398865697,24.43758799829688
10334.547,0.0008454438324868466,4.201533926987618,24.436668188535975
10337.266,-0.0016230029820553942,4.201884951661613,24.433812485378585
10339.985,0.0023046260778458454,4.201654489701177,24.439454087989148
10342.735,0.0011768235088602224,4.201374060415192,24.43495832412076
10345.453,-0.0006422213387483945,4.201357620998903,24.43491349981597
10348.188,-0.003393605129719038,4.201457025565507,24.434012362635155
10350.906,0.0021041063411190867,4.201418711061841,24.42984500729599
10353.625,0.000292975081556134,4.2015154214118295,24.432853022300673
10356.344,-0.0013730471644944424,4.201483527415933,24.43730562112419
10359.094,-0.0032076408518965276,4.201448366161237,24.43773959935595
10361.828,-0.0028406243313467867,4.201368266575105,24.42862636748125
10364.547,-0.0001773700225343488,4.2014988580079144,24.42849066879228
10367.266,-0.004134927045711194,4.201324928380779,24.43330280274595
10369.985,0.0002619245642397063,4.201255188186112,24.43535202140588
10372.703,-0.000537995094218845,4.201367863103838,24.43185340244344
10375.36,0.00123004859686724,4.201195542313951,24.428581779212106
10378.094,-0.0005539566171352156,4.201387528369042,24.43931347314628
10380.813,-0.0001836480088247439,4.201340887706152,24.43695405151271
10383.531,-0.002119822833247432,4.201523576187375,24.431346432947144
10386.25,-0.004532316350655581,4.201121906251589,24.439994595590424
10388.985,-0.0019636409590572763,4.20135175510066,24.43168776193059
10391.719,-0.00318587370196173,4.201100801440643,24.43287354524636
10394.438,0.0011436380696399114,4.201311402258283,24.42613063209744
10397.156,-0.003280995903993507,4.2011578224702335,24.42976201538611
10399.891,0.0006370273029901852,4.201317832134525,24.42839593681372
10402.61,0.004731566083250559,4.201340453945235,24.432159875327333
10405.328,0.0021123305921916338,4.201203470262334,24.42682060343871
10408.047,-0.003215105040547264,4.201097822356412,24.43820673244039
10410.781,0.0028955608681134103,4.201497876156547,24.434484131187467
10413.5,-0.002978517986792539,4.200883789949991,24.432461306068976
10416.219,0.000937876768935043,4.200963105178038,24.4305507127326
10418.938,0.004757039863356589,4.20123647601137,24.435119861056343
10421.672,0.0016839120644495543,4.201202580521239,24.429326048979792
10424.391,0.002441775179761488,4.201244726950313,24.42256054790293
10427.125,-0.0021897261940849676,4.201106201772835,24.426514242731013
10429.844,-0.0033527506431352784,4.2010851878711994,24.422219052536676
10432.563,0.0021982704542956796,4.201021601562379,24.433674541820476
10435.281,-0.004490174772016951,4.20106523722133,24.42493105952761
10438.016,0.0024489174107826446,4.201062216985592,24.42707071916679
10440.735,0.0003369708629351388,4.20122763046091,24.433922495293185
10443.469,0.000979817873980536,4.2010843107622495,24.424329896336715
10446.188,-0.005541787855226984,4.201175438930536,24.42970308937763
10448.906,0.0017128564375842065,4.201174639280317,24.423709921074845
10451.625,-0.0009052482074412491,4.201077050961272,24.423616379346306
10454.344,-0.002279379862991719,4.200844450885869,24.430634085440275
10457.078,-0.0006035851760736073,4.200962058949497,24.429633740267395
10459.797,0.001586449985140444,4.200997620881105,24.423790688651025
10462.516,-0.001196477152287557,4.200965484597113,24.41723527989078
10465.25,0.0030372447451933143,4.20078642438569,24.416034960477766
10467.969,0.0017216869461401192,4.200770367461868,24.419434545231244
10470.688,0.0016642041310381737,4.2006865780153655,24.417612969211316
10473.406,-0.0030579072986260457,4.200973587805463,24.422788173504852
10476.141,-0.005358115471851244,4.200791377246937,24.430119152156117
10478.86,4.847171036127071e-05,4.201176997162042,24.43061969715417
10481.578,-0.003647210883662832,4.200432471064818,24.43255272647272
10484.297,0.00021396831715850308,4.200837736932214,24.42474744356317
10487.047,-0.00014614742568245178,4.2007916758366495,24.42437489627937
10489.766,-0.00042078600137845045,4.200823998165068,24.42778272549272
10492.5,0.0005074793164277612,4.201038338890866,24.43290702766911
10495.219,0.0007079894239370425,4.200963547416333,24.429331010405463
10497.938,-0.001554452086022785,4.200757064451977,24.422833940049127
10500.656,-0.0008536908130454726,4.200715441118122,24.427664662382185
10503.406,-0.0021412646263800164,4.2008585032833246,24.422691359648258
10506.125,0.004516757781890433,4.200645207646671,24.429899134871935
10508.86,-0.0036938917866850304,4.200826516785505,24.426726623163784
10511.578,-0.0009118112346518958,4.200825590693628,24.426336177726025
10514.297,-0.0035787919981897145,4.2009497968833545,24.41951990404908
10517.016,1.6097344404585507e-05,4.200834674340295,24.425119315602306
10519.672,-0.0005014278361656563,4.2006388744088365,24.42488749234117
10522.406,0.00280104518641883,4.2007088646964315,24.421689582004593
10525.125,-0.0010439721607155335,4.200824528923449,24.427344777661528
10527.844,-4.7180683331185356e-05,4.200543127625769,24.42350489595782
10530.563,-9.137990853297545e-05,4.200674409937946,24.421823230712036
10533.281,-0.002227349562428813,4.200780789090737,24.425762562633263
10536.016,-0.0011678616477248552,4.200707938629306,24.423934013184734
10538.75,-0.002967890880523055,4.200155126800618,24.421395801210874
10541.469,-0.0021930016223910536,4.200482061836104,24.41643323379933
10544.188,-0.0016506517719997082,4.200531245273995,24.422501079564057
10546.906,-0.00201333236963138,4.200579082862947,24.413382054742527
10549.641,0.004083939899177213,4.200675513288344,24.42062519735472
10552.36,-0.0046864007510168315,4.200458143902864,24.409218749780134
10555.078,-0.004361380683673231,4.200674662731681,24.42711813136373
10557.797,-0.0006221340793171261,4.200622863811188,24.431730697078887
10560.531,0.0013357115320913272,4.200550913232458,24.42864969387914
10563.25,-0.001264530272267671,4.200574330088742,24.430326453216974
10565.969,0.00022029215672681233,4.2005946532977045,24.424975563540997
10568.688,0.000801343174341712,4.200274500260376,24.42148965943628
10571.422,-0.0021129960569609327,4.200420936550166,24.42920464106168
10574.141,-0.002682696989329739,4.2006132838936745,24.424903507546844
10576.86,-0.0010947195614815631,4.200412621085803,24.427974920768257
10579.578,0.000953850236868043,4.200727372647911,24.43136428323406
10582.297,0.0007419950014572852,4.200547712606387,24.427938862015974
10585.031,-0.004233183980971115,4.200472512662714,24.418622294083885
10587.75,-0.0002711129472296884,4.200641667714406,24.420391794275258
10590.469,-0.003689759072520919,4.200367595432561,24.419806246224333
10593.188,0.004804085330094955,4.200459061573078,24.420432479775727
10595.906,-0.00010574684269536341,4.200602123057538,24.414545432718104
10598.641,-0.001819679514161858,4.20019250656941,24.42578736906885
10601.375,0.002892297354666942,4.200396122144046,24.42133481354825
10604.094,-0.00040139808605380825,4.200699090965731,24.425959243477333
10606.813,-0.00035035659878575803,4.200163899705489,24.425437362005663
10609.547,-0.0015206616149494516,4.200575569059899,24.424022216659424
10612.266,-0.00045643483216946764,4.200420884443489,24.42122839665874
10614.985,-0.0016410897983131071,4.200141623866058,24.426657987226477
10617.703,-0.003845115847578165,4.2002989849100905,24.41299166324316
10620.438,-9.19767688933778e-05,4.200386158889769,24.415763188060026
10623.156,0.0013056195229155907,4.200272356059086,24.418200039716034
10625.875,-0.0028843133417304112,4.2002221801170645,24.428850353821346
10628.594,-0.0012264110581760755,4.200413754734052,24.425666210562927
10631.344,-0.0027210889858380366,4.200441733754297,24.42112177431013
10634.063,-0.002692579352706786,4.200387412043825,24.41817631092177
10636.781,-0.0040249405222866075,4.200404829247729,24.418200718974273
10639.5,0.0010761589679975192,4.20020705634517,24.413018588372932
10642.235,0.0005417224090261684,4.2001331791243555,24.40946686215079
10644.953,-0.005513465961800256,4.200414965057892,24.419375006240045
10647.703,-0.00119572074790979,4.2001935692035115,24.41741021014205
10650.422,0.0025222469284947036,4.200058571021038,24.413066542191636
10653.156,-0.0004084336173903036,4.2002403185816455,24.419431720265504
10655.875,-0.0004603622540476907,4.20016181524868,24.420005693908884
10658.594,0.0002139769154090129,4.20029944375451,24.414145313596308
10661.313,0.0031429969421279203,4.200084738883847,24.414928193594157
10663.985,-0.0034676959405222792,4.200163404826668,24.414655584649662
10666.703,0.0013361585721504555,4.200160190413057,24.417994895503035
10669.422,0.001368895333031113,4.200095384801453,24.410688939493742
10672.141,0.0007499476531497955,4.200012762357308,24.422533599011295
10674.86,-0.003980647853505329,4.200325436794225,24.41987574539907
10677.594,-0.003970262462136963,4.200100564620306,24.4117422244747
10680.313,-0.0008408791572068596,4.200012586645433,24.411620926960687
10683.031,-0.002952852864293756,4.2002418092614775,24.414374310472745
10685.75,0.0007249428400310237,4.200172431758084,24.413366357793763
10688.485,-0.0027733635102851063,4.200060431382283,24.425398676524093
10691.203,-0.0004915159426866632,4.200090828306472,24.409586038189175
10693.922,-0.003938215325306761,4.200132313820585,24.41205672812997
10696.656,-0.003583300654004976,4.200034575707232,24.411707989798686
10699.375,-0.004857053609004424,4.200120891740107,24.41371475633612
10702.094,0.0028201374250963413,4.200184483643564,24.406914338764295
10704.828,0.001510603785879718,4.19988983419425,24.411639385475482
10707.547,-0.0015966095145315085,4.199780473128546,24.41269858472758
10710.281,0.005123667366452941,4.20002955566662,24.427056772464688
10713.0,-0.0011024847044506041,4.199896522431575,24.425291171259115
10715.735,-0.0024261026489819774,4.199976276683265,24.42024837283236
10718.453,-0.004554857665502387,4.199984005521912,24.41406249508904
10721.172,-0.0011615606234180668,4.200077839950685,24.413489142675935
10723.891,-0.004174521291666028,4.199871687533974,24.41212723442903
10726.625,-6.224942969465102e-05,4.1997938594183415,24.412703571138092
10729.344,-0.0027909014912704936,4.2000961877069205,24.423292260467303
10732.063,-0.001023848949218609,4.199925740247525,24.4158313248918
10734.781,0.006319299834356271,4.200164069652857,24.420546235782762
10737.516,-0.0019385573394255155,4.199495247817555,24.416490517304553
10740.235,-0.0025877505951055566,4.199932078226264,24.43059788448179
10742.953,0.0002485536628682716,4.200037955883569,24.421247141773502
10745.672,0.0030396891200543895,4.200009681842037,24.420506468279008
10748.391,-0.00033010046890663905,4.19980147742445,24.417469987396043
10751.11,-0.0029453871805576416,4.199881240929825,24.411098655291372
10753.844,-0.0010402054939560985,4.19996655951048,24.42281602729487
10756.563,0.0012933635522431207,4.199852841611129,24.41621245760976
10759.281,-9.129206460963899e-05,4.199809892731165,24.418609961893967
10762.016,-0.0016467389905959848,4.199901189359086,24.421151985868235
10764.735,-0.0014510923437804112,4.199855455027731,24.423049971715212
10767.453,0.0012977337314474995,4.199901379567744,24.419443850906642
10770.172,0.0015459280579291663,4.199865574355749,24.42147891429019
10772.891,-0.0037868918537216968,4.199696281582017,24.422839395386294
10775.656,0.001171721024022479,4.199720595912416,24.423442024374225
10778.375,-0.0023519628624548428,4.199722342333508,24.419332048558903
10781.094,-0.0029196485343367866,4.199429386586871,24.416323384316378
10783.813,-0.0023343748736821784,4.199792085755866,24.421037073202697
10786.547,-0.005589630374065362,4.199824742725076,24.422541831677876
10789.266,-0.00019100593188036596,4.1999477658486235,24.417394480124873
10792.016,-0.0011399783271593396,4.199803327700551,24.418686229699194
10794.735,-0.001064263142478821,4.199863624165593,24.419197705444148
10797.469,-0.0018653078269857877,4.199778960289167,24.420396448986846
10800.188,3.293840047403731e-05,4.199987542125028,24.41577720413927
10802.906,-0.001271796498400553,4.199927400683108,24.416113856516414
10805.625,-0.0023576053394151536,4.199869396854634,24.41180887538598
