time,current,voltage,temperature
0.0,-0.0024446846589916546,3.681227298940964,26.615922413292733
2.5,-3.7704677067191414,3.3529759174446823,26.610424739682873
5.203000000000003,1.514612655007873,3.7922865995409527,26.623580650684886
7.719000000000001,1.5165123823775586,3.8039424332678027,26.63275648978732
10.187000000000005,1.5105919747780137,3.8110788568655316,26.645341934383485
12.655999999999999,1.5107016825745418,3.816184253177209,26.652193260798697
15.125,1.5128519037195147,3.8201714747110063,26.65640853681616
17.656,1.5108102812804913,3.8240073899318703,26.648679942339637
20.171999999999997,1.510441925889118,3.8271147629674687,26.65810645376816
22.703000000000003,1.5092338055980221,3.829499270766984,26.651326617577975
25.219,1.5071988404678494,3.831618233447485,26.64828807245114
27.719,1.5103537931974005,3.833887896316153,26.63245083029995
30.187,1.5117598670347063,3.836071450689627,26.62928072643331
32.656000000000006,1.509514315476201,3.8377776386825975,26.61564378703931
35.125,1.5143013582908,3.8391370332404073,26.61779887463061
37.64,1.5128233075907225,3.840974097807736,26.608574689052226
40.172,1.5116171524654836,3.8424287228270115,26.596030636977215
42.64,1.511629528944391,3.8440553244023206,26.593755830037725
45.109,1.5096966379918386,3.8453329296465752,26.584286906427064
47.578,1.5105708631203594,3.846436451266231,26.57537326251817
50.109,1.5118540248690633,3.8477492752613065,26.574773384518465
52.625,1.5102752488898952,3.848939100041557,26.57787080283696
55.156,1.5108618610831586,3.8502178518082513,26.573213623887458
57.672000000000004,1.5123028598482464,3.8511238063669597,26.571040671968728
60.187000000000005,1.5088757679134324,3.851946730900956,26.564402026015454
62.719,1.5120023664461983,3.8534233944539853,26.551343996365517
65.23400000000001,1.5123203187522771,3.8542570146585113,26.54968010521624
67.797,1.5110980499305378,3.8552350559474213,26.545526251718325
70.375,1.5083207016007651,3.856444937239416,26.53789542923963
72.906,1.5091789160972635,3.8574268172563384,26.5339468050687
75.422,1.512637200376562,3.8584392484481023,26.528850545616642
77.937,1.5151065787195435,3.8595561909091534,26.525482990350504
80.469,1.51172664465638,3.860074295050594,26.51309811578852
82.98400000000001,1.5128168716317958,3.861154634991757,26.50605865110194
85.515,1.511713762379508,3.8622839756820246,26.49971000611718
88.031,1.5092905629816573,3.863003925877537,26.49423377705654
90.562,1.5127815485360296,3.86412174520993,26.48349568347946
93.10900000000001,1.5071436359675845,3.8649219618576547,26.487031447235704
95.578,1.513026633946538,3.8658159409032997,26.482285300848933
98.062,1.5089577239555698,3.8668273264315323,26.481805436431266
100.515,1.5100052206239991,3.8678813853743943,26.479995858233664
102.98400000000001,1.5101973672797915,3.8686863592772482,26.47454791260385
105.469,1.512009048495996,3.869535290236558,26.474762196539775
108.0,1.5116118290248786,3.8701460187046286,26.466616424289295
110.515,1.5098997085826,3.871122450576967,26.46491960393893
113.031,1.5108631112686108,3.8718952519592054,26.462729745756164
115.56200000000001,1.5097599755586308,3.8730353720642867,26.4606876814111
118.078,1.51173148569436,3.8738261854078204,26.457371309444156
120.594,1.5098365112545393,3.874686388793059,26.456757922524474
123.156,1.510668906526322,3.875414112987952,26.45268996124808
125.625,1.509575765442256,3.8762543126140296,26.446910307829764
128.094,1.5101127782465986,3.877210942310444,26.43964681190591
130.562,1.5095591897126113,3.8780452346005614,26.43875793787592
133.031,1.5104658517410465,3.8785811448718315,26.438218213362845
135.515,1.5124360241706678,3.879617359117925,26.433478062578327
138.031,1.5099910772214904,3.880666694633741,26.42997630026183
140.562,1.5093840794244908,3.8810326254014567,26.428076937908973
143.078,1.511680292045171,3.881884693188617,26.420863163271076
145.594,1.508381396578493,3.8829086897260057,26.423000670874263
148.125,1.5109190727673822,3.883707881977636,26.420942521174883
150.64,1.5083476676677467,3.884347023308543,26.41282725332788
153.172,1.5116517685207203,3.8852191669776466,26.41739538175829
155.75,1.508763208518584,3.88593040724942,26.41177909812471
158.265,1.5106102220190154,3.8866288555279844,26.40694711183717
160.781,1.5116505390328876,3.8873576439066406,26.399672298145642
163.312,1.5104985906551254,3.8884061745926544,26.396062268279742
165.828,1.5095432359552918,3.8891386902335454,26.397064457983014
168.359,1.5103047151796216,3.889779684447786,26.39464156829151
170.875,1.5070346294481014,3.8905168604946936,26.387820289686477
173.39,1.51000354277512,3.8913479819336687,26.39713972565789
175.953,1.511363921110491,3.891918996076538,26.38555694582393
178.422,1.50974567807779,3.8924015970492274,26.389095125783985
180.89,1.5118913984611437,3.893415417530662,26.380786793660413
183.359,1.5075947001760597,3.8940574341188388,26.38472989699151
185.828,1.5147786640783205,3.894642467071663,26.390078094218243
188.359,1.5108080841207427,3.895395197209266,26.385512695873416
190.875,1.5094567715364502,3.896394930776402,26.382390436983982
193.406,1.5123023740316368,3.8969140981324095,26.377780579153168
195.922,1.5145383943286668,3.8977371839466968,26.373956679990954
198.453,1.507073874113311,3.8984072014135442,26.372529661555703
200.969,1.5111861991449533,3.8993353405474815,26.360900673058367
203.484,1.5093305475221737,3.8996861516181776,26.359308693927428
206.015,1.5106474351218508,3.900368649993139,26.354378828716037
208.531,1.5108841907383748,3.901487267217505,26.35615834545036
211.062,1.5105936408901974,3.902015205786446,26.349269435130445
213.562,1.5106662967545061,3.9025700186265855,26.34557842395508
216.031,1.511210380944171,3.9033096448228215,26.354873357025877
218.5,1.508990761155357,3.903845839031917,26.35230348270395
221.015,1.5110421354231476,3.904531566060304,26.355673772473796
223.547,1.5134452352106147,3.90526455739646,26.356901647224422
226.062,1.511643669685982,3.905955650718742,26.341434133139362
228.594,1.5097558372109852,3.90645226676175,26.34737168169541
231.109,1.508599059923223,3.907340395804596,26.34660185872964
233.625,1.5073361746162917,3.9077722089912035,26.34259000944282
236.156,1.5131394281215835,3.908429306801146,26.343026199354835
238.687,1.5106120565705228,3.909457952200425,26.340403384355028
241.187,1.5121203200182074,3.9097521197349088,26.343502024414256
243.719,1.513379928579756,3.910192130097773,26.340187990196743
246.265,1.5117590678329489,3.9106431177992076,26.337052591961847
248.781,1.5116823023412211,3.9115520659310974,26.335394888861366
251.312,1.5122134636251185,3.9121279084930762,26.338066575777294
253.828,1.5090069256624012,3.9130019658114055,26.332346203374552
256.344,1.5113536461215107,3.9134028463236215,26.334386578961443
258.875,1.5114799023744012,3.9140267871257612,26.32791733056365
261.39,1.509663565022383,3.9143365936330037,26.332869749242544
263.922,1.5124460734728036,3.915190938123196,26.332867167957072
266.437,1.5112132927127178,3.915656774731013,26.31845773542623
268.969,1.5071345173094293,3.916236946500321,26.325451661390254
271.484,1.5127842177504744,3.9170929335294735,26.322508889839288
274.015,1.5096826225660873,3.917575483798745,26.321871378780862
276.531,1.5105315964563106,3.9180828474950036,26.319738509170772
279.062,1.5085475172028444,3.9187308427726797,26.314288539144073
281.578,1.5096331303337212,3.919195720539067,26.313658056975953
284.094,1.5113210315803196,3.9198586823213017,26.315715077378066
286.625,1.5121228663501811,3.920326435640095,26.309659479954913
289.14,1.509995024035599,3.9208210396366603,26.313063145655256
291.687,1.5116952685389367,3.921454813990968,26.31366674137631
294.219,1.5112977632311153,3.9220422509630355,26.31714169182656
296.734,1.5113060645870227,3.9225325186815763,26.31631019674416
299.25,1.509371506604882,3.9230114746410707,26.313122402245995
301.781,1.5142422669657727,3.9235039675067864,26.316681432667618
304.297,1.5098735894132325,3.9242292594914647,26.313328737285246
306.89,1.5099977663268185,3.924419338439177,26.30029291430701
309.359,1.5094401011752367,3.925022226032789,26.315321438982107
311.828,1.5103398437639726,3.925411152205342,26.318468539287228
314.297,1.511698915410468,3.926159610434711,26.314254670375817
316.765,1.5098811906859104,3.9265360048223057,26.310265301424444
319.297,1.5095636935194554,3.927028957414341,26.310402251914468
321.812,1.5108712958384587,3.9278055532938727,26.31149024742933
324.344,1.513301360068553,3.927942308239668,26.309041957991933
326.859,1.5133956292903068,3.9284526560325936,26.307910970868427
329.39,1.5113518423447443,3.9288877683310663,26.302435784806228
331.906,1.5111579029323832,3.9295663596275103,26.303918649997772
334.422,1.5103797187909744,3.9300283353729673,26.308637500195957
336.953,1.508190528551781,3.930485912494837,26.30755767507495
339.469,1.5130299752227165,3.9306968205713635,26.307509436255675
342.0,1.5102106626949283,3.931669903201798,26.306213711142053
344.515,1.5112885535722034,3.931657484813541,26.3051868677132
347.047,1.5105026355865305,3.9324470514334773,26.31180729463612
349.562,1.5142401298143524,3.932964711234755,26.30982816892748
352.078,1.5060595798038994,3.933652915996649,26.301792999422887
354.609,1.5122900236929646,3.9338516588001915,26.29944994747432
357.125,1.5076757982634659,3.9342912156903527,26.295513528680953
359.656,1.5107650746689896,3.9347133172167252,26.299620334786567
362.156,1.5143062634991966,3.934854925453911,26.296523723789566
364.672,1.5116194191318828,3.935546990105547,26.299889273900206
367.172,1.5110670532474428,3.9362447307378736,26.30454845518175
369.64,1.5089552361706113,3.936358772980161,26.301703956840882
372.109,1.5088600497397857,3.9369713052596618,26.301889850144505
374.594,1.5139255293802827,3.936848164191652,26.301214748970718
377.062,1.5133439653346592,3.9377813393443306,26.304320936153488
379.578,1.5117020082974122,3.9380054747157622,26.30417159989859
382.109,1.5172764677295527,3.93813104927971,26.30633951289199
384.625,1.5073785603444299,3.9392215622624667,26.300819741178017
387.156,1.5123431260072329,3.9391650493699726,26.313742551687263
389.672,1.510234045156775,3.939874942297993,26.30834763528668
392.187,1.50919838532684,3.940338099644449,26.312942389720977
394.703,1.5055646816300154,3.940665772044568,26.30332910144213
397.234,1.5096974219992998,3.940882913200787,26.303512250476032
399.75,1.5128636520972032,3.9415797960936763,26.304631449926127
402.281,1.5118118106475913,3.9416901651898915,26.299197126537006
404.797,1.513733698767751,3.9419061331553844,26.30923435704429
407.328,1.5118883261245486,3.9426293005813378,26.30846839067674
409.844,1.509210748430072,3.9428455919957597,26.300326509686876
412.359,1.5114675518768401,3.9432570608458137,26.308075664865942
414.89,1.5115213716505456,3.943710338267582,26.311715739590777
417.406,1.5089618522457373,3.9438732851405125,26.309010861576564
419.937,1.5091995863351124,3.9444337380139074,26.307390011370327
422.453,1.5087928006610738,3.9444754403324183,26.30504937747322
424.984,1.5080953127379637,3.9452531088367047,26.30661701188009
427.5,1.5102723145081707,3.945731955229441,26.307388125264065
429.969,1.511554116537043,3.9458015941857325,26.308194148842322
432.5,1.5112901300681911,3.9462834530765494,26.311053520342718
434.969,1.5121111870780544,3.946325905442391,26.30789863276908
437.437,1.5091111477608377,3.9470147254468375,26.304916099285617
439.906,1.50749348962366,3.947120306882468,26.31195876984865
442.422,1.5139153548059512,3.947944999121854,26.30795540314473
444.953,1.5146179650317655,3.9480374018866775,26.305267904734368
447.469,1.510703514087834,3.9484728837076655,26.305305498497425
450.0,1.5097193404087073,3.9487342022503236,26.304318498708092
452.515,1.5101002112385886,3.9491829099909634,26.306989920143405
455.047,1.5107714743140215,3.949348864845013,26.310358753744268
457.562,1.5138824700521842,3.9496462820238443,26.302842699787256
460.094,1.5081248700889978,3.9501546958031124,26.31001117771306
462.609,1.511711586184882,3.950490233420565,26.308875209179458
465.14,1.5096634543759795,3.9508725981133686,26.307716768564934
467.656,1.5092462490843475,3.9512763397544997,26.305668753494203
470.187,1.5099908215323137,3.951628836470525,26.318392738097863
472.703,1.508213018394183,3.9518176712561495,26.31948739802889
475.219,1.5077377324094985,3.9521336143007533,26.317005663388592
477.75,1.5091905410923336,3.9524553078765656,26.322090572715283
480.265,1.5103594404913414,3.9529080632787053,26.317312713328246
482.797,1.5102678178792832,3.953195556697241,26.320361914396816
485.312,1.5068819797778725,3.9535008863495347,26.315560317286668
487.828,1.510753815366165,3.953709522310235,26.314186108652375
490.359,1.510357310147454,3.9541580882085556,26.31619560140648
492.875,1.5123497755427975,3.9544991142681223,26.313620350413093
495.39,1.50998968947953,3.9548099788108835,26.31817609297202
497.922,1.5115509879822195,3.9551849463230857,26.31934600577912
500.39,1.5141479832513371,3.9553087119453694,26.325135157875682
502.859,1.5122188876921254,3.955626492571351,26.320732679320994
505.328,1.511971752217614,3.9560246070057055,26.320148933865955
507.797,1.5146457364978627,3.9561681846726047,26.325175260613058
510.265,1.5114292906566233,3.9565510573206897,26.32521657034336
512.781,1.5100872782465768,3.9570272013051886,26.325797376515546
515.297,1.509889969958619,3.957260448109074,26.329649212113576
517.765,1.5117561965186705,3.9575521948296166,26.329528048656517
520.328,1.5101949617004515,3.957682801126733,26.3293944507235
522.797,1.510779541687454,3.9581258492425806,26.338363745514517
525.265,1.5118965122416876,3.958440608431293,26.342502720919697
527.734,1.51429558305153,3.9588287966950353,26.335485681345887
530.234,1.512939530530791,3.9589477156646686,26.334127876021856
532.765,1.5112594607673164,3.959325735985427,26.341381733013428
535.281,1.513505216967789,3.959690964200799,26.341249202174144
537.797,1.5129207299944665,3.9597118204706865,26.3378385351019
540.328,1.507734868644751,3.960246714299299,26.343245049153712
542.844,1.5102657265904635,3.9604305798895423,26.343991853277842
545.375,1.5101681410268104,3.9607005083179847,26.343243815085952
547.89,1.5111047679152607,3.961117070740037,26.35171501716574
550.422,1.5108290131074467,3.9615139782083344,26.346501679254033
552.937,1.5109286015987973,3.9614495357732635,26.341007026108212
555.453,1.5115706145635086,3.961821603261529,26.350536156873698
557.984,1.511633515355012,3.9624142503602013,26.35405639600006
560.5,1.51067804655485,3.9625665077495964,26.35503052599487
563.062,1.5080470607980065,3.9628329036108463,26.34852404482214
565.531,1.510694648940558,3.9634257213695774,26.34951336306147
568.0,1.5101127062264195,3.963115151231901,26.341131495631863
570.469,1.5083743482584584,3.9635086173085505,26.354987279643414
572.937,1.5087800059845027,3.96381155733439,26.358316029911073
575.406,1.5105497424037326,3.9643665038263487,26.355181805923873
577.937,1.5110719760777258,3.964462807915306,26.354118838183886
580.453,1.509672892868276,3.9648272755222806,26.364494592668436
582.984,1.5091797923871568,3.9651458786852194,26.35940840528418
585.5,1.511609482693121,3.9654935747133067,26.360641257132013
588.031,1.5099527224957028,3.965540531833164,26.365933833828013
590.547,1.5087833391280234,3.9659532498808363,26.371650967566296
593.062,1.5122783225961642,3.9661677145222893,26.371315871741125
595.594,1.5105058794033333,3.966617261850698,26.368989800924016
598.109,1.508197453403966,3.9667378550929553,26.382931830652932
600.64,1.5099126096155702,3.9669039526865157,26.37727055494826
603.156,1.5117904852740343,3.967184079620153,26.37480209353258
605.687,1.512112996593179,3.967554578239099,26.37745961204413
608.203,1.5100679873127023,3.9678240101444846,26.376910669486026
610.719,1.5084512365369827,3.9680310391881224,26.37434072476335
613.25,1.5094020797526233,3.9683255672086672,26.38483068154863
615.765,1.5092802304870725,3.9687784037935976,26.38412962559096
618.297,1.5125350612479609,3.9690928797752703,26.384501484341236
620.812,1.510186821151497,3.969287766193261,26.386966808782176
623.344,1.5086159993210977,3.9699612577176753,26.386821024243403
625.859,1.5086141285643704,3.9697140309641474,26.3871482981395
628.328,1.5112731553594636,3.970072586898521,26.38594619034204
630.797,1.511490388843289,3.9704405567137413,26.392154204389747
633.265,1.5085807125941706,3.9706666675803577,26.395941930470467
635.734,1.5129785917150012,3.9710346430195895,26.39973867005567
638.203,1.5080341117474685,3.971223268148835,26.400286096308474
640.734,1.5123677253147236,3.971545707038597,26.402565683654334
643.25,1.51006323630877,3.9719791171385617,26.40901881625659
645.781,1.510765219808508,3.9722034400172106,26.413635449650208
648.328,1.5107395640297179,3.9726597026242607,26.4088125703615
650.844,1.5133098468959796,3.97290320839892,26.414400092855363
653.344,1.5096153179402783,3.973283225904753,26.411863392905616
655.859,1.5083239841544827,3.9731183835808204,26.41308828416152
658.375,1.509704514089683,3.9738527035235456,26.413261977417317
660.89,1.5118339706888058,3.9739633033477313,26.41924336585321
663.422,1.5088091170630733,3.9740249821706075,26.423559597986262
665.937,1.5100431861947374,3.974601206201869,26.42268783954287
668.453,1.5111139483402127,3.9746670721712993,26.429822873990073
670.984,1.508738892203316,3.9750211846627446,26.425541972811292
673.5,1.5085019071283436,3.975385308236995,26.436529225572055
676.031,1.5093299706658134,3.975519928243323,26.431696401974666
678.547,1.5121258589342395,3.976045936804466,26.43998276175707
681.078,1.5146625369000843,3.9761932482501896,26.438133823274562
683.594,1.5106423110772125,3.9763726328446514,26.43708811453827
686.125,1.510009578951604,3.9766152691105665,26.438461784145566
688.64,1.5115183797325245,3.977052654377013,26.443915275119522
691.172,1.513366372591265,3.9774857001502433,26.441489498525254
693.687,1.5081050885537228,3.9774796115032705,26.44474952011555
696.219,1.5093237246266902,3.97778002128966,26.449794495546687
698.734,1.5098356353805487,3.9779885103993444,26.447956039384664
701.265,1.5115047181910668,3.978368382600552,26.44715727276996
703.781,1.510124381123434,3.978763423955986,26.4566167924065
706.297,1.5114002508754758,3.978882999288535,26.458675130928825
708.828,1.5112069347405859,3.9794159710601553,26.45704546030767
711.344,1.5109622828461853,3.9797120046405112,26.466468019628124
713.875,1.5131569615797005,3.979967991037157,26.459640810501078
716.39,1.5095013255800285,3.980215533816512,26.468307152735758
718.937,1.5107428508429184,3.980347030564686,26.4685659690528
721.469,1.5113451346894964,3.9808195524406633,26.468541285313407
723.984,1.508258375054304,3.9811932109734567,26.47042950110484
726.5,1.511275572591353,3.981347297184233,26.47089116367716
729.031,1.510109945009706,3.9814442835754087,26.474755191037236
731.547,1.5105905583379335,3.9820028660503834,26.476131233377206
734.078,1.509159780580154,3.9820844528299997,26.47675427941365
736.594,1.5073264713989902,3.982221226952647,26.490547556633214
739.125,1.510707360520526,3.9826295905779197,26.484886194522225
741.64,1.5134175675764772,3.9830948978805387,26.48295074264691
744.156,1.5151929084368918,3.983386645984273,26.491336345021953
746.687,1.5105369254196688,3.983702223352006,26.49422069639995
749.219,1.5116866889822256,3.9839909962366167,26.491342498611907
751.703,1.512598800981395,3.9842338313507377,26.50228093294237
754.203,1.5088330287835705,3.984492147378281,26.501492837097466
756.672,1.5131683728650156,3.9847857140162204,26.507056163686258
759.14,1.5125361321283508,3.9849916621590404,26.507536963326974
761.609,1.5105937994106422,3.985376389940502,26.505352974234757
764.078,1.5126278713182673,3.9855958021806717,26.50701490482396
766.562,1.5112829164830281,3.9858880522479088,26.51067178837776
769.078,1.5081208973712155,3.986104514929914,26.511757944125712
771.609,1.5133771180112665,3.9863623069874023,26.514473955581202
774.125,1.5129835054825087,3.986546042082578,26.520270830679365
776.656,1.509576580306093,3.986842029131811,26.52793697077613
779.172,1.5132982671047772,3.987211260918629,26.5243107536246
781.687,1.5109723238078345,3.9875578230258877,26.531332929653658
784.219,1.5111421310454438,3.9879632844975132,26.53794680347016
786.781,1.5085977475773367,3.988109345341921,26.53593443506204
789.297,1.5107233750839992,3.9883383337358236,26.53954410702168
791.812,1.512908857162221,3.988661695258656,26.545186874023955
794.344,1.512204912986968,3.989146073359358,26.545030987531682
796.859,1.5088020202733476,3.9893585414350174,26.551535323274837
799.39,1.510945941853292,3.989736592158215,26.54814130097069
801.906,1.5111614350149591,3.989960969892977,26.55405007026989
804.437,1.510954235501641,3.9901515113723693,26.55765266412711
806.953,1.5103959699866631,3.9903400283957318,26.553884395560928
809.469,1.5103998723334,3.9906420411440386,26.557702555545514
812.0,1.5108480657344079,3.990990301495394,26.561216282119293
814.515,1.511281647520611,3.991039448035863,26.560211128943276
817.047,1.5088422938233812,3.991556596724314,26.559806578295273
819.562,1.512770970494395,3.9917671149982006,26.567133768848542
822.094,1.5086254580941814,3.9920477347159804,26.570562620162132
824.609,1.5101675937479462,3.9923892080152648,26.57458625890563
827.125,1.5112119502506982,3.992808102163078,26.57060931330822
829.656,1.5084340999637573,3.9929057324280723,26.57545463786882
832.172,1.5115660836631246,3.9931651986418126,26.573737011699084
834.703,1.5085905314279993,3.9936152313968294,26.577514563485707
837.219,1.5107980276480404,3.9939332784224537,26.589179315218946
839.797,1.50991690012599,3.9937441275564667,26.59347436104547
842.297,1.511144124505811,3.994290778229341,26.588148817854705
844.797,1.511207429441371,3.994602162405979,26.5975656402861
847.328,1.5086205114129512,3.994703279966496,26.59008614264269
849.844,1.509319018837819,3.995121123638317,26.598651858512792
852.312,1.5138588937345183,3.9954052204471795,26.599804153705346
854.797,1.5099743554485556,3.995571149228716,26.601604395681427
857.25,1.5108380313396335,3.9957522658398927,26.60406192147335
859.719,1.510692629252864,3.996291421604788,26.6025801251433
862.203,1.513704416941483,3.9962679996202883,26.60403954549608
864.734,1.5131913391301883,3.9966310248970682,26.606125665682235
867.25,1.5086246060762722,3.997014662016213,26.61203566964682
869.781,1.5100785142806197,3.9972651935208865,26.615991778602204
872.297,1.5097784092643691,3.997584172018827,26.618670031911687
874.828,1.5093105237859163,3.9976776018884,26.6257226495849
877.344,1.5084692948728204,3.998152881050574,26.627008655322832
879.859,1.5096370586573733,3.9983666405372786,26.631917806692773
882.39,1.512333535834098,3.9988474764817497,26.63754882795304
884.906,1.512054073680219,3.9989877773092197,26.644056308510194
887.437,1.5113712817304932,3.9992180350701547,26.647571553667785
889.953,1.5096328358746127,3.9995415414177784,26.646711341356323
892.484,1.5114198315856242,3.9996388527547513,26.647480378411576
895.0,1.51059242921736,3.9999574949814694,26.646116232403905
897.531,1.5104426722903241,4.000401330929972,26.660783714712917
900.047,1.5127094068264069,4.0005380833824455,26.659932416651326
902.562,1.5125010465031647,4.000698347942645,26.659924981246096
905.094,1.5091788615648107,4.001198643009116,26.666014024487428
907.609,1.509564083065549,4.001529631015164,26.672059792031675
910.14,1.507527430424281,4.00187600910892,26.671135422034073
912.656,1.5115006540107225,4.0021796303142745,26.67769923869394
915.125,1.5100809903739818,4.002576965490624,26.6725871685122
917.594,1.511496357828319,4.002869009468973,26.686951580255606
920.062,1.5120774103995893,4.002848347628123,26.684774184376458
922.547,1.5113172944036875,4.003206465745036,26.68366011400361
925.015,1.5098800634647547,4.003332709350992,26.68586554848166
927.531,1.5117133894592027,4.003569079523398,26.699347980837132
930.047,1.5106984095487366,4.00390558115392,26.699255895089326
932.578,1.5091666225764846,4.0043412891622765,26.702926701153178
935.094,1.5134729705200274,4.004351650214452,26.704325645939075
937.625,1.5104326121882181,4.00447773674023,26.705942756125108
940.14,1.5115509346112252,4.005028767082522,26.707902907732276
942.672,1.5096522784927937,4.005279835997927,26.709468249267506
945.187,1.5112797813529888,4.005416795693423,26.706064854994935
947.687,1.5085501217920922,4.006037990570094,26.70784374114664
950.219,1.508911689426785,4.006300575348269,26.713977696222884
952.687,1.5110179187516992,4.006519034886958,26.720761877089966
955.156,1.5133181757587209,4.006618489358722,26.71437136475412
957.625,1.5092363614226874,4.006928020366144,26.725843658242766
960.14,1.5116742587021486,4.007147241883716,26.7271981909542
962.672,1.5103912696743909,4.007367120269775,26.740031445382925
965.187,1.511928967311621,4.0078095529469,26.73767150408665
967.719,1.5112457065207892,4.0081392394083535,26.737552665686966
970.234,1.511407122194274,4.008217380268494,26.743173716542323
972.765,1.50795588787608,4.008487577462234,26.743201089942804
975.281,1.507740210147142,4.008798383694093,26.74740263841384
977.812,1.5117182773337337,4.00913667698754,26.746795807963057
980.328,1.512012499079061,4.009181194018215,26.757045174085373
982.844,1.5083902666517437,4.00964639539987,26.760162805734392
985.375,1.5101088136835992,4.01033199344264,26.76752629532213
987.89,1.509426485185951,4.010152064687282,26.762773090431306
990.422,1.512239458764597,4.0101765638995515,26.76858951616558
992.937,1.508416851690598,4.010617423527237,26.775982850813087
995.469,1.5135533085620656,4.010985180357652,26.773963890579697
997.984,1.5091144796138882,4.011279955675739,26.77759074774233
1000.5,1.5086889727423638,4.011635768438871,26.77335100681078
1003.031,1.5114649045079593,4.011738954313475,26.781444858872714
1005.547,1.5106641923926918,4.012131399806287,26.782830749801455
1008.078,1.5111992927540858,4.012268483513456,26.787123272356094
1010.594,1.511166407554254,4.0127106567121045,26.788951960558734
1013.125,1.50889087662948,4.013076037241045,26.795091582093615
1015.64,1.5116755341418628,4.013231719078235,26.793823557799183
1018.109,1.5104573434805562,4.013264480042326,26.80723419234907
1020.578,1.5111620456613706,4.013795301399696,26.813677340984473
1023.047,1.5107222793943507,4.014012935857867,26.81224711410033
1025.531,1.512542007638271,4.0142859786726595,26.815779119154502
1028.0,1.511518542563135,4.014547822171791,26.82206568530164
1030.515,1.5075532286513373,4.014679558292714,26.82550087010528
1033.047,1.5118810278170733,4.015167206530824,26.829949468523786
1035.562,1.5107846753554013,4.015334452374836,26.829196125363403
1038.094,1.510299445344492,4.015495774903965,26.834046848941703
1040.609,1.5104969999288942,4.015697204612338,26.84207438452061
1043.094,1.5133338189430654,4.0161862162586806,26.84977264167832
1045.656,1.5105398815127424,4.0163920440022185,26.84274444348253
1048.125,1.5124242233791276,4.016765917964529,26.848189330960754
1050.594,1.511387722148727,4.01713621354641,26.86126906414526
1053.14,1.5104022130332755,4.017275854995582,26.857825884379956
1055.656,1.5113178407212624,4.017799303630767,26.86485319456116
1058.187,1.5102743262637175,4.017850768524821,26.862227332880586
1060.703,1.5123206664165663,4.017887612360101,26.87011882178332
1063.219,1.5106284993570198,4.018469560446741,26.873082547459994
1065.75,1.5113587721004282,4.018754817698454,26.87191212549138
1068.265,1.5119605234733107,4.019096609561939,26.877287793623807
1070.797,1.511849496229265,4.018979807182736,26.8767671901053
1073.312,1.5090230238503886,4.01950058752116,26.875885917039746
1075.844,1.5114497478019848,4.0196356614855935,26.88045300129195
1078.359,1.5105550110854438,4.019907310483654,26.892941117279726
1080.89,1.5102693415732058,4.020355796982056,26.893853855972484
1083.406,1.5079309636108738,4.02067183478259,26.890817691866395
1085.922,1.5110917364740561,4.020863352348035,26.901336031017138
1088.453,1.5096568744546808,4.021028036775435,26.90044868437607
1091.031,1.5095073549157154,4.021358292550302,26.90947302913798
1093.515,1.5100314395358343,4.021681324851419,26.901118537123427
1095.984,1.5114523877668564,4.022014118406559,26.911601370101703
1098.453,1.510979590848372,4.022258204203984,26.91428220593185
1100.937,1.5097783136919454,4.022541965542292,26.91827769829374
1103.406,1.5087108949141697,4.0228339774625494,26.92869055274437
1105.89,1.513022511757797,4.02309662723171,26.921900647725746
1108.406,1.5095303425509499,4.023680678350461,26.927468189627383
1110.937,1.5076220619683485,4.0236840338484,26.9321125974025
1113.453,1.5123820099418956,4.024061928234988,26.93766274936128
1115.969,1.5137715482944245,4.024233521457926,26.939154250484336
1118.5,1.5124873155315464,4.024322965546836,26.9465814462793
1121.015,1.509109610031893,4.024957495458647,26.949038281659483
1123.547,1.5104575543750973,4.025182523576263,26.948913848674863
1126.062,1.5152075667559777,4.025320450438691,26.95304496637972
1128.594,1.5088083821567084,4.025597207054693,26.95254481324231
1131.109,1.5122303789971507,4.025860624422527,26.958129862701295
1133.672,1.5124532210355786,4.026069698391276,26.963673873908863
1136.187,1.5102042577197001,4.026922282324469,26.97448289789146
1138.703,1.5059231785998854,4.026858770198832,26.97831773798167
1141.234,1.5107231781271353,4.027273827997208,26.979725490638412
1143.75,1.5120673698519584,4.027544457953622,26.982763181840415
1146.281,1.511673077048562,4.027743081558013,26.988635852011278
1148.797,1.5115103294505907,4.027795928603697,26.98884367052575
1151.328,1.510935690821411,4.028092171326077,26.995883435870294
1153.844,1.5122819923701856,4.028797636697547,27.001977585050827
1156.359,1.5092237900482373,4.028975808535317,26.99536693240691
1158.89,1.5103575156252111,4.029062054498898,27.001343097274155
1161.406,1.512197941967296,4.0293208449938955,27.004800466530153
1163.937,1.5103133715814394,4.0296754549532965,27.009253582634212
1166.453,1.5083499355789778,4.030037377551844,27.01429100168333
1168.984,1.5106716243720784,4.030266881043799,27.01653980440264
1171.5,1.5118739069833458,4.030734445748676,27.020498528580227
1174.015,1.5112916256060638,4.030676158536776,27.022665550535493
1176.547,1.5122759711343368,4.0310289716771965,27.02614802297594
1179.062,1.5119697998809711,4.031478567710006,27.03154687821119
1181.594,1.510678902130219,4.031828369710567,27.029842702491344
1184.109,1.5091908655654744,4.031905216826541,27.037168003172184
1186.609,1.5105396360227896,4.0319969616680575,27.04036703860895
1189.109,1.5102899549579245,4.032499453684284,27.050040409836786
1191.578,1.5113493214860507,4.032648776989349,27.049741570879192
1194.078,1.5105249863354016,4.0330779661245835,27.06238944121712
1196.547,1.5104296993275188,4.033674861717855,27.067121639594237
1199.109,1.5110586851671985,4.03385306652628,27.070087842408604
1201.625,1.5103193591337911,4.034056426737439,27.068157403259907
1204.156,1.5088101738670634,4.034289585343348,27.072787420829872
1206.672,1.510066902725341,4.034702189766353,27.083595530109207
1209.203,1.5116662603910775,4.035086161176495,27.07651653142676
1211.719,1.5098711004938434,4.03515253476443,27.084528133324532
1214.25,1.5101525185998383,4.035548589742463,27.086212679504737
1216.765,1.5134173496644985,4.035910538911259,27.08261464108193
1219.297,1.5103527785932502,4.035751421761467,27.085372598266595
1221.812,1.509222198648458,4.036404277042598,27.1039925398277
1224.344,1.5086881547836546,4.036752734165605,27.10816003055134
1226.859,1.5137145945296444,4.036878104044303,27.117046448892165
1229.375,1.5098594739704791,4.037381787757272,27.11421497929537
1231.844,1.511081294918287,4.037596929651677,27.126768569132214
1234.328,1.511820266436744,4.037540704518749,27.122291026276503
1236.797,1.5109381656992955,4.03810347223216,27.123466445436247
1239.265,1.5115570867079193,4.038480705866258,27.123866748543655
1241.75,1.5101006973248414,4.038863880297728,27.129098656063032
1244.265,1.513524321631947,4.038924722416059,27.14233054338669
1246.797,1.506626038107818,4.039328406045575,27.14036108507529
1249.312,1.5127073806548577,4.039790999548434,27.143174490264684
1251.828,1.5113775697830703,4.0400779967294165,27.144613901304922
1254.359,1.5118237160554246,4.040232053071122,27.15123755439134
1256.875,1.5107294618899951,4.040340644242648,27.15886341415572
1259.406,1.5118550558293713,4.040560975689074,27.161530099406477
1261.953,1.5126659493017447,4.041318449173204,27.16417221352362
1264.484,1.5089771597831143,4.041489758926277,27.170596581342497
1267.0,1.509756648736797,4.041984988534419,27.17608841107111
1269.515,1.5102227106344397,4.042146818447902,27.17969677533136
1272.047,1.5126974846545913,4.042189791687518,27.180889423374868
1274.562,1.5108520304465802,4.04251356182133,27.18617730182679
1277.094,1.5098692316026978,4.042896883400006,27.19376615024209
1279.609,1.5160218157438363,4.043331683161019,27.197637691835766
1282.172,1.5124824882910997,4.0435139465170415,27.196552424313474
1284.672,1.511746683579832,4.0438273402336735,27.20254064962555
1287.156,1.5092854528460529,4.043968386758623,27.20861168560058
1289.625,1.510081269210459,4.04414349572986,27.218280562201258
1292.109,1.5109019300150688,4.044353889565031,27.220983673895443
1294.578,1.5110132484242242,4.044814751311204,27.220544830376333
1297.047,1.511218031363575,4.045372833529239,27.22718742894536
1299.531,1.5094263474860108,4.045781643286284,27.229444438433582
1302.047,1.5112811161357733,4.045683630546076,27.235122913910278
1304.578,1.5112842700678017,4.046095407679711,27.231605812110683
1307.094,1.5092121614280256,4.04649461635876,27.238553509873853
1309.609,1.5122737894808571,4.046799963815168,27.24190390951129
1312.14,1.5131111815514138,4.046763888970182,27.246549877388357
1314.656,1.5135747568746816,4.047310955841159,27.251562309627584
1317.187,1.5082559398636468,4.04759660082447,27.25308760636466
1319.734,1.5100790901072785,4.048125351886815,27.262733375659312
1322.265,1.5078047128506227,4.0482432438097025,27.26443069298712
1324.781,1.5087475607640486,4.048308011210156,27.25807109307145
1327.312,1.510200606369202,4.04871981512448,27.275141855037198
1329.828,1.5115836312936815,4.0495431030642415,27.27451178361684
1332.359,1.5111143741528714,4.049512503137048,27.28482010160028
1334.875,1.5114976706772,4.049779011534711,27.28213936743941
1337.39,1.511885376015791,4.050175577448223,27.291876496804935
1339.922,1.510618606601776,4.050633758481632,27.29270139852987
1342.437,1.5109159594069506,4.05063184296664,27.302970797381338
1344.969,1.5103337388118285,4.051211519201128,27.305401749518325
1347.484,1.5103487608597375,4.051607798282319,27.303607906862123
1350.0,1.5137198536134124,4.052094950876621,27.310465635764253
1352.531,1.5136758744268417,4.05208290447236,27.31530281744105
1355.047,1.5106973122059002,4.052252646937993,27.316225344305156
1357.578,1.5103327853871609,4.05279086170542,27.323950757281942
1360.094,1.5111957284234319,4.052893910514317,27.3315152729405
1362.625,1.5108347748223028,4.053196236820298,27.33452815121236
1365.14,1.5110161944345235,4.053892697681035,27.33005321334049
1367.656,1.512125332837989,4.054206668794063,27.34958647274668
1370.156,1.5092832175481103,4.054478016017562,27.349518609195073
1372.719,1.5120170725432303,4.05467079198044,27.35791609559885
1375.265,1.5118418569434515,4.054941949685006,27.354492696341715
1377.781,1.5123338367755932,4.055102379587167,27.36247145912972
1380.312,1.508695658156983,4.055610836186629,27.367342846206853
1382.828,1.5099462677693605,4.055889894282839,27.379826512450155
1385.359,1.511663985739462,4.05634601378502,27.36997754787773
1387.875,1.511285681459042,4.0565134786945505,27.37282524740873
1390.39,1.508872742896392,4.056672289212031,27.374596469447336
1392.922,1.5097034164557124,4.056878801072673,27.37549042856785
1395.437,1.5118269046306634,4.057529721706755,27.38546268220021
1397.969,1.513438518839536,4.057973227643891,27.39704038757309
1400.484,1.5131928201312794,4.058126171322835,27.40089039692087
1403.0,1.5109559422145438,4.0587664500907294,27.39840002688557
1405.531,1.5115180754218231,4.058744281453746,27.4012723452653
1408.0,1.5092940320964852,4.059117856153537,27.409812628082147
1410.469,1.5137388810597978,4.0594840415050495,27.40315339621305
1412.937,1.510567186880143,4.059901926558409,27.41147356491975
1415.422,1.5086259220236509,4.059889701982577,27.415976753228716
1417.89,1.5088999716625346,4.060490341833922,27.423271929634556
1420.406,1.511142678103805,4.060703441916246,27.426167462922894
1422.922,1.5112268249649912,4.06090871218233,27.427189762351944
1425.453,1.5093030499013078,4.061348797989969,27.4211833594852
1427.969,1.508351543168472,4.061768611837272,27.436701616392206
1430.5,1.5081137285463644,4.062145624208246,27.432980948695903
1433.015,1.512397600098361,4.062522702540803,27.441105696547446
1435.531,1.5108285411403128,4.062741648941524,27.442347989368674
1438.062,1.5095800479815684,4.063148756683953,27.44680021616885
1440.578,1.5127879058895477,4.0635045209322005,27.454026652696918
1443.109,1.5129967051098971,4.0637556297733,27.460399011708336
1445.625,1.511341129753165,4.064035215923425,27.46568437701289
1448.156,1.509369446134358,4.0643467641164195,27.471434098731446
1450.672,1.5061086919774755,4.0647663671482865,27.478363546063804
1453.14,1.5114014179893411,4.064976188006177,27.476562025576268
1455.64,1.5095979762394667,4.065241309318101,27.485443688964807
1458.109,1.5090380711891447,4.065697472563421,27.487246336734785
1460.594,1.512143347920057,4.065964507320966,27.493908095526805
1463.047,1.5116793990909774,4.066125394324318,27.493335000739542
1465.515,1.512847092415043,4.06686162994233,27.496173861726398
1468.0,1.5141339869597896,4.0670776134897535,27.504219007041687
1470.515,1.5114654483847991,4.067212258645401,27.50835681359442
1473.047,1.5127934248399737,4.067634396141289,27.518432835150875
1475.562,1.5104266922279739,4.067913216019254,27.52333181318969
1478.094,1.5108835472751687,4.0683969195103815,27.5246091804427
1480.609,1.5080829257796136,4.068576293523833,27.52813456271155
1483.14,1.5108971363273271,4.069065772877329,27.529032226803032
1485.656,1.5107469410825405,4.069255610824508,27.53323078710239
1488.187,1.5118224369954152,4.06993339352759,27.535853373408955
1490.703,1.5131900180364892,4.070017815637589,27.546980182301283
1493.234,1.50911353064491,4.070396026756435,27.550496476330316
1495.75,1.511965478021334,4.070916824202342,27.54947873684347
1498.265,1.5128423391019399,4.071277071911406,27.559819860247604
1500.797,1.5104937229762467,4.071504955496628,27.55864125990601
1503.312,1.512602430986943,4.071908114103909,27.56708086423004
1505.844,1.5106951795335872,4.072117845594446,27.576470842349593
1508.359,1.5104764726888096,4.0724676857817945,27.582219604954872
1510.875,1.512857414535038,4.072933131246992,27.583277145434376
1513.406,1.5111672248698245,4.0732515768023845,27.588212050380914
1515.922,1.5110299697484182,4.0737307789195105,27.5900551611621
1518.453,1.510439114805873,4.073703567407188,27.59904614309924
1520.906,1.510727856945203,4.0741364991870626,27.604502553630404
1523.39,1.5090841276098697,4.074499730271457,27.609208826360234
1525.859,1.5088413578970714,4.074828653427032,27.614931417517226
1528.328,1.5120225292632434,4.0751142131645715,27.619381085884783
1530.922,1.5101409597488968,4.075611758443439,27.622107494294692
1533.437,1.5087328724172269,4.076089301835748,27.624973174131036
1535.969,1.5093871822488012,4.076222662056697,27.627602279965444
1538.484,1.5114613168982247,4.076800145909797,27.62895393304569
1540.953,1.5097910922324638,4.077060491756799,27.641923832785537
1543.437,1.5102370591952068,4.077326370735077,27.640836995429968
1545.906,1.51218119325768,4.0773800668540705,27.643539275404667
1548.375,1.5121658550864288,4.07807650320927,27.650042118874495
1550.859,1.5134797992925417,4.078207781321516,27.655843694953518
1553.375,1.5107808685436948,4.07865702360123,27.654885482627346
1555.906,1.5123886408308944,4.078979614561453,27.664178054705605
1558.422,1.509262539344105,4.0795981162684845,27.666009985950367
1560.953,1.508733207393267,4.079651611442753,27.677929217824115
1563.469,1.5093885975806227,4.080289847278451,27.674514284507794
1566.0,1.5117037533184376,4.080780046775234,27.68231956862508
1568.515,1.508567016319784,4.081194503155155,27.678896720734027
1571.031,1.5118326865842302,4.081370393911563,27.687380035625537
1573.562,1.5105070506522982,4.081476444589541,27.692715394432074
1576.078,1.5094843104723066,4.081835518047692,27.697736406477834
1578.609,1.5121429212452688,4.082247507207271,27.71063606353951
1581.125,1.5087172749393014,4.082616769580334,27.710810241803724
1583.656,1.5145229741749422,4.083054205982591,27.71436864351702
1586.172,1.5110489016912674,4.0833734222208875,27.716795775094255
1588.687,1.5100113093438254,4.083858553033974,27.72704598238134
1591.219,1.512109725013037,4.083963137825665,27.73099679387137
1593.734,1.5115651730574264,4.084401080755089,27.737708472000286
1596.265,1.5100484602930622,4.085127594815826,27.739609814754054
1598.781,1.5118633450044603,4.085284036337438,27.743404926395904
1601.297,1.5094924720628962,4.085527523146648,27.746702353784695
1603.765,1.5108437473370218,4.086015015452932,27.747727231415606
1606.25,1.51259881125235,4.086509124197607,27.7535764846814
1608.719,1.5106650100670838,4.086692412017539,27.755015788670686
1611.25,1.5122065494383892,4.0869209053062825,27.76416311786304
1613.719,1.5097655933947656,4.087358530504749,27.778591532642004
1616.187,1.509298655734843,4.087865960712041,27.78190786071921
1618.656,1.5123476707637589,4.088161036152491,27.778866107892974
1621.125,1.5115745047098743,4.088507330377922,27.781496727167944
1623.656,1.5091110948040594,4.088897798879712,27.79369834654957
1626.172,1.5122789362456663,4.089047176969334,27.79406580293329
1628.703,1.508868358628641,4.089722288910649,27.79832013855814
1631.219,1.5084506997972136,4.090008400788866,27.80847965513008
1633.75,1.5095785920764144,4.090258629979889,27.80618219881314
1636.265,1.5103017083884354,4.090677623654706,27.809478270273726
1638.797,1.5136226802028285,4.091074610038719,27.82743609900811
1641.312,1.5095082196644225,4.091551023233961,27.828161836477317
1643.828,1.511703570441963,4.091922215979762,27.8299276815853
1646.359,1.5081934999114652,4.092314012241835,27.83705014438936
1648.859,1.510979798807279,4.092574013535563,27.842961097381938
1651.344,1.5108646258971663,4.093074134185969,27.84218663755944
1653.812,1.5100787716966138,4.093387699045909,27.845864709402992
1656.297,1.5094260613738872,4.093735774606391,27.84628497207079
1658.765,1.51151360718477,4.094300762139655,27.852006782840043
1661.234,1.5116715350759438,4.0941606864568065,27.863127845403426
1663.719,1.5113071131848645,4.094857659334899,27.857942502556206
1666.234,1.509966275195243,4.095385404555386,27.870583954085316
1668.765,1.5115038146696531,4.095475290198228,27.87007555039704
1671.281,1.5100635494969115,4.095975369816677,27.876750020168753
1673.812,1.510857066302581,4.096043845393353,27.88104403220557
1676.328,1.5084862162444872,4.096574421368482,27.888651048767567
1678.844,1.5125157182016635,4.097179946014925,27.885992663599765
1681.375,1.5113269871016801,4.097343303076441,27.893988734681145
1683.89,1.510221440133982,4.097930735102009,27.90164013627852
1686.422,1.5119315765988752,4.098386140474906,27.90611338578943
1688.937,1.510354769471041,4.098830611577975,27.91145283404675
1691.469,1.511609510010389,4.098969699028454,27.917578642117267
1693.984,1.5123275479056224,4.099272251285864,27.91680441040281
1696.5,1.5098215280094602,4.099532415008172,27.92552006828147
1699.031,1.5121837366863353,4.0999348830264335,27.94421274087179
1701.547,1.50905035892704,4.10058219763477,27.93341095791027
1704.078,1.5091434817113376,4.1009834449808205,27.94472695798239
1706.594,1.511233125312401,4.101334108244562,27.946646008821563
1709.125,1.5109099286188763,4.1017122808783055,27.952483557811338
1711.64,1.5078007919808285,4.102144755369447,27.951908384028044
1714.14,1.5111712101782162,4.102625836948373,27.95879174891883
1716.656,1.513228265214568,4.10300553852707,27.96353790329244
1719.14,1.5118876568032102,4.103343251314053,27.967525056229757
1721.594,1.512072394102457,4.1035752070884435,27.97827482143878
1724.062,1.5102042287666748,4.104113490551515,27.98183964705199
1726.594,1.5135617387305573,4.104173297665942,27.987661481726562
1729.109,1.5108832354399182,4.104883613231486,27.992053850414457
1731.64,1.5118180944514505,4.105145602202612,27.9990300808857
1734.156,1.5091318583114508,4.105679123554742,28.002043385699682
1736.687,1.5127649551626994,4.10607623983606,28.008508496383012
1739.203,1.50972998783894,4.106365538161353,28.011077523143292
1741.734,1.5125099840898002,4.106702965943012,28.020507465661044
1744.25,1.5132950999360704,4.107201674329224,28.026478341324093
1746.781,1.509998011217216,4.107705010237089,28.029233622364128
1749.297,1.5101785241835903,4.108018416064326,28.042107961260037
1751.812,1.5106753644854445,4.108505040451653,28.03816210904024
1754.344,1.5097594305486188,4.108862680306729,28.048500810540848
1756.859,1.5140378485483252,4.10928863974175,28.062624026038872
1759.39,1.511027114761669,4.109619984601644,28.054218368002022
1761.906,1.5089647267104631,4.1100865432573395,28.063103425677717
1764.437,1.5119450309574163,4.110553514217647,28.065234625383535
1766.953,1.5071857598962772,4.1107441450852455,28.067525025228765
1769.469,1.5118687023257424,4.111412159900687,28.068365264607763
1772.0,1.5109238656193056,4.1115074271945025,28.072559092224825
1774.515,1.5111061001327444,4.11190631213912,28.080414354819364
1777.047,1.5099162054867368,4.1123429802796725,28.09089408485412
1779.562,1.5115571988691936,4.112866202275573,28.094921636253915
1782.094,1.5098679834625757,4.113177703033303,28.0981815049623
1784.64,1.5118879744889622,4.113611480306969,28.10664687974581
1787.172,1.510122170066885,4.11417188721867,28.10210442023493
1789.64,1.510712459695025,4.114436728623767,28.1084686050353
1792.109,1.5135200056831146,4.114786977633161,28.118346228256613
1794.594,1.5098720824785419,4.115178407519642,28.12129683394656
1797.109,1.5096466696966215,4.11549856479265,28.129579974303798
1799.64,1.5133108539281097,4.11605071288757,28.140455539768016
1802.156,1.511397958192854,4.116116146131864,28.144967895327458
1804.687,1.5104376785456637,4.116932346234007,28.13760367504663
1807.203,1.5130462206148803,4.117278432022026,28.1401080408544
1809.734,1.5079009110612929,4.1176947964529775,28.156704415269743
1812.25,1.5094653837268963,4.118107745370674,28.148413153165663
1814.765,1.5083321025754521,4.118513800331781,28.162979110000016
1817.297,1.5107605972882125,4.118694906939426,28.16026796502016
1819.812,1.5093604592482663,4.119080835665479,28.162252549707432
1822.344,1.511575234039308,4.119753616802872,28.169474651516982
1824.859,1.5085325432772971,4.120146265577363,28.174963003694213
1827.39,1.510035037054647,4.1206521536264855,28.185371508593686
1829.906,1.5148223857730347,4.120997515104674,28.187668744604846
1832.422,1.516289002275661,4.121084784903924,28.19206585580224
1834.953,1.5109512848268196,4.122154745940048,28.198958715208025
1837.469,1.5110195699359263,4.122124767787042,28.202388921988195
1840.0,1.5083729768914775,4.122170040038731,28.20753931639993
1842.515,1.5103426807501497,4.122957694837004,28.219805604409583
1845.031,1.5066021361709316,4.123131610289026,28.223876761035953
1847.562,1.512751023207083,4.12386263900362,28.23209647900772
1850.031,1.5120827628609637,4.1242237743560075,28.23747956701623
1852.562,1.513622476888534,4.1246225445665,28.238376597599355
1855.031,1.50658661016412,4.124666248607555,28.249327281740552
1857.5,1.5072002950860182,4.125469341966299,28.26007709933579
1859.984,1.510573527878106,4.1252785076258025,28.261227637677315
1862.515,1.510878733241744,4.12594988099426,28.259410356921997
1865.031,1.505597883148848,4.1268455973224745,28.271215603146107
1867.562,1.512982516888761,4.1270559962764475,28.282129850123987
1870.078,1.5067338974508415,4.127514055746385,28.279735357264013
1872.594,1.5130181675399452,4.1278686065775565,28.294406324381505
1875.125,1.5094878735295152,4.128368835341021,28.294939224928214
1877.64,1.5078835128963606,4.128829369944912,28.300240734390886
1880.172,1.509992014063728,4.1290608888540445,28.306337983325704
1882.687,1.5083398821748355,4.129571935715814,28.314286772756223
1885.219,1.5109088377802693,4.129642498976833,28.314537298988828
1887.765,1.5098278785703942,4.130083927624523,28.31885714711383
1890.281,1.5109308145386946,4.130683126416837,28.319752916624967
1892.812,1.5079850052894093,4.130908605729973,28.322247971743653
1895.328,1.512522934953512,4.131593772960463,28.33482328360422
1897.859,1.5121061072986373,4.131717252764452,28.33436331314779
1900.375,1.50936222270546,4.132323728744218,28.34317489504197
1902.89,1.5117910056430064,4.132513900240749,28.3481178838313
1905.422,1.5117614785573366,4.133388894607563,28.352878797067977
1907.937,1.5127308571249014,4.13362637420194,28.356821675213784
1910.469,1.5141935183149926,4.134050852721502,28.364401903721827
1912.984,1.5097687893009897,4.134433477644685,28.361275078376305
1915.5,1.5074740925751897,4.134821184701319,28.371508899877696
1918.031,1.5080326831154884,4.135252630653461,28.377909788354053
1920.515,1.511829582985677,4.135508705320588,28.381892250493888
1923.015,1.5125633294869576,4.136089577807479,28.392947758632104
1925.594,1.51009462340896,4.1364194317911025,28.400188764002806
1928.125,1.5105469850857383,4.136802627053336,28.405897181315307
1930.64,1.5094189810434953,4.1371742824560425,28.419877490592878
1933.172,1.509185148481127,4.137674330367242,28.419154127693417
1935.687,1.5107293897831626,4.138188781325106,28.419348729710936
1938.562,1.5111827548289192,4.1384499054063175,28.42825779587881
1941.187,1.5108097466995476,4.139013114367075,28.437257402278952
1943.781,1.5127035429548772,4.139605848684801,28.445235152909415
1946.344,1.5128984983275977,4.139815839703724,28.44806521606607
1948.906,1.5081061547798547,4.140385099007906,28.45471170342447
1951.469,1.5114910514232491,4.140492017036533,28.45649649486358
1954.031,1.5110664721693152,4.141288196484952,28.45909729444123
1956.594,1.5112717335689612,4.141544660509317,28.46644219507022
1959.156,1.5145897912781525,4.141894411138065,28.47019207142969
1961.719,1.5108247069164524,4.142433069918755,28.473582988614076
1964.281,1.5103807862761185,4.14287548234227,28.48439905740601
1966.844,1.5117716942057713,4.143200176730858,28.486491945973114
1969.406,1.51180356652153,4.143585173312486,28.4978586270521
1971.969,1.5080633178536498,4.143800123386128,28.497358179694096
1974.531,1.5107267262221793,4.144359963316548,28.506159125104105
1977.094,1.5131814998849646,4.144891743905806,28.517522963669546
1979.656,1.5112916388329125,4.145299177436441,28.51865175730862
1982.219,1.5107745461388016,4.145966952047005,28.52841446303886
1984.797,1.508616672662423,4.145957014698372,28.53355430315692
1987.39,1.5131014599693795,4.146769129826266,28.546204641182477
1989.953,1.5141821948251393,4.146813657107321,28.54981354722322
1992.515,1.5116878454439404,4.1473040211282495,28.54459286504501
1995.078,1.5111631978074769,4.14812473520444,28.556044220126758
1997.64,1.5125753782108033,4.148354214650614,28.56642788129945
2000.219,1.5106923340969554,4.1486654194942725,28.56938470747777
2002.781,1.5099376614858204,4.149094177593021,28.56802991527795
2005.344,1.5110948641221391,4.149509093601804,28.576036492271722
2007.906,1.5078733156438395,4.149943444401136,28.584087284892625
2010.469,1.5115800597704785,4.150366927934397,28.599742642510474
2013.031,1.5113224129210694,4.150736353530561,28.597230606211856
2015.594,1.5095616244344707,4.151279505318524,28.601438838961194
2018.156,1.5151076893669597,4.151705748167665,28.614187635885173
2020.719,1.5074208520760466,4.152218543536351,28.6147957293096
2023.281,1.5084310617400027,4.152759212791364,28.637238996561134
2025.859,1.5109196566614749,4.15303990732486,28.630594831187448
2028.422,1.5103386849261908,4.153117038095998,28.637958906130365
2030.984,1.511913838943868,4.153706906572979,28.65113153071615
2033.547,1.5137835172981773,4.154340959697644,28.65794981906241
2036.109,1.5080435906402456,4.154712224802163,28.659475140756964
2038.672,1.5142719328731735,4.155164719134833,28.66133831656556
2041.234,1.5119798112091125,4.155360278620995,28.67198091473393
2043.812,1.5155832170484749,4.1558532310057945,28.67705550482008
2046.375,1.5095279142761877,4.156387747374981,28.686380222908486
2048.937,1.510617861807111,4.1566759959104225,28.693470549663136
2051.531,1.5116274093946616,4.157043169409881,28.709273845838453
2054.172,1.5095820989197417,4.157571842581727,28.707747674004462
2056.812,1.5141429475436632,4.157790358697297,28.71695349220858
2059.406,1.5121766884468444,4.1584238092931844,28.726388157257205
2061.969,1.5103608236915058,4.158793077010921,28.726956028907015
2064.531,1.5105669817357603,4.159285811087544,28.741895320516623
2067.094,1.5119628463271477,4.159832487286634,28.740677361697067
2069.64,1.5095518199611437,4.160353458437863,28.756596285427307
2072.203,1.5081712569371266,4.1604626604972665,28.761368558097775
2074.781,1.507395847577558,4.160996645966395,28.76422333716969
2077.328,1.5131882102764291,4.161452244977794,28.77922132973185
2079.89,1.5111679648538294,4.161635879157756,28.771484467683873
2082.469,1.510667863964703,4.162276218301861,28.78251687560842
2085.109,1.511506355656192,4.16262333710004,28.798267415762954
2087.687,1.5107987304024897,4.163057156611541,28.805539359965497
2090.265,1.5131155921638324,4.1635915300328,28.81418679009474
2092.828,1.5099027754790104,4.164037751851144,28.827555553164256
2095.39,1.507964111153047,4.164272972610637,28.827297013801104
2097.969,1.509319971124698,4.164494834441596,28.83894429468358
2100.515,1.5106580739395101,4.164926978585149,28.843511718851516
2103.078,1.5122624934878175,4.165848189214075,28.86121463728222
2105.64,1.5088757167689688,4.166247927266281,28.863706622386633
2108.203,1.508495881116612,4.16637514384567,28.868509706046403
2110.765,1.5113088894046594,4.167071290305714,28.877155321147384
2113.344,1.5117760329824557,4.167316245559943,28.887217722920568
2115.89,1.5099862052862891,4.167859844624856,28.898164416100688
2118.469,1.5112275741670982,4.168125828166559,28.90644818251363
2121.031,1.513129499373151,4.168446700656861,28.916463928814505
2123.625,1.5115574469038837,4.169082229909747,28.9184889167579
2126.172,1.5107010123754638,4.16921969185703,28.920110348362535
2128.734,1.5113297444107825,4.1697317603506,28.924079896703503
2131.297,1.510056411726535,4.170333316597293,28.932324477442524
2133.859,1.5096050071136726,4.170869023474186,28.947523861948085
2136.422,1.5095815674895419,4.171082140395893,28.949236884456838
2138.984,1.512553568762411,4.171496900833389,28.95398748067915
2141.547,1.5115739150810628,4.171984420757378,28.9646897365233
2144.109,1.5109399859180919,4.172407949131427,28.97701887110138
2146.672,1.5105190359657128,4.1726780729471935,28.976286612618377
2149.265,1.5131096823203007,4.173293652047857,28.985860797901086
2151.89,1.511333011681829,4.1736714349633335,28.996922366923126
2154.453,1.510029346224405,4.174185725879365,29.005604844695704
2157.031,1.5148876461185876,4.17454303505971,29.024083199287066
2159.594,1.5120521895686676,4.175020195838048,29.028766539136267
2162.14,1.5099200223434812,4.175275833448204,29.03897572947293
2164.719,1.5118447023291373,4.1758008946759935,29.041170915885697
2167.281,1.5103239856615716,4.176180731698642,29.043782735670344
2169.844,1.5118003433739204,4.176741495192816,29.064669178527943
2172.406,1.5114615346927598,4.1770010038814185,29.07007663212408
2174.969,1.51074339081869,4.177778877864573,29.082639671795047
2177.531,1.5118855924943744,4.177956443878497,29.081495983355733
2180.094,1.510463476295093,4.178271281734406,29.09291808272081
2182.656,1.5091926129229292,4.178755006276287,29.10395110752515
2185.219,1.5063886136771556,4.179077984090002,29.111137669793763
2187.781,1.5111909055313637,4.179837521204983,29.120212106104407
2190.344,1.5086909901193373,4.179990061202777,29.128347903920197
2192.906,1.5102796990670808,4.180753941384913,29.13605010757996
2195.484,1.508956771246117,4.180962211429404,29.139998905338782
2198.047,1.51081863334123,4.181106373608935,29.150710573263254
2200.609,1.5079459349365536,4.181846455127904,29.15403268709027
2203.172,1.5086966172099232,4.182396166851576,29.162084406581496
2205.734,1.5103608452799118,4.182678761235328,29.17282639851188
2208.297,1.512335278002268,4.183065498399196,29.174743170466122
2210.859,1.5148469621931258,4.18389373395065,29.18814726801426
2213.422,1.5095673014668851,4.184184098301095,29.19765118112651
2215.984,1.5141658020470148,4.1844354692511265,29.20566251286509
2218.562,1.511248437459361,4.185089067393198,29.21415581138369
2221.14,1.5092645079931126,4.185332787001979,29.235227796132264
2223.703,1.5062698081403434,4.185803198870964,29.23775617454245
2226.265,1.5099514036755555,4.186011151696617,29.252122792551067
2228.828,1.5118432774170818,4.186650640904297,29.254345100644343
2231.39,1.506802485851939,4.187154899686408,29.26950649013267
2233.953,1.509213909939484,4.187728713354829,29.279675656571126
2236.515,1.5146398624605557,4.188035566787754,29.27812674984487
2239.078,1.5111381574289156,4.1882166297674885,29.288820160040807
2241.64,1.5122114992556024,4.188647177645951,29.29510633878331
2244.203,1.5143564082942045,4.189230575243094,29.31148824650015
2246.781,1.5132948590045947,4.190041904111486,29.323644940644197
2249.375,1.5084994591021137,4.190206104472149,29.33692495933707
2251.922,1.5094171807781849,4.190395359413045,29.343278390417545
2254.5,1.5079183427530447,4.190856962051388,29.355551180827746
2257.062,1.5112474191562633,4.1916502023606,29.362048484523317
2259.625,1.510533572098443,4.1919345076079155,29.362030431061676
2262.187,1.5118094289078159,4.192474579782752,29.376258702582284
2264.75,1.5126908712174616,4.192625369213018,29.385636317194983
2267.312,1.5115699097641593,4.193359129106566,29.392511217921577
2269.89,1.5120640946249697,4.19386310388547,29.40311247229398
2272.453,1.5106336594747682,4.194074039430173,29.411826743284795
2275.047,1.5098767128715023,4.194600625241703,29.42556912536543
2277.625,1.5074603563774704,4.194840521699588,29.432413073761772
2280.234,1.5122788817295194,4.195343221583947,29.44416725621738
2282.797,1.5108979426691045,4.195989310879499,29.4538054222583
2285.359,1.5086509743224328,4.196378756325086,29.466085106746345
2287.922,1.5083627066097662,4.196676709762037,29.475963733736467
2290.484,1.5116760605548818,4.197059787436221,29.487767003784615
2293.047,1.5108091262686216,4.197330373992574,29.488414192858745
2295.609,1.5103943956126793,4.1981245870231545,29.49666316257957
2298.172,1.5096064242960094,4.198461865710105,29.507728045072458
2300.734,1.5102129064056342,4.199063348966683,29.51504073428137
2303.297,1.5098878103312081,4.199487150160472,29.531610195475047
2305.859,1.510646651211086,4.199864949493366,29.54531736798439
2308.422,1.5124044183223209,4.2000202730112015,29.545554708022227
2311.359,1.5114633408856766,4.20098955534336,29.559448352009387
2314.078,1.510385775675665,4.200993553568875,29.568172009914147
2316.812,1.5112552655419398,4.201690667122872,29.577955905135624
2319.531,1.5113424552840622,4.20223305104638,29.588907745745434
2322.203,1.5112456400481653,4.202516601254726,29.601063312660184
2324.937,1.5131411223512872,4.202917246849855,29.620101341478648
2327.609,1.5125208886521733,4.2035476904476585,29.615003345843416
2330.328,1.5084214095928332,4.203986516030664,29.634171953890416
2333.0,1.5120165185639651,4.204356290543808,29.63801215708776
2335.765,1.5104475021438952,4.205009599617403,29.64630709173625
2338.437,1.5102711979730035,4.205235922138699,29.658590069915995
2341.156,1.5069466863182872,4.205738204006502,29.67497054353484
2343.906,1.4980897627300043,4.205278470791525,29.69342908803159
2346.64,1.4970950799932312,4.205687042563306,29.697801513627617
2349.312,1.4968067766879112,4.206186098888784,29.70200534678867
2352.031,1.4958593183060491,4.206398539964484,29.708622313959467
2354.703,1.4962054798756612,4.2068172629939715,29.714294422056017
2357.406,1.4855564108589436,4.206534539170096,29.731744631659527
2360.172,1.474903772668188,4.205813580361214,29.746715530535838
2362.859,1.4622395801065375,4.205390874306321,29.757679074008447
2365.594,1.4634662003590817,4.205266273783521,29.772113887249375
2368.265,1.4655452598585932,4.205821068009208,29.78097836350666
2371.015,1.454443535317261,4.205289024737364,29.785476701685457
2373.687,1.452615276511588,4.20534647680387,29.794474878604028
2376.422,1.453863716941984,4.205910344595232,29.805745961788276
2379.125,1.4435395342660589,4.20523870405854,29.80482818365081
2381.859,1.44222869361771,4.205546455097189,29.82458705668009
2384.515,1.442509140968089,4.205861503209737,29.82691440911514
2387.25,1.4453126332018025,4.206383314622789,29.84150856524437
2389.922,1.4402684711598164,4.206232374459083,29.84692979395621
2392.656,1.4384027118470264,4.206572665016985,29.862769805206902
2395.344,1.4299262641069481,4.206290654168442,29.875237958403126
2398.109,1.4166570130317464,4.205415350585877,29.877880944566403
2400.781,1.419620064167746,4.205985765900675,29.889999841195454
2403.5,1.4230495048037877,4.206340774219055,29.89625008790282
2406.172,1.4184582532382852,4.206333640573161,29.908340258393867
2408.906,1.4190395341727715,4.2063640320203906,29.910601096939256
2411.578,1.4144219801050004,4.206529767103351,29.917142895774845
2414.312,1.4178600351402977,4.207169416788208,29.925917434435444
2417.0,1.4065168267621957,4.2066301619812485,29.929913428468176
2419.765,1.3975701769838558,4.206150240080135,29.93905238658374
2422.437,1.397479526729967,4.206317315379732,29.94087560866319
2425.172,1.3946011477746676,4.206646890134298,29.945319988988796
2427.922,1.3874929439624486,4.2057786788299065,29.953857360869492
2430.672,1.3755875492021419,4.2053883176751174,29.959385731017587
2433.422,1.3742783880347094,4.205735618280076,29.963028486210746
2436.125,1.3736258653820412,4.2060017008964525,29.970931629870236
2438.859,1.3736533079682207,4.206128857074941,29.98500314519594
2441.531,1.3720760976924093,4.206331219721461,29.98651383321558
2444.265,1.3712760650928968,4.206654416631676,29.99462496593361
2446.953,1.3624935704992782,4.205968117986667,30.00097519159272
2449.687,1.3618466975352805,4.206230195089739,30.005200503606762
2452.359,1.3649490814235747,4.206160725630965,30.010919477252873
2455.094,1.362342390011773,4.206307713833129,30.01501851057354
2457.765,1.3656269345359375,4.206894475695257,30.024923425841646
2460.515,1.354630038666167,4.206556712134271,30.02538555259828
2463.203,1.3392293125622128,4.205768136178967,30.038945419237884
2465.922,1.338194304539072,4.206055740660845,30.046603197612477
2468.594,1.3393592214463967,4.206032042134746,30.045190200731778
2471.328,1.336739885853277,4.206142965456405,30.048174243651086
2474.0,1.3400903074979997,4.206521099766748,30.05873195562889
2476.734,1.3382208995660667,4.2070105082510665,30.06803869276845
2479.422,1.328963250636917,4.206530038503562,30.068818873790043
2482.187,1.3177675430284723,4.206110424292605,30.06933722293605
2484.859,1.3214262935478036,4.2061744687208105,30.07391268426285
2487.594,1.3193519544265688,4.206152806804847,30.07729255447851
2490.265,1.3129643343001507,4.206595855637473,30.08240115104971
2493.015,1.3086978890134946,4.205728785802156,30.082278745419057
2495.687,1.3090590646148788,4.2063867376013455,30.082516685167434
2498.422,1.3108764706214326,4.206364415063662,30.09343126412546
2501.094,1.3041989905109892,4.206894684713658,30.098805208602645
2503.844,1.2960002445617471,4.206174655693634,30.103592086050003
2506.515,1.2944709254450304,4.206249232221047,30.10945615977438
2509.265,1.295698967356207,4.206467622943993,30.11324594047047
2512.0,1.2945914895099875,4.206986045319582,30.115975430895922
2514.765,1.2835878749901979,4.206355682031761,30.115861741037968
2517.437,1.2807508837889117,4.206436367368563,30.121781039342373
2520.156,1.2848439395799696,4.206688708186469,30.12022484110459
2522.859,1.2742103384917165,4.206399798370873,30.123687028584634
2525.594,1.2732753485559305,4.206354311983424,30.12397636482
2528.265,1.2708515122266175,4.206650371750971,30.122853984273487
2531.015,1.2642004025076543,4.206244275997694,30.126206223625744
2533.687,1.2593949325875342,4.2065410138905595,30.14080895909913
2536.406,1.2603129598657734,4.206531319986642,30.137040803577253
2539.078,1.2612781981094998,4.206822835285414,30.143681586391452
2541.844,1.2520175399737352,4.20627951400048,30.14600179922255
2544.515,1.251514076360551,4.206706924585808,30.1424474514565
2547.234,1.2503029594691364,4.20710102321509,30.14999274215142
2549.906,1.2503057933487876,4.2068630690675795,30.144630660934446
2552.64,1.249208704777788,4.207226086088725,30.14706471653965
2555.312,1.2478475645039162,4.207706754385657,30.15423400723604
2558.078,1.2382989705203182,4.206949107312598,30.15537435473396
2560.765,1.2277730883535998,4.206462974866335,30.14657025319784
2563.5,1.229990689965416,4.206635609540906,30.152762579393983
2566.187,1.2154154969329078,4.206078482762556,30.15496982926154
2568.922,1.2183711730843512,4.206273346196144,30.149847221733996
2571.594,1.2148047585596846,4.206354994942554,30.153706443362687
2574.328,1.2166900728168073,4.206765482643112,30.159651359558897
2577.015,1.2074996505324478,4.206173508721794,30.14975126578278
2579.75,1.2041642591906518,4.206214352955216,30.156151199026322
2582.422,1.2050155873955701,4.206754299255579,30.157371451759733
2585.172,1.1961721204582287,4.2060203217360135,30.15829274667522
2587.844,1.1938800357436448,4.206198074822029,30.1583739558604
2590.578,1.1935452701802434,4.206524929212288,30.159283181697205
2593.25,1.1943604411268998,4.206631663715785,30.156460166811726
2595.969,1.1964154106892648,4.207057387201427,30.157937935558977
2598.687,1.194037684539801,4.207307436249222,30.15709830931798
2601.406,1.190069484037255,4.207623434577975,30.15264837009831
2604.109,1.1811904190005742,4.207027120608437,30.15333734405457
2606.875,1.171497652941357,4.206350775056303,30.15487959717723
2609.531,1.1733498214555127,4.206820592842937,30.1439596498029
2612.625,1.1689903168753273,4.206985568069756,30.15275467492503
2615.453,1.1680601597456737,4.207152833779797,30.15190417234747
2618.281,1.1689360038854686,4.207495065244719,30.150464322828483
2621.14,1.1723806094186364,4.207775670179199,30.143593826051443
2624.0,1.1597983461218702,4.207179793504473,30.14622868342329
2626.875,1.144868535751502,4.206645495147842,30.14618491105503
2629.719,1.149021597886233,4.206821520785528,30.141656502852513
2632.578,1.148903077782722,4.207055556992565,30.14480015307905
2635.422,1.147555998835792,4.20713050912591,30.141530206320613
2638.265,1.1463118990632515,4.207487551121138,30.14284259384562
2641.109,1.144675405408955,4.207802241673041,30.135238133255537
2643.984,1.1365163438421806,4.207224170927653,30.128311985128207
2646.844,1.1337252946529168,4.207209649528525,30.132936334296314
2649.687,1.1341015059350277,4.207762972986353,30.128859163987403
2652.562,1.128186665467529,4.2072225983498,30.12876076109213
2655.406,1.1217907343020002,4.207556499390046,30.12190841695569
2658.265,1.115099894099084,4.206810129077806,30.11751001750756
2661.203,1.1135643665202246,4.206891695843268,30.111088584630366
2664.031,1.1157010387496755,4.207290308519978,30.107933994329247
2666.859,1.1172447760897546,4.207376623457994,30.108154662855956
2669.703,1.111349650909031,4.207803754066303,30.103443598036645
2672.562,1.101879052944267,4.207263426922422,30.09311209418097
2675.437,1.093205285670105,4.206700492553495,30.08931828174874
2678.265,1.0910205225597163,4.206756009700508,30.092242359265693
2681.109,1.0875041276554303,4.207137510121079,30.083511693610035
2683.953,1.0935087310698144,4.2070768104749385,30.07543959023873
2686.781,1.0913246767447655,4.207162783356256,30.070836196747592
2689.625,1.0931105815894901,4.207735706762246,30.067045969741162
2692.5,1.0843893009877297,4.2066357225223,30.0699125772236
2695.328,1.0782838028119412,4.207201240568871,30.064352308980684
2698.172,1.0796949455242288,4.207699082952754,30.06110006150534
2701.047,1.0693805969127976,4.206970478419541,30.056229502319734
2703.859,1.072420909511028,4.207503761507877,30.047388865670463
2706.687,1.0696438707821845,4.207400264502494,30.05112430779545
2709.531,1.0725800601014943,4.207782013533192,30.04537508032767
2712.39,1.0609303895259319,4.207241534738328,30.03743495518561
2715.234,1.057778707143364,4.207348460725547,30.030889833943647
2718.078,1.056481966301968,4.207773578471641,30.025703531783325
2720.969,1.0496521114378983,4.207049958575168,30.014234156982354
2723.797,1.047449368761453,4.207154259113909,30.014709013250705
2726.625,1.0488926063036055,4.20748134555224,30.006508939029512
2729.484,1.0496364373545581,4.207690680606358,29.99828804124884
2732.344,1.0379593574122679,4.2070233505682575,29.99421324127117
2735.203,1.0362352291675136,4.207349809819685,29.99026701623626
2738.047,1.037803345336686,4.2074597309385275,29.992970660065915
2740.906,1.0345162797496863,4.207516524929743,29.981591912755306
2743.75,1.0381430023193858,4.207797063920745,29.978529231261778
2746.625,1.0227576896950301,4.207310530189802,29.973820787379946
2749.469,1.0229012141440212,4.20770541340042,29.971504092835666
2752.312,1.0265615602266922,4.207581474758545,29.965396285907854
2755.156,1.0244420667067462,4.207734692985244,29.95023757280523
2757.984,1.0273209640458227,4.208116456589268,29.947626087010892
2760.828,1.0231998217887754,4.208389758376189,29.951796461754974
2763.672,1.0253934376930154,4.208673104150238,29.934530714887675
2766.562,1.0126621995533873,4.2079546755164365,29.9368185719771
2769.453,1.0038664964699258,4.207399735212805,29.92800457635421
2772.281,1.0007984010285773,4.207445691571978,29.92822972383775
2775.156,1.0004224659613477,4.207841501778519,29.913899458640735
2778.031,1.0027253714960376,4.2079686793531215,29.910216172833426
2780.89,1.0032022621035996,4.208286806680355,29.89850045282187
2783.781,1.0011303066031976,4.208455700386063,29.886234712237783
2786.594,1.000127406890442,4.208513581110699,29.877188423200195
2789.406,0.9984913842322333,4.2085523616979,29.879386675393672
2792.281,0.9901675186057068,4.208176015265232,29.873443415249497
2795.187,0.9767664164083542,4.20742318041125,29.862994690247504
2798.062,0.9767405896814466,4.207663524215492,29.85859195917095
2800.984,0.9692051695482025,4.207141106019349,29.84710350730944
2803.859,0.9696420611119906,4.2071053117103725,29.846049312362045
2806.734,0.9711255168046613,4.20757568591185,29.83488851054137
2809.625,0.9675605736777378,4.20756450428905,29.828242973532333
2812.5,0.9676921575553088,4.207807835445343,29.81712714467786
2815.375,0.9655423746664112,4.2079286926230415,29.806611031276002
2818.25,0.9674191090920411,4.208127990941734,29.804391167600198
2821.062,0.9674658507782117,4.208317837502646,29.79475125561611
2823.875,0.9687158097081044,4.208468154520833,29.787627812179228
2826.734,0.9659561802860771,4.208572828363101,29.77879976701863
2829.625,0.9540186244979587,4.208076436013937,29.77471146359472
2832.547,0.9453327212706479,4.2076518722487215,29.766754089263888
2835.406,0.944017294081423,4.2074566512585685,29.748088266710454
2838.297,0.9453675152550683,4.207684659376428,29.743361058845256
2841.109,0.9467478431015119,4.207876205499252,29.73446487890018
2843.922,0.9424055519861216,4.207987151150264,29.726318038972884
2846.765,0.9439560328174557,4.208125064048934,29.72595189861533
2849.64,0.9432111093928819,4.2084609605175265,29.71538712532006
2852.531,0.9456767632455484,4.208692112972299,29.70405175155478
2855.437,0.9324355660804678,4.208060378811148,29.69337893416125
2858.359,0.9247321100003878,4.207226465620061,29.685195202003094
2861.219,0.9211991959719705,4.207272138220365,29.685934957927845
2864.109,0.9226756523306104,4.2079065605685715,29.665848354796974
2866.922,0.9227097756841519,4.207929597628846,29.669573186763117
2869.734,0.9223596557196609,4.207932195088782,29.656197020200256
2872.656,0.922536655981832,4.2080266628331495,29.643049454413294
2875.547,0.9211688094431368,4.208234757609605,29.637588947336074
2878.359,0.9232058363244532,4.208403249434609,29.626733194851816
2881.172,0.9203931009214795,4.208734048999737,29.616756737272667
2884.062,0.9120733502310182,4.208094501297899,29.608250498759016
2886.922,0.9090086840741285,4.208102063239184,29.60257554061785
2889.812,0.910063637317604,4.20841992005593,29.599553934509608
2892.687,0.9084194455968805,4.20859386995334,29.585798060181734
2895.609,0.9017557172071959,4.207615604648334,29.581922228763347
2898.484,0.9014403937682636,4.207837307851662,29.576707341738942
2901.359,0.8995893806227225,4.208477107824665,29.55983048513005
2904.25,0.8966540135929402,4.208240159655582,29.55402478123359
2907.125,0.9002859482468089,4.208451923375334,29.544160758070475
2910.015,0.8963866573167478,4.208553504147772,29.54394394349988
2912.922,0.8896223815448381,4.208088442534783,29.531377637637465
2915.797,0.8891582273323801,4.207980018924393,29.530476346000942
2918.672,0.8887986291098193,4.208359656845881,29.522129152023805
2921.547,0.8868431114214459,4.2085362354932405,29.5116873980116
2924.359,0.8897520466245756,4.208506497716232,29.50237362674133
2927.172,0.8879917978313047,4.208761557663885,29.490855491973274
2930.047,0.87831554951719,4.208585192954395,29.479811443283918
2932.969,0.8681195597712674,4.207608517574815,29.482056392226458
2935.844,0.8671475141329162,4.207578432811407,29.470422638696917
2938.719,0.867034613722432,4.207606379469684,29.45732801756642
2941.609,0.8681680301104637,4.207970230911915,29.453438287725852
2944.469,0.8661345278174879,4.207996469856177,29.445493937528415
2947.359,0.8652761560739871,4.208129413847272,29.43924899631933
2950.172,0.8665547184333973,4.208148133720803,29.437104216221588
2952.984,0.8676707867181748,4.208249171141128,29.424022490517103
2955.844,0.8636582360209506,4.208535589240105,29.4166638192032
2958.703,0.8652757834225574,4.208761194469841,29.40135571096355
2961.625,0.8543764893151358,4.208222988654252,29.390043422803046
2964.5,0.8555141798557337,4.208154566051482,29.39290514526789
2967.719,0.8552970348801704,4.208425840748575,29.37831209563763
2970.703,0.8543994052867542,4.2085679746634215,29.358213450330982
2973.687,0.8457142829459107,4.20809355949808,29.36137203712314
2976.609,0.84518359611233,4.207944085608931,29.346703157134563
2979.515,0.8423816900458158,4.2081723237637245,29.34391696477162
2982.422,0.8430401111261793,4.208249470886148,29.328051973788337
2985.344,0.8435697976977405,4.208303617260451,29.315911041602313
2988.25,0.8428832859573221,4.208517307263388,29.305412005234714
2991.172,0.843088329753374,4.208874914689389,29.30603570507388
2994.109,0.8340615299970363,4.208232111142324,29.2924261754359
2997.031,0.8295805649944035,4.20816443377584,29.285359104517582
2999.969,0.8301065400784803,4.2083546090751,29.276581521778233
3002.906,0.8308675100478917,4.208213011116677,29.26582906173723
3005.89,0.8306018611048515,4.208332709620348,29.2596045968943
3008.844,0.8313815548903515,4.208814084471523,29.25485729294836
3011.781,0.8254411521875955,4.208226393292196,29.23694263265978
3014.719,0.8201852814056722,4.208446994422627,29.226957727015712
3017.687,0.8206861120675507,4.208538690666129,29.226253696225147
3020.609,0.8227825751212738,4.208621720967189,29.218549305443265
3023.547,0.8093865162090366,4.2078114550410515,29.203952054686404
3026.453,0.8107236757033341,4.208015937774583,29.195720015710794
3029.375,0.809237504368426,4.2081965374471695,29.18182097904949
3032.297,0.8114886047883128,4.207790505543482,29.179197578371998
3035.203,0.8142034492538849,4.208364871424612,29.170384203241255
3038.125,0.8085910254447437,4.208393911998156,29.164250899525754
3041.047,0.8089718475663624,4.20856752915774,29.15460787659321
3044.0,0.7976746666066699,4.207942753227759,29.144663160255643
3046.937,0.7916823194046798,4.207279969085997,29.131386518346396
3049.859,0.7878171939005261,4.207205339424607,29.12384307759958
3052.765,0.7885365785866961,4.207186482208326,29.117384319931627
3055.687,0.7866474671630947,4.207408758934683,29.116570081360415
3058.64,0.7774135871215958,4.206646291242281,29.09819534839381
3061.562,0.783207555234128,4.206624151585231,29.094611021918222
3064.469,0.7760879276073338,4.206877222018407,29.09635968635935
3067.39,0.7771950527566028,4.206536302290024,29.07665711400445
3070.312,0.7767458653162005,4.207164813408391,29.064670967095683
3073.219,0.7791753179247156,4.207106499602567,29.060897962672083
3076.14,0.7800343164002631,4.207393282396174,29.052287540720585
3079.047,0.77905015403247,4.20745284546644,29.047215036858702
3081.969,0.7762996890986709,4.207591039418825,29.03278026767313
3084.875,0.7757035268170549,4.207895900860637,29.031142079916453
3087.828,0.7693180100649671,4.206915125086761,29.026237387968926
3090.781,0.7680672474806381,4.206672067581389,29.01086022615835
3093.75,0.7659439220457712,4.207113826792052,29.003966440599076
3096.687,0.7676809598229366,4.20724951997321,28.992621246425973
3099.594,0.7660876169455586,4.207661541764351,28.988571022338007
3102.515,0.7656537217431726,4.2075632591908425,28.977240285612048
3105.422,0.7661337581315654,4.207744975584496,28.966223771547725
3108.328,0.7631246249492122,4.207783328889135,28.950766411971
3111.25,0.7638850031063704,4.207774525768188,28.949792290655445
3114.156,0.7671320849466827,4.208328091904899,28.93803734666332
3117.078,0.7659724746572774,4.208234685148331,28.929398719276584
3119.984,0.7608905944333619,4.208144463480634,28.911659211367763
3122.906,0.7651740010603972,4.20861207667109,28.91333388071956
3125.844,0.7561858318242105,4.207933497278779,28.903679853797716
3128.812,0.7468599532244576,4.2070895635930405,28.899269974715573
3131.75,0.7442221712076917,4.207164219256866,28.892362349526234
3134.781,0.7437324258290184,4.207584798523313,28.883703919751703
3137.734,0.7340036827630613,4.2064844729237345,28.867262299503675
3140.656,0.7342445710260973,4.206378723083956,28.863430536302623
3143.562,0.7337088154524762,4.206712276224762,28.858571998547855
3146.484,0.7350584831104042,4.206779111818765,28.84719592378721
3149.422,0.7274027094970255,4.206366418075137,28.833263029565504
3152.359,0.7226441618206225,4.206267392417543,28.83417442216254
3155.344,0.7221320891331582,4.206276777811784,28.824841605339426
3158.25,0.7265074042200204,4.206261647824371,28.81823952233061
3161.187,0.72616033654281,4.206362622941378,28.806655575655654
3164.125,0.7223994819683148,4.20663753086492,28.8014998995573
3167.125,0.7231478410047943,4.206839689659115,28.78880237889616
3170.062,0.7228635456105824,4.206530100540165,28.77571171676181
3173.0,0.7255647123394129,4.207017601521937,28.770304527314206
3175.937,0.7144976032041945,4.206375119631925,28.765071516158066
3178.859,0.7112054752589487,4.206216462858937,28.754007041240513
3181.828,0.7147338517795777,4.206513121332239,28.752343578761923
3184.75,0.7105644098353044,4.206581966090245,28.745746315021027
3187.672,0.7139521568658106,4.206414148240094,28.735687752225704
3190.609,0.7123652722923041,4.206594873098411,28.731171238687963
3193.594,0.6998673671451534,4.20584001566978,28.7176488141027
3196.578,0.6902084743337769,4.204902884141116,28.71200507712285
3199.562,0.6809937415205833,4.2044157077109165,28.703734020891364
3202.484,0.682879010120488,4.204294028971317,28.690350177666573
3205.39,0.6832558895941568,4.204468976815585,28.68734635038235
3208.312,0.6866581348674907,4.204599124184604,28.680835652429725
3211.219,0.683002992602052,4.2046571828212,28.67549519437534
3214.125,0.6811662929591825,4.204409948386715,28.66963781062083
3217.047,0.6824747955659364,4.204708596880813,28.664528365885097
3219.953,0.682790996671662,4.204652149630798,28.652535397784046
3222.859,0.6866240840556157,4.205095994870212,28.6366667775574
3225.765,0.6776436261539305,4.2048142489637925,28.630942722664194
3228.687,0.6784243264402359,4.205280028462118,28.61656785968732
3231.625,0.6811903180952317,4.205368060576067,28.610128687118074
3234.531,0.6808354811805726,4.2053936853525045,28.60066856477689
3237.453,0.6819914213766056,4.205586597562529,28.589100163772958
3240.359,0.6795226088818935,4.205609509917183,28.585306173313036
3243.281,0.6795900631251436,4.2055883988492795,28.57515606698231
3246.187,0.6798269188844596,4.2059311689439784,28.56370972623923
3249.14,0.676817002270772,4.205627836868312,28.563753213292653
3252.078,0.6686565412567368,4.205018656246286,28.54508432983073
3255.0,0.6581115806206551,4.204449006771265,28.54495718545609
3257.922,0.6624719973516794,4.2043350431740745,28.54058980946598
3260.844,0.6599591881265314,4.20438799288262,28.531136408547084
3263.75,0.6605931245319389,4.2046643998033515,28.523105245396064
3266.687,0.6506127446981799,4.203889262302196,28.513014362660154
3269.734,0.6386836744236256,4.203038138865477,28.499050877392698
3272.781,0.6525419092583737,4.203887561208926,28.505814070068915
3275.828,0.638875950348053,4.203231451604422,28.49397064808139
3278.812,0.6528216617320418,4.203908105025575,28.49026961000386
3281.75,0.6599419566212449,4.204809122352467,28.47868408447219
3284.719,0.6488099859430401,4.204145589393265,28.46873610565732
3287.734,0.6564612190290136,4.205100909544528,28.455660767317376
3290.719,0.6480025963725573,4.2043495698162925,28.442423718549616
3293.656,0.6600319273065691,4.205575721145147,28.43776960899107
3296.64,0.6469105974220294,4.204899684944406,28.439777058899796
3299.625,0.6464994861063132,4.204731301396028,28.428099240739076
3302.609,0.646774753558096,4.205002639021474,28.419425381541306
3305.64,0.6497942282024641,4.204830712917401,28.415921089581754
3308.64,0.6382674439626265,4.204235477027903,28.403338710277534
3311.625,0.636387512288145,4.204410340597702,28.398718748183317
3314.562,0.6399234476039535,4.204119814240584,28.388756553219405
3317.484,0.6350085100852825,4.204363752103597,28.37841914445382
3320.406,0.6384109788384076,4.20448414214686,28.36831660139828
3323.312,0.63810368899412,4.204643725403754,28.35889107541761
3326.219,0.6360776131453614,4.204734057256275,28.351429752472338
3329.125,0.6356091234846339,4.204952486605007,28.344523563740253
3332.047,0.6394774422224517,4.204897563392379,28.33823466620313
3334.969,0.6404880171529037,4.20509517096213,28.326966821592993
3337.875,0.6386924529573594,4.205067428733994,28.320084927307928
3340.844,0.6282982944304913,4.204460660535848,28.315279238385834
3343.781,0.6358854541344395,4.205258196022868,28.310690126705882
3346.687,0.6371280531415645,4.20537062969244,28.30546874885547
3349.609,0.6359489111150114,4.2058566159971065,28.28891015793723
3352.515,0.6359371021145687,4.205846302436702,28.281666566855513
3355.453,0.6266960250710237,4.205165575410123,28.28401896396182
3358.422,0.6241721598579031,4.205233754416643,28.272692558082102
3361.39,0.6228512445374998,4.205078635939899,28.26121214753786
3364.344,0.626849652601339,4.205116640705126,28.25942080771195
3367.359,0.6249173665308887,4.205382003624654,28.251108804964836
3370.375,0.6135748889831057,4.204713799593803,28.241434411427075
3373.328,0.6054923191946308,4.2040352059146855,28.234177084305752
3376.25,0.5991600168997481,4.20394505821454,28.22710430292494
3379.297,0.6034494058990512,4.203943250041774,28.223812743574097
3382.265,0.6034437490724569,4.204447981002963,28.211367428078166
3385.25,0.6016527729738457,4.203862924721428,28.206153001179054
3388.203,0.6081924714790152,4.204223639712012,28.198549929286976
3391.219,0.6000427195324133,4.204242797651556,28.19057676894837
3394.156,0.603681792248806,4.204408757053554,28.186575315253453
3397.203,0.6021713184544034,4.204219412609406,28.177901549331082
3400.203,0.5953878864634057,4.204679574258988,28.165075765145772
3403.203,0.6065392346488627,4.204743015207926,28.15345892945952
3406.234,0.5920204858032233,4.20380886792011,28.145289244204186
3409.25,0.5852063552276809,4.202998265141225,28.14735109613609
3412.234,0.5818192104182592,4.2030923530134885,28.13739379040456
3415.172,0.5841238028814714,4.2031044485973315,28.132312386895325
3418.094,0.5820730160075145,4.203261261659698,28.127029584414593
3421.0,0.5829248407107934,4.203217821683613,28.119651451741902
3423.922,0.5828215710418135,4.203297290883229,28.113744740367757
3426.828,0.5820311243889555,4.203209961134031,28.10977671661316
3429.734,0.5821185358787395,4.203382838328659,28.09123043048325
3432.656,0.5815387307617157,4.203370051921701,28.090519652538397
3435.562,0.584656481222259,4.203718643255346,28.087465157930897
3438.469,0.5827195840330233,4.203622276227824,28.0814046348316
3441.406,0.5860091265980263,4.2035480292138185,28.07298946425885
3444.312,0.5813303763972417,4.203855412633001,28.062923900374145
3447.234,0.5800683993828997,4.203909382715153,28.059323631599508
3450.14,0.5813736119524334,4.20403366756845,28.048430758224118
3453.047,0.5805995664276732,4.203974163579025,28.038878796485182
3455.969,0.582764402121135,4.204375639843819,28.03160847501561
3458.875,0.5817983785934908,4.20415076762656,28.01900114323057
3461.797,0.5786107151180467,4.204254008209507,28.013190353060253
3464.719,0.5820836757697562,4.2043670412454315,28.00412870778498
3467.672,0.581147188666838,4.204547872062086,27.999068231406785
3470.656,0.581158673691989,4.204575782756607,27.990568051072962
3473.609,0.5701151734448007,4.2040828735801705,27.978247189916022
3476.515,0.5709731076697395,4.2039951940339435,27.983853708619463
3479.437,0.5720262766239291,4.204050907630276,27.977644095235284
3482.344,0.5714441498684175,4.204274995471158,27.974274731309073
3485.25,0.5697369202225703,4.2043101473286475,27.96475053789047
3488.156,0.568527282826133,4.20421863946295,27.95763591665086
3491.109,0.5694757217930331,4.204503660072514,27.949722950819876
3494.125,0.568912318473354,4.204462846605957,27.94117552586036
3497.109,0.5668690065566909,4.20467502332811,27.945309696423806
3500.078,0.5567136346389233,4.2042640782518825,27.92942991401925
3503.0,0.5596413326433739,4.203992882740387,27.92630656171883
3505.906,0.5591395345309506,4.2039776447415536,27.91403547010745
3508.828,0.5594255171662913,4.204092342632921,27.9052099036474
3511.734,0.5598663763670475,4.204314996953736,27.901565870477086
3514.656,0.5589882298859298,4.204206994015605,27.899659210468577
3517.578,0.5578579558193117,4.2043484526566495,27.886446812547277
3520.484,0.5568901580017296,4.204497367051013,27.889334607303265
3523.406,0.558487498649459,4.204709436773497,27.87540849393198
3526.344,0.5471493258557603,4.203742814681903,27.87162316257136
3529.25,0.5492111997442418,4.203981705212867,27.86525504886382
3532.265,0.5589184618258309,4.204703895231617,27.862928343665388
3535.203,0.5498742805753769,4.204180590463865,27.85030884410299
3538.172,0.561247237339095,4.204645141029406,27.842167580070303
3541.125,0.5442801598866718,4.204327576255072,27.845884218366297
3544.109,0.5572693921753712,4.205064034493789,27.834889929697887
3547.078,0.5451824384072982,4.204869861548407,27.827330729357136
3550.109,0.5472977090570069,4.204494764220978,27.811903768639937
3553.125,0.5575737206373195,4.205433320475462,27.80696467693307
3556.109,0.5458584344517943,4.20488904178244,27.801444048124104
3559.109,0.5430236278903454,4.204479310787763,27.798363268111682
3562.062,0.5484578762912651,4.205264888687713,27.79121154296011
3565.047,0.535298080062404,4.203979230567036,27.787675555698023
3567.953,0.5361150900781365,4.204216894197395,27.781329675176444
3570.89,0.5354674747017256,4.203982031555523,27.770360449901876
3573.797,0.5388893968002615,4.20421661394609,27.77015405456749
3576.719,0.5434553259261333,4.204447460694754,27.7659572297609
3579.625,0.5348130814902412,4.2044219646056735,27.759018650022014
3582.531,0.5365561156405387,4.204511697596935,27.754731762466832
3585.437,0.5371073272321376,4.204939515841548,27.74837509737401
3588.375,0.5250104215299553,4.203505586575486,27.742164026115834
3591.297,0.5267611602268832,4.203943763181383,27.736066935957034
3594.203,0.5271023204614463,4.203932638119331,27.734951856263677
3597.109,0.5213172534109864,4.204098375927418,27.720312160146058
3600.031,0.5222073246689758,4.204441480727582,27.723536406145094
3602.953,0.5236237224867035,4.2042866478500684,27.708450780269878
3605.859,0.5256442474992628,4.204704021671557,27.704751723374645
3608.812,0.5154457964473778,4.203768150219881,27.697511293353692
3611.719,0.51350703525329,4.20348726617574,27.687804182342372
3614.625,0.5141142653791716,4.203542004936058,27.67956827039718
3617.547,0.5120872820410446,4.203615900499693,27.67328999157614
3620.453,0.5153974560949266,4.203799890080663,27.664363299293147
3623.359,0.5145732552693961,4.203642674034636,27.661852299005975
3626.265,0.5151730670689175,4.203977934805319,27.65697786204226
3629.187,0.5143355623476755,4.204057706934327,27.652934118908398
3632.109,0.5139468353100703,4.203993188603736,27.647027714574627
3635.015,0.5149181907592867,4.204069972803527,27.640312451080195
3637.937,0.5148062974876261,4.204292130813595,27.632081924387574
3640.875,0.514372228067488,4.204257134494757,27.62760297041854
3643.781,0.516433462514977,4.204132585629481,27.610836584701588
3646.703,0.5151991290956794,4.204292460719007,27.61112855583423
3649.609,0.5125400459413467,4.204535444022305,27.609904826890038
3652.515,0.5119764749724486,4.204680335506683,27.603369266729885
3655.422,0.51346046605459,4.20452869016145,27.592689451937375
3658.328,0.5134681078267569,4.204556271614802,27.585891791079625
3661.25,0.5140962654624207,4.204893960564647,27.583923593860803
3664.156,0.5135122830371633,4.204945773197063,27.577789528388024
3667.062,0.5101837837772389,4.2048891737558,27.5733004051144
3669.969,0.5091742889499307,4.205183838537076,27.57173081779905
3672.89,0.511632339409288,4.205193647690998,27.566804286098023
3675.797,0.5102266391663925,4.205427076821061,27.55380779800045
3678.719,0.5106730766696436,4.2054236694006715,27.54388733429332
3681.625,0.5136024864339089,4.205347925410474,27.545055179523892
3684.547,0.5108856539580579,4.205623198709474,27.542735941864713
3687.484,0.5024050652824882,4.205059057293942,27.534132977944502
3690.422,0.4894581270692321,4.204224693032158,27.524858073087834
3693.328,0.4908116590382006,4.204469755015135,27.52101109048328
3696.25,0.48867426704796724,4.204189849757649,27.524128774815335
3699.156,0.48816420391360904,4.204194349403308,27.52133064731396
3702.078,0.49278404298888234,4.20405977074346,27.51556656059155
3704.984,0.4889625319621215,4.204247647248178,27.508731093620057
3707.906,0.4909456682215036,4.2043859853605525,27.50268342972832
3710.812,0.49108377965958105,4.204483992582586,27.489122350405378
3713.719,0.4940015021145872,4.204558401631895,27.487144382835606
3716.64,0.48804370257603624,4.204645435542478,27.4849321162273
3719.547,0.48791752708833275,4.204692951866129,27.4752803460282
3722.484,0.4880831256117501,4.204497614420067,27.467395623657218
3725.406,0.48695561725980857,4.204634194852803,27.465957988313406
3728.312,0.48995647442330476,4.204680275274317,27.46265970693712
3731.219,0.4890977308205304,4.204882012241263,27.453481600306258
3734.125,0.48873332639451683,4.205049117276948,27.451625450719384
3737.047,0.4882286399083661,4.205132615941508,27.439509613465745
3739.953,0.4895737624713789,4.205252617668823,27.435057369260573
3742.859,0.4943417939432478,4.205296419210644,27.433708334634815
3745.781,0.48644601353090144,4.205391466006833,27.43084358587807
3748.719,0.4891890932331204,4.2055220596288265,27.423716547284407
3751.625,0.48757591741515244,4.205534610912531,27.419136609211602
3754.547,0.4878893473783665,4.2055832491033085,27.408012007475133
3757.5,0.47718272012035823,4.205148577799073,27.402090095288706
3760.437,0.4685948798380886,4.204137318368106,27.401770947019514
3763.344,0.46936911065522946,4.204410732480618,27.390555698946724
3766.25,0.469991336253515,4.2041427825944435,27.385214490113835
3769.172,0.4679404988679406,4.204180668554465,27.380915270856832
3772.078,0.46629637757059944,4.204094674878634,27.37921651523387
3774.984,0.46968998930679345,4.204367373291392,27.37321827085408
3777.906,0.46943109099423996,4.204385876695426,27.36696363687728
3780.828,0.4645114290365738,4.204625454247888,27.360102305308885
3783.765,0.45826133688267273,4.2037469906362315,27.35246955795877
3786.75,0.45950201101994287,4.203806268929837,27.353394268173425
3789.781,0.4574167098199154,4.203854601753631,27.352211313096376
3792.719,0.45861980133660796,4.203798246942171,27.353120311355756
3795.64,0.4565351512972043,4.2040032943420975,27.338663429955375
3798.562,0.4610449605225175,4.203989679874091,27.324916206529704
3801.484,0.46057989775090313,4.203928614134829,27.32340905194868
3804.39,0.4566104033120385,4.20427036634819,27.320939255526465
3807.297,0.4571847143869612,4.204014419697917,27.322179754763138
3810.219,0.4576229371056365,4.204306904553345,27.303165606451536
3813.14,0.45855547674485186,4.20426921876394,27.29630284874847
3816.047,0.4571665819940256,4.2043273562894505,27.296600336266366
3818.969,0.4571739815664249,4.204422833147164,27.28850886361448
3821.875,0.4565688302760461,4.2044757359758265,27.287282703330494
3824.797,0.45595327797350543,4.204414046593649,27.279739051212967
3827.719,0.4559611343068523,4.204497162358297,27.269606227508305
3830.64,0.457806833107812,4.204629616303453,27.27302499402233
3833.547,0.4570140703973331,4.2046390905362525,27.273334305371222
3836.469,0.4568737491394756,4.204805332352801,27.261004197364365
3839.375,0.45590016577959414,4.204897639946276,27.251383965197103
3842.281,0.4583180299494818,4.204735599816846,27.245144575552224
3845.187,0.45521125741199514,4.205099681107732,27.24443903839483
3848.109,0.45578546391105684,4.204867799709376,27.226837418679512
3851.015,0.4577454058150546,4.205219694446493,27.220355659647996
3853.922,0.4554948767137776,4.205175727038906,27.217743744636685
3856.844,0.4573183917367843,4.205367197362052,27.214061817771444
3859.765,0.45216717778362164,4.205276925881827,27.214370598687157
3862.672,0.45554051631952824,4.205582550381914,27.20664624198434
3865.625,0.44487350218965444,4.204599786287768,27.20366551297689
3868.562,0.4358478052943484,4.2038676210421615,27.198719545713033
3871.469,0.4344723836808772,4.203997333971972,27.188609794703186
3874.39,0.43431828875194234,4.2041453306650025,27.186116751993044
3877.297,0.43459333956463847,4.204073917295164,27.180716837763793
3880.203,0.43337670959016483,4.204021656205143,27.179959507172004
3883.125,0.4357920633659274,4.204210651629941,27.17515477162406
3886.031,0.4351598873031706,4.204204224509087,27.17256298672902
3888.937,0.4324451389099923,4.2043675578263535,27.163051614805624
3891.844,0.4346623720223306,4.204154073824934,27.157563057950945
3894.75,0.4330495419197864,4.204425613574509,27.145682002205938
3897.672,0.4325011344995617,4.204343773219574,27.144685315819864
3900.609,0.43396459233399404,4.204676155514808,27.1496437816684
3903.531,0.4320812123077712,4.204542452732408,27.135149106463384
3906.437,0.43393085501597595,4.204240852303265,27.1327757144403
3909.359,0.43340803479932394,4.2046662311586624,27.125723938597837
3912.265,0.4333104182282383,4.204823566630464,27.122745143916045
3915.187,0.4297016483069998,4.204934085727505,27.118767707449827
3918.109,0.43412050179312506,4.204714009782645,27.122235132957627
3921.015,0.434199638858018,4.204844125567571,27.113312676081332
3923.922,0.435293914053617,4.2051227721073365,27.108078018079603
3926.844,0.43419909310777,4.205154650456744,27.106337512958746
3929.75,0.4313252631147573,4.205098004916381,27.096740688616133
3932.656,0.43520935764366653,4.205192503844934,27.088380195113363
3935.578,0.43421698298152556,4.20510620520575,27.084657921429777
3938.5,0.4315446248132538,4.205296673372565,27.07846106365466
3941.406,0.43483325362768493,4.205500496939879,27.076635958015167
3944.328,0.4317776481795723,4.20565012082391,27.07566718171505
3947.25,0.4220709037445932,4.204714613991148,27.069107704389932
3950.203,0.41322248035559866,4.204132365285757,27.05691069344361
3953.109,0.41405295937948255,4.203839228318435,27.05530516753477
3956.015,0.41296757439648485,4.204062650065586,27.057292583073192
3958.922,0.4136631709324199,4.203855632763319,27.045725300915937
3961.844,0.4148961737339843,4.2040271425279885,27.04497177099501
3964.75,0.4142750795077637,4.204132553575131,27.038288244426163
3967.656,0.4148479683731335,4.204185971463468,27.0380253989532
3970.578,0.4122108384780794,4.204079233464163,27.026601555251517
3973.484,0.4092726741909779,4.204076306347385,27.027304523187365
3976.39,0.4113448915472471,4.2044598252885,27.027382646377045
3979.297,0.4116990159659447,4.2043882564142505,27.016625934848907
3982.234,0.41127115637728656,4.204353024610777,27.00931895431494
3985.14,0.41225365664585045,4.204394902332064,27.002360920019964
3988.047,0.41313268197626585,4.204705875424642,27.002098839879476
3990.969,0.413690500704021,4.204499880742374,26.9992710510553
3993.875,0.41040560352667743,4.204559110060512,26.997596417171003
3996.781,0.4101916960906322,4.204874802992127,26.992082174400487
3999.703,0.41391826493214273,4.204919556055187,26.980056678436735
4002.609,0.412393549109175,4.204758456877151,26.98521765321532
4005.531,0.4101697221227333,4.2048094320655585,26.98681663478293
4008.437,0.4099579803319878,4.205095970690174,26.97666965365055
4011.344,0.408721382237728,4.204998293500615,26.97568858283954
4014.265,0.41293366503043644,4.205119538128533,26.96858992467226
4017.187,0.40979985218204296,4.205310572523591,26.954623227209176
4020.094,0.41117981540654913,4.20549423398421,26.954050716428878
4023.0,0.4111902478498708,4.205226277282322,26.94804875959689
4025.922,0.4089888360134534,4.205374468527765,26.948420870152667
4028.828,0.4090838991703945,4.205579795343866,26.948740741688262
4031.765,0.40187999986959766,4.204719248953564,26.935956775096965
4034.672,0.39971122699111694,4.204769898168072,26.927715077657577
4037.594,0.3982782621182137,4.204847167840778,26.916157010441097
4040.515,0.39906297467805524,4.204911108158261,26.927380755330727
4043.422,0.396660984393876,4.204768584891279,26.915896500489477
4046.328,0.40085892609256774,4.2047987221519145,26.91629786464055
4049.25,0.4000063285748369,4.204856353385458,26.91154232419491
4052.172,0.40008967417691244,4.2050056847380715,26.907908094101785
4055.078,0.39999066841743824,4.204896156665548,26.89646313936132
4057.984,0.39986452372466946,4.205046833001174,26.89264616293965
4060.969,0.39549759821829833,4.205233837149799,26.89241823067677
4063.937,0.39565347393456035,4.2054001504895595,26.88719246139932
4066.875,0.3990311440625046,4.205297592994315,26.88179282824389
4069.797,0.39633128883514834,4.20548093305385,26.88030810878284
4072.719,0.3974600052902884,4.2055166245598885,26.87767168936496
4075.625,0.39687772103567825,4.2058204477937675,26.86144351531797
4078.562,0.3861718694587531,4.204857833860227,26.865784962920237
4081.484,0.3908823913804663,4.204792186738842,26.856056056285052
4084.39,0.388788664295484,4.2046606630331,26.857042691604278
4087.312,0.3877932698505845,4.204884057862415,26.85455699608312
4090.219,0.3888128729362153,4.205181197669919,26.85109570545522
4093.14,0.38805579110341787,4.2049347182317485,26.83964907109555
4096.047,0.39050352179832937,4.2049174459855765,26.854079200258983
4098.969,0.38817365300506035,4.204912835289178,26.846870043894217
4101.875,0.38683225678907,4.204878974369708,26.82938515585897
4104.797,0.38787477936175496,4.204880459336599,26.83474368111455
4107.719,0.3862814073358446,4.205154104870268,26.831337162449437
4110.656,0.38550327005632423,4.205276355774775,26.819682633129858
4113.562,0.38594846664764093,4.205182651300221,26.82049937678944
4116.484,0.3857786248394564,4.205582193340247,26.810833034618845
4119.422,0.3771482318129764,4.204720366646924,26.805580314076906
4122.344,0.37402421604138153,4.204988992427032,26.803080208506092
4125.25,0.3736988788063322,4.204819998870626,26.800638367165355
4128.156,0.3792482968918031,4.204648409774152,26.78666063644959
4131.078,0.3740716763146796,4.205037240636265,26.78926865563471
4133.984,0.37598941948712566,4.204654247597201,26.791985012795084
4136.906,0.3768519039630704,4.2048022805823075,26.782065337264655
4139.812,0.3763126488341305,4.20488325868529,26.779665076863076
4142.734,0.37851931105271286,4.204999271046888,26.76977000205651
4145.64,0.37763860268169874,4.2053514054192815,26.76481644943651
4148.562,0.3764108137437433,4.20516983330607,26.76582055157289
4151.5,0.37619154311290126,4.205047361330439,26.75611957703779
4154.422,0.37547791700615496,4.205272319239402,26.75085456107038
4157.328,0.37409098871386204,4.205353840681954,26.75196333444542
4160.234,0.37820347279618066,4.20532054421942,26.7486382788145
4163.156,0.37063596962072365,4.20554980351328,26.738700820324894
4166.062,0.37605323707370714,4.205572749821377,26.73689114180172
4169.015,0.36765036872227047,4.204768669199998,26.725306472364245
4171.922,0.3682692770123158,4.2043595250810055,26.718114338816175
4174.844,0.36586615459922645,4.204825882529932,26.715406524285626
4177.75,0.3660715479724536,4.20492849194258,26.71629792495192
4180.672,0.3634868871853617,4.204798031068296,26.7089647085122
4183.578,0.364911150859301,4.205027830950358,26.710091078200072
4186.484,0.363392877125932,4.20486892063929,26.70134496602362
4189.406,0.36366556346139156,4.205076084521298,26.704250922667477
4192.328,0.366520492517008,4.205144938261127,26.69458393483516
4195.234,0.36500863384655086,4.204975862025455,26.694039118655194
4198.156,0.36544061623122526,4.205303350166847,26.6822549216566
4201.094,0.366876204804613,4.204929473481414,26.680812456253612
4204.0,0.3641968377753369,4.204962435614494,26.679457429098182
4206.922,0.3629212525504632,4.2053414702320095,26.679603404595703
4209.828,0.36390869476682924,4.205509307774782,26.681656592936175
4212.75,0.3681366651491514,4.205459791518602,26.67030344807001
4215.656,0.3634398086634985,4.2055511010460185,26.66880536732774
4218.594,0.3550683076981353,4.2048214500505185,26.661589638189003
4221.515,0.35671523781922193,4.204786526898273,26.664282200431693
4224.422,0.3539267939451792,4.204725526071834,26.656935004692272
4227.344,0.35272334064891514,4.204660285338279,26.65237967676377
4230.25,0.35442716068309404,4.2049153138745625,26.65305079300557
4233.172,0.3524201904020417,4.204781948454838,26.64510494422637
4236.078,0.35293864087081483,4.204861548097294,26.634712752264786
4239.0,0.35485759738941136,4.204969555803775,26.640600414812845
4241.906,0.35072997213923407,4.205007728804779,26.63026617114048
4244.828,0.35525947125003865,4.205096936756489,26.63289935906028
4247.734,0.3546565626750648,4.2050405486664815,26.6203047829135
4250.687,0.35475076321499427,4.2052302579192915,26.62821109792908
4253.594,0.35597090472030957,4.205121586599898,26.62858836225344
4256.515,0.35523999608757456,4.205128579278501,26.614762647340385
4259.422,0.3533404623902568,4.20520982860015,26.620273675408583
4262.344,0.35352255903272584,4.2052651699970705,26.613427715490968
4265.25,0.3550111492547145,4.205427947438524,26.60543177594984
4268.172,0.3509155218790328,4.205308345713172,26.610226011193863
4271.078,0.35176364367219826,4.205590747998043,26.60395763294452
4274.015,0.3423239897946698,4.204857421401588,26.598706771565528
4276.922,0.3463433906656241,4.2048807310822784,26.58469248262659
4279.844,0.34167554506284814,4.205013650652504,26.59281084401185
4282.75,0.34230035687743776,4.204583681376238,26.58630312560713
4285.672,0.3433175968447009,4.204848333976299,26.58164256059882
4288.578,0.3418146081138593,4.204910745435149,26.584887837970566
4291.484,0.34098551602949556,4.205019991189844,26.573544204889018
4294.406,0.34824151415934435,4.204852605228989,26.574612626942923
4297.312,0.3387710988567645,4.205112807920189,26.571677097370376
4300.234,0.3433066812146487,4.205203546400167,26.566742773368613
4303.14,0.34597007044790345,4.2049547044745506,26.561252498626683
4306.078,0.34352987073791436,4.205143555514128,26.55257905028737
4309.0,0.33997027617297293,4.205324477708092,26.54930711112082
4311.906,0.3434993593457597,4.205278714306797,26.552046334871097
4314.828,0.3423995937241909,4.205308599280501,26.546018568689217
4317.734,0.3442100742748607,4.205258042246323,26.534889597990787
4320.64,0.3418090841562817,4.205640538893988,26.530377369561283
4323.578,0.3323863820728882,4.204697349374569,26.53648820916144
4326.5,0.33506490393563565,4.204549733913481,26.523483557372202
4329.406,0.3318622058831125,4.204800486564708,26.530719904888414
4332.328,0.33283080907903934,4.204761692496734,26.522119784699072
4335.234,0.32981525481827384,4.20502156896154,26.503786381243593
4338.156,0.3314444561042611,4.2048519658097545,26.509846402674764
4341.062,0.32981582938176923,4.2048492047112225,26.50659693868366
4343.969,0.33004624149641076,4.204905375584441,26.50226337309312
4346.89,0.3311243531310061,4.205065039037881,26.49952328098015
4349.797,0.3327977220747357,4.205172902185981,26.49905998888391
4352.719,0.3304713307129857,4.205296055378923,26.498358097670543
4355.656,0.3335375878239372,4.205131361886453,26.491955464813817
4358.578,0.3311601897956507,4.205236408704405,26.481777344869567
4361.484,0.3303154548318196,4.2052254402590785,26.48466322680607
4364.406,0.32945362286567026,4.205436468921298,26.47972212782068
4367.312,0.32993049612157643,4.205124181067961,26.473216850952646
4370.219,0.3319766894553614,4.205393021917033,26.47565766280257
4373.125,0.3307063524844151,4.205389541218678,26.473988011155786
4376.047,0.3312256683549765,4.205341201290771,26.469747342669454
4378.953,0.3314080122960173,4.205556741772558,26.464439488697106
4381.89,0.3205314243856189,4.204705511913512,26.457767161493233
4384.812,0.3220679804141342,4.204519990318288,26.454571522084777
4387.719,0.3232809342149657,4.204734612258713,26.448840175773235
4390.625,0.3244027025647605,4.204686248531795,26.450662819935
4393.531,0.31853865219821936,4.204450664681053,26.447599620486216
4396.437,0.31950212132657796,4.204873001923427,26.44392459105447
4399.344,0.3194328288382505,4.2049206609128875,26.439659491193595
4402.25,0.32104982839279206,4.204980028215974,26.439236004825823
4405.172,0.32236875750690924,4.2048716801314505,26.432575216134744
4408.078,0.3211129869188327,4.205163286312106,26.43018162479749
4410.984,0.31922463013588426,4.204882727183206,26.429796095373348
4413.922,0.32078313714620976,4.205266385911708,26.42542819590591
4416.828,0.32072706099625276,4.204999109030074,26.415635803877553
4419.734,0.3204610681730902,4.205317541275524,26.40578533602962
4422.64,0.3201510059383684,4.205320964125939,26.4045646236934
4425.562,0.3188592204118456,4.205445138488218,26.401311187829148
4428.469,0.3252659743980532,4.205329414369807,26.40037568790117
4431.375,0.31943035824192306,4.205301224600005,26.396129892975317
4434.281,0.3217429296061856,4.205262517917082,26.39011706739449
4437.187,0.32103441019565215,4.205404550112961,26.38936666842816
4440.094,0.31949865118152837,4.205630686577214,26.378931048764077
4443.031,0.3102857276368274,4.2045302635046635,26.38297534370911
4445.937,0.3081273421714885,4.204740571188355,26.373399199545492
4448.844,0.3092359774687353,4.204857133921289,26.372663359934254
4451.75,0.3065822167482491,4.204743625537099,26.37187520103116
4454.672,0.30870247704776976,4.204786908853724,26.36939678316258
4457.578,0.30997465389414697,4.204755789924412,26.367120852129222
4460.5,0.3099949827035342,4.2049574674045775,26.364367457677865
4463.406,0.30766355553020003,4.204986212337919,26.362437011245717
4466.312,0.3084010524133888,4.204715693884225,26.35155748556547
4469.219,0.3089836448726683,4.204950086441949,26.350767622768476
4472.14,0.30388100043805083,4.205075180695934,26.35092016980995
4475.078,0.30857667288478513,4.205134892098058,26.347233196298447
4477.984,0.30917998537328095,4.2051865544299325,26.34228210328097
4480.89,0.3083310103985503,4.205062628752472,26.34545562193638
4483.797,0.30947510262003536,4.205069678710483,26.34019352376903
4486.719,0.3106454845926578,4.20531849745087,26.34326499901863
4489.625,0.3073330880341939,4.205295064358215,26.337461392317625
4492.531,0.3090206956804396,4.205319052006106,26.332010561294975
4495.453,0.3058660125916738,4.205278226818483,26.328962979345434
4498.359,0.3063307397867882,4.205519413666121,26.33408479208795
4501.265,0.30967336885061375,4.205212425966278,26.323298030566313
4504.219,0.3089363118277479,4.20558682603043,26.320696145435196
4507.187,0.2976496982109758,4.204780122992746,26.322621506208343
4510.109,0.3000405217571078,4.20499800798465,26.312699065883436
4513.015,0.2959344270418768,4.204729676702923,26.314255657359553
4515.937,0.2961009920044973,4.204737319092761,26.306234962362172
4518.844,0.30059217198930593,4.204893023925838,26.30445982365412
4521.75,0.29678948347338097,4.205095676433637,26.306549035693703
4524.656,0.29637244073669106,4.204779246418956,26.29800763814942
4527.562,0.29723900879711157,4.205065567820024,26.29808766566724
4530.469,0.29722388855987486,4.204793448006445,26.29422805044434
4533.375,0.298229581983687,4.20482798758583,26.28782577025682
4536.281,0.29710865892645216,4.205104366070983,26.284010015491017
4539.219,0.2962752094787759,4.204966018559773,26.27724041314013
4542.125,0.2976237130755811,4.205108285665682,26.2807098574802
4545.047,0.2981418791032388,4.204999658128758,26.277033423726138
4547.953,0.29299744566086366,4.205150071327956,26.27242059386818
4550.859,0.29729921428105976,4.20519701364844,26.264109696703947
4553.781,0.29758316246950983,4.205351744112933,26.26211578089832
4556.687,0.29664291773408313,4.205182600322674,26.252476995549966
4559.594,0.29659590490664783,4.205394824714289,26.25923005545442
4562.531,0.2959315807302898,4.205500292573918,26.259741966188454
4565.547,0.29566885409474464,4.205273371173755,26.243791298040957
4568.484,0.29496708848787817,4.20537687226808,26.251098516580697
4571.406,0.29668743315618545,4.205290575683454,26.250360681439748
4574.312,0.2959634899285024,4.205579758583447,26.243870179193195
4577.25,0.2865006570437115,4.204761196288055,26.238723949797297
4580.156,0.2844414740886423,4.20496735392442,26.238884785159087
4583.062,0.2872097270944401,4.204842291065205,26.232637278386512
4585.984,0.28521527993950896,4.204839722624224,26.235822225246302
4588.89,0.28520508978057346,4.205054806211625,26.23021147445574
4591.797,0.2864684716295949,4.205000813047961,26.22670148605892
4594.703,0.2847007941519778,4.204813615877996,26.221009756846733
4597.609,0.28657824765672874,4.204891249639485,26.22016350160707
4600.515,0.28524388729180383,4.204994605343657,26.215959414161798
4603.437,0.28823364518256345,4.2047937504915955,26.22061357862287
4606.344,0.28577674613412846,4.204990777292657,26.208159344010934
4609.281,0.28423318112075674,4.205136437494315,26.214106805699796
4612.187,0.2855527980144113,4.205184063619417,26.21194321438132
4615.094,0.2860221369933718,4.205089951390341,26.2065681605703
4618.0,0.2852926837095636,4.20511466478802,26.205665176355737
4620.922,0.2861623550697452,4.2052082899491285,26.192346151592012
4623.828,0.2824773192867704,4.205323656290886,26.18918351286278
4626.734,0.2869987565215675,4.205223322029295,26.193374829568928
4629.64,0.28693693126709385,4.205396810613692,26.18041315528145
4632.562,0.2847123731300403,4.205088868241146,26.184561119914
4635.469,0.2849725252277385,4.205523337362617,26.181074961823157
4638.375,0.2855997379231648,4.205363220966108,26.184797755314435
4641.281,0.28691706813697593,4.205805974771086,26.18614758707945
4644.203,0.28690676817761085,4.2053553068692775,26.17172776346578
4647.109,0.28375836741563537,4.205500747437321,26.171221064848673
4650.015,0.2829197789050634,4.205394602795823,26.165798942729456
4652.922,0.28392069942979975,4.205618435579194,26.158334769234276
4655.828,0.2882685511702415,4.205694195891305,26.154821092715725
4658.734,0.28541967045657834,4.2061053233823165,26.148642652298502
4661.656,0.2869556704789868,4.205929906602248,26.149327299285265
4664.562,0.2837924367999792,4.206057116484027,26.1392917960633
4667.469,0.28340957431730096,4.206108336370665,26.13876749099314
4670.375,0.28182572779487375,4.206140554901046,26.14681142114028
4673.281,0.2840501510235717,4.205886826524129,26.13283198231208
4676.203,0.286194428766177,4.205949190170847,26.13285827222123
4679.109,0.2812048055765889,4.2064053127274885,26.134962929863445
4682.015,0.28382957839025413,4.206096073084054,26.130898804815583
4684.922,0.2851281625966838,4.206009447334781,26.122901353300737
4687.828,0.2816192134648529,4.206314679492524,26.121468650722836
4690.734,0.283536698014327,4.206407172172268,26.120005162938572
4693.656,0.28387991791535094,4.206403900953152,26.115271255003968
4696.562,0.2811483710677876,4.206814925909937,26.103292659143456
4699.5,0.26889512892026673,4.20613722942256,26.112644083349632
4702.437,0.2637626063955314,4.204800165316413,26.107881482330455
4705.344,0.26546852859394565,4.205034054071054,26.09971010687713
4708.265,0.2603585296120866,4.204898072969992,26.107766389463617
4711.172,0.2630574139973975,4.204818439033398,26.10466177961942
4714.078,0.26786182869847663,4.204809950621531,26.09924173517956
4716.984,0.2660264176895506,4.2048932700760115,26.09660329902266
4719.89,0.2638885249950104,4.204991603950423,26.094830143291112
4722.797,0.26082344683054204,4.204835219597238,26.093593285794167
4725.719,0.2653712454301503,4.204863969659961,26.08862165300677
4728.625,0.2639762496951751,4.204981317967733,26.075094684158138
4731.547,0.2621648490386096,4.204926383664157,26.07515641107569
4734.469,0.2679436135063301,4.205000547040063,26.079776246034523
4737.39,0.2653725000153923,4.205029899047741,26.065387530153075
4740.297,0.26309586771533683,4.204863705629687,26.06096371977137
4743.203,0.2649461476701464,4.205124851654861,26.06404440444598
4746.109,0.2631316850131896,4.205241862749009,26.06119899496346
4749.015,0.2646035848638706,4.205090026672555,26.05553180927726
4751.922,0.26578335249330043,4.205116859572756,26.056028754535916
4754.844,0.262337468048018,4.20516722362578,26.054058900680765
4757.75,0.259995652899172,4.2053654351200525,26.045337847403214
4760.656,0.26169769362270273,4.20512169513612,26.042853038515293
4763.562,0.26233396693632555,4.20524279934475,26.047074475003374
4766.484,0.26785781452745394,4.205236703956859,26.03730146395084
4769.39,0.2649118094899645,4.205441824318553,26.037888731627227
4772.297,0.26092943542708386,4.205621455461747,26.0439264495868
4775.203,0.26147212241906564,4.205412139993046,26.040165059779778
4778.109,0.2613145028554223,4.205684771905833,26.038869589442022
4781.015,0.2606853933204386,4.2055064205564365,26.030464356693276
4783.922,0.26090127384649864,4.205663619599396,26.033067298316897
4786.844,0.2608741951486028,4.205372508809278,26.025418387013445
4789.75,0.26349947285979486,4.2057553898508715,26.022939856491575
4792.656,0.26288525744328356,4.205689379192252,26.02341495282317
4795.562,0.2625340750768451,4.205696735559874,26.019255289698805
4798.469,0.26348209316314564,4.2060565193875705,26.013053442503065
4801.39,0.2613066184179247,4.206150351776624,26.01599534368939
4804.297,0.26236938264773324,4.20570497322235,26.01673435630056
4807.203,0.261931796731629,4.20593903209623,26.00510572194372
4810.109,0.25934724243239654,4.2059896969735195,26.001190984491863
4813.031,0.2632851459943846,4.205822293629256,26.010907240380863
4815.937,0.26196857730944795,4.206082317128091,26.006983122617385
4818.844,0.2632800396002228,4.206049267638163,25.989406155720197
4821.75,0.2608907753205492,4.206102860474909,25.99829341187015
4824.656,0.2605242245269992,4.20622140470393,25.997428608979998
4827.562,0.2600620070672072,4.20635970395156,25.988806963676907
4830.469,0.2630811755977785,4.2064276044286295,25.987101542893996
4833.39,0.2623243792646749,4.206344260590737,25.987706832308845
4836.297,0.25901627039555636,4.206443704999171,25.98263995223332
4839.203,0.2606689033448946,4.206605818182362,25.983682616452242
4842.14,0.25435334310858215,4.205701709177542,25.980286793673173
4845.078,0.2427854280186334,4.204875701166868,25.97984585219104
4847.984,0.24275020806195347,4.204721565501494,25.963227733412264
4850.89,0.24017935577232677,4.204667221615301,25.97120390310787
4853.797,0.2413967665840419,4.204897591597807,25.977133680054813
4856.719,0.24407625872497363,4.204505139262075,25.96781880648
4859.625,0.24297385543405683,4.204753493839262,25.965085994135098
4862.531,0.24072608630453993,4.204598696495699,25.966466462602153
4865.437,0.2432609358753323,4.2044174413175295,25.9615355589763
4868.359,0.23932758211260946,4.204690325924073,25.9571642936714
4871.265,0.24059730984046435,4.204829296403064,25.949221404577706
4874.172,0.2404658707644723,4.204823319785119,25.943637619737373
4877.109,0.24144764165723273,4.20467781606853,25.943046141768484
4880.031,0.24239197928120668,4.204905884415186,25.93559365644297
4882.937,0.2401970702702143,4.204728965053059,25.931336355560177
4885.844,0.24139594717422472,4.204643428995165,25.93637587175175
4888.75,0.24221279112620667,4.205141731660655,25.926706150317077
4891.672,0.24215233413569143,4.204912586323071,25.931203214960917
4894.578,0.24062542660373268,4.205037279979791,25.925839084307857
4897.484,0.24151794349604697,4.204928483715345,25.935043741673017
4900.39,0.24046772854791143,4.204814352574394,25.93017891173389
4903.312,0.24131721618506338,4.204952183125275,25.917912009548616
4906.219,0.2404342492561266,4.204967483038441,25.918022356359266
4909.125,0.23648795185382845,4.2048849157253985,25.916781921340526
4912.047,0.24206293242938426,4.2050053991461835,25.91411531591061
4914.953,0.24175336444585036,4.205189975763371,25.916247714758835
4917.859,0.24066175729434058,4.205317008088033,25.910338492772013
4920.765,0.24133840797704273,4.205213962813016,25.902663245367734
4923.672,0.24221333866889083,4.205083155410959,25.90620879146268
4926.594,0.24286529566494566,4.20528544439694,25.906678131919083
4929.5,0.24208922815296188,4.205269073874333,25.902145230004034
4932.406,0.24167796000259084,4.2054209811256085,25.89958232448007
4935.312,0.24093187445873704,4.205243653154131,25.89165607112565
4938.234,0.23989588069226928,4.205434764626054,25.890395905223897
4941.14,0.24081255673132826,4.205429064826848,25.89292488312366
4944.047,0.24098063538908393,4.205606747288176,25.89225258363503
4946.969,0.23995533208210854,4.205632297455841,25.88689531020816
4949.875,0.24090242653828928,4.205377766212517,25.892163543071874
4952.781,0.24105398421470003,4.205575393066356,25.886330104839246
4955.687,0.23917096334492305,4.205746150108513,25.882088246957043
4958.594,0.2407052749775292,4.205459351279173,25.874090725134774
4961.515,0.2382939675341901,4.205789095437568,25.8703079330998
4964.422,0.23867150459658443,4.205867163885598,25.870403222825274
4967.328,0.24098982461896615,4.2056870973948834,25.86280343089506
4970.234,0.24054903367835767,4.205831023717436,25.866588241074943
4973.14,0.2410247109248057,4.205833159941894,25.867125503356846
4976.062,0.23973688932756065,4.205811212713083,25.860164726480797
4978.969,0.2387907096907184,4.205803916593564,25.857603757028496
4981.89,0.2399225122060101,4.205859235077077,25.863958237590907
4984.797,0.23954183046538474,4.206080820729712,25.852336052714065
4987.703,0.23812643343068554,4.205954831684472,25.85741065909101
4990.609,0.23906589519796892,4.206554242966064,25.85499212288498
4993.547,0.2276010949643492,4.2052782498262795,25.853172513452975
4996.469,0.22698966613346905,4.20530987161827,25.845866757787007
4999.375,0.233030931056835,4.205405476299164,25.848066679706044
5002.281,0.2287413997951895,4.205499215413975,25.846360432896326
5005.187,0.2296487222199723,4.20518173490024,25.843177219469634
5008.109,0.2266416326766041,4.205500744529224,25.839583673717556
5011.015,0.22732699143065493,4.2053147994734745,25.832506760939882
5013.922,0.22915847473646914,4.205485885948861,25.826144236010215
5016.844,0.2301902892131858,4.205620442939395,25.823963634510477
5019.75,0.23019168753423996,4.205384375827,25.829199174586158
5022.656,0.22818182425382103,4.2055669490524235,25.830443504343165
5025.594,0.2260684151016639,4.205596647829705,25.82631399786007
5028.5,0.2289727001030297,4.205519681340145,25.820477372360394
5031.422,0.23077418253607093,4.205662328497978,25.813456737168327
5034.328,0.23307279078056012,4.205548112220565,25.816387424418462
5037.234,0.22848706232204807,4.205835458046503,25.815170703308656
5040.14,0.22577653718082702,4.205598256573377,25.813379984823772
5043.047,0.22903974049225803,4.205796877954106,25.806948506828903
5045.953,0.2261901902768915,4.205756320967021,25.80631654772672
5048.875,0.22534298239952863,4.205841881587913,25.802201562255537
5051.781,0.22851283468938927,4.205789666109407,25.80546411351276
5054.687,0.2269510127778885,4.205977187386689,25.80010324876229
5057.594,0.2302465416180022,4.205900177016814,25.800167866011034
5060.515,0.22463986836137775,4.205950055717334,25.797483527731973
5063.422,0.22782511382045906,4.206039438788015,25.795433964287362
5066.328,0.22599759835820513,4.206087749293659,25.78639310207637
5069.234,0.2294170477500861,4.20595272608523,25.785403050242284
5072.14,0.22897026528319386,4.206167626205395,25.788518784483955
5075.047,0.22317694921395495,4.206129627273895,25.78673882183816
5077.953,0.22542290612053556,4.206261440746785,25.78725090091328
5080.89,0.22651859265035287,4.206189511171893,25.788710222257475
5083.812,0.22594286090938934,4.206434664733753,25.775824290677228
5086.765,0.2268318222461346,4.206441681347905,25.775899603902918
5089.734,0.22667956749589252,4.206476020215478,25.774897926347013
5092.656,0.22695010632302973,4.206193193666309,25.77467990699353
5095.578,0.22696621712443135,4.2065529551217455,25.7690773106552
5098.515,0.21642818333693806,4.205767962954765,25.768677200745937
5101.437,0.20597902687738562,4.204688906856635,25.765204294535803
5104.344,0.20980582703577622,4.204363863445038,25.757446786227298
5107.265,0.20799196528310995,4.20487245720208,25.760244513907075
5110.172,0.21069060716469448,4.204521661866572,25.75778286825024
5113.078,0.20904060507737615,4.204640878926004,25.75218927292828
5115.984,0.20756403701641982,4.204716870920672,25.754175192640172
5118.906,0.2098603839985378,4.204668474121437,25.756758380845056
5121.812,0.20885496544754428,4.204451240698095,25.74540447840508
5124.719,0.2101198320663671,4.204419107471685,25.74384449765885
5127.625,0.20998742101734727,4.204305372323033,25.745184369263104
5130.531,0.20918422826616412,4.204577726563876,25.738773803304387
5133.469,0.2104673218325826,4.204653907577244,25.736702796039754
5136.39,0.20915180189530108,4.204821402857398,25.7326429529244
5139.297,0.20422247921255607,4.204467097317697,25.73645572071451
5142.203,0.2036826437252862,4.204953121967168,25.72945003031283
5145.109,0.20460653818247707,4.204809692998757,25.73458311044163
5148.015,0.20832974020972428,4.204627669567708,25.73385401787188
5150.937,0.20876772143599712,4.204858915791918,25.733813894367785
5153.844,0.2075243205531139,4.204997588890489,25.73009699427267
5156.75,0.20807316054477448,4.204608676315745,25.737548070318137
5159.656,0.2050704228881777,4.20463854390177,25.72528662752788
5162.562,0.20871055054667487,4.205023707402209,25.72592470379471
5165.469,0.20733395119265208,4.204822953955791,25.72201679525364
5168.39,0.2070621916438991,4.204571370399145,25.719000381800743
5171.297,0.2066504907749147,4.204951110432133,25.718726147520613
5174.203,0.20958643177232567,4.204793852136304,25.717152238476956
5177.125,0.20834797286857196,4.205088251961391,25.707253937939136
5180.031,0.20667777752823416,4.204959474022852,25.70605035458772
5182.937,0.20640945331130595,4.2047416573833445,25.70732577567842
5185.844,0.20871327825207064,4.204936590122402,25.69738011600989
5188.765,0.2060248221424306,4.2052362693989735,25.696959473883478
5191.672,0.20568337873788856,4.205241354879184,25.701223348480553
5194.687,0.20741351461775495,4.20503044579315,25.697376897835497
5197.703,0.20851772657254813,4.205043142945074,25.697353966639014
5200.672,0.20737827667846484,4.205153466158991,25.690248159459287
5203.656,0.2081280170860341,4.205355753271267,25.70224791079658
5206.578,0.20748728600804278,4.205226754788222,25.694826998756383
5209.484,0.208849928856394,4.205076562311389,25.695089792626565
5212.39,0.20500437841719216,4.205130074598146,25.69250550729068
5215.297,0.20657556934001353,4.205073328443445,25.692343082238438
5218.203,0.2058594820746955,4.205389414791801,25.683758797199726
5221.109,0.2045131596257288,4.2054833386784685,25.68100641696444
5224.015,0.2083099918586728,4.205288850525043,25.67213762472975
5226.937,0.20696116206455836,4.2055556229019215,25.672723200407674
5229.844,0.20603278831045863,4.205358149345356,25.668189397431497
5232.75,0.20474122146973187,4.205355109147094,25.66177595501518
5235.656,0.20218919216614042,4.205318308578975,25.662353745618077
5238.578,0.20608762812837464,4.205512043597609,25.664257556442664
5241.484,0.20409607045264191,4.205503977650046,25.663370902649667
5244.39,0.20807127763909358,4.205546030221655,25.65451243053864
5247.297,0.20625558845402284,4.205445585921771,25.65585565996875
5250.203,0.20576637346296187,4.205674697359715,25.65769956798382
5253.109,0.20610221342040969,4.205794471673132,25.659656659933095
5256.015,0.2055545647987088,4.205582251577836,25.655996838505338
5258.922,0.20479952595881346,4.205810587276356,25.655008684743102
5261.828,0.20529527735056943,4.205864527057723,25.64712617564839
5264.734,0.2059320380661557,4.205672897300505,25.644155705189448
5267.64,0.20607372767892357,4.205848516518693,25.64121106587196
5270.562,0.20436090435015433,4.205769363343113,25.637933876812294
5273.469,0.2042993105205258,4.205935604547002,25.642698051896495
5276.375,0.20641424377947418,4.205808306169823,25.641565532883575
5279.281,0.2061141553122034,4.206090383949366,25.63578891254291
5282.187,0.20636161096778952,4.205747774757101,25.638103532875935
5285.094,0.20292393456554417,4.206173761267683,25.63571696024305
5288.0,0.20653809185160177,4.20625476368663,25.629960392426185
5290.906,0.20461018830309302,4.206103005756304,25.635799148449387
5293.812,0.20081034704884454,4.20624166881462,25.626943668364852
5296.719,0.20276775069967976,4.206214948644388,25.630342103995137
5299.625,0.20626337958588187,4.206317340071957,25.625948963555565
5302.531,0.20380711183498829,4.2062152307595015,25.620571647121757
5305.437,0.20295582572663587,4.206511535382574,25.620139186997278
5308.344,0.20166753863598277,4.206404555649739,25.61996882681397
5311.25,0.2051182822026556,4.20645769820508,25.61048588837841
5314.156,0.20321270385710422,4.206571172066416,25.62290346458189
5317.094,0.19449743417970886,4.205677182751088,25.61923858204725
5320.031,0.1828200826135437,4.20503902278369,25.604019496542694
5322.937,0.18591855747853236,4.204499394003205,25.617838374084194
5325.844,0.1873538241877136,4.204847046043387,25.606569508303828
5328.75,0.18350809585707215,4.204699989468676,25.60888852947292
5331.672,0.18222860219255946,4.204639002196697,25.606597258590256
5334.578,0.18894566652969938,4.2044906193842575,25.606120581679114
5337.484,0.18482643269463414,4.204719436060924,25.607001151633412
5340.39,0.18801083577625502,4.204470717237243,25.608518478778823
5343.297,0.1817109991271986,4.204823438678365,25.608292754843426
5346.203,0.18566948050845836,4.204585570111118,25.601281581585823
5349.109,0.1803373476777889,4.204893782496305,25.594728436480462
5352.047,0.18238225694678145,4.204852878552507,25.589893679156976
5354.953,0.18437663646066094,4.204669700169276,25.593358837199816
5357.875,0.18388763917899606,4.204668248817262,25.588823543326374
5360.781,0.18631574411555207,4.204772784033926,25.58418057412292
5363.687,0.18634309881410982,4.204633306390358,25.586110651511625
5366.594,0.18436718057825438,4.204835216044021,25.58747267851801
5369.5,0.18390076207714903,4.205058138320797,25.587774800139307
5372.406,0.1828356183363698,4.20495217811234,25.578513690485174
5375.312,0.18958839287350815,4.204621527570411,25.574073063644008
5378.234,0.184691068638711,4.204640562102387,25.574597507363425
5381.14,0.18349139302454695,4.205022801944269,25.5787377530822
5384.047,0.19025291715234882,4.204801703197657,25.56575922526443
5386.953,0.1840640824248047,4.2049326822618545,25.568076068418627
5389.859,0.1809254002339551,4.205129753131559,25.572107329531743
5392.781,0.1843095701980419,4.205002868539389,25.57084114608712
5395.687,0.18674969912615622,4.204830737076586,25.561738337278317
5398.594,0.18211307147719835,4.204904007634372,25.56785048222394
5401.5,0.18446225709079922,4.204813640088134,25.55608656521779
5404.406,0.1824363565285894,4.205220978989673,25.553525813290086
5407.312,0.18314939332185376,4.205477462434686,25.558569633346195
5410.234,0.18440538095440248,4.205124705232215,25.554588221733493
5413.14,0.18173048588735868,4.2051460125382505,25.55284956097696
5416.047,0.1830003888797962,4.205432256549657,25.56214846737345
5418.969,0.1837885773062593,4.205061067564517,25.553604455272698
5421.875,0.1815267353063269,4.205380530834933,25.563055176962187
5424.781,0.18567724947544686,4.205110856019072,25.553508932412587
5427.687,0.1840793379883015,4.205081132631284,25.53961401838108
5430.609,0.1868016002901807,4.205134671890281,25.54286555081097
5433.515,0.19062896282428,4.2051907936081925,25.54577801402592
5436.422,0.18459684359130385,4.205255830704621,25.546315331830066
5439.328,0.1852669039892414,4.205112408390669,25.54511334545678
5442.234,0.18480021599761035,4.205198284473751,25.537157689928826
5445.156,0.18164354884524309,4.205181420748336,25.54153988026404
5448.062,0.18649515187722893,4.204918539314242,25.53514560016868
5450.969,0.18670032364645936,4.205696092978901,25.534648933142307
5453.89,0.1835839067853611,4.205729092145082,25.528295756522148
5456.797,0.18309844860856508,4.205681974386973,25.525786406983602
5459.703,0.18537249963145588,4.205713486296058,25.53341401514013
5462.609,0.18620193931866438,4.205521868331426,25.527616908270765
5465.515,0.171582548943989,4.206237533654581,25.518094410480355
5468.437,0.1775528058705581,4.205848173781732,25.515835861924764
5471.344,0.18487933222559366,4.205538762576013,25.522342538876362
5474.25,0.1815292519794835,4.2058310870919655,25.522989498431798
5477.156,0.18324637357258486,4.20579800821283,25.51751669352934
5480.062,0.18127058051382391,4.205849782234114,25.514156466018513
5482.984,0.18207624784783888,4.206008129724214,25.513776432953346
5485.89,0.18090245537593805,4.206292172022903,25.50957816602607
5488.797,0.18134246051730094,4.205832335612082,25.509013420874613
5491.719,0.18212542008766322,4.205910111118244,25.5119624111056
5494.625,0.18306184525698227,4.206039917522314,25.512131844809932
5497.531,0.18229162772879873,4.206083415389234,25.500780339022402
5500.437,0.1827452806526054,4.206348272743213,25.499724999860543
5503.344,0.1798593082640555,4.206120945496672,25.507987841132294
5506.25,0.1785218461339883,4.206362887026509,25.491412462446867
5509.172,0.18095962557827636,4.206231166195921,25.495411780503225
5512.078,0.18105315854264206,4.2061919523743585,25.49757255408789
5514.984,0.18373949275171822,4.206114241386888,25.49785424391479
5517.906,0.18350847622514171,4.2057825878262465,25.491147061899206
5520.812,0.18354792594158714,4.2060072651726275,25.48984275750123
5523.719,0.18666944464069393,4.206031685123964,25.479102459357446
5526.625,0.1806675444760693,4.2064515339931345,25.482867771848465
5529.531,0.18382101460969305,4.20627931466224,25.491699461191335
5532.437,0.18221441758676177,4.206001170711251,25.484579406086127
5535.359,0.18009427795737895,4.206486062951929,25.47841748003548
5538.265,0.18106319239003996,4.206544565369672,25.48018092098614
5541.172,0.18118362648698327,4.2063157292229345,25.469106855188286
5544.078,0.1805928828241366,4.206641441698683,25.48192846953055
5547.031,0.17165092958964717,4.2055115561050185,25.467337646611337
5549.937,0.1690302770086137,4.205879279326425,25.470914938811028
5552.844,0.17206735162360715,4.205604794423556,25.46679531870993
5555.75,0.17584661001172516,4.205280270516995,25.465579977938617
5558.672,0.17302798245875742,4.2053269675206995,25.463363567001558
5561.578,0.1721632962525424,4.205883108514805,25.464421317085737
5564.484,0.17349886956470925,4.205512736037858,25.465330710693117
5567.39,0.16868875988850535,4.205793208191532,25.46087001431764
5570.297,0.17703203185238925,4.205505614459241,25.4675828398806
5573.203,0.17444619087360308,4.205573547370904,25.45568072522864
5576.125,0.165886282966178,4.205959387173552,25.451611884164258
5579.047,0.1702536046794776,4.205696905489995,25.449299866930335
5581.969,0.17724705443545824,4.205775914264033,25.45204670045927
5584.875,0.1677820729130159,4.206182359268156,25.454042239539202
5587.781,0.17136927482189437,4.206004956729903,25.450409332991843
5590.687,0.1687825935419889,4.205937109433265,25.44652073778012
5593.594,0.17082300791829552,4.205863295614364,25.450644525022298
5596.515,0.1689788738317018,4.206244572550755,25.44741844447327
5599.422,0.1718630811497842,4.2058987336621465,25.443533437995267
5602.328,0.17358749616852368,4.205685708380862,25.442757890342385
5605.234,0.17182913552259782,4.206096605660678,25.44065914083493
5608.14,0.17635563587299688,4.205697112203581,25.438120131333214
5611.062,0.17421392610435363,4.206084945107183,25.439348920824855
5613.969,0.1690861627455037,4.206187239183918,25.431792681809924
5616.875,0.1727440476425581,4.205934774500039,25.425851836921986
5619.797,0.17250673946979203,4.205853094244115,25.428447220380782
5622.703,0.1719232609953172,4.206033609399744,25.42572224337249
5625.609,0.17088882058108576,4.2059312396484065,25.43000510349053
5628.515,0.17523202726755113,4.206072154845044,25.4262433967336
5631.422,0.16657803813148625,4.206281040537108,25.4195596987717
5634.328,0.17673557612083646,4.206176719779469,25.42321768776163
5637.25,0.17095488942330664,4.205866226625198,25.422807351973777
5640.156,0.16396343155235935,4.206536364537639,25.42257388340404
5643.062,0.16775464933272957,4.206372538483087,25.423537367949738
5645.984,0.16978269015586367,4.2063393122459365,25.416748484354425
5648.89,0.1705764320333878,4.206270546355369,25.40910317862218
5651.797,0.16919660625312222,4.2064620018164725,25.402510423604795
5654.703,0.16863058540832915,4.206625970455696,25.415581670957387
5657.64,0.1582905544951355,4.205356735942183,25.4086509450611
5660.547,0.16130431002191964,4.205656823758933,25.40956627481885
5663.453,0.15760737845011777,4.205522848154765,25.402152152480223
5666.375,0.16074161236948944,4.205377755422761,25.408547417964485
5669.281,0.15822533670771302,4.205878108823435,25.398739461238506
5672.187,0.15740958001876929,4.205732846823489,25.410524651560024
5675.094,0.16137125030351646,4.205671438457672,25.411364645286234
5678.015,0.1625382401289191,4.205682821831577,25.41251690348163
5680.922,0.1600834803941502,4.205752948094604,25.40724214913031
5683.828,0.15779098280800574,4.205507329028385,25.407919187225797
5686.734,0.15762123310652884,4.205593559884525,25.405125231267967
5689.672,0.15429096757717387,4.2059976431642,25.40399315582671
5692.578,0.16512210931983579,4.205226132244441,25.403917766481296
5695.484,0.16416931814111332,4.205611873593106,25.403303293993407
5698.406,0.160355457223877,4.2055697527403675,25.40020459090287
5701.312,0.16251465949091476,4.205832211067859,25.39365021036996
5704.219,0.16007540450976837,4.2054870471787265,25.404959352995572
5707.125,0.15925495052916458,4.205678751964151,25.386495937526917
5710.031,0.15662175808009132,4.205996468808722,25.38854253468509
5712.937,0.15951582209821205,4.205781463994121,25.387140443695788
5715.859,0.1607616367272488,4.206264258492578,25.379647634420163
5718.765,0.15728294568553378,4.206175708219661,25.38050077715177
5721.672,0.16142609810880984,4.205738841290197,25.38343705168787
5724.594,0.16046052178277237,4.205935398619465,25.388884446131062
5727.5,0.15917611281055352,4.205936088546906,25.381140092548893
5730.406,0.1613798173246464,4.20613508048704,25.37602915136841
5733.312,0.16169033602676625,4.205540062163185,25.386086472151053
5736.219,0.1599827749548047,4.2063261452128335,25.383188008710523
5739.125,0.15959244352706184,4.206087738541691,25.374370294668086
5742.031,0.15652379199474808,4.2062026762991716,25.38410051059494
5744.953,0.15654627212979882,4.2063118487117555,25.375581191097687
5747.859,0.15821706490413642,4.206058245983625,25.376723576547395
5750.765,0.16054274821441572,4.206132689112351,25.371821916400673
5753.672,0.16099129599281153,4.2062148330740685,25.373538773581547
5756.578,0.16295794407890948,4.206240088849711,25.374458450483026
5759.5,0.1605938245713953,4.206417304678663,25.374185531632527
5762.406,0.1603343547421093,4.20629520008584,25.369486993428396
5765.312,0.15508108479031946,4.206422634537953,25.3644227672771
5768.219,0.15687589206638172,4.206019910710054,25.36286655127658
5771.125,0.15707239171828644,4.206147569755815,25.367762675179762
5774.031,0.1604947835875958,4.205816701641621,25.365828704380313
5776.937,0.15868774648344336,4.20619215146796,25.35904125004429
5779.859,0.15920340802152208,4.206624521239758,25.360355483400266
5782.797,0.147665108064571,4.2057723252005506,25.367478979302444
5785.703,0.15003838244385378,4.205738834698939,25.365676582428883
5788.609,0.1518217261327074,4.2056943303458505,25.357277380266527
5791.515,0.14901647872998552,4.2051934005932115,25.350392677984434
5794.422,0.14459493324277772,4.205584817125736,25.360871709985165
5797.344,0.1502362079624062,4.205433522259499,25.34402107468387
5800.25,0.15200379934418357,4.205601329848379,25.351248349890856
5803.156,0.14977487210046428,4.205626809214417,25.35506335221126
5806.062,0.14824957950441442,4.205474056500009,25.344346887552486
5808.984,0.1464496422272454,4.20589244905221,25.34603718225658
5811.89,0.15221628277310534,4.20530206776927,25.346319364023014
5814.828,0.15097584055397842,4.205798589724616,25.33573719112018
5817.734,0.14773739322959414,4.2057419264371525,25.33679180904002
5820.64,0.14878149887260472,4.20587888042708,25.341117110732466
5823.547,0.14858695358729224,4.205677397957401,25.336109565076967
5826.469,0.1471465535000168,4.205513995625579,25.336495400148692
5829.375,0.15022841206938173,4.205868815226813,25.331385164493277
5832.281,0.14923314516970038,4.20545804096189,25.32603173362006
5835.187,0.1468167479724834,4.205342206995016,25.335796772172156
5838.109,0.15295496726778268,4.205821243678784,25.3307471406574
5841.015,0.1447815752071964,4.205966534578071,25.324988207424994
5843.922,0.14635247728801512,4.2057559626384995,25.325648307637685
5846.828,0.14591862196387173,4.205966700267305,25.31919984221599
5849.75,0.15133146140273596,4.2053030777210845,25.321005056576062
5852.656,0.14962941381413286,4.206157113300748,25.326815946161336
5855.578,0.14873856703304117,4.206026669694955,25.322567314537306
5858.484,0.15162299255778597,4.205648191327132,25.318734826089344
5861.39,0.14699088000957275,4.2058200513067066,25.318884369878692
5864.297,0.15017953666255843,4.205814470295035,25.319505746915087
5867.203,0.1517988942126143,4.205847624096005,25.318897376418967
5870.109,0.14931975708505596,4.205980499778574,25.313624199181625
5873.031,0.1498650867707448,4.205734750549473,25.31161628342898
5875.937,0.15210950595208325,4.205690871489415,25.30361885290621
5878.844,0.14594498057823554,4.206088675855146,25.299682199444266
5881.765,0.1482275460336676,4.206172040733981,25.304635293989808
5884.672,0.14782503774365094,4.205866987483958,25.302386664457817
5887.578,0.14991464234465404,4.206300539919648,25.3059394091508
5890.484,0.14679073743383492,4.206112019503214,25.303517703578848
5893.39,0.14558019663213503,4.206239968933533,25.31327008944123
5896.297,0.14664331727749272,4.206169153770932,25.304028668044403
5899.219,0.1496581733366272,4.206202257486034,25.295579882381972
5902.125,0.14988223144739454,4.206125503349863,25.296213760417576
5905.031,0.1506658263598861,4.20616785887647,25.2974074366641
5907.937,0.14719151646977024,4.206340942212597,25.298331449305294
5910.844,0.15024589969218335,4.205865320350556,25.296867182256598
5913.765,0.14755409043633683,4.2064791804773725,25.296163513669764
5916.672,0.14653511375684547,4.206615376902737,25.29293137056007
5919.609,0.1369069934326451,4.205562879635159,25.287310946337488
5922.515,0.14309072284524904,4.205197840849363,25.28333299679833
5925.437,0.1396189348184767,4.205362450774346,25.28960156085386
5928.344,0.14222449975909815,4.205324218037928,25.29171986422271
5931.25,0.13663537135899978,4.2055404198512525,25.287681127883012
5934.156,0.14065376249344297,4.205546675534591,25.28049927012805
5937.062,0.13691722361153372,4.2054061954275275,25.28498470262001
5939.969,0.13513488943773477,4.2055892990833215,25.280715212137856
5942.875,0.13654003435416162,4.20553506638148,25.280828041670677
5945.797,0.13913164542101908,4.205119781108566,25.286042970654346
5948.703,0.13914228487006539,4.205366382193608,25.291806830630634
5951.64,0.1392425059335331,4.205492931454689,25.286844541378613
5954.547,0.13840441503677312,4.205524857585946,25.280463711404416
5957.453,0.13999134897320106,4.205596105725645,25.28192506706159
5960.359,0.13864729506554496,4.205415034409625,25.285405956294998
5963.281,0.14119109375307287,4.205449312836147,25.277378851393596
5966.187,0.1395335976717878,4.205560094071602,25.270025802636347
5969.094,0.13920399377547807,4.2056968995286494,25.274436008143724
5972.0,0.13795553097429544,4.2054745563746305,25.27124530417822
5974.906,0.13735873092663436,4.205250244802579,25.26967233825202
5977.828,0.1375680308118992,4.205426666601322,25.27195729211453
5980.734,0.13686566119057006,4.205452699568017,25.263371846157224
5983.64,0.13767787297384426,4.205644055927291,25.26807766522652
5986.562,0.13897739780091595,4.205445908557209,25.264462397923527
5989.469,0.13850869322864348,4.205443133140233,25.25810033067608
5992.375,0.13997974242251304,4.205466674741384,25.255974243486577
5995.281,0.14033596197865925,4.205465787622541,25.25882270421022
5998.187,0.138544378784929,4.205774716901197,25.261358915200415
6001.094,0.1385864055185985,4.205526654132434,25.264489241731948
6004.015,0.13650696270673957,4.205689932358461,25.256071831523336
6006.922,0.13705836940381047,4.205468678289601,25.258324179964582
6009.828,0.13656404168310238,4.205918129152444,25.25437606306801
6012.734,0.13332765272076813,4.205872018108652,25.26076844436588
6015.64,0.1373315072205554,4.205791141125464,25.256846673276442
6018.562,0.13493424108952354,4.206014395550336,25.251938063707552
6021.469,0.1386407587808647,4.205734262879906,25.24679363426555
6024.375,0.13694603300037456,4.205766513718772,25.245912556109865
6027.281,0.13573032260266493,4.205777805716225,25.24862811615167
6030.203,0.137417512165229,4.206002312526185,25.251815514172502
6033.109,0.13606087061838065,4.205883143318994,25.24361760572942
6036.015,0.1372375580824658,4.205938462504947,25.247371619836898
6038.922,0.13734866361370426,4.206062513564745,25.238595912391837
6041.828,0.13594907259319364,4.2059247270772335,25.242243194558746
6044.75,0.13749017780982575,4.206220903741475,25.242601118152184
6047.656,0.13651177342997162,4.2060120606728235,25.23977440180483
6050.578,0.13510607196228097,4.20617645372252,25.24403934111016
6053.484,0.1356880071362967,4.206171132233989,25.239604386651084
6056.39,0.13823173845315992,4.206020788444372,25.234300574888486
6059.297,0.13553435596237318,4.206030845399487,25.23894431443605
6062.203,0.1363303727882845,4.206201273676407,25.232880047819403
6065.109,0.13902052355555167,4.205993733465078,25.2235375944708
6068.031,0.13800738542391744,4.206304644265978,25.224731110016286
6070.984,0.13874191150909262,4.206171105372708,25.22553861612579
6073.922,0.13888121453927374,4.2059935115625535,25.228175010518093
6076.969,0.13680305454863337,4.206142823443755,25.228567709181927
6079.937,0.13776354621285647,4.2060077579606645,25.225514723078845
6082.984,0.1366853134456952,4.206378471378618,25.232794894143442
6085.922,0.13757208657181783,4.2063057668510435,25.228965801354004
6088.828,0.13676879778609985,4.206222887620283,25.22720196720796
6091.734,0.13530555061535618,4.206272444261761,25.220297261421464
6094.64,0.13751719359412334,4.206436820416649,25.224215612131747
6097.547,0.13694627246871885,4.206543441823271,25.219673406618636
6100.453,0.13673930915759389,4.2067112913272515,25.21532193287257
6103.39,0.12819495277590018,4.205597486267073,25.214039797032612
6106.297,0.12657598662936775,4.205617081414224,25.215348574339117
6109.203,0.12375775739191505,4.205492147885687,25.21266427648759
6112.109,0.1251172010271756,4.205423540750565,25.21222266688546
6115.031,0.126204245088981,4.205397547868443,25.21564295863675
6117.937,0.12647537479185955,4.205504171974138,25.218009944983304
6120.844,0.12633199312116283,4.205703114941795,25.205942365188733
6123.75,0.12868415194900393,4.205442080334351,25.212676020499206
6126.672,0.12834347841811455,4.205717201135201,25.20051647392017
6129.578,0.12523706426780143,4.2054138336945215,25.219316507925836
6132.484,0.12665657425164084,4.205526239614085,25.211277237056557
6135.422,0.12368712154052167,4.20556891483874,25.209932327157883
6138.328,0.1251759395984059,4.2057986257426245,25.201850631132128
6141.25,0.12715921638751582,4.205612697227771,25.203410265073902
6144.156,0.12770886679144947,4.205611013193052,25.20248015071313
6147.062,0.1250250228975405,4.205741349769947,25.197414323725788
6149.969,0.12771117909888227,4.20544269786872,25.198423584680544
6152.875,0.1235928504105282,4.2055796683786655,25.19806077054335
6155.797,0.12790041755742473,4.205727884030395,25.19851665052478
6158.703,0.12565663566995658,4.205784218045565,25.20101630890003
6161.609,0.12663668116848592,4.205419561992076,25.206464322524102
6164.515,0.12774123759922296,4.205674884168028,25.196811278459307
6167.422,0.12597160938406482,4.205511120676588,25.19521779731411
6170.344,0.12321729716659624,4.205997052187978,25.19228138304706
6173.25,0.12762972930590788,4.206078926562932,25.19219262313471
6176.172,0.12169489469746445,4.205921614062259,25.19516680468331
6179.172,0.1293712401269298,4.2055813670225755,25.19379118404052
6182.172,0.12842168058073658,4.205792063600154,25.187275322698248
6185.156,0.12470327673585462,4.205715277595149,25.190240669615953
6188.172,0.12436985461027888,4.206210926281029,25.189366768169297
6191.172,0.12588889042713525,4.205850950485912,25.186517160500856
6194.109,0.12082187107027982,4.205749157245282,25.19059849995441
6197.015,0.12936075126547578,4.205520845380021,25.187351188358324
6199.922,0.12343136921787932,4.205844740439014,25.189570383186528
6202.922,0.13181421654165792,4.205515763500335,25.18822606679623
6205.828,0.12907542541334624,4.2055448427569875,25.179961366524125
6208.75,0.1255440707348503,4.205941114320787,25.179401720785588
6211.656,0.12389183215893047,4.205989720587957,25.179754198594527
6214.562,0.1267449092817304,4.2059455367647525,25.180775101963548
6217.469,0.1279326034479326,4.206159285542346,25.18289167909947
6220.375,0.13083484798394993,4.205925379924719,25.18007670333764
6223.281,0.11908571581934503,4.2061613592365426,25.174729284017687
6226.187,0.12256531509949174,4.20621115238159,25.185447593103145
6229.094,0.12674488070887988,4.205892593114141,25.183182768458185
6232.0,0.12054679526557165,4.20616722590517,25.16781987249932
6234.906,0.1263486652624341,4.205768348395105,25.165641661554822
6237.812,0.12586607148003415,4.2063167033506375,25.16899489130936
6240.719,0.123327410697821,4.20622466102143,25.171922152764644
6243.625,0.12772952334494053,4.20607719483085,25.176257751684354
6246.531,0.12601692215302057,4.205975824691919,25.161993271331056
6249.437,0.12492088437797653,4.206286111133341,25.165413020565577
6252.344,0.12528865875694997,4.206184344271194,25.163723095529413
6255.25,0.1285446363873032,4.205780933159496,25.168376569489077
6258.156,0.12377148630553675,4.206099909697349,25.16248977737492
6261.062,0.12717207281920215,4.206071081398873,25.163990557246187
6263.969,0.12608576941415248,4.206113482480685,25.16034410829925
6266.89,0.12232034812705952,4.2063755897164175,25.16457753710255
6269.797,0.12477016589978213,4.206410518248864,25.158658361678043
6272.703,0.12319299208345127,4.206307836617783,25.163533317909245
6275.609,0.1220479465468615,4.206294026491379,25.162288504334516
6278.515,0.12278630639448188,4.206547617778686,25.15494150538003
6281.422,0.1281770741127043,4.206340316515359,25.15327152059015
6284.328,0.1228197267921051,4.20637952832825,25.15791214390887
6287.234,0.1238642192446775,4.206306669711684,25.151657158606028
6290.14,0.12514021366059533,4.2064668514548735,25.152149333048357
6293.047,0.12521770902678786,4.206558494199339,25.15640543796731
6295.984,0.11466533528379819,4.205736270706545,25.151990713788635
6298.89,0.11541186058356243,4.205758014029307,25.151962584956202
6301.797,0.11754727267779932,4.205537944835203,25.14622031279022
6304.703,0.11489457285322188,4.205489964278733,25.155421721040607
6307.625,0.11415512823172823,4.2054008386739286,25.147278703422696
6310.531,0.11490668562115945,4.205466544895525,25.150694905724087
6313.437,0.1157324431799013,4.205774541059018,25.143930549564526
6316.344,0.11582898290168989,4.2056992815475605,25.148509217176006
6319.265,0.11396870396291084,4.205793843487074,25.14555948881694
6322.172,0.1131032749826749,4.205705625619339,25.135211517334444
6325.078,0.11458062205839682,4.205485755249679,25.1424174312104
6328.015,0.1139494652233591,4.205768511480375,25.14915650732373
6330.922,0.11464202251613957,4.205761683153748,25.147920209717192
6333.828,0.11368757496114423,4.205605252895871,25.13714393759924
6336.75,0.11386328211845216,4.205639160382999,25.13571197159282
6339.656,0.11055778229568329,4.2055631003508624,25.150443746208424
6342.562,0.11578081364169657,4.205903571948868,25.144252062069405
6345.469,0.11224106143428053,4.2058995695861086,25.145822754998328
6348.39,0.1151500818998859,4.205630063362438,25.131823774395645
6351.297,0.11420644669257346,4.205808421961494,25.141313676586396
6354.203,0.11562499807007896,4.205890468091406,25.146177992594296
6357.109,0.11424598670107637,4.205878625019908,25.135918851237932
6360.031,0.111205011422526,4.205696028074729,25.13306939377204
6362.937,0.1126613486723419,4.205827318904606,25.130439519958323
6365.844,0.11649436306222004,4.205848237956579,25.127866184850834
6368.765,0.11692415035525623,4.205751714770392,25.125998371539367
6371.672,0.11589236997570361,4.205795725231684,25.130176941767854
6374.578,0.11766130247085528,4.205812644251196,25.124205336580623
6377.484,0.11585556907239233,4.205947557199737,25.123926929029473
6380.39,0.11394055186204625,4.205846352739523,25.128959966387434
6383.297,0.11651764101685785,4.2057439664126495,25.126014476675966
6386.219,0.11433109191090611,4.205895112572606,25.129554795514395
6389.125,0.11261982723080842,4.205916952623993,25.125148381161928
6392.031,0.11308583284911954,4.205884523529012,25.126837881520135
6394.953,0.11551309516698803,4.205880150757974,25.119238541585883
6397.859,0.1129825596345417,4.2059894402172535,25.113576065140943
6400.765,0.11536353491263458,4.205905208782839,25.125364215422852
6403.672,0.11428439044934431,4.206152389910376,25.122804494358242
6406.578,0.11676243948906331,4.205984119603972,25.12430336485192
6409.5,0.11212369025233009,4.205929316384673,25.11516471208959
6412.406,0.11207057149864258,4.205909051338637,25.120109653522476
6415.312,0.11474696156537365,4.206032633012115,25.110265650441008
6418.219,0.1113699122372531,4.206355713213076,25.11505792175363
6421.125,0.11662476650463967,4.205890733537573,25.119385034734748
6424.047,0.11522227601970367,4.206080089570079,25.103975623721023
6426.953,0.11210531206064824,4.206089553584634,25.10198615229135
6429.859,0.11494651478642508,4.206324418358681,25.10204540139362
6432.781,0.11537558536376333,4.206132698283834,25.108351177551175
6435.687,0.11555991616824797,4.205895478742411,25.108061186417935
6438.594,0.11360832206138181,4.206199468594597,25.10456186754208
6441.5,0.11457077449665652,4.205986747201691,25.104052649295937
6444.406,0.1122497765259139,4.206286311355078,25.112330647517176
6447.328,0.11156671558253171,4.20632500292977,25.109835855238973
6450.234,0.11555568584090202,4.206154777040466,25.108586110455487
6453.14,0.10934493641077042,4.206491758083126,25.109378465265273
6456.047,0.11495875932304725,4.206349810032675,25.103015270106223
6458.969,0.11246609521646625,4.20612612853041,25.111570193225358
6461.875,0.11342341692258023,4.206452330912224,25.102806993043117
6464.781,0.11621882051471957,4.206325639937357,25.10267983065091
6467.687,0.11424171522099333,4.206209005612917,25.101297795167017
6470.594,0.11411525496828033,4.206239781413251,25.102525277457772
6473.5,0.11015199660790273,4.206298943028037,25.1055534327833
6476.422,0.11601611486077494,4.206240347914876,25.10305775381607
6479.328,0.11394318885067464,4.206417429839752,25.101234681678005
6482.234,0.11379280436856483,4.206277204095899,25.094738431592454
6485.14,0.11683514833870899,4.206523733614066,25.094861152501316
6488.062,0.11435947148520988,4.206723958695004,25.098127007819738
6490.969,0.1134539155683716,4.206496602222011,25.09195694907041
6493.875,0.11421826699457928,4.206679011626118,25.09728122875213
6496.797,0.11204388018612528,4.20667348922988,25.094670469875023
6499.703,0.1130648490002822,4.206599041294863,25.099463548730935
6502.609,0.11146009101310436,4.206463877795695,25.096168138832343
6505.515,0.11271762716550997,4.206492575340954,25.09649686266442
6508.422,0.11126568748583666,4.206633595031985,25.096825395724625
6511.344,0.11301878003124169,4.2066277192231425,25.099469400659977
6514.25,0.11573880103424528,4.206368719003154,25.090824596068195
6517.156,0.10711640490235276,4.206811453158464,25.097108912578953
6520.062,0.1149123640453116,4.206561741181611,25.089157216801144
6522.984,0.11462644173966302,4.206874019639279,25.091239264322866
6525.89,0.11210671718071763,4.206772843842037,25.090357743720457
6528.797,0.11308402068381775,4.206743913044049,25.092016620400095
6531.703,0.11136989453614317,4.207047149998969,25.087687349784304
6534.609,0.11482179347116321,4.206712282546779,25.083866043476114
6537.531,0.11306247854656104,4.20709784399433,25.08397815665116
6540.437,0.1125910478465227,4.206664778176405,25.07792902269417
6543.344,0.11045630846003868,4.20673376657054,25.083338302601582
6546.25,0.11466226823397774,4.207002008813468,25.08530529447156
6549.156,0.11223027495527522,4.207000315182025,25.077122229062518
6552.078,0.11503084552698789,4.206790706096731,25.0722259757092
6554.984,0.11315459431528374,4.207010412320494,25.079790988997715
6557.89,0.11280076833395618,4.207039137632692,25.078779899922047
6560.797,0.11390980646056884,4.206855805229742,25.08038416020754
6563.719,0.11199366245309984,4.206831210784996,25.079937870207758
6566.625,0.11208033501578349,4.2070462685281305,25.07397612672309
6569.531,0.10970112814192999,4.207205789302911,25.06945977926296
6572.437,0.11137701338644292,4.206987561207055,25.07020004276044
6575.344,0.11224984933839914,4.207123033028492,25.070570932981198
6578.25,0.11119220992025927,4.207287081934206,25.076767630763406
6581.172,0.11117123531577272,4.2069768900487166,25.069060480465897
6584.078,0.11250175321543496,4.207326712696674,25.064127591737964
6587.015,0.11425877132652336,4.207047252843037,25.06687656424262
6589.922,0.11132151124315882,4.207337855011302,25.064761578169772
6592.828,0.10864899457363333,4.207090905932397,25.072078224451424
6595.734,0.11004870255683284,4.207378635225177,25.067413046224537
6598.656,0.11293589626595422,4.207159958102124,25.069076432642238
6601.562,0.11250246567091769,4.207223783409701,25.066742887318846
6604.469,0.11120642766104026,4.207218006769197,25.065435170229623
6607.375,0.10835055359143217,4.207214430590161,25.066496637092637
6610.297,0.11164947522382056,4.207323073953769,25.072647209380957
6613.203,0.11022783872959646,4.207315297986019,25.061614955869437
6616.109,0.11299366605767247,4.207389126173488,25.060992643371776
6619.047,0.11153530397999528,4.20746616587722,25.06164574052098
6621.953,0.11194650507445982,4.2074996657756705,25.06120689275735
6624.859,0.10994743300573079,4.207496996889083,25.05702748917848
6627.765,0.11181037924204366,4.2075031856402685,25.052826152393656
6630.687,0.1127510204564079,4.207437257840772,25.06912886537215
6633.594,0.10854073494590348,4.207233563369373,25.064798835763515
6636.5,0.1107033167894343,4.20773024735068,25.06252969052391
6639.437,0.10064714704823807,4.206702394028651,25.062652915868856
6642.375,0.09141170076494248,4.206094181440009,25.05052173038227
6645.281,0.09454998863679408,4.205749556951845,25.057532731632154
6648.187,0.09012530531070352,4.205631982022311,25.060019190805512
6651.094,0.09254077596457756,4.205654227476516,25.058877624315986
6654.0,0.09261321686443909,4.205923843211002,25.063123580885307
6656.922,0.09165844691480504,4.205801591216419,25.05380443290383
6659.828,0.0917364143804563,4.205737741939047,25.051152467133598
6662.734,0.09173171328163077,4.205793952980828,25.0485754493605
6665.64,0.09031358891281488,4.205631166535473,25.050183204722654
6668.547,0.0947301404365035,4.205698981505845,25.046587585237674
6671.453,0.09547544477654792,4.205593766074764,25.049090370951173
6674.39,0.09231222464903736,4.205774533695967,25.050796846287522
6677.297,0.09265138889422184,4.205934301632401,25.056943341275026
6680.219,0.09104577011559009,4.205628993711979,25.045607318939776
6683.125,0.0944241855140301,4.205542285505824,25.04562500520465
6686.031,0.09312142667569631,4.205574359292129,25.038879056740697
6688.937,0.09130967847440419,4.205752458704884,25.03869167230107
6691.844,0.09254012553067759,4.20553673690949,25.044299449706532
6694.765,0.09280545857434559,4.205674709547378,25.039998705732025
6697.672,0.09498519307813608,4.205583968593006,25.052996900615117
6700.578,0.09262358320053805,4.205389092662861,25.046830433282878
6703.484,0.09185493686773542,4.2058857202039786,25.04849264446264
6706.39,0.0908652545562381,4.205790299276692,25.041681164164395
6709.297,0.09384082128230173,4.205469854687609,25.046944879068594
6712.219,0.09500945937128684,4.205592273160782,25.0413993657794
6715.125,0.08913391374924085,4.20580835936146,25.04129141449305
6718.031,0.09373853748907018,4.205926705679133,25.047123582457264
6720.953,0.09078574517780202,4.205608104179896,25.035827784072858
6723.859,0.09177413127645538,4.205661571422614,25.041317372396193
6726.765,0.09303058316580023,4.2054195460100745,25.041539316169565
6729.687,0.0922355624376966,4.20570023570203,25.036813943959302
6732.594,0.0950121438496428,4.205498490163067,25.040227002919604
6735.5,0.09186230956575868,4.2058793559060375,25.04136407317861
6738.406,0.08867235624297139,4.205768692428014,25.033339575534335
6741.328,0.08984710316361084,4.205563231594895,25.03716366981379
6744.25,0.0928065442518964,4.205403119340509,25.02453498502492
6747.156,0.08879997434610754,4.205811126549111,25.02102410430193
6750.062,0.09516586130028144,4.205536627980986,25.025757731004102
6752.969,0.09234124888995957,4.205915782514599,25.033353812889235
6755.89,0.094131590821875,4.2054871437287815,25.03310982722206
6758.797,0.09066762375968991,4.205893720412216,25.029741941421957
6761.703,0.09098651431722614,4.206041154795766,25.03357965229155
6764.625,0.09303521646766555,4.205636813134101,25.02919944463261
6767.547,0.09467099942885608,4.205577964427634,25.024586050481776
6770.453,0.09228778161019073,4.205713211875288,25.017835799181064
6773.359,0.09157626268251157,4.206053434581416,25.022096648043647
6776.265,0.08885334530204697,4.205656179875818,25.02657676012647
6779.187,0.09322330224476286,4.205898360481719,25.021435201836944
6782.094,0.0908224611714784,4.2058504328887105,25.018377823721057
6785.0,0.09430041764966646,4.205759009644478,25.013927171057876
6787.906,0.09366160487018128,4.205856635730756,25.025829353291368
6790.828,0.09205878799280053,4.205958007238441,25.020171253843223
6793.75,0.0973003814192115,4.205614747417796,25.018580938159694
6796.656,0.09240295451717975,4.206045238214389,25.01867692924998
6799.562,0.0900998408027105,4.205914442832156,25.015312493905242
6802.469,0.09275536034510234,4.205718597782606,25.02014263269986
6805.375,0.09451928132077374,4.206096297106892,25.016629400479495
6808.281,0.09027024464927909,4.2060440682311055,25.0189343266544
6811.203,0.0923121905417023,4.205824403369559,25.011622468858096
6814.125,0.08989478927521419,4.205879123498548,25.02032427326276
6817.031,0.09448628462041664,4.205504788070705,25.01425546444296
6819.937,0.09451308185589119,4.2057712141249075,25.017776001586288
6822.844,0.08943055913809812,4.206086610651833,25.02643513188136
6825.75,0.09292473505594122,4.205912608112488,25.017157905947332
6828.672,0.09334114821708266,4.206017797196238,25.014759340062692
6831.578,0.09354001566636704,4.205785242754761,25.007880684127542
6834.484,0.09229117470634883,4.205863486040602,25.011643609064254
6837.39,0.09242959492142634,4.206042668906668,25.01392869170054
6840.312,0.09015935486283694,4.206158152814604,25.01856294465011
6843.219,0.09441188620766522,4.205700861047437,25.005349918671637
6846.14,0.08938521067825254,4.205930781838935,25.004014424865733
6849.047,0.08826636857927385,4.206066125525702,25.00846689605727
6851.953,0.09258895213215262,4.206008713198098,25.009526361033878
6854.859,0.09393087936902214,4.2060499382213,25.00599000682657
6857.765,0.09139388319470156,4.206023283706605,24.99907441781698
6860.672,0.09038960020214197,4.205898698844938,25.00083655571768
6863.578,0.09165733150741434,4.206171224440601,25.005598142637762
6866.484,0.09090779619077112,4.2062788355180345,24.997001279577045
6869.39,0.08976288094652836,4.206217542376134,25.00110001666739
6872.297,0.09404536568071314,4.206268819298362,25.00183180146954
6875.219,0.091001325535577,4.206170277339415,25.000070198967112
6878.125,0.09022038938048856,4.206186804178683,24.9946010600778
6881.031,0.0884357674435748,4.206230673662018,24.9999173908814
6883.937,0.08742637337635478,4.206170715245286,25.001462857277136
6886.859,0.09078577496289959,4.206457289862293,25.000989427649834
6889.765,0.08829554758440415,4.206161413750425,25.002726961012527
6892.672,0.09227121129225738,4.206157974278467,24.992177501530747
6895.578,0.09453895805227845,4.206137952388958,24.995518916391894
6898.484,0.09509116813395765,4.2062251283958,24.99689563661609
6901.406,0.09107509540641662,4.206350668080978,24.991349457309383
6904.312,0.09224796389558292,4.206294581493712,25.000489635992356
6907.234,0.09179038404022645,4.2063138842332455,24.99557051918563
6910.14,0.08883807525335795,4.206309105740261,24.99269083430239
6913.047,0.08892484037788631,4.206379229698134,24.992731691490476
6915.953,0.09101861462039494,4.206408716913495,24.98776728535332
6918.875,0.08806930946398586,4.206444939195743,24.979205871770667
6921.781,0.08867558100320441,4.206703579723406,24.98784562095633
6924.719,0.08409254670267083,4.2051879601548565,24.989913457081126
6927.625,0.07792060261152012,4.205937116599628,24.98261748063872
6930.531,0.0802321765528945,4.205659031497475,24.983531333731086
6933.437,0.08138129579550162,4.20558183928841,24.9795330086912
6936.344,0.0830179547458689,4.205554974268021,24.98777344125773
6939.25,0.08311200771100438,4.205236947931186,24.98204988620476
6942.156,0.0848171550802554,4.205219062589002,24.971547171677823
6945.062,0.08575845526788162,4.205187863184485,24.979452028662934
6947.969,0.07933520512545679,4.205280441167285,24.976856178017112
6950.875,0.08350888722688238,4.205269382807128,24.979378632433786
6953.781,0.08040711376364343,4.205674457722615,24.98556840322524
6956.734,0.08490349335241287,4.2053130456644165,24.973422361088822
6959.64,0.08201929269160968,4.205444836234674,24.9762186793375
6962.547,0.08285095340807411,4.205561670531647,24.975161794385542
6965.453,0.07875334533164456,4.205489537618862,24.974734634296556
6968.359,0.07994465981512887,4.205649033821793,24.980473575805433
6971.265,0.07970432159390782,4.205388992668009,24.975117604515265
6974.172,0.08076622002495758,4.205360394770678,24.979734652516594
6977.078,0.08247662359392437,4.2052203950898015,24.971006172368998
6979.984,0.07602945425317721,4.205474670896197,24.97410402912108
6982.89,0.07828074058929949,4.2055542892732545,24.981868724190296
6985.797,0.08068562385196261,4.205475922124691,24.98172500320965
6988.703,0.08034808810450925,4.205282056732954,24.97895415869347
6991.625,0.07909847053676758,4.205545873719814,24.977953652036128
6994.531,0.08183421886766798,4.205269460734098,24.97387821729665
6997.437,0.08368874069461023,4.205626294789565,24.97812424895974
7000.328,0.07861928169357099,4.205315115261507,24.96372884454571
7003.234,0.08255799632868048,4.205328077797898,24.972308418299576
7006.14,0.08171491227741497,4.205565482929262,24.975040334766657
7009.047,0.0836350799259415,4.205200070607003,24.97062752221019
7011.953,0.08236589374254415,4.205468821611532,24.974492631910827
7014.859,0.0830207015747502,4.205302267337312,24.975546024532235
7017.765,0.08176363549729956,4.205543356519451,24.967775160224935
7020.672,0.08228783746851172,4.205551794293902,24.968394829462223
7023.594,0.08060479617765695,4.205845889371981,24.96775570923221
7026.5,0.08409056590204764,4.205085199566899,24.97133089805895
7029.406,0.08097672325018196,4.2055158103466255,24.96440933007378
7032.312,0.08322411750258422,4.205498791141284,24.964836570118244
7035.219,0.08242349036126413,4.205365092814334,24.965561449657617
7038.125,0.0848124066143089,4.20561070652221,24.962303116839152
7041.031,0.08079884795601158,4.2057902058147905,24.967499434999716
7043.937,0.08343957061426663,4.205486748485437,24.960843407175282
7046.844,0.08085230335526421,4.205431086570513,24.96891608922503
7049.734,0.08105706746823646,4.20548898111301,24.968155020140813
7052.64,0.08026678892035266,4.205516920764011,24.974166834736895
7055.562,0.07994121779801053,4.205907288541139,24.967379286649706
7058.469,0.08304001488508282,4.205546464025381,24.96276489798374
7061.375,0.07775533088972617,4.205790353122221,24.967066156182426
7064.281,0.0797130310772856,4.20575083823844,24.96937059458795
7067.187,0.08038748954756061,4.205664580326089,24.968945599969313
7070.094,0.08352219252566949,4.2055637139518245,24.97668962584883
7073.0,0.08142176609752153,4.2057887738643185,24.969150176198248
7075.906,0.07929434285878169,4.205547451184408,24.970895784359282
7078.812,0.07799923087353547,4.205874539596957,24.963734285606773
7081.719,0.08248148607828944,4.205225388395343,24.966147676285498
7084.625,0.08512805018075556,4.2053887243506045,24.972672425365168
7087.547,0.07238239024615957,4.205884784280323,24.966304661152922
7090.453,0.08181424621151788,4.205634688671248,24.963873495813264
7093.359,0.08238068048178504,4.2055861183552805,24.959687017494936
7096.265,0.08016254227806464,4.206000444505336,24.94924243984831
7099.172,0.08125796652539981,4.205786133814977,24.95957690953454
7102.078,0.07937770866818575,4.205883501543168,24.95329530475122
7104.984,0.08136555847179588,4.205614885369732,24.955443523450352
7107.89,0.08095773520768666,4.205737900649194,24.95723810664278
7110.797,0.07899932454137301,4.206017558706294,24.95643187430409
7113.703,0.07989428606324765,4.205801684716426,24.9579112560612
7116.609,0.08155316656420199,4.205616745563372,24.95596236007472
7119.515,0.07765842202699579,4.206136826524999,24.95389047982146
7122.422,0.08136889048914316,4.205859713171651,24.951893174896423
7125.328,0.07667441054755353,4.206060488253579,24.955801234149966
7128.234,0.0786722608774387,4.205969698080034,24.943209105878946
7131.156,0.07783074647422587,4.205887909237292,24.953576783331272
7134.062,0.07958400146262987,4.205479926371636,24.95462290551941
7136.969,0.07648604938604821,4.205820809148764,24.95753452089251
7139.875,0.08368186864348194,4.205876786940048,24.952456419834867
7142.781,0.08035045228157338,4.2058315264014405,24.954863374749287
7145.687,0.0830094426557374,4.20576364070234,24.947093059078096
7148.594,0.07781588883018928,4.205920278272336,24.955170286832846
7151.515,0.0838194811721089,4.20587133680714,24.94812790821207
7154.422,0.08110581485713693,4.205991346261161,24.958448392008407
7157.328,0.07916168436772196,4.206003141371458,24.95171678051598
7160.234,0.0809490615537556,4.205744990477707,24.954576743316224
7163.14,0.08065947228680227,4.20613634384949,24.95546394944693
7166.047,0.07678037354120769,4.206170873395698,24.950270259206825
7168.953,0.07867652394442924,4.205898538180913,24.956458079466216
7171.859,0.07864149088637472,4.206271150157875,24.94711455146425
7174.765,0.07426359618246413,4.206092349064382,24.940438422635005
7177.672,0.07639389478737854,4.206242363876699,24.950042948432465
7180.578,0.08432509667398636,4.205712868835459,24.94653134615497
7183.5,0.08079140996053769,4.2060925976154975,24.940913862425813
7186.406,0.0788846322410131,4.206012884207794,24.942541296369548
7189.312,0.07975803437554059,4.206015667808528,24.937892954528227
7192.219,0.08073978573263049,4.206048204325318,24.950147826609136
7195.125,0.08239422627703964,4.206152594749392,24.95020021511913
7198.031,0.07816499364357112,4.20610885987461,24.945980496413107
7200.937,0.07512726636326279,4.206237134050572,24.945968758807375
7203.828,0.08012076838559799,4.206096264719459,24.942780995855344
7206.75,0.07892686590901143,4.206192947852443,24.943127219871354
7209.656,0.07925612215308463,4.206197915089272,24.94620630115553
7212.547,0.08406967776078023,4.205985146160315,24.942514470501948
7215.484,0.07323365514628627,4.206528383041244,24.950652029289227
7218.39,0.08005854110876288,4.206157465376155,24.93296721926468
7221.297,0.08204567812978139,4.206351394209937,24.935552941411533
7224.203,0.07808592444484543,4.206093259888296,24.933901929985243
7227.109,0.07884664033470169,4.206188882052823,24.939469445964004
7230.015,0.07811379235424867,4.206328296843901,24.93782906028695
7232.922,0.08422040819820764,4.206008908648412,24.933584595962376
7235.828,0.08126024103937131,4.206502331241887,24.935600667362916
7238.734,0.08191701984442074,4.206606435459049,24.931854584179487
7241.656,0.07139491972067,4.205512414672173,24.93062060856993
7244.562,0.0716805608134379,4.205297174882702,24.918550352027466
7247.469,0.06685158807679177,4.205678490591343,24.929815185689062
7250.375,0.0701739796863771,4.205465877699665,24.923466242856318
7253.281,0.06886659016612394,4.205421245184541,24.926588875993506
7256.203,0.0702219952242568,4.205430168806234,24.92616323243977
7259.109,0.07284290671762879,4.205189435518705,24.92246633155653
7262.015,0.07089163974911727,4.205304737760168,24.925159922844767
7264.922,0.07172399297935957,4.205259370232649,24.921063977981554
7267.828,0.06685874249715622,4.205398805663331,24.921318593514446
7270.734,0.07040364779489386,4.205328385560629,24.925528523340056
7273.672,0.07128498196758071,4.2054525848784365,24.91852471885365
7276.562,0.07139681134028253,4.205436622645384,24.917663821208905
7279.469,0.06902908204383602,4.205478777374932,24.914414937352547
7282.375,0.0680176100440966,4.205530648879814,24.921054714177327
7285.281,0.07406881959741414,4.205179561438218,24.921326692392203
7288.187,0.07010438366047171,4.205382974943774,24.920017368131074
7291.094,0.06927832655661555,4.205366665153775,24.910629696160296
7294.0,0.07052894298062805,4.2054775006457445,24.912524966452583
7296.922,0.07293264860409844,4.205105071018353,24.915331331327838
7299.812,0.07195145652459217,4.205405874343111,24.913614482564103
7302.734,0.0721126619876092,4.20544232742028,24.906019718088725
7305.64,0.06957262854620308,4.205452059996929,24.91526331257414
7308.547,0.06908017783349606,4.205266383053738,24.919410423998986
7311.453,0.0702133550281198,4.205367722820311,24.920204658466762
7314.359,0.06974492965883988,4.205624122778054,24.915583841802764
7317.265,0.07467921630911,4.205223072244928,24.909452609888216
7320.172,0.07093762535924843,4.205623573260124,24.91463255238821
7323.078,0.0689174323702521,4.205362673315309,24.908897124129407
7325.984,0.07321315144738753,4.20539248142615,24.913436763859814
7328.89,0.06777823002151175,4.205472883299083,24.90238693785947
7331.797,0.06913063932820081,4.205380727296352,24.90527529769402
7334.703,0.06654222635470987,4.205627663254612,24.90465939124427
7337.609,0.06928399502566752,4.205354673283464,24.903814850641268
7340.531,0.0692457852284068,4.205539849588312,24.90173936007562
7343.453,0.0659609159929413,4.205437323811115,24.907600891382913
7346.344,0.0694721752502066,4.205458720726336,24.908880958601525
7349.265,0.07166061140944709,4.205285075660502,24.907891069292642
7352.172,0.07117699537458336,4.205267463122081,24.897412465342814
7355.078,0.0670773913331546,4.205643913317109,24.902469475098226
7357.984,0.06875428589959436,4.2055158006206685,24.901775913091786
7360.89,0.07057151129309257,4.2056334514224964,24.902281705347086
7363.797,0.0697681790879144,4.2055253660552046,24.906737950013785
7366.703,0.06751700781291928,4.205816443058562,24.898577773423924
7369.609,0.06975827718485073,4.20563793991807,24.898027928965725
7372.531,0.06844030243571968,4.20568908832161,24.90548592886054
7375.437,0.06970406446486777,4.205774096129644,24.896003538036872
7378.344,0.0695317129897723,4.205397248619529,24.898517092088866
7381.25,0.06809279098092562,4.20584040211223,24.897870349670953
7384.172,0.06539257703171779,4.2054901686489465,24.894799335876993
7387.078,0.07126269887360237,4.205519489737513,24.90279846345035
7389.984,0.06985361003390972,4.206013409441412,24.891987499248305
7392.906,0.06976157000774698,4.20582624507221,24.89053852581623
7395.812,0.06535796825356291,4.205723367897809,24.889356322937545
7398.719,0.06911513956870032,4.205949875520802,24.894709080999316
7401.625,0.06800767187099593,4.2056703156904565,24.89497999128295
7404.531,0.06886605643108776,4.205741283581653,24.892385990100557
7407.437,0.07218025206090596,4.205694692644197,24.89115640437589
7410.344,0.06880807810876761,4.2058493530599605,24.890117343251976
7413.25,0.06912672037702661,4.206043099307747,24.890288741664786
7416.172,0.07195648796238144,4.20556677721088,24.887273335913143
7419.078,0.06820849853659929,4.205737914039296,24.892036408926955
7421.984,0.06924688351492714,4.205616622535993,24.885432822085065
7424.89,0.06692165737760811,4.205836322815263,24.889860777503536
7427.797,0.07107324178412036,4.205659079957634,24.885905854515705
7430.703,0.06796781326811568,4.2058054306612735,24.8868145029776
7433.609,0.07033799048620802,4.205917781706833,24.8867377748071
7436.531,0.06906590261905503,4.205745821175601,24.888952409612873
7439.437,0.06901156515622428,4.205652929489903,24.879108955656015
7442.344,0.07034756890913525,4.205831918184311,24.88295637465825
7445.25,0.0689200775004595,4.205910539600048,24.891535040566296
7448.156,0.06943580481331171,4.2058695921058735,24.888037205637318
7451.062,0.06846209107127268,4.205904182802226,24.88361734641588
7453.969,0.06975657523169299,4.206014578180239,24.88769928012094
7456.89,0.06637107541713035,4.206075002081391,24.884828047610473
7459.797,0.0662207289177515,4.205954484290307,24.891720593399036
7462.703,0.07024031107431733,4.206050447391703,24.889114787737864
7465.609,0.07400284483812393,4.20588133332241,24.89268278908042
7468.531,0.06951087334813676,4.205689238890876,24.89197039668232
7471.437,0.06792310445247475,4.205862521140237,24.8841751503204
7474.344,0.06776897991992903,4.205872635024638,24.879456796036845
7477.25,0.07110319498184793,4.205653144406582,24.890982240555648
7480.156,0.06990048635300082,4.205855857181724,24.88900148401471
7483.062,0.07015670991190236,4.205721921060375,24.883618836021693
7485.969,0.06845477759291684,4.206095565075182,24.87724042408336
7488.89,0.07354200087678096,4.205826229586756,24.88480880852563
7491.797,0.07261859994876986,4.205767875643506,24.879608419440352
7494.703,0.06683272978964652,4.206462830063635,24.87769245071427
7497.609,0.06929675457174338,4.2059984412398945,24.886457969753398
7500.515,0.06759412914080097,4.206164970184472,24.885170649889407
7503.437,0.06856588196620186,4.206020539885905,24.888737430732604
7506.344,0.07010208256076016,4.205793640088538,24.883622631981858
7509.25,0.06818836633549305,4.206071873185233,24.875924707458626
7512.172,0.06720388161851433,4.20611298543663,24.879025408321557
7515.078,0.062027219820603205,4.206137225837764,24.872389315846046
7517.984,0.0706188617613911,4.205893510957488,24.88011417718202
7520.89,0.06806902591296832,4.20598741740439,24.876591403891556
7523.797,0.06805650735406174,4.20583029957034,24.868151784229237
7526.703,0.06703159573348683,4.206378375852119,24.88305726297184
7529.609,0.07134184970651095,4.206054250346871,24.87790478339223
7532.547,0.07232739772398583,4.206092909292312,24.87603794689278
7535.453,0.07220421178839212,4.206263048301391,24.867103213668464
7538.359,0.06555711266548299,4.206502479686993,24.876554918632124
7541.265,0.06592706633247059,4.206026595128939,24.872769587516196
7544.172,0.06592884813907017,4.206233915232889,24.870996604057588
7547.078,0.06796560667097981,4.206112474251554,24.871501576721684
7549.984,0.06765596095392588,4.206151396342542,24.86781016560121
7552.89,0.06942042731577053,4.206354650473649,24.870632603826962
7555.797,0.07024428623238786,4.206329758739749,24.873357851767082
7558.703,0.06734965336366347,4.206402813977301,24.866100418802016
7561.609,0.07171558477675212,4.206571963444417,24.862866796492874
7564.547,0.058413178439135176,4.205475743451296,24.865828559302788
7567.453,0.05861716852358469,4.205240666806886,24.86027321743585
7570.359,0.06627431785058728,4.205183301787032,24.86256278753918
7573.265,0.0554626703013024,4.205195443558228,24.857722253167445
7576.172,0.05840663827884098,4.205324074768289,24.859999598013676
7579.078,0.05984809712592251,4.205588807034979,24.863221967033592
7581.984,0.05283752464789854,4.205431500339044,24.863605827471908
7584.89,0.05912574018796312,4.2051414345008045,24.867084346418483
7587.781,0.060051417639968754,4.205360445886577,24.858776722033504
7590.687,0.055566507522178454,4.205386606355883,24.861475931080186
7593.594,0.06110227956902377,4.205303299486507,24.862287472831262
7596.531,0.06142953011501501,4.205235440429811,24.865597967438255
7599.437,0.05869942213036942,4.2052653553154435,24.85963407073386
7602.344,0.05800024164855344,4.205298365799389,24.845175797079154
7605.25,0.05787555302627971,4.205138372506529,24.855729280989536
7608.14,0.058122643320127426,4.205021366000097,24.845920327672868
7611.047,0.05829042403666872,4.2054363576751195,24.855827879646277
7613.953,0.059316597985994104,4.2050961011069665,24.85494425160009
7616.859,0.061820237474073184,4.20501456045988,24.85487194996103
7619.765,0.054895046284073594,4.20558784765732,24.85109480225135
7622.672,0.058466493894635714,4.205414068930403,24.847186346691696
7625.578,0.059798367771274154,4.205674591612051,24.849026045088564
7628.484,0.058704423792045705,4.205466638482007,24.852815690890786
7631.39,0.06183605198411181,4.20521731521739,24.855465932621687
7634.297,0.05791894029944573,4.20523335470888,24.848471856073008
7637.203,0.05469800583294286,4.205237085550209,24.850319473452252
7640.109,0.05733481160768314,4.20555310519215,24.849217357161216
7643.015,0.06123991237796554,4.2050672072271205,24.84531933946275
7645.922,0.05865462388697978,4.20493451276591,24.85138060840955
7648.828,0.060774981961473455,4.205209429560609,24.84948106892718
7651.734,0.06167195613506794,4.205326493108732,24.850201042601203
7654.64,0.05903483130763928,4.205415198413106,24.848000991180918
7657.531,0.06008603681710464,4.205225861986095,24.84376386569439
7660.437,0.05492944957903951,4.205310106977371,24.84797966092013
7663.359,0.06252812386464317,4.205582424889069,24.845703936224552
7666.265,0.05911492291148442,4.2050155505849265,24.850979451027065
7669.172,0.05707269908654573,4.205434343110628,24.849115898441887
7672.078,0.06194104720016197,4.205258727124432,24.844641796724993
7674.969,0.05748561300825709,4.20539087087026,24.83935111578624
7677.875,0.056007377323704206,4.205556141027193,24.838480230514193
7680.781,0.05634557674838184,4.20506680360372,24.838452303902486
7683.687,0.05950961518935961,4.205317084450887,24.839320958150633
7686.594,0.061685378565305295,4.205377215256426,24.845084279895367
7689.5,0.05707367780213461,4.205423870586656,24.851200241279848
7692.406,0.056804730345555304,4.205435275712153,24.844517941115555
7695.328,0.05736811121450232,4.205570452642857,24.843538195588454
7698.234,0.06346942575853523,4.20538748817301,24.83630482174733
7701.14,0.055539147912599576,4.205448091862561,24.83668504328217
7704.047,0.05946050113231908,4.205574126700205,24.840162810674087
7706.937,0.056130639197062064,4.205522341291465,24.834077621540352
7709.844,0.055187755686624644,4.205535376660617,24.838120192300423
7712.75,0.05467356971782109,4.205429426515952,24.832095446219434
7715.656,0.05696579437179591,4.205609499036538,24.835989010169314
7718.562,0.059688527839734676,4.205505223818925,24.83532786493172
7721.469,0.06360326163670493,4.2050910972209286,24.838378568843993
7724.375,0.06191252807168157,4.205206030943229,24.831481229745616
7727.297,0.05664504210606951,4.20576471611686,24.834532266678796
7730.203,0.05971214813368177,4.205618132161589,24.837052789657367
7733.109,0.059419774198886034,4.205140603272627,24.831031480589466
7736.015,0.05544414488609921,4.205354543257182,24.832170305612205
7738.922,0.056098555319494245,4.205442483329672,24.83366408341858
7741.828,0.06123788418656374,4.205754719868873,24.829742102387144
7744.734,0.05961744952544651,4.205447078889822,24.830137354787404
7747.64,0.05749922663993621,4.205514438784923,24.837146830241327
7750.547,0.059386593484563585,4.20551663314269,24.832028667030404
7753.453,0.05926706819408107,4.205346358639746,24.836731861254183
7756.344,0.06044870767250998,4.2054028999307045,24.83201208381201
7759.265,0.056604310745766245,4.205475247321697,24.830316196159227
7762.172,0.05894666863434628,4.205481659819489,24.82865439629273
7765.078,0.058731817714427426,4.205395992673856,24.82962633728814
7767.984,0.058954823346262834,4.205449802156153,24.83835415057642
7770.89,0.05219654739040192,4.205603771270036,24.8277079434266
7773.797,0.06298019018533059,4.2053559001924965,24.83083168892493
7776.703,0.0594285288941845,4.205658727534727,24.832359124960927
7779.609,0.06206068305608819,4.205469381688835,24.827518120392973
7782.515,0.056748321809240734,4.20545673627038,24.82736451118962
7785.422,0.055459302354123226,4.20572061701298,24.8320908358899
7788.328,0.056913579194467774,4.205588224202457,24.82741325373397
7791.25,0.05478474201189875,4.205687651464055,24.833565810465203
7794.156,0.058080330869075325,4.2057662023396745,24.824004002930906
7797.062,0.05583685307460868,4.2057897892354426,24.825672976086064
7799.969,0.0570307727982059,4.205984071667128,24.82021912156783
7802.875,0.05903000115269368,4.205524192492078,24.82661867120003
7805.781,0.05447669475471206,4.205656988345841,24.824660111506212
7808.687,0.05898684181891546,4.205646339919187,24.83095483808677
7811.594,0.05650249040338803,4.205830317778905,24.82642048506611
7814.484,0.057254106542180716,4.205724315258731,24.82419994048965
7817.39,0.056364138790032235,4.205559535975392,24.82132252272577
7820.297,0.057755699970843365,4.205804597063402,24.822182900993266
7823.219,0.054255873933877104,4.2057768638456725,24.817611225947193
7826.125,0.05793962969184291,4.205703517183448,24.81501018212586
7829.031,0.05762913396665019,4.205905090164272,24.825496256436956
7831.937,0.05894983560966593,4.206013090152915,24.819220553720488
7834.844,0.059382926314193674,4.205597889238233,24.820513358216616
7837.75,0.05743539233317885,4.20558095230491,24.817422685062844
7840.656,0.059732127485794574,4.205748923465214,24.81854267378919
7843.562,0.05979333128353101,4.205777581532728,24.81463729709832
7846.469,0.05336191089770033,4.205868113144173,24.81233902398985
7849.375,0.056406428432922595,4.205911849550549,24.809181550759426
7852.281,0.057665746617880875,4.205833262935283,24.810931831026092
7855.203,0.05751716352130297,4.205804654046243,24.811491484750352
7858.109,0.05704117013208013,4.205637404787592,24.812568834303164
7861.015,0.05742489498876044,4.205879568654129,24.813438358595768
7863.922,0.05775138356310596,4.205904221329967,24.820735615029136
7866.828,0.05909675134276356,4.206229324547734,24.82624664130408
7869.734,0.0566000970794964,4.205699988534969,24.8245458119243
7872.64,0.060247450503821985,4.205954704018558,24.813726525353413
7875.547,0.05698827118419092,4.206033618597662,24.815337763976743
7878.453,0.059265003456184226,4.205733285041421,24.81881629548469
7881.359,0.055532704656647405,4.2055804644439245,24.81438093370278
7884.265,0.05764095307883287,4.205965398196406,24.815020080594177
7887.203,0.05725823971643314,4.205852168175001,24.812881531490955
7890.109,0.055001312967680696,4.205757308867745,24.814413653975073
7893.015,0.05605835929036528,4.205969221935276,24.820314292567623
7895.906,0.05890754752830308,4.205918151755177,24.824842999706377
7898.812,0.05496900187899548,4.2058870016745855,24.8168139348021
7901.719,0.056890239290935375,4.205820177517833,24.815284985079263
7904.625,0.06023879037169799,4.205880123669155,24.812904778191694
7907.531,0.05752667262034347,4.20589211179936,24.812652880568226
7910.437,0.056065341725717366,4.2058142475184175,24.812478149727582
7913.344,0.059288491703054745,4.2058323716353225,24.805622539162425
7916.25,0.054605255042640966,4.205799464570674,24.80609251884951
7919.156,0.05727512134162257,4.206065908012495,24.80281714859468
7922.062,0.05746326719582488,4.206083625302421,24.802603685463627
7924.969,0.056263091315228504,4.206087849044155,24.806248920649427
7927.875,0.05881459325315603,4.205916039237688,24.805171384366563
7930.781,0.058676387076661965,4.206015914709961,24.81126617694875
7933.703,0.056378658166057596,4.206050405277569,24.804508856546782
7936.609,0.05904978497040063,4.2060208078519015,24.80854797235951
7939.515,0.05599981664171123,4.206116636305841,24.809566506611862
7942.422,0.05754229346200594,4.206185146815004,24.813800974560145
7945.328,0.059228642323487575,4.205964275761115,24.813456156953826
7948.234,0.05951976591484124,4.206103017245066,24.80702184874322
7951.125,0.060702052508363157,4.205951544940659,24.807166800167078
7954.047,0.05525864470898516,4.206060755669622,24.809646187527726
7956.953,0.058491093018400206,4.205833797177051,24.79908643906757
7959.859,0.06004236192503718,4.206298948309321,24.811205714436728
7962.765,0.05297018832369101,4.206286610166814,24.797177677266944
7965.656,0.05469648983895693,4.206298879810409,24.81124594850815
7968.562,0.061471619669450105,4.206155213309779,24.797620877486946
7971.469,0.05250251409833648,4.206458088934726,24.799696420426205
7974.375,0.05552929101023138,4.206259100127573,24.804860324815415
7977.281,0.05838386535193931,4.206123794149975,24.81037834134222
7980.187,0.054604133222731645,4.206304353646699,24.804030764335334
7983.094,0.05481155590595141,4.206454445922961,24.806849811001218
7986.015,0.05534046517393928,4.206417033227992,24.805300085706595
7988.922,0.056057280418214145,4.206016228783257,24.80079999918564
7991.828,0.058480599334794874,4.206202301518954,24.796619131217994
7994.734,0.0570894177491608,4.205981308291905,24.803559422950354
7997.625,0.05724251856118315,4.206231957401517,24.801846828456664
8000.531,0.05875029305874625,4.206047341963469,24.7994056756325
8003.437,0.055022375903426755,4.206306034141698,24.800944497730754
8006.344,0.05583299339276405,4.2063135828238,24.797855186499596
8009.25,0.055967126356780125,4.206390864883755,24.79726254628087
8012.156,0.05658105268771712,4.206196184890116,24.792992398974246
8015.047,0.05333340140779076,4.206401950053779,24.797988294772917
8017.969,0.05394997493555485,4.20637855758945,24.791728188086047
8020.875,0.05679943486207907,4.206311319480074,24.794079231061758
8023.781,0.05207480565059119,4.206913120352984,24.797059865484584
8026.703,0.04842601221902989,4.205225490993113,24.798810310122438
8029.609,0.046734645700769684,4.20532380924245,24.79660811178004
8032.515,0.04805363546235826,4.205624793728718,24.79650754726423
8035.422,0.04753054829870919,4.205302826903715,24.79177479830831
8038.328,0.051288685666687796,4.2053699354977745,24.801709646526998
8041.25,0.04597328377700297,4.205448432109667,24.800839253343433
8044.156,0.04881738382884777,4.205539624201733,24.794964823260802
8047.062,0.04628897311872163,4.205748956891555,24.788461462496706
8049.969,0.051700324893758996,4.204976087619178,24.78638677167104
8052.875,0.04443291320981855,4.2053614240620645,24.79601169388299
8055.781,0.05088218066866792,4.205372431223494,24.788426678686864
8058.703,0.04738127437823097,4.2051732286695005,24.7896900025481
8061.609,0.05157495084556152,4.2051991767719485,24.78463217547426
8064.515,0.04772100559238765,4.2054052514467815,24.77964119659085
8067.422,0.046375150119160935,4.205299670894398,24.785911058017803
8070.328,0.0451690320416918,4.205442720213319,24.789459768522523
8073.234,0.0507339315477104,4.205001826794019,24.79234897104361
8076.14,0.04582812781448845,4.205306247907429,24.784784759186326
8079.047,0.05218347232897753,4.20524463115202,24.783656043327603
8081.953,0.05087025040708112,4.205353802422309,24.78809123623708
8084.859,0.04590717170604693,4.205265248596438,24.78879537193498
8087.765,0.0464339612691999,4.205405159282198,24.788170949232814
8090.672,0.046863109534042255,4.205245656027364,24.783530395240188
8093.594,0.04550126449605824,4.205365916187985,24.78215268802419
8096.5,0.051628464159240224,4.205078331612807,24.78643822542344
8099.406,0.04654162514307931,4.205481344449153,24.790531834691418
8102.312,0.0499805578322843,4.205108564946569,24.787363679913696
8105.219,0.045583532826674725,4.205354870351993,24.786851648808696
8108.125,0.047516964017511036,4.205765156509626,24.778807439366936
8111.031,0.046553219733533144,4.205266713289646,24.776125590852203
8113.937,0.04151123138996171,4.2055973151699035,24.783836828707685
8116.844,0.043640144722510266,4.205707285400267,24.77969091884686
8119.75,0.04694967153875447,4.205269981525877,24.780370749563428
8122.656,0.0466247422478571,4.205298654269107,24.784058269864
8125.562,0.04568969410596412,4.205149055100042,24.78210986368475
8128.469,0.04862822110895743,4.205222115600346,24.783867777926453
8131.375,0.04437041706424787,4.205270930125387,24.78536143099254
8134.281,0.04672724479459143,4.2053109067048835,24.77985958997292
8137.187,0.0466080862665832,4.205275188091439,24.777838172090785
8140.094,0.05028776096290538,4.205298059473914,24.779156746392633
8143.0,0.0475840000991899,4.2055641486796755,24.778833275133714
8145.906,0.050025951251972754,4.2053230255361145,24.778741881114218
8148.812,0.044268104690624636,4.205204532707797,24.780287026198476
8151.719,0.04602982339922618,4.205509240780798,24.77052492545934
8154.625,0.04962221746979603,4.205283934813853,24.78016631557044
8157.531,0.044406953349069245,4.205459625705417,24.778841104334315
8160.437,0.05076342671987706,4.205173721758213,24.778526224680515
8163.344,0.04858954970915336,4.20552665677596,24.778397248462767
8166.25,0.0443278576269358,4.20549596857789,24.771597436869943
8169.172,0.04776583630427763,4.205465438605873,24.783216664319703
8172.078,0.04448305408267902,4.2054693544527115,24.78489405408082
8174.984,0.04665241866054543,4.2055209952695565,24.77924472899167
8177.89,0.046957681965527145,4.205273312453481,24.779120435208046
8180.797,0.04732725817178717,4.205528311529757,24.783929733926986
8183.703,0.045153171692143154,4.2055705431240975,24.78180225212725
8186.609,0.0493695636050509,4.205499089230268,24.777657852719763
8189.531,0.048923701406568806,4.205534986074218,24.76955794142032
8192.437,0.044404340811843857,4.20558706948678,24.772238016285485
8195.344,0.04622000348998191,4.205551094127637,24.768524040670226
8198.25,0.046020060685287294,4.205522525021867,24.774116607789193
8201.156,0.04463647184943031,4.2054554454902675,24.77826946960543
8204.062,0.04381849699055901,4.20547281530843,24.77216793614878
8206.969,0.04436264329498188,4.205509027368629,24.76665004482496
8209.89,0.044359426090569656,4.205596697699416,24.771372323582824
8212.797,0.044913942053583296,4.205434513181461,24.775051556069762
8215.703,0.04510166820675584,4.205697796650639,24.769301170983645
8218.609,0.049819243241938184,4.205462168958053,24.771969099680877
8221.531,0.045351258185953015,4.205457561483384,24.782078968120963
8224.437,0.04639192462990133,4.205691607165551,24.778190901954186
8227.344,0.042838523518842916,4.205629915020798,24.773713658564773
8230.25,0.04636624829742737,4.205414435227566,24.77313368240011
8233.156,0.049623112724041435,4.205436641205786,24.77077227057274
8236.062,0.04320182295600551,4.2057338691993795,24.775043759972935
8238.969,0.04569312376952131,4.205549585734472,24.77258638587322
8241.875,0.047917188778348226,4.205309374944033,24.779597680188132
8244.781,0.048098597139514664,4.2055236706394235,24.76356028818603
8247.703,0.04541879975188617,4.205685762132619,24.76883890689628
8250.609,0.044100597104979176,4.205353829934372,24.764213752599378
8253.515,0.04737121988608005,4.205516984513999,24.764020468419364
8256.422,0.048403708280223036,4.205270456158232,24.76694022812174
8259.328,0.048853880499295656,4.205719437285699,24.762394609564062
8262.25,0.04497194649621228,4.205520117555005,24.762156215821395
8265.156,0.043961792307007974,4.20555217914987,24.76528618687226
8268.062,0.04497521566385068,4.205914315541193,24.766962916722
8270.969,0.04779005289067463,4.2055508943829425,24.767109604760485
8273.875,0.04879790751486633,4.205562270263616,24.76516470570142
8276.781,0.04476826189559662,4.205598271912092,24.770178474285526
8279.687,0.047965227284103996,4.2054511227074025,24.767704367470888
8282.594,0.04639195519852571,4.2056916751293585,24.766008242481725
8285.515,0.0507621266048399,4.205535206260106,24.763618903211402
8288.422,0.04273701863709162,4.2058680438603515,24.765759319009838
8291.328,0.04437859099074154,4.20565901367753,24.763370904417904
8294.234,0.047922070859676646,4.205821637761267,24.760352344735608
8297.14,0.04528486961099818,4.205508039465818,24.76175028830881
8300.047,0.04817684599204792,4.205644188913739,24.759322270625823
8302.953,0.04922593140153691,4.205569917565644,24.766275512299167
8305.859,0.04726236612468436,4.205947523559336,24.755557822392404
8308.765,0.04934893238389324,4.205405156979433,24.762063503655547
8311.672,0.04596843078553609,4.205754718660334,24.763544551863223
8314.578,0.05044551812953483,4.205674002782922,24.762442859988813
8317.515,0.04649091197794796,4.205702432101706,24.764994471923973
8320.422,0.0452711146083129,4.205737011650118,24.761874986527385
8323.328,0.04611533259085535,4.205682947906215,24.760972990472055
8326.234,0.04728079865365403,4.205899781469147,24.762180376474774
8329.14,0.05054741075535878,4.205770676955437,24.76314544817738
8332.047,0.043980873705186725,4.20579913073031,24.7553792340799
8334.953,0.04715664543998763,4.2060470689429135,24.75845579679773
8337.875,0.05014489717668351,4.205599516164617,24.765085021234512
8340.781,0.04662808179841786,4.205734185133053,24.762173762489958
8343.703,0.046917140191618335,4.205792065360725,24.764116040867364
8346.594,0.04209726242324011,4.206166453457247,24.759518060463375
8349.531,0.0466663685149524,4.2059324886089655,24.76313814060264
8352.437,0.049836724797758955,4.205832084179312,24.768860981587206
8355.344,0.04514263765882813,4.206023130928564,24.763754259402035
8358.265,0.04645886773904696,4.205684789095329,24.757922266469137
8361.172,0.04333127050455181,4.20607691989995,24.76649806643628
8364.078,0.04665736061366807,4.205927921312105,24.765321181752014
8366.984,0.04402644128772809,4.205951160789518,24.75820222387669
8369.89,0.04597552093940557,4.205962864828751,24.76161887085495
8372.781,0.04506771253175918,4.206038477038838,24.75536934803626
8375.687,0.04826263097172013,4.205780118625467,24.753991200076708
8378.594,0.048111677033689425,4.205739394232534,24.765275099978183
8381.5,0.04801063000569327,4.206094791160479,24.75633432103266
8384.422,0.04488369838036997,4.2056017032182575,24.759752277515485
8387.328,0.047217621663031534,4.20594936279311,24.750073522435116
8390.234,0.046953866948754495,4.206235467363173,24.759584509745622
8393.14,0.047391122301936955,4.206258180685519,24.7569770753461
8396.047,0.046975562078811636,4.205807645091282,24.754791535415965
8398.953,0.04715713126552053,4.205757571839682,24.756115222128653
8401.859,0.04592030856335789,4.206088485672002,24.75863513358123
8404.765,0.04894871659637119,4.205693325331798,24.75200850223137
8407.672,0.04594599438977199,4.2060549561708145,24.752001020060575
8410.578,0.044089100108078386,4.206120625293072,24.75792258681496
8413.484,0.047924243391059884,4.205859528602678,24.74804767193533
8416.406,0.045282658169844614,4.205892647412925,24.74748411868749
8419.312,0.04544957475990381,4.206048707394328,24.74809644144901
8422.234,0.04619893219656107,4.205858236085316,24.744191580554954
8425.14,0.04512690794983838,4.2062993284973516,24.746549445282483
8428.047,0.046108545001436754,4.205919349439538,24.74913768883495
8430.953,0.044547750675593266,4.2059253408572435,24.74633020577117
8433.859,0.04459624484146073,4.206068519251225,24.74440978821215
8436.765,0.04619476545745317,4.205986542541488,24.746936683473137
8439.672,0.04729250503525294,4.206203591765977,24.742706973923944
8442.578,0.047134196213173114,4.206013966360265,24.74925765588161
8445.484,0.04529035010862896,4.206188590428679,24.750035358888383
8448.39,0.049013327138905806,4.205825727477107,24.7468099701399
8451.297,0.048321383463497396,4.205875383635568,24.749213757602256
8454.203,0.045091723427882355,4.206110824095863,24.74757850495198
8457.109,0.04798639719426476,4.206153978773377,24.750090731080874
8460.015,0.046968565387529276,4.206390412164384,24.753113034740874
8462.937,0.04571852442633254,4.2061720906974225,24.75436978783012
8465.844,0.04661108183510721,4.206034799709049,24.748705661849087
8468.765,0.04691799230492117,4.206065424958151,24.748388531641183
8471.672,0.045791520635972756,4.206123565652674,24.752857601894018
8474.578,0.04628967709720397,4.2061374366457285,24.754369593203023
8477.484,0.04551889595198081,4.205973862302262,24.750527281987335
8480.406,0.04586301211638616,4.206143482578789,24.754754219576167
8483.312,0.0450942673213481,4.206118241865957,24.745257004885854
8486.219,0.04624905005285449,4.206317689683218,24.743903737183143
8489.125,0.04721776279092493,4.2062730022679995,24.741195052217154
8492.031,0.04517849222687589,4.20601782565601,24.751274193244925
8494.937,0.04683578930681907,4.206327431808091,24.754455751289605
8497.844,0.04428365707948085,4.20650043754204,24.747603875412082
8500.75,0.04538266738710309,4.20626772938695,24.743932113343533
8503.656,0.045791909125638845,4.206468790672146,24.743923792981622
8506.562,0.04588177699861779,4.2061836114656765,24.74833817129046
8509.469,0.04739536538892216,4.206017377200147,24.745814646034667
8512.39,0.045676608291137066,4.206221693074089,24.74611347337213
8515.297,0.043058655316494596,4.206312063589921,24.734602993402305
8518.203,0.048011387026047486,4.2061463209840655,24.743358332791384
8521.109,0.04452778118051135,4.206419839271233,24.74855411586557
8524.015,0.0472741357124274,4.206150630159767,24.7466606393632
8526.937,0.04394465914040925,4.2064059077498825,24.73980691585659
8529.844,0.04793948616022284,4.206169349876368,24.73904207871326
8532.75,0.0415214032586752,4.20614707376872,24.741742470348537
8535.656,0.04514183463124733,4.206463216932044,24.74277274732564
8538.562,0.044656016798361856,4.206209549953549,24.739253947729893
8541.469,0.043016759505129246,4.206294074482499,24.743579859345594
8544.375,0.04465879828123536,4.20622225625755,24.74497641017712
8547.281,0.04536116237982643,4.20658537850144,24.73521873912218
8550.219,0.036603789246703634,4.205309681801636,24.743579199768437
8553.14,0.034079598585030194,4.205252612497382,24.752185591344983
8556.047,0.0365291340150887,4.205407037084888,24.740961206880534
8558.969,0.034929428351690835,4.20560204280703,24.73749753822164
8561.89,0.037409024366412184,4.20516150514941,24.73004326523278
8564.812,0.03644555663764082,4.205205405493247,24.73635432237387
8567.734,0.03583868823587917,4.205396223875438,24.737588134350936
8570.64,0.037452946943688815,4.205325901902622,24.73488544876787
8573.562,0.03479202625350643,4.20542785602413,24.740277408715087
8576.484,0.040168587197650645,4.205070678105274,24.736713027922363
8579.406,0.03493808949691795,4.205287641488695,24.738495190246066
8582.328,0.03832392299246136,4.2052924276327355,24.73022444885307
8585.265,0.03988235050805516,4.204994881595569,24.73596465991594
8588.203,0.03632766050208878,4.205249280601327,24.739566357299342
8591.109,0.036687605591348926,4.205343687669913,24.732614843275513
8594.015,0.0371988918330893,4.205215800735692,24.74055369813702
8596.922,0.03398005235020261,4.2054502765770625,24.735937145517315
8599.828,0.03774396443048516,4.20523112893646,24.730523585817977
8602.734,0.035584611176442224,4.205373589504288,24.733506624082427
8605.625,0.03673958909326494,4.205369976544037,24.731607177309193
8608.531,0.03421261218546652,4.205206871952617,24.73426922322231
8611.437,0.036584303194722716,4.205355822282749,24.729941327111494
8614.344,0.03201110328828644,4.205401751952347,24.741092626075403
8617.265,0.035056364568684543,4.205357617148015,24.73711619426225
8620.172,0.039234500786613745,4.205251090566318,24.73541210723112
8623.094,0.03603701823658539,4.205350805476103,24.737252890839848
8626.0,0.034609817099727096,4.205265400977424,24.733739885082095
8628.906,0.03799221969744549,4.205111026804876,24.730022770112694
8631.812,0.0344647493799911,4.205130842024674,24.732201555382737
8634.719,0.03482174394235297,4.205304871514759,24.733048296347675
8637.609,0.03614836473472444,4.205522913494857,24.725871534458964
8640.515,0.03382955230924492,4.205469471088836,24.740690138104092
8643.422,0.04038217704945159,4.204953185865306,24.740110592397148
8646.328,0.03639239913651808,4.204829382100582,24.72938962414647
8649.25,0.03769790625360556,4.20531829512726,24.734774998972355
8652.14,0.037616361640148574,4.205264450360897,24.73289715256892
8655.047,0.03920017828169322,4.205128610848633,24.728302224551783
8657.953,0.038774585484305124,4.205079695283231,24.73745086983623
8660.859,0.03348491345906932,4.205169800305874,24.732416990206357
8663.765,0.037157082590911314,4.205217523468932,24.735703071648494
8666.672,0.03508906604913197,4.205113953284619,24.738105315645377
8669.578,0.03718315455364115,4.205300028033137,24.73925490772757
8672.484,0.03514701664222506,4.205245379928116,24.72937864207728
8675.39,0.03583694245189888,4.2051478003839735,24.73213913019976
8678.297,0.034409558637166694,4.205263867737183,24.726832299884304
8681.203,0.03794612583719,4.2050968684020615,24.72776161603717
8684.109,0.03561712633454871,4.205182716147745,24.73057118973616
8687.015,0.03590082133920237,4.205392981455663,24.732860632021012
8689.922,0.03585618190611208,4.205193075073549,24.734902486840046
8692.828,0.03519427863359014,4.205176048474873,24.73456074927986
8695.734,0.035106654029173456,4.20551458025853,24.739763897227455
8698.64,0.03713010823931428,4.2053067893722105,24.73568194343193
8701.547,0.03765403802729273,4.205097557971138,24.73222011570731
8704.453,0.03365968953287247,4.205371396716869,24.73196560555972
8707.344,0.03274739491774925,4.205483418378399,24.722345845142623
8710.25,0.03638950153045401,4.204861390165644,24.723959153306286
8713.187,0.03575003279231317,4.205392764735553,24.722821680314993
8716.094,0.039960799862317625,4.205084200233173,24.722090611475526
8719.0,0.03697157872946401,4.205217214262356,24.7268752190495
8721.906,0.03341346078646438,4.205099050907415,24.719851041916606
8724.797,0.034471218091097315,4.2049656664730435,24.72671508241443
8727.703,0.03926680859028506,4.205013986470299,24.729934346630955
8730.609,0.03772603281778476,4.205342432661549,24.717085119375888
8733.515,0.035833903404735315,4.204965743293041,24.721376823566505
8736.406,0.034200503626353324,4.2055997741281015,24.724316889813956
8739.312,0.03922879152572893,4.205065851227107,24.7219004002014
8742.219,0.03816164240363763,4.205241778235905,24.724505676133713
8745.156,0.03201267841279224,4.205264348243371,24.720941142913905
8748.062,0.03601334154714256,4.205263804162378,24.720170671804194
8750.953,0.036922771513939946,4.20511677909114,24.715752027965067
8753.859,0.036729446633553015,4.20511401858202,24.723935801708144
8756.765,0.03428180321076137,4.2052421787869,24.722853193002628
8759.672,0.037826449505504775,4.205371631530312,24.72556200680025
8762.578,0.0376900185914287,4.205255014874411,24.721570695105708
8765.484,0.03790325270111308,4.205457819779964,24.723900442889168
8768.39,0.03621301896711672,4.2050117952096855,24.72129628786869
8771.297,0.036480531009083765,4.205311493745878,24.727060873905135
8774.203,0.03331100816037225,4.205511936189691,24.724644520786438
8777.094,0.03652997204810022,4.205148041006279,24.725853018151106
8780.015,0.0350348134591067,4.205328622606484,24.725132714962378
8782.922,0.03465159624465691,4.205456766918186,24.721657065216498
8785.828,0.03718166685892663,4.205390335467273,24.726254092763106
8788.734,0.033539455472506835,4.205418193360496,24.71949606524704
8791.64,0.03284898917434494,4.205457009275232,24.718900416499405
8794.531,0.03252118643585376,4.205416116118603,24.720055058164064
8797.437,0.03366765598279431,4.205476197893979,24.716712700071174
8800.344,0.0331392581151426,4.205284623328338,24.717758417089193
8803.25,0.03749800733330339,4.20541040934948,24.714789899622712
8806.156,0.0394778278603646,4.205337424893902,24.717076082960055
8809.062,0.032579457584398314,4.205448809361355,24.71272107658957
8811.969,0.03711094034822264,4.205580474322294,24.717819665763283
8814.875,0.04335399069946913,4.205127455256241,24.721903686874292
8817.781,0.03739879029530028,4.205159971645842,24.71605057245467
8820.687,0.03695845022065519,4.2054237381523585,24.714555000402704
8823.594,0.034470024888748674,4.205473760269305,24.71790250092721
8826.484,0.036093957395408806,4.205421430535008,24.710164946533705
8829.39,0.03500367263994356,4.20527050910747,24.71944690493848
8832.297,0.03510481533664299,4.205382572681681,24.71391821230777
8835.203,0.036739634840501106,4.205490396617673,24.708067431876195
8838.109,0.03870773516894389,4.205260320656254,24.712235975090923
8841.015,0.03657626045307906,4.205291242890707,24.716405440890334
8843.937,0.035108175526429176,4.205207729446814,24.718870698392713
8846.844,0.03208800105693527,4.205454591652994,24.70977621239061
8849.734,0.03855641082729908,4.205203587800296,24.70859598535833
8852.656,0.0368840987590367,4.20537803059648,24.711606775196344
8855.594,0.036449057715741244,4.205525392229601,24.71049056297567
8858.5,0.034569211204288734,4.205764897182306,24.709427791560664
8861.406,0.0336547178493205,4.205369115301504,24.70857981459251
8864.312,0.03758481099385262,4.205489850533917,24.71074923231938
8867.234,0.03464297323049127,4.205417531312499,24.70906236712644
8870.156,0.036270468813582556,4.205396792881736,24.70671567260774
8873.094,0.03665046557358244,4.205335227759093,24.71077021573737
8876.031,0.03283814911349057,4.205412273272243,24.70250751753381
8878.953,0.035231551888995925,4.205523792434909,24.701720504628092
8881.922,0.034845095496513365,4.205488892675542,24.699762879544178
8884.844,0.036712415172612214,4.205243543151824,24.708395142998047
8887.828,0.03643314256860288,4.205657226000651,24.711648997007142
8890.734,0.03373147120572708,4.205571607891831,24.70026845758865
8893.703,0.035134636608113175,4.205501654601537,24.70707289243201
8896.703,0.03655468326234135,4.205605255656715,24.70007627722886
8899.75,0.03639280011606906,4.205420547082201,24.69168776903013
8902.797,0.03301594539555652,4.205643815671016,24.707464039320694
8905.812,0.03465129264363477,4.205342749553032,24.701893737784623
8908.844,0.03520773813172648,4.20568442986644,24.70257940331239
8911.734,0.03391742338106517,4.20549064084252,24.70352615175558
8914.687,0.03594520019307561,4.205256969034462,24.70137087834296
8917.703,0.035090825123225214,4.205370790567957,24.69645962723076
8920.703,0.03249358524570868,4.205689084431685,24.697929847814887
8923.734,0.03656241936326249,4.205421845375276,24.694958986281872
8926.734,0.03393822936884098,4.205382087868773,24.69990132305295
8929.75,0.03514260164934889,4.205320652627335,24.698543293395453
8932.781,0.03524431666069524,4.205529122630592,24.70266180856375
8935.75,0.03209709978995307,4.205527953566615,24.703779187483583
8938.687,0.03357973355482864,4.205454121849216,24.698867269835635
8941.64,0.03639310080294733,4.205622648863383,24.69207299225396
8944.625,0.03414352052177266,4.205682923641357,24.701939841128812
8947.672,0.03800145615279365,4.205497076506348,24.70137392382085
8950.64,0.035241694925530496,4.205610346756557,24.698697384965858
8953.562,0.03833702863287931,4.205432988945746,24.69918584579849
8956.547,0.035539745302118925,4.205738085480253,24.698700641816526
8959.5,0.03388666172441052,4.2055371365668455,24.69882595930469
8962.469,0.034497020164044684,4.205645231756619,24.69621945673413
8965.375,0.037589900514813826,4.205555408382127,24.703433422542155
8968.281,0.034337929377652905,4.205639861444262,24.694402086519304
8971.187,0.03357641516272336,4.205733821544427,24.69629345004226
8974.094,0.034770839560712745,4.205621544346967,24.698920407094494
8976.984,0.03546612407387873,4.2056067140106945,24.701954537163857
8979.89,0.03361366371624954,4.205587648967241,24.706890144085133
8982.797,0.03111419139814785,4.205635705023694,24.703038495403263
8985.703,0.03566972811971169,4.205575694132867,24.699338910792452
8988.609,0.03316893127500735,4.205350405750203,24.704367802747587
8991.515,0.036022506214115665,4.205673898462486,24.69995842014636
8994.422,0.03659353003721361,4.205665300625468,24.708318270163133
8997.344,0.03490043531967147,4.2056733845482945,24.701897373049377
9000.25,0.03393778287294089,4.205583866993432,24.697377174896978
9003.156,0.036543506450541885,4.205380915419322,24.69906276145641
9006.047,0.033814868241023574,4.205619044169634,24.693281887533352
9008.953,0.03506528640419723,4.205436920498602,24.691376631027556
9011.859,0.037384458881253683,4.20568875526906,24.70081783729668
9014.765,0.033249313642737484,4.2058051181317895,24.691592525267144
9017.672,0.034262237331536216,4.205820323295544,24.6996498350288
9020.594,0.034566939453588824,4.205812328204786,24.70044171490934
9023.5,0.03749561056011882,4.205717792178926,24.69692852515509
9026.406,0.034058249722517565,4.205762188655634,24.696830344603462
9029.328,0.032800979598526646,4.205779484896472,24.69822537848789
9032.219,0.034414114771450614,4.205892376081807,24.692580095869985
9035.125,0.03408165116044862,4.205546845347495,24.691525647582047
9038.031,0.03425034311354696,4.205620645108085,24.691115306832863
9040.937,0.03229896617393765,4.20585523052055,24.689935309847332
9043.844,0.036869852151226554,4.205581948204115,24.69610112006287
9046.75,0.034584424341771794,4.205715390150961,24.687997799537776
9049.64,0.03626245168594385,4.205652739236506,24.689396582854656
9052.547,0.034247435081833894,4.205715251571132,24.687825468396337
9055.453,0.034609066464703096,4.205790178067718,24.6857254135972
9058.359,0.035149242832839336,4.205634075659691,24.68550018688192
9061.281,0.03528244426860597,4.205633603272156,24.69580892369534
9064.187,0.03326159715897957,4.205642064231396,24.68556027954095
9067.094,0.03485887156701457,4.205788174228012,24.688931413934764
9070.0,0.03559853859622683,4.205829533004352,24.685616745349606
9072.906,0.03462436045907106,4.205776437318534,24.68870124034084
9075.812,0.03585040310917068,4.205690425719966,24.6997910420034
9078.703,0.03657244425754138,4.205915428274046,24.685197293971534
9081.609,0.03510565338607609,4.205692250708816,24.681826421157638
9084.515,0.03258482949598042,4.205968714515129,24.686870025692485
9087.422,0.03652798032303023,4.205639765129284,24.6897958401809
9090.328,0.032211813654999956,4.20599161656479,24.693901343947886
9093.234,0.03812649862195148,4.205725416795508,24.693115238979082
9096.14,0.036864605288984276,4.205859777671264,24.689385591374773
9099.047,0.037051609822164336,4.205718373795422,24.695480628421127
9101.953,0.03691026665447612,4.2057591918921196,24.678905311377132
9104.859,0.036000076299738504,4.2057776246301195,24.6876718242789
9107.75,0.034930827589718855,4.20590973183407,24.685148716497206
9110.656,0.03539986343634153,4.205768234250888,24.675054720321892
9113.578,0.038483872051010296,4.205997943380021,24.673946248692474
9116.469,0.03519970090893097,4.205939947516954,24.679604904070388
9119.375,0.032703429883509626,4.205889730917139,24.675735993323073
9122.281,0.035021987927143526,4.205762296164313,24.680286570215937
9125.203,0.03459701704203631,4.20575445440462,24.67989993192965
9128.109,0.037040365432025886,4.20575359626605,24.677419895553726
9131.015,0.03347549642682122,4.205874160600004,24.683861955175214
9133.906,0.03369269363138525,4.205836486841459,24.683627373931728
9136.812,0.03395797892768025,4.205973255582044,24.68088474258779
9139.719,0.03649013172027824,4.205675826487368,24.67524021608211
9142.625,0.03247925380583862,4.20584455914106,24.681681426297345
9145.531,0.033554489847448576,4.205854967264728,24.67747849785655
9148.437,0.031231978074970045,4.206024891408518,24.668781847772852
9151.328,0.03476251988272411,4.205740655721472,24.674808842263324
9154.234,0.03438579099479148,4.205754669373426,24.674369682515206
9157.156,0.03532916886911953,4.205908635775059,24.66405909868341
9160.062,0.03557868630278324,4.206018810207846,24.678511972168305
9162.969,0.03470260655996413,4.205868802373493,24.673377907971773
9165.859,0.03476407523233864,4.206118293428625,24.681678791700335
9168.765,0.033979210987889766,4.2059265688290335,24.67737833035156
9171.672,0.03390707951411238,4.205921275010128,24.67867683260875
9174.578,0.03492504157776,4.205833803553042,24.679791965313253
9177.484,0.034825131431590405,4.206023407842341,24.67932538114391
9180.39,0.034720949734293634,4.205839748881478,24.673555219025936
9183.297,0.034551181406203696,4.20584166596973,24.675857752041992
9186.187,0.033991992395860295,4.205976824124608,24.677200805587834
9189.109,0.03402247865138288,4.205929676471895,24.676819652071753
9192.015,0.033921070262507985,4.205950405657367,24.66895182909818
9194.906,0.03524838955355366,4.205964328487484,24.68406186885463
9197.812,0.03501457989539423,4.205994267924161,24.680726276962858
9200.719,0.034192593593433934,4.206214727076618,24.67283942201079
9203.625,0.032975605377126335,4.206109159918435,24.673267001175127
9206.531,0.034435404588875236,4.206152006870592,24.678657760751374
9209.437,0.0355913817841002,4.205969715708238,24.671436046492953
9212.344,0.034189187062641214,4.206193565459941,24.67709164795328
9215.234,0.0344046926958718,4.206060093048549,24.68347983346884
9218.14,0.03342763502325351,4.20597671881235,24.674776070959357
9221.078,0.03190050921684386,4.206020625252559,24.676109039772772
9223.984,0.03486509530695366,4.205888744579935,24.683683995892018
9226.89,0.03292815117413856,4.206198718402431,24.677112977337647
9229.781,0.030284778769871325,4.206346271117752,24.674728009519658
9232.64,0.035320960132968975,4.206072400099354,24.678465690018594
9235.484,0.030591305894196168,4.206202343313352,24.67360938461912
9238.375,0.03522687280820929,4.205961521100646,24.679313866029783
9241.25,0.03216651391103815,4.206127550023195,24.67526362574364
9244.14,0.03831576122678441,4.206116443429333,24.67088989071806
9247.015,0.03402945511529509,4.2060593018653485,24.669892707767854
9249.906,0.03640882101029328,4.206126097071859,24.67363398001291
9252.812,0.03472854215634099,4.206155779504029,24.669318031262886
9255.703,0.0355646046634951,4.206225842368459,24.671701077934497
9258.578,0.03194673750402421,4.206023709235372,24.656576572897247
9261.453,0.03870373643459723,4.206099179498906,24.670355806026954
9264.344,0.03599836850858809,4.206124080330115,24.67397910165018
9267.234,0.03193292580829698,4.206293024769859,24.665497947181027
9270.109,0.03352642830879686,4.206188897036758,24.665323568912626
9273.0,0.03465824315446865,4.206203284761739,24.671866372569873
9275.875,0.03529938580557901,4.20608521716275,24.678223825690292
9278.75,0.03536495643132785,4.205878907495936,24.675471874772203
9281.64,0.034096667349399194,4.206183858294764,24.667647083388875
9284.531,0.035092799693785905,4.206137942431481,24.67090675436338
9287.406,0.037285191733985895,4.2060475630291085,24.679929829013382
9290.312,0.03314899781397375,4.206174800526568,24.672422018933627
9293.14,0.03483106062971175,4.206167178435254,24.669809630977483
9296.0,0.033840948326868674,4.206277046098784,24.66999514820871
9298.859,0.03312318695823776,4.206214096457213,24.668873459057743
9301.734,0.03466866296313412,4.206349069316566,24.671488310280395
9304.625,0.03277817464920066,4.206133704126139,24.674804862698217
9307.515,0.032887398961099185,4.2062190535488835,24.669731207776845
9310.39,0.032057228942026644,4.206141484979287,24.6701589876977
9313.265,0.03220802032563819,4.20607481362888,24.66832634077113
9316.14,0.03445708191454747,4.20630796842273,24.670064335270848
9319.031,0.03325823374047489,4.206306692168757,24.67097321119851
9321.937,0.035071306942504,4.206288604357202,24.670995181793195
9324.781,0.034739815323252515,4.206190636659357,24.660948215442495
9327.64,0.03288618695188538,4.206275099792674,24.665981767083522
9330.484,0.03461135106019301,4.2061530481478595,24.668208018846354
9333.375,0.034348604827251356,4.206323618407312,24.668935689133168
9336.265,0.0334642513776588,4.20628638984202,24.666453693236488
9339.14,0.03348345779787137,4.206261195837673,24.670769651462322
9342.031,0.03198337207978045,4.20631938696427,24.660424467701755
9344.906,0.032669729948198,4.206339282744008,24.670768757105012
9347.797,0.03665442682636726,4.206381316225442,24.6697319275942
9350.672,0.03288160788072044,4.206086557006876,24.672698054384064
9353.578,0.03163556874104372,4.2065172954305305,24.67045941625911
9356.422,0.032175156061414245,4.206293485054864,24.66491557056056
9359.281,0.03394994577236935,4.206274214532422,24.657713302133573
9362.14,0.034457977083726166,4.206360205656652,24.657684088917076
9365.015,0.03208175886902902,4.206349313823602,24.66025385353236
9367.89,0.035985745450436056,4.2063352199766415,24.666596656855123
9370.781,0.032918194868694094,4.206471734350049,24.663645661143207
9373.656,0.03297327716778143,4.20602315647304,24.666379190312295
9376.531,0.03225862201784005,4.206222774840025,24.661975195251912
9379.422,0.033529487658633304,4.206452132707739,24.6562375026817
9382.312,0.03133374604301025,4.206501270832127,24.658847175497762
9385.187,0.03418836565575794,4.2062804564847305,24.657870276680004
9388.094,0.033482088626601264,4.206203853270191,24.6620032507515
9390.937,0.03355116327050003,4.206299698639057,24.660607092237758
9393.797,0.0334665039998413,4.206458951380624,24.662281935878326
9396.64,0.035269724951100985,4.206558348666641,24.66223254078486
9399.531,0.0324254592688331,4.206606239754649,24.65774274698538
9402.406,0.03393910201852464,4.2064272231388395,24.664941908977315
9405.297,0.0342292317690162,4.206353525008167,24.65863833031985
9408.187,0.03308325567253627,4.206635449614928,24.66034147474604
9411.062,0.03054146183674202,4.206478628326645,24.662039420526778
9413.969,0.033218035299799574,4.206373662922078,24.66122556353999
9416.859,0.03293730648644781,4.2065437609934655,24.66271897213405
9419.75,0.0357077496213805,4.2063623566590875,24.661639235509536
9422.625,0.03135646375576357,4.206392138950631,24.65468815682896
9425.515,0.032396527047250864,4.206430168817001,24.659225053186606
9428.39,0.032928306346679447,4.206537244717844,24.663937931036532
9431.281,0.03382531271919804,4.2063280797353615,24.665163881861275
9434.156,0.03199050496523057,4.206685568673148,24.664790572122396
9437.047,0.034689611739505105,4.206732237200968,24.665395509189377
9439.922,0.030396204738095386,4.206493230494395,24.66483958272595
9442.812,0.03299160147385687,4.206378052030193,24.66807516016858
9445.703,0.029908532967743706,4.2065352499048805,24.66211722964696
9448.578,0.03453249265128984,4.206748628140113,24.663635167219073
9451.469,0.03239925665276548,4.206516336437069,24.661295792472472
9454.312,0.032865154271113375,4.206453420959561,24.663825509167868
9457.172,0.03327950032741867,4.206753889901836,24.65643999290678
9460.031,0.03306829388588222,4.206556853993013,24.662105443393244
9462.906,0.03040983832836165,4.206654243412544,24.662790740240585
9465.781,0.036042840671824346,4.206589945971807,24.65982649354782
9468.672,0.03121284060119064,4.206701315919629,24.659706149960698
9471.547,0.03533123896809802,4.206767247549953,24.658876795900554
9474.437,0.033965095157322836,4.206564090071779,24.662524879907995
9477.312,0.03232450679117541,4.206597203449737,24.658403773268194
9480.187,0.03432157590489475,4.206684886990004,24.660422972792244
9483.094,0.035794516386833286,4.206911805718839,24.653519127885332
9485.937,0.031115366288532138,4.206479235086062,24.655870120014875
9488.797,0.030368500364348495,4.206454003078108,24.65492165677331
9491.64,0.034432705340215225,4.206617161921634,24.65076250715499
9494.531,0.03274719218935282,4.206592103363655,24.651310514987514
9497.406,0.035045518289229076,4.2065088597995155,24.652981653420902
9500.281,0.030067453042335768,4.206371827573043,24.65727928437233
9503.172,0.03238197657178724,4.206386039868108,24.646722856149356
9506.062,0.031556338732993204,4.206753382626115,24.64536722015991
9508.937,0.03211757297260894,4.206490303833284,24.642316824998645
9511.812,0.03141156805518753,4.206627791945128,24.65384230042891
9514.719,0.03248770279281277,4.206525601895587,24.6467035987745
9517.562,0.03245689984912184,4.206688918008212,24.655283722946816
9520.422,0.03647605019147594,4.206752861813048,24.650880429147175
9523.265,0.03294468490555216,4.20656431656641,24.651436935056346
9526.156,0.03135575692065741,4.206544504996264,24.649094496119872
9529.031,0.03228751097838105,4.2068681078650645,24.649166852196966
9531.906,0.031549304125277206,4.2066046002446,24.654548849386448
9534.797,0.03264694482588785,4.206630536295369,24.647007016360998
9537.672,0.03354193948794121,4.206383002042164,24.648176215282714
9540.562,0.03266271413400531,4.206893656976307,24.65210461754498
9543.453,0.031978919368891,4.20650108332045,24.64830795206442
9546.328,0.032480440983536085,4.2066266595212065,24.653698038900256
9549.234,0.033060891520219876,4.206847334161344,24.648482598575715
9552.078,0.034586876584363824,4.206708990238299,24.64657906988112
9554.922,0.03224618631492917,4.206793892891852,24.647552593066283
9557.781,0.03635384019582194,4.206542636228582,24.64736142387321
9560.672,0.033792899051840186,4.206626156687001,24.64296576690939
9563.547,0.02989319050696734,4.206650958596209,24.647168299394785
9566.437,0.03331012714173733,4.206677410808234,24.644671587057143
9569.312,0.029994528070526064,4.206770392945275,24.644613968352385
9572.203,0.03459375925970123,4.206692060342789,24.644093731656486
9575.109,0.03316018955116609,4.206573617567725,24.638664604068556
9577.984,0.03240617415741662,4.206850311153637,24.643066100442788
9580.875,0.03148993646422957,4.206693042731285,24.639998577253373
9583.765,0.03204738806348012,4.206967995412465,24.64193583308118
9586.64,0.02928471907444903,4.206773908583039,24.639352018033264
9589.515,0.02985919176350315,4.206943448989545,24.64511227423309
9592.406,0.03353268847523318,4.206793872295228,24.64580907331714
9595.281,0.029847363445660392,4.206800200227463,24.63724182108764
9598.172,0.030496855435408837,4.206948034708037,24.639422246847143
9601.062,0.028550664757894396,4.20702524297843,24.641025582857857
9603.937,0.030569755825956033,4.206744403466021,24.644981966140847
9606.812,0.029060929691926,4.206998308320108,24.64016044529773
9609.687,0.029532111977919655,4.206552381763472,24.63934399607992
9612.594,0.031022444731374058,4.207101809074033,24.643064918425623
9615.437,0.03441354804668189,4.207046111222035,24.640901118057357
9618.297,0.029355940848062402,4.206746623761459,24.641343926043437
9621.14,0.030139417506033498,4.206942229422184,24.63964795445483
9624.015,0.03127024327729795,4.206828496871017,24.63933858745413
9626.906,0.03538317501686216,4.207128350685671,24.643628641329826
9629.781,0.031087218198168145,4.206777475802358,24.642673361577707
9632.672,0.03334219698672023,4.206883614240379,24.63887179262057
9635.547,0.030295522489119896,4.206861981093936,24.641484359375525
9638.437,0.03422727202922937,4.207080069009072,24.64460489441004
9641.312,0.027858352914695256,4.206982897209895,24.642454114266375
9644.203,0.030426194161575843,4.2068823008011424,24.64046063379331
9647.047,0.035259577647993354,4.206678202835704,24.644683795621745
9649.906,0.03457144330831122,4.206787593100669,24.64484270498552
9652.765,0.028831314723475762,4.207284856726201,24.643203124333745
9655.64,0.030232417617568667,4.207031432112075,24.643115151793943
9658.515,0.029344800067779675,4.206735778639389,24.63602337863314
9661.39,0.03105244847256966,4.2071093478274895,24.63686754047002
9664.281,0.030410547354057512,4.206962969338793,24.641075705663383
9667.156,0.03392436565062984,4.207057555126923,24.645713493770252
9670.047,0.03480487661653106,4.207063655926234,24.640954931782346
9672.922,0.03514375951707627,4.206881208476548,24.64078944276635
9675.828,0.03267314206380484,4.2069592332173436,24.64171003956056
9678.672,0.033245513351232235,4.2068662956431275,24.644223771761613
9681.531,0.03337093779572905,4.206901747591258,24.634149083462052
9684.39,0.030965651982449983,4.206940098967161,24.647207999365733
9687.265,0.0318889149728239,4.207047415202842,24.642664488489995
9690.14,0.03252685436515873,4.207069651903871,24.637728966094677
9693.031,0.0293197961664153,4.207055632006476,24.637315325906282
9695.906,0.03505002113725762,4.207172317436867,24.64048925559811
9698.797,0.026940404236158517,4.207355670527424,24.64608746016024
9701.687,0.029697637641325447,4.207069224217103,24.63976463901539
9704.562,0.029553329696138886,4.206927608611709,24.62902281698095
9707.437,0.034994057387862355,4.206912104189997,24.63266287654714
9710.359,0.02777210057166803,4.20706745895518,24.63295216970219
9713.187,0.03344012486890651,4.207201613447613,24.632705600824213
9716.047,0.03184412625983874,4.2071611433214375,24.631445041145113
9718.906,0.03462364524200339,4.207341559032728,24.63182345716983
9721.781,0.033218259534297086,4.207085565112401,24.63639980225329
9724.656,0.029786808150230312,4.207294899617326,24.63284969426191
9727.531,0.03317137762044064,4.2071332073320145,24.634741636404176
9730.422,0.02793480977975465,4.207058712792976,24.628844621022818
9733.297,0.03050763372003687,4.207243855138525,24.64121698956146
9736.203,0.03482239025487455,4.20691934211492,24.635655214217373
9739.094,0.03439290838365781,4.207103355420905,24.632310584101266
9741.969,0.03155772934994629,4.206956749154196,24.637384904772617
9744.844,0.031462279799863935,4.207363446241001,24.634975001157624
9747.734,0.03131204991329758,4.206897215811141,24.63495924214422
9750.609,0.029199859040376006,4.207264196106755,24.63736701873484
9753.5,0.03160021178109971,4.207350853752406,24.62855571321104
9756.39,0.030033833873067114,4.207352591581501,24.633882748083863
9759.265,0.03153466640885223,4.206972882026608,24.64016407147959
9762.14,0.0345774579505172,4.207212511912186,24.630127877053425
9765.031,0.035736397258301716,4.207072644121847,24.63299031464863
9767.906,0.03242360101477114,4.207222683554745,24.632191840987737
9770.797,0.030377908393390787,4.206964351677897,24.633979002844395
9773.687,0.030113300526815476,4.207165772489662,24.638571495218535
9776.531,0.030503668246260517,4.207256426190739,24.638071758336782
9779.39,0.03094447605281661,4.207022125217863,24.6358601213413
9782.25,0.026619308353617272,4.207202142031396,24.64497535220559
9785.125,0.03283105841629344,4.207366390860992,24.636781031085913
9788.015,0.029583039386778847,4.207418864615843,24.633499094684982
9790.89,0.03341250331818639,4.207303887568114,24.6307259280498
9793.781,0.031171500859806047,4.207149138494422,24.63381274088379
9796.656,0.032782354025229644,4.207334021994431,24.638516197378603
9799.547,0.03460774578780865,4.2071728248696045,24.626535767343544
9802.422,0.031230602811841854,4.20720231029774,24.63249196481618
9805.328,0.034294457696790744,4.207028656271714,24.636678651329117
9808.156,0.032384797459623714,4.207239904203397,24.62876848687538
9811.015,0.029508278117741284,4.207334568572386,24.63412477791601
9813.875,0.03545884494301256,4.2074930472739185,24.632387334832217
9816.75,0.029512521547243455,4.207479582665091,24.635530084800216
9819.625,0.030118714565708214,4.207163168462149,24.62836678995808
9822.515,0.03218488738531287,4.2073969849953095,24.632986156951382
9825.39,0.033778607656276764,4.207256613173435,24.629247134312077
9828.203,0.032985646666382526,4.207435795532527,24.635921047698705
9830.984,0.03091581195175198,4.2072962775342,24.63476129995917
9833.781,0.03045825990014985,4.207352865525574,24.63436897081248
9836.562,0.031030859031535723,4.207169729096203,24.640030339490142
9839.359,0.03257654691145196,4.207331767572527,24.64981073905543
9842.156,0.03139407066246996,4.2076733756223526,24.63865509988584
9844.969,0.02084499234334217,4.20662651419335,24.633227618549867
9847.797,0.011577144174644801,4.2057517935658835,24.640657995210915
9850.578,-0.0006396662387649481,4.2035349682624785,24.633020223736917
9853.328,-0.0024755708584536257,4.204259035758469,24.634605554146223
9856.062,-0.0031052870642743844,4.204543719950517,24.64125531324631
9858.797,-0.0018565454898047627,4.2041828852372385,24.635163107562054
9861.531,-0.0003131743150483509,4.204404505858918,24.633310987078332
9864.265,-0.003186412815247394,4.204191163514368,24.63286524967034
9867.0,-0.0014937261433833056,4.204180110096235,24.63550855486341
9869.75,-0.0037408355855384464,4.204287625625789,24.637259035153736
9872.484,-0.003264256184059029,4.204253331566019,24.636431179768373
9875.219,6.167893970056686e-05,4.204167947619524,24.637722726389402
9877.953,-0.0006292239452696351,4.204301504282746,24.652504826178838
9880.687,-0.002359898104971624,4.2041211121847075,24.639472155088296
9883.422,-0.0029614313119150047,4.204145638565496,24.63623084421213
9886.172,-0.003834036891600228,4.203984679701039,24.642345086318326
9888.89,-0.0021796931362132003,4.2041063298117605,24.64179350631076
9891.625,-0.002543325163217759,4.204182097274809,24.643458764901155
9894.359,-0.0025933096223971757,4.203992797266444,24.633520439307375
9897.094,0.0009325559995631052,4.204034659249655,24.640634048971872
9899.828,-0.003067814591096501,4.204040219122692,24.63643642510078
9902.578,-0.002698219176862219,4.203696691277373,24.637788777803372
9905.312,-0.0010146888203442423,4.203681723435386,24.632441529229222
9908.031,-0.0045116141713806325,4.204024386226891,24.63393093959485
9910.765,0.001996427603584728,4.2038519872729525,24.637884091563958
9913.5,-0.0011171787487657989,4.204009511603686,24.632493589993853
9916.234,-0.0006102164039646818,4.204089682509079,24.631915270619093
9918.969,0.0026833464503388943,4.203874962134356,24.632537089532992
9921.703,-0.001003394512854758,4.203611654022729,24.632666005040747
9924.437,6.702736147116667e-05,4.20376484558744,24.63312323314414
9927.172,-0.002753967301489587,4.2035285119078525,24.63460487504838
9929.89,-0.0012522365687516036,4.2036549544229445,24.62942071541261
9932.625,0.0035015036011677913,4.203601176501441,24.624458993088734
9935.375,-0.002942713446263053,4.203470677709374,24.636287807081676
9938.109,-0.003255891454500072,4.203576255622806,24.63510062047645
9940.844,-0.0009454204876399799,4.203420901370561,24.640902937841265
9943.578,-0.006217886956322388,4.203398999112645,24.65024202236944
9946.297,0.0014874004028834758,4.203661945127924,24.643202988789668
9949.031,-0.001904967627234411,4.203596754429405,24.636895473662808
9951.765,-0.0023833522876346392,4.203441284676227,24.637100191578856
9954.5,-0.00043187968383655756,4.203527757214459,24.638740962354852
9957.234,-0.0017213384899532206,4.203319262298303,24.64688221491443
9959.969,0.0007175717803328933,4.2033328486092785,24.650200861034953
9962.719,-0.0013977501076521787,4.203552273027622,24.651799502304755
9965.453,-0.0001086764880505063,4.203712453157625,24.645356877471624
9968.172,-0.002998473216234828,4.20293274180339,24.64266257952436
9970.906,-0.0021473653921366604,4.203296574503553,24.63975829391718
9973.64,0.00015469296119871906,4.203195204393119,24.630887380824067
9976.375,-0.0012097095931520618,4.203377725238534,24.635474135880667
9979.14,-0.002960062946388842,4.202922782580357,24.63031612243198
9981.859,-0.00027482201481220147,4.203119660904726,24.642847943982115
9984.594,-0.0042618531155658905,4.203120111622837,24.649639294462137
9987.328,-0.00020337445558007134,4.203017936745653,24.632639832243974
9990.062,-0.003046451051533868,4.202998757871626,24.638618281389245
9992.797,-0.0005712683100393455,4.203174019573865,24.635828141249448
9995.562,-0.002201226968392654,4.203104255026112,24.629752291993235
9998.297,-0.0023008335493044036,4.2031997504817795,24.633575425166143
10001.047,-0.001844864748604282,4.20295222696224,24.639507079331363
10003.781,0.0001464242215493803,4.20311585664575,24.63803161448829
10006.515,0.0011091651052460322,4.203026779391934,24.635967298842132
10009.25,-0.0034546269657567802,4.203149647523947,24.634735505153717
10011.984,0.001825498665556356,4.20295958703747,24.63279033443129
10014.719,-0.002301569546938213,4.203058220267552,24.638772423738395
10017.453,-0.0017129903982371414,4.203158209338215,24.63143148900073
10020.187,4.03200002453692e-05,4.202970368723753,24.63515724337227
10022.937,0.0027014388776322017,4.202914306053,24.636109333362036
10025.672,-0.000886503885607798,4.202915370200737,24.626868636409924
10028.39,0.0003781031454064214,4.203168848022982,24.636821202446992
10031.125,-0.0007123607720685033,4.203025666061972,24.638011400904222
10033.859,-3.469134867142338e-05,4.203165412121617,24.633723708248237
10036.594,-0.0003169277346490771,4.20271862865259,24.632272325978846
10039.312,-0.0003859923369337196,4.2028509825105616,24.624648008959653
10042.047,-0.0027960152779972574,4.202754150717835,24.638387985952473
10044.781,-0.00037063965377531505,4.203053390676095,24.639892070900117
10047.5,-0.0011947645837129782,4.203023899423375,24.639755680084676
10050.25,0.003923090221126135,4.203212341453235,24.63405164395724
10052.984,0.003434387797362331,4.203196726355263,24.636875948467548
10055.719,-0.002501050694609076,4.202880859276436,24.636653923101797
10058.453,-0.004298942634953578,4.202626542791993,24.64137480791392
10061.187,-0.0005603059947069768,4.202623031992941,24.644444266249785
10063.906,-0.0029039062906538135,4.202825973707192,24.63860755100218
10066.656,0.00185729471783941,4.2024764564343995,24.641993864284935
10069.39,-0.003967831392025614,4.20277189525623,24.63315048252207
10072.125,-0.00046437714300904165,4.202591312717435,24.635938295333204
10074.859,-0.0028118730077368705,4.202904689984151,24.638023101019577
10077.594,0.0005474475678690377,4.202735374618917,24.642333293897643
10080.328,0.000710684479525524,4.202749974506607,24.636226833589607
10083.047,-0.0020330365127226822,4.2026699626926165,24.644947967446548
10085.781,-0.0006391290821459369,4.202690113191857,24.640292383876492
10088.515,-0.0013942641332924356,4.20274598281081,24.634440607591422
10091.25,-0.0016040105578690915,4.202567794436472,24.639846315094715
10093.984,-0.002978010251537591,4.202483526977355,24.640959766076264
10096.719,-0.003604450238885348,4.20271763755456,24.633838858743033
10099.453,-0.0031666042603197453,4.202386178710353,24.639738166136304
10102.187,-0.002315491297692866,4.2025190331317726,24.6362134563441
10104.906,-0.0021179067647348355,4.202659912733459,24.643148592920895
10107.672,-0.001864171625265003,4.20238379607736,24.627572539835697
10110.406,0.0007691502055868731,4.202775107689146,24.629221740179812
10113.14,-0.0030339257780203446,4.202551270817268,24.63771509380824
10115.859,0.0012979026935844736,4.202291126884468,24.62636860784107
10118.594,-0.004156487306563175,4.202321816870297,24.637540849158512
10121.328,-0.0013541165720531672,4.202601837621431,24.63432662986769
10124.078,-0.0014930232219414665,4.202439676406053,24.637436975017412
10126.828,-0.002143355146284859,4.202522697813932,24.635148251870874
10129.562,-0.0035699239905266494,4.202609335669408,24.637332553983818
10132.281,-0.0020974712685696956,4.202472380055798,24.636778849222335
10135.015,-0.0030171944003741674,4.2024345730924875,24.641089470598484
10137.734,-0.002182041727673612,4.202221899066579,24.643357324411067
10140.469,-0.000691699281998006,4.202521407079245,24.64116354105508
10143.203,0.002634587150634653,4.20260817570322,24.642908924949307
10145.937,-0.005072941718484918,4.202543214533589,24.637959280265893
10148.656,-0.00016737972128716904,4.20229942997133,24.63600741364179
10151.39,-0.004306340612779079,4.20234754228776,24.629595105117833
10154.109,-0.0025264661287736105,4.202443847377474,24.63549360409926
10156.844,0.0006997519506524149,4.202379749559187,24.633562510884868
10159.594,-0.00029253888060101155,4.202190372935783,24.635592097527464
10162.328,-0.001276695632669405,4.202232768946775,24.635134517763387
10165.047,-0.002449679204445354,4.2022146132885165,24.62980890695163
10167.781,0.0012117338272989303,4.202287187888244,24.640513917994245
10170.515,-0.003068142582659828,4.202156694979309,24.634456194660952
10173.265,-0.0026104378671098077,4.2022156888056825,24.6312958867588
10175.984,-0.002662122676152329,4.202225798496307,24.628597912458122
10178.719,-0.0008274437440256521,4.202443383553659,24.630330620446376
10181.437,-0.004720774465869792,4.202401237191046,24.63601276462164
10184.172,-0.0004535376061608927,4.202112259406525,24.639262950418416
10186.906,-0.002730573224401873,4.202289970051296,24.6359266550462
10189.64,-0.0011431042276134184,4.202413282772922,24.634310375089775
10192.359,-0.00199724011900697,4.202220330022566,24.632129462962073
10195.094,-0.0022009128806492364,4.202216998458122,24.62733926902643
10197.812,-0.0010307798278315244,4.202221797817156,24.6321526484885
10200.547,-0.0009360172072059713,4.202139722081847,24.635910286789095
10203.281,0.0007969067894090716,4.20238100560638,24.63463529650211
10206.031,-0.0014609914401666109,4.202067219072714,24.63457334386359
10208.75,0.0009046107458574735,4.2022348845024675,24.633908036806705
10211.484,-7.952448329322344e-05,4.201778591470769,24.63835735770558
10214.203,0.0001131391416920901,4.202331301031413,24.632785608004088
10216.937,-0.0008521231241400293,4.202043975045391,24.62808109468462
10219.672,-0.0025900964308116824,4.202093540899143,24.627703021771964
10222.406,0.0006149229605266458,4.202035509903084,24.62580469804596
10225.125,-0.0021515999055330267,4.201937334389492,24.622639185110728
10227.859,-0.0033153074378975073,4.202227443815386,24.627285215195986
10230.594,-0.0007204106660503887,4.201929064161669,24.623852587502345
10233.328,-0.0027208885604920775,4.202201637848747,24.63044775413477
10236.062,-0.0015710643867473367,4.201922142218174,24.642373121252657
10238.797,0.0006001751503278574,4.2019217878091855,24.636930190806325
10241.531,-0.002797967990343609,4.202075591099593,24.632181653727617
10244.265,0.00020238922629026485,4.202072469663186,24.628447702873522
10247.0,-0.0015882296435490004,4.2019947419727,24.629510223313257
10249.734,0.0009365020353081066,4.201940278430372,24.628410584937342
10252.484,0.0002085543542460757,4.202038817322361,24.631597331125494
10255.219,0.0006199619045540707,4.201863278583886,24.631389770058416
10257.953,0.00017324159064548557,4.202169959825007,24.63073872001621
10260.687,-0.0015265973468127367,4.201899975557534,24.633160967009925
10263.422,-0.0026998587911812445,4.202105775084332,24.63003995567258
10266.14,-0.00435760909695329,4.201995382187028,24.62963587913049
10268.906,-0.002989200785351105,4.202041694666371,24.6275021359365
10271.64,-0.00035815125384794214,4.202156800178173,24.62352033864695
10274.39,-0.0020871833667981668,4.201986270954666,24.628776338050933
10277.125,-0.0006806034643113719,4.201919572778218,24.626213128822023
10279.859,0.0003977590258993796,4.202111221410322,24.628132502567027
10282.594,-0.0013690282663352189,4.201970435277853,24.63067860362088
10285.312,-0.0030070948060961144,4.201926262158038,24.634978613024618
10288.047,0.0011268810664941404,4.201973435051719,24.639095579187572
10290.781,-0.0019959859096150613,4.202175962909635,24.629904026727814
10293.515,-0.002372218996689725,4.201709649016471,24.63486276159851
10296.234,-0.0018813652466087973,4.201939555424301,24.62425154811876
10298.969,-0.0010114165503290935,4.202002255627727,24.62797499413727
10301.687,-0.00017087115036728976,4.201714062507124,24.632199820088175
10304.422,0.0011903541528092427,4.201955667050308,24.62665920056078
10307.172,-0.0029328128107442473,4.201665226714274,24.627987282964003
10309.906,0.0018962185699704498,4.201776365098572,24.618914028825778
10312.625,-0.0015841868476733907,4.201706835449224,24.62279226835056
10315.359,-0.0025255114515313577,4.201712775475063,24.61851483285309
10318.094,-0.003086695165998318,4.201497775234847,24.6238640668192
10320.828,-0.0025494267610880277,4.201819708132848,24.631749816001257
10323.547,-0.0028121635238600815,4.201907202405109,24.62597932089237
10326.281,-0.0007543998958253865,4.201794781601642,24.618564254117796
10329.015,-0.0017375528965685768,4.201700771793175,24.61960645095596
10331.75,0.000840948406553675,4.201739596233826,24.61934604210386
10334.484,-0.0039147044838729675,4.202088575759324,24.624333271446837
10337.219,0.00026763842819853967,4.201938732060173,24.620542026735556
10339.937,-0.0037192232281033854,4.201513838677623,24.621279881091574
10342.672,0.0015748929300476644,4.201820689694547,24.617809798256857
10345.406,-2.2783471885532384e-05,4.201496117121638,24.623031406681953
10348.14,-0.0007562793691181495,4.201665891135443,24.617203646837403
10350.875,-0.005402342515074647,4.201606044828941,24.61982977873698
10353.609,-0.0019071884283269713,4.201551274243302,24.62241273664539
10356.328,0.0026750465271393247,4.201673831532636,24.6258306702121
10359.062,0.0006174499713528568,4.201822153179294,24.625654945877383
10361.797,-0.00045196687404658624,4.201686822652058,24.624202539375883
10364.531,0.001296418209126781,4.201622793484435,24.627486117101
10367.25,0.0002178715767896186,4.201549800040706,24.615940162935708
10369.984,-0.002485620214942587,4.201453761435088,24.61627181025702
10372.734,-4.7203377941757285e-05,4.201606316336887,24.61797822394152
10375.469,-0.0031643119431659606,4.201605703220306,24.623468578908824
10378.203,-0.0013551654186938068,4.20169310488835,24.621937540559816
10380.969,-0.001626599808121169,4.2014499003096635,24.626978899943445
10383.703,0.00018710374358027668,4.201711991310562,24.630249426341802
10386.437,-0.004340363590242192,4.20187159704622,24.623583030102342
10389.172,0.001270746099973786,4.201602652210335,24.61990175622732
10391.906,-0.00406262563451041,4.201734077111742,24.62504644382834
10394.64,-0.0011649614042340058,4.201781832896471,24.618071731435045
10397.406,-0.002478554242905136,4.201539350461432,24.6166303778298
10400.14,0.00018963280372881215,4.20157974871567,24.623089454110648
10402.875,0.0002909968144623607,4.201488965106791,24.62299443992802
10405.594,-0.002451179322622718,4.201751536587203,24.623142547345843
10408.328,-0.00028582798857273333,4.2014915076175425,24.6188855883951
10411.078,0.0004485032687214833,4.201599487831338,24.62725424759289
10413.812,-0.0031345203330991503,4.201351436799058,24.625717655831778
10416.547,-0.0008786415256463169,4.201506977915044,24.61778248569877
10419.281,-0.000499309537478741,4.201535367258913,24.62149946022049
10422.0,0.001493991819944012,4.201543506261245,24.62038002810318
10424.734,-0.0033738901336121665,4.201652772564143,24.61280632307132
10427.484,-0.0003925525063013835,4.201444877696714,24.61754957439116
10430.219,-0.002741448375736274,4.201481319419815,24.611579106681642
10432.953,-0.0020424012147747467,4.201411001356434,24.61400185299372
10435.687,-0.005295796004624932,4.201519028791815,24.61482952179561
10438.437,-0.0038572132262202487,4.201433870993554,24.618639514062853
10441.156,-0.0012663629565048656,4.201397864491254,24.616117481764665
10443.906,-0.0018654708970959424,4.201308795500398,24.617322001004148
10446.64,-0.00409398780611674,4.201502663037251,24.612697532696355
10449.375,-0.0007596175097468158,4.201207096637195,24.619430895227254
10452.109,0.0006432659780149397,4.20124072580189,24.611412072363436
10454.859,-0.0012126802416716203,4.201533747200708,24.613677549669692
10457.594,-5.463608826818625e-05,4.201572410103642,24.61072146685516
10460.328,0.0018173888684730997,4.201409727395715,24.613621884015767
10463.062,0.00256797715860048,4.201321449746007,24.611155548459923
10465.797,-0.001999843635360161,4.201363618985549,24.612871862667337
10468.531,-0.003994986358871131,4.20139592943708,24.60584474514368
10471.281,-0.0013808728534772247,4.2016533164059595,24.614247425751486
10474.015,-0.0033848351977796526,4.201304841709551,24.617199833456205
10476.75,-0.001512440323231114,4.201437218875454,24.609623863747288
10479.484,0.0016270799329307565,4.201237443774923,24.614102463604098
10482.219,-0.0007771322820556455,4.20143688756467,24.61439432195855
10484.953,-0.0022502611737947875,4.201156018348968,24.613447596566456
10487.703,2.029382283937145e-05,4.201720089730601,24.612232988117846
10490.437,-0.0020515187673323795,4.201305166033696,24.612428041407767
10493.172,0.0011274251335959022,4.2012525205087705,24.61272303391796
10495.906,-0.006453373768638769,4.201310793283598,24.617241454015986
10498.64,-0.00023459162612391238,4.201339633580552,24.61417554128319
10501.375,0.00019615983025837386,4.201256330101925,24.61442318343139
10504.125,-0.0020256754552051663,4.2012340099585925,24.60324730451548
10506.859,-0.0031091998604949075,4.201322047737837,24.619169845149994
10509.594,-0.0023282987257497744,4.2011405621344,24.609947182254817
10512.328,-0.0008558808551271556,4.201342768840277,24.613657937246387
10515.062,0.0003136387666500903,4.201398591569807,24.608521378153448
10517.797,-0.0006693201188006785,4.201296087540927,24.60734001326366
10520.515,-0.0025442360263331133,4.201301837595659,24.611835517449432
10523.25,0.002106103821694917,4.201171129659475,24.613521628541296
10526.015,-0.00433026317751232,4.201207097447514,24.607868110979123
10528.75,-0.0021145076659217395,4.20101680422273,24.613278142126806
10531.484,0.000513398972181841,4.201494467640193,24.613517430809488
10534.219,-0.0038959867679309074,4.2011572654046345,24.61174079730772
10536.969,-0.0006104507735503212,4.201145180441348,24.61598655772892
10539.703,-0.0026371982324691775,4.201258604553223,24.617287553038956
10542.469,-0.0012429961367753375,4.201091741856369,24.618277781642302
10545.203,-0.00359185940205216,4.201426845484418,24.613298006960708
10547.922,-0.00406265593760186,4.201426429723087,24.617385730030072
10550.656,-0.0001329884526720947,4.2013412039039535,24.619969743702317
10553.39,0.0007052324294458503,4.200990560769843,24.61532470654966
10556.125,-0.002886303531092402,4.200901480395142,24.61166900661509
10558.859,-0.0010036171016936048,4.20116070262515,24.61318278618193
10561.594,-0.00191526724152332,4.201155252631688,24.619133908952634
10564.328,-0.002201485881392226,4.20118967503234,24.61255590802318
10567.062,-6.154490379198691e-05,4.201417528045994,24.611774702281693
10569.797,-0.0019292982624812118,4.2012237499457985,24.618058100097787
10572.531,-0.0010003124764067248,4.201184639933607,24.613847660259708
10575.25,-0.003326478224058922,4.201327789121806,24.61339027369334
10577.984,-0.0016389033621889157,4.2011655270608905,24.614142733963444
10580.734,0.0007746280901581005,4.201486679789056,24.618480034256077
10583.469,-0.0022471912176847846,4.2009479011029365,24.613567369083412
10586.203,-0.0008380164189402348,4.201077520558084,24.621563675117514
10588.937,0.0015897445734391854,4.201127404522931,24.6114338058453
10591.672,-0.001994155739662079,4.20100733296934,24.61371497898587
10594.406,-0.0013919158849898597,4.20099011940984,24.612076692947362
10597.14,-0.0018418545663752288,4.200931733561822,24.616357059269387
10599.875,0.00036715916401620615,4.201049304855937,24.612587620888206
10602.609,-0.0006555414530964036,4.200889087075048,24.613797429184267
10605.344,-0.002866918305885659,4.200942991113494,24.61731136739364
10608.078,0.0005217122866735084,4.20096455950907,24.615801419767827
10610.812,-0.0019203793252798441,4.200980002091812,24.616893129109243
10613.547,-0.0014073590335910695,4.201008850173216,24.617691486165945
10616.281,-0.00021939924417701203,4.201135919317828,24.613120018251617
10619.015,-0.0023345942475046675,4.200859915791546,24.613862501714447
10621.765,0.004578397271996852,4.201052785745805,24.610434883051763
10624.484,2.901998909151142e-05,4.2006203757419405,24.604372842138776
10627.219,-0.0004643106591970722,4.201062721873504,24.610171485377617
10629.969,0.0016586216985859893,4.200892054741964,24.608719192200063
10632.703,0.00039893777571353977,4.201097807161523,24.60660777831126
10635.437,-7.54951896343651e-05,4.2011316582720974,24.606072389086705
10638.172,-0.0015450677345192464,4.200975165112185,24.60410554307145
10640.89,-0.0010270436702517723,4.200881150149774,24.605699405853105
10643.625,-0.0005588327811590348,4.200855152687893,24.60899697401201
10646.375,-0.0039018515892404594,4.200549882637971,24.612019966208802
10649.109,-0.0010090557440308506,4.200963857301389,24.611764514019512
10651.828,-0.0034690839846834463,4.201293438659039,24.618760561093055
10654.594,-0.005727121673690152,4.2008244153503895,24.617240655397357
10657.328,-0.0018393845538445311,4.20094197545149,24.604766174815108
10660.062,-0.0001380403089017356,4.200997762228998,24.609451606943068
10662.812,0.0026055091418155656,4.20110038271838,24.612839376863253
10665.547,0.0006021498422666143,4.2008339082559765,24.603324382629744
10668.265,-0.0003847107561308557,4.2009989448695775,24.604481533425588
10671.031,-0.0007516060502606166,4.200775241256577,24.606437098566
10673.765,-0.0036041158633016252,4.200808517840252,24.607919725619144
10676.5,-0.0014005195835943803,4.200839354790865,24.60597983903957
10679.234,-0.0030466467020019575,4.200697024434319,24.602095023534332
10681.969,-0.0024261999150995287,4.2009163022199525,24.610631678509794
10684.719,-0.002775077514832297,4.200982724759178,24.59947933106632
10687.453,-0.004268873663185786,4.201073638458135,24.608049468880353
10690.172,-0.0023143883875202413,4.201090310836537,24.60507121555373
10692.906,-0.001770878903035658,4.2006762444244625,24.606831325293044
10695.64,-0.0026611130469618408,4.2009202157492975,24.613444322478234
10698.375,-0.003775761219102476,4.200893819130294,24.60785794057836
10701.125,0.0005121386815632864,4.200867345720006,24.605602742714694
