time,current,voltage,temperature
0.0,-0.0040497005103601845,3.6706339636663254,25.385534817629146
2.562000000000001,-3.7178619152316905,3.2804947276742316,25.394263432000308
5.234000000000002,1.5138910540412183,3.8017072544450854,25.420473937945296
7.687000000000001,1.5136906172272802,3.817829480291342,25.433238461031184
10.156000000000002,1.510861583418582,3.827923434593851,25.43085035918459
12.625,1.5099227344683857,3.8355919168633252,25.416227817217557
15.172,1.5121473696860832,3.8423354457968832,25.41692465663139
17.703,1.5159713930354306,3.8471785569306602,25.409297991892963
20.218,1.5148879924661338,3.851881577299907,25.39647887586227
22.750000000000004,1.5135075001380487,3.855951475651664,25.392711336121035
25.297,1.5106149503052764,3.85957582286475,25.38923719431401
27.812,1.5142161761626531,3.8627968153278345,25.379372589255503
30.343,1.5132362221586904,3.865320340266282,25.368776154787703
32.858999999999995,1.514449850973696,3.8682622839952137,25.358748325059352
35.39,1.514666108326438,3.8708228015219412,25.34349499678691
37.906000000000006,1.5112332470470151,3.873454803068671,25.341655648167897
40.468,1.5142306397568983,3.8752405436328528,25.327615491183536
42.983999999999995,1.5118608554056843,3.877377733551714,25.33047254243517
45.515,1.5153658721950956,3.8795453753033082,25.315446004262018
48.031,1.5140956136461547,3.8812800293565464,25.301877813256556
50.562,1.51216632009591,3.8832478646115898,25.30760541138443
53.078,1.5129756156414569,3.8847056905599033,25.314005586933487
55.609,1.5106461633700747,3.886478437754011,25.32452461685552
58.125,1.513608508712463,3.8884562926118855,25.306360429450482
60.656,1.5140227842933374,3.8898336424212365,25.30829185668622
63.172,1.518163005253035,3.891268011987799,25.30930067147335
65.64,1.511218751362586,3.892556150896797,25.311406265613094
68.125,1.5139881033580052,3.8941966744563445,25.309910155663797
70.578,1.5142113350381854,3.895568223149621,25.30757025226958
73.062,1.5145985163774853,3.8969610387032705,25.299800888234003
75.531,1.5131672449245392,3.8983595814790655,25.27673594892595
78.047,1.516321057234286,3.899753988605345,25.264564144034413
80.578,1.5134548510876809,3.9010601328958803,25.25990818744673
83.093,1.5122737161204927,3.902298568224317,25.273192950147415
85.625,1.5115625543476445,3.903730863177729,25.26250001738967
88.14,1.5121096449902311,3.9047330274111514,25.266584595830235
90.609,1.5134481719599615,3.9062652650363727,25.260728006055185
93.078,1.5103179977763936,3.907805175659696,25.26841938526029
95.578,1.5119728186059853,3.9086240222423183,25.279061865631597
98.093,1.5162358471230821,3.910059701582647,25.27716729456765
100.625,1.5116711013660145,3.9110829134931486,25.282930382899067
103.14,1.5140907167117574,3.9125836638064877,25.28917418091508
105.672,1.5129514096108485,3.91343994582405,25.28238305690281
108.187,1.5104519219142118,3.914741030489531,25.272925212543417
110.718,1.5142795721939808,3.9159392246610465,25.26132773535719
113.234,1.5161213755875158,3.916939409085118,25.23838339227538
115.75,1.5169653181565532,3.9183063974793226,25.218606501708024
118.281,1.5121859971951608,3.9194410513565963,25.2410435666937
120.797,1.5139322205942551,3.9202836423966745,25.232542106784614
123.328,1.5139088538188734,3.9217550259422436,25.23855075134619
125.843,1.514367585275642,3.922706167914666,25.260928309060503
128.359,1.5111174459013965,3.923724700174801,25.262030477797108
130.89,1.517256966321378,3.9247056641992564,25.261312175401955
133.406,1.5128080666456931,3.925705014351216,25.273420161592092
135.937,1.5138334876002408,3.9272351344007923,25.273623099408482
138.453,1.5129485546172645,3.927727196864128,25.273324335128493
140.984,1.5146883658832055,3.928761813039875,25.272459795531006
143.5,1.512300845522329,3.92995998845858,25.273170431654915
146.01500000000001,1.513577228839207,3.9309552198256146,25.271832154983453
148.547,1.5128072416867038,3.932199286583611,25.266105593383735
151.062,1.5145282936757989,3.932978325795666,25.269499541803977
153.562,1.5140701652068174,3.9339888040615563,25.264560541067986
156.031,1.515072458024262,3.9350726753431946,25.274022232072376
158.5,1.5141875409471153,3.9356334463434033,25.26740620328513
161.031,1.513104289522048,3.9368336038479392,25.265477116993033
163.547,1.512859945762435,3.9377109696589314,25.26942067928217
166.078,1.5120749505858095,3.9386197561876446,25.26815607804564
168.593,1.5167535240438643,3.9398611396789702,25.267442423232996
171.109,1.512028421092195,3.9402585524311546,25.263559342568488
173.593,1.5127093932681264,3.9413388100931948,25.269570874112603
176.062,1.51625880272654,3.94243325779587,25.269375931509884
178.531,1.5125559948386684,3.942901383276672,25.26673369948068
181.047,1.5141687683605598,3.9440071604267897,25.271301541554116
183.562,1.5129359794629675,3.944770602723508,25.274038796052203
186.093,1.5117391977240748,3.9453339500473397,25.265469086974434
188.609,1.5117365377921634,3.946417232212876,25.26080013200219
191.14,1.5146659152880644,3.9473531909989865,25.265520419406133
193.656,1.5126217135092017,3.948002946612978,25.272154569007267
196.172,1.513983672670963,3.948943951650804,25.27279842053338
198.703,1.5129081813949863,3.949501523597011,25.283889039733904
201.218,1.510866339001484,3.9505910087920015,25.289758548586185
203.75,1.5135390900279264,3.9511907951502656,25.289866888368227
206.26500000000001,1.5120863263683801,3.9519369590444473,25.28448883354041
208.76500000000001,1.510889723177165,3.9527967867577334,25.268490983651336
211.26500000000001,1.5149159894721338,3.9537801888785906,25.28262289912889
213.73399999999998,1.516492005051471,3.9544437823854235,25.284404451555233
216.21800000000002,1.5140710516611455,3.954860917813954,25.290902750110995
218.687,1.5119715895898405,3.955705519131224,25.291550854105967
221.156,1.5124912525277334,3.9562717052506717,25.300594495553042
223.625,1.5138591083864223,3.9572572499003544,25.296818235539806
226.14,1.5146917696239852,3.9577983210145455,25.29032606037893
228.672,1.5129343919936522,3.9586993530122583,25.297827239769607
231.187,1.5119053167354322,3.9594405458331683,25.29553416312287
233.718,1.5166674127421746,3.959779604933329,25.30732972469587
236.234,1.5110380439713946,3.9608903059767306,25.30104244101041
238.765,1.5136805874183725,3.9612420271317963,25.313820137418322
241.281,1.5145158417978215,3.9620624311776607,25.30524832603654
243.828,1.513285547960649,3.962758341541339,25.29830724343815
246.359,1.514902698617435,3.963476415398333,25.298746278257408
248.875,1.5131126815365255,3.9639924118637406,25.293309423808275
251.39,1.5132041400254834,3.9648530621123754,25.288030728394634
253.953,1.5112905360859599,3.9654884085010624,25.300441808192556
256.422,1.513569340308102,3.9657710101683024,25.30883170011154
258.89,1.5152008166217634,3.966682403814004,25.304091320381218
261.359,1.5175212480104585,3.967257341918088,25.300195111020596
263.875,1.5131918759964025,3.9677575392844515,25.315865132360635
266.406,1.514140496335946,3.9685631456472676,25.318857133619872
268.922,1.5137464843464796,3.9692440145548966,25.319212614929377
271.437,1.5103241845058224,3.9694187094512694,25.318400444658675
273.968,1.5144056415289064,3.9703570804618558,25.329553802018033
276.484,1.5114276036108727,3.970805492493618,25.324210449273394
279.015,1.5077585653480685,3.971389092225928,25.32031725040453
281.531,1.5131249483005542,3.972210298876048,25.325025448508526
284.062,1.5122868770422728,3.972793153645528,25.319968573277244
286.578,1.5146131332117985,3.9736921967523684,25.332092932603064
289.109,1.51518431404368,3.973945896097459,25.333199176904643
291.625,1.5161878430506108,3.974817323964248,25.329988873524414
294.14,1.5137464850030387,3.9752385782537116,25.3365744404087
296.672,1.5169644950879309,3.9755817749705926,25.329807523582204
299.187,1.5148324836453217,3.9767194702188036,25.336346938053506
301.765,1.5138108782806532,3.977098738790464,25.33948102572927
304.25,1.5113004780902646,3.9775546529332653,25.341544821946034
306.718,1.511081312225208,3.978001481738366,25.352684928416714
309.187,1.5121378534069922,3.9785376392857477,25.34991946758678
311.656,1.510666490382843,3.9787290998055287,25.345014236237034
314.187,1.5127603845948698,3.979671471683463,25.34268180611422
316.703,1.5146201701307522,3.9801772959513366,25.33993483772803
319.234,1.5134908749559814,3.9809088252826115,25.344724836099733
321.75,1.5152303671161893,3.981335510061598,25.34619771869942
324.281,1.5140490885722286,3.9819790516860203,25.348425809793785
326.797,1.5135593199348283,3.982488247346882,25.334752481065006
329.312,1.5142312412942498,3.9829224715504803,25.321044696801746
331.843,1.5175852016948053,3.983675710437524,25.32350487419699
334.359,1.5111562179036493,3.9838713459461146,25.33899519425955
336.89,1.514933941197186,3.9845895450086593,25.35556679532236
339.406,1.5136137402831806,3.9850000857252446,25.36302770474628
341.937,1.5134336796926693,3.985467444432185,25.370153062079638
344.453,1.5134383254967647,3.985836474270633,25.374718788482014
346.984,1.5160674247247201,3.986573981871404,25.36777168177212
349.5,1.5149326774091443,3.9869555290253564,25.36641222716498
352.015,1.516779331114366,3.9875779655412114,25.365335366712184
354.547,1.5134632396690038,3.9879819280429425,25.377925926388613
357.047,1.5141262705528686,3.9884816044572684,25.385882320185424
359.515,1.513718045769587,3.988799215361279,25.38757148580434
361.984,1.5145686602567523,3.9894082471704144,25.37697509643216
364.5,1.5125526624461538,3.9898472730973498,25.381133258281917
367.031,1.5138192975482052,3.9901420678441815,25.396612482629408
369.547,1.5147273315241987,3.990809848766957,25.39663348674949
372.078,1.5130553996621496,3.991167836107302,25.3993238602434
374.593,1.5143437364933354,3.991601143702211,25.406514753799826
377.125,1.5128370561790132,3.9920647852905025,25.39421528480579
379.64,1.515084409222279,3.9925790436346085,25.411134134100912
382.156,1.5131379311264452,3.9927857900909864,25.41174139121478
384.687,1.514310386542483,3.993332846487645,25.41881153060378
387.203,1.5126047567994148,3.9937381686684743,25.419974922555433
389.734,1.5153779279125263,3.9943403757349913,25.421705880208926
392.25,1.5166310103336775,3.994622526297963,25.413687413093665
394.781,1.5141931445182608,3.994954832240399,25.404254463949655
397.297,1.5144108716308429,3.9954653440813157,25.40025261520213
399.828,1.51701497127302,3.995917898339285,25.407391989266653
402.343,1.5107458687195505,3.9963940937248608,25.402716504655338
404.859,1.5151793335896047,3.996616555279746,25.4120493435798
407.39,1.5173659895260223,3.9968576036447505,25.416523528826083
409.906,1.5146211531185747,3.997470275369887,25.44242939695016
412.437,1.513702433196642,3.997906785702788,25.445310984157583
414.953,1.5117905951995425,3.9982711278169765,25.44504257985589
417.484,1.514467361389917,3.998545098981057,25.457819175856272
419.953,1.511141298702362,3.9991038193002484,25.45529762136053
422.422,1.5109888598718126,3.99922497399984,25.454428526034246
424.906,1.5136807525129667,3.999605239422266,25.45560734687925
427.468,1.5142623364826857,4.000311608030617,25.465075531004373
429.984,1.5161515010528217,4.000302913504563,25.464569331808608
432.515,1.5136957861596347,4.0010653382330945,25.475111944634467
435.031,1.510775511244095,4.001368849872588,25.475619766182707
437.562,1.5132668751574772,4.001806059724402,25.47950701521769
440.078,1.5153053061470731,4.002200837412105,25.474120433684984
442.609,1.5122961953449745,4.00256058434628,25.471820735838325
445.125,1.5124260265938378,4.003087301245542,25.470491636140185
447.656,1.5160429969252822,4.003185096238638,25.47290108497481
450.172,1.5145931735790212,4.003685687390457,25.482853429560382
452.703,1.515961247088071,4.00419329615255,25.49523257033894
455.218,1.5145661070294427,4.004393591303784,25.484514085845213
457.734,1.5138047843093847,4.004919289500355,25.479119209611117
460.203,1.513391189149607,4.005098113170335,25.477919966292866
462.687,1.5123177618613766,4.00548823478075,25.488001629672954
465.156,1.5140856967858514,4.005769231896279,25.48716425932272
467.625,1.5152849923633236,4.006362650670246,25.502556845468185
470.109,1.5130804465688978,4.006539624836851,25.50644635562415
472.625,1.5153291489033236,4.007118716600693,25.50508047453962
475.14,1.5151419980667669,4.007535622101888,25.51610819491152
477.672,1.5148608073810814,4.007542787073399,25.5097587337408
480.187,1.5124563719695208,4.008432980400712,25.506734119346003
482.718,1.5142280776368424,4.00867240919626,25.504623158895015
485.234,1.5153309717014936,4.008806016278162,25.532723687256393
487.765,1.517612894355725,4.009314527937732,25.5365699668849
490.312,1.5129211939396707,4.009432446001935,25.543157444460533
492.828,1.5159371880436374,4.010020036202046,25.548529837217103
495.359,1.511585950203023,4.010351283888299,25.548737026125842
497.875,1.5139089571242497,4.010698925919896,25.552393641270317
500.39,1.518021983935579,4.0108751794990765,25.55591403074591
502.922,1.512558533543087,4.011352404857378,25.561195370902823
505.437,1.5151042141383857,4.011679038720843,25.5685768975756
507.984,1.5128335113616678,4.012068453481322,25.57370502427734
510.5,1.5139514221377743,4.012513669246158,25.56073510576077
512.968,1.5120855106556768,4.012791035099469,25.55872616442016
515.437,1.5119140931618076,4.013288223082053,25.55716538738606
517.953,1.5109484885339712,4.0136345032176814,25.569436563539274
520.484,1.5156365236743496,4.013704501610657,25.569294687912226
523.0,1.5132276758317973,4.014272158307978,25.572623507278543
525.531,1.513465122133578,4.014554421963099,25.56878842174584
528.047,1.5126148797659302,4.014791679540128,25.57947532911792
530.562,1.5142724903811655,4.015240007706713,25.583877615178523
533.093,1.512241530829067,4.015447776684633,25.576460660370753
535.609,1.5142656514712916,4.016080968254599,25.57974551051376
538.14,1.5153189300299674,4.016336748799007,25.58601268494473
540.656,1.514698073670006,4.016759932496033,25.586312211112975
543.187,1.5162726657987784,4.0170040963188045,25.5805839147564
545.703,1.5116505602737673,4.017341339210455,25.59079521571308
548.234,1.5151864940053128,4.017844242510671,25.59714921828734
550.75,1.5145837498387373,4.017860848112814,25.607273203111443
553.218,1.5133933193833975,4.018429428325227,25.61638014387204
555.75,1.5143800655076873,4.0186691051644985,25.614026126724177
558.203,1.5114354651302588,4.019089515911099,25.61019543683155
560.687,1.5156356809923213,4.019219426130443,25.622255995455426
563.156,1.5148378755393024,4.019781262721425,25.61821186677974
565.625,1.5152512123921824,4.020215811987341,25.621646752201162
568.093,1.5169137738018765,4.020714211284839,25.62986955277591
570.625,1.5161297011236148,4.020615639440976,25.63289626586106
573.14,1.5177069139529284,4.021378590520977,25.636457245780626
575.672,1.514366364366147,4.021715086829192,25.636688842267763
578.187,1.515758269312571,4.021746321874594,25.641263251142274
580.718,1.515138117207258,4.021902344670874,25.64982431449779
583.234,1.5134760188352085,4.022740352059974,25.658858633289803
585.765,1.511519595826146,4.0229033702588435,25.660609366745824
588.281,1.515779089129066,4.023210137104526,25.660040302852128
590.797,1.513029193382624,4.023546010182873,25.659649312334764
593.328,1.514265247946814,4.023920147962356,25.663439686478146
595.843,1.5157516169213592,4.0242381595399745,25.673478892532266
598.375,1.5104386344184193,4.024570980563318,25.673983060946235
600.89,1.512677820103065,4.024926634419288,25.67485337017935
603.422,1.5149022171783793,4.0255749776537675,25.67590372535242
605.937,1.5146896282819935,4.0256136637289845,25.68051560810531
608.453,1.5133967015250904,4.025871904486039,25.677621290647316
610.984,1.514717733498209,4.026542281230667,25.685363455581374
613.5,1.5125483168229237,4.026749837390813,25.684094362506144
616.031,1.512660447482371,4.026765032943059,25.688577378914545
618.547,1.5175964617036048,4.027301791401239,25.692553179088087
621.109,1.515186626601479,4.027963032476924,25.699978922757904
623.625,1.5147804646518621,4.028111606772928,25.698901597264886
626.156,1.515787217171853,4.02819133520401,25.70211555478024
628.672,1.5145425297391648,4.028663857534342,25.709184096180124
631.187,1.5139056696399713,4.028970080057659,25.71412392937944
633.718,1.5153140336117048,4.029653281419704,25.723785809637622
636.234,1.5132430868774795,4.0298091947802535,25.72397780509319
638.765,1.5159310925275513,4.0301755920967075,25.717862429812783
641.281,1.51519101623279,4.030600530639863,25.701761202018485
643.781,1.5151217113397075,4.030808632021191,25.701087014864882
646.281,1.51517613700099,4.0312791443598535,25.71029290836451
648.859,1.5117632568641528,4.031621230419385,25.713670170610726
651.375,1.5133157249163705,4.031773245906387,25.71452878727456
653.937,1.5126950055546082,4.032330570543619,25.72389904004227
656.39,1.512574186973835,4.032541694498825,25.73107241101796
658.875,1.5143227667276833,4.032741443532504,25.74180220459002
661.343,1.5120502709845567,4.0330750473254255,25.74880064177841
663.812,1.515594669663001,4.033628985122255,25.754002995119794
666.297,1.514326388484282,4.03376711872563,25.747450358801185
668.812,1.515872527395444,4.034284625279512,25.75595848860568
671.328,1.513417610372887,4.034507003956184,25.75192272541149
673.859,1.5141968001731778,4.034623907588034,25.757484926048612
676.375,1.512655006830712,4.035110967617659,25.761934980512134
678.906,1.5125982737976476,4.0355144882886105,25.76192931015305
681.422,1.51656374811158,4.035668589743379,25.75941184754577
683.953,1.5110840888155466,4.036131723914378,25.77036758516734
686.5,1.5133555454256462,4.036615709843337,25.77639185909647
689.031,1.5143272981724125,4.036787601985794,25.788433857788142
691.547,1.5137333444574326,4.037070191058172,25.787871251513344
694.078,1.5130774530656912,4.037357824118003,25.79545217274757
696.593,1.515442425792837,4.037623224942001,25.788684544709472
699.125,1.513045267425462,4.038311591326055,25.792831130297213
701.64,1.511176927242246,4.038739982132225,25.78134666138539
704.172,1.5143791747585493,4.039042425793238,25.81020560028615
706.687,1.5130269595896781,4.039195444097073,25.803586750257388
709.218,1.5142756306173568,4.039387779138054,25.80228511149244
711.734,1.5164327604965695,4.039691363396254,25.802950284605192
714.25,1.5154187859501909,4.040028877152658,25.809295810557725
716.781,1.514803923463562,4.040458120697153,25.82121816448351
719.297,1.510945833102567,4.0412036922948085,25.82404604632215
721.828,1.5118021917536835,4.041055624735873,25.81512371972438
724.343,1.5113596011586983,4.041768032882516,25.822212533087345
726.875,1.51421938449691,4.041750536362934,25.827249236275986
729.39,1.5126193048778755,4.04196031676529,25.8274487334898
731.922,1.5132533534554269,4.042596260837999,25.836374157677675
734.437,1.514588142276981,4.042919048283445,25.824175212749953
736.953,1.514154889876352,4.043371246163732,25.822962294676632
739.484,1.5133862921420405,4.0436772689423615,25.833294504974376
742.0,1.5125289782096922,4.044009915443411,25.826242425562295
744.531,1.5122694989847363,4.044224171393076,25.836542023126185
747.047,1.513586356455807,4.0446171088947205,25.835743576453496
749.515,1.512200884558584,4.044802015238201,25.83993718322719
752.0,1.5145871727042506,4.045113270631209,25.84369534546225
754.468,1.5152547386834883,4.045414278860627,25.850574081514893
757.0,1.5128166381957047,4.045666902528223,25.8529948302327
759.515,1.513181410642648,4.046238683234765,25.8596604254245
762.047,1.5158984193923177,4.046483979265373,25.8728556920717
764.562,1.5164654579583092,4.046668938620318,25.8847726246872
767.093,1.5120007059240124,4.047055721305766,25.879125905235462
769.609,1.5154004078243812,4.047435392813549,25.893494611379342
772.14,1.5115836711248605,4.047851863928373,25.898304197135975
774.656,1.51312438115106,4.048293517306363,25.903330290732764
777.187,1.5154894214625096,4.048431061229673,25.905276619118077
779.703,1.5140860237211187,4.04850829920494,25.901215870509255
782.234,1.5103828593505042,4.0490336193102365,25.887969355364547
784.75,1.5112404236858559,4.049457616840759,25.892474584583134
787.281,1.5143569883948687,4.049740069111303,25.904263602871115
789.797,1.514262316715601,4.0502073237612395,25.918570951309178
792.312,1.5140221190640877,4.050077315852046,25.924912358366846
794.843,1.5146835359659356,4.050708535298763,25.92503716559063
797.359,1.5158285605998818,4.051000374373725,25.924863770583688
799.89,1.5127249878983804,4.051440513712136,25.927238523433225
802.406,1.5120848797495123,4.051628222160784,25.92988141470624
804.922,1.5128260066989294,4.0522024273600925,25.94281881803794
807.453,1.5146947092477099,4.052308893375383,25.93535556170481
809.968,1.5149217407448727,4.0527400262653215,25.933912999645745
812.5,1.5137416664289165,4.053005538162283,25.94023954149985
815.047,1.5117500396342547,4.053316244315289,25.938691046020228
817.578,1.5123456962447135,4.053758757963872,25.94458309983158
820.093,1.5141630383681257,4.053864042365201,25.94290920622074
822.609,1.5132648335690366,4.05429159269884,25.950220534701337
825.14,1.5111770195490726,4.054522819279961,25.959028570423705
827.656,1.5150871297333097,4.054867821362068,25.966476188925885
830.187,1.5160432319168857,4.055257264552003,25.98020847857552
832.703,1.5158781003431503,4.055769796279643,25.97231920673921
835.218,1.5156303671705402,4.055835446666468,25.974030634152623
837.734,1.5120407242779474,4.056221460654306,25.977330802005607
840.218,1.5134450390306535,4.056670728087939,25.967245367869413
842.734,1.5135950408694836,4.0569323685604015,25.966248085291014
845.218,1.5128450978421097,4.057132811450494,25.96596479117603
847.687,1.5143849846569157,4.0575496636849415,25.964632816793618
850.156,1.5121987597680926,4.05782941444224,25.968307060335963
852.64,1.515961291846666,4.058105429496871,25.968379297126514
855.172,1.5139826993760506,4.058428425318854,25.976155916315413
857.687,1.5139615132910391,4.058798634295853,25.971146169634867
860.218,1.5147458171108983,4.059632310710451,25.976555893605024
862.734,1.5135307321789635,4.059555454826458,25.99445444523686
865.265,1.514058849063359,4.060129342563329,26.01035189008754
867.781,1.5124728550870343,4.060311495489913,26.00578074994366
870.297,1.5156261240650506,4.06043002376028,26.010695612379862
872.828,1.513474575907526,4.060820527332369,26.004759551224165
875.343,1.51387489198046,4.0612190225864415,26.01435092569355
877.875,1.516361126128627,4.061469320203828,26.011730856246043
880.39,1.513790305207125,4.061847172303608,26.008254114405066
882.922,1.5109189339143574,4.062167868978761,26.01346083061878
885.437,1.5122985747989923,4.0624657174708725,26.024227126555168
887.968,1.514672198334358,4.06267931541087,26.02863596985682
890.484,1.5133748598221037,4.063498678594193,26.042750203368026
893.015,1.517054939826447,4.063588956783396,26.03967210883806
895.531,1.517209653943953,4.063823758125667,26.050005210235728
898.047,1.510705210822132,4.064098586899359,26.059304061543457
900.578,1.5136179221149786,4.064306551541546,26.059923992366166
903.093,1.5136126401411132,4.0647816875545475,26.06427109082947
905.625,1.514446250441562,4.064763762900687,26.075724147783326
908.14,1.5118673352419727,4.065488525854889,26.09159739327179
910.609,1.5120898083874037,4.065891789087812,26.088695378948646
913.078,1.5140800927442795,4.066029888877699,26.091769428012437
915.547,1.5147431152408752,4.066211134744398,26.084060946934873
918.031,1.5164698970888448,4.0666250757021265,26.098743309723048
920.5,1.5133047559153947,4.066934708922641,26.100221739327278
923.015,1.513236106780528,4.067409613254485,26.103168855595285
925.547,1.5149256071172699,4.067656458922968,26.101150869355937
928.062,1.512068784685514,4.068081956358241,26.0960431755129
930.578,1.5097684368130515,4.068344417738685,26.09511460005268
933.109,1.5146436052514902,4.068688659485146,26.099894559266858
935.625,1.5137178229904489,4.068900767886057,26.117963636282102
938.156,1.5159311756958014,4.069443968223214,26.12778387705624
940.672,1.5119428897790048,4.069941176893081,26.12880809576601
943.203,1.5160231747397617,4.069788500391556,26.13669124488061
945.718,1.5115338650010661,4.0703737452164575,26.13325204794704
948.234,1.5176286461546775,4.070571355823028,26.14310609565647
950.75,1.5128785915592344,4.070717397678781,26.13761862783912
953.218,1.5158471447175637,4.071282280487254,26.152719282118113
955.75,1.5115819912332604,4.071586169720022,26.158833414204114
958.265,1.5131679017243174,4.071997537242604,26.15488440141335
960.797,1.5138011137242806,4.072521811669518,26.155503090319232
963.312,1.5126125675048232,4.072384460533866,26.16326083416063
965.828,1.5147304724265838,4.073001375223016,26.17031148955993
968.359,1.5153883585659693,4.073307000855642,26.181237887677888
970.875,1.5129496534585596,4.073294930001557,26.163619231383365
973.406,1.5134986415649583,4.0738053722916545,26.169046360364373
975.922,1.51351390470657,4.074283974250666,26.17783402351006
978.453,1.5117421083959004,4.074486620857538,26.184309155519042
980.968,1.514913669097378,4.074575615530366,26.187649057687974
983.484,1.5156411567604395,4.075232321794397,26.177237364012736
986.015,1.5124060146207523,4.075557504055311,26.17340526416267
988.531,1.5130775474151164,4.07582336734569,26.177493825148325
991.062,1.5104656438117634,4.076285388969109,26.191382511196355
993.578,1.5128204613227154,4.076484469824672,26.191825195614356
996.109,1.5137090668510969,4.07690035605405,26.200131439224172
998.625,1.5120584364121217,4.077075090008999,26.210492841707868
1001.156,1.513478925619276,4.0774094497095925,26.221556788705854
1003.672,1.513346106813717,4.077943349820818,26.229929255557884
1006.187,1.5140881431290536,4.078010353138992,26.214787640865765
1008.718,1.512524596080876,4.078524178211921,26.222566684581313
1011.234,1.5114416968701467,4.078937235963101,26.217173533743093
1013.765,1.5137741171100867,4.079202039046736,26.2172860617556
1016.281,1.5143211284369429,4.079329612450176,26.20755799740153
1018.75,1.5124726497210037,4.07994571047194,26.212264270970813
1021.218,1.5134269294334317,4.079885756157441,26.214630721445815
1023.687,1.514624189557141,4.080742004198964,26.2250977013922
1026.172,1.5147497500798188,4.080847318897627,26.24232538747937
1028.64,1.5155222146584544,4.081204571261477,26.252912421912225
1031.156,1.5133481612754478,4.08139967271871,26.25254355206683
1033.687,1.5145294578150132,4.081723265960431,26.252106523387255
1036.203,1.5145554057890154,4.082207346353424,26.254681582923794
1038.734,1.514450081054124,4.082493535235718,26.258785419003015
1041.25,1.5144125481116175,4.082860139949675,26.26826719640038
1043.812,1.5134388652731294,4.0832568251219445,26.26836864419443
1046.281,1.5130557322087477,4.083481640802332,26.27397918492147
1048.843,1.5136203830823054,4.083887350484766,26.27780423963693
1051.312,1.5124851148863492,4.0841003471054265,26.282903365255468
1053.781,1.5122784440737356,4.084621849818651,26.282410011456445
1056.25,1.5111749212443646,4.0847753573579695,26.285425016511716
1058.765,1.5145762693134581,4.0851887888924585,26.276939638962045
1061.297,1.5145729310861125,4.08538113779658,26.28949280964995
1063.812,1.5150166650604637,4.085870064110843,26.296576628471627
1066.343,1.5138066136466026,4.086266014582068,26.310466281809802
1068.859,1.512845997032585,4.086478297399744,26.30185885558129
1071.375,1.5120902852897955,4.086976826101509,26.310369583251827
1073.906,1.5142643148485324,4.087263587224268,26.320369222100858
1076.422,1.5115464586662917,4.08740726709515,26.32360081531228
1078.953,1.5136991510403481,4.08766799966944,26.33769023110141
1081.468,1.5128666671676712,4.08808690537401,26.33209310336667
1084.0,1.5160454370487741,4.088419553305869,26.344331630614402
1086.515,1.5132165579134278,4.089033522721092,26.33599782885789
1089.047,1.5087907160705145,4.089119429683245,26.353581262789564
1091.562,1.5115090635888524,4.089477519955356,26.369547245469672
1094.047,1.5129856590894797,4.090119175017589,26.373667536753054
1096.547,1.5137626206804284,4.089988169173263,26.374332578581413
1099.047,1.5134111654528197,4.09059906138007,26.38278009263161
1101.578,1.5131606294095798,4.090924991840571,26.391248540832773
1104.047,1.5155035659586058,4.09114261000221,26.38942532575526
1106.515,1.5126904797715333,4.091893501204247,26.38807475484709
1108.984,1.5139957655074245,4.0921822013400675,26.39266708474885
1111.484,1.512321361900144,4.092437202398767,26.39776353286965
1114.015,1.515998735344991,4.092528637898629,26.405328791852007
1116.531,1.514059966361425,4.093031498375968,26.406750835696926
1119.062,1.515065842857158,4.093354879897952,26.400017896059488
1121.578,1.5161773282939193,4.0935467003242465,26.402324896223462
1124.109,1.5134974836277986,4.093989864992226,26.405791883237338
1126.625,1.5151223596663832,4.094220419083729,26.40144181028472
1129.156,1.5137469699792547,4.094743557422807,26.408933285651678
1131.672,1.513996963708405,4.095043135489838,26.419989371513147
1134.203,1.5149368554935188,4.09554685630464,26.428951604309642
1136.718,1.514656771311232,4.095663507307559,26.436243595169486
1139.234,1.515610067876532,4.095831458132568,26.437517168230965
1141.765,1.5124586516417138,4.096241751403981,26.439349984825405
1144.281,1.5146414466559068,4.096734092534643,26.437668242669993
1146.812,1.515150734675128,4.097093270506706,26.44763463265681
1149.328,1.5151719015021716,4.097401556589991,26.438032572636054
1151.859,1.514824563065074,4.097651334623873,26.441752347631223
1154.375,1.5135076866907535,4.09815599322489,26.439308536840446
1156.906,1.5131647469212177,4.098393631212964,26.42373894219605
1159.422,1.5125510498232726,4.098850719623985,26.450303271339983
1161.937,1.5149305452563513,4.099006306204455,26.45252085380815
1164.468,1.5143307544501807,4.099815146226177,26.458923992028403
1166.984,1.515511456189616,4.099965050181748,26.456964491245284
1169.515,1.515268976918685,4.100146117557368,26.467750322420308
1172.031,1.5174523679711618,4.1005709782901985,26.470727388325855
1174.5,1.5129037189538528,4.100859884668351,26.477081990170383
1176.968,1.5145483711951067,4.101504911836264,26.497112286509168
1179.437,1.5118519051378898,4.101706592706516,26.50345260180055
1181.922,1.51361023165785,4.102017915325673,26.506942329543747
1184.39,1.51446236755684,4.102153895658426,26.51220134895939
1186.906,1.5135907972821436,4.102709889501193,26.518292988425465
1189.375,1.5130454926083543,4.103036066151198,26.51584705120444
1191.843,1.5159519036570315,4.103578833675869,26.519085275392996
1194.375,1.5120619402748272,4.103840407923095,26.528787894696997
1196.875,1.5157392483468812,4.104057465033627,26.53658338479324
1199.328,1.5135818580437717,4.10441954833565,26.506246202298012
1201.828,1.5141961933119343,4.1048617640977225,26.512532001651326
1204.328,1.5173252186892334,4.1049623172714185,26.51850817566922
1206.797,1.5161023022546034,4.10534342040634,26.52294967662057
1209.328,1.5126615766190126,4.105869808581001,26.537948096924175
1211.843,1.51058040015299,4.106168802712436,26.532853038374846
1214.375,1.5131911554626412,4.106465225692451,26.53314792504194
1216.89,1.5125280317771181,4.10694339675191,26.547949609754426
1219.422,1.5134339381679247,4.107418903289202,26.545317062963466
1221.937,1.5103514845675463,4.107727688019499,26.5537557596914
1224.468,1.516569614848964,4.107820128317992,26.569683895637986
1226.984,1.5116234201039285,4.108583619528259,26.579765757544752
1229.515,1.513874217887551,4.108793249243114,26.57455815964876
1232.031,1.5112670352130395,4.1093383801727885,26.57485300305424
1234.562,1.5156427768856031,4.109729238654065,26.575462507455743
1237.078,1.5147030277015563,4.109784359018524,26.563156740042466
1239.593,1.5169580876590492,4.1101872940224675,26.56988537827497
1242.125,1.51448352207342,4.110806454606078,26.606475931085406
1244.64,1.5145343697571565,4.1110891854506235,26.618668695616673
1247.172,1.5146287403496281,4.111398825179771,26.627322340243936
1249.687,1.5150553290407511,4.1118384221260955,26.631751705890508
1252.218,1.5165278830992612,4.11202933483578,26.633520576130028
1254.734,1.5142412969178127,4.112372315463811,26.632044569254408
1257.265,1.5143974469234622,4.1127870953928545,26.62842408036844
1259.781,1.5141374330175341,4.113267725246674,26.61734559391972
1262.312,1.5166702037265416,4.113606524448697,26.645941076254285
1264.828,1.5113732904754476,4.113965292312902,26.65872804692701
1267.375,1.5138358192515293,4.1142910317973715,26.66800455695801
1269.906,1.5147507271119969,4.114837059833804,26.67698299036157
1272.422,1.5140103417332977,4.115092532695103,26.683883708792386
1274.953,1.5140098163554825,4.11549457850013,26.694216089958143
1277.468,1.5141616193693979,4.1157783649719875,26.688318244454795
1279.984,1.5147800596290346,4.115832216658775,26.714690982075904
1282.515,1.5143492258032,4.116506139330423,26.699456142560187
1285.031,1.5160256584534788,4.1169501600712675,26.693933306870015
1287.515,1.514255565590032,4.117070367911841,26.695221400883167
1289.968,1.5132929847879084,4.1175419506836315,26.7008263547072
1292.468,1.5106519621569323,4.11798460609195,26.705379849287386
1294.937,1.5117222006971112,4.118129428425006,26.71484117740538
1297.453,1.5156289597978994,4.118634319109427,26.718632359404378
1299.984,1.5150139049757108,4.1188285388240775,26.739420752765454
1302.5,1.516775548333547,4.119356705104777,26.741613528393174
1305.031,1.5129048724860437,4.119751072786369,26.734904006261754
1307.547,1.5129904151038718,4.120240391681466,26.713758913241822
1310.078,1.5127587284612964,4.120687591620926,26.737242713930314
1312.593,1.514916128177861,4.120911253861932,26.75365139465832
1315.125,1.5111032925813368,4.121282256967624,26.756525689183363
1317.64,1.5172683774095361,4.1217090502194464,26.7598127738569
1320.172,1.5125274870279677,4.121993394362322,26.759848151554774
1322.687,1.514696525356347,4.122441180688744,26.772005200116034
1325.203,1.5128405666511135,4.12272992315281,26.77519328327785
1327.734,1.5135053623093448,4.123196363573231,26.774635532147133
1330.25,1.5110795106370387,4.123637624415769,26.777018192072955
1332.781,1.5136738612278693,4.1237880643073,26.7861634854224
1335.297,1.5151718157911367,4.1242450821216705,26.793698862897273
1337.828,1.514538576868329,4.124769413506519,26.799301338375315
1340.343,1.5127933617256955,4.12511351145993,26.785564405647893
1342.859,1.512745932642492,4.125118755339208,26.79073763984809
1345.39,1.5139564256432727,4.125653612845086,26.787824804382065
1347.906,1.51302365729643,4.126050908414828,26.790061421711478
1350.437,1.513398271118066,4.12646692970845,26.79497537528878
1352.953,1.516111835623245,4.126939689720824,26.815829294294918
1355.484,1.5118199520019497,4.127139151401445,26.811123459657363
1357.937,1.5118601227550152,4.127650096031721,26.820603447763123
1360.422,1.514706995167518,4.127768772221692,26.826301734564534
1362.89,1.5106635924559306,4.128385276117992,26.825063586834737
1365.359,1.5126399433614768,4.12879054546445,26.825665995454372
1367.828,1.513160231615612,4.1288262648640774,26.843199656591587
1370.359,1.5117188963342736,4.129495149080309,26.844709937732325
1372.875,1.512910951734406,4.129803458868494,26.857204709255825
1375.406,1.5141470895918039,4.130275294865894,26.862010799087685
1377.859,1.5116025375749924,4.1305288644130815,26.872105382362367
1380.328,1.5150443606979365,4.1307111965763825,26.878129862723085
1382.859,1.5143319583551786,4.131222851300625,26.88802203093602
1385.328,1.5149680666066339,4.131517569218698,26.887651157899857
1387.797,1.5149438731090747,4.131968104894024,26.89131671529272
1390.265,1.5152040347566615,4.132228932144796,26.893788406985223
1392.734,1.513592725959709,4.132733317173629,26.899645570750362
1395.218,1.51366690214122,4.1331883444901525,26.906530589621557
1397.75,1.5139842261813665,4.133486021596496,26.909336889564983
1400.265,1.5120025627398808,4.13361431755463,26.924365317388983
1402.781,1.5123378388422575,4.13400155454055,26.927375794411205
1405.312,1.5125971557192222,4.1346436722237625,26.9312846632685
1407.828,1.5132302186465287,4.134856183802925,26.938298458821716
1410.359,1.5155172443683693,4.13525738795578,26.943930245934823
1412.875,1.5131043289022688,4.135652744058557,26.956414741992504
1415.437,1.515487892112376,4.135810246451163,26.950600900754146
1417.953,1.514776622853798,4.136520767149463,26.961304703832177
1420.484,1.5156328271811346,4.136824484597608,26.960347019771806
1423.0,1.5126477340853985,4.1370821154574235,26.968481881369694
1425.515,1.5118499075644523,4.137505042680113,26.96739602334174
1428.047,1.5149802611735586,4.138023848142469,26.971136370007134
1430.562,1.514342772429123,4.138044767589599,26.982442196745794
1433.093,1.513903858824665,4.138493955476271,26.974322809661192
1435.609,1.5154901410548103,4.138883102666162,26.987849522489178
1438.125,1.5154515278861935,4.13946671717232,26.996764743790504
1440.656,1.513031025024043,4.139779211282593,27.002947474862278
1443.172,1.513864397374796,4.1400317851310104,27.017975900730754
1445.703,1.5152111403680513,4.140373191153785,27.020351695484763
1448.218,1.5126657302129791,4.140758741426421,27.016375466573457
1450.75,1.5135228066769244,4.141329496797974,27.012548689788357
1453.265,1.5133630908829216,4.141570491395482,27.015517361659587
1455.781,1.5145155936713208,4.141903921603556,27.015346724736048
1458.312,1.512245572978517,4.142390978624145,27.032577018423115
1460.828,1.5167507595694911,4.142802733310333,27.04632052644614
1463.359,1.5129736303716355,4.1431700658871735,27.047047226909072
1465.875,1.5140080732903398,4.143243732613997,27.050198374391687
1468.343,1.5141679795506247,4.143961014897379,27.064214966117643
1470.812,1.5130173920204488,4.144199075970721,27.069818921812754
1473.328,1.5112484499123142,4.144312858639704,27.068387754437143
1475.859,1.5134515731677776,4.144826929175318,27.076721284265627
1478.375,1.5124977065084004,4.145443854410243,27.075139101802083
1480.906,1.5145548174307186,4.145656610136748,27.089427929809812
1483.422,1.515051111949141,4.145850341096997,27.091848999306805
1485.953,1.513308564050248,4.146515626065297,27.100239989903923
1488.468,1.5141412222107127,4.146968153793358,27.10008000640903
1491.0,1.5132571119563627,4.147107533292269,27.101513617287402
1493.515,1.5121546229555427,4.147354587454024,27.111975234866243
1496.047,1.514494255529416,4.147756673333996,27.11220077208286
1498.562,1.5136724471079168,4.148290493259591,27.12186392430341
1501.093,1.5169129918913355,4.148399128263743,27.132536603349227
1503.609,1.511465785690089,4.14895807047679,27.13568723715217
1506.125,1.5115872771706447,4.149300394085802,27.131157575521723
1508.656,1.511441977005035,4.149682853441668,27.134700706737156
1511.172,1.5108998736051777,4.149985996810383,27.142314281935327
1513.703,1.5114499044263365,4.150304490945038,27.15187656710947
1516.218,1.5133809687299968,4.150443671522354,27.15682260872916
1518.734,1.5121794091204266,4.151344352131759,27.162732414085554
1521.265,1.5126759859371084,4.151344711730984,27.167051302494343
1523.781,1.5139938269827622,4.152063950154181,27.164868406582467
1526.312,1.5143232160690514,4.151977060567071,27.167107835796298
1528.828,1.5153051757860507,4.152628583103792,27.17125084853244
1531.343,1.5174536790178061,4.153004813104286,27.194010958768157
1533.875,1.5136705989506194,4.153300711603411,27.194838555880068
1536.343,1.5125959015378125,4.153577836989944,27.195578699906314
1538.812,1.5123547808865487,4.15389670745239,27.190952541233138
1541.328,1.5112932873501055,4.154176073522424,27.185253610822414
1543.875,1.5123295646604014,4.154647083502563,27.193637943996524
1546.343,1.5162228615899462,4.15499485575465,27.21555762753404
1548.812,1.516479087879318,4.155306353529085,27.23439592940795
1551.281,1.512783355123713,4.155445593709416,27.22603000760343
1553.75,1.514265565270783,4.156024392870914,27.22350089883548
1556.234,1.5128924658172953,4.156471062010594,27.22711468161615
1558.765,1.5158666309059114,4.156893431829385,27.23672730058333
1561.281,1.5116396717423608,4.157005421523834,27.244176344093272
1563.797,1.5168909301787936,4.157699627049428,27.242594564304085
1566.328,1.5125585534444133,4.157636728049005,27.248638222697444
1568.843,1.5159601317707394,4.158248558037916,27.25619007553284
1571.375,1.5150586711128642,4.158782838428852,27.258100728514382
1573.89,1.516329875365384,4.158652546863334,27.25789019456436
1576.422,1.5165115828138753,4.159309315751772,27.263346791183217
1578.937,1.5137261011384175,4.159559531044815,27.26397139206887
1581.468,1.5138057984248878,4.160120484849793,27.27498875610864
1583.984,1.5152225573630702,4.160281257250376,27.28273926889616
1586.515,1.511324216032544,4.160748485702807,27.282167206282423
1589.031,1.514047236621658,4.160739552157267,27.29436229158199
1591.547,1.515368385035885,4.161405768085649,27.28034008690227
1594.078,1.5168093625291976,4.161614333947524,27.295209850156006
1596.593,1.5138278715025366,4.161723418346641,27.30757445680218
1599.125,1.5158453325021692,4.162378480751722,27.31843183661638
1601.64,1.5149748703038532,4.162599849744949,27.31127454776912
1604.172,1.5131558654976816,4.16292242463483,27.33015981460124
1606.687,1.5114663302407072,4.163233516463785,27.337589131125803
1609.156,1.5108933800806061,4.1638567502850705,27.33417909751239
1611.625,1.515935600047015,4.163978143132124,27.34437828670185
1614.093,1.5174739483943611,4.164215139114775,27.339390265713707
1616.578,1.5118207188057693,4.165089201868217,27.35666345539135
1619.047,1.5132654396758145,4.165240760314874,27.349095130175076
1621.562,1.5149895718190094,4.16555433872805,27.356337975994563
1624.078,1.5154388280242619,4.1656667703633055,27.370450745374193
1626.562,1.512155583996178,4.166404581102411,27.369169057029662
1629.031,1.5127242923243722,4.16659816850943,27.381004301654805
1631.5,1.5110327987961498,4.166873898468777,27.388395016373437
1634.015,1.5135566085735934,4.16705448453157,27.379101628294553
1636.547,1.514646931993339,4.167510416891642,27.363183376198737
1639.062,1.5121251379567495,4.168054067720698,27.37435265138783
1641.593,1.5143351628746597,4.168245852114458,27.39381213237126
1644.109,1.5088964493196653,4.168417807306367,27.393566419149973
1646.64,1.5132389080462936,4.168842974376397,27.397712721200644
1649.156,1.5129252897460799,4.16915622064501,27.40955023741189
1651.672,1.5125439008624935,4.169638372221569,27.406411483979007
1654.203,1.5153925453220638,4.169939686698515,27.40338243768838
1656.718,1.5127965322467338,4.170270416558737,27.414836291678792
1659.25,1.5149673837445767,4.170340388866455,27.407313894313862
1661.797,1.5137284169974115,4.171013882095207,27.413706269878674
1664.265,1.5136138086672157,4.171298950389905,27.43400071186467
1666.734,1.5135438587345027,4.171374808740682,27.435870526519633
1669.218,1.515701525617409,4.171919581164429,27.460314342007713
1671.734,1.5112297705706006,4.172390215156269,27.46218708299133
1674.265,1.515550151444064,4.172396055702481,27.466527699450925
1676.781,1.5150290205942578,4.172536219183796,27.465344541754042
1679.312,1.5164534882538474,4.173312173969416,27.473312435109918
1681.828,1.5146742856075013,4.173384812229908,27.49442558699206
1684.359,1.5114618866598983,4.174083751084423,27.49327954984671
1686.875,1.5141021810119626,4.174174121777319,27.507672698757425
1689.406,1.5142297153515145,4.175016548817461,27.498210643428525
1691.922,1.5132391283135924,4.174909474482571,27.492994762549632
1694.453,1.5143668451796106,4.175062323985912,27.492334212461262
1696.968,1.5129643620081965,4.175480138411143,27.49752268548799
1699.5,1.5114813715026005,4.175873616281467,27.508628827189234
1702.015,1.512288058413445,4.17637872356686,27.50956473797569
1704.531,1.5137023206662272,4.176720150339593,27.534832163769778
1707.062,1.5126222490003167,4.177002234731104,27.545667663672457
1709.578,1.5117398090279952,4.177634654319178,27.54233959128371
1712.093,1.512898696264147,4.1774795681379056,27.55480152802329
1714.625,1.516997593741487,4.17803686630184,27.561719191203853
1717.14,1.5141574839495937,4.1782417496254665,27.563026594041066
1719.672,1.5158603743445003,4.178720831153571,27.556962997409293
1722.187,1.512702779105133,4.1787584190325,27.558370376678155
1724.718,1.5148104430220664,4.179286904482174,27.55115852205895
1727.172,1.5161553313253646,4.1798362502090125,27.567675819196257
1729.656,1.5126935974651305,4.180173489496995,27.58402246035575
1732.14,1.5163112833305534,4.180376255715673,27.58713413520136
1734.609,1.513137034176495,4.180602465257843,27.584252854040972
1737.078,1.5170523662052917,4.181030052464587,27.586635053071387
1739.547,1.5147412200450183,4.181339617843003,27.59429842703239
1742.015,1.511820467052286,4.181574513675226,27.598848870282897
1744.5,1.5174286612577403,4.1819571291942,27.587110132579447
1747.015,1.5153253218506684,4.182368206398866,27.596973981116353
1749.547,1.511253697448554,4.182636556155188,27.62515182291384
1752.062,1.5141175875640336,4.182679313696795,27.637647669538076
1754.593,1.514496609210871,4.1833254120486645,27.641643985795017
1757.109,1.5120454141816966,4.18369885611181,27.643367796900534
1759.64,1.5128236505905195,4.184091928671281,27.647602023959713
1762.156,1.5102774516605733,4.184321916047393,27.65671548073855
1764.703,1.5132920697746914,4.184537326283629,27.66176862645397
1767.234,1.514595027667748,4.185123285638423,27.660172951163084
1769.75,1.5115616309236737,4.185465492079343,27.651465016673185
1772.281,1.5134143059951743,4.185886125084563,27.659154110900587
1774.797,1.5151117656644963,4.186036413992677,27.682213997026643
1777.328,1.5176824369274489,4.18636343822533,27.69016864369231
1779.843,1.5162310639184111,4.186652655772439,27.696366986048087
1782.359,1.5126206155578157,4.187187960860191,27.7022037256524
1784.89,1.5129785305601455,4.187147749991872,27.706467788390526
1787.406,1.5137043588078083,4.187659668200232,27.70803490818843
1789.937,1.5140021468566147,4.188277645622073,27.708562188286763
1792.453,1.5120313856007088,4.188574115525098,27.71342850819664
1794.984,1.5132806387160143,4.188827076527468,27.717724884685794
1797.5,1.5131576886029596,4.189304012108914,27.721548616450953
1800.031,1.5161786272331865,4.189313324800035,27.7247136521701
1802.547,1.5110390201762647,4.189953958306353,27.738885896160927
1805.015,1.5121939661313648,4.190043927530796,27.742610316855053
1807.484,1.515970949681868,4.190316294269908,27.734981989715386
1809.953,1.5133234937447673,4.190896516271128,27.726141735614323
1812.468,1.5130524299638866,4.190954698063273,27.736859732473828
1814.984,1.5112589972537862,4.191365165796283,27.738171745241182
1817.515,1.5118956563754162,4.191744201548561,27.73450292726651
1820.031,1.514108036529723,4.192251977693931,27.7440739010309
1822.562,1.5143042874757107,4.192282764585359,27.752538382730094
1825.078,1.5151738415476665,4.19289577480403,27.772786684277246
1827.593,1.5136202104319287,4.19299575335795,27.782003096256908
1830.125,1.5136146200964056,4.1936634689430115,27.79346445242774
1832.64,1.5156837433080095,4.1937717559504835,27.799511801672534
1835.172,1.5126820727052015,4.1940845206346955,27.80233396899792
1837.718,1.5159051136837434,4.194300816647008,27.81621749827915
1840.25,1.5128440522708808,4.194884035044898,27.818735557790124
1842.765,1.5137716950593738,4.195246721840733,27.82371703169613
1845.297,1.514269942464225,4.195700615259291,27.833958240966723
1847.812,1.5143638061358935,4.195675040598918,27.830407563646165
1850.343,1.5136151182036581,4.195938309883266,27.826460622715928
1852.859,1.5134368804504326,4.196389616109479,27.840355612230677
1855.39,1.5127845335005736,4.196651406533491,27.84540257112191
1857.906,1.51409283758837,4.196993592773485,27.854238945748556
1860.422,1.5116985170325177,4.1972537285073885,27.851219723650594
1862.953,1.5155164765954823,4.197686608518462,27.85876456362411
1865.468,1.5134981606383373,4.198237730440774,27.86620592858744
1867.953,1.5104366114222796,4.198373341254301,27.868300572130256
1870.437,1.5147135520728472,4.199025305025206,27.88178372504048
1873.0,1.5131114755677988,4.199145362150594,27.89360112244489
1875.468,1.515559912755248,4.199192919719271,27.890759340623244
1877.968,1.512997027576312,4.199523061511682,27.898670311057344
1880.437,1.512570324572581,4.199925366623379,27.907451028591886
1882.906,1.5138090958461723,4.200308440017654,27.903978865946858
1885.781,1.4879699476000332,4.198633208227449,27.915773581960224
1888.406,1.4917937118737916,4.19850072286348,27.916427395723282
1890.984,1.4893209801779677,4.199008315466714,27.92397959001135
1893.547,1.490365837491904,4.1987075147579676,27.92312928211649
1896.109,1.4894578371124874,4.199524086324025,27.918273781347064
1898.672,1.4853027894883841,4.199259623296804,27.915448432134603
1901.234,1.48762803609575,4.199605632206075,27.932715148139934
1903.797,1.4775305452523446,4.1988785230758685,27.940914406429744
1906.359,1.4784890894794047,4.198940426336816,27.94864673638564
1908.922,1.475983759338393,4.199687618785627,27.958008205951987
1911.484,1.4691255832912595,4.198553308804744,27.966410610562917
1914.047,1.468141053093472,4.198582619633416,27.96805552101926
1916.625,1.466984555747889,4.1987741488878445,27.985712754313063
1919.187,1.4698924200524714,4.199092692793236,27.983601042589967
1921.75,1.4630176873400313,4.1990725937443,27.966744400133855
1924.312,1.4661478779175352,4.19939005291508,27.97412657309241
1926.875,1.4655832790546275,4.199743066805115,27.99517155581127
1929.453,1.45415107433434,4.199239123874405,28.00776528515499
1932.015,1.4551744726335782,4.199113984066937,28.015200068293858
1934.578,1.4557672184358064,4.199176294920431,28.027081404105747
1937.14,1.4528191301921136,4.19975631810296,28.024333769634417
1939.703,1.4417354124555724,4.198583261135627,28.02915969104708
1942.265,1.4449054165821011,4.198998595951256,28.037309666487722
1944.828,1.4457359103160392,4.199020148285364,28.031661646255387
1947.39,1.443647345701591,4.199372410653896,28.023444513346405
1949.953,1.4437222219611898,4.199842252398025,28.024203405944295
1952.531,1.4343236119215803,4.198442367946273,28.02511270400245
1955.093,1.4349038959911353,4.198851550743161,28.04981663259221
1957.656,1.4316606472981397,4.198890861102543,28.053443920995054
1960.218,1.4320716213092697,4.198945932796392,28.05606290126233
1962.797,1.4322308509607504,4.19935443577593,28.066945248225068
1965.359,1.433308063253556,4.199644389194918,28.070682505229545
1967.922,1.4221321783328469,4.19890726356889,28.074409138816176
1970.484,1.4211244543893393,4.199164135865911,28.079898101441383
1973.047,1.4222006339995745,4.198951457802383,28.089619075470534
1975.609,1.4179414835458326,4.199331045216248,28.096879336611348
1978.187,1.4194994620121724,4.199572018779671,28.082418190405082
1980.75,1.4104167472229363,4.198405854911168,28.097003635370026
1983.312,1.4086603558844462,4.198734796366817,28.09494852664511
1985.875,1.4082009795518133,4.198953281601536,28.099432598243865
1988.437,1.4114000029453588,4.199096604715229,28.09907033550852
1991.0,1.4087187593746764,4.199314761914687,28.096844311828566
1993.562,1.409221593771319,4.199535257644379,28.10370831144768
1996.125,1.4098782812153234,4.199725755952297,28.112351378346094
1998.703,1.3981231784128452,4.199098691794873,28.11217783593412
2001.297,1.3964942740882693,4.198806316411114,28.119592268586636
2003.875,1.4019412237866167,4.199165606480174,28.128061485912895
2006.422,1.4005850209820156,4.19914726384728,28.130750851972465
2008.984,1.3995947579969858,4.199197020097205,28.133895404796395
2011.562,1.397603313189512,4.199707970750344,28.126711618020153
2014.109,1.3892502587520108,4.198642182992955,28.126834251427297
2016.672,1.3861090167668664,4.199290059988677,28.129381875856247
2019.234,1.3836567256265115,4.199303466710398,28.138700825123255
2021.797,1.388906107034117,4.1993119816815545,28.139485371974263
2024.359,1.388260399191034,4.199633062146524,28.14550414575276
2026.922,1.3852187440842303,4.199986662399495,28.152759183136038
2029.484,1.3853538735209159,4.199841483831995,28.15725906626592
2032.047,1.3869339391827948,4.200157003987299,28.154340109694346
2034.609,1.386753492702602,4.200237866897466,28.155761470021364
2037.172,1.3859873864908938,4.2003748287725475,28.1678335819589
2039.718,1.3868310112988238,4.200529532901136,28.175896251211686
2042.281,1.3821415739470522,4.2006891254238194,28.165097539935175
2044.859,1.3764352837229294,4.200231082452247,28.159883978509487
2047.422,1.3639381563580673,4.199364621566256,28.15212658780898
2049.984,1.364021878072881,4.199467095365488,28.16502330574819
2052.547,1.3645245193580549,4.1994174258726344,28.173965042195267
2055.125,1.3627556706494264,4.199692150990953,28.174917030725737
2057.687,1.3613727887022589,4.199905700396522,28.19809834816087
2060.25,1.3631539476917693,4.200101413475335,28.196617053018983
2062.812,1.3614147414045856,4.199858178811672,28.195211257663388
2065.375,1.358203991994537,4.2004842556743025,28.21393753748387
2067.937,1.3635123039017258,4.200625136018856,28.217757260091975
2070.5,1.3519474027892535,4.199680984025792,28.217218007022495
2073.109,1.3425039831602499,4.198867103081803,28.22316372609187
2075.718,1.3445404546662285,4.199421686424455,28.222586909649873
2078.297,1.3416458687505632,4.1992572269944635,28.210639725972086
2080.859,1.3414171708882863,4.199577025007998,28.21683335850396
2083.422,1.3407352223404412,4.199514138736889,28.21463653453701
2085.984,1.343035543630782,4.199740167795009,28.219987870809284
2088.547,1.342126123015262,4.199826086060388,28.23495349431928
2091.109,1.3410528898894998,4.200095157595848,28.236029184756724
2093.672,1.339210144964305,4.200288877007193,28.24323376323037
2096.234,1.3389847845220217,4.200402214120675,28.246395168195708
2098.797,1.34095777450701,4.200506050386133,28.239328151113185
2101.422,1.3409469415702615,4.200793949940554,28.246412520321627
2104.0,1.3275953223955828,4.200241244797555,28.24217801396355
2106.562,1.3283862873709642,4.200140217407198,28.255301864601787
2109.125,1.3260869003399998,4.20029161173766,28.262256953746903
2111.687,1.3270682575505466,4.200577510705762,28.27093351085442
2114.25,1.318460935065039,4.199572882500935,28.254452253838572
2116.812,1.316466728423271,4.200090973504188,28.254301278661877
2119.39,1.3233004434350928,4.19966742171925,28.249726460979094
2121.937,1.3196557244706248,4.2000207757078964,28.257439089109198
2124.515,1.3199462007997256,4.200418579524611,28.257040098655647
2127.078,1.31641199426091,4.200664236912446,28.262688989387357
2129.625,1.3043748510536388,4.199488814654996,28.269410045512014
2132.203,1.3036662196968782,4.19968474525537,28.265388533479253
2134.75,1.3052977377380854,4.199916548839656,28.280364330746796
2137.312,1.3047383671152355,4.200127105126559,28.28400698636515
2139.875,1.3047115084709406,4.200544685913684,28.281284641569663
2142.437,1.305525050303711,4.200577833318857,28.289670636915176
2145.0,1.2945588577675529,4.1997866255886445,28.285391205777447
2147.562,1.2869169692358404,4.1986800135512325,28.28579759957987
2150.125,1.2875392155251801,4.198706409994745,28.278881302991454
2152.687,1.2858052979076453,4.199167524679269,28.285775027852285
2155.25,1.2866843573117883,4.199002184259553,28.27547420460159
2157.812,1.2841305638645808,4.199684936346236,28.287845349067013
2160.375,1.2848776139555067,4.1993577794206844,28.295398048819838
2162.937,1.2833725811133514,4.1996589689689525,28.297964651518452
2165.5,1.2875751664384167,4.199786719313677,28.297786007675537
2168.062,1.2838873261639634,4.199738647468665,28.312346425598935
2170.64,1.282214718729718,4.2003548663145,28.313467105156313
2173.203,1.2843330018478027,4.20037616152974,28.301128149960686
2175.765,1.2845863471682981,4.200403921766534,28.290008766254125
2178.328,1.2805002855389809,4.200636144197104,28.289296162562167
2180.906,1.271711767274358,4.199775212847675,28.308349362879255
2183.468,1.270997472977263,4.200240481472305,28.32260560092505
2186.031,1.2724905470248837,4.200206608446703,28.32851395316776
2188.593,1.2726742936435436,4.200503747952171,28.336706171145728
2191.156,1.2701976065440117,4.200497523396846,28.32140473117402
2193.718,1.2704333285101264,4.200560804147039,28.298450161525484
2196.281,1.2593975942072888,4.199904829463442,28.299381282785017
2198.843,1.2616887665929595,4.200056565396599,28.306290527642066
2201.406,1.2614340894869365,4.200029489377993,28.30607675510066
2203.968,1.2625523471769986,4.200367889038588,28.315113647452456
2206.531,1.2613764850747635,4.20074343650808,28.323965265311646
2209.093,1.2521525964228435,4.199762269761816,28.338632295382233
2211.656,1.2483206162286848,4.199960576642929,28.347388300213925
2214.218,1.2492224130345362,4.200068895835084,28.346454050744256
2216.781,1.2496112214198987,4.200215906015562,28.34256993542464
2219.343,1.249792746146463,4.200429469012522,28.339834715069767
2221.922,1.2470994665077475,4.200666330687662,28.347554467312687
2224.484,1.2402122120377796,4.199710334729331,28.35368474004447
2227.047,1.239648633346543,4.199719486946783,28.353401726359586
2229.609,1.240978100773381,4.199925932114674,28.369251064917343
2232.172,1.2395547567140508,4.199939169423568,28.36461782949239
2234.734,1.2408338962176761,4.200432696458901,28.36706668482508
2237.328,1.2389065408261173,4.200600441281797,28.365539876723716
2239.953,1.2265232290315535,4.19979354551271,28.35968913836804
2242.562,1.2236680705221645,4.1998052362565526,28.347823745178946
2245.14,1.2305491682107266,4.1997931339387495,28.363191078119296
2247.687,1.227343526577689,4.200111384256075,28.37323593542852
2250.25,1.2269466202389983,4.200445406936615,28.377015184337978
2252.812,1.2282704980045647,4.200146977378583,28.372424712525255
2255.375,1.226989877626759,4.200379143983777,28.370001102095948
2257.937,1.2270726555066782,4.200519540681085,28.374495667316218
2260.5,1.2286935865369895,4.200974995148791,28.375240589017498
2263.062,1.2184446130309938,4.200110610638711,28.371994391360122
2265.625,1.2132654017703675,4.20061411838619,28.365133292993335
2268.187,1.2148457738538239,4.200548039428319,28.37313977586852
2270.75,1.2139436676147952,4.200195999467054,28.37898744765068
2273.312,1.2124989601726153,4.2006154461157434,28.379387993853147
2275.875,1.2140821860856115,4.200871165727248,28.384524222701355
2278.437,1.2145097020454378,4.201130573865721,28.37654287246412
2281.015,1.2094910586984764,4.201371575465188,28.380935736950857
2283.578,1.1961676629568307,4.199680571689614,28.38753178388599
2286.14,1.1910051201523468,4.19968549196868,28.390379286674182
2288.703,1.1942340544494237,4.199623835479454,28.40173655892966
2291.265,1.1944184856104794,4.199688673028561,28.399627285195002
2293.828,1.191362457097138,4.20013289463996,28.40015609314701
2296.39,1.1934605460813188,4.200258308639876,28.406228347035764
2298.953,1.1914207627893396,4.200436494740185,28.398557955241277
2301.515,1.1921155221791158,4.200405355975171,28.404247622289237
2304.156,1.1915350698768448,4.200860364474178,28.409230823759962
2306.797,1.1923476303572065,4.2007015244645,28.415216643934112
2309.359,1.1913977669838054,4.201190449231695,28.410486505578817
2311.922,1.191320260779993,4.201038424871207,28.401156482778077
2314.484,1.1902724881427866,4.201612931014392,28.40885781368539
2317.047,1.1831363198844993,4.200530831771214,28.409033804873477
2319.609,1.1827141641548968,4.200749343130524,28.416502317784005
2322.172,1.1691280265001598,4.200099879547804,28.417374005408806
2324.734,1.1673182422275272,4.200003473737288,28.406572683882843
2327.297,1.1611397221491826,4.1992583421184015,28.40717489992884
2329.859,1.161000156376077,4.199552385037504,28.405095718764727
2332.422,1.15901418978946,4.199575427041113,28.407400267135493
2335.343,1.1597553597684958,4.199494454220208,28.420166124709013
2338.062,1.1583808511063478,4.199628324178264,28.43164124437828
2340.765,1.1594852106704436,4.199787216613909,28.421696205676234
2343.484,1.1555581062197788,4.199922051003203,28.418777886618212
2346.187,1.1548670813226813,4.200122033720085,28.427202176064046
2348.859,1.147948801333576,4.199426411840589,28.428040603520333
2351.578,1.147188172803935,4.1997067215211406,28.41379049848452
2354.25,1.1478255266552762,4.199562537994354,28.40752348672048
2356.984,1.135390122445999,4.198799530749865,28.397348493471032
2359.672,1.1360490806627503,4.19859586434085,28.41276953105247
2362.39,1.1398866672966188,4.198822631160431,28.4162748763028
2365.062,1.1375566767631036,4.199070617833497,28.421127985421176
2367.797,1.1362441428250358,4.199490989697465,28.425805538998063
2370.468,1.1347066771863057,4.199510005981573,28.4268307755518
2373.187,1.1331994538569656,4.199743607023351,28.426193592835222
2375.859,1.13867408568971,4.199607617558789,28.418623301558615
2378.593,1.134304092723879,4.19991259946277,28.43289831321852
2381.281,1.1355567431440745,4.2001610773134335,28.42771489320471
2384.015,1.1359367693656681,4.200389206007714,28.425541072791994
2386.703,1.1329822648607346,4.200411474821963,28.431549867372
2389.406,1.135732541150398,4.200814884410001,28.440539775376276
2392.187,1.1144073734324413,4.199061687779328,28.428769420243338
2394.922,1.1171349709290235,4.199017095989243,28.434494209103725
2397.656,1.1120566834852124,4.199239449046469,28.432225811309085
2400.343,1.112509657700251,4.199394354809163,28.43640795927627
2403.078,1.1140100751652346,4.199646045244839,28.428418217139217
2405.75,1.1066192076209485,4.198963593852599,28.426989152364815
2408.5,1.1038363607120503,4.198919859752088,28.432451763819365
2411.172,1.1038813788085888,4.199048918430745,28.434856692639517
2413.906,1.1022236324755639,4.199136631594742,28.433129107770494
2416.578,1.1027054665701255,4.199235497093522,28.434440501999056
2419.312,1.1037144376172385,4.199553956765679,28.426042192197087
2421.984,1.103614636408716,4.199745542635949,28.425797677294405
2424.703,1.0990714103248158,4.199723027952408,28.424021603099057
2427.406,1.1028917145585493,4.1999229661565805,28.42786411722648
2430.172,1.098898941578728,4.200118053780723,28.431057587146494
2432.843,1.101278060096483,4.200497732734104,28.426986383699223
2435.562,1.102938870798503,4.200602651103164,28.42956014460252
2438.234,1.1019545203179486,4.200820931247301,28.42372944266776
2440.953,1.1010694844197693,4.201062111004185,28.423973772517446
2443.625,1.0987890062794214,4.200868167610714,28.43232654519188
2446.39,1.100055957130296,4.201399577938271,28.435890142325892
2449.078,1.09892657297381,4.201343071054861,28.43454373528127
2451.812,1.0999652399259712,4.2017192249136555,28.41588148487916
2454.484,1.0878358648550768,4.2010967652765085,28.41183780281129
2457.203,1.0889022788777252,4.20151190568193,28.41635869569744
2459.875,1.0908811834455836,4.201638074303956,28.407006454838026
2462.609,1.0803141244909527,4.200618450075256,28.40522267605411
2465.359,1.0784076015067015,4.200773081032353,28.39616408543016
2468.109,1.0801210260681395,4.201060662565744,28.415134932238278
2470.859,1.0787446425471214,4.201074164447367,28.42832689988591
2473.593,1.0776340537571503,4.201392068912063,28.43409324118738
2476.312,1.0778542789825794,4.20153295212295,28.434763074046273
2479.047,1.0749678897880799,4.201580291063734,28.424167436490535
2481.812,1.0687417694519796,4.201205562624728,28.425623004317526
2484.468,1.0676925931072965,4.201211681139045,28.435015058244346
2487.203,1.0669105255038027,4.201471741239937,28.42730313378762
2489.875,1.066545161100329,4.201614125110686,28.429207699731318
2492.64,1.0553736942598657,4.200979348637874,28.425379420315444
2495.343,1.056525457809327,4.2010651978201405,28.416380224488872
2498.062,1.0551592167182553,4.201117808409099,28.41196771496126
2500.734,1.0553598350070097,4.201123986385162,28.413439396586664
2503.468,1.055599012254222,4.201393108217127,28.43213086220883
2506.14,1.0567464404259415,4.201511416204129,28.429669186967967
2508.859,1.0443239447145083,4.200743942259606,28.43079527050813
2511.562,1.0333526108022104,4.200279874248953,28.43326551352298
2514.312,1.0324464427811613,4.200238108013543,28.425700584815026
2516.984,1.0251148615890084,4.199281490558824,28.428577712253155
2519.718,1.0141644281153739,4.198351190941786,28.426301941714662
2522.39,1.0149783687426512,4.198638438137895,28.43141077587955
2525.109,1.0165670726816616,4.198573981552385,28.428577767980588
2527.781,1.0161510656511228,4.1989575858253145,28.42407845011656
2530.515,1.0114521385650703,4.198907954105199,28.425650454257227
2533.218,1.0133584709856862,4.199010881627064,28.42342045848312
2535.937,1.0146185810585173,4.199275879828799,28.424490695187682
2538.609,1.0133272325226839,4.199401578662576,28.41193246032449
2541.375,1.0146549909170768,4.199707733636994,28.407272280470195
2544.047,1.0132225249287072,4.199647206800708,28.401357974338264
2546.781,1.0125076767846501,4.1998045903787204,28.407706209465662
2549.468,1.0147726658697998,4.199905806654482,28.408144957054905
2552.187,1.01094700301106,4.200025344435787,28.41865919420688
2554.922,1.011973187844027,4.2004268787320065,28.417276759051905
2557.625,1.0140398896531042,4.200386445787856,28.416107137915265
2560.406,1.0094382837101563,4.200753030196931,28.420336924768247
2563.125,1.0094826330951354,4.201016230489806,28.39466839512288
2565.797,1.009246073554102,4.200828292554147,28.37843937221475
2568.562,1.0095965604681802,4.201154784459088,28.38501873791409
2571.234,1.0062118502156239,4.201357322697476,28.38038824821715
2573.953,1.004595699868332,4.201594634509588,28.39621771229318
2576.656,0.9904401793896042,4.200042358051076,28.3951146858082
2579.375,0.9812745960550068,4.199337613957981,28.403347486415278
2582.047,0.9680474337981905,4.198270791793912,28.40299563460426
2584.781,0.9716040107619268,4.19860692939072,28.387020189114757
2587.437,0.9676411477401111,4.198471805138928,28.386810852549043
2590.172,0.9691164815510755,4.1987230483097475,28.399925264779835
2592.843,0.9669773916659127,4.198956634769461,28.405332547762672
2595.562,0.9692004671897054,4.1990124315237445,28.403323374631693
2598.234,0.9577522485705046,4.198048776402816,28.39032826654859
2601.343,0.9482007260472112,4.197289411183107,28.368185236103667
2604.203,0.9510953893349432,4.197418847696818,28.368497232249844
2607.062,0.9475575278393716,4.19723227973155,28.37595870639422
2609.906,0.9483594789117711,4.197736736241859,28.384442151410738
2612.781,0.9482936578035513,4.197528105727333,28.39070952356612
2615.625,0.9462374207723309,4.197821454788287,28.372124951437804
2618.468,0.9367071311868386,4.19714437259168,28.38571106506153
2621.343,0.9297613261862648,4.196301601478535,28.377969432609117
2624.203,0.934210026465363,4.197435181653349,28.378309003702107
2627.047,0.9323210154361818,4.196358536657152,28.361357617273868
2629.89,0.9352474195891276,4.1971844408171695,28.36677678626964
2632.734,0.9311632628582504,4.196849361761598,28.36207778824591
2635.593,0.9271306785472222,4.19697418926723,28.36178566543222
2638.437,0.9276675734798949,4.197006172340138,28.361073936975963
2641.25,0.9257095066415265,4.197011072058852,28.35240248563127
2644.125,0.9254765303695113,4.197387620525693,28.353058908279465
2646.984,0.9165615907594289,4.19666037946901,28.35087715161228
2649.828,0.9170557245841462,4.196500277051048,28.346407474597463
2652.672,0.9154358468353512,4.196300299691074,28.353532934878675
2655.515,0.9259302178140502,4.19788856625397,28.3515387265285
2658.343,0.9155276300183863,4.196902116494501,28.343762357489613
2661.218,0.9194060914462187,4.196992028197785,28.335103954550597
2664.062,0.9119111985996425,4.197378976013039,28.32979286681332
2666.89,0.9127649251354444,4.197329742233935,28.348439023742085
2669.734,0.9133985490245441,4.197724802826351,28.340503935039767
2672.562,0.9125842200801696,4.1977564501008615,28.33394573484559
2675.406,0.9126756810077398,4.19827131250872,28.331381429147836
2678.25,0.9093004515053073,4.198059896163366,28.329576695389434
2681.125,0.9159562091807734,4.198481694706917,28.32322338321139
2683.968,0.9105403487689269,4.198514922162158,28.323572190978048
2686.843,0.9127035687080457,4.198710832796334,28.31850307873022
2689.687,0.9027980406713016,4.198118585937489,28.313143697028302
2692.531,0.8931897458839541,4.197411047934213,28.305345665104092
2695.39,0.8914919875256653,4.197412828040123,28.305344780845715
2698.25,0.8901139925914711,4.197582851795655,28.305639653279183
2701.109,0.8814003234377132,4.196843132956951,28.305767189390167
2703.922,0.8915308286243276,4.197802057040569,28.29690785255912
2706.734,0.8817530046499579,4.197012120416333,28.299930956016013
2709.609,0.8908395261879094,4.198211466775771,28.284791336823794
2712.531,0.8815309350456642,4.197531115107564,28.276188673011937
2715.39,0.8892338397534306,4.198552828768862,28.27778084527514
2718.218,0.8784210147823919,4.198053783010484,28.280758185876962
2721.047,0.880027838879514,4.19786752044438,28.27660514569098
2723.89,0.8775543779542136,4.197987915751909,28.266083451626876
2726.75,0.8709682720588892,4.197683759379872,28.259324880914445
2729.625,0.8585176540715272,4.196786447411869,28.244273445548778
2732.468,0.8566213338159735,4.196805360864666,28.24416995748151
2735.312,0.8591198790470598,4.196747446188257,28.24159274955127
2738.187,0.8596915049657351,4.1971268697669055,28.25383455190852
2741.047,0.8595277898847421,4.197034849080208,28.255834076733308
2743.906,0.8606965477006452,4.197374580817389,28.240406867095402
2746.75,0.8597871625276859,4.197492451813582,28.234223689729554
2749.593,0.8595074878956727,4.1978281505659085,28.242856284472943
2752.437,0.8466665671897288,4.1968275404960345,28.247449455352374
2755.312,0.8589506846814511,4.198059707865525,28.218838368524853
2758.156,0.8488014643714764,4.197101720363521,28.20627349706835
2761.0,0.8534732228030852,4.198460364974652,28.20019574909905
2763.843,0.8466723527094494,4.197704610752139,28.20533027803564
2766.718,0.8451488805250127,4.197716899354671,28.20742681158572
2769.562,0.8463112377564573,4.19820162097601,28.212770930493157
2772.406,0.847786038296313,4.198159404727427,28.200767479572573
2775.281,0.8469593636497169,4.198381587325273,28.183873817602397
2778.125,0.8471251186326866,4.1986817482183865,28.186760924169025
2780.968,0.8380231806250988,4.19811934308401,28.194301665424664
2783.828,0.8244590493451778,4.196909808267167,28.198415512668245
2786.672,0.8231128601682012,4.197240804829578,28.194067989254936
2789.515,0.8236487094998478,4.1972105311917405,28.19168608601259
2792.359,0.8346811576810285,4.198157510927021,28.177826116338988
2795.203,0.825141051158815,4.197432869641072,28.16340473046114
2798.078,0.8241267571781543,4.197422544828114,28.162971602093858
2800.953,0.8241902970018125,4.197547970569207,28.171783030679986
2803.812,0.8208264346866444,4.197716248739928,28.17038263342798
2806.64,0.8232970028691177,4.198494316522158,28.16153247438797
2809.515,0.8137776438049428,4.197524023715998,28.14650816238528
2812.343,0.8113577561149944,4.197287495298334,28.149715000368342
2815.203,0.8122426850440737,4.197611184820555,28.149612427251054
2818.093,0.8051188650575692,4.196920400357127,28.131487517629424
2820.937,0.8118203227706565,4.198233478377845,28.132915866561536
2823.765,0.8025489945021592,4.197387865654048,28.143143497969106
2826.625,0.7995601533438305,4.197312062286278,28.137398184660494
2829.5,0.8128010453250388,4.198303237996136,28.12537156116719
2832.406,0.8012453699422044,4.197619313184291,28.105510394541227
2835.297,0.7995870166838611,4.197744315990628,28.1025469107975
2838.172,0.7902497473523831,4.197021879565232,28.111941455396543
2841.047,0.7883316900012336,4.197192274258251,28.11166421404995
2843.922,0.7895062783567554,4.197473189259363,28.103206380340286
2846.734,0.7901609177576853,4.197384959511141,28.10202032633739
2849.547,0.7909212554576177,4.197612471448002,28.092380326606
2852.406,0.7780937178258123,4.196821990449609,28.082210717367158
2855.281,0.7811067033304725,4.1970187528765495,28.077183470807384
2858.156,0.7801771615142287,4.1972993004458115,28.06275934463704
2861.062,0.7799752711520891,4.197316332440665,28.048345689084357
2863.875,0.7785772470907265,4.197327266178,28.049123904697165
2866.687,0.7794805721736519,4.197292814431923,28.055998000422026
2869.547,0.7802781733891885,4.197909283135398,28.05439106076024
2872.406,0.7679376751989383,4.196936751119637,28.051236775753747
2875.297,0.7676324503056255,4.197034290495114,28.05004064061493
2878.109,0.7687411687316495,4.1971544402968295,28.046517523476545
2880.922,0.7645499350383678,4.197663111162214,28.042413348163553
2883.781,0.7595529522262013,4.196421899787105,28.043633929112573
2886.656,0.7576274586035429,4.196628032699305,28.03670708079346
2889.562,0.7592540446221114,4.196984888989169,28.0415102083293
2892.375,0.7680091970780345,4.197829414445257,28.02177591519029
2895.187,0.7564726660731532,4.197280854679388,28.004955135703977
2898.047,0.7577175382516416,4.197162073396508,28.00575631785567
2900.906,0.755589050423204,4.197628050932722,28.005127014103813
2903.875,0.7495158420936492,4.196606471373678,28.0133776382283
2906.75,0.750598034255448,4.196767424851377,28.010601424273784
2909.562,0.7469116949844211,4.1969163464365185,27.98394356025122
2912.375,0.7450425039315854,4.197058237873299,27.97919837387856
2915.234,0.748024752040729,4.197085233458495,27.99536553892476
2918.062,0.7548062407352858,4.198140806193934,27.993841960539136
2920.906,0.7455320397804495,4.197657115518628,27.979992640267945
2923.781,0.7448148928998792,4.197694862903835,27.97292780498976
2926.64,0.7456081265801938,4.197821351045368,27.970371809172306
2929.531,0.7454060697081507,4.1979626863693955,27.953605285025503
2932.343,0.7492263903615988,4.198122935603944,27.938714162192518
2935.156,0.7436024953461385,4.198214294952972,27.941260217150806
2938.031,0.7437768284841351,4.19849307199297,27.93835675965574
2940.89,0.7444323062017251,4.198770326077938,27.939907567882308
2943.781,0.7349108378552687,4.197787086835795,27.933791049050125
2946.593,0.7403090544186455,4.19876941588643,27.92842743925824
2949.406,0.7350556609774541,4.198219793080755,27.91000837184872
2952.281,0.7245721012306374,4.197500056973014,27.894988627226667
2955.156,0.7233678605895747,4.197533033182106,27.89656685619283
2958.015,0.723170260590485,4.1973532867085925,27.90094869567983
2960.906,0.7209295625164643,4.198014856516679,27.89773608024737
2963.797,0.7232840316202981,4.197942120128905,27.879549934725127
2966.687,0.7226760292323626,4.1981015652156355,27.86967010193332
2969.5,0.7230082566119288,4.198167002873361,27.877238255109457
2972.687,0.7216791925336442,4.198114266455371,27.876661290693185
2975.609,0.7203980598331431,4.198278550531378,27.86606667729654
2978.531,0.7214317406230026,4.199105403591601,27.856998674690505
2981.468,0.7117516392421415,4.197837159919564,27.844337329873863
2984.375,0.7037831014600914,4.197106669607386,27.839854731542065
2987.297,0.7011005148854534,4.19721210201069,27.83932441250251
2990.203,0.7033575960771067,4.197563290515758,27.838049065954653
2993.125,0.7039521164197443,4.197266663062329,27.835703834334875
2996.031,0.7019172763271794,4.197468869550304,27.831503710906535
2998.968,0.7043882331979142,4.197570387213695,27.824441139191148
3001.89,0.6970151058124908,4.197942731134322,27.815382329767026
3004.797,0.7000227734055575,4.19805220178789,27.803001713086907
3007.718,0.6986270295568876,4.1983059830731575,27.801638471096048
3010.625,0.698493438249092,4.1985296240895,27.801739571138608
3013.531,0.6983652455081044,4.19838065847019,27.799209450316354
3016.468,0.6967480889749262,4.198659717046692,27.791039310364734
3019.39,0.6885358366858737,4.197705428055664,27.7901614725449
3022.297,0.6912049530791766,4.197900235755314,27.78908538803124
3025.218,0.6890021136769947,4.197925007364902,27.782880177162255
3028.125,0.6866134653658527,4.198032865681523,27.779172442098375
3031.062,0.6885709024518791,4.198482799374606,27.76744477365385
3033.984,0.6874794416057648,4.198331046274384,27.758857014109033
3036.89,0.6887587630004405,4.198637562485088,27.753179107293118
3039.812,0.6811325545430266,4.197713154317822,27.743189546073477
3042.718,0.670471870164888,4.197129259708426,27.75291368883712
3045.64,0.6691108824368507,4.196870982488455,27.7377921675607
3048.687,0.6692844606036704,4.196871266356893,27.74275430348927
3051.64,0.668982825012134,4.197246432570259,27.729174700323597
3054.547,0.6673381645478721,4.197463647420346,27.72778707866141
3057.453,0.6669293939819445,4.197557544690956,27.716385066445465
3060.375,0.669669241514072,4.1973156310745505,27.70476466980172
3063.312,0.6688770042307716,4.197553051847136,27.70272033819541
3066.218,0.6651849950315185,4.197663746964313,27.68310555890223
3069.14,0.6659650261180223,4.197934754580314,27.680641000165103
3072.047,0.6678864014500772,4.198330799641894,27.679351870784835
3074.953,0.6655091481712253,4.198369550042496,27.673664109235986
3077.859,0.6640397451484592,4.1983221467459115,27.66276697326666
3080.765,0.668809817587924,4.198228002548098,27.65641154457896
3083.687,0.6608379925757158,4.198662464351453,27.64938768114218
3086.593,0.656620086403115,4.198084247947014,27.636213313207858
3089.515,0.6460291049037629,4.196687038973198,27.634143809245252
3092.422,0.6442818599591519,4.196858620455729,27.637828425330085
3095.359,0.6468385194134407,4.197481457287773,27.64481172760121
3098.281,0.6462449037139069,4.197342430611963,27.639996669352186
3101.187,0.6469266324523082,4.197700148017194,27.633891697607684
3104.125,0.645845780654548,4.197210457356454,27.622887492691312
3107.062,0.6401849560766714,4.19754821888925,27.620529785983667
3109.968,0.6422652602046703,4.197777631937771,27.611461571100644
3112.875,0.6466022239609129,4.197948894906317,27.608923671243584
3115.797,0.6419388087133266,4.19761678637834,27.599024815855802
3118.703,0.6448622667780234,4.197994368578808,27.59646635594106
3121.625,0.6413279231593615,4.1981264362902335,27.57752426835725
3124.531,0.6406436839949291,4.19810804621304,27.569789495198194
3127.437,0.6427415409706596,4.198490567575274,27.566264326269007
3130.359,0.6385042500264438,4.198752466197687,27.562299059486136
3133.265,0.6312995527852844,4.197686484571303,27.56247304995317
3136.203,0.6294312703552615,4.197914067182716,27.561229628968203
3139.14,0.6346548773352625,4.197751727572381,27.556581165752633
3142.109,0.628718276475234,4.197870299848047,27.546460324567
3145.015,0.6327433002333489,4.198156455931895,27.543726177296087
3147.922,0.6333253993645603,4.198360228340089,27.530325260562652
3150.875,0.6292185087682612,4.198235918589579,27.518780960414784
3153.828,0.6316811900458462,4.19852680385565,27.5020063927395
3156.781,0.6300108559318208,4.198633808996035,27.488051095079648
3159.75,0.6192578030504248,4.197996995034584,27.481894096754413
3162.672,0.6204389967972541,4.197903244826501,27.47456341825982
3165.656,0.6213222346054319,4.198059322812753,27.48082760717404
3168.593,0.6204396282632428,4.198145635762163,27.47253005290659
3171.547,0.6164759397928514,4.19837218040185,27.477043343368056
3174.468,0.6220027708480882,4.198522072660807,27.4760495981625
3177.375,0.6212079494386731,4.198270080480212,27.475679291753927
3180.297,0.6164625117356662,4.198674994246086,27.464866031233854
3183.25,0.6085516743002904,4.197904284447775,27.45661093572333
3186.218,0.6059665866022038,4.19774370580645,27.445065573756413
3189.187,0.613835147382327,4.198067078642441,27.443623832417487
3192.156,0.6098471889618758,4.198160858568213,27.429929645716523
3195.125,0.6117857305331157,4.198147521953162,27.431728221367045
3198.125,0.6096217417977196,4.198406947693205,27.423626350241058
3201.062,0.6104726635966878,4.1984698152469955,27.414183810450286
3204.031,0.6087653347063271,4.198648581116565,27.414657687514456
3206.937,0.5976226488238396,4.1976541653108335,27.39728299572763
3209.859,0.5996425490198146,4.197659223694978,27.408770661488756
3212.765,0.5981136919826561,4.197701620796299,27.399554895904416
3215.734,0.5974931267131495,4.197852751200423,27.399856942048284
3218.765,0.6018200872034205,4.197931707797418,27.385094706584944
3221.765,0.6011935319769306,4.197981455298044,27.373597333426982
3224.672,0.5966895373547365,4.198451581083637,27.36741635997156
3227.578,0.5971788845882844,4.19814481877077,27.36606388630581
3230.5,0.5989317249229674,4.198475672128905,27.354088685394466
3233.406,0.5983676696533294,4.198251552858246,27.343818759249764
3236.312,0.5972790902284714,4.198639655110315,27.334760735457934
3239.234,0.5885471680365716,4.198118575096051,27.340871144139122
3242.14,0.5896591521017811,4.197880414570299,27.334813565177576
3245.062,0.5864989503168869,4.197826168365269,27.32359099609394
3247.968,0.5861974082785881,4.1981673302905085,27.321021951482667
3250.89,0.5854499849315801,4.19795924065216,27.31255708928244
3253.828,0.5865727552774528,4.198423991008223,27.305484060597525
3256.75,0.5853501402285841,4.19828236099092,27.298350210427774
3259.656,0.585487712111074,4.198551816213867,27.289406817946162
3262.593,0.5759883930893003,4.197496813483579,27.283693652326107
3265.547,0.5773650094157313,4.197706546834091,27.282315156359154
3268.453,0.5735632591567874,4.197933228595189,27.274145567614262
3271.359,0.5693256086721825,4.198303075405751,27.263725348745776
3274.265,0.5780290233593375,4.197810293127522,27.24994262038825
3277.187,0.5753785679371871,4.197832268054095,27.248282885763167
3280.093,0.5745201701662636,4.198220304865111,27.239999897709627
3283.0,0.5740907888019227,4.197979280980202,27.22973710541857
3285.906,0.5749999230291912,4.19841165625197,27.22119195482652
3288.828,0.572885434359714,4.198410541122558,27.22162179324292
3291.734,0.5754734036159643,4.198296431010119,27.21464638283704
3294.656,0.571666648186755,4.198683607913782,27.212346279074943
3297.593,0.5748410760343772,4.198725132993998,27.209559700485993
3300.5,0.572502836934446,4.198703362463114,27.201404362578668
3303.406,0.573706804632279,4.198734484836098,27.19040809225031
3306.359,0.5731465672269523,4.1991752934233055,27.18810615420288
3309.406,0.5721934411237357,4.199307282428218,27.178119569782883
3312.375,0.5705374535606336,4.199374439875416,27.181428004956786
3315.343,0.5727412248927931,4.1993650184013385,27.159679890581472
3318.297,0.5742928223485231,4.199661019092792,27.164746048634232
3321.234,0.5662485091817163,4.198932746546462,27.147490182697098
3324.172,0.555284209777795,4.1979093303606465,27.142788273266582
3327.125,0.5547171557077878,4.197912634720387,27.136235274796338
3330.172,0.5551326464230166,4.197916469875921,27.131490594757505
3333.093,0.5545745806890524,4.198148514709801,27.129408142744794
3336.015,0.5497118857145625,4.198038602146576,27.119477628444752
3338.922,0.5537784024565997,4.198215386192624,27.11899416453726
3341.828,0.5514204402793148,4.19805807786079,27.110500409728466
3344.734,0.5515388539500935,4.198430080777446,27.1087414251601
3347.64,0.5525029993539767,4.198538674750595,27.10535142269688
3350.562,0.5534478654815128,4.198636084728744,27.08976896939275
3353.468,0.5423894651223301,4.197877896118384,27.088831360880558
3356.375,0.5412650435961539,4.197887921255468,27.09050786839017
3359.297,0.5440135939305696,4.197788760590203,27.083306213284008
3362.234,0.5434962000897045,4.1976946450304,27.07581690480254
3365.14,0.543345251863371,4.198054167012593,27.07076585591427
3368.047,0.5439399846741735,4.197975052143872,27.065801933092516
3370.953,0.5408779593729895,4.198044557206463,27.053054648592084
3373.875,0.5396842235650852,4.1981586433055424,27.04431905736671
3376.812,0.5423329260493347,4.198272212658938,27.041387314795383
3379.718,0.5436906748406757,4.198326730863052,27.032263256207774
3382.687,0.539469094068217,4.19855267686946,27.029586925278597
3385.64,0.5315920802101782,4.197521264460226,27.02454255071809
3388.656,0.5314782231713168,4.197557413659395,27.016061304539452
3391.593,0.5323692108924238,4.197634451741321,27.014061402499646
3394.593,0.533089852473192,4.1978304339410055,27.00739832741843
3397.531,0.5319452163913965,4.197821495499919,26.992172489989134
3400.578,0.530582785364744,4.197961996342982,26.979822983593092
3403.609,0.5312911111006814,4.197794784231654,26.97163104994319
3406.593,0.5316073507687544,4.198017832721279,26.956880991823656
3409.562,0.5324269676326844,4.198206546407638,26.954379754103762
3412.531,0.5295822914831019,4.198217477923905,26.954177874744715
3415.5,0.5323476645093224,4.19808913728023,26.944308900276344
3418.531,0.5301125881742165,4.198270087122152,26.929250208992663
3421.547,0.5306741788080619,4.198643566457387,26.927436490602144
3424.531,0.5194252972764787,4.197743994274175,26.919620430964724
3427.547,0.5196346338594959,4.197783510106193,26.920986630970553
3430.609,0.5206116668887177,4.1978818740453105,26.91652911227204
3433.656,0.5218667309441145,4.19792388066361,26.903804152146087
3436.578,0.5212653959842587,4.197858457208903,26.900048364993328
3439.5,0.5185456157932771,4.198014244486792,26.894566967415667
3442.406,0.5203042184605637,4.198170520787418,26.888757896951688
3445.312,0.518443417117586,4.198150824888016,26.882538321503063
3448.218,0.5181690473797345,4.198015289711808,26.88082916415861
3451.125,0.5204864023287008,4.19839312715585,26.875050546720864
3454.047,0.5170421683359658,4.198394355200391,26.87055153681679
3456.953,0.5196361864240167,4.198340824566559,26.8649240521087
3459.875,0.5179341539090903,4.19840251087309,26.858245586431998
3462.781,0.5187903794694305,4.198495516197665,26.85218554812973
3465.718,0.5185018854072584,4.198687401724397,26.829986291642467
3468.625,0.5185206879890735,4.198944880033589,26.831901930487806
3471.531,0.5211102682302214,4.1987187393288865,26.817213800941143
3474.453,0.5173183985200274,4.19897509863341,26.8150693291707
3477.359,0.5180592018153874,4.199077640734499,26.81146441361437
3480.281,0.5179711027065685,4.19919012322294,26.801608784790794
3483.187,0.5178590975811976,4.199336762592157,26.796857813411048
3486.093,0.5173790117473258,4.199302731306767,26.792763245211567
3489.015,0.5131513115404125,4.199633053168821,26.803269158385916
3491.922,0.5083767253245646,4.198577878095095,26.790433776027346
3494.828,0.49896553929305937,4.197557894847085,26.784648192308676
3497.781,0.4960332143818892,4.197767634985023,26.77896983592591
3500.687,0.4987669830533439,4.198077269557576,26.771220310462716
3503.593,0.4986903698348129,4.197750735972463,26.76666050461961
3506.5,0.4981338283495224,4.197986904744966,26.755111324409523
3509.422,0.4980524763938465,4.197927308622254,26.743179833967044
3512.328,0.4982027373411306,4.197856310349085,26.741188907871027
3515.234,0.498010579602681,4.197884438044724,26.734637707419726
3518.14,0.49476408688012746,4.19812420833945,26.727751189178395
3521.093,0.4968613068042796,4.1982975042268205,26.726247938601066
3524.062,0.49418177304610167,4.198275319644541,26.71886103138195
3526.984,0.49627149456788816,4.198123500125097,26.71548053842304
3529.922,0.49694450738058177,4.198570544805303,26.718492994607153
3532.843,0.4961798019510357,4.1985369646533535,26.7002120046447
3535.765,0.4958197807895532,4.19861808704997,26.694768492225602
3538.687,0.4947795615359855,4.198648915792063,26.684758612821497
3541.609,0.4959428721527991,4.198618711898622,26.675221595471715
3544.515,0.4960650291218991,4.198984546704825,26.66999349870545
3547.422,0.4935231061389182,4.19916920515431,26.672716324392944
3550.328,0.496467378028453,4.199020056507283,26.662529782614843
3553.297,0.4955121852930301,4.198925000985008,26.655178419161125
3556.234,0.4924473231308601,4.199301865810139,26.646947668186133
3559.234,0.49448455564361776,4.199713118074704,26.638623991878976
3562.281,0.4864189591409673,4.19833292204165,26.63693317140056
3565.265,0.485661539167671,4.198495799449689,26.624355618303174
3568.297,0.48180909162627955,4.198779086859587,26.626686198733605
3571.281,0.4732537464542118,4.197691737574125,26.611674364991092
3574.265,0.47523487499821865,4.197871896413797,26.608685484603157
3577.25,0.4755790182355066,4.19773187769219,26.602294560565465
3580.203,0.47387612447189004,4.197755510105976,26.594386711017805
3583.14,0.4772735477161908,4.197726841591326,26.588085307407674
3586.093,0.474328881324519,4.197938810366428,26.59045892441386
3589.015,0.47551188721415155,4.197951192823354,26.580540497180298
3591.922,0.4746969884627003,4.19810660925414,26.56654958712303
3594.89,0.4755917535328494,4.197931250677337,26.55412268393257
3597.859,0.47283883679547944,4.198296946060275,26.54868100593039
3600.781,0.474531961646246,4.198280814166171,26.537649904891463
3603.75,0.47474589514715276,4.198168380883372,26.550576667804656
3606.718,0.4729627387130533,4.198509226376641,26.541207005202875
3609.687,0.4735060633412677,4.19856550247469,26.53618193761531
3612.703,0.4736116282574577,4.198496164494477,26.528042259834173
3615.656,0.4746574281275472,4.198583246446265,26.517319125707782
3618.578,0.4732626094306366,4.198516518721014,26.51386735755064
3621.484,0.47215156400929414,4.198997131847003,26.511945362090625
3624.406,0.4728381902296351,4.198794116677955,26.50538008804055
3627.312,0.47157084728901283,4.198701020173213,26.49606398809801
3630.234,0.47174328430936874,4.199015389343724,26.491870606531787
3633.156,0.4717231485849973,4.199022134466945,26.486973638418988
3636.062,0.47665100156369306,4.199385997627893,26.487071739806446
3638.984,0.47099126640172095,4.19929957702584,26.482439968827784
3641.89,0.47227656777354426,4.199496953926944,26.472806590416518
3644.812,0.46853915402884,4.199533589762881,26.46666927261977
3647.75,0.46961513357642176,4.1993975105191685,26.457984867937917
3650.687,0.47210440193141917,4.199587190651465,26.456587116938618
3653.609,0.46103053158672025,4.1987713186857185,26.45071427366052
3656.515,0.46103427377974665,4.1989770387609235,26.441870553142135
3659.422,0.4613984294242181,4.198763549282691,26.449844781616555
3662.328,0.45991277872580555,4.198974652540221,26.4326570769598
3665.25,0.4585732044332166,4.198964495961642,26.423122933176263
3668.156,0.4589140582820355,4.198859949895705,26.421675549297927
3671.062,0.4618975575308941,4.199016330990139,26.421253009284857
3673.968,0.46071608152077387,4.1992468826483895,26.410627768252905
3676.875,0.4602957725135319,4.199191543758714,26.399185306636486
3679.797,0.45900486586373945,4.199174988521267,26.405344692137046
3682.734,0.4579956620086402,4.199409197425234,26.389157984130364
3685.64,0.46190495373900886,4.199364866982583,26.386571621388214
3688.547,0.4604535051374589,4.1995909522298644,26.36608474345732
3691.468,0.44420992261446507,4.198671217983148,26.365787249297032
3694.375,0.4490090303824521,4.198598822903121,26.363884709270838
3697.281,0.44636464841448176,4.198592627337311,26.358713610041033
3700.203,0.44887691858465595,4.198932343616201,26.352118489968156
3703.109,0.44904792377255404,4.198870671143889,26.345331124476832
3706.015,0.4548231095226442,4.198996712173147,26.33735827446364
3708.937,0.4483549901832724,4.198892172227573,26.335293721800483
3711.843,0.448484435653468,4.1990948277827576,26.342532703082753
3714.75,0.44946103443272656,4.199294108386993,26.32854420040846
3717.672,0.4521397021732995,4.199369717698682,26.317525417723765
3720.609,0.44604465777516517,4.199390464179682,26.31396926846731
3723.547,0.44458207260799976,4.199343664721814,26.312993662472216
3726.453,0.44547368018808847,4.199406518766985,26.299784555589717
3729.359,0.4470069784663236,4.199588888111566,26.294579782228578
3732.265,0.4370016115614482,4.1987787819980715,26.284256013485393
3735.172,0.4386133070544904,4.19882073525973,26.28628832023958
3738.078,0.4387799960771933,4.19864805368341,26.281876428710994
3741.0,0.43945785096999646,4.198609952982936,26.27674856829817
3743.906,0.43632137393403064,4.198547857077976,26.27025192516697
3746.828,0.43760070591791744,4.198730430457463,26.260640297927484
3749.734,0.43681181192986496,4.199054467575614,26.25753516569762
3752.64,0.44065979758458906,4.1992359215099455,26.25977770364492
3755.578,0.4356171678400892,4.198996382558617,26.247481046676747
3758.484,0.43841345483589517,4.199169295113082,26.250462762458756
3761.406,0.4392400958450875,4.199189228706909,26.239274764197702
3764.312,0.4399825086391646,4.199190578246307,26.2398566242424
3767.218,0.4354734921662773,4.199296617224312,26.23072514273
3770.125,0.4376152070097786,4.199480350344822,26.228843544989026
3773.047,0.43674522900416823,4.199289350269581,26.216757115105896
3775.984,0.4386259042041011,4.199495816032976,26.21632586286066
3779.0,0.4367333116228129,4.19949238213362,26.206616989099192
3781.968,0.43547537901139416,4.199542094034099,26.19860662549282
3784.906,0.4369729500899389,4.199730487114229,26.194538697809097
3787.828,0.4277571476902021,4.199022764304679,26.18693528851697
3790.734,0.416324371095361,4.198021996241517,26.19098453340519
3793.672,0.41605547383162134,4.197955510521174,26.17406358190242
3796.593,0.41593950287074505,4.1980960176811415,26.174833491181502
3799.515,0.4170909462979573,4.1981895271028575,26.15965630287523
3802.437,0.41570295297897475,4.198038284131324,26.15647017436885
3805.343,0.4176958504134543,4.197939658867303,26.149577472604076
3808.25,0.41683149022530375,4.198039770678687,26.146226791584898
3811.156,0.41793862029850115,4.198005059140083,26.143258740538453
3814.093,0.4167736725006864,4.198097451483923,26.140087670869228
3817.015,0.41631942857063287,4.19814721256961,26.127666976803273
3819.953,0.41938080483181933,4.198178793385111,26.127385029288142
3822.968,0.4171232875762091,4.198423993770107,26.127146023310164
3825.937,0.4162366034309743,4.1982991167329216,26.115580876037406
3828.984,0.4182232670057299,4.198577346867874,26.109467922735696
3831.922,0.4178359527919332,4.198519381927664,26.10195769068844
3834.843,0.4176325979748539,4.198436028664403,26.10326823639842
3837.75,0.4154468346464556,4.1986034061354145,26.098725148494044
3840.656,0.4142767663610353,4.198577505808875,26.096357818095537
3843.578,0.41493654304597355,4.198726317180599,26.088301099824072
3846.484,0.41191270179028916,4.198773056854493,26.081245794884783
3849.39,0.4153631900102702,4.198831852244688,26.080930622672785
3852.312,0.41733255491879423,4.19892846992592,26.065406934108626
3855.218,0.4130775648111518,4.19916046357595,26.06222005418785
3858.125,0.4158556548721591,4.199207907764287,26.049842987580615
3861.047,0.4130129942821297,4.199202001309523,26.044513739711075
3863.968,0.41363972966239493,4.199319914422303,26.036121645635784
3866.875,0.4155805815285612,4.199287927398959,26.03592028865337
3869.797,0.41167043775682355,4.1993862596708285,26.035517292066107
3872.703,0.4128036374922457,4.199234682987819,26.022743923934073
3875.609,0.4138200508281338,4.199587397940072,26.024086681217835
3878.531,0.40453909884680267,4.198878206331614,26.01365190669355
3881.437,0.40731157900612325,4.198599273713125,26.01886500887371
3884.359,0.4029400308479748,4.198760325322496,26.004806258996386
3887.265,0.40469056163346373,4.1988253183621795,26.001974730804243
3890.187,0.4024935764035581,4.198872693476365,25.999516822681834
3893.093,0.4044875063249221,4.1987870276206465,25.997255536629453
3896.015,0.4044650520345812,4.198776152601983,25.98123190971796
3898.953,0.4039136438955961,4.198933590881604,25.97524588273881
3901.89,0.4012763455142309,4.198990028068236,25.967695422111124
3904.812,0.40493077156415563,4.199331392093813,25.97676581407158
3907.718,0.40255253269817853,4.199420459218277,25.96284546918816
3910.625,0.4024228032991225,4.199295612648922,25.953568541671558
3913.547,0.4021634842205488,4.1991297904645295,25.95871475971992
3916.453,0.4029637431771076,4.199179659232749,25.943376110377127
3919.375,0.40524955202447127,4.1998041737839,25.94586400469797
3922.281,0.3963067430505292,4.198583236194318,25.95130065388938
3925.203,0.3943555862378932,4.198683807824194,25.943749971158045
3928.109,0.3934545256075686,4.198795649585041,25.940802301465645
3931.031,0.39252444565072303,4.198527531066184,25.93363795221943
3933.953,0.39300251364342187,4.198795494204537,25.928199606545153
3936.875,0.3910960658535307,4.198497903398134,25.92485519655189
3939.781,0.39239673147147247,4.198606830333521,25.91358456352851
3942.703,0.3916521849635726,4.198607598391511,25.921089044225997
3945.625,0.39312584059865857,4.1989671312389705,25.91232456143173
3948.531,0.39383088528222326,4.198865178806562,25.904051906953505
3951.437,0.39198870110598,4.199102994878046,25.897035819118994
3954.359,0.3938435435622908,4.199078170361822,25.900005589650604
3957.265,0.3937774719434137,4.19907674290114,25.894423839583396
3960.172,0.3920148021136012,4.1992086378831885,25.88912195495965
3963.093,0.39348209849522164,4.199007480505306,25.869425348217792
3966.0,0.39315097964277385,4.199563337915658,25.867567075123088
3968.922,0.38464616966466775,4.198365831221805,25.867348781218787
3971.843,0.3797886115031855,4.1982215386965684,25.86199723118549
3974.75,0.3823278527323326,4.198522325068415,25.850069338083337
3977.656,0.37999754018454307,4.198319120905473,25.846734148108578
3980.562,0.38308191391779284,4.198583909659398,25.841370888348198
3983.484,0.38275824504606143,4.198656176038093,25.834402895020645
3986.406,0.3799682317111007,4.198604580159896,25.83495231852238
3989.343,0.3820182981686887,4.198710554011636,25.82340894727575
3992.265,0.3797838320234015,4.198870047449472,25.81965894787834
3995.172,0.3841120481701953,4.198689377007576,25.812394161352227
3998.093,0.3798287947186563,4.19873405550783,25.812481622167496
4001.0,0.3810960869538034,4.198790476020747,25.808100992754618
4003.906,0.3810614491145852,4.1990331745284895,25.79828819295812
4006.828,0.38132343194923296,4.198987415958466,25.791709142323594
4009.734,0.3835559434895288,4.1990692875440025,25.785581870582035
4012.64,0.3807603375073047,4.1990971059537525,25.785588668381592
4015.562,0.380014862846265,4.1993263131260585,25.77990735735851
4018.468,0.3823955435808593,4.199250173723871,25.784030315115576
4021.406,0.38211986458543507,4.199131692674351,25.77106499094723
4024.328,0.3799423853294411,4.199621802282427,25.767668012216472
4027.234,0.3713331631153042,4.198295095433614,25.771380126438633
4030.156,0.3724312560713096,4.198401394198129,25.760764529426528
4033.062,0.37231095318769425,4.198753790381096,25.770773075513237
4035.984,0.3715181838100072,4.19853347947018,25.766713426746197
4038.89,0.369605753483171,4.198968785184432,25.748067450855476
4041.812,0.3712521198144041,4.198491488370954,25.74600792759029
4044.718,0.3715127423699247,4.198911996906815,25.737536328337466
4047.625,0.37099398703367786,4.198817475273392,25.73364137794425
4050.547,0.3717015506293442,4.198766093884068,25.7292245901957
4053.453,0.3725142754591934,4.198955360745908,25.72880826918402
4056.375,0.3695255054697828,4.19884134907037,25.723081897426617
4059.281,0.3684841573125185,4.199078208140177,25.730392639654536
4062.187,0.3712220921069419,4.199041937615359,25.725899127270143
4065.093,0.37208136398292885,4.19903467075648,25.722718951137438
4068.015,0.3697104125596122,4.199056247590091,25.717142567901245
4070.922,0.3691394833035247,4.199170615984794,25.71602398002611
4073.859,0.3717516917351691,4.199360531084731,25.701197703134735
4076.781,0.36928201312866105,4.199232739180888,25.696468542101567
4079.687,0.3700738518533732,4.19938235288305,25.68726749344735
4082.593,0.37000064223407303,4.199558137427838,25.685025064332535
4085.5,0.3599261734658036,4.198629424360163,25.680863377517646
4088.422,0.36148922941895517,4.198739552464765,25.681064386044707
4091.343,0.3579257525734745,4.198677448375905,25.67015588068638
4094.25,0.35774692449869283,4.198735682082798,25.668437953670594
4097.172,0.35978869488533965,4.198939386803542,25.651393241361536
4100.187,0.3618820193299282,4.19855168128886,25.649334552242564
4103.187,0.3590694974802175,4.198744933167616,25.64774801825382
4106.109,0.3598679738831036,4.198832941945436,25.644989449488182
4109.015,0.35915484823320987,4.198868832566086,25.640941070797947
4111.968,0.36054269432763913,4.198706030323225,25.641516469068932
4114.875,0.3585917763141543,4.198921140185886,25.636126846084796
4117.797,0.36057454829773766,4.199192768707916,25.628669521210682
4120.703,0.35966004325173395,4.198905730464383,25.626924195923927
4123.625,0.3579097869542897,4.198942955157549,25.61891718289915
4126.531,0.35968870585375917,4.1988620422722,25.61368687628525
4129.453,0.3599604584834923,4.199279088867455,25.616595947361795
4132.359,0.36063194592097525,4.199495796059235,25.60547449982315
4135.281,0.3639123795334443,4.199523659990013,25.605920118530793
4138.203,0.35846428180294804,4.199379960136803,25.59311475319097
4141.109,0.35657783362836326,4.1994179393139115,25.595859115953605
4144.062,0.3589576920854083,4.199541139294439,25.583608205921127
4146.968,0.35768536271693224,4.1994269803667486,25.5795188599673
4149.875,0.35658132879996113,4.199903908882413,25.58134521258869
4152.797,0.3488951328720341,4.198889712136083,25.57267629140863
4155.718,0.34857014381203544,4.198843819012321,25.573259299690314
4158.656,0.3501688278120198,4.198755895656067,25.57042170094774
4161.562,0.34845509292279275,4.1987996214784875,25.56455916106404
4164.484,0.3481262793965174,4.198884067843792,25.56125852704324
4167.39,0.34849141887099705,4.198866089427343,25.55364101781688
4170.297,0.350177515965471,4.199114317907656,25.55021521860648
4173.203,0.3463862750792056,4.198985298504841,25.55218250696053
4176.125,0.34955105396983527,4.19908852636373,25.548592769361584
4179.047,0.34865171514481474,4.199222387158143,25.549073116157313
4181.953,0.35119461249452855,4.1991175372454075,25.541706852834576
4184.875,0.3484263098888877,4.199255759557347,25.53862867454015
4187.781,0.34790565514566385,4.199269051358094,25.523151165972497
4190.734,0.345595448664811,4.199369191291363,25.519552769165855
4193.64,0.3473824491969719,4.199299010184372,25.5133557974363
4196.562,0.34908835507789243,4.1993916979744785,25.519978957967353
4199.468,0.3476674229702387,4.199297418241942,25.505045386572277
4202.39,0.34564381941129246,4.199591485490208,25.50046014118547
4205.297,0.34690473766287844,4.1997182856884105,25.498139408412765
4208.218,0.3470864112307394,4.199408652837592,25.491406110536385
4211.156,0.34648357763220083,4.199714093901979,25.489619444740367
4214.078,0.34480710863534014,4.1997124445911345,25.492861527621777
4216.984,0.3457907231718054,4.199901543972382,25.482098293439257
4219.906,0.346783083341403,4.1998160178266275,25.483331835630132
4222.812,0.34773530339845093,4.199997924334936,25.47833577781322
4225.734,0.34665204963488727,4.200116901835189,25.47550485851001
4228.64,0.3456501016865789,4.200093180977524,25.481005179046708
4231.562,0.3450595806789721,4.200195866794416,25.475876067980288
4234.468,0.34579706736789984,4.200047778989592,25.47672620198521
4237.375,0.3475467876131365,4.200190606764813,25.47212199316712
4240.297,0.34577561811389274,4.200519935962345,25.465881454828594
4243.234,0.3454875584332837,4.20034204741306,25.45581102875852
4246.156,0.34467503500891644,4.200672176983014,25.45161257984724
4249.062,0.3365725030222726,4.199417613245209,25.443562495849065
4251.984,0.3363774178978015,4.199628475769258,25.43479161196498
4254.89,0.3255815024587081,4.198673547086131,25.440569183370787
4257.812,0.32610497142931516,4.198560355173171,25.436066440583954
4260.734,0.3261365988270871,4.19849903343836,25.43616189935123
4263.672,0.32348798215462554,4.1985521542282305,25.425835707860074
4266.578,0.32772400487004033,4.198643338070975,25.426092846280564
4269.5,0.3251762725556435,4.198530755399468,25.425109719551287
4272.422,0.32626680212926595,4.198422413599471,25.413311410562738
4275.328,0.3264556553376976,4.198664463183578,25.41269158471712
4278.25,0.3262258588383689,4.198689750263691,25.401975028294512
4281.156,0.3229870447079777,4.1986809668345035,25.397957108546777
4284.078,0.32666714191896634,4.198584321991711,25.40000690765609
4286.984,0.3238830038028319,4.198729884351775,25.398759977838377
4289.906,0.32398462062100314,4.198796734087987,25.39559363334347
4292.828,0.3259575764313075,4.19876268544669,25.393769018016147
4295.765,0.3253985956792858,4.198975057181951,25.384280348163063
4298.672,0.3290855143760398,4.198824397182994,25.387233547723945
4301.593,0.3246524701919784,4.198853495537127,25.374657043950666
4304.5,0.32709648292290194,4.198743024752845,25.376679084907828
4307.422,0.32578635792208593,4.1988703935977405,25.368127938773373
4310.343,0.32511504168104693,4.19929144090588,25.366713745264992
4313.25,0.3259885291358478,4.199051205460365,25.36015891109695
4316.203,0.3248257130348812,4.199123299898127,25.36476682439204
4319.109,0.3227042037272148,4.198965868936036,25.3565598662198
4322.015,0.32539929180548954,4.199277090868647,25.352086625886887
4324.922,0.32396099157292485,4.199294077841959,25.348098597571838
4327.843,0.3242573032705384,4.199499343058165,25.342362244309907
4330.75,0.325487382128693,4.199324509238174,25.333034540715396
4333.672,0.325340660074621,4.199417320282356,25.338029573333117
4336.578,0.3245001607261122,4.19968704657742,25.337551007004954
4339.5,0.32281195141947144,4.199770858713125,25.32643581711889
4342.406,0.32436541651225065,4.199595554728204,25.32392938319442
4345.328,0.3256533534260233,4.199550323798573,25.308098825003498
4348.265,0.32297077804234336,4.1999438925433354,25.30960201323626
4351.172,0.3208023385761132,4.199821206027791,25.305184382978222
4354.078,0.325597564539905,4.199878575194867,25.306726237380364
4356.984,0.3235918290118481,4.1998023207056345,25.301670374677506
4359.906,0.3216371568694747,4.199963713574582,25.297295834192088
4362.812,0.32349876102787056,4.200176758734385,25.295810229518956
4365.718,0.32250725349266557,4.199701479729766,25.28886897085083
4368.64,0.32317858705981584,4.199789809148681,25.28739585322502
4371.578,0.3247758106770853,4.200053346248643,25.28509914719122
4374.484,0.3241746903436549,4.200303812074188,25.27359893552568
4377.39,0.3221851216206436,4.200274251626765,25.278766650656635
4380.312,0.3237607400326178,4.200170739085768,25.277423447450833
4383.218,0.3189216164630435,4.200294998720855,25.274354705515172
4386.125,0.32248276022934075,4.200281096121064,25.267743262847677
4389.047,0.3191210895381702,4.2004799064091465,25.259875108121395
4391.953,0.32090216445084707,4.200689842004302,25.260790565497363
4394.859,0.31141287675024687,4.199809657300812,25.264426921701524
4397.765,0.3049229697185813,4.198729760701755,25.25762033984022
4400.687,0.308383631292325,4.198466293752999,25.25552731109498
4403.625,0.30171641240414565,4.198707106009962,25.247406675049994
4406.531,0.3045318591599652,4.198967837156831,25.23951958281198
4409.453,0.3088160400287196,4.198460967613703,25.235913992477975
4412.359,0.3008459335109335,4.1984730179767595,25.233279707857314
4415.265,0.3031702590947917,4.198801977149797,25.225869766284426
4418.187,0.30157489617812355,4.198830207348742,25.228485092926206
4421.093,0.30200339424412453,4.198683662018629,25.22241266594319
4424.015,0.3013402747452289,4.198699187696286,25.2289401390099
4426.922,0.30025807620912165,4.1989206321481545,25.230853127664655
4429.828,0.30175735297994627,4.19881105091856,25.218064829244927
4432.765,0.3025619839564514,4.198766076162324,25.218432646474444
4435.672,0.3048247454573795,4.198576649968035,25.21510309965353
4438.593,0.3043271132291219,4.198842909941615,25.211414064873082
4441.5,0.30490150438259994,4.198240451348543,25.20285993597525
4444.406,0.30218358220468944,4.198898881164889,25.194160696935057
4447.312,0.3015177251305924,4.198824615314512,25.200327554305538
4450.218,0.30334236320009905,4.198808496989865,25.191533333455173
4453.14,0.30314771479518066,4.198884664173936,25.185691420401714
4456.047,0.3073242647629332,4.198922595133599,25.18399227089266
4458.953,0.302388469632064,4.199231152481039,25.17663935970763
4461.875,0.2983486111896236,4.199163040432512,25.176275154542363
4464.812,0.3018685918090813,4.199237627099899,25.172338426054793
4467.718,0.3055517372413763,4.198743675468825,25.174112953846322
4470.656,0.3002387404156741,4.19952678177807,25.17056970570773
4473.578,0.302224431558579,4.19923878825715,25.16726383904162
4476.484,0.3035840439485487,4.199487321578064,25.168110303351266
4479.39,0.30169671320195135,4.199433480508081,25.154436069453023
4482.297,0.30052531295878376,4.1994368828135125,25.156871532940173
4485.218,0.3020248423989457,4.199377601294307,25.147934491320484
4488.125,0.3001814512710957,4.19960939201382,25.15566292408623
4491.031,0.2947191603278682,4.198598670564934,25.14930890353408
4493.937,0.29373285693632445,4.198455373716521,25.141769138251068
4496.859,0.2919784576664932,4.198518291373804,25.15004537623181
4499.765,0.29441358593472405,4.198670263034838,25.14091455016701
4502.703,0.28777204034512793,4.19841552531384,25.140124225887774
4505.609,0.2962069626729637,4.198717968537672,25.137817962949967
4508.531,0.29242572601465566,4.198773875779015,25.131599854315716
4511.437,0.29273086920085195,4.198902904564865,25.131040737035132
4514.343,0.29153378050720913,4.198609538383484,25.126878089263503
4517.265,0.2889796306118057,4.198832569001992,25.119522311315755
4520.172,0.29436128421915436,4.198844711050657,25.122703718468202
4523.078,0.29262562322418717,4.198849404575399,25.121726737169652
4525.984,0.2922169706808095,4.198876983329078,25.115389195205818
4528.906,0.29215748448862605,4.199094518114214,25.115302313186262
4531.812,0.29148388176799545,4.1988972041863795,25.10509150814631
4534.718,0.291492058227403,4.199022394798232,25.10215291121036
4537.64,0.2911097979151772,4.198939387938677,25.103693190214948
4540.547,0.28889603835458494,4.198988329247704,25.09788658513687
4543.468,0.2910333739277475,4.199053116104352,25.095730039083133
4546.422,0.29140040920261945,4.198868505497404,25.092904620294085
4549.406,0.2940900757952144,4.199301277029154,25.09025335163244
4552.328,0.2920281287441295,4.1988988653498565,25.09239950257094
4555.281,0.29091988540972313,4.199404479480197,25.086251280260104
4558.203,0.29164543997877285,4.1993024503157,25.067487081541866
4561.14,0.29149751478264835,4.199436930555629,25.064152552871874
4564.047,0.29150246187261725,4.199297317967641,25.069966947324275
4566.953,0.28865987909707247,4.199527679692324,25.058031512314614
4569.859,0.2910573427245602,4.1996622701431345,25.05477273343097
4572.781,0.28864993570310826,4.199581923201336,25.062673013293498
4575.687,0.29083554838105513,4.199244692210745,25.061429849505974
4578.593,0.2897911416009041,4.199696010135574,25.060176998987234
4581.5,0.2905239206513489,4.19989832112622,25.055516286957698
4584.406,0.28848338533419277,4.199579128736455,25.054353051724053
4587.328,0.2909194419927645,4.199645257624041,25.03769402807529
4590.234,0.28756512180626614,4.199731715450274,25.04759078965459
4593.172,0.29111335489942175,4.19987481171336,25.03729299035241
4596.078,0.28655056388544453,4.2000288575696425,25.039762063588682
4599.0,0.2889014212258929,4.1997336951116875,25.033841716735925
4601.906,0.2875496149079981,4.1998679234146925,25.027409410525653
4604.828,0.2887159700962128,4.199845771924705,25.026889459876624
4607.75,0.2897155187341986,4.200177977327528,25.02007341425386
4610.734,0.2867651256479479,4.20031319867897,25.026325854705636
4613.75,0.28759883172984707,4.200409278715848,25.018014884869245
4616.656,0.289270058428612,4.2002276537513135,25.01971592283202
4619.562,0.2872941543582197,4.200431447502288,25.011575321260516
4622.484,0.2863544526724028,4.200467535516194,25.025439663511595
4625.422,0.2902308777656681,4.200335665891311,25.014969858220237
4628.328,0.28893719448343225,4.2003185537334735,25.011525560745284
4631.234,0.28688662042759766,4.20025009187469,25.001029348301888
4634.156,0.28657517299040325,4.200379736570973,25.00509160525343
4637.062,0.28842510537714405,4.200524679790309,24.99822347869533
4639.968,0.28702025121069846,4.200395216042512,25.001560127139264
4642.875,0.2865705877607889,4.200700323147758,24.996211168982647
4645.781,0.27975984658723874,4.199812353260644,24.98535161667058
4648.703,0.2695736634983803,4.198724850275668,24.985130484206437
4651.609,0.2698665743030455,4.198775174294553,24.98094183532943
4654.515,0.26925756858198113,4.198670316923862,24.96694797383345
4657.453,0.27159486256867166,4.198555067086453,24.974357761257384
4660.375,0.2685152881211201,4.198596637817511,24.972866518390504
4663.281,0.2701027154171454,4.1986305342182995,24.9757836043769
4666.187,0.26664239003935924,4.198739598491701,24.969824506275266
4669.093,0.27016895632273374,4.198632217485547,24.96507337552278
4672.015,0.2674156660425728,4.198585960462151,24.966415012840635
4674.937,0.2703415463935361,4.198690067869489,24.963000311003352
4677.843,0.269862306803248,4.198689494665226,24.965301607519823
4680.75,0.26887713960085086,4.198701937176354,24.959559512236627
4683.672,0.2698006559298797,4.198633834989382,24.958885919228
4686.578,0.26795038097613366,4.198933561149334,24.961229537958747
4689.484,0.26958021299129326,4.198671990513428,24.960315064561534
4692.406,0.26908829330282286,4.198861409135868,24.957009306124103
4695.312,0.2705637643261959,4.19890117136641,24.95570815429619
4698.218,0.27004685582700844,4.198648266127577,24.956806378571354
4701.14,0.26581398145704466,4.19905522126815,24.94740652238141
4704.047,0.2680684030224797,4.198739076909595,24.941697323595037
4706.953,0.2688805543113475,4.198827433444691,24.935458835202578
4709.859,0.2687450402411156,4.198754291350578,24.936673743545768
4712.765,0.26813675801248815,4.199127784742312,24.921579908544764
4715.672,0.2675956425050186,4.199050651796587,24.924133815740625
4718.593,0.2690490515812485,4.199005388340012,24.91871669740723
4721.5,0.26948097215966965,4.199100384086723,24.923357958977707
4724.422,0.26610639962322535,4.199209011117217,24.91448152395208
4727.328,0.268219261080473,4.199234365412738,24.910171249415466
4730.234,0.2653586674430695,4.199097279020408,24.9116093272907
4733.14,0.26796416359710334,4.1990457275564825,24.907127219424485
4736.047,0.2648847188825868,4.199102511658785,24.911796289319625
4738.968,0.26694657277326383,4.199401814027137,24.901069351178602
4741.875,0.2653939070523422,4.1993028249157325,24.90661488874941
4744.797,0.2658626130325492,4.199219673893676,24.891726616346986
4747.703,0.26708702380622895,4.199393080082961,24.879972629224252
4750.609,0.2657804982514244,4.199472955665974,24.884791834563384
4753.547,0.26901936083942646,4.19957981413252,24.884815355151115
4756.484,0.2684199047167522,4.199428482215297,24.880674202089665
4759.39,0.26825976686338315,4.19933294003469,24.87704745318301
4762.297,0.2664070410052364,4.199598564577182,24.8828745929028
4765.203,0.2685948593499888,4.1995523255333795,24.87613730297314
4768.125,0.2676755992317924,4.199555242588712,24.877785068949272
4771.031,0.2649347487263578,4.19972388708718,24.875540914759743
4773.937,0.2639486138093785,4.199754383638869,24.870300362216536
4776.843,0.26646047738630285,4.199872561524579,24.868051441685786
4779.75,0.26373648029816166,4.19978473024582,24.859999114655665
4782.672,0.26585465246345497,4.1999044989146785,24.8505225899675
4785.578,0.26670183906139217,4.20006455189358,24.849563758865447
4788.515,0.2664552633440705,4.199920519797126,24.84538324666945
4791.422,0.26452406207763557,4.199907038394427,24.849148830858276
4794.328,0.26756594965678643,4.199966469193497,24.84760399648094
4797.234,0.26556273868308305,4.19989161345328,24.84154984735166
4800.14,0.26567104662638813,4.200198593493797,24.841329890823634
4803.062,0.26460878659061526,4.200275728528588,24.83387989975973
4805.968,0.26631504473618867,4.200270547946497,24.834123504442214
4808.875,0.2659606345517467,4.200060152396875,24.82342277227097
4811.781,0.2676577277236059,4.200128908032199,24.832201296040502
4814.703,0.2641394905085842,4.200505280018869,24.83574002456289
4817.609,0.26675216072382374,4.200560163679468,24.834381032152937
4820.515,0.25765275671529364,4.19947572315169,24.84257594130513
4823.437,0.2547645043624169,4.199536519617173,24.82911712331876
4826.343,0.2571756419733427,4.199210554478963,24.83398251576743
4829.25,0.2572303058148687,4.19948350185273,24.822795162589752
4832.156,0.2558348428367313,4.199550032005196,24.82799124302121
4835.062,0.24707514957346177,4.198527647524593,24.824282631385838
4837.984,0.24339777694855008,4.198524566941795,24.822768259938723
4840.89,0.2486580430808411,4.19860668767816,24.81441713179593
4843.797,0.24739491773840633,4.198584124753804,24.807089075119976
4846.703,0.24878682920583203,4.1987731207634695,24.80228686421463
4849.609,0.24777614831262712,4.198457740234402,24.80378681176793
4852.515,0.24521342926230005,4.198252378417937,24.810481541250933
4855.437,0.24594915994010172,4.198484318290605,24.802464614695758
4858.359,0.24646510902389826,4.198320242442506,24.8033950656201
4861.265,0.24445234016906248,4.1985430598390625,24.80245791815557
4864.172,0.24466410296956648,4.198556791716008,24.789804383024237
4867.078,0.2441017559656412,4.198661827472966,24.787756873746904
4869.984,0.24579928173466606,4.198593412682716,24.78956863144391
4872.89,0.2471663936997358,4.198570366412414,24.7878044695033
4875.797,0.24327535697274943,4.198531922078354,24.78190952504343
4878.703,0.2485370250869676,4.198643148466891,24.777043171545714
4881.609,0.24678285760690813,4.1983852053142305,24.780259915498753
4884.531,0.24503165667624555,4.1986157876199295,24.777208068878952
4887.468,0.24621329675736556,4.1987508967581615,24.770888609827512
4890.375,0.2476501995379262,4.198788201073896,24.769884735316168
4893.281,0.24649392909725582,4.198862106943585,24.77459040886718
4896.187,0.24402215481058404,4.19857925110767,24.770402115547167
4899.125,0.24624240837532835,4.1985659645556686,24.764172922190042
4902.031,0.24456446632316828,4.19859203323852,24.75452719778039
4904.953,0.2494745352819543,4.198920272973642,24.75485091395356
4907.859,0.24644374594936536,4.19882239544722,24.757772599434624
4910.765,0.2440135233494372,4.198922816068871,24.7460663142651
4913.672,0.2459793123881872,4.198953798646524,24.73434189555439
4916.593,0.2467855505506058,4.198771628260303,24.740516192063332
4919.5,0.24664003102586088,4.1989036713635635,24.74071290946038
4922.406,0.24652325811185002,4.199054018738549,24.736978503411944
4925.312,0.24484327881504836,4.199201026074875,24.743857468652628
4928.218,0.24575235320180508,4.198862021851045,24.734947673872078
4931.156,0.24399386400629788,4.199177359912269,24.740511192450672
4934.078,0.2467955421380762,4.199107711875267,24.733203421101464
4936.984,0.244376406602834,4.199093096796757,24.733658039369992
4939.89,0.24633193503673692,4.19927892760176,24.720590044338373
4942.797,0.24388057098123817,4.198958546337371,24.721485978552295
4945.718,0.24538795418879086,4.199198826436444,24.72784495937186
4948.625,0.24593030360304094,4.199030745545019,24.721539661150842
4951.531,0.2459222391258123,4.199367397895991,24.71912634357039
4954.437,0.24561215009761453,4.19939227300378,24.721502478385293
4957.343,0.2448681477406889,4.199107824910468,24.717608497594988
4960.265,0.24260772643287684,4.199287157204226,24.722895896854304
4963.172,0.24804234681057488,4.199367383900615,24.714480163184156
4966.078,0.2446815206966138,4.199482081755963,24.71110972759115
4969.0,0.244638468399407,4.199723388347203,24.7088485901445
4971.906,0.24365678239303928,4.199377032932335,24.710264332843845
4974.812,0.23918423622574994,4.199625489816457,24.714303293874682
4977.718,0.24396275774393658,4.199774045062159,24.705193762041223
4980.64,0.24549483370000316,4.1997262826623585,24.697786460931134
4983.547,0.24217203834668197,4.1997071460448705,24.70103150747043
4986.453,0.24286717038815084,4.199675161191039,24.711925309151002
4989.359,0.2438593653904908,4.199807020444903,24.70832911796114
4992.281,0.24161804674628756,4.20002221935902,24.69735383438738
4995.187,0.2436553696825855,4.19999137476721,24.707486140347466
4998.093,0.24199344063465766,4.199934076349627,24.693241602935096
5001.015,0.24674031570170202,4.2000049510444315,24.688436662360008
5003.922,0.2440708826134902,4.199866107645059,24.685320556662617
5006.828,0.24310427102823448,4.200257483600253,24.681398914275047
5009.734,0.24101952308165617,4.199871955218729,24.674577131143735
5012.656,0.24520022043029907,4.200151502334079,24.681638614611504
5015.562,0.24159934500393762,4.200004740763319,24.677249381029977
5018.468,0.24583720645012672,4.200192747825645,24.67700591985442
5021.375,0.24326320482220015,4.200343935398148,24.667964586587757
5024.281,0.2432865993173081,4.199893018641115,24.668593051073525
5027.187,0.24224045539285793,4.20010323929727,24.664108088505643
5030.109,0.24146532004232146,4.200265423037644,24.66986565979692
5033.015,0.24442922649106025,4.200439580881222,24.660238364844602
5035.937,0.24038720923323148,4.2004097581796005,24.670508909667948
5038.843,0.24267426817344598,4.2006029610924305,24.657990632227666
5041.75,0.23312736706654638,4.19941377250691,24.65196705355101
5044.656,0.2326942250910152,4.19948630038882,24.654323863110324
5047.578,0.23168778937558226,4.199576014416906,24.655031255125056
5050.484,0.23296000632752067,4.199352545918658,24.656243302477566
5053.39,0.23282060434093338,4.199439931254757,24.65169337560256
5056.297,0.23592434982250826,4.199306904234574,24.64142258136298
5059.218,0.23513933513034635,4.19946000457757,24.647781986458355
5062.125,0.23327731595457654,4.199612495097753,24.63787374638987
5065.047,0.2333551019654319,4.199402673953443,24.633032383905594
5067.953,0.232160277939301,4.199550968546997,24.631666846206052
5070.859,0.2340507431533035,4.199582152805916,24.626253737843925
5073.781,0.23083885184681385,4.1996576447751695,24.631525572216827
5076.687,0.2324179882095863,4.199560068171339,24.634452182780493
5079.625,0.2315629253741171,4.199606341384946,24.624888464006073
5082.531,0.23163077448702124,4.199588909348651,24.622761204218634
5085.437,0.23325295894072268,4.199738821704245,24.611824787625583
5088.343,0.23307114775660245,4.1996744616888275,24.62098482342059
5091.265,0.22994772838717784,4.19970859154784,24.627851399278992
5094.172,0.23073350383910307,4.199470518281073,24.63171010896785
5097.078,0.23286936863052196,4.199831978383173,24.62103333554468
5099.984,0.2330299961692787,4.200019262715888,24.615850488435445
5102.89,0.23133976237990145,4.200051655897874,24.61866991851849
5105.812,0.23238059783939655,4.199695506307884,24.614929749305155
5108.718,0.23150576172940598,4.1999783707120955,24.606926347906693
5111.656,0.23005727364367898,4.199898886869496,24.608498796673626
5114.562,0.2318075125035363,4.199991411349401,24.60686380866526
5117.468,0.23237985091213437,4.199637709726292,24.601431526690693
5120.375,0.23049778590317166,4.200049236257007,24.598916535575082
5123.281,0.23078264022662784,4.200074688264196,24.593195815623584
5126.203,0.22971412540602035,4.200176057984127,24.589913583390008
5129.172,0.23325092859469454,4.199934077966607,24.59942128740157
5132.156,0.23038363731855355,4.200390879366284,24.60638223850528
5135.172,0.2303162162584317,4.200159493129002,24.587450369832723
5138.14,0.23094867115379492,4.200342583755629,24.59287701020053
5141.062,0.230665073949682,4.200152409553719,24.587768150832368
5143.968,0.2318038716783235,4.200259205720883,24.581102575961037
5146.875,0.23024558923970892,4.200562352901359,24.58535740084277
5149.781,0.22226496556232844,4.199265747297977,24.574434136976993
5152.703,0.2227614584469642,4.1993058627727615,24.573893529358447
5155.64,0.221086994956099,4.199398154286047,24.576667707723207
5158.547,0.22271823166323526,4.199365527452502,24.581515507499482
5161.453,0.22223169415715913,4.199434056661757,24.571906732472605
5164.39,0.22213009205006784,4.199487577863563,24.572639678379367
5167.297,0.22208175411584524,4.199516831564162,24.56985564602017
5170.203,0.2211144666419474,4.199627057174581,24.560447769484732
5173.109,0.22079131923346731,4.199476536108335,24.566786190539553
5176.031,0.22197935664728685,4.199548702569811,24.566226696217814
5178.937,0.22297300623807173,4.199608348093569,24.5627343367277
5181.843,0.2213469526826176,4.199590963338913,24.556949725700314
5184.75,0.22115740268796677,4.199586289423501,24.56163607814028
5187.656,0.22143002970202924,4.199650843369119,24.562566578328994
5190.562,0.22331882778267056,4.1995553505643155,24.549302064988655
5193.484,0.2231887575142243,4.19953684382232,24.557629040266118
5196.422,0.22146165555326558,4.1996623605673085,24.55513203982579
5199.328,0.21937988002977513,4.199847226439921,24.550502950511365
5202.234,0.22293438694278858,4.19959070145054,24.54892610738454
5205.14,0.22075804489407289,4.199751249584301,24.551361424875658
5208.062,0.2186456800184782,4.199854384422616,24.549718853283252
5210.968,0.22285684413709322,4.1996694061901705,24.54395158289478
5213.875,0.22142962530418062,4.199888598156391,24.54054280090233
5216.781,0.22238905411655646,4.199917328485983,24.53288929259197
5219.687,0.22127796948868775,4.199736751799846,24.534386903157266
5222.609,0.2216902576924917,4.199798675889655,24.542463890283187
5225.515,0.22142012893484897,4.199788032360484,24.529825380470452
5228.422,0.2192130066663296,4.199956423897191,24.53495443667069
5231.343,0.22081450979342623,4.200233870778339,24.534107552431394
5234.25,0.22119091652039333,4.199994175281405,24.530604473730044
5237.203,0.2222385050715799,4.199781296441519,24.520450435330655
5240.125,0.22048526041588384,4.200137290277606,24.517085224081917
5243.14,0.2204189781819539,4.2002399848165455,24.526845595928545
5246.109,0.21898419590264406,4.200262605503599,24.52109336366483
5249.125,0.22065676461658845,4.200182024150254,24.513609422752587
5252.125,0.2183093010169385,4.20016420976627,24.515107171847387
5255.047,0.22066034517488892,4.20003996113431,24.52047624621083
5257.953,0.21935713678385502,4.200260674313836,24.510547509552936
5260.859,0.2203687353229357,4.200217414690051,24.508482198548336
5263.781,0.22078986790305807,4.200376555441753,24.509730855130567
5266.672,0.22229780770859134,4.200188698612428,24.505190247118584
5269.593,0.2192534052418546,4.20037669115338,24.50255561665713
5272.5,0.2201258713218572,4.20033966107016,24.499206675197218
5275.406,0.21933226202090125,4.2004208480015635,24.509291622535013
5278.312,0.21678330112043318,4.200618613210422,24.508620726669324
5281.218,0.210438302942455,4.199688629216463,24.495981404371367
5284.125,0.21192484441390627,4.19945716242544,24.498382799749056
5287.047,0.2060602165140616,4.199611170946837,24.496158450231274
5289.953,0.21007443744041132,4.199482171438932,24.49892660458347
5292.859,0.21021202702120306,4.199506915609195,24.484043489604197
5295.765,0.21075315383517593,4.199532836714654,24.498247839004932
5298.672,0.21008573158116528,4.199468109968595,24.493111112068863
5301.578,0.21016820673137165,4.199578659609506,24.49376089807513
5304.484,0.20780602726867603,4.199421165326666,24.48877160120185
5307.39,0.2074976828940016,4.19961654348736,24.48404198795461
5310.297,0.2101906082918762,4.199633733945611,24.480248532272068
5313.203,0.21063898961272914,4.199497463834252,24.475779138783192
5316.109,0.2107362580393699,4.199508349034188,24.471800897770777
5319.031,0.21010070622182445,4.1996863604810795,24.473220022785494
5321.937,0.21007442563848713,4.199642744774367,24.47864001719364
5324.843,0.20935888313505663,4.199605046624656,24.47435710220132
5327.75,0.21158939188117967,4.199648775436497,24.473256579123266
5330.656,0.2090837687193633,4.199760982824943,24.465642536299274
5333.562,0.21002060341549678,4.1997686568932995,24.46616769883979
5336.468,0.20803797679458533,4.1996086662029946,24.46069155497015
5339.375,0.20980051848692197,4.200039952358601,24.466087149916685
5342.281,0.20948005695552183,4.199759717254008,24.461876408670292
5345.187,0.20961986095397603,4.1998124804656864,24.46776024194184
5348.093,0.2095986320328401,4.200076964132779,24.465219829677118
5351.0,0.2114501281561544,4.199824848437306,24.455223258466248
5353.906,0.21214226599822159,4.199871819734899,24.454144384266908
5356.812,0.20950284057151275,4.199877777774431,24.45003927326825
5359.718,0.20897591081197495,4.2000845884814195,24.441447381612843
5362.625,0.20840635223824588,4.200334612739119,24.448500229598945
5365.531,0.20719142873873989,4.20012358846481,24.449179539841236
5368.437,0.20852071259973695,4.200382320104325,24.442350389792676
5371.343,0.21009103779244176,4.200087460145856,24.44707146651178
5374.25,0.20988229506535674,4.199869264368444,24.437071074894575
5377.187,0.21095664327666558,4.200140563452587,24.4412436791331
5380.125,0.20911885782685483,4.2001676968136,24.44210855011607
5383.031,0.2091049880612816,4.200096035237817,24.441702850082933
5385.937,0.20607426905047127,4.200204154598616,24.438451205115005
5388.843,0.21113454031400633,4.200308823096692,24.43565839089159
5391.765,0.20838718111248342,4.200379940608913,24.42948237826964
5394.672,0.20909221606014783,4.200056666811382,24.4289026163886
5397.578,0.20738441813273117,4.200282447321759,24.43413289721552
5400.484,0.2084129651489423,4.200560378663587,24.432459499218634
5403.39,0.20009533883204916,4.199462212000759,24.423515777015034
5406.297,0.2025093543911843,4.199581983319266,24.416257602949905
5409.203,0.20171802165104735,4.199353923607064,24.421199823708015
5412.14,0.1964037186940649,4.199096185552457,24.42528849462243
5415.047,0.19519350345199735,4.199197383173876,24.41260713248201
5417.953,0.19941144725777385,4.199308458812906,24.42409837529022
5420.875,0.19773946345601673,4.199134733029948,24.405344589609086
5423.781,0.19736397611770576,4.199489289753184,24.417136450802115
5426.687,0.19784518852840247,4.199119954075528,24.420543740077548
5429.593,0.20147013752208376,4.1995368593732385,24.416835157201948
5432.5,0.1969067404945087,4.199351726900083,24.414428165441656
5435.406,0.19908536270354635,4.199735760262281,24.408327111197615
5438.312,0.20245136262174118,4.199650794555852,24.404445708683863
5441.234,0.19808450714753792,4.199279841566115,24.406141954901496
5444.14,0.19665234038325016,4.199592077180268,24.40718788344145
5447.047,0.1953798005611923,4.199245302318642,24.411708020623497
5449.968,0.19928262020918286,4.19977170459894,24.400778107892467
5452.875,0.19406822047002184,4.199417925017948,24.395354917541905
5455.781,0.19882943432789696,4.1997911209196825,24.39786158279887
5458.687,0.19859619881891652,4.19965694037996,24.39690172768544
5461.593,0.19875550622933968,4.199688301461102,24.39175499646869
5464.5,0.19541477694677856,4.199804864547595,24.394563304735815
5467.422,0.19584006953977598,4.199610850320571,24.387862755131255
5470.328,0.1983956244658816,4.19936305415235,24.388565171411447
5473.234,0.1997253962985158,4.200018967787805,24.390773843171164
5476.14,0.19825612536856158,4.199700287692685,24.382917488913797
5479.062,0.19624649439761072,4.199550155538738,24.38481135042302
5481.968,0.20031430429266575,4.199769966456831,24.38407264577185
5484.89,0.19652475800369715,4.199817481829436,24.38927532362621
5487.797,0.197762737206207,4.200021683960473,24.378242477535206
5490.703,0.19575143760230534,4.199839891191119,24.38026494786548
5493.609,0.20139403891533317,4.199981335135553,24.37746465391568
5496.515,0.2003725843933938,4.1998448393146415,24.372143272327325
5499.422,0.1982461738443114,4.199868594177452,24.375996708837995
5502.343,0.19806763441983652,4.199856286221679,24.37120136351242
5505.25,0.1967328069503619,4.200201347835398,24.377013130440236
5508.156,0.20120555573896554,4.199985880306933,24.377391371030527
5511.078,0.19675920522525336,4.200136822748417,24.366637115404455
5513.984,0.1971399633914278,4.200139958259329,24.358750554311708
5516.89,0.19698213131365658,4.200159437146713,24.36540710334009
5519.797,0.1972404812333512,4.2001968959560925,24.371020838858463
5522.718,0.19810559466937938,4.19998959181733,24.361263088007387
5525.625,0.1999532412833706,4.200121854654712,24.360669972015014
5528.531,0.1974477994297013,4.200203704193763,24.356560077059573
5531.437,0.1985164052259749,4.1999542551863085,24.348963950289583
5534.343,0.19542553229276377,4.200013746848352,24.353722530643562
5537.265,0.19598830755203997,4.200253868347211,24.35018473163863
5540.172,0.19448692591922506,4.200201207388293,24.34639969266662
5543.078,0.1990653373081707,4.2001454688951965,24.339715268600237
5546.0,0.1965067286434248,4.200716282770046,24.337483266973603
5548.906,0.1871993332028354,4.199517765642276,24.3364738243499
5551.812,0.18784922831657683,4.199318031549221,24.337621329881266
5554.718,0.18868546969005398,4.199490128405793,24.333838550037765
5557.625,0.1903963121804644,4.199196125868234,24.338104660323474
5560.547,0.18578039608209282,4.199306176532974,24.337719093825154
5563.453,0.18722862134987353,4.199606882384424,24.338311340432977
5566.359,0.1884048652151811,4.199222247225797,24.34899546487873
5569.265,0.18732764849875191,4.199586599554263,24.33951433294536
5572.172,0.18591802445785727,4.19953333261673,24.338273812473666
5575.093,0.18771155914800966,4.19937512716698,24.331381538204987
5578.0,0.1881793905729995,4.199547780853386,24.336132112305975
5580.906,0.1862793094753544,4.199614445721788,24.332107705446095
5583.812,0.18974463785462847,4.199436985146507,24.336727413655517
5586.734,0.19018337306363947,4.199447972484365,24.333368609236157
5589.64,0.1880149072580068,4.199503802438135,24.332157613456634
5592.547,0.18505075637502674,4.199577070903124,24.324038205719074
5595.453,0.1868715268649264,4.199749876899199,24.31757126738085
5598.359,0.18626132169953646,4.19955824162424,24.319965055247902
5601.265,0.18810813073388727,4.199481888830825,24.323495760372325
5604.187,0.18575467349719552,4.199544613426172,24.31850292704768
5607.093,0.18758044267665275,4.199526305908183,24.32365218661967
5610.015,0.1851168388940159,4.199575128468127,24.32115809033229
5612.922,0.1916812315134082,4.199730542471196,24.31919094803766
5615.828,0.18618084720311054,4.199436280477062,24.31470712676403
5618.765,0.1850501466812989,4.199471225669322,24.32037222872247
5621.672,0.1862952463142945,4.199430167518395,24.32206110373985
5624.578,0.19001654169785534,4.199557691072693,24.31953760347044
5627.5,0.18625868437079512,4.1998877062967175,24.312104088749987
5630.406,0.1863405990372815,4.1996222609532685,24.310946364062836
5633.312,0.18931291116754248,4.199984400588638,24.30937583492516
5636.218,0.1877268430956689,4.199887326456626,24.312726914083164
5639.125,0.18788223916942673,4.199889903245229,24.305460875373903
5642.047,0.18800377129681856,4.199762611723958,24.302125078510173
5644.953,0.18337630126827814,4.200136423057608,24.308992901246892
5647.859,0.18813888252770994,4.199745534191061,24.3049449092239
5650.797,0.1892631801444279,4.200008473289556,24.306556848253432
5653.703,0.18551674196078705,4.199884442411289,24.30808292465845
5656.609,0.18155971196177745,4.1998173724590036,24.301362669810793
5659.515,0.1856823556371784,4.1999038454063715,24.301611273015947
5662.437,0.18476390357201414,4.199888173035895,24.29661447635068
5665.343,0.18490119491776688,4.199987042064113,24.29140174766758
5668.25,0.18522015693357527,4.199762353525644,24.29235824010682
5671.156,0.18420709001905416,4.1999161218051295,24.288780275028913
5674.062,0.18677782259767575,4.2002315802389845,24.29090067778656
5676.984,0.18578733317015134,4.200146158528939,24.281183499620525
5679.89,0.18383311354730347,4.200124292514196,24.28324901125192
5682.797,0.18390495983082195,4.200163560054302,24.284398378261777
5685.718,0.1854690333744512,4.200178070506186,24.27908158134073
5688.625,0.18634871630798433,4.200225329951118,24.28242556635076
5691.531,0.18636939429133154,4.200316744078127,24.287344414217905
5694.437,0.18496079075022917,4.200307457083715,24.28394986191027
5697.359,0.18722133556826165,4.2001352164072,24.28631424324991
5700.265,0.18409894655013093,4.2003660235631175,24.286072727721404
5703.172,0.1868356668549494,4.200367918193465,24.288177561526187
5706.078,0.1857544783520556,4.200368527173841,24.279315251941796
5709.0,0.18546501937685206,4.200473106400738,24.272286421131714
5711.906,0.18231457304369225,4.200581498605614,24.265660825368272
5714.812,0.17418384562148598,4.199489260741627,24.265135539606945
5717.734,0.17788680357545078,4.199546198043009,24.277650113741107
5720.64,0.1755073094656371,4.19938013960743,24.266920059104013
5723.547,0.17614471816129731,4.199331460708327,24.26939105719541
5726.453,0.17899878092536634,4.199484721807348,24.258714207832334
5729.359,0.17503475092907125,4.199752269184768,24.256282337902007
5732.281,0.1737086430219011,4.199804356844819,24.256806498184872
5735.218,0.17590232115008408,4.199458311070359,24.260708775034733
5738.125,0.1781145773759272,4.199554901154673,24.25851883172682
5741.031,0.17602439819963858,4.199350092749895,24.259798085727812
5743.937,0.1790299257164303,4.199647079611307,24.253757059167448
5746.859,0.1766734442219215,4.199390436249329,24.2587648552703
5749.765,0.1781655368962521,4.199734572061335,24.25232768440288
5752.672,0.17772658422608686,4.199530098693792,24.252232734755843
5755.578,0.17288682355191806,4.199475508172208,24.23759758665816
5758.484,0.1759149592360571,4.199569085236949,24.24310889725911
5761.39,0.17396800906657958,4.199606629862479,24.247461117903498
5764.312,0.1721400435360393,4.1996703660986245,24.24527595770409
5767.25,0.17379281217503031,4.199655981777994,24.24194272244334
5770.156,0.1762680443444476,4.199467578482669,24.244287584771886
5773.062,0.17553802915364144,4.199525781116234,24.237750590843845
5775.968,0.1747063007721846,4.199644811560541,24.229439867974126
5778.875,0.1767316792220991,4.199691873247108,24.23272450225316
5781.797,0.17376855338967256,4.199767834265748,24.233193843728284
5784.703,0.17646106797766586,4.199587878123058,24.231976170535887
5787.609,0.1777775127786724,4.199690892996953,24.233701877070278
5790.515,0.17483153436648563,4.199807023479838,24.229417645660455
5793.422,0.17933659985009215,4.19994791297582,24.23282559195364
5796.328,0.17938217341026044,4.199755209873161,24.230899893988123
5799.234,0.17428120022862723,4.199652667012841,24.227514448002832
5802.156,0.17541615080973452,4.199945862764267,24.23708295989016
5805.062,0.17772822289473256,4.199925987282981,24.235579683362438
5807.968,0.17637796375686332,4.19971188866741,24.234135370101637
5810.875,0.1775418310017417,4.20000378341801,24.226336665072473
5813.781,0.17400625891587193,4.200119854935729,24.220475733885234
5816.687,0.17425011902514576,4.1999207311820115,24.229758917602098
5819.609,0.17749038985454824,4.1999341242452655,24.21825921014324
5822.515,0.17661688625331756,4.199762325420299,24.216130328255467
5825.422,0.1753481301233429,4.1999397351066605,24.213721828312817
5828.328,0.17616052959921719,4.200034351329165,24.211197583344354
5831.234,0.17642974537257364,4.199807962116131,24.21486512153115
5834.14,0.17586690231802138,4.199989184157924,24.2155101082287
5837.047,0.1755675396185462,4.200210548062276,24.21185708394522
5839.968,0.17736902204982014,4.200089557628775,24.21571336063371
5842.875,0.1751406994679586,4.200242527004418,24.213454787776598
5845.781,0.17306366308072474,4.2001439410622,24.219805024175184
5848.687,0.17359747193652467,4.200122144911347,24.213191813000492
5851.593,0.17471708827227717,4.200559040593006,24.22090241399907
5854.5,0.17576702978334602,4.200350022941272,24.213797316197912
5857.406,0.17439217272804075,4.200510502105882,24.210498344648087
5860.328,0.17321247886835828,4.200073474498163,24.203272033134393
5863.25,0.1702899184739458,4.200371213526925,24.195663844522187
5866.172,0.17244161006649403,4.200376417605095,24.205106573634023
5869.078,0.17382649863339403,4.200618056954467,24.205246233240757
5871.984,0.1731361913377396,4.200453438838414,24.191509077362422
5874.89,0.17494826255900503,4.200487425224569,24.193416117732742
5877.812,0.1759853461947597,4.200673629366345,24.196449973647308
5880.718,0.17578475248082773,4.200211837587293,24.199350080365196
5883.625,0.17347435146075793,4.200465398320618,24.19878281288495
5886.531,0.17455680900079637,4.200565621626636,24.19917806869853
5889.453,0.17074379318915084,4.200525864541854,24.181616929531078
5892.359,0.17306296412736533,4.20047784027057,24.18501711811143
5895.297,0.17800760221801823,4.200701710004698,24.183739585443643
5898.203,0.17696906542241084,4.200375823180519,24.17656539798399
5901.109,0.1739693800474031,4.200610162373387,24.177251978391386
5904.015,0.1762861496711517,4.2006883765133365,24.17606709753726
5906.937,0.17286386521269514,4.200625782585104,24.18740314111696
5909.843,0.17266817040471308,4.200927584631839,24.184052462998604
5912.75,0.17167535293018657,4.200640815332229,24.183232030289673
5915.656,0.17424551359079704,4.201067810826688,24.17381229722636
5918.562,0.17128554732472775,4.200663713625253,24.1811824739998
5921.484,0.1726678529636397,4.20103427741923,24.18178570990295
5924.39,0.17580377774570463,4.200900940858007,24.17496159932961
5927.297,0.17409995522999727,4.20083235649935,24.171226560979544
5930.218,0.17572353040402802,4.200873142742151,24.174160753127836
5933.125,0.17291139152933524,4.200983541481854,24.16814784067013
5936.031,0.1712480870961432,4.200873569420179,24.176413627915995
5938.937,0.17174265421155055,4.201342825240968,24.166862181695013
5941.843,0.17324307962469046,4.201022109530923,24.163821453812464
5944.75,0.1737386952000249,4.201022463437329,24.156303540673306
5947.656,0.17657192701663493,4.201289793398412,24.148659971262838
5950.562,0.1736298072450279,4.200961968935471,24.15503265476631
5953.484,0.17374711516320235,4.2012998779235105,24.16224728141928
5956.39,0.17291820987036136,4.201388858104425,24.155077637323785
5959.297,0.17421597123465687,4.201111745958741,24.154450944145513
5962.218,0.17384469517031823,4.201312452060697,24.158286619443658
5965.125,0.17355412670046258,4.20133268263025,24.162888771086692
5968.031,0.17379506068067907,4.201434849996664,24.163601200497247
5970.953,0.17403960457704454,4.201194971948873,24.154821110889753
5973.859,0.1711656807178408,4.201494232508849,24.154470695900645
5976.765,0.17079805537547876,4.201379235798484,24.152523058497092
5979.703,0.17358791627026748,4.201469337099708,24.147496104673763
5982.609,0.17315715371653398,4.201676058768977,24.148461196090828
5985.515,0.16073450369192582,4.2005832905194564,24.149715115446106
5988.422,0.15533067438317463,4.199675715917544,24.144878964683716
5991.343,0.15305776140888805,4.1995639188373195,24.14223884050646
5994.25,0.1548336792643382,4.199256862434792,24.141964840589743
5997.156,0.1560193016428121,4.199354846948706,24.13941278968881
6000.062,0.15293399078482978,4.199357229300249,24.135680015786978
6002.968,0.1527803268773636,4.199394399915126,24.13803777973973
6005.89,0.15461300066886385,4.199345557226153,24.131824806581267
6008.797,0.1535183349244952,4.199228155094251,24.130126303156644
6011.734,0.15179220538804625,4.199216991445724,24.130279609659063
6014.64,0.154659821165958,4.19938719669704,24.126575154385403
6017.547,0.1546409032335682,4.199309287334943,24.13713714985902
6020.453,0.15223482459383006,4.19933220969255,24.138436277957343
6023.359,0.15375797987720766,4.199231381099591,24.129347379590858
6026.281,0.15648956673633016,4.198955034990398,24.128762319711353
6029.187,0.1546922015243034,4.199313408477234,24.12658619897108
6032.093,0.15407683038375367,4.199325053276128,24.135483997116985
6035.0,0.15614193676480817,4.199185002379165,24.13061627027451
6037.906,0.15288487262410153,4.19924167753572,24.132198742482217
6040.828,0.15440434265597897,4.1992171561308425,24.129244319475443
6043.734,0.15340759174070506,4.1991661871740185,24.123313407477966
6046.656,0.15339150053523912,4.199317074515346,24.12780501838497
6049.562,0.1541351788353668,4.199170208319809,24.127572639375007
6052.468,0.1528557314669104,4.199216113270159,24.12220151259522
6055.375,0.15065903073969258,4.199597865580264,24.120535363176327
6058.281,0.1522660660988726,4.1994205746779105,24.122819112191195
6061.203,0.15071082367620858,4.199380651723536,24.126041213423203
6064.109,0.1542867897043815,4.199331481341193,24.11973336853337
6067.015,0.1555092384959554,4.19936729811966,24.125142003771888
6069.922,0.1544611474048401,4.199217503087839,24.121061709651055
6072.828,0.15196029656415888,4.199305554694805,24.116013202718992
6075.734,0.15513646285956886,4.199216722630448,24.12100776067667
6078.656,0.15575451885229916,4.199355174752178,24.117321553909207
6081.562,0.152051993392392,4.199435718166998,24.11739797789898
6084.468,0.15152830761826147,4.199360491583582,24.11503959467937
6087.39,0.1567734926678472,4.199443102481627,24.112320264156622
6090.297,0.15172274446780346,4.1994957038985685,24.106894751802493
6093.203,0.15461529313580158,4.199566121031027,24.10502281535286
6096.109,0.15485509002494854,4.199410439190159,24.107884630017303
6099.015,0.15491015960189286,4.199239134679906,24.1091410777741
6101.937,0.15252761270937312,4.1993643530822915,24.102020160651445
6104.843,0.15343813839583367,4.199547236577258,24.111711718027554
6107.75,0.15399048398950269,4.199386802077712,24.113960413862475
6110.672,0.1536665828539282,4.199535457036106,24.106335402944197
6113.578,0.1531792140700315,4.199403806469016,24.111534592249367
6116.484,0.15196845779703513,4.1994548523370705,24.110561884282934
6119.39,0.1555898719267095,4.199425056330162,24.10877542442879
6122.297,0.1514202506766013,4.199275207449424,24.105738512955647
6125.218,0.15418760728840009,4.199659508793418,24.096952839385544
6128.125,0.15072516827290772,4.1996276788826465,24.096741320101827
6131.031,0.15151035781971076,4.199666644404845,24.09730764925839
6133.937,0.15482686025631187,4.199915073930528,24.09252828859458
6136.906,0.154222113355162,4.199652896986315,24.092827180885692
6139.875,0.15383225436987905,4.199702406693528,24.090255972480094
6142.781,0.15120163555114244,4.199881692634722,24.097939922092593
6145.734,0.15250796798512767,4.199577083071414,24.085435276495136
6148.75,0.1530166607500672,4.199620788780596,24.097100938616066
6151.703,0.1502492898982753,4.199742087561253,24.09001640827639
6154.64,0.152761032046526,4.199619983577375,24.09261676107062
6157.562,0.15282720599814337,4.199874776604756,24.07993557860063
6160.468,0.15175885482517054,4.199612763803572,24.084869362828336
6163.375,0.15333320324551675,4.1999315499846315,24.082794587458093
6166.281,0.15236808864567397,4.19969281421479,24.08401022162321
6169.187,0.1533887161443168,4.2001287653153625,24.077905165354633
6172.093,0.15125660478685843,4.200103881522874,24.083689658512434
6175.0,0.1516688097914157,4.199909689753466,24.07850297013878
6177.906,0.15139444188353363,4.199987258557524,24.077180813591454
6180.812,0.15396007284944654,4.199936669333265,24.074631733049102
6183.718,0.15596678597547983,4.200138507742327,24.08195091877138
6186.656,0.15328211107271592,4.200171536735928,24.080766031069366
6189.562,0.15322659613436163,4.19987088294494,24.085554927758196
6192.484,0.15020144316765888,4.199999509435494,24.081036118513477
6195.39,0.1532548541739529,4.20002989265888,24.07361444623955
6198.297,0.15244032604379368,4.200184583195425,24.060884497586457
6201.203,0.15296818457977704,4.200110703704138,24.067791481515034
6204.125,0.1511007612128047,4.200072531335814,24.078305896783167
6207.031,0.1517317913806288,4.200168520977908,24.07291947739344
6209.937,0.1541856182262403,4.199953938486804,24.076751498050065
6212.843,0.15135776346696947,4.200134822832386,24.072081790104274
6215.75,0.1514501426924571,4.200140600877662,24.070007362054227
6218.687,0.14649128215430476,4.200182775744955,24.067271785705753
6221.609,0.15457334929362868,4.2001834903384,24.063933278778933
6224.515,0.15238004169307176,4.200237435839169,24.07073530196627
6227.422,0.1497300466978037,4.200440740431277,24.06402780423868
6230.328,0.15060507518061206,4.200141332718556,24.064461805542965
6233.25,0.15040173173457325,4.200179928943603,24.066664806728376
6236.187,0.15123068639255827,4.200403859113756,24.058535201721853
6239.125,0.15140560939701025,4.200096716465984,24.05623519060104
6242.125,0.15278828822383267,4.2003000361897795,24.05326745056916
6245.125,0.1512343086057826,4.200507353048844,24.057413391587502
6248.093,0.15103900534463843,4.2004336276744745,24.06047046456776
6251.047,0.15294999472357762,4.200566678013071,24.054842059768944
6254.093,0.1432284524896888,4.1994138017992935,24.05525931649495
6257.031,0.14308380576056054,4.1994166382233304,24.057590352196797
6259.937,0.14418130896862014,4.199484264616694,24.046657125795857
6262.859,0.13955285747585092,4.199348349194214,24.04836801412863
6265.765,0.14122037004411,4.199233116956137,24.04341199735779
6268.672,0.14150510431738114,4.199255202613356,24.04367306264029
6271.578,0.14387719319495845,4.199364994090028,24.04350028616792
6274.484,0.1411263962804209,4.199538467699361,24.036334630910073
6277.39,0.14048102213573174,4.199427667928712,24.048711877295258
6280.281,0.14299932135311405,4.199349704471829,24.04718421213745
6283.187,0.13997956282250393,4.199146623133769,24.042930630377395
6286.093,0.1415521624146292,4.1995017833397394,24.04918453821978
6289.0,0.14028993225178923,4.199415637222733,24.04393880248679
6291.922,0.14067237402275673,4.199503097538704,24.04964278518015
6294.828,0.13988947978970995,4.199534337725281,24.04434775990503
6297.734,0.14315039825091758,4.199451831624348,24.05064841763024
6300.64,0.14284041090221616,4.199437554221207,24.038984917581953
6303.547,0.13989418788465555,4.199465792480772,24.04321081914763
6306.453,0.14196997231215705,4.199556613717463,24.03368474294274
6309.359,0.14284729966677054,4.199315361911651,24.043189021777188
6312.265,0.1406568063494469,4.199371408745199,24.03387754781013
6315.172,0.1435449729231769,4.199418350555706,24.03544253536039
6318.078,0.14169577961214672,4.199653372820965,24.03636892479419
6320.984,0.1435888201153225,4.199241308466471,24.02565819414991
6323.906,0.14296600418562974,4.199318121115811,24.032130253564237
6326.812,0.14191572325252763,4.199426037938882,24.031012816569447
6329.718,0.1419932042480751,4.199488620187465,24.02485621064534
6332.625,0.14121445436224112,4.199679922537161,24.02848402928922
6335.531,0.14197010970123652,4.199531711570317,24.01784655189981
6338.437,0.14185637490005076,4.199563097611131,24.01568762618318
6341.343,0.1414297194178374,4.199371515399507,24.019771409275926
6344.25,0.13887332209716452,4.199552421417312,24.01683033840265
6347.156,0.14376300464160358,4.199461905518014,24.02360918598629
6350.062,0.14278486878817068,4.199422858623286,24.020946871862634
6352.968,0.13933762552143586,4.199462471547825,24.021554733546644
6355.875,0.14261549320649908,4.199747887544933,24.018106406412283
6358.781,0.14248581093580032,4.199546053729222,24.02330247133242
6361.687,0.14052283981556887,4.199529525976363,24.017329461814
6364.625,0.1425650454497069,4.19978394348868,24.020828972412005
6367.531,0.14283120287566456,4.199731565874874,24.015829755833987
6370.437,0.1414437295514916,4.199704801790382,24.006791061469947
6373.343,0.1394918954410722,4.199845178523315,24.0094660803809
6376.265,0.13951199302043504,4.199837779696853,24.006493105944227
6379.172,0.1402533060866338,4.199814437445981,24.008437147701947
6382.078,0.14126388019966396,4.199954004243519,23.998487770938194
6384.984,0.14033085684037047,4.199691684435041,24.006992703560616
6387.89,0.13911369014201072,4.199798399022726,24.008519727722526
6390.812,0.1412795822984809,4.199702302492248,24.001185421955817
6393.718,0.1392470473651888,4.199893300817086,24.000385533678173
6396.656,0.1402726926922859,4.199558050831722,23.99855502610723
6399.562,0.14030341131780055,4.199941178386992,24.011164939968562
6402.468,0.13890965913561606,4.199797056871529,24.0051281122735
6405.375,0.1398576436274108,4.199875326839547,23.99863264731562
6408.297,0.13897230188656048,4.199844667050235,24.00471307613016
6411.203,0.1426426403424863,4.199872811701649,23.999897698184938
6414.109,0.13719032638716416,4.200025846275693,23.995864591112582
6417.015,0.1402931468778998,4.1999919432353465,23.999330263366332
6419.922,0.1394483300633586,4.200043268248387,23.995409557217393
6422.828,0.14075665790419284,4.19992994515509,23.99285428211479
6425.75,0.13900004357959694,4.200060474160309,23.995143109835944
6428.656,0.14075656484461532,4.200108792739947,23.9900940156319
6431.562,0.13910143134893063,4.200049052709005,23.989833552148692
6434.484,0.13987929315119144,4.200162214673262,23.993656129645647
6437.39,0.13883543097076675,4.200279939517107,23.98906798226987
6440.297,0.13993580268183944,4.200147320777771,23.993722991647115
6443.203,0.13883654466244272,4.2001297231152765,23.99504632465479
6446.109,0.1381816641202845,4.200185682469758,23.98414298881283
6449.031,0.13567625409606515,4.200198637532868,23.98421120486866
6451.937,0.13913403481796108,4.200233306520459,23.983849328237866
6454.843,0.1397137758084852,4.200372767566396,23.978472266070273
6457.75,0.14087180153707227,4.2004182992551575,23.97704511138252
6460.656,0.14025636902428334,4.200327938936657,23.985600054793373
6463.578,0.14059228100518983,4.200389215867351,23.977112178733485
6466.484,0.13908317340651805,4.200431199305458,23.980530698278223
6469.39,0.13817876089649744,4.200375196322208,23.9865887601629
6472.312,0.13785914522710946,4.200442581250311,23.977429411164863
6475.218,0.1379195386504992,4.200236788420246,23.981013920325584
6478.125,0.1392859771862292,4.2003968737056105,23.984228807975985
6481.031,0.13856743936178084,4.200260114580185,23.984279947076118
6483.937,0.1375817075342982,4.20052891355535,23.981695559476798
6486.843,0.1368136666136058,4.2006654708208435,23.98483636895946
6489.765,0.12958969945866114,4.199518329859608,23.984936286094072
6492.672,0.12761479023029038,4.199860311145499,23.975376595113485
6495.593,0.13135284248725904,4.199398103348702,23.96824793190624
6498.5,0.12894093301920234,4.1995790932582775,23.964694059558333
6501.406,0.13015323487362923,4.199522649920447,23.97571017270175
6504.312,0.12981071561574573,4.199471067968039,23.963376170895103
6507.234,0.1313422920237058,4.199441381240536,23.96772005215069
6510.14,0.1310364410359602,4.199455089756502,23.966247147313567
6513.047,0.12972452614847318,4.199469464723621,23.971884279495473
6515.953,0.12862907640177657,4.199520330018063,23.97354724077488
6518.859,0.1300716636333468,4.199563630115339,23.970755089327792
6521.765,0.13252397517216577,4.199523516000022,23.963352260651764
6524.687,0.12968427438921995,4.199333117406878,23.962526660833475
6527.593,0.131867408574162,4.199400734869309,23.9684962686087
6530.5,0.13092956026639244,4.199365700388916,23.969572679900807
6533.422,0.12889206484581142,4.199446034022137,23.97010822007664
6536.328,0.12867159327514155,4.199514150728851,23.959554847254275
6539.234,0.13221296441271208,4.1995645192635935,23.95803828931987
6542.14,0.1289495880955308,4.199381875176855,23.96304584115664
6545.047,0.13141430894193518,4.199620483555959,23.965853275865605
6547.953,0.1288003932782656,4.199444001092875,23.961540820875026
6550.875,0.12905273903498848,4.199350994559486,23.958171988270806
6553.781,0.13064295629718653,4.199373009477966,23.953008286206423
6556.687,0.12895383394062906,4.199670019424842,23.959674001011948
6559.593,0.1306278689274626,4.199748980195448,23.95488913442358
6562.515,0.12934683969146651,4.19935346542092,23.952618233975027
6565.422,0.13262336138805159,4.1996693418037365,23.954449159601268
6568.328,0.12785031973106534,4.19971299872679,23.952411553586934
6571.234,0.1294819269208884,4.19949602872169,23.952717063847693
6574.156,0.13024460931650758,4.199759212204696,23.94141825320059
6577.062,0.13075518458465352,4.19962623015999,23.950953649316084
6579.968,0.12608483248130842,4.199851369055793,23.943302024141573
6582.875,0.13092644313380603,4.199839576372316,23.942137113477678
6585.781,0.130335409569994,4.199681018646923,23.949330338155065
6588.703,0.13067335397618782,4.1995247923833166,23.942414541097904
6591.609,0.13077100668847583,4.199843035117366,23.94691715831176
6594.515,0.13148013180332788,4.199792056778863,23.93705620991214
6597.422,0.13125778441814304,4.199766479644904,23.945227268769543
6600.343,0.13056590410366,4.199859103112004,23.937203398008954
6603.25,0.12837519811086628,4.199724156028453,23.938885797841426
6606.156,0.12791471151555775,4.199843023080037,23.93408391915125
6609.062,0.13033664315680993,4.19965354182525,23.93589906495563
6611.984,0.12860660994096307,4.199783364910814,23.942625649376712
6614.89,0.12988241772572418,4.199892788306265,23.936987700475175
6617.797,0.12919054114744793,4.200057986931637,23.93392188197952
6620.703,0.12768914751712154,4.199823623282345,23.93513906809894
6623.625,0.12893260680148155,4.200144887194853,23.937786875376734
6626.531,0.12994446065228604,4.199856844727534,23.927498033439978
6629.437,0.1324242589066922,4.200102157147402,23.928987400816368
6632.343,0.13110614529212375,4.199981144966442,23.917963014782234
6635.25,0.12788824029353174,4.199678465140513,23.929047352096493
6638.156,0.1320422182055011,4.199876378524076,23.92499181940141
6641.078,0.1281687716089218,4.200094802971825,23.924205515409422
6643.984,0.12843559290164575,4.199872589901427,23.91643423350737
6646.89,0.12653931126863285,4.200061548968342,23.917619866856846
6649.797,0.12710756228268424,4.200045294375095,23.918870667764264
6652.703,0.12947746880495536,4.200005213243875,23.91964226742532
6655.64,0.1288611400592784,4.1999847712134954,23.917853957530017
6658.547,0.12851882678961252,4.200031815656006,23.91619281002955
6661.468,0.1292046679444311,4.200248958981906,23.91248800819135
6664.375,0.12990249137069615,4.2003234428591725,23.92043560610777
6667.281,0.13018025983093018,4.199999247829982,23.93146604699995
6670.187,0.12912586365340206,4.200282704083374,23.92281864583391
6673.093,0.13089047833928666,4.200453293370861,23.932515467991816
6676.015,0.13102651576004523,4.200137010298293,23.93270448498874
6678.922,0.12892172095171417,4.200288574288803,23.935309143024543
6681.828,0.12689623732017088,4.2005407854082835,23.921359238297335
6684.734,0.1295588057861114,4.200261350453827,23.91678463851359
6687.672,0.12875858056977296,4.200251332778917,23.91356447722466
6690.578,0.12662348281365046,4.200303997667037,23.90951187767549
6693.5,0.12606322915183543,4.200314748044997,23.91237351219399
6696.437,0.12819335497900067,4.200448561700521,23.916812582310886
6699.328,0.1289456217393077,4.200437510884526,23.915415445181168
6702.234,0.12996430023620248,4.200306906361036,23.911302183839943
6705.14,0.12788174259295465,4.200386870360396,23.911946813446605
6708.047,0.12692824174517126,4.199933135880949,23.90906226826188
6710.984,0.12574003639386586,4.20027882317477,23.912663045171364
6713.89,0.12606295693473313,4.200378153822269,23.90144009451215
6716.797,0.1285007422110594,4.200558974495483,23.908312998648004
6719.703,0.1200202996583843,4.199670412784779,23.914123437316047
6722.625,0.11940245818944308,4.199415902466268,23.910190689848907
6725.531,0.11982730225719943,4.199307937072193,23.902328298097014
6728.437,0.11794144546622545,4.199527821363564,23.903482803525588
6731.343,0.11905594556945573,4.199504447320554,23.89917700988904
6734.265,0.11939129466877424,4.1993716935606855,23.899992441565544
6737.172,0.11881794503143803,4.19927050218435,23.892628396355946
6740.078,0.12051414406687387,4.199365678050695,23.89466994470062
6743.015,0.11887729832126624,4.199319811894266,23.895300297504527
6745.922,0.11808874108200473,4.199471524564414,23.899120877477092
6748.828,0.11833683633249947,4.199447100890447,23.89219119045874
6751.734,0.1176887537677527,4.199223020705835,23.907376125200777
6754.64,0.11952766159210584,4.199668729794961,23.906546079588345
6757.562,0.11856274114807253,4.199279771868976,23.89186175759494
6760.468,0.1165019927239114,4.199538146000681,23.888877753053386
6763.375,0.11869082063848702,4.199238098850436,23.896597118397562
6766.281,0.1172886845077525,4.199396915497938,23.892021431937636
6769.203,0.11915184924173886,4.1993637020609755,23.88811770318409
6772.109,0.11776843654215413,4.199429329813458,23.892900963593792
6775.015,0.12014263452805886,4.199642216241588,23.894723631587247
6777.922,0.1170749956541244,4.1994748986577655,23.88735795813327
6780.828,0.11992123206906521,4.199384344410872,23.887294969558337
6783.75,0.11842400136539662,4.199376818686997,23.8803579678
6786.656,0.12062536893163955,4.199442962511334,23.884897065796498
6789.562,0.12065072859430581,4.199178350298321,23.88348341340185
6792.468,0.11872179710880655,4.199218394618607,23.88698104644816
6795.39,0.11868830810840846,4.199409256176371,23.888017913948925
6798.297,0.11932208810048951,4.199707655735039,23.883992487006232
6801.203,0.1187677411230085,4.1995146402130406,23.879837214856465
6804.109,0.12143077901231757,4.1995266702927445,23.886816116078975
6807.031,0.11485065166522887,4.1993925395252445,23.878128966734323
6809.953,0.11922571036283262,4.199508301376589,23.887228595688285
6812.859,0.11969525878537775,4.1996843611522605,23.88335666189029
6815.765,0.12002997458383252,4.199514689897883,23.886243620775943
6818.687,0.11741866756516568,4.19952548544444,23.88062402340893
6821.593,0.11997418874631335,4.1996424448486644,23.88012097569143
6824.5,0.11801038746916209,4.199396782653351,23.88298111932205
6827.406,0.12118234836021742,4.199662899588625,23.88474568441208
6830.328,0.11520717731701713,4.199555328198901,23.88191513007466
6833.234,0.12027186801085629,4.199509041760089,23.882152893917734
6836.14,0.11697338305666292,4.199663955677553,23.88485806137026
6839.062,0.11736211954496581,4.199622586359677,23.87364658598089
6841.984,0.11920462705337138,4.199647819001093,23.877648332048043
6844.89,0.11681903304370117,4.199778932964482,23.875592746070108
6847.797,0.11591381261639931,4.199949616686338,23.883008997957237
6850.718,0.11796853269395484,4.1996402030992845,23.880091997778763
6853.625,0.11929071605797963,4.1995919286287196,23.88177021018107
6856.531,0.11667840304172722,4.199952397838188,23.877570321313197
6859.437,0.11757203659029254,4.199667976778195,23.878240703558205
6862.359,0.11775498288092348,4.199893969702329,23.872737484156627
6865.265,0.11781723736506806,4.20000290547992,23.86903818977236
6868.172,0.11860107854478971,4.2000959680779,23.865810957520786
6871.078,0.11744808282813543,4.1999074403885075,23.87276676163633
6874.0,0.11717842153629181,4.2000492510180525,23.868678970404353
6876.922,0.11958840488587984,4.199994150163132,23.85435418794781
6879.828,0.11623103367536894,4.19970622241019,23.86473506313733
6882.734,0.117916183447857,4.199837193241926,23.862102451125104
6885.656,0.11832043755491495,4.200028032832104,23.85828940071155
6888.562,0.11924860197630859,4.200023486373486,23.85871873077162
6891.468,0.11807879517193157,4.199824627914685,23.851922775156854
6894.39,0.11803146183497658,4.200128710962091,23.858009977125004
6897.297,0.11683370097736945,4.200115157587335,23.861818976860512
6900.203,0.11854316709792814,4.2000960827552145,23.85703404576192
6903.109,0.1189092184979314,4.199895628731606,23.854605982972036
6906.031,0.1181588271982972,4.200116716611856,23.855778171505424
6908.937,0.11704387918242505,4.200126546762016,23.860230749194706
6911.843,0.11735573044496318,4.1999979598095845,23.86301053069931
6914.75,0.11829988569650367,4.199982748005024,23.865424265686478
6917.672,0.11766326254781521,4.2002138435548515,23.859074814474212
6920.578,0.1154539908315808,4.200206764747332,23.863394778444103
6923.484,0.11954434520810374,4.200139650895809,23.85982587016672
6926.39,0.1195104666233422,4.200057249575043,23.85979732612014
6929.312,0.11787922051364082,4.20015492826878,23.856806143532566
6932.234,0.12056702524413308,4.200371423268192,23.86387540700157
6935.14,0.11803981265765673,4.200257619348847,23.85312678495934
6938.047,0.11626185973993898,4.200417940523737,23.856093964634027
6940.968,0.11692434846177467,4.200173004239858,23.849823592057813
6943.875,0.1179227739863504,4.200394580242775,23.851707989126396
6946.781,0.11892032036460991,4.200146948974149,23.861299493246907
6949.687,0.11719020135415464,4.2001283991234155,23.852290989213913
6952.609,0.11743725382646113,4.200219680622884,23.852184038080164
6955.515,0.11825134319537668,4.200280211730428,23.848972275525252
6958.422,0.1157231620449434,4.2003327496460034,23.854292374522746
6961.328,0.11766058354261853,4.200318759426907,23.850378302121644
6964.234,0.1152552231709253,4.20023200203185,23.85909939550251
6967.14,0.1188740457437127,4.2003053857037225,23.857947995890655
6970.062,0.11861163354169385,4.200216700785233,23.852401504285602
6972.968,0.11685013173157818,4.200606466556274,23.849039051103006
6975.89,0.11716527262393174,4.200727071023519,23.850370806217587
6978.797,0.11453109046465586,4.200562127801838,23.845300854982504
6981.703,0.11688416690391588,4.20072831834432,23.842517421756273
6984.609,0.11574984452181224,4.2006746033244085,23.843004769085837
6987.515,0.11696242985642763,4.2004034447964465,23.84206091350146
6990.422,0.11727555577562425,4.200535413498627,23.831518813258462
6993.343,0.11541326494646689,4.200606185737499,23.835613352302815
6996.25,0.11474557115449809,4.200697634789617,23.828229735093966
6999.156,0.11535841954200422,4.2005391637586165,23.83942681507421
7002.093,0.11536093979698599,4.200726955972805,23.843507852601284
7005.0,0.1183350893250941,4.200836776345309,23.838227965999195
7007.906,0.11665075632352641,4.200634740661412,23.831211387007126
7010.812,0.1154133674609353,4.200474684491404,23.837644464703637
7013.734,0.11406784185445912,4.200612215559585,23.838282241635135
7016.64,0.11573031474190189,4.200830559292369,23.83858447505665
7019.547,0.11434255555865941,4.200439516473254,23.841007996511998
7022.453,0.11612094793723107,4.200858043346973,23.83950469008733
7025.359,0.11843482214971118,4.200988832576409,23.838287932317034
7028.265,0.11321792440291022,4.200825642187913,23.828746394446775
7031.187,0.11344598394137412,4.200983006243941,23.8282004567645
7034.109,0.1162436324368753,4.200956593075651,23.827753999201438
7037.015,0.11469667794131856,4.200872643074642,23.830705146103977
7039.922,0.11477666026358652,4.200708880093929,23.83138510611667
7042.843,0.11645720513876985,4.201198442961631,23.82353850840593
7045.75,0.11646470928944103,4.201023425097703,23.821980377113864
7048.656,0.1161746298032596,4.200983420302541,23.814590550180885
7051.562,0.11678578680388686,4.2009938920749095,23.81453996127849
7054.468,0.11815001621000021,4.200993848031196,23.827801838455173
7057.375,0.115990359262655,4.200861211499889,23.82202259193977
7060.281,0.11501920828690583,4.201151945572448,23.817161238169955
7063.187,0.11455656555132045,4.201076281197942,23.82560336677034
7066.125,0.11612465359519583,4.201108462600505,23.826563128031083
7069.031,0.11552250126108315,4.201140195909897,23.817124413941208
7071.937,0.11685824084699314,4.200920035140406,23.823745516613418
7074.828,0.11470303002054338,4.201154283899832,23.82168009108449
7077.734,0.1150750357865491,4.20104668380197,23.813717093929267
7080.64,0.11663429070089253,4.201075815159242,23.82141440228537
7083.547,0.1168556560846997,4.201304802756006,23.81453151579185
7086.453,0.11068778552489345,4.201236284036599,23.814674494024533
7089.359,0.11108710298212442,4.201316476045285,23.816656114779295
7092.265,0.11875795309752689,4.201168545813271,23.81034070287995
7095.172,0.11678725318677868,4.201294648172999,23.815802322259167
7098.078,0.11467372968099668,4.201400017442804,23.81052216510075
7101.0,0.11506589466222521,4.201158221346479,23.81467096732354
7103.906,0.11669229029778852,4.201447426898112,23.81159399056094
7106.812,0.11627472547058276,4.201167711644682,23.805778689429495
7109.718,0.11670632551983354,4.201205909920956,23.80415541211307
7112.625,0.11578032956306009,4.201314276282031,23.81114394663788
7115.531,0.11668760822418646,4.201276356916557,23.810294400562125
7118.437,0.11300512900700774,4.201265636099995,23.81495748542486
7121.343,0.11541641793969008,4.201282601071168,23.81689561140806
7124.25,0.11617086448470698,4.201674741740866,23.81241794847156
7127.156,0.10497910009868686,4.200224059997658,23.811042288602163
7130.062,0.10548190824453102,4.200394805659717,23.814398251690083
7132.984,0.10641831518250693,4.200609780321089,23.8015822460571
7135.89,0.09438655479594585,4.199455848229257,23.8052368739742
7138.797,0.09192122482990003,4.19913140305397,23.80381663624449
7141.703,0.08712969679756422,4.198256869490811,23.81470343750824
7144.609,0.08822269780138381,4.198173817776609,23.808690139529862
7147.515,0.08399405416519362,4.198270390143149,23.806941074258663
7150.422,0.08640010371722069,4.198015966079939,23.80334975361493
7153.328,0.08805349462406496,4.198096286307299,23.80893768666986
7156.234,0.08421197667433408,4.197842074367913,23.805530515506348
7159.14,0.08950874530893452,4.198145430655567,23.805430268985532
7162.047,0.08551622140472863,4.197807278607665,23.806413835030003
7164.968,0.0867916348392957,4.197532508116863,23.809785167374475
7167.875,0.08895842658707381,4.1979729954434095,23.806873204763807
7170.781,0.0860078887005709,4.197550947547327,23.809394517355948
7173.687,0.07748336539061994,4.196882750343486,23.816044378015267
7176.593,0.0786901639062758,4.19660255306372,23.81213587013319
7179.5,0.07925621749686651,4.196448978767076,23.81201671149906
7182.406,0.07571312380760063,4.1965913914063515,23.802881817937177
7185.312,0.07686294956169454,4.196209763891729,23.809496832660567
7188.218,0.07914432265507024,4.19624846852401,23.801854659888335
7191.125,0.08022857328653449,4.196252211477912,23.804836965941625
7194.031,0.07966684937174108,4.196301275537593,23.805895988572022
7196.953,0.07950396233056473,4.196126498134523,23.799913415509856
7199.859,0.08003098612975958,4.196060961521213,23.795494225425266
7202.765,0.07818201010334537,4.196267446159384,23.79428690549176
7205.687,0.07820682043814957,4.196062359239618,23.801281012688545
7208.593,0.07888123326684979,4.195946165530084,23.80056243991338
7211.5,0.08121910281739024,4.196210371087829,23.804450911623466
7214.406,0.08075608373501451,4.19620609227119,23.798786785842402
7217.312,0.07883540823949686,4.196055040888608,23.795370535665764
7220.218,0.0791681813267141,4.195981153350966,23.799675323653435
7223.125,0.07891822493520353,4.1960815613144,23.79887698051602
7226.031,0.07894562580195108,4.19584599563524,23.798974167224614
7228.937,0.07895620818057256,4.195940978705992,23.80684445159072
7231.843,0.07820712936041976,4.195792242933156,23.79838461410975
7234.75,0.08016563637509565,4.195774250576222,23.798140128369706
7237.656,0.08033551843384502,4.195829411935918,23.796431919420066
7240.578,0.07876457278782609,4.195729105458125,23.794894690224467
7243.484,0.07886625741553477,4.195588103421817,23.78788191093255
7246.39,0.07950869918151031,4.195959657210591,23.78993627109821
7249.297,0.083205369721613,4.195658008369898,23.79166831541896
7252.203,0.07868425299696673,4.195735799976682,23.79922614942301
7255.109,0.08214554079619284,4.195708263640246,23.786958216837732
7258.015,0.07900451669648112,4.195810494791034,23.785170077333408
7260.922,0.079990719246939,4.195599972344512,23.781754024903243
7263.828,0.08076444774648522,4.19545002457296,23.78447753050424
7266.75,0.08941874345789867,4.196462148395528,23.79225215372196
7269.656,0.08795400261078277,4.196522958412278,23.788293577136923
7272.562,0.09035913341532523,4.196213997726732,23.794765682632416
7275.468,0.09042263380274627,4.196646646825121,23.79420870474815
7278.375,0.09168670745230503,4.196668502790068,23.791533852537324
7281.281,0.08458172147689043,4.196577627964444,23.79011009985688
7284.187,0.09061139654085539,4.196762067123075,23.78122440760587
7287.093,0.08994432638165088,4.196768206878971,23.790106718028348
7290.0,0.08483648084669615,4.1966872960094115,23.781236466805204
7292.906,0.09012382481800527,4.197132425728121,23.78183162935176
7295.828,0.09244467896392558,4.196822316545714,23.77613192612475
7298.734,0.0891714915420469,4.197032781268646,23.782827784575293
7301.64,0.08858529361979028,4.197178403095556,23.77483614593009
7304.547,0.08803946536321734,4.196903519731637,23.779621201022536
7307.437,0.0887109108790779,4.196975140286317,23.779924740730415
7310.343,0.08945600631040301,4.196976926370538,23.77867738098199
7313.25,0.08889882621164812,4.196606575367701,23.774099418109444
7316.156,0.09012710156973988,4.197114549605293,23.77053477043903
7319.078,0.08709927335548615,4.196697586608528,23.778640903747835
7321.968,0.08789647812980507,4.197028223038186,23.776761145833195
7324.906,0.08630510194024273,4.1971810515780685,23.774941741913032
7327.812,0.08901609331228544,4.196980658160982,23.77352464712399
7330.718,0.08757632935289474,4.196973024040069,23.771969102476337
7333.609,0.09040451752236352,4.196975900303692,23.77864096509793
7336.515,0.09166656886658872,4.196857326193879,23.770158983534632
7339.422,0.08987589110768447,4.197112101806317,23.77335198813382
7342.328,0.08852119986134813,4.196815156974688,23.771295302985894
7345.234,0.09136309218886164,4.197343771326001,23.776545330837873
7348.14,0.07920306342565252,4.195836778517889,23.77482192269417
7351.047,0.07909429899843042,4.196011545477657,23.76179972708515
7353.953,0.08019154983695263,4.195991436417485,23.761818376864657
7356.875,0.07796749813517506,4.195917052473242,23.767250419603297
7359.781,0.07982475227684452,4.195587704542089,23.765553055695747
7362.687,0.07808375348946679,4.195829344484431,23.76571822496725
7365.593,0.08014845840554755,4.1958648531057925,23.762840175311005
7368.515,0.080312721002089,4.196021866108553,23.75948728180813
7371.422,0.07804367217728998,4.195604122176713,23.770434876568434
7374.328,0.08116834708936732,4.195808183920908,23.7623721389244
7377.234,0.07957272185908142,4.195659443443642,23.769458332723282
7380.14,0.08299309227678738,4.195682386435368,23.765748152466536
7383.047,0.0818391877294084,4.196060912481876,23.759732174476422
7385.953,0.08124190622235475,4.19590769644247,23.7689385631023
7388.89,0.08015076767027719,4.19573444857065,23.76422887139605
7391.797,0.08145988012305405,4.1957404133293945,23.758483336452983
7394.703,0.08112235196180141,4.1957283996604815,23.755891902399856
7397.609,0.08014819665673198,4.195564182565847,23.75271301203621
7400.515,0.08150987191861317,4.195729273292381,23.760232329262617
7403.422,0.07828478269827012,4.195628335453484,23.76208144251509
7406.328,0.08285622674742256,4.195611374156308,23.761478735953524
7409.234,0.08027181532972363,4.195367936619058,23.762753000338463
7412.156,0.09232225655320649,4.197003038311024,23.766747643625067
7415.062,0.0898195304034868,4.196789563155857,23.759077061324955
7417.968,0.09088845906036132,4.196849900310843,23.755934833083845
7420.875,0.08772491991592356,4.19698032266446,23.76104511702448
7423.781,0.09054882649432335,4.196908174730799,23.765935091687897
7426.687,0.08879085940013982,4.196728898122286,23.761512443105026
7429.593,0.09055498618841684,4.196583134958515,23.76074547380644
7432.5,0.09284673976641922,4.197116153269667,23.76527602549967
7435.422,0.09087744065646973,4.197051240011579,23.7631768963668
7438.328,0.08843562335552857,4.1969064142286365,23.765048336103355
7441.234,0.08841818576590339,4.197075045582534,23.76318341933105
7444.14,0.08256837382744565,4.195685307491907,23.76265115341858
7447.047,0.08003489717698169,4.195963810897226,23.763240400057693
7449.953,0.08124268903159171,4.19587095527343,23.763607939009145
7452.859,0.07922186560168358,4.196085898917278,23.756334137328178
7455.781,0.08123385188613269,4.195810271757329,23.75403510596807
7458.687,0.0783345125929648,4.195930605770756,23.75367606945859
7461.609,0.07698068204260766,4.195919601393822,23.752416900553385
7464.515,0.0800373628474007,4.195899337565417,23.74993524745888
7467.422,0.07840210055213848,4.195983219014113,23.74931359361182
7470.328,0.08265989632879563,4.195883086481607,23.761203560806795
7473.234,0.08072825619782865,4.196042440373849,23.761914653866047
7476.14,0.08172568889417291,4.195831311630626,23.760807867422113
7479.047,0.07954409169690908,4.1959423093398955,23.756874424667462
7481.968,0.07955438620419653,4.1958973579847125,23.751064488551044
7484.875,0.0802457429322628,4.195945687866273,23.74804585676084
7487.797,0.08003539213102678,4.195603581649833,23.75105153361223
7490.703,0.08210040750152738,4.19610583146602,23.74922110368992
7493.609,0.07987356258419165,4.1957401243354235,23.75015848440871
7496.515,0.07649583290180259,4.195852821755469,23.760345949852958
7499.422,0.08259140158246947,4.195819046540172,23.75622487804737
7502.328,0.0799952155325596,4.1952311497064,23.754796462107024
7505.234,0.09160621357877431,4.196915053534053,23.749322372709383
7508.156,0.08664448564439702,4.196527954599753,23.744707022170118
7511.062,0.08747053804683444,4.197386621657633,23.746937060941935
7513.968,0.09075738415577433,4.197283414867892,23.75100501552424
7516.875,0.07921129130042533,4.196317164743616,23.746906709875354
7519.797,0.08230389851244767,4.196121546664255,23.741524020322938
7522.703,0.09478826946151671,4.19609361461708,23.74669131620996
7525.609,0.07899763510786992,4.195951630192666,23.745993790040615
7528.515,0.07578286523654985,4.19578709169386,23.73891650448526
7531.437,0.07951714056864301,4.196053917503558,23.736842218652065
7534.343,0.08236298345062765,4.1961784249044625,23.7401546258522
7537.25,0.07954062166567721,4.196087444084186,23.739515912223364
7540.156,0.07815546390786814,4.196014328534955,23.739837279407407
7543.062,0.07802204122894835,4.196096852302365,23.730375041130422
7545.968,0.0815399660406608,4.196108962884984,23.741862253377498
7548.89,0.0779105594386051,4.1960143639906065,23.743439940165665
7551.797,0.08014295775936447,4.195967285660422,23.735678054473805
7554.703,0.07914920901930812,4.195975402356661,23.738232656774578
7557.609,0.07997123635341476,4.196066533238856,23.735756539541082
7560.531,0.07903655183009982,4.196052239685583,23.741455959519765
7563.437,0.08178958542719493,4.195857362402536,23.733018105409464
7566.343,0.07970851847903018,4.196113227534991,23.737969665729953
7569.25,0.07945677783936862,4.196128809590609,23.746000706422297
7572.172,0.0798735991323369,4.196025469708119,23.73866123582071
7575.078,0.08340191229975531,4.196040452060566,23.731684430668537
7577.984,0.07992930668883129,4.196086526532112,23.73656777881543
7580.89,0.07842879137218896,4.19622100682492,23.735469831309025
7583.797,0.08011953409663469,4.1959567277936705,23.72643162628586
7586.703,0.08107764269012989,4.195804137438256,23.73510560387448
7589.609,0.0811833585647198,4.196245284143935,23.72245763710585
7592.515,0.07873417722336742,4.1958269372898105,23.72423648500639
7595.437,0.07981807445079751,4.196243654520001,23.728535940272234
7598.343,0.07775944902769161,4.1955857836068295,23.732148216832044
7601.281,0.077876140403778,4.195805409997612,23.744071140503575
7604.187,0.0815894557860537,4.196085682617163,23.735206997587586
7607.093,0.07991808318157449,4.195925497449835,23.738574421629753
7610.0,0.08151251088312297,4.19617657333687,23.7387835999264
7612.906,0.08194896166889905,4.1961636706417424,23.730676367217384
7615.812,0.08181179037706784,4.196063897692677,23.728247175810996
7618.703,0.08152352724056286,4.195818774718984,23.72969526345188
7621.609,0.08434847125432744,4.196180311148296,23.720839353502612
7624.515,0.08323172364248821,4.196142094119589,23.726542984450536
7627.422,0.08073307461633558,4.196069160933928,23.73588285725558
7630.328,0.08033108034965994,4.196172095912611,23.728126661230263
7633.25,0.08236632843104616,4.1960130804282825,23.725322360863036
7636.156,0.07841451718840914,4.196007385422104,23.73098067057744
7639.062,0.07517170691476074,4.195889643820063,23.73020922668012
7641.968,0.08033771548280656,4.196160256961692,23.734879328919103
7644.875,0.07903030184777264,4.196116878808466,23.723315983501468
7647.781,0.08181745803152297,4.195901673475421,23.724602916193703
7650.687,0.08143632666054312,4.19623426036919,23.72067363418916
7653.593,0.08001402492006786,4.1958828257266605,23.72844614714231
7656.484,0.07864468348648146,4.196068070478931,23.727574554500237
7659.39,0.07855216475777498,4.196137061573275,23.723989151610173
7662.297,0.08080071456936225,4.196194545574713,23.71694110113987
7665.203,0.08033896806269823,4.196253514672,23.724738723976944
7668.125,0.07805755039413345,4.195861057766607,23.72229009402172
7671.031,0.07677854400193265,4.195935925640082,23.715223442245804
7673.922,0.07855406111758685,4.196481132531643,23.727384923259702
7676.828,0.08079432754938308,4.196054244404915,23.734353192167614
7679.734,0.08264711407557271,4.196016887099509,23.725299672881786
7682.64,0.07883974378247689,4.196104903557963,23.725695949615616
7685.547,0.08334834536152397,4.196140551627273,23.72887919354173
7688.453,0.07656036921168491,4.196476847403482,23.72360937164475
7691.359,0.07875028370976127,4.196323613775011,23.72234526565545
7694.265,0.08074813116558856,4.196332101779289,23.726376389510023
7697.156,0.07477593615437222,4.1960446106239395,23.731569898617323
7700.078,0.07897462926913171,4.196322180710118,23.724987006465234
7702.984,0.08219253426023809,4.196063069228284,23.717021036358812
7705.89,0.07717060457512553,4.196136719111038,23.71806838056797
7708.797,0.07935609630036225,4.196247968899555,23.72194513670743
7711.687,0.0785295610442934,4.196303844366682,23.71306104572914
7714.593,0.0799126856671221,4.196299428760941,23.71626557426256
7717.5,0.08072488520628049,4.196319175382891,23.71750316869845
7720.406,0.07735166272770692,4.196742028386296,23.721304345859984
7723.312,0.07836504537332337,4.196390391757401,23.720427185911653
7726.218,0.07708254412411106,4.196531118707012,23.717014506841515
7729.125,0.07983601227016263,4.196316792796631,23.702032476704613
7732.031,0.07812501092326171,4.196573648243477,23.711256705046974
7734.937,0.08018045266312984,4.196256641674287,23.7108433141589
7737.843,0.07877973909994831,4.196301499018182,23.70921540669763
7740.75,0.07980614072102475,4.196306529358409,23.714254551814502
7743.656,0.07778977102828719,4.196276299105099,23.710053367863928
7746.562,0.0808736059965838,4.196532619529203,23.715554455041044
7749.468,0.07766226156471989,4.196738677091128,23.70800435082474
7752.359,0.07700038564834139,4.196661502834683,23.70354484817826
7755.265,0.0790521833850056,4.196411353080898,23.71414692550893
7758.172,0.08009010994325728,4.196569447797702,23.711092970195605
7761.078,0.07914527369794948,4.196247811022962,23.704103049753122
7764.0,0.08025171588983546,4.196486125423916,23.70483152890212
7766.906,0.07793715235360522,4.1968274476434635,23.706943127298022
7769.812,0.08063931511084263,4.196409663726785,23.71020192250206
7772.703,0.07862081349410062,4.196862323444813,23.713744478613332
7775.609,0.07715944287073138,4.196542902135719,23.706851196599075
7778.515,0.07801240551695736,4.196584132065975,23.703801098728587
7781.422,0.07828598829230397,4.1966578105798815,23.703849355712105
7784.328,0.07225722315832968,4.195805096969274,23.71142407346723
7787.234,0.07859228418631718,4.196872891480911,23.712396724391002
7790.14,0.07727336307079687,4.196511816458175,23.70402386621837
7793.047,0.07832428731661727,4.196453491282476,23.712886306672953
7795.953,0.08040546450486288,4.196341210854487,23.71549372042298
7798.859,0.08045819220714032,4.196373100461056,23.713700182635815
7801.765,0.07835533589859074,4.196692988095049,23.708233314857672
7804.672,0.07743879583093212,4.196628861860895,23.708339105298414
7807.578,0.07792818203237244,4.196687749079463,23.70659279060411
7810.484,0.07873636494592781,4.196585962103054,23.712032991457846
7813.39,0.07619574792758381,4.196644084710661,23.706816195888848
7816.297,0.07803529580996772,4.196561101166453,23.700847949654083
7819.203,0.07719796886685074,4.196756583583901,23.706666251901584
7822.109,0.0707384012827535,4.1956688233921335,23.70033320131321
7825.015,0.07611936235233972,4.196707808014082,23.697957262842785
7827.937,0.07336785998571893,4.195628009719847,23.701843440997877
7830.843,0.0790653253790753,4.196746084821451,23.70512598544191
7833.75,0.07984874945270204,4.1966812114486975,23.703764783155155
7836.656,0.07881253742948238,4.196678874615364,23.702698302926862
7839.562,0.07899574929247574,4.196594677533259,23.69182908639598
7842.468,0.07891978703759663,4.196687533426533,23.69440723565392
7845.375,0.07823587343974933,4.19669443159021,23.70111392052862
7848.281,0.07744455449909877,4.196859974006665,23.702417043603592
7851.187,0.07648076368576152,4.196839804746351,23.70223344352271
7854.093,0.07967360456588937,4.196683753766444,23.70197674803396
7857.0,0.07070910193047579,4.195793917946329,23.694785647249635
7859.906,0.07886820065626088,4.196905039859572,23.69885550281044
7862.812,0.07943122070045992,4.196782595689778,23.701242331183828
7865.718,0.07970049911205901,4.1967882015036375,23.690605861796133
7868.625,0.08222380507083844,4.196611532445935,23.69664539325141
7871.531,0.07679736148645881,4.196827451141668,23.69524830218653
7874.437,0.06661582216910479,4.195705588968275,23.695050872894303
7877.343,0.07809388003958735,4.19680735596405,23.710525374409993
7880.25,0.07739011317112446,4.196921087111356,23.701712882307344
7883.156,0.07597114088670955,4.196770054028501,23.694945359379787
7886.062,0.08135252072264418,4.196934447637212,23.69996402244933
7888.968,0.07756874020548771,4.196742432957921,23.68950664372913
7891.906,0.08041576971595735,4.196717123497339,23.687446025781604
7894.812,0.07794525786531212,4.197042061601705,23.687090523019954
7897.718,0.07751235489102506,4.196846874035336,23.689937191665166
7900.625,0.08191677242233696,4.196750276905266,23.6966598631091
7903.531,0.07887580849412784,4.196922838660365,23.686751026801826
7906.437,0.07769277626806223,4.197007792857677,23.691196237989022
7909.343,0.07896472581304166,4.196803420615169,23.69735960897326
7912.25,0.07741935794254767,4.196869263879789,23.69304639731436
7915.156,0.07531912849855685,4.196997884814157,23.681817916428685
7918.062,0.07822567038193447,4.196846670237233,23.68277632677705
7920.968,0.07695479846383271,4.196893118216808,23.685655614596396
7923.906,0.0767290891981095,4.196725744397279,23.67993384804856
7926.812,0.07764992218897061,4.197223883168697,23.690264917781985
7929.718,0.07855059958825217,4.196975310249383,23.688044199720604
7932.625,0.07779109503628377,4.1968914513506865,23.688367422164543
7935.531,0.07723680705473898,4.197231888504846,23.68795665518238
7938.437,0.0792980879575013,4.197397033260275,23.683086928605995
7941.343,0.08035587187354516,4.19674980603928,23.6858767287787
7944.25,0.0790059776414829,4.196998922051979,23.688616492128396
7947.156,0.07894700078609061,4.197326537456686,23.68512669378654
7950.062,0.07792532866001217,4.196973397836173,23.67958219188343
7952.953,0.07643852205201139,4.197203369880423,23.680946733514396
7955.859,0.07421181488589464,4.197464324115979,23.691083446245198
7958.781,0.07901998166633883,4.197247994746767,23.68191947390657
7961.687,0.08077833640649956,4.197149240966867,23.67577051595468
7964.593,0.07896797508849833,4.197141852940578,23.68541376986144
7967.5,0.07944420979230433,4.197307329059745,23.67901180523416
7970.406,0.07431613905909659,4.197146348609699,23.683883393274577
7973.312,0.07750678080884542,4.197069611468817,23.67477777034268
7976.218,0.07770811001298036,4.197374200779709,23.6705394786006
7979.125,0.07944849518810795,4.19721464571422,23.673437993755485
7982.031,0.07004236572435886,4.1963209801021195,23.67256667360807
7984.937,0.07632536536660779,4.197157887646188,23.680679074628433
7987.843,0.07527868706021275,4.197071641168409,23.684233167367307
7990.75,0.06972382693953792,4.1961093756312176,23.67453096619886
7993.656,0.07769611391088733,4.197137047962649,23.677777185230266
7996.562,0.0762712924650451,4.197155226422957,23.685640378583894
7999.468,0.07854448198714929,4.1972722468275565,23.680764628397146
8002.375,0.07780062830122356,4.19728838899797,23.681461140423885
8005.281,0.07491290148102593,4.1973522780708565,23.671894179637157
8008.187,0.07590105377310177,4.197424026682065,23.66819283991008
8011.093,0.07657457598031792,4.19735753414513,23.65586616261813
8014.015,0.07462040131634391,4.197155369072679,23.664170189416055
8016.922,0.07558498532573919,4.1973451511978315,23.668240241412512
8019.828,0.07792460797907169,4.197419514189198,23.6641138110676
8022.734,0.0776809965805824,4.197292001551514,23.666709221340586
8025.64,0.06870256607764924,4.196051650226048,23.661421753591757
8028.547,0.07709449234614862,4.197300815600597,23.672617363615316
8031.453,0.07674337267587537,4.197118568144769,23.6713783397586
8034.359,0.07920236370946472,4.19742464763508,23.670600419482092
8037.265,0.07729331996698094,4.1972578350450185,23.668536282515465
8040.156,0.07626696036350901,4.1974521058102745,23.670933450110855
8043.078,0.07876694718109314,4.197394453389694,23.676642521198712
8045.968,0.0780821100013748,4.197201440820177,23.672136769500177
8048.875,0.08098801473929938,4.197721607803487,23.67797489624337
8051.781,0.0755716315400783,4.197680073069665,23.675535716789195
8054.703,0.07571468950024722,4.197484144720764,23.67473983368117
8057.609,0.07413018978752674,4.19745223085812,23.672929835568734
8060.515,0.06862213453708566,4.19640443295493,23.675924154361716
8063.422,0.0807009798081052,4.197751802588736,23.674816823324658
8066.312,0.07280970925103998,4.19665287898417,23.67361842150857
8069.218,0.06905216860640993,4.196494381524178,23.671350816031914
8072.125,0.07471264322690842,4.19735526015287,23.675510986572547
8075.031,0.07663723276756608,4.197688615230808,23.67672040874687
8077.937,0.0764906654737243,4.197729417179053,23.67463210310269
8080.843,0.07551310605020736,4.1974322171513485,23.678521931376306
8083.75,0.07802188970246467,4.197570439740198,23.684301609505198
8086.656,0.07684601908629575,4.197478058716807,23.676341846562845
8089.562,0.0673437913198004,4.1967063636415265,23.67292598868821
8092.468,0.06601464811208528,4.196602443108689,23.66108937022859
8095.359,0.05868746327873509,4.195549038682451,23.674470035963644
8098.265,0.06942012754326089,4.196208847146837,23.66384371627505
8101.172,0.07682313599370759,4.197596678996448,23.673961034810226
8104.078,0.07601798021679429,4.197682049365736,23.675763110840595
8106.984,0.075383596934702,4.197668776669486,23.666195782747955
8109.89,0.07812377386192475,4.19747029478617,23.664489995716483
8112.797,0.0742692685524181,4.197751367032477,23.66924439631388
8115.703,0.07452713879972872,4.1974205756600425,23.661561478807137
8118.609,0.07733323877901466,4.197851423038282,23.66462417116982
8121.515,0.07338237100296525,4.197835402739523,23.66180566202857
8124.422,0.07712646583384512,4.1975896702726665,23.67266411108835
8127.328,0.07397153949156138,4.197638624027948,23.676315626262944
8130.234,0.07825380171302539,4.197985086234629,23.67378436143849
8133.14,0.07774969881134568,4.197842479352749,23.666670571700163
8136.062,0.07668660994771884,4.1976183747104345,23.668180184683212
8138.968,0.07504325524980643,4.197718935566884,23.66840384688403
8141.89,0.07723878800967347,4.1980220128783525,23.672605842149085
8144.781,0.07591523002219046,4.197811558788595,23.672528301531422
8147.703,0.07539426622855294,4.197893719930295,23.67195466390162
8150.609,0.07658719679099549,4.19806195350544,23.658050032279203
8153.515,0.07654178071997626,4.197988720628896,23.666755443949786
8156.422,0.07649211928739581,4.198002831570654,23.664466969252665
8159.328,0.07680982481486245,4.197942149498592,23.6619945758914
8162.234,0.06605022768347907,4.197214992270463,23.657589201068742
8165.14,0.06819388489545847,4.197031989133181,23.660994428380896
8168.078,0.06716926896486304,4.196887928040939,23.665333610833706
8170.984,0.0670191909713471,4.1967722807163295,23.666570020527164
8173.89,0.06762264881412607,4.196995861633659,23.655224530662554
8176.797,0.06509545872203218,4.197155353641989,23.661717362078317
8179.703,0.06792551004565166,4.1969116234065815,23.651202763845617
8182.609,0.0659717171348033,4.196773155231387,23.66103356780564
8185.515,0.06531868807472646,4.19668703440843,23.660327944128948
8188.422,0.06663059130426284,4.197059361248639,23.650686436680832
8191.328,0.06964437157530683,4.1967685166101845,23.648451168411068
8194.234,0.06693113170642805,4.196928904838705,23.65426167041349
8197.14,0.06468722437600752,4.196898207913059,23.658838383904964
8200.047,0.06824411892620495,4.196831035556852,23.65778916330639
8202.953,0.06728396166961816,4.19685273282312,23.658986109718345
8205.875,0.06748739876882708,4.196696138546577,23.66018812799614
8208.781,0.06645907896058728,4.196799031959771,23.6611072277454
8211.687,0.06739834667639039,4.196750081424364,23.657347435554335
8214.593,0.06646138116979315,4.196766629584744,23.6624782115686
8217.5,0.06779972791892071,4.196802884509433,23.655319930483767
8220.406,0.07009748254118961,4.196903606613531,23.658613137866347
8223.312,0.06682409775847636,4.197033951827154,23.65544824267818
8226.218,0.06905634868701992,4.196787209149125,23.648644539109604
8229.125,0.06947819492525348,4.197015446740919,23.656765663941115
8232.031,0.06533912606317835,4.196573755700838,23.65066293737948
8234.953,0.06889938802316856,4.196862834263823,23.6519627592454
8237.859,0.0710632933370194,4.1969717041923795,23.658131643205387
8240.765,0.0694399538634603,4.19659340192964,23.65093906909535
8243.672,0.06584572700270633,4.196830382149783,23.654124042122707
8246.578,0.05551467618862841,4.195724143860398,23.651832425614266
8249.5,0.055950322708287654,4.195973065066427,23.657458572670894
8252.406,0.05906130202399419,4.195572259001588,23.657079837110672
8255.312,0.05690437589648023,4.195743051675401,23.654964773805986
8258.218,0.057691892669744775,4.195735838051987,23.65304302403941
8261.125,0.05733127348581677,4.19546441175162,23.654496153934954
8264.031,0.07059738384862103,4.196532103257959,23.648664742184327
8266.953,0.07615335766896202,4.1977317715749605,23.647877356449353
8269.859,0.07665184946929929,4.197545320127687,23.6506128434446
8272.765,0.07797435446834187,4.197695299274395,23.652270260791642
8275.672,0.07535645216355816,4.197699095508934,23.660658414088147
8278.578,0.07466866995799756,4.197888079675565,23.653456562748435
8281.484,0.07779172994232354,4.19780085361393,23.658241083211536
8284.39,0.07660058088937904,4.198077778870463,23.658662171590667
8287.297,0.07464611289527456,4.198175391892347,23.65778537980913
8290.203,0.07796512341962007,4.197965272031159,23.653869874334074
8293.109,0.07532146273308134,4.198225870953524,23.654794246105855
8296.015,0.07767122527505887,4.1978273756385045,23.651431365578574
8298.937,0.07595862875316718,4.19794794057461,23.652616101267316
8301.843,0.07630157827516987,4.197933676447652,23.65804285561571
8304.75,0.0759327865498938,4.198145483092316,23.659360279758047
8307.656,0.07542957941244771,4.198118091297671,23.654015628583988
8310.578,0.07625513392637896,4.1980928066243814,23.659110614538683
8313.484,0.07725337410967137,4.1981636550984325,23.65321222274253
8316.39,0.07790525812968918,4.198450147393457,23.649876045195434
8319.297,0.06602723946762877,4.197114218027482,23.646223828717332
8322.203,0.06520817474920905,4.197333098557247,23.650265782228157
8325.109,0.06695777405213961,4.197092793328829,23.649435841515533
8328.015,0.06711730526530674,4.1972814176847235,23.648146181463453
8330.937,0.06570470814036586,4.197019132988348,23.641979419094252
8333.843,0.06825502298163187,4.19721905219931,23.647640803057268
8336.75,0.06546509426705628,4.197422206119186,23.647882976861357
8339.656,0.05492102118158341,4.19624743555237,23.64928074913817
8342.562,0.05677178444679527,4.196120604576082,23.64895405265728
8345.468,0.05562687020632059,4.196264137317761,23.644653399643232
8348.39,0.05905960005367816,4.1960343538358,23.644161366420857
8351.297,0.05555778600568492,4.195923729689814,23.639802222229342
8354.203,0.05869685034263364,4.1958900654381885,23.640258234889203
8357.109,0.056504406745807825,4.196072803118664,23.640915165373436
8360.015,0.057181443366243756,4.195918515398318,23.644394938802417
8362.937,0.056243967486033296,4.196148907434804,23.642553472486235
8365.843,0.057124307562644805,4.1956605138629675,23.638806813965658
8368.75,0.056207429663814264,4.196145767698339,23.638489965774273
8371.656,0.05840779017516253,4.195780020631323,23.648257874970444
8374.562,0.054473089550503374,4.195766835042495,23.64770214163982
8377.468,0.05610149777849692,4.195890498205811,23.643961122217103
8380.375,0.0573754454145256,4.1958379710654805,23.63616665350233
8383.281,0.056920779258794026,4.195749857032786,23.649217114852124
8386.187,0.05789952842659886,4.195659117466934,23.64374352372561
8389.109,0.055364037468757475,4.19582069281489,23.640355615530787
8392.015,0.05889890766250442,4.19598343783403,23.64283882308778
8394.937,0.05721140827641628,4.195793817966194,23.645854798462338
8397.843,0.05879833608222683,4.195491449729454,23.63893263197405
8400.75,0.0654154702243407,4.196916304261383,23.64658408978442
8403.656,0.055506781843167576,4.1959457276696535,23.640284031796426
8406.562,0.056552277303521845,4.195717058228341,23.63983571369765
8409.468,0.057758370531659775,4.19585112411485,23.6394635832717
8412.375,0.05612040202191547,4.1956180622933665,23.64593057108063
8415.281,0.059121362314331474,4.195688452662425,23.646762351691304
8418.187,0.057218806239178084,4.195731831371275,23.64226319500414
8421.093,0.05820110668742043,4.1955963120177175,23.64039266447332
8424.0,0.056624407035238175,4.196077688090766,23.645483210817268
8426.937,0.06007423503097429,4.195571912833965,23.63882332407748
8429.843,0.05741569991913545,4.195644945810376,23.639585119633708
8432.75,0.05915429415956608,4.195928881768164,23.64077243365428
8435.656,0.05858074687835621,4.1956406860158895,23.648589309186498
8438.562,0.059150890989017095,4.1955511702945,23.63760730783742
8441.484,0.056877219863191386,4.195915235281601,23.63210998973625
8444.39,0.05599942991382639,4.195556562544804,23.63532675479853
8447.297,0.05823160080987095,4.1957309140726515,23.632079407147224
8450.203,0.05706026834751983,4.195735332590573,23.63584344627766
8453.125,0.05748575127146286,4.195878133376936,23.631567479905748
8456.031,0.059579353343225276,4.195904981846364,23.637700608437154
8458.953,0.05642519682341407,4.195850583896254,23.63665790236058
8461.859,0.05457400888607593,4.19564517735354,23.629896691630304
8464.765,0.05740232666796346,4.195637366476032,23.635835232531143
8467.672,0.05918080404519579,4.1957082924256435,23.63394959253644
8470.578,0.05901231019704463,4.195626087109374,23.620297249279947
8473.484,0.056393513826933174,4.195803299032935,23.63043618838509
8476.39,0.05569346682665655,4.195741482162915,23.62534530223672
8479.312,0.057281256198130716,4.195843780663597,23.62366461032263
8482.218,0.059707403254143095,4.195504004650686,23.63031527018384
8485.125,0.06719273089459578,4.1966603970188805,23.632379812028436
8488.031,0.0699707320432725,4.196745219852981,23.631433223638727
8490.937,0.06494312284527268,4.196662557796547,23.625294748300842
8493.843,0.0667912864366829,4.196721745936586,23.632421071633214
8496.75,0.06818711377984649,4.196682888872785,23.623907621060233
8499.672,0.06729202158127663,4.1968996864741515,23.622919105186348
8502.578,0.0669980017737281,4.19721748194081,23.625932610187366
8505.484,0.06718366453782802,4.196997587934703,23.635739545178538
8508.39,0.06799712982706944,4.197091299162963,23.631522073400102
8511.297,0.06466271798677004,4.197235390337429,23.63528832696136
8514.203,0.06750595793073873,4.196857249892998,23.632309547488042
8517.109,0.06757893815243668,4.197284340066151,23.622071727995046
8520.015,0.06993588999811336,4.196924315567651,23.63055325517948
8522.922,0.06728534388631639,4.1972736505510575,23.633165052388257
8525.843,0.06821915156210209,4.197288680371915,23.634834757256186
8528.75,0.06682099430546269,4.197220528286174,23.62979753244283
8531.656,0.0671814632143602,4.19709089538311,23.633216620635825
8534.562,0.06702718684566486,4.197031964122918,23.633902863004128
8537.484,0.06711535078075627,4.197171347699678,23.635759141292652
8540.39,0.06439364631791486,4.197348135046002,23.633810472401706
8543.297,0.06567063778717104,4.1972216649617335,23.630249554766884
8546.203,0.06701673806904655,4.1971977587627585,23.627860311213222
8549.109,0.06460118212399954,4.197411300107425,23.62847529857702
8552.015,0.05700304928145676,4.196287157139263,23.636305837549436
8554.922,0.05604867393060656,4.1963152667392905,23.639077722010178
8557.843,0.055898411873625015,4.1961820978305235,23.636505020106576
8560.75,0.057588189955293335,4.196166851394158,23.63775302030307
8563.656,0.058253260295418705,4.195931403790034,23.631594227553265
8566.562,0.05492459803333699,4.196081542002368,23.6248913719172
8569.468,0.05590201626372795,4.196208162817301,23.623566148817698
8572.375,0.057971070933425815,4.196274934649654,23.625399720554746
8575.297,0.05723436608051958,4.196141841526018,23.627135036476528
8578.203,0.058044842061576216,4.196067948464998,23.635608846008882
8581.109,0.05595874893252948,4.1961822010454135,23.631611059999845
8584.015,0.05601001234217863,4.195954573017869,23.625423869586772
8586.922,0.055501759968370264,4.195990625034073,23.625506658918056
8589.828,0.059293793805124596,4.196115194870216,23.637505934713335
8592.734,0.05631283615272325,4.19589477768039,23.630345985797483
8595.64,0.05686934434473828,4.196038857167857,23.625590323433965
8598.547,0.058088242747823926,4.196120794690411,23.627663564846483
8601.453,0.05699854865755017,4.196133761976187,23.62693872663539
8604.375,0.0565436930683989,4.196097837182344,23.62532958578186
8607.281,0.05709548761124859,4.19624227636861,23.63217085309184
8610.187,0.05491466468598053,4.19628337318347,23.629243667429563
8613.093,0.05763444225866371,4.196066862886885,23.62777554711908
8616.0,0.05867825427552963,4.195989846017211,23.630440867584998
8618.906,0.05738672887030892,4.195963423928984,23.618979157101208
8621.828,0.054863140658216035,4.196137303726311,23.62820905139201
8624.734,0.05539680827060175,4.196160250745574,23.627884239925542
8627.64,0.05552486100929402,4.196158641607767,23.625272003412555
8630.562,0.05853114150857714,4.196201950202295,23.627834493639963
8633.468,0.05865198992402341,4.196035043891211,23.629990030419968
8636.375,0.05449054047902728,4.196121372637569,23.627940007343124
8639.281,0.056095509599747795,4.196075963599914,23.618017687066853
8642.187,0.05518687097507168,4.196108347669463,23.619691105481337
8645.093,0.05529408712864601,4.196083440207976,23.615421198079872
8648.0,0.05402158223998893,4.19617600296907,23.612274980284216
8650.922,0.05667015293824205,4.196030400457236,23.615422786150308
8653.828,0.06079367704021535,4.195979392710427,23.615265284946886
8656.75,0.05634550312574085,4.196027048440928,23.61064387568228
8659.656,0.05755543386702839,4.196149816698983,23.62089555340548
8662.562,0.05786301521771496,4.196206661140039,23.62388954671624
8665.468,0.05577482533966984,4.196155498357875,23.617306271965905
8668.375,0.05569130902917334,4.195820185962963,23.628990895754455
8671.281,0.056279920440571535,4.1960858811438575,23.624209020823553
8674.187,0.05619186367684201,4.19638347329604,23.618224390875014
8677.109,0.05700213241730644,4.196110902525387,23.618766578766387
8680.015,0.055819976345925,4.196030252511594,23.621577315179614
8682.922,0.05528944128514973,4.195889414488136,23.610790217388526
8685.859,0.056624898206263936,4.196094457328005,23.615589793735943
8688.765,0.05465103426968138,4.196182467495883,23.614834603322983
8691.703,0.05682342010256598,4.196108623126771,23.617404593472504
8694.64,0.056939438204083814,4.196215272335561,23.619048905525183
8697.593,0.05543802820666513,4.196195791045369,23.618924121446707
8700.531,0.05625716765150469,4.196145351470644,23.618195515648086
8703.5,0.05658912706469551,4.195810802241396,23.627523728564018
8706.468,0.053621409081049586,4.196295070142636,23.621584787861565
8709.484,0.056131801266778865,4.196335083155483,23.618022997600608
8712.437,0.0602106879406773,4.195754699787123,23.618097471159032
8715.468,0.05752506301323822,4.195998989814662,23.609105540463087
8718.437,0.05471035763922836,4.196418744894753,23.613686962916894
8721.359,0.0588920968152922,4.196400067097052,23.60968457141202
8724.328,0.05510391417158,4.196082200858203,23.61612117519967
8727.297,0.05611089044996463,4.196333423739896,23.616783559756666
8730.203,0.05776752202334624,4.196122718622244,23.61109416752493
8733.172,0.057069069750257224,4.196154820029485,23.607543744379612
8736.093,0.05596466485597215,4.1965169282906105,23.61037699812201
8739.062,0.05369608879596736,4.196261132999136,23.603744811284905
8741.984,0.056709910854929935,4.196287509014889,23.605157660916475
8744.906,0.058216567621224256,4.196222173633104,23.60510769125774
8747.812,0.0571551194191375,4.196188225922545,23.600376230958336
8750.75,0.05787628436945226,4.196207219006172,23.606921800064814
8753.656,0.05676516990095641,4.196262929894107,23.608206812327744
8756.562,0.05554310138016766,4.196250524082782,23.614506031907506
8759.468,0.054040154888603094,4.196186330533329,23.608681754124692
8762.375,0.058360568204852276,4.196387349677359,23.612144080788898
8765.281,0.05828986695424658,4.196239586812566,23.606984124692836
8768.187,0.05692831544357568,4.196175653560967,23.600991994759138
8771.093,0.05703624011720844,4.196379646832058,23.611072627876773
8774.0,0.057004135023169936,4.19636789377631,23.613906680580328
8776.906,0.05635574799011542,4.1963486559151155,23.605823841569546
8779.812,0.05689101273698101,4.196150118114834,23.602024758148875
8782.718,0.05539006204467467,4.196110265064587,23.58933365496657
8785.625,0.055599351225796796,4.196297706750959,23.59984363315867
8788.531,0.05494438043015348,4.196186690364331,23.60022039727209
8791.437,0.05465475237781453,4.196447017885259,23.600519924066226
8794.343,0.054780352117649596,4.196338814676481,23.607137181615563
8797.25,0.056798158979010235,4.196277319598585,23.610727726329422
8800.14,0.056173280549629584,4.196245674454221,23.605030466166646
8803.062,0.05682867834825532,4.1964208996593815,23.605426762453042
8805.968,0.05839841797380921,4.196277106366214,23.612197706790973
8808.875,0.05530338898605927,4.196433185327581,23.61138336928194
8811.781,0.057714963042434106,4.196119025250804,23.616928168397145
8814.687,0.054442567130071985,4.196451118907434,23.61818725739316
8817.593,0.05844035519792376,4.196418656178915,23.61003562691953
8820.5,0.05745595763383213,4.19625788433295,23.608098932251327
8823.39,0.056041360079813564,4.196420637691828,23.606605783079146
8826.297,0.05665895260372984,4.196292140805745,23.611804967640566
8829.203,0.05646401122423018,4.196308183679195,23.603192040289176
8832.109,0.056741615457571885,4.1962381031891125,23.601751485705133
8835.047,0.05704697009017601,4.196299523741008,23.60374828065543
8837.953,0.055982557139402436,4.196504437873669,23.607027610399687
8840.843,0.05666703387147552,4.196296946175728,23.60512349802321
8843.75,0.057530352436251965,4.196363145144866,23.60049143785518
8846.656,0.05682169148603845,4.196544257729374,23.61212838539826
8849.562,0.05535814215813391,4.196406592043631,23.612617727533653
8852.484,0.0554991231616429,4.196198527424729,23.614425935636564
8855.406,0.056067951444119975,4.19633667563392,23.609334986414755
8858.312,0.0570518521823601,4.196713206243613,23.61391824303877
8861.234,0.05590665173266543,4.196492666924896,23.609031371877848
8864.187,0.05561745419492431,4.196428020309253,23.606104358150514
8867.125,0.05865361064810077,4.196357192739414,23.61102788163315
8870.031,0.053154161300993284,4.196709728055087,23.6050356579929
8872.953,0.05670337945565943,4.196499663474956,23.606900001726903
8875.875,0.0558583900518272,4.196539832824407,23.611617681237615
8878.781,0.05672713937187365,4.19656658270064,23.609876246742775
8881.703,0.05712781118362998,4.196648163588694,23.6047532660608
8884.625,0.0540055061976576,4.196497498284289,23.606511887724114
8887.531,0.055279879245969075,4.196671024812549,23.59538988981115
8890.453,0.04562729557073184,4.195454539067913,23.607780202229534
8893.422,0.05536566243741904,4.1966405735744505,23.598032156452597
8896.453,0.05428016001432096,4.196674603372736,23.59725427543451
8899.515,0.055742350012541964,4.196766751782033,23.601197587249814
8902.547,0.0531377820367111,4.1964566214492915,23.60242068566677
8905.468,0.05629445280149416,4.196488219679056,23.60695517513722
8908.375,0.05747676701269553,4.196729807766117,23.596789426943992
8911.359,0.04445278484182034,4.195664597481735,23.59249543812518
8914.343,0.053625679916134705,4.196490790031173,23.593592791184584
8917.312,0.05640931584277957,4.1966117053683005,23.58731342456467
8920.265,0.05619584655463296,4.196471731202624,23.588821262826677
8923.172,0.05482578551483611,4.196535438528974,23.59028608806099
8926.093,0.0566995040578126,4.196394845994298,23.59077694557179
8929.109,0.057462975034569,4.196810197075552,23.583380635537967
8932.156,0.05601071872543452,4.19666506110681,23.596263418708485
8935.156,0.05764151751891963,4.196440603670253,23.5923181087449
8938.172,0.054668322553058174,4.196619739048039,23.582890616001595
8941.203,0.05730067947544058,4.1966574111530175,23.58125255702582
8944.172,0.05507178547737607,4.1966632480792905,23.585260944968958
8947.078,0.055863971728910715,4.196428294790695,23.583469063183887
8950.047,0.05506564413842159,4.196607605801922,23.59417773536224
8953.015,0.05362702134213276,4.196379662596511,23.596024300685404
8955.984,0.05473500467326238,4.19682463834126,23.583005317894777
8958.953,0.055761159736523715,4.19684234305828,23.592730785641944
8962.0,0.05340364342289686,4.196888569385338,23.59786390254075
8965.031,0.05515489849031079,4.196580158637124,23.593915944491258
8968.047,0.05601894198098113,4.196912770658327,23.597225783911657
8971.047,0.057040058165457784,4.196807702725985,23.589906625155812
8974.015,0.05559796991846385,4.1967135089110865,23.59147505120303
8977.047,0.056108256264805936,4.196563856071696,23.585974925834872
8979.968,0.0460375075454561,4.195777107276125,23.591583332097834
8982.89,0.05423155033176712,4.196784248131559,23.591164106948803
8985.797,0.054195814529813445,4.196635643151012,23.595498583106615
8988.718,0.05836667598937494,4.1968404301033315,23.597852151392505
8991.64,0.0557220077336198,4.196763064433775,23.597178410800243
8994.562,0.05452467623402948,4.196598184201131,23.591692007052313
8997.531,0.05533326854658084,4.196674308010639,23.58925459256287
9000.437,0.04465766852733362,4.196110293383802,23.593390153302764
9003.359,0.05433910156159641,4.196500346090059,23.59209684532615
9006.281,0.05360386141438181,4.196586534745011,23.591636891926854
9009.187,0.04720706633267738,4.195834657811322,23.592255167346632
9012.109,0.055134763913609795,4.1963963468013095,23.59436975700062
9015.031,0.05575856133928169,4.196770223588156,23.593468797967386
9017.953,0.05639507845068827,4.1966889343514175,23.5955515857379
9020.859,0.05678862421300705,4.196750642531087,23.592462693150512
9023.781,0.054229599674707245,4.196867900104999,23.586585223126836
9026.703,0.05436517436314591,4.196865280668167,23.582225430993486
9029.64,0.0534276681377734,4.19687097378566,23.57952853227
9032.547,0.05402321120666736,4.196822068294793,23.58967651998794
9035.468,0.056394225344098596,4.197082362627441,23.575039023159583
9038.39,0.055680852963942255,4.197079914814434,23.586745408817134
9041.297,0.054987991938609364,4.196882404876565,23.578123576916227
9044.218,0.05457109575540657,4.196887037949027,23.577733122226334
9047.14,0.05516135367400998,4.196712210148136,23.581829637424413
9050.062,0.05442028551001593,4.19690189414787,23.587725641287538
9052.968,0.055574551013694413,4.196753510176547,23.59689295087505
9055.89,0.05485664886780015,4.1971310767713526,23.588603310379824
9058.812,0.053439350018053305,4.197028346674968,23.587468189349938
9061.765,0.05348462351189352,4.196961264622988,23.58342066326311
9064.672,0.05424353209404486,4.19684315925777,23.57952937262336
9067.578,0.045232116961131004,4.196145341327618,23.582597251077967
9070.484,0.057213198548263046,4.196892092780835,23.58819429687119
9073.39,0.05671839665376608,4.196978541382861,23.589286509193354
9076.297,0.056528204931875534,4.196834727984431,23.58518970184451
9079.203,0.05615428804728327,4.197150135929973,23.589821990206747
9082.109,0.05698798197743516,4.19694032723887,23.591766326554406
9085.015,0.054141769895159335,4.197030568814645,23.58773414163722
9087.906,0.054590492527411626,4.1969417814641385,23.589254066969083
9090.812,0.05591643608022187,4.196899431619952,23.587854128019632
9093.765,0.05433987100178443,4.19704547979019,23.588948672776894
9096.672,0.045855315925791625,4.196222310729987,23.588484117361695
9099.578,0.0550438112808569,4.197023516648808,23.588849173699064
9102.484,0.05334540669778726,4.197080552781496,23.58636694451915
9105.39,0.05536331041446495,4.197117718110035,23.59047102358828
9108.281,0.05559382563549342,4.196792766208917,23.587041376673497
9111.187,0.05240257698130298,4.197123174061598,23.592059387206753
9114.093,0.05592773919071598,4.196991993543161,23.593287835034083
9117.0,0.05392430710403552,4.1970682071094245,23.58975528450079
9119.906,0.05512795736745653,4.197041739152416,23.594194819872335
9122.812,0.05398377091511893,4.197130764747563,23.583082728029154
9125.734,0.0558096994770073,4.19693560516213,23.578637106792574
9128.64,0.05378606279418567,4.197411180060572,23.594798225960947
9131.547,0.04693389337624039,4.196099617307076,23.589754292073415
9134.453,0.0538560492068941,4.1972316856876395,23.588234967369836
9137.359,0.05504044710101856,4.19696885945786,23.588105541302856
9140.265,0.05449385376363932,4.197165514644335,23.58238830550758
9143.172,0.05667378875107199,4.197170903481391,23.589060949097465
9146.062,0.05437471096235401,4.1972629357721525,23.588834382093502
9148.968,0.05391176773542283,4.197165745705551,23.581061929027108
9151.875,0.05659501334436517,4.197392646197191,23.583809982541506
9154.781,0.054528052196321904,4.19720093378284,23.58765097356436
9157.687,0.054993935123720084,4.197306034783535,23.59106272218877
9160.609,0.05527573539677613,4.197082269700388,23.58150552146869
9163.5,0.05598130432423716,4.197412640625387,23.58661735354275
9166.406,0.05573794972081529,4.197047429306647,23.580877084797848
9169.312,0.0556771203514536,4.197380891422747,23.58333000608627
9172.218,0.05208861064308204,4.19728526972469,23.588098927901896
9175.125,0.05664892192842669,4.197351638691289,23.5870578776468
9178.031,0.056577983952442394,4.1973585634531645,23.584564081329752
9180.922,0.0554698361604006,4.197354527567225,23.588967516913993
9183.828,0.055838662990903634,4.197145281786705,23.588193402135968
9186.734,0.05618985156952582,4.197158809688812,23.585336298959565
9189.64,0.047256112503934626,4.196362079645906,23.588140850500455
9192.562,0.05456506324797491,4.196984261998128,23.585761237248004
9195.453,0.055053144326024296,4.197387583106383,23.573280640472603
9198.359,0.04547703755722162,4.196551458869608,23.570816080158124
9201.265,0.04398237101590639,4.1961256633623565,23.581423932413898
9204.172,0.05118555053000555,4.197157618061392,23.572768328573755
9207.078,0.056232191609057694,4.1972605497059545,23.585219520586108
9209.984,0.05425761841568427,4.197314627154307,23.589585747121866
9212.875,0.05463789335142322,4.19706529572456,23.589685110276097
9215.781,0.05395207337179993,4.197198627865032,23.57604243168573
9218.687,0.043840871077459265,4.19644428177311,23.574054901544113
9221.593,0.053755824303454436,4.1972666494952575,23.576227895333396
9224.515,0.053454777406099205,4.197385908551168,23.576978634648253
9227.406,0.05695176839157322,4.197298408933048,23.58390351444634
9230.312,0.054112668530918,4.197505558004494,23.57366852874016
9233.218,0.053991357484094935,4.19733161340554,23.58225112697668
9236.125,0.04131631280779207,4.1961560600197005,23.58337140659556
9239.031,0.05304477439611714,4.197374715836873,23.585065831978472
9241.937,0.045566983794139135,4.196272811611392,23.57593703492244
9244.843,0.05266918072783217,4.197560174840446,23.57573783087721
9247.734,0.055635962785554036,4.197280362295233,23.584429470034937
9250.64,0.05284428918642071,4.197288012736539,23.5768468492086
9253.547,0.053950563087247584,4.197348361763956,23.581680506953894
9256.453,0.054522880689348734,4.197389562171427,23.57860035897006
9259.359,0.05368887119179989,4.197462261552409,23.58553970791183
9262.265,0.05507697456792881,4.197652329430506,23.574074510222275
9265.172,0.05410300278224899,4.197418554428864,23.57369596537011
9268.078,0.05332658252382225,4.197637564360874,23.57498508425161
9270.984,0.04717768965707259,4.196595838525668,23.57288564057798
9273.89,0.04156727111789945,4.196461918421243,23.57123702181245
9276.781,0.05524862843515279,4.197418509742665,23.574191369161472
9279.687,0.04335827602730976,4.196360561648692,23.574078564832455
9282.593,0.054518415559786995,4.197658824984435,23.5748818330133
9285.5,0.05322034654055452,4.19720044282557,23.57666546268527
9288.422,0.055084247570374625,4.19742284497922,23.574741589943727
9291.328,0.05482976350423935,4.19749848841177,23.572369258197938
9294.218,0.05319891320432828,4.197423562027473,23.57323508894488
9297.125,0.0552186944754374,4.197373476452412,23.57844189357475
9300.031,0.04294134077578391,4.196544875207727,23.580952411937346
9302.937,0.05479418042200717,4.197525387304635,23.577075515136702
9305.843,0.0447045189718307,4.196543777929799,23.570395390527807
9308.75,0.0538155375488028,4.197394539730122,23.5692544048339
9311.64,0.05244878671163465,4.197549185361351,23.569680691891712
9314.562,0.0534768417480864,4.197597412190698,23.572797229455755
9317.468,0.052568556542262945,4.197438604845272,23.573873626126314
9320.375,0.052925622275822856,4.197505428784368,23.57173881083815
9323.281,0.051131957742833634,4.197366001340791,23.570494310651533
9326.187,0.053360736219764345,4.197670852387051,23.57849501610398
9329.093,0.05425696649507529,4.197763758322393,23.575426024628353
9332.0,0.05413982488075159,4.197539640753687,23.57313290839303
9334.906,0.055074207219246905,4.197993944761292,23.578842940684087
9337.797,0.05098286585281038,4.197582526592363,23.57307902195767
9340.703,0.05403384635097627,4.197754241670318,23.578860067620145
9343.609,0.05279962752408241,4.197652447867266,23.57209282040311
9346.515,0.043015465632308784,4.19680032160613,23.566902184899835
9349.422,0.0340482299994695,4.195795026036461,23.571611957159007
9352.328,0.03493651297221327,4.195739626203217,23.573664734555766
9355.234,0.035384594969363664,4.1955075230313605,23.567378876057063
9358.14,0.04300260900314044,4.19650544503114,23.570400742862287
9361.047,0.05401046031205548,4.197517726879592,23.5787214797902
9363.953,0.056371381460935725,4.1975105112127995,23.575548118481645
9366.859,0.05395467914482907,4.197904631334141,23.576982906483398
9369.75,0.052392610978377295,4.197468015968298,23.579052454378658
9372.656,0.05491001399496815,4.197580216156816,23.57498937201082
9375.562,0.054271269358940895,4.197456701139646,23.574876427588954
9378.468,0.04427612364816635,4.196546803816088,23.575693353457034
9381.375,0.03388715919585057,4.195778439841703,23.573989301523834
9384.297,0.026515690333344666,4.194701160869782,23.57712455251553
9387.203,0.03465244755534724,4.195510701365036,23.57284001773291
9390.125,0.04666346837641341,4.196442346787761,23.569794152953012
9393.015,0.05255335408944701,4.197259368065227,23.567645843672114
9395.875,0.044561225643576695,4.1962299559863405,23.57202671981509
9398.718,0.056883705109410154,4.197555105221056,23.566483745522213
9401.609,0.05244951629161993,4.197635922968552,23.567401585014554
9404.484,0.04283484314683375,4.196702413616554,23.561919042609684
9407.375,0.0409146134685327,4.196548422577547,23.561996246894797
9410.25,0.05140303762331578,4.19745778317013,23.560423896892484
9413.14,0.049551901065501905,4.197722452684953,23.568249745983554
9416.047,0.0528288506117695,4.197698878075872,23.566939861941165
9418.937,0.040696929736562006,4.196844109505501,23.570678860800363
9421.812,0.04443201709840924,4.196471290046668,23.56751149935223
9424.703,0.054574445854770774,4.197552009843275,23.56261429324576
9427.578,0.05379953512851281,4.197486269376518,23.565291140984815
9430.468,0.05355515225360936,4.197775762752621,23.566353225374947
9433.359,0.05532409626775358,4.197880942527449,23.57465148367159
9436.234,0.05031562822621313,4.197526863684095,23.57351418437723
9439.125,0.05120705966232052,4.197725773564538,23.565454310280476
9442.0,0.04456491866480405,4.196920450989058,23.56529913687112
9444.89,0.04470067801627855,4.1967378378747044,23.572089489224883
9447.765,0.04293623315865422,4.196779824037883,23.570037668409746
9450.656,0.045056148229604104,4.197008474259176,23.575471094664824
9453.562,0.04101091803673886,4.196992584386842,23.568499373825105
9456.406,0.03413439930151424,4.195663606783975,23.57160884010269
9459.265,0.023377330809329924,4.194695142677924,23.564675652623492
9462.109,0.03576689965443389,4.195857399586148,23.56378199290685
9465.0,0.03695580145658047,4.195502455883451,23.56790996688796
9467.875,0.03912143760810041,4.195403204086594,23.56782259744629
9470.765,0.03700316047142547,4.195278056343757,23.5729958233568
9473.64,0.046591363041271,4.196394865057933,23.56497563621253
9476.531,0.051942176636807225,4.19748216965806,23.5632630788403
9479.406,0.04576564281929576,4.1964991450178255,23.567079934547788
9482.297,0.05015211355726348,4.197649538049116,23.573037550966877
9485.203,0.05513615110754946,4.1975838488537365,23.565679614822614
9488.047,0.051053588165527755,4.1978045816602725,23.566883907831787
9490.906,0.053426250968293405,4.197688941733188,23.553693254584925
9493.75,0.05071854836854329,4.197656862582365,23.561537865783453
9496.625,0.056995563587357675,4.197554438863713,23.559864387811906
9499.515,0.051813158798787555,4.197648808879179,23.56542906326778
9502.406,0.05133940450583002,4.1978426390288295,23.564769427996065
9505.281,0.04837474210968069,4.196765413168084,23.557001504529023
9508.172,0.0450415522235738,4.196681135833868,23.563708006405
9511.047,0.045592796793710255,4.196748698476623,23.554256069286783
9513.937,0.04465636677053629,4.196841665111774,23.55461493319666
9516.843,0.043751079898048315,4.196710691132446,23.558901334607327
9519.687,0.041718674331802645,4.196784406710274,23.567355239391794
9522.547,0.035652693500962236,4.195547978127986,23.554335285191016
9525.39,0.04364515026415589,4.196635064594128,23.567251448520484
9528.281,0.04687097912939812,4.196440447092623,23.5654402778091
9531.156,0.053648282683586734,4.197707343634144,23.567433859022508
9534.047,0.05386061851916234,4.197695934511189,23.5667218991775
9536.937,0.055193741947298466,4.197476578104481,23.565298611568195
9539.812,0.053729030322629295,4.198018620997063,23.565827831881403
9542.687,0.05367710030663247,4.197777385097058,23.564184533142544
9545.578,0.05212989327041086,4.197593583455139,23.560751762868033
9548.453,0.04805984557121777,4.196813488687586,23.561846016853586
9551.375,0.043763745360670535,4.196957306652072,23.55558245384153
9554.203,0.041451406190967106,4.197016809921013,23.55984055757907
9557.062,0.035504408970482244,4.195975627840978,23.561997755474394
9559.906,0.03756118663743678,4.195658809047724,23.548678214371854
9562.797,0.035395453940636715,4.195648671856339,23.557105249446025
9565.687,0.03368597878534591,4.1957111909416565,23.556872286116565
9568.562,0.03633741410389071,4.195668096508736,23.560548895161837
9571.453,0.03606361747170217,4.195618648968785,23.56054434724611
9574.328,0.03428992452287451,4.195875759885919,23.560161120538382
9577.25,0.03514566781592718,4.195622026701392,23.563804343536447
9580.125,0.03985004230470504,4.195796377848121,23.561073339299906
9583.015,0.027816557189442613,4.195182168539126,23.56410149420195
9585.89,0.045396812820063366,4.196188495374976,23.550694870751293
9588.765,0.05157621760333813,4.197646698838601,23.553388375185108
9591.656,0.051505446749434365,4.197486461468781,23.55758922826263
9594.547,0.055606343230864885,4.197713664900081,23.559626223369154
9597.422,0.05281704027470618,4.197874086718595,23.552143218916232
9600.312,0.047788213346438006,4.196626974634916,23.564035578723356
9603.187,0.04474275961200001,4.196705518737353,23.5544820505643
9606.078,0.04594558769797075,4.196568849827229,23.558557515859366
9608.953,0.04779303766620331,4.196634573621817,23.55691244428653
9611.843,0.04147224944568524,4.196818877273708,23.552414810881107
9614.75,0.04433998846107279,4.1966390188397,23.56183063737945
9617.593,0.043641894489447115,4.196713090095787,23.558021557559226
9620.453,0.04492875680055209,4.196670104856529,23.55178647562738
9623.297,0.03745452401340254,4.196266509637955,23.555032087036437
9626.187,0.03876176948203732,4.195835458094959,23.55415003747518
9629.078,0.03548285523281485,4.195373911129977,23.561364678883727
9631.953,0.04519238965056954,4.196842727866159,23.55015334576624
9634.843,0.04562758016784807,4.196601359617446,23.546152799277493
9637.718,0.04351047024711724,4.196848720493648,23.55666947469436
9640.609,0.04479195762176944,4.196419179759388,23.554290080605565
9643.484,0.05530878153492694,4.197669503118893,23.56279728744598
9646.39,0.052537594684103565,4.197590519676154,23.55718528857207
9649.218,0.05517687164614249,4.197687836559895,23.55717686671885
9652.078,0.05391426769463934,4.19798171247246,23.55362767893888
9654.937,0.051620056364992416,4.197793094164154,23.55662050987334
9657.812,0.05154811120876326,4.197759127194447,23.557767213227645
9660.687,0.051523653362613,4.198007512032175,23.55845010598128
9663.562,0.053674592004028354,4.198223288146745,23.564094834754687
9666.453,0.053996411636580914,4.197915752892167,23.554705215371676
9669.343,0.050413856962404,4.197997167840387,23.557516867356505
9672.218,0.05446286480244657,4.198158022028932,23.553877276741762
9675.093,0.04988423268928516,4.197953861321956,23.55934257669817
9678.0,0.05315983494587371,4.198077056690482,23.56599614490148
9680.828,0.05204767046333613,4.198031752002849,23.557300906744167
9683.687,0.054391393066957915,4.198304299551194,23.55771475336236
9686.547,0.050201635410603365,4.19799678818745,23.562338519770805
9689.422,0.053673375084287295,4.198212987093924,23.548753962974875
9692.297,0.04212304043835551,4.197318747308334,23.561487342766114
9695.187,0.04339224654741171,4.197303664967345,23.56285925267179
9698.062,0.043795645762554375,4.197376164815548,23.56283975877498
9700.953,0.0436285527157963,4.197150569014078,23.562145743238165
9703.828,0.044028311664276495,4.196838236654217,23.56667697117001
9706.718,0.04291224822566664,4.197038046464128,23.555329672916777
9709.593,0.04474250565590904,4.197223608381963,23.558716357196374
9712.5,0.04254690969632905,4.197106607204464,23.555419471337085
9715.343,0.04038964758495638,4.197084350575351,23.56150429993332
9718.203,0.04538633167616943,4.1972396593470735,23.5589286028945
9721.047,0.04215376310445837,4.196918799087113,23.55961554374026
9723.937,0.044614123730596554,4.197125874020019,23.558535019965618
9726.828,0.035549409769083475,4.196119200109226,23.554174334469472
9729.703,0.03697627357578357,4.196027581516508,23.559003988524466
9732.578,0.03781066990012404,4.1961942163948365,23.558289134254768
9735.468,0.03428165930926785,4.196007155543966,23.54996475632059
9738.375,0.031934897073035935,4.195783342007369,23.546091625137684
9741.25,0.03454410551275978,4.19633692255992,23.550244958350696
9744.125,0.036456716564319556,4.195928615181645,23.5471052285363
9747.015,0.03501602598556587,4.195735216269198,23.556881448556563
9749.89,0.03549966991125014,4.195930119488911,23.548361194417154
9752.765,0.037153922131168964,4.195919972195694,23.558605301533408
9755.656,0.03436101739185237,4.196090509334461,23.54743372405332
9758.547,0.034728652982276766,4.195982081737613,23.547782247011014
9761.422,0.03150161065996854,4.195833643714702,23.54654317637895
9764.297,0.03555277661893715,4.195522556706042,23.543173165623656
9767.172,0.04350299445957994,4.196777249986245,23.538853044219007
9770.047,0.03718270551859972,4.195964611106835,23.548065577919324
9772.937,0.03511294438050785,4.195999509621758,23.549114085694693
9775.843,0.03432890382380671,4.195789798572229,23.547709419752774
9778.687,0.036522397090853684,4.195894199052597,23.549344776586214
9781.547,0.0337806453917269,4.195688401269066,23.55105799447979
9784.39,0.033224208568850534,4.195797302887608,23.548857867342683
9787.281,0.03624206908266995,4.195592333696364,23.55153511223268
9790.156,0.03245875323378879,4.195665253636444,23.547355997880455
9793.047,0.03319905325655681,4.195639606984639,23.549241253578526
9795.937,0.0342987107762725,4.195372294040456,23.54091213140726
9798.812,0.04142381828300056,4.196555323264849,23.55423263794242
9801.703,0.04474461190928376,4.196846894528459,23.54317804102275
9804.578,0.04272670976801831,4.196848222612868,23.547762101600565
9807.484,0.04419853403806485,4.196794180324513,23.541237812763853
9810.328,0.04104418987179145,4.196714185176759,23.55117757918785
9813.172,0.044319420800525894,4.196857675972411,23.544411321644056
9816.031,0.04384318230374643,4.196874445542233,23.547438295258143
9818.906,0.035617517650748116,4.196201992328555,23.54690845707565
9821.797,0.03698516555607899,4.195827407146113,23.538590648382126
9824.672,0.03559866734548007,4.1958028641789475,23.535533241086625
9827.547,0.03213078952969118,4.195816633709091,23.546958491832044
9830.437,0.03359242772145097,4.195679664693097,23.543637359040943
9833.312,0.026111217467796537,4.194734129183988,23.545907379373627
9836.203,0.03547349469309695,4.195528521954904,23.548201262401204
9839.109,0.04523084644326346,4.196862725264122,23.548030908877013
9841.953,0.045024321255316316,4.196788557979751,23.54435926282252
9844.812,0.0439623548044825,4.196642871564762,23.544205927391822
9847.656,0.043445546422502666,4.19687205423676,23.54653812681654
9850.531,0.035642125688853346,4.195642543748723,23.541483816340712
9853.406,0.037336193776465194,4.195986564624126,23.53849569379509
9856.281,0.03703156853454003,4.195859461552526,23.534008739236818
9859.172,0.023975492155469364,4.194816753350575,23.534616878385524
9862.062,0.031390777061124565,4.195688555187376,23.54563559429581
9864.937,0.030612145644794544,4.195761048995544,23.53920819744846
9867.828,0.035303705261862,4.195636742412209,23.537714224229294
9870.703,0.03533295610355176,4.195428183794114,23.539877446528116
9873.609,0.042306171950980076,4.196719224514028,23.531984940334517
9876.453,0.035496413195768683,4.195891775156387,23.533235551985364
9879.312,0.03434933238362605,4.19591052748036,23.538704037568937
9882.156,0.03708475232834363,4.195548512193944,23.538444921034632
9885.047,0.045600926061395965,4.196515921806735,23.533936464918263
9887.922,0.05381040227301801,4.197555956892052,23.537085100069017
9890.812,0.04513605579914106,4.196775417920786,23.54241806763994
9893.687,0.04472996857998324,4.196695323436433,23.54035548210482
9896.578,0.04426607770516103,4.196776703743078,23.5381852810112
9899.484,0.04181206445247507,4.196939990544484,23.543710211850957
9902.359,0.043590238044949686,4.196833396426372,23.542123132826138
9905.25,0.04354618554479473,4.196982015738732,23.545793862654897
9908.125,0.04514068174219417,4.197089470606419,23.5408101029909
9911.015,0.04361326357627798,4.196895108030079,23.545788189660676
9913.89,0.04387661822087512,4.196790889517296,23.543957348387757
9916.781,0.04337485764698517,4.196922541057015,23.545008037613194
9919.656,0.042561877416982676,4.1970528455312275,23.545641200604038
9922.547,0.04412488122026542,4.19692511741709,23.543862547213386
9925.437,0.04444026770338,4.197061855014872,23.53995541643052
9928.312,0.043051540942557184,4.197094226490448,23.545590595735426
9931.203,0.045442379293754796,4.196984289273767,23.54883259299796
9934.078,0.04166094163301416,4.196725672986953,23.54539363340803
9936.984,0.040543386832545124,4.197135909402292,23.546537076922686
9939.828,0.04386679077055515,4.197212466388163,23.54800792198252
9942.687,0.044434377737154154,4.197035177706075,23.548309662223797
9945.531,0.04324518454433342,4.197055779006941,23.548721468697114
9948.422,0.04147363184523035,4.197214158533743,23.554647921772037
9951.297,0.04270785159242513,4.197236122863266,23.541487463039978
9954.218,0.04390029420257341,4.197128384476207,23.54544647022298
9957.093,0.04385609570909676,4.197154994878489,23.54310520827836
9959.953,0.04297988954254363,4.197201461486817,23.543148594460877
9962.734,0.041597228884334904,4.196972177662626,23.546997905557838
9965.515,0.03994214511051595,4.196934477589841,23.544948049636535
9968.312,0.043230852381858045,4.197154694804702,23.542938809894572
9971.093,0.04394433296616914,4.197143844551875,23.538334930151027
9973.89,0.04157007101833531,4.196877874374314,23.5458875864788
9976.64,0.043756965087097914,4.1969181388448815,23.54646889971025
9979.422,0.04194279868375833,4.197148328610558,23.54315957286508
9982.218,0.04662699184399277,4.196779930755506,23.54968171274929
9985.0,0.03557658835555285,4.19605774506395,23.553647826032286
9987.797,0.038434526305186074,4.195673051176926,23.55032353547908
9990.593,0.032055118606503244,4.195964823638785,23.538612550340964
9993.39,0.03524535750083978,4.196169252050681,23.54373716591953
9996.187,0.035001650675347155,4.195715279459198,23.540737063519284
9998.984,0.031240262722159587,4.195735291204426,23.547991389943903
10001.75,0.031430344471100005,4.195801061326835,23.54050297999093
10004.547,0.029017270426830194,4.195709159176825,23.53925160876519
10007.343,0.03475712075162956,4.196247430091921,23.550205278550518
10010.125,0.03387800083394984,4.195792423393275,23.548184197841437
10012.922,0.03200219120520721,4.196648958625605,23.546503811323692
10015.718,0.039425650323028714,4.195912734868383,23.54409498296638
10018.5,0.038381491007354405,4.195557121173329,23.538471017995356
10021.297,0.035584890577478476,4.195469625739531,23.54244159412817
10024.125,0.04409818116296299,4.196937202994289,23.539047180743232
10026.89,0.04396902831297635,4.197199391693311,23.533335174377527
10029.687,0.04359470881520192,4.1968749874943265,23.530344940697017
10032.484,0.04355401231382455,4.197104438621397,23.53388330485011
10035.265,0.042235739583844883,4.196840302510549,23.538198089238406
10038.062,0.04024675225917779,4.1968191448746,23.538931193100076
10040.89,0.04245906454460811,4.197026260558476,23.538010303502375
10043.672,0.040295098473817736,4.197165949234772,23.531571406133757
10046.468,0.04239094063810424,4.197064036062181,23.529375693347323
10049.265,0.04324438083579075,4.197040710421818,23.535022737524343
10052.047,0.05004108844304289,4.196964048003563,23.533290087003074
10054.828,0.04373152855237622,4.197108783953454,23.526997669705285
10057.562,0.04200544806803357,4.197103218620739,23.525617406981677
10060.359,0.03881030868506302,4.196937029701649,23.52915313994702
10063.093,0.0441316021773924,4.1967411026068,23.53958835276086
10065.843,0.03600330758328321,4.195913286868766,23.53448269380145
10068.578,0.03804427759898845,4.195567670813041,23.53787457058295
10071.312,0.037334548087323505,4.19579339592895,23.534873675600874
10074.047,0.031296015501264235,4.195559280500632,23.53729479856023
10076.797,0.032457250373650395,4.195848726192561,23.535335929142853
10079.531,0.026575441717545507,4.194994700648792,23.53772302878251
10082.25,0.039003763780822896,4.194889200079955,23.537553858880088
10084.984,0.04471553892747157,4.196902629841438,23.536457106658364
10087.718,0.04386791541632267,4.196856616469603,23.535943474250733
10090.453,0.040624577657614895,4.197075730248401,23.530235851148305
10093.203,0.04441152762518664,4.196910102714509,23.535359763566227
10095.937,0.04343091498809747,4.1968411269106065,23.54356418869661
10098.672,0.04553825101863183,4.1967802705486275,23.53679263323406
10101.406,0.04350959967724489,4.1969583126619465,23.536259070983828
10104.14,0.042181123049943245,4.196850234039135,23.53321164919553
10106.875,0.04332657135234393,4.196845497684301,23.531953923122572
10109.609,0.04120328704239791,4.1970058405399975,23.537034877632724
10112.343,0.040059961930411316,4.196956795726001,23.54538393242077
10115.062,0.04312692108976823,4.1969303481909765,23.544684393330744
10117.797,0.042273888746047664,4.196895461898565,23.539049897199916
10120.531,0.04077847162082161,4.196996753195268,23.54140136338586
10123.265,0.03962673912997845,4.196181116267134,23.540466480890107
10126.0,0.033608408521445615,4.196161750401918,23.527046510068637
10128.734,0.03332076757036585,4.196191001477015,23.53650839769497
10131.484,0.030612478419472587,4.195907081314542,23.539307770458542
10134.218,0.03702094345278086,4.1956797605592975,23.538442230673052
10136.968,0.034356554572768185,4.195961870032917,23.53260706230473
10139.703,0.02951866808453017,4.19587830822732,23.52667686248472
10142.437,0.030697159397920604,4.196107607029758,23.528650575478895
10145.172,0.03322904960290565,4.195863593693245,23.52637292646317
10147.906,0.03387045889022804,4.1957819178938,23.528975460789667
10150.64,0.03304823781994012,4.19596417828248,23.52715175135465
10153.406,0.04235657199432419,4.195708949731982,23.5294467825485
10156.14,0.03884101822451874,4.195580007417521,23.52403816172132
10158.859,0.03642704820666106,4.19577705955278,23.52559488876575
10161.593,0.03642184941815304,4.195828774460195,23.53248692711662
10164.328,0.0349094838320141,4.195588706554816,23.534327407238948
10167.062,0.032136189132495656,4.195764224704432,23.533978045427347
10169.797,0.035442950873363535,4.19581181976067,23.540565140849548
10172.531,0.03385020781485976,4.195833181234655,23.538518192744966
10175.25,0.030757316746561115,4.195831220724135,23.535289758146835
10177.984,0.03312700693368273,4.196255906634942,23.539133925129946
10180.734,0.03134489619627671,4.19587514347145,23.53684987552885
10183.468,0.03236804686052375,4.195863314822794,23.539177502078488
10186.187,0.034615787568098015,4.195936113810889,23.535378614799196
10188.922,0.031050199521216255,4.195947626864825,23.530735718468694
10191.672,0.03233257687214087,4.195835315517997,23.53642113183008
10194.406,0.03146522212781888,4.195953077701609,23.528671263915633
10197.125,0.03289919310391711,4.195971771497328,23.530415444611954
10199.859,0.037411072057539206,4.195742853817981,23.531748488151745
10202.578,0.03480982757141492,4.195772020573466,23.535361817882094
10205.328,0.034238097545926285,4.195709996433969,23.527430500290567
10208.062,0.011587362014957265,4.194920971981796,23.537724129719894
