time,current,voltage,temperature
0.0,-0.0012209064923425453,3.529068643822037,33.69818797179976
2.452999999999996,-3.637912819290177,3.2072600886498277,33.618274081914436
8.515999999999998,1.51675214786468,3.59852769695212,33.61962948811484
14.421999999999997,1.5155824319151807,3.6490098668696214,33.61127057603009
20.311999999999998,1.5167097132492677,3.6756716473870013,33.57213347126745
26.25,1.515292752172967,3.6965561711765966,33.49983842093138
32.203,1.5157365422068834,3.7137645226195204,33.41737770400194
38.094,1.5165337923699065,3.7293696659150406,33.331834192428595
44.0,1.5145472799791149,3.7433258974517103,33.244210054481584
49.891,1.515062102146333,3.755960815942327,33.16742239689636
55.797,1.5149603717815991,3.7674248452097627,33.07532905609424
61.734,1.5152341132486122,3.7782599344609173,32.987304925639684
67.672,1.5129144434404378,3.7880009225360425,32.90045656299547
73.609,1.514244549083442,3.79684982492526,32.82133723462677
79.484,1.5155942919958014,3.8049709158327176,32.74039552069516
85.39099999999999,1.514193415687853,3.812370218165351,32.65317963858371
91.281,1.5147873226561068,3.818882396418315,32.581410918976
97.219,1.5132872135828963,3.8248847772725965,32.511356323516615
103.10900000000001,1.5157676251162853,3.829379672352401,32.43188517539565
108.98400000000001,1.5160478099084485,3.833785803334583,32.365085172792114
114.85900000000001,1.5132589218651378,3.8374864761522813,32.294739608559794
120.73400000000001,1.5162106093435856,3.841063259671808,32.232522274650215
126.609,1.5174784532143846,3.84384557901657,32.16307515775665
132.469,1.5134141594305768,3.8465418036974777,32.089935188678844
138.344,1.5151643306631335,3.8490697529335796,32.03765185445085
144.219,1.5177387915107037,3.8512962271825066,31.972760270537336
150.094,1.5137454032336872,3.8536703705923645,31.903685586334095
155.969,1.5105904088970665,3.8560206970158912,31.8446103219491
161.844,1.5197793011751477,3.8582999070085244,31.786404595068387
167.719,1.5177938132485607,3.8599398191476157,31.74359050628049
173.578,1.5177422891984418,3.8621584593982976,31.684594134670878
179.453,1.5137491944906951,3.8646325055888213,31.623890592314474
185.328,1.5143289327637404,3.8664073753225794,31.55580999152137
191.203,1.5176948054054933,3.868554945100146,31.503298605969448
197.078,1.5138618689935481,3.8708917908717053,31.46594196864603
203.0,1.5182108082055201,3.8726885384594483,31.419997277942947
208.859,1.5121319539927094,3.8751402598749096,31.357978096501228
214.75,1.515541448323139,3.8771425477514003,31.288287462568377
220.609,1.5155539979775186,3.8789161376495525,31.24991612979955
226.484,1.5139135252221856,3.88071207447016,31.195732558497316
232.359,1.5152408238173034,3.8829306466986115,31.14935276192164
238.234,1.5149506056436206,3.8850385983820153,31.096244903331847
244.187,1.5139059764973997,3.8870126517430235,31.049461675364185
250.078,1.5129566442407363,3.8893083457372293,31.000365356113
255.937,1.5123609189539111,3.8905771866001366,30.958771323692954
261.828,1.516481339683121,3.892784430747679,30.910710335254837
268.094,1.5115855148582218,3.894650153613673,30.867315529200148
274.062,1.514362509120331,3.896612255338626,30.812903749486576
280.047,1.515152596638641,3.89865763389509,30.787283578843986
286.031,1.5158511329260604,3.9003436422522735,30.73810537347765
292.031,1.5158710271011688,3.902365073041159,30.68756487868564
298.031,1.5146056890106312,3.904296466745992,30.643523110903324
304.016,1.5151131582154158,3.9061365158635555,30.59963158005227
310.0,1.517310734172771,3.907822846332293,30.563530541328806
316.0,1.5122827773556835,3.909451269671979,30.514949414042448
321.984,1.5174913844669482,3.911074265050103,30.475274232668184
327.984,1.5165642671835942,3.913084702340389,30.436461577449617
333.969,1.5155218580565257,3.914596855705265,30.40245047438339
339.953,1.5165402501940322,3.9163856228628666,30.37571010189427
345.953,1.5132207835504863,3.9183360620386365,30.32773621856523
351.937,1.5149183613330177,3.9199039430704907,30.29937278084869
357.922,1.5145122874104922,3.9212614350811656,30.252452341412567
363.922,1.5138959089844835,3.9229483439579673,30.209850725306204
369.922,1.5146123383493733,3.924399185112734,30.188330451199377
375.906,1.5142224463790768,3.9259147808244714,30.154213505612876
381.906,1.5160797277193174,3.927490231862581,30.122456416489328
387.891,1.5153625242933617,3.9289892233302393,30.077900579865226
393.891,1.5154014137759086,3.9302632082119993,30.04424424392698
399.891,1.5151240122792378,3.9319210793335246,30.027365968989944
405.875,1.517017976332984,3.9330496139704003,29.989846588490867
411.859,1.516061768453638,3.934660585258817,29.960309266261092
417.859,1.5147871934499222,3.9357437704216576,29.916015991803057
423.844,1.5134024454964787,3.93686904226601,29.88727297602548
429.906,1.513950864663187,3.938712833369287,29.864869087177055
435.922,1.5133958423901792,3.93979094478989,29.812993127603775
441.922,1.516051512847022,3.941090052985131,29.77200606798058
447.906,1.5147587570444787,3.9423330073940925,29.75040733544975
453.906,1.514858019094869,3.9438782806981862,29.722746248134808
459.891,1.5150558700843113,3.9447908164781045,29.699962908180247
465.891,1.5161776392258786,3.946327901365911,29.676271999529387
471.875,1.5131783656496278,3.947729358388226,29.635749590861213
477.859,1.5148347410458676,3.9486232415173976,29.617365732422268
483.859,1.5179613009032562,3.9500089053019733,29.594516888372524
489.844,1.5169934947016788,3.950975331397893,29.56653904035955
495.828,1.513843125403519,3.9524782825087126,29.533503202524113
501.797,1.5173572599406076,3.9533802744070226,29.50601648090666
507.781,1.515610875291694,3.954610959912462,29.48200187727939
513.766,1.5138261368584371,3.955719600370084,29.45081852901138
519.766,1.5145753769848875,3.9568979390540115,29.430315255967777
525.719,1.5140832875618684,3.9579674259446276,29.4002983768555
531.719,1.5170359220983933,3.9591956557896664,29.377956404790012
537.703,1.5139362717830138,3.96032785257926,29.337962656609722
543.672,1.5145597297815256,3.961311368280057,29.317156264272942
549.656,1.5152450133778794,3.962350248599843,29.29641264057973
555.656,1.5133844873504751,3.963566229309813,29.277544857474282
561.703,1.513519420600771,3.9643727557732835,29.253164540426265
567.656,1.517409457332521,3.965407422418045,29.225157777435648
573.719,1.5163410742137975,3.966625166519198,29.197781570075467
579.781,1.5174465213897086,3.967665440170472,29.176250437125255
585.766,1.5138462861388207,3.968743978197491,29.159414124105584
591.812,1.5147895678690224,3.969961711822154,29.138134770019494
597.828,1.5138816177442878,3.9707079954315847,29.124917921084204
603.797,1.5173270389072724,3.971555861881011,29.09468309946374
609.797,1.5166877820817004,3.9725836199608096,29.07398225187938
615.812,1.5145425347856503,3.9737320958296616,29.042297086401508
621.859,1.5150784642715829,3.974802688873675,29.03270936465207
627.906,1.5166120932882978,3.9755505994214055,29.014978223748802
633.891,1.5174348769277222,3.9763366708389736,28.98070703965647
639.875,1.515456528071625,3.9778212435830134,28.961605787601368
645.937,1.508666769778402,3.9780976251393567,28.946919071550287
651.969,1.5165982507587799,3.979328539076456,28.91872966800797
657.953,1.5144424555384002,3.9804757945505433,28.895883266401288
663.969,1.5158233550007025,3.9815180343365397,28.878252544561153
670.016,1.516888071587551,3.9825191420841226,28.874861848924848
676.031,1.5123817498970056,3.9835633080089377,28.858922371602294
682.016,1.51480195213991,3.984332407824995,28.846525717865692
688.0,1.5172561569348233,3.9852790025591567,28.826415824196687
694.062,1.5205280579530267,3.9861972137761046,28.810228390821724
700.125,1.5118373459067256,3.987178509570679,28.79605500396334
706.187,1.5153677470576297,3.9882575345263396,28.771929670672275
712.156,1.5198595830509907,3.9893968101329333,28.754038296080385
718.203,1.5141025703492246,3.9902965071388197,28.73899797613625
724.219,1.5132295078837015,3.9913167910609344,28.71912560874276
730.234,1.5191788771928556,3.991972377467238,28.6995520709522
736.328,1.5203456923692857,3.9930777969443785,28.67722603758445
742.328,1.516158947884322,3.994028995137855,28.666228240422267
748.375,1.5181613870303974,3.994961339063751,28.657817091654458
754.328,1.516959399057067,3.9959181243271913,28.6288794558846
760.328,1.514185695063424,3.9970150783915748,28.6229061243679
766.391,1.5191961630820452,3.9978915474957124,28.602483902395022
772.437,1.515475171353859,3.99908050049012,28.590935191976765
778.406,1.5151310766862582,3.999902969765194,28.576590990321787
784.391,1.515198188461293,4.001157502391445,28.560198293794983
790.422,1.5162679746805408,4.002089836688646,28.538875128647785
796.453,1.5175963901079825,4.002548522624617,28.53032064224049
802.453,1.512558489681087,4.003832028885736,28.515283501443317
808.5,1.5171128678746384,4.004648272681769,28.503916935809762
814.469,1.5161205434429559,4.005579680982927,28.502169376327167
820.453,1.5156182705760228,4.00643887426564,28.47490046429757
826.422,1.5165653934635033,4.007540951253465,28.45365353447985
832.437,1.5155286485896158,4.0088519256872726,28.438851562766885
838.422,1.5152096823156813,4.0094470702029446,28.44083925555191
844.484,1.5143762020965266,4.010396673130546,28.438769270248578
850.516,1.5184473660213649,4.011519643324726,28.431954108395058
856.469,1.5161144759551373,4.012518804464529,28.412803358554267
862.469,1.5171123025942808,4.013267801278104,28.394189738309187
868.516,1.5155215114545386,4.01409723090693,28.38256807942264
874.531,1.5163250282511054,4.014951839757727,28.369956477368547
880.531,1.5176032784187765,4.016116040592916,28.365758389210697
886.547,1.515252714259302,4.017042441275456,28.35947425704317
892.562,1.5140070134444295,4.01810026227097,28.352728223598373
898.547,1.5147719391043697,4.019019275751504,28.35374835477982
904.609,1.5148788937579185,4.0199708175796784,28.336298277150696
910.656,1.5138855473704198,4.020775841573151,28.328141982427645
916.641,1.5138460847757103,4.021955456774214,28.311630621627092
922.625,1.512692054439389,4.022471104031954,28.291590772676866
928.625,1.5161980620801483,4.0235696406670485,28.28305985611359
934.609,1.5141083788967962,4.02446595919898,28.265272749472746
940.625,1.5159888249401767,4.025263327067184,28.263590158304197
946.641,1.514541299033148,4.026277244755135,28.249657278523898
952.609,1.5140493978489367,4.027344401077991,28.245436456409795
958.578,1.515492349118728,4.028323848735979,28.23098080392561
964.594,1.5146485202977136,4.029079647798468,28.219231990095132
970.625,1.515547114754281,4.030173237265859,28.202866807213653
976.609,1.5132960170370717,4.030931793863092,28.19075617408762
982.562,1.5164027635858508,4.031850791265279,28.18973525114931
988.609,1.5144998371286666,4.032775145392346,28.176298861020985
994.687,1.5144848178095032,4.033715656140301,28.182567696984005
1000.734,1.517500794913595,4.034416078372704,28.173331201796884
1006.797,1.5183070849419902,4.035566213651325,28.173288584328578
1012.766,1.5148049067973388,4.036705031669208,28.164982134176906
1018.766,1.5156940627049118,4.03715188143499,28.155274943549944
1024.766,1.5163510420816215,4.038604142556862,28.13949799354504
1030.828,1.515466520259566,4.039222339199724,28.136911187724646
1036.875,1.517012253303237,4.040020900052343,28.13462568481892
1042.859,1.5173872065381706,4.04097616459554,28.124325297925186
1048.859,1.5150654209654837,4.041959345153643,28.121249181628617
1054.906,1.5196070056288442,4.042858500270175,28.118151300162943
1060.953,1.5154782326608753,4.043860970476963,28.108769728361832
1067.0,1.5144761059602543,4.044805793646704,28.109389274296994
1072.969,1.5159594151101528,4.045948284195084,28.091782500235404
1078.937,1.5155919753162554,4.046518385611889,28.08524027621478
1084.937,1.517666795217939,4.047703543880429,28.077548328361818
1090.953,1.5165951277431549,4.048656920081879,28.07638917203111
1097.016,1.5172741978973197,4.0494770599573675,28.090221588406248
1103.031,1.513593073070912,4.0505745427071576,28.07840001441602
1109.062,1.5149598614581605,4.051543397097057,28.076915730420062
1115.062,1.5151523682242836,4.052289543983548,28.06662624915012
1121.078,1.5161713850318168,4.0532566363593645,28.051628469388042
1127.109,1.5163810801428657,4.054328172219752,28.044168661938507
1133.125,1.5171855623923045,4.054934523329905,28.052087013556182
1139.125,1.5145503947086996,4.056297606871523,28.04379137619759
1145.156,1.5174101682971022,4.057163410356879,28.040071265337858
1151.187,1.515951187488377,4.0579989957732066,28.04601513729914
1157.156,1.5190219193848575,4.0590998027034395,28.03800035961829
1163.156,1.5169091410196365,4.05994128866466,28.041569352997122
1169.219,1.5161310421974845,4.060986507401342,28.034535203120157
1175.297,1.5148435727705867,4.061530927171534,28.026315428789925
1181.312,1.5140893950703116,4.0627323032408365,28.02559371990406
1187.344,1.5150733186789103,4.063856550331413,28.02340704426057
1193.359,1.516641484262098,4.064810602491304,28.022875824404984
1199.328,1.5187302917569119,4.0655857878046735,28.015586643328547
1205.328,1.514397180411286,4.0666915561476955,28.00779200482147
1211.359,1.5170111771677912,4.067469186262705,28.003540030431434
1217.391,1.516070239494999,4.0684942121216165,28.000625656753392
1223.422,1.5164715916028515,4.069468331641367,27.999979490004506
1229.453,1.5134621244599658,4.070243299821628,28.001889548779584
1235.437,1.5177752487118563,4.0712745408721895,28.009587774693443
1241.453,1.5089427228347414,4.0720815970171165,28.004331707040613
1247.516,1.5158706664388952,4.07366494905529,27.997921402197438
1253.547,1.5167751951286812,4.0743802644940095,28.007080299649992
1259.578,1.515843949516748,4.075428389857025,27.998573279747788
1265.547,1.5129914568918275,4.076503696469092,27.997149076212782
1271.547,1.5172134473140109,4.077316519373593,27.999199122201578
1277.562,1.514222920666568,4.078370592818206,27.997767244756552
1283.594,1.5131175099363725,4.079599631661535,28.000306595205362
1289.625,1.512593282723063,4.080453167200485,28.000871578448066
1295.594,1.5138086554400954,4.081451670750843,27.98849907497686
1301.594,1.5166293772703077,4.082643660427289,27.980563627109774
1307.625,1.5149430857710873,4.083624455869467,27.996217794571635
1313.687,1.519137892148282,4.08463825411248,27.99540867311179
1319.75,1.519159229469046,4.085555808446151,28.004523307689528
1325.719,1.517387685568225,4.0866950143614105,28.00985358683835
1331.687,1.5176317933936883,4.087691747180645,28.003183458779812
1337.703,1.5148015594149562,4.088718871133832,28.002972739612304
1343.781,1.5141247451560846,4.089763885723766,28.008022384357535
1349.766,1.5186723001495759,4.090638584392628,27.99905685765464
1355.797,1.5138230530624688,4.091983451850626,28.001073662888093
1361.828,1.5137125841203039,4.092798567626551,28.00343315590406
1367.844,1.5168668071483435,4.093961102103963,28.00940674758016
1373.875,1.5206152239465969,4.095228574972223,28.012737849176727
1379.844,1.514986220893511,4.095917239510913,28.00995796220937
1385.875,1.5137733630412014,4.097164732066452,28.00917256416324
1391.953,1.5173583425848403,4.098162238311395,28.022291178331482
1397.984,1.514306011496225,4.098895017363857,28.02259669646527
1404.016,1.514479052788178,4.100058976431238,28.028694782141276
1410.047,1.5174558089639028,4.1013969979017055,28.025486868369182
1416.062,1.5168452483550237,4.10266276128956,28.020709862892584
1422.047,1.516661481763835,4.1032395654151514,28.030136720925903
1428.047,1.5153341917008796,4.104402379759463,28.029998837622976
1434.078,1.5149242445911,4.105653226246818,28.03513684941757
1440.094,1.517584076163078,4.106728688157425,28.047434246106008
1446.156,1.5150755306210382,4.107833472038305,28.054779290519278
1452.125,1.5164064730101983,4.109015462983155,28.04582230611486
1458.125,1.5131597645798633,4.110034483256442,28.045303531007946
1464.172,1.5168246264186824,4.111103093503167,28.03965550586352
1470.203,1.5174134788820797,4.112304697948764,28.039441623517746
1476.234,1.515766185661753,4.113108892167153,28.04303807457239
1482.297,1.5157423332044502,4.114463027845292,28.047437516844944
1488.266,1.5183228352148628,4.115550300709352,28.05384950679001
1494.25,1.5169361942709245,4.11685899327592,28.05734904715332
1500.297,1.5155340190445004,4.11775426821861,28.05351793887475
1506.328,1.5174376780874015,4.1190323079761635,28.0626772030904
1512.359,1.5130898881192545,4.120061967504868,28.067238923133523
1518.344,1.5148000562778483,4.121271468106599,28.070963306256964
1524.328,1.516512850965764,4.1222839465033605,28.077061891855976
1530.375,1.5178308365220674,4.123353259916537,28.085567247197236
1536.406,1.5161016613657723,4.124571928644688,28.079353618852704
1542.422,1.5126141132257884,4.125914384154452,28.084583479793093
1548.469,1.516243025571627,4.1267510096090865,28.094101479534302
1554.453,1.5175371885370326,4.128009053521291,28.094454312522817
1560.437,1.517065303866769,4.129125379907814,28.09308439937897
1566.469,1.5115063522169365,4.130186975301284,28.100874688176773
1572.5,1.5143741593376472,4.13154273207051,28.110614060753868
1578.531,1.5126298627419372,4.13257736145346,28.11211097131623
1584.516,1.513308313457686,4.13379477082491,28.121039813780705
1590.547,1.5141946375816966,4.135074221837448,28.129503280275635
1596.578,1.5160431568913104,4.1363073062042925,28.121531355657602
1602.562,1.5168254155227552,4.137345254868373,28.13113828559716
1608.578,1.5166856327872265,4.1384530495884375,28.14560818591505
1614.625,1.5135897082257266,4.13987607195006,28.14081934992597
1620.672,1.514688591735456,4.140741028526801,28.140816027342392
1626.719,1.515648572961375,4.141807121873475,28.15458215704282
1632.75,1.5146619319962333,4.143434059750751,28.16626226569611
1638.797,1.5163031638012625,4.144551863142882,28.1691153821219
1644.875,1.515649527744255,4.145322810144474,28.17067483544874
1650.906,1.5160526149269289,4.146852392513101,28.173527432092456
1656.937,1.5164424490987491,4.147870601175625,28.180439078636482
1662.906,1.5162591358236337,4.14891168913372,28.18623450803717
1668.906,1.514358192508767,4.150355158217989,28.19718034705138
1674.937,1.5139616177589965,4.151394843435619,28.196329747462155
1681.0,1.5156600988017805,4.152699240979166,28.20748072257736
1687.031,1.5154631143473598,4.15371234599759,28.211246301228535
1693.016,1.5150966906681365,4.154718252139431,28.210829200773386
1699.0,1.514951436185223,4.156015793694634,28.21865366257749
1705.031,1.5181643450229227,4.157104982083642,28.222580494302782
1711.078,1.5179659205824445,4.158305652219577,28.230878084047283
1717.109,1.5141931284670593,4.159499516307443,28.237311567389334
1723.141,1.5100399599948091,4.160794583734102,28.251450661913733
1729.109,1.5145987841584552,4.161756317253084,28.254320199791717
1735.141,1.5129459033793005,4.16291667678947,28.265873872207834
1741.172,1.5151463712550628,4.164080733514536,28.270951987707534
1747.203,1.5141287803961683,4.165513485100654,28.282945419194743
1753.25,1.5179627139622924,4.166348306260593,28.28140859255717
1759.297,1.511873591186489,4.167657170524668,28.290059623680985
1765.344,1.517259686499245,4.168668770787125,28.294949373689303
1771.359,1.5160585689893245,4.169948112661439,28.310616838191752
1777.391,1.5132460348367454,4.171132738070203,28.314915652891184
1783.391,1.5153017443256227,4.171940316719345,28.328989014759337
1789.375,1.5170408675573817,4.173451913144951,28.33772621045481
1795.422,1.5158279541708903,4.174702775092528,28.349457444975265
1801.469,1.5141494401449653,4.1757915923953295,28.362514808784784
1807.5,1.518067636795797,4.176730829937081,28.3679899027595
1813.531,1.5124548076177253,4.177867386838789,28.37521716099206
1819.562,1.5151989145220746,4.179073683381249,28.383453577480577
1825.531,1.5173122880947807,4.179924705683359,28.384946938883218
1831.531,1.5164196523297726,4.181258844805016,28.395022272118982
1837.562,1.51702209641394,4.182141763308132,28.40754927922429
1843.625,1.5137669745539821,4.183226846591647,28.416959579080817
1849.656,1.51513944952585,4.18463030375057,28.427940846678162
1855.687,1.5140201134948088,4.185882219311234,28.43581673374
1861.641,1.5187799323470685,4.186691608057693,28.44394155391957
1867.641,1.5176498642030603,4.187875619067289,28.451643663587504
1873.687,1.516657775078351,4.188855789430935,28.461699407109453
1879.719,1.5129415769882195,4.1899099192419245,28.467206609160467
1885.781,1.5134379070633672,4.191187465891472,28.480491700780682
1891.812,1.5181749176703003,4.192019679426584,28.487808337703388
1897.844,1.5145703312029088,4.193214671559606,28.499414882880966
1903.812,1.5155856337019638,4.1939100614862355,28.511105538147035
1909.812,1.5154137920226134,4.195280528980244,28.514855029859323
1915.844,1.5149345606290605,4.196267567217723,28.53708891889868
1921.875,1.518758977889475,4.197489983640305,28.551384260254363
1927.891,1.5143736205032499,4.198584011720343,28.56296603936664
1933.922,1.5161563559203641,4.199349822483397,28.569733846973
1939.922,1.5164831327683541,4.200472922429242,28.59163570217596
1946.344,1.4841220747045474,4.1989164404325,28.59883497867757
1952.469,1.4815872164742352,4.199155043335374,28.607588296098857
1958.594,1.483334232753101,4.199689659421224,28.631427344346903
1964.719,1.4708654859506873,4.199755864212359,28.641662638073235
1970.797,1.4607483723431711,4.199156562560029,28.659419081792464
1976.906,1.4607563671728652,4.199887049090527,28.670750622730935
1982.984,1.451863678490934,4.199578865684239,28.684650947341268
1989.109,1.4355318564422515,4.199201014625168,28.69117097358656
1995.219,1.436601900426441,4.199638280672485,28.706929236270888
2001.312,1.4264387951708841,4.199328232243567,28.71706928906282
2007.406,1.426090313507655,4.199880657779563,28.71744332631046
2013.484,1.4107418181663405,4.199727302268748,28.72636810947877
2019.562,1.413701094604296,4.199630290574385,28.740380761524122
2025.641,1.4145990884566844,4.200312671505674,28.73893020256336
2031.75,1.4076760148998462,4.20053361079079,28.750123290860635
2037.844,1.409737145057407,4.20166055948457,28.75961745403475
2043.937,1.3953047759864148,4.201306990332777,28.774188506758055
2050.031,1.3889937936607017,4.200945364795055,28.793506946548
2056.109,1.3778765441494711,4.200649073623402,28.788734286992003
2062.219,1.3647424159846546,4.1999319638480905,28.808660058243785
2068.312,1.3659899192992675,4.200480359506787,28.814529347790728
2074.406,1.3652948098502549,4.2008443359394825,28.81946897014214
2080.5,1.3545244392667177,4.200817470441904,28.824634332702995
2086.578,1.343451357110279,4.200023439087521,28.83482679145958
2092.687,1.342184860032318,4.200673251047924,28.840642139402373
2098.781,1.3311302841992945,4.200102991512443,28.852782645895083
2104.875,1.3296854969438054,4.200447671369402,28.859900702968083
2110.984,1.3327666850834152,4.201196316009762,28.862817980176274
2117.094,1.3190465868172485,4.20060548249079,28.86529414993078
2123.187,1.3079874623853902,4.200330447736838,28.876330492663108
2129.5,1.309862999578348,4.200700650201662,28.88159079743788
2135.656,1.2991414912347747,4.200480404238116,28.89148263342869
2141.828,1.292765656108313,4.200721084317304,28.888881414735852
2147.984,1.2872839633584499,4.200180619666012,28.891061818265875
2154.156,1.284294558760043,4.2008390090077015,28.89594642395553
2160.312,1.276321950253057,4.200390245967119,28.90329775047641
2166.469,1.271906109243175,4.200766388355873,28.904164335767405
2172.625,1.2605166771318526,4.200586006037361,28.912058531617888
2178.719,1.2497143310239773,4.200248176953084,28.90977315100326
2184.812,1.250640941228969,4.200393465835428,28.90716189455413
2190.906,1.2492550935608848,4.200897046829485,28.913267658509326
2196.984,1.2375718384584924,4.20053597809015,28.918694867883495
2203.062,1.2387237740976254,4.201252527533457,28.917413906814932
2209.156,1.2364167129430637,4.201415216865552,28.91974026766856
2215.25,1.2358997095937512,4.202348301254993,28.923794570507926
2221.344,1.2247637111757546,4.202059092382508,28.923570895578912
2227.422,1.213808704716111,4.201842245813303,28.914020132289725
2233.5,1.204456823880612,4.201431710583622,28.919164342457513
2239.594,1.1928103053410546,4.200887906580177,28.919730696601654
2245.687,1.182074981190711,4.200580041107297,28.926744209856814
2251.797,1.1800224879851942,4.200788074283325,28.92068273705919
2257.891,1.1772749211980016,4.201014817677032,28.917531280609914
2264.312,1.1813725301659206,4.201952649526537,28.917370250247927
2270.562,1.1651601408588075,4.201624966674356,28.915883930473914
2276.781,1.1550328958618608,4.201200721768283,28.915731971678593
2283.031,1.1379156945386153,4.200154279337221,28.918464554188212
2289.25,1.1352987147757272,4.200502264775939,28.90841612554076
2295.5,1.1359807339810042,4.201089432816948,28.898258803154537
2301.719,1.1349973798024882,4.201638651039036,28.898357068709664
2307.969,1.123249770507326,4.200993361776206,28.898097071411385
2314.219,1.1239370954065622,4.201916113764734,28.88674926445296
2320.5,1.111120591714453,4.20152532206817,28.884532437829858
2327.125,1.1117898934342083,4.202232859749461,28.878632146793116
2333.516,1.1006052657586933,4.201964628698067,28.868417438962855
2339.906,1.0904511694735914,4.201534600974793,28.86439568385652
2346.281,1.0868458009661384,4.201997594933428,28.85495389069053
2352.703,1.0761177848273398,4.20173372103016,28.851105951716672
2359.094,1.0645387101413841,4.201627138177591,28.84445238748873
2365.484,1.054911338755982,4.201243415903061,28.845285708231994
2371.859,1.0553204540196532,4.201629054937072,28.82997396237151
2378.25,1.0412720219793157,4.201419566688307,28.81931793463081
2384.672,1.033346969099423,4.201251818532444,28.8028923459501
2391.062,1.0297407684305542,4.201410853894056,28.8075579097516
2397.437,1.0296102606153936,4.201943279723686,28.78390839655757
2403.828,1.0200223035682425,4.201905707854478,28.76900166008217
2410.219,1.00611521131511,4.201534093150843,28.758507600551614
2416.641,1.0044511589353775,4.202073754903753,28.74824402512635
2423.016,1.0015082547561296,4.2024443289596904,28.73681093354784
2429.406,1.001703440535364,4.203095752943368,28.73022636734797
2435.797,0.984903109242272,4.2020933518544465,28.71887052280311
2442.187,0.9810369990494059,4.202554941940119,28.701468169998453
2448.594,0.9583926639725453,4.201456715767061,28.694498833842264
2454.937,0.9519525869065252,4.2010805867893755,28.68062110728732
2461.344,0.9428243585785714,4.200264601566921,28.670365568566506
2467.687,0.9401505914895427,4.200952777719227,28.650864610649567
2474.031,0.939771899679579,4.201215320135014,28.636738165523386
2480.422,0.9391813125501213,4.2016816402457255,28.619883937026373
2486.828,0.9277988937731683,4.201633607580503,28.60427213838799
2493.219,0.9254226595897546,4.201845142155661,28.59066207930505
2499.625,0.9150509551705965,4.201662494901793,28.586434692710572
2506.016,0.9068724313991012,4.201178455330752,28.578852165398608
2512.406,0.8945445914873306,4.200778254691306,28.541813352430758
2518.781,0.8897829433860173,4.20115719768076,28.527887998189595
2525.172,0.8953053829817712,4.201528841178518,28.516148646259
2531.594,0.8918408380453142,4.202057401398904,28.504657385220455
2537.969,0.8922512160045444,4.202329942994919,28.478710048319222
2544.359,0.889123748843814,4.202694114867647,28.470542792324675
2550.75,0.8759443827985784,4.202537594519596,28.448271105272482
2557.141,0.8676174543990666,4.202037092081052,28.433952795448775
2563.562,0.8552311852400388,4.201680592247046,28.408327860099394
2569.937,0.8567192164955684,4.20198738585605,28.403261002042044
2576.266,0.8568104764428526,4.202410934243208,28.391270682192623
2582.656,0.8433831684873477,4.20197404375226,28.369464149606266
2589.031,0.8458676306697716,4.202282047406953,28.35959528894824
2595.422,0.8382827004036921,4.202808641715238,28.340778214860745
2601.812,0.8315727382148028,4.202491193921791,28.323080370025643
2608.187,0.8368758165037077,4.202525644308002,28.306093628087332
2614.578,0.8225894412644442,4.201958358028672,28.289312990417333
2620.953,0.8109867962312043,4.201965243119449,28.27003115044791
2627.344,0.8096229125833194,4.202073964357165,28.2597014827333
2633.734,0.8069026454612923,4.2026445849519245,28.24089770250708
2640.125,0.7977785771818177,4.20180817245829,28.2155362184925
2646.437,0.7889786756990799,4.2010376755225405,28.19907856517283
2652.781,0.7736481385369106,4.20044465903268,28.177319474829513
2659.172,0.7674811431944406,4.1998664141403825,28.152379628698
2665.516,0.7690001209809076,4.20001608933099,28.140739766539465
2671.875,0.7593631928669177,4.199381792403695,28.132580956876236
2678.234,0.7582676752569826,4.199791917224145,28.110206472220593
2684.625,0.7538957234049576,4.199587053861134,28.09281989481399
2691.047,0.7474481076583207,4.199089548678589,28.066878305216086
2697.437,0.7441250275913819,4.199409725340451,28.063813208472506
2703.828,0.746240857807547,4.199594162231038,28.03807809821485
2710.219,0.7455974720415663,4.199918955417819,28.014313051442713
2716.609,0.7462530749423231,4.19988110522508,28.00192783552261
2723.016,0.7428515779906034,4.200608388255578,27.98295418979998
2729.406,0.7458608444121105,4.201035647419683,27.96422478986066
2735.797,0.7439443956519565,4.20136666390711,27.946881629636277
2742.187,0.735654517990527,4.200733070686174,27.934990845046134
2748.578,0.723271490434516,4.199984363332155,27.92143101501966
2754.984,0.7092294383515222,4.199526220008884,27.90720657853387
2761.375,0.7018526579421386,4.1986355379310005,27.873804735701952
2767.766,0.6905466789522609,4.19789973935015,27.859709298899904
2774.187,0.6830961550008884,4.197100711413227,27.844795134975893
2780.578,0.6817998020749046,4.1965655739762235,27.817795343050044
2786.953,0.6922514585747634,4.197866535626503,27.81562257838938
2793.344,0.6815019370439125,4.197395171774172,27.800323071116033
2799.734,0.6923038810012563,4.198391833554862,27.771941758486587
2806.141,0.6789050233195648,4.197681554430255,27.754179009625236
2812.531,0.6792932110448889,4.1979946337832486,27.73032049763122
2818.906,0.6754436475073591,4.198229543173029,27.71682787578287
2825.297,0.6814913149260297,4.198481649914148,27.696140821700713
2831.672,0.6769537056990131,4.198827785779394,27.67685455056381
2838.094,0.670180626621289,4.198110536612683,27.658636064252914
2844.484,0.6811979604525451,4.199119477939848,27.644830146060112
2850.859,0.6692895545336248,4.198199271042459,27.633331024069673
2857.25,0.6582572606864144,4.197898700847297,27.613903291380385
2863.641,0.6564833965966168,4.197924045390653,27.594326734004547
2870.062,0.6559432825453401,4.197878445221659,27.580534965403224
2876.453,0.65576176895417,4.197949242062223,27.550999754578932
2882.844,0.6626195933879916,4.197775096216309,27.546746185889088
2889.219,0.657070513957578,4.1986536663208005,27.526880046115227
2895.641,0.6473757721626652,4.197807353740419,27.50210473243018
2902.031,0.6453010272486581,4.198190759676701,27.481957384132354
2908.406,0.6441423949858981,4.198670327882228,27.46479115668713
2914.797,0.6361710393522552,4.1977428522844304,27.452829101313156
2921.187,0.633641826073022,4.197986887571391,27.436444023155442
2927.609,0.6307217027709082,4.1980952820834805,27.423907275823492
2933.984,0.6317312162230769,4.198299723082687,27.40260181566776
2940.375,0.6325221041588379,4.198742610712823,27.38654014009096
2946.766,0.624789547007708,4.19754597168372,27.376656755524728
2953.156,0.6274787821756858,4.197947798249739,27.360305914177598
2959.562,0.6228023453375429,4.198320535740943,27.339745543835075
2965.953,0.6248985243848942,4.198113486368539,27.324563824246336
2972.344,0.6227840386492292,4.198481599752563,27.30772033192216
2978.734,0.6215105853723064,4.1988117229604365,27.28833113200063
2985.125,0.6106023935281276,4.1978562764828675,27.277765218479313
2991.531,0.6103319756597215,4.198250291924722,27.268960719055357
2997.922,0.6111742450265055,4.198269907878694,27.241878631548026
3004.312,0.6116403486765887,4.198677763509394,27.22874074766547
3010.719,0.5992250071348609,4.197912067001161,27.212132190021055
3017.109,0.5993150166758228,4.197714846484903,27.180979449079405
3023.516,0.6004628396246227,4.197743238019915,27.17768174119873
3029.906,0.5967811546950265,4.198263976006256,27.160599360064502
3036.297,0.5995031712188577,4.198227357751608,27.1476619239992
3042.687,0.5965470943103313,4.198753220885105,27.119152483273577
3049.078,0.586890217504504,4.19809643980215,27.112161327429504
3055.484,0.5868065620723297,4.1981641042969935,27.102732445185122
3061.875,0.5856161155818743,4.198733624393987,27.092728410500335
3068.266,0.586359121814422,4.198807419094945,27.067426723749982
3074.641,0.5847810792981654,4.199110703598788,27.05996967366296
3081.031,0.5834575752888814,4.199117698251188,27.040412891106307
3087.453,0.5866034012432868,4.199329868476693,27.029253825651274
3093.844,0.582923070806348,4.199562492695099,27.006203931239572
3100.219,0.5757373000949229,4.199128413594555,27.00154491543259
3106.609,0.5641707811660877,4.198351777898388,26.976675699610066
3113.0,0.562838100195761,4.198455097557648,26.96625464333444
3119.422,0.5632290655374526,4.198317498044007,26.947790391950093
3125.797,0.5634698757272015,4.198357470224692,26.93991425704275
3132.187,0.5650079453682311,4.198875270628339,26.920290890154963
3138.578,0.5511042680155637,4.198108560303439,26.912825759254083
3144.969,0.5518277964297662,4.198019399767414,26.891156950250572
3151.375,0.5520445054412636,4.198622948756258,26.880297677618547
3157.766,0.5421323442774646,4.197681575203064,26.863365831202426
3164.156,0.5449197308435578,4.197653531045646,26.844188185741775
3170.531,0.5439515622476007,4.197862353708835,26.830543294372703
3176.922,0.5426526221001557,4.198035105931714,26.819440388210698
3183.328,0.543683817541861,4.1980144360955975,26.801095194055524
3189.719,0.5423487654516189,4.198341518293668,26.790573877881755
3196.109,0.5383450509698074,4.198465777297317,26.77015134205457
3202.484,0.5381460576230587,4.198717585941019,26.753910020373713
3208.875,0.5308007134293283,4.198046673835662,26.742748752119137
3215.297,0.5314024511477786,4.198295051814226,26.731619631502436
3221.672,0.532531771455264,4.198484890361379,26.71640766699206
3228.062,0.528579433807446,4.19825951955396,26.71429136396774
3234.437,0.5301588471677485,4.198678410958101,26.696766844255727
3240.828,0.5303362786585809,4.198910414483657,26.675325455300307
3247.234,0.5271248258627895,4.1992035553050515,26.65739179045556
3253.625,0.5276338066882053,4.199049532761243,26.648182884442786
3260.016,0.5263323652544215,4.199488548857983,26.642340545886643
3266.406,0.5274532048862131,4.199796294890154,26.627796097936827
3272.781,0.5196347109170433,4.199238822624931,26.628006423373595
3279.203,0.5074514895876358,4.197918372459916,26.610191486102106
3285.594,0.504778607587057,4.198368849511914,26.593076979967258
3291.906,0.5074694870078889,4.198274167979305,26.57592801857441
3298.344,0.501210338169456,4.198858373053711,26.56541644808513
3304.734,0.5045352891689046,4.198892035832594,26.557366283216908
3311.109,0.505268839754774,4.198876412234519,26.54146043706464
3317.531,0.5000728565858508,4.199255624316116,26.52813317048605
3323.984,0.5052711898833745,4.199274768446172,26.51296702323758
3330.297,0.507463538719451,4.199193572691588,26.49626623698591
3336.703,0.5045192092884236,4.199523884272671,26.47863128659864
3343.125,0.5003528144851477,4.1999713349582475,26.463165948112337
3349.531,0.4932430382137689,4.199242516951282,26.452077600810657
3355.969,0.4834787075451315,4.198198800586609,26.44351238510096
3362.359,0.4853523990424282,4.198473330290447,26.425406438383046
3368.687,0.4867324327131286,4.198411463577584,26.418306965657525
3375.078,0.48286401926563915,4.198574398684624,26.41164818943771
3381.422,0.4859127875579875,4.198580145486923,26.40293880869606
3387.781,0.48426727688784477,4.198718090741877,26.388099560059484
3394.156,0.48726175781900677,4.198908023467604,26.37404788117583
3400.547,0.48730992664864425,4.1987834547981,26.359629559245835
3406.937,0.4787187906569382,4.1995833397956845,26.336974818662018
3413.281,0.47876934818316713,4.198099348337018,26.32868666770929
3419.656,0.46725513152566905,4.199050066360157,26.31801108036985
3426.047,0.474983397744382,4.198640876829922,26.307550951738033
3432.406,0.46662356178045516,4.199409135857151,26.298029668495097
3438.766,0.47259103381706596,4.199286586976955,26.28420038168686
3445.141,0.46672234870619234,4.199184892282804,26.269703214620964
3451.516,0.470305444847056,4.1992479336733926,26.261801174806518
3457.875,0.47060191324524214,4.199684754173895,26.25483051541586
3464.281,0.4570226728002759,4.199006830523079,26.238433576946104
3470.625,0.4608258449066845,4.199128482048907,26.22966027644053
3477.016,0.4582310772739271,4.199247589891259,26.20914195467509
3483.422,0.45583525575379974,4.1995811459773975,26.20020508759434
3489.812,0.4492225809259201,4.198725274381097,26.193829909726137
3496.203,0.4466701881671727,4.198755856799992,26.187269104413776
3502.594,0.44872773557133444,4.19899010451453,26.175704099319887
3508.984,0.44614010316569486,4.198992300816639,26.167215331778916
3515.375,0.44660415886494614,4.19929249221055,26.14831364361368
3521.766,0.4466581775708401,4.199374773229747,26.141963791282958
3528.172,0.44661143910987117,4.19933360907578,26.1248690153828
3534.562,0.44799268406227116,4.199569701848978,26.117495358268457
3540.953,0.4353944268492669,4.198849317653113,26.108380969362518
3547.328,0.42504792384906753,4.19813369040386,26.102577721275253
3553.734,0.42739300660962354,4.19770837203375,26.094226802803462
3560.125,0.42405808730820493,4.198074497581781,26.079616165221687
3566.516,0.4282622026647141,4.198143595558772,26.06079715837156
3572.906,0.42557947234333254,4.197992881567662,26.056869943169847
3579.344,0.42372474932473436,4.198413959592072,26.044141235884524
3585.734,0.42603342359467966,4.198332120443786,26.021422570063724
3592.109,0.42744862885360946,4.198437723970045,26.01985386434415
3598.469,0.4258574900693036,4.198693839971294,26.00594781050811
3604.828,0.424044769476323,4.19856678654692,25.999779666414394
3611.219,0.42701225851389013,4.19885736274747,25.984428300047988
3617.578,0.42484293897561537,4.199011851598218,25.9690300582026
3623.953,0.4237225789429335,4.199346223969973,25.95961006652049
3630.344,0.42420162971262354,4.199446411713607,25.951091384748327
3636.734,0.4216950823200336,4.199538810651806,25.938745567911248
3643.156,0.4204300862268943,4.199961709958233,25.92773596762398
3649.547,0.41060417534301724,4.199035017887565,25.913328635366298
3655.922,0.4117382908037745,4.199182441186542,25.912943697986655
3662.312,0.41169958114307,4.199362855235016,25.904631827699625
3668.703,0.40881155713839434,4.199657369467909,25.88806030352046
3675.109,0.40053119833800865,4.198704453660211,25.876049652179454
3681.5,0.4019103659106832,4.19864424270117,25.87479444125108
3687.891,0.4001051858239351,4.198825103110425,25.86674067651076
3694.281,0.4026925632718264,4.1986134332152965,25.855328455686383
3700.672,0.40232283261741614,4.199029347623802,25.84008305168828
3707.078,0.4034686297508906,4.199043475100645,25.831736953652452
3713.469,0.39906622341035236,4.1991654594371814,25.819613909552096
3719.875,0.397717651306315,4.199562910079371,25.81088781696603
3726.266,0.3907470995312168,4.198556323483795,25.793123349325477
3732.656,0.3911515865598844,4.198756494970214,25.779721905600123
3739.078,0.39282016218765065,4.19885547270922,25.770757286727957
3745.469,0.389765554542623,4.19897989547709,25.764616520453373
3751.844,0.3895353491246525,4.198790099382182,25.757279049413388
3758.234,0.39043688299958956,4.199023419003497,25.743566201897444
3764.625,0.3875506806723529,4.199107239471532,25.735180982684984
3771.031,0.38987471129424844,4.1992630047367445,25.714551671645637
3777.422,0.3881488248974335,4.19956487526924,25.71793251306464
3783.812,0.3774245537201577,4.198879379076882,25.70388927107211
3790.203,0.37943779994103555,4.199027085911215,25.691869285862275
3796.594,0.3797224202487197,4.198804629069846,25.68649224511701
3803.016,0.3781649506927422,4.199214890143274,25.663705987683198
3809.406,0.37504341110812156,4.199143593247903,25.657252428861753
3815.797,0.3809968766935822,4.199477156390924,25.64438924736454
3822.187,0.37540754308402624,4.199395710797151,25.63226312498876
3828.578,0.37783701741505554,4.199481791674623,25.633485020160286
3835.0,0.37565450623703805,4.199706236895281,25.627847632051378
3841.391,0.36731725373335766,4.198888131841482,25.61387213420141
3847.781,0.36862748157542524,4.199034966778464,25.604262535665132
3854.156,0.3660184471629696,4.199196365859941,25.589852626926934
3860.562,0.36749661398485767,4.199223775378827,25.573323624764306
3866.969,0.3699663340241343,4.1991771091047205,25.560123465774712
3873.359,0.3659794210956302,4.199518934169053,25.551348118305484
3879.766,0.36574658185862996,4.199701410388156,25.55186882443929
3886.156,0.3552665669093091,4.198657575363666,25.548276004437668
3892.562,0.35699210797024955,4.1987523140161045,25.528225455151862
3898.969,0.3546769266139701,4.198723271642611,25.516701841182527
3905.359,0.35362930480638427,4.198979302441348,25.513796252961566
3911.781,0.35663611737174733,4.199106972709162,25.512691824087106
3918.172,0.35514723380305163,4.199142474433513,25.484319401181803
3924.578,0.35313193985444885,4.199293881626942,25.477852631668803
3930.922,0.35427728011768816,4.199499357791336,25.47904636019966
3937.312,0.35405227316389976,4.199370668900669,25.466473662608138
3943.734,0.3512488979132805,4.199750859526915,25.452436854275405
3950.125,0.3548561757360491,4.199807243975145,25.452203210438224
3956.516,0.35557259947526965,4.199942819505196,25.44657328390479
3962.922,0.35283080607183276,4.200127217383313,25.421356141762264
3969.266,0.35334095571092083,4.200134241600151,25.42906848332241
3975.687,0.3521078061828596,4.200542576148836,25.40927623551068
3982.078,0.35178601423971734,4.2006582342598175,25.40919673941462
3988.484,0.3437817798311365,4.199848551562383,25.397978701804703
3994.828,0.3363943684482195,4.198810088246638,25.386800809887657
4001.234,0.33400685206457137,4.198732051402704,25.384224143273897
4007.641,0.3310644733752916,4.198704291741006,25.379727001175603
4014.031,0.33410570985116145,4.198850156569275,25.36176438726589
4020.422,0.3309916891199414,4.198955190953336,25.354024055599183
4026.797,0.3306858160535165,4.199115803374654,25.351529970703886
4033.187,0.3311572066403194,4.199138110168737,25.34311495640409
4039.625,0.3316082834508891,4.199102411945578,25.33660693457431
4045.969,0.33562047997606687,4.199282730795006,25.317665544251366
4052.359,0.3331136370585238,4.1993867515572605,25.31664134354645
4058.734,0.33216297532473715,4.1992705765899405,25.304617670843033
4065.156,0.33047008517841714,4.199692627439743,25.28871653633765
4071.531,0.3309778235216783,4.199957978105276,25.283108830686107
4077.906,0.33009450950959357,4.199957710893607,25.27328755671801
4084.281,0.331001491879489,4.199935302060082,25.266877207627747
4090.672,0.3298075026397212,4.200189645420553,25.26733213778819
4097.062,0.3284903994709762,4.200526236588476,25.26114451796721
4103.5,0.3292512902262855,4.200291331006161,25.245044941551424
4109.844,0.3273678748309787,4.200653935087621,25.24272545100898
4116.234,0.3212693350327663,4.199870818722583,25.23299478550196
4122.641,0.3080823154835499,4.1989060009678445,25.229939938133015
4129.031,0.3099596852905023,4.198853117002716,25.210745784139704
4135.437,0.3107384823734437,4.198939982556569,25.208989077308512
4141.844,0.3100167820240211,4.198902439854071,25.20206339301527
4148.219,0.30660934176530796,4.19903889603007,25.192854590446608
4154.609,0.30976827336780915,4.199206942357175,25.181626702934224
4160.984,0.30746030672720615,4.198929037164465,25.17573774348302
4167.406,0.31167147468551754,4.199242723848766,25.178377537374093
4173.812,0.3072429192909699,4.199430066869253,25.16074740019702
4180.219,0.3081627676300288,4.199227398192959,25.149910957538985
4186.609,0.30756061170686255,4.199510641605924,25.141148372925255
4193.0,0.3105676211184698,4.199454030754946,25.126342133558836
4199.375,0.30837448926396577,4.199714768443216,25.116141117674037
4205.797,0.2956599988059564,4.1989896274141065,25.11369181289657
4212.172,0.2995040311863903,4.198663815246551,25.104349768439214
4218.578,0.29684026708552713,4.199064946843659,25.103415965492502
4224.953,0.2964225206521906,4.198950578117968,25.08945431093061
4231.344,0.296314974321189,4.199374953159263,25.082128036428717
4237.75,0.30020287247185035,4.199255482221035,25.078142195370894
4244.141,0.2983259169616408,4.199318010335468,25.064485351072722
4250.516,0.2984910037616593,4.199481630351214,25.050399006375955
4256.906,0.2961721210648633,4.199633768998581,25.046342866018435
4263.281,0.2968374961725542,4.199616318635581,25.0317456233234
4269.703,0.29687955863623844,4.1997732277862125,25.041406273117683
4276.094,0.29806459932834783,4.199819066945065,25.026239253948376
4282.469,0.2944427566428408,4.199826900466998,25.029727669861806
4288.859,0.29688296553380633,4.199901683095226,25.015100839765143
4295.25,0.2953788477358324,4.2001314758023796,25.001640402719058
4301.656,0.2946789277213555,4.2002442234838275,24.998542573590292
4308.047,0.2958152545535727,4.200499812850017,24.999802976468462
4314.422,0.29555925382406,4.200600013980529,24.98489512505634
4320.812,0.28408280535579933,4.199742024070844,24.970945358794967
4327.203,0.27618406732300316,4.198685209601436,24.96375566850963
4333.625,0.27471458956906486,4.198789378023702,24.9552348149844
4340.0,0.275335710533502,4.198783895715098,24.955214069915662
4346.391,0.2750069510584257,4.198832883726411,24.944922580782308
4352.781,0.27511049002375676,4.198877908267622,24.932194594965495
4359.172,0.2755442893605096,4.198804692377272,24.92690959063195
4365.578,0.2749263100155745,4.198913142608082,24.922277335600878
4371.969,0.2733588697660443,4.198682482924924,24.91779535695371
4378.359,0.2723003398788209,4.199013477559241,24.910006207673586
4384.734,0.273467064299114,4.19912208096164,24.904642426471433
4391.125,0.27277538716979827,4.199122034802354,24.89951563793434
4397.547,0.272339064009672,4.199214839734245,24.89706953920785
4403.922,0.2716024092183068,4.199430947724397,24.888205246878226
4410.312,0.2733947708325252,4.199321115748956,24.884205926038394
4416.703,0.27504826820441214,4.199543754899472,24.86841350324999
4423.109,0.27215981949858953,4.199383198546082,24.867685835912066
4429.516,0.27007389367412854,4.199762916812365,24.864479551550165
4435.906,0.27036562973062495,4.199860732768826,24.86608904371583
4442.297,0.2752937244142628,4.200052013267665,24.856266265854014
4448.687,0.2705877786100663,4.200092928520363,24.84990703387247
4455.078,0.2701604926616469,4.200159633508525,24.843113424227745
4461.5,0.27176200361885017,4.200283923927925,24.837051434209204
4467.891,0.27071838950179017,4.200312670241163,24.818338860433812
4474.469,0.2731439455714247,4.2004174996095545,24.81687289635889
4480.906,0.2692348639857232,4.20053925642979,24.81773403368539
4487.328,0.27355743961126644,4.200542236928273,24.80947713616649
4493.734,0.27127914757356947,4.200738674581022,24.801390904034477
4500.141,0.25946849376812925,4.200166433334986,24.796314657325986
4506.547,0.25284597339327625,4.198975812482046,24.786894634566668
4512.984,0.25282651417876145,4.199155015663007,24.783771125943773
4519.391,0.2516356835165657,4.1990761907985155,24.778297162255424
4525.781,0.25163519544989044,4.198955389821226,24.770711390156904
4532.172,0.2549624544680614,4.199118395398146,24.765910349327722
4538.562,0.25215568279671347,4.199108552615473,24.75440947515881
4544.984,0.2505563764524448,4.199052012400796,24.75383489103994
4551.375,0.25337662014752677,4.199120060190274,24.750106683255673
4557.766,0.24999880864323545,4.199234843738396,24.74009202105674
4564.156,0.2523663961454865,4.199182774225909,24.73944232929496
4570.547,0.24921495002035515,4.199659396369825,24.724811968547833
4576.969,0.24984772509110606,4.199696718300089,24.726743425726777
4583.359,0.25010284208480693,4.199712294632759,24.723214509135122
4589.75,0.2474312894690865,4.199499410668173,24.714970558777285
4596.141,0.2489569547185724,4.199890174200929,24.704066900236374
4602.531,0.24881642226671816,4.199933228310999,24.689517577923038
4608.937,0.24785038812516577,4.199611276214733,24.692029159214
4615.328,0.2504954215156094,4.200256661746137,24.687794344479858
4621.719,0.25028420292185566,4.200033919902548,24.692661944037603
4628.094,0.2493925054261901,4.200163945735746,24.68868051006439
4634.484,0.24645812620566646,4.200416432600126,24.68204539831367
4640.906,0.2450304696172212,4.2002273698176955,24.666498029585398
4647.297,0.24699363292740562,4.2006460781848425,24.66876178148686
4653.687,0.24072759222282136,4.19965793655823,24.658429483086046
4660.062,0.23838320476320582,4.199730370733274,24.64248802469423
4666.453,0.2400460896701356,4.199628554084778,24.64291762436036
4672.875,0.2370520926632793,4.1997793930378196,24.635321087434
4679.266,0.23749972212654635,4.199782481727779,24.629544264751317
4685.641,0.23769735226728056,4.199851816571415,24.62300220398064
4692.031,0.2364171043690274,4.199845486247575,24.621201137314436
4698.422,0.2354053217269862,4.199994134906,24.617859402426287
4704.844,0.23772020657564405,4.200161637666717,24.612404049326845
4711.234,0.23760721710121271,4.200228401029342,24.604713881889236
4717.625,0.23527956392411073,4.200081589058006,24.596842664462788
4724.016,0.23554292858515577,4.2002990740619435,24.59560724613984
4730.406,0.2367957490058996,4.200447189171964,24.575226181595436
4736.812,0.2345748153115131,4.200560962469667,24.578474643422048
4743.203,0.22435565692024453,4.1996777859612475,24.566428320808395
4749.594,0.2265663705458399,4.199637416991555,24.56307037530356
4755.984,0.22692042917231237,4.199660780538288,24.561678166121144
4762.375,0.2236012400762231,4.199460754870874,24.54556657396267
4768.797,0.22757434392028011,4.199598879610698,24.55565733970812
4775.281,0.221878781100506,4.199753028671713,24.535284082738304
4781.734,0.22292364359959527,4.199613249434651,24.539796893536707
4788.078,0.22637821204460495,4.200176356520545,24.529362862022218
4794.453,0.22448503591157418,4.199961541923394,24.528523092691767
4800.844,0.224306816216871,4.199908233316914,24.516366125304565
4807.187,0.2264677044410887,4.200233861570757,24.516061916641686
4813.578,0.22563463243067922,4.200054988606704,24.506005496343633
4819.953,0.2203531684533857,4.200182415882939,24.50208132588515
4826.344,0.2261034858395026,4.200453885981816,24.502067217543303
4833.422,0.22259750479538365,4.200574769824405,24.493307509047142
4840.422,0.21614438756122142,4.1999510884695,24.490725898987144
4846.812,0.21358664128302096,4.199786002050877,24.492392959816687
4853.203,0.21517193875436696,4.199407896843486,24.477975673449336
4859.562,0.21372906444230996,4.1997450721317025,24.48683039440684
4865.953,0.21404345971318908,4.1996107516537595,24.47146781999254
4872.312,0.21330035454766838,4.199576343905,24.4768716339476
4878.656,0.21423783002783786,4.199660119822837,24.4614667689562
4885.031,0.21369259725986084,4.2000756324244835,24.46890195175582
4891.406,0.2129233678027754,4.199981540673175,24.438971590037017
4897.797,0.212925987079812,4.199913373278097,24.44376054625111
4904.203,0.21360219462495814,4.20004872700952,24.439524913898385
4910.594,0.21364415636714734,4.200157418469736,24.43594581564667
4916.969,0.2145220471012476,4.200308956498662,24.433568334131454
4923.344,0.21755302625661813,4.200511470965902,24.429243314499928
4929.734,0.21399217813145915,4.200386038423269,24.42763994505047
4936.156,0.212368045915227,4.200488894431128,24.421268665105128
4942.531,0.21080556249801877,4.200318911965809,24.41745747129635
4948.906,0.21340825540326647,4.200679333658446,24.418607530105184
4955.297,0.20453454238378935,4.199742676946295,24.413509149185224
4961.672,0.2034781411376461,4.1998614150548805,24.406536602604685
4968.094,0.20429876075864153,4.1995713247946975,24.394921525549037
4974.469,0.2009117829905399,4.199763034245492,24.39380922094612
4980.844,0.20003298792501353,4.200024905755258,24.386559630534915
4987.234,0.20434513323304812,4.20001709816128,24.38498820027249
4993.609,0.20239711372835828,4.199912260703002,24.389247773396637
5000.016,0.20603421849871642,4.20006147974725,24.382976092582812
5006.391,0.20526977733857685,4.200296089016126,24.386959849572115
5012.766,0.2009623139190579,4.200177972756324,24.378299335993525
5019.156,0.20168839388721857,4.200222394593264,24.37228645709446
5025.516,0.20122026680433366,4.200150124066461,24.363123606065695
5031.937,0.20285919856256943,4.200365453801855,24.34981697109072
5038.312,0.20018029198216605,4.200549386665472,24.346711613201233
5044.703,0.19767018164005729,4.200363441278691,24.34246509110567
5051.078,0.20146782727426663,4.200680029453119,24.346518903765634
5057.469,0.19091672824245132,4.199533019327593,24.346818397669903
5063.875,0.18959449481643792,4.199549430545756,24.334486649985024
5070.25,0.18906081558496685,4.199521386322286,24.34238925685276
5076.641,0.19523803998167,4.199637332317623,24.339200570829295
5083.016,0.1917775250952768,4.1996664493239,24.322522768585067
5089.391,0.18869836469390847,4.19977358654111,24.32232434276323
5095.812,0.19218638884901318,4.19980084224643,24.31337178154016
5102.187,0.19178280937951797,4.1995280887171536,24.32221589250731
5108.562,0.19034130647908154,4.19996095009761,24.312362695610467
5114.937,0.19448758437145625,4.1998908276137366,24.312696591261627
5121.328,0.19147745748013328,4.200096128456307,24.314105033911503
5127.734,0.19319281064877883,4.199949996558928,24.301751465144015
5134.109,0.1891456162906817,4.2002792370811015,24.289447947284806
5140.5,0.19009415395858603,4.19994449589391,24.28372345132674
5146.875,0.19110192279685884,4.200027018860703,24.282784890921477
5153.25,0.1919243121126916,4.200241182095886,24.28644824325465
5159.656,0.1881557016516293,4.200298586390291,24.27291556706786
5166.031,0.18846336941606445,4.200498264169563,24.275250229523568
5172.406,0.18783212480611566,4.20058022998568,24.273794615789317
5178.812,0.1789074632209693,4.199648242801159,24.273496052737542
5185.187,0.17939828545991335,4.199413181046343,24.26313127205661
5191.594,0.17926895559966582,4.199240482949788,24.268944517116054
5197.984,0.18237556165949012,4.199446800396429,24.264164712090476
5204.437,0.18052257846010508,4.199716288671277,24.262547526410014
5210.781,0.18107255559345573,4.199828295173567,24.243307041359742
5217.187,0.17674165758372207,4.199660637919512,24.244195923707316
5223.594,0.1791701827796121,4.199656604112436,24.24797727200512
5229.984,0.177025876540392,4.200026259838227,24.243751874235816
5236.375,0.17863269145763055,4.199930555856169,24.251114490074823
5242.797,0.17925039407413063,4.200263475177339,24.244239688005095
5249.156,0.18006502276416866,4.200175906075152,24.235510492123318
5256.187,0.17849272086952914,4.199972718034358,24.232191493379723
5262.531,0.17628385329114865,4.200141610162877,24.22565972944691
5268.953,0.17982107754786775,4.200416462027328,24.21645620513545
5275.328,0.18231308028797646,4.200085558283593,24.21227012259024
5281.687,0.17610552649935304,4.200212508137709,24.20896455103158
5288.094,0.179381932560096,4.200635096992797,24.210120238960602
5294.453,0.17853438747106942,4.200232044249245,24.191897876816334
5300.812,0.17670170333465457,4.200467541653805,24.199892932969803
5307.187,0.175518901306682,4.200348315115274,24.19215787329266
5313.578,0.17631080244826508,4.200687173985171,24.198987916589815
5319.953,0.17692033022358178,4.200642592335603,24.180034321133526
5326.344,0.17877691207019425,4.200938421984762,24.17364407917423
5332.734,0.17691869409167177,4.2007218385427985,24.185993949481812
5339.125,0.17707907272986553,4.200776868508289,24.173388149132098
5345.516,0.17745627576921005,4.201044819561347,24.16943801198584
5351.891,0.17437521917308435,4.201127587311528,24.16565777816114
5358.281,0.17923635230188886,4.201168581955409,24.1592294318447
5364.672,0.17511847717858986,4.201006850729112,24.163513517569115
5371.062,0.17935402719981605,4.201376009195032,24.153845671700843
5377.453,0.17727325041417677,4.201350571802314,24.145393043271618
5383.766,0.17902762418628143,4.2014944218326,24.1519158942969
5390.094,0.18082293042584896,4.201515121023657,24.153936474079
5396.437,0.17870685178430679,4.201343298979086,24.147983049763273
5402.859,0.17534673910198317,4.201850637296282,24.141783341483656
5409.234,0.1663064870135828,4.200589444611939,24.143249738523004
5415.609,0.1540747325588703,4.199778283832097,24.134029714733988
5422.0,0.15773211566382145,4.199615863149435,24.128863647642348
5428.375,0.15913707404397845,4.199541427560542,24.128507898309667
5434.797,0.1576105754089699,4.199690219750459,24.12430745271168
5441.172,0.1576434608159908,4.1996901351457225,24.12188870430218
5447.562,0.15599247532448524,4.1996648411031705,24.12867762888296
5453.953,0.15812642310613242,4.199579051651374,24.127611054266474
5460.328,0.15893785861257465,4.1996237598158865,24.12562914943793
5466.734,0.15620873994275752,4.1995585723686695,24.11859947481686
5473.125,0.16061175287912968,4.199877880056467,24.11159841751769
5479.5,0.15620750355861993,4.199828478095948,24.11743685262353
5485.891,0.15540723524270667,4.1999115074744005,24.10989222433916
5492.266,0.15592560667420788,4.1996461839299455,24.09924226444133
5498.672,0.15650214145985603,4.199699041921463,24.102329080381473
5505.047,0.15463891595231163,4.199894189319286,24.09780035934834
5511.437,0.15567437524352704,4.200034510141346,24.091827937639124
5517.812,0.1577239430856092,4.200135209904831,24.082221926743518
5524.187,0.1568358961915534,4.199834175982476,24.0822933944886
5530.594,0.15539594925355205,4.200080241970701,24.08472139581551
5536.984,0.15797993848422312,4.2001023730635785,24.08439839575246
5543.359,0.1532174021872573,4.199994334290218,24.072673603806244
5549.75,0.1587922889322491,4.200304782733385,24.074159477246667
5556.125,0.15745875220473032,4.200149614332552,24.069440265890087
5562.531,0.15464574540340503,4.200148328914739,24.071548545884568
5568.922,0.15758989399258497,4.200130175932147,24.073156676723496
5575.297,0.1585910965281121,4.200529156230005,24.068925379862204
5581.687,0.15520156789498257,4.2006990290799395,24.064094435952065
5588.062,0.14220328840446453,4.199301765571666,24.053528327927726
5594.469,0.14499475146202823,4.1995729493576315,24.050410359959
5600.859,0.14293695657173305,4.199423776639684,24.055515865576144
5607.234,0.1452670713400932,4.199530587580583,24.04918107711441
5613.625,0.1466301313168745,4.199677785795824,24.045245090794143
5620.016,0.14426240932719286,4.199603407222348,24.045280474976085
5626.422,0.14661453920317408,4.199449639484457,24.0354453233945
5632.797,0.14570270175116337,4.199271093321575,24.034909336415623
5639.187,0.1478385125906158,4.199361566471952,24.034111619546884
5645.562,0.14366942475191782,4.199592293194,24.041223295737854
5651.953,0.14870691460801813,4.1999373921786365,24.02470215974991
5658.359,0.14529041004360296,4.1996949932495315,24.024669189954974
5664.75,0.14406093701579156,4.199712045663201,24.02954381649542
5671.141,0.1460383758673991,4.19949899445255,24.012943271230224
5677.531,0.142565308277515,4.1996527594237785,24.01155482379511
5683.906,0.1446953210444522,4.19985734196389,24.024904243536454
5690.312,0.14421156596995346,4.200000598988642,24.011600980139352
5696.703,0.14240526947265256,4.199648236433622,24.016732253924452
5703.094,0.14619151309238465,4.200248711216048,24.016691928312675
5709.469,0.1433109159144153,4.200022860169177,24.0059506218386
5715.859,0.14207452220842615,4.2000252081769895,23.999798091219745
5722.281,0.14244066006966902,4.199805868322443,23.995552831270626
5728.656,0.14579609910276498,4.200060622198372,23.99419203567659
5735.047,0.1424538666003262,4.20021173552885,23.98860645998357
5741.437,0.14845344559916168,4.2005260122333725,23.98747717957563
5747.812,0.14347057604985614,4.200163679274347,23.975745944842696
5754.234,0.14531323186299824,4.200333833625568,23.979861589124848
5760.625,0.1433929897162175,4.2001135020057285,23.973789472821803
5767.016,0.1422375522339243,4.200484362135897,23.98165664879438
5773.391,0.14610073317921304,4.2003332710902805,23.977909401392996
5779.781,0.14352061259593288,4.200676492240112,23.9818930287533
5786.203,0.13416954300588277,4.19967448356799,23.977294243565755
5792.594,0.1309266201978715,4.199426910657997,23.98301218857931
5798.969,0.13447121924538552,4.199711846607483,23.968335832784042
5805.359,0.13408773021906226,4.19963940624734,23.97689701366207
5811.75,0.1286409285541966,4.199783819126534,23.973536985250075
5818.187,0.13368326587240198,4.199578480427664,23.976530167495753
5824.531,0.13537741991473257,4.199775211056057,23.97183297941565
5830.922,0.1347714214395602,4.19952238432735,23.957511128745384
5837.297,0.1338902028546512,4.199688309297261,23.968745291340866
5843.687,0.1317708244530723,4.1997874819074665,23.958775027952
5850.109,0.13522745525825838,4.1999592498806235,23.969211643542238
5856.5,0.1338613025331891,4.19959667747858,23.961619405927934
5862.953,0.13445945180657987,4.199752976976757,23.954219879731262
5869.375,0.1322217557727449,4.199868617222064,23.95095629325288
5875.766,0.13082038493667686,4.199887095865837,23.939585225135065
5882.172,0.13357866090498136,4.199927448010426,23.95296847789979
5888.594,0.1346037103178496,4.199889110327015,23.94400175748164
5894.984,0.1317549603364392,4.200044355402974,23.945887705721237
5901.344,0.13184081568567965,4.200147682828368,23.943771261473586
5907.766,0.1322293560556836,4.200289433742734,23.941956683314356
5914.094,0.13453262446938147,4.200009648554331,23.927212624036823
5920.531,0.13329334130648593,4.20027077097071,23.935850410474767
5926.937,0.1333501240658203,4.200316544104538,23.928362954434583
5933.312,0.13499766778099948,4.200512075272075,23.92973731902487
5939.703,0.131107738798196,4.200428058658106,23.9272031634751
5946.094,0.1317149528568086,4.2002583041974475,23.92387800442404
5952.531,0.13322738491130107,4.200271159341668,23.928482459860223
5958.891,0.13052081366026277,4.200420125572277,23.920624464393292
5965.266,0.12947167608602156,4.200454278424382,23.921835701838358
5971.656,0.1335325526057243,4.2006084590693975,23.91839342519145
5978.062,0.12096827626910563,4.1996421807333855,23.918997668834134
5984.469,0.12318712551387496,4.199752081911148,23.91403469961887
5990.859,0.12222840294587807,4.1997970016308805,23.908342253084506
5997.266,0.12103613644449851,4.199915175187044,23.904653491357323
6003.609,0.12148316086172081,4.199645292102421,23.894701089530724
6010.0,0.12193772388537477,4.199510185234238,23.904849412902927
6016.406,0.12235478023359672,4.199450261630662,23.90125649014084
6022.797,0.1212642506712229,4.1997683640448304,23.88969919731816
6029.203,0.12004129250473441,4.199767021446412,23.881151507078524
6035.562,0.12099712408822613,4.1998460451531825,23.88596564204547
6041.922,0.12411052777556811,4.199516529141469,23.881365954077694
6048.297,0.12234004927632094,4.199850703749971,23.886302325367666
6054.687,0.12582166807277964,4.199684285435115,23.88590584718522
6061.062,0.12078544547331496,4.200123579115099,23.896008229589007
6067.453,0.11886489655948884,4.199901045866438,23.884858922734022
6073.859,0.1192109036516907,4.1999644983516555,23.873331566176347
6080.234,0.12137046156714487,4.2000514884496,23.871886402838683
6086.625,0.12105792298652245,4.200009234846536,23.866309580482884
6093.016,0.12353972068399074,4.200371322433053,23.875418811070894
6099.406,0.12301549347194225,4.200231653504398,23.871489237336533
6105.75,0.12271682155539783,4.20043569650759,23.859373884438572
6112.172,0.12056556119275064,4.200163727836575,23.856147846515746
6118.562,0.11954172723482656,4.200244534075057,23.869465707687187
6124.953,0.12132766687983455,4.200251676572881,23.862362860870395
6131.344,0.12093284151802422,4.20025137345059,23.870534489427552
6137.75,0.12321619474611567,4.200359747994869,23.861073301515734
6144.125,0.12401176828921014,4.200512233878018,23.86472531759396
6150.469,0.1204505233308732,4.200163397478772,23.86289218324689
6156.875,0.1230423572955568,4.200456347531209,23.853649547476973
6163.266,0.12176970809623566,4.200548211985691,23.84254386347347
6169.625,0.11929594910959493,4.200598495218361,23.839262796980197
6176.0,0.11773620911682046,4.200399575142566,23.844702920437534
6182.406,0.11933487731102124,4.200593293812747,23.847432620333795
6188.766,0.11963115192606777,4.200607755483799,23.84823479275729
6195.125,0.11976516153939812,4.200791437162009,23.845814952498223
6201.484,0.12144300829648269,4.20073678338861,23.847091621619615
6207.859,0.12245666291391487,4.200791653825919,23.843272934443295
6214.281,0.11804047437796326,4.200546009446776,23.834668738340692
6220.641,0.12214296696942906,4.200811481520507,23.83880558924327
6227.0,0.12221515135950647,4.200663931069042,23.83720738967376
6233.359,0.11737782292089924,4.200878526851356,23.832417726127478
6239.75,0.12169366516082376,4.20080054910814,23.834243591699753
6246.109,0.12072122684014967,4.201000144291123,23.838654358516038
6252.437,0.1213385838029584,4.201049111760353,23.825763885292837
6258.828,0.12085615155985886,4.201075784011643,23.82949455124524
6265.234,0.1198513624455638,4.201133885361726,23.829389255436567
6271.625,0.11847872742033154,4.201354701793459,23.823265710332855
6277.984,0.12059428236862021,4.201306271386679,23.82429183369117
6284.344,0.12231565405510536,4.201396110912784,23.82248181256132
6290.703,0.11778509871922656,4.201544723845509,23.819265575471373
6297.062,0.11783624246128037,4.2014688368705,23.813313348016866
6303.453,0.11775534878906155,4.201271549064604,23.810129907187612
6309.812,0.12035864209181683,4.20143060285318,23.810668584662654
6316.172,0.11755692379526954,4.201722434605629,23.80613627632603
6322.531,0.10838503796132716,4.20049529062154,23.804125425869422
6328.891,0.10704310372528583,4.200697843047795,23.80290991541701
6335.562,0.09995202973043603,4.19964256532554,23.802961979931027
6341.969,0.10166185071951965,4.199642253693776,23.79861844686585
6348.359,0.09961256995469064,4.199249525728635,23.80356053222188
6354.75,0.09695214773298513,4.199458098135096,23.800270773741776
6361.141,0.09845491297899595,4.199381961056797,23.80326926199
6367.562,0.09927449218557842,4.1993889892240635,23.80166325432286
6373.953,0.10184374308231006,4.19949030021858,23.789684371828738
6380.344,0.10038877269923437,4.199044878951313,23.799781829888317
6386.734,0.0980718292979031,4.199430238884766,23.78725070931901
6393.109,0.10010657039421009,4.199208914238298,23.79041338771233
6399.531,0.10187207373355005,4.199515497436771,23.78698133862312
6405.922,0.09995287347049796,4.199314485294582,23.772310749668964
6412.266,0.09854052343968718,4.199242583065998,23.77764462649551
6418.656,0.10052211048198736,4.199310267354351,23.772720698690566
6425.047,0.09918705072941289,4.199456123032632,23.764082521317754
6431.469,0.0991663210803086,4.199350946860855,23.766522119458482
6437.844,0.10031376436110895,4.199404793929421,23.76496225686556
6444.234,0.09024920229447102,4.198623458586434,23.763950502465768
6450.609,0.07804169253273255,4.19751959589398,23.75435218976657
6457.0,0.0819184320574066,4.197286550499249,23.7628298240635
6463.437,0.07815889263589368,4.197242657677561,23.75631204893651
6469.828,0.07955490535216178,4.197171208742274,23.763588436429988
6476.172,0.08116919824073293,4.197013311880086,23.752076666350955
6482.562,0.08139407613855704,4.197058164161944,23.747211487604442
6488.937,0.0807632240294162,4.196932978734658,23.75580862845051
6495.359,0.08037465494674284,4.197064271342766,23.7444863288025
6501.75,0.08287594325153522,4.196960609053828,23.73815685559649
6508.125,0.07926811695131851,4.196784478238023,23.748500421382186
6514.516,0.08157860327309521,4.197102750746371,23.749667304727403
6520.891,0.07963399428105106,4.196998674007125,23.756222193033476
6527.312,0.07878158938320462,4.196812536144511,23.750427512021147
6533.687,0.08073659597583813,4.196997789049904,23.75276031828143
6540.062,0.08398070820934893,4.196824806000541,23.74924886689521
6546.469,0.08012592282032353,4.196792140745119,23.746202744266395
6552.859,0.08125618474875236,4.196823811338108,23.738662906180288
6559.234,0.08002324727646656,4.196780951807012,23.74364426957848
6565.609,0.08330027904226554,4.196846871195313,23.7492892301333
6571.984,0.08051375783692831,4.196810009939731,23.74393312864438
6578.406,0.08135788698910222,4.196878153251225,23.729563747236767
6584.797,0.08234148013603469,4.196719442698322,23.7410807275643
6591.172,0.08072538196136371,4.196758652416253,23.737691250250073
6597.547,0.0832978408056069,4.196707130010221,23.73193860357616
6603.937,0.08281868046641491,4.196739931911765,23.731924342177827
6610.344,0.08016173216921309,4.196839455542358,23.73777475908179
6616.734,0.08232176562938104,4.196767338441958,23.733342140575818
6623.125,0.07708898757550076,4.196880399180633,23.74145197947782
6629.516,0.08012554931053135,4.196694145046881,23.730308768552252
6635.906,0.07991363383932897,4.1968913075799135,23.72035050593173
6642.328,0.08148192867227548,4.196965982620183,23.729061852646407
6648.719,0.07233488141372733,4.1959379346915044,23.724547552326722
6655.062,0.0808625973836184,4.196905268279814,23.71964335352235
6661.469,0.08107131201098297,4.196587625852892,23.726844373486575
6667.844,0.07469382009385701,4.195979554177796,23.714126213230795
6674.25,0.07962120343118176,4.1966033082050185,23.722853533999416
6680.641,0.08185538423519462,4.196660911467195,23.712721799669907
6687.016,0.08406650204298143,4.196732581370642,23.714247525327526
6693.5,0.08277111222506017,4.196859403906127,23.715833647565304
6699.844,0.08052682182819493,4.196964838169146,23.712512248064623
6706.234,0.08164988564028275,4.197086484258711,23.713551178018943
6712.594,0.08351454061866452,4.196775055823933,23.71498670422653
6718.969,0.08113287973499107,4.1969153087003495,23.71729534391426
6725.328,0.07946849312894162,4.197052399820256,23.714036075844305
6731.672,0.08051114290239478,4.19676168316825,23.70400679149197
6738.094,0.08088653864755087,4.197172517946016,23.712868456120006
6744.484,0.07966238704137835,4.196991808293308,23.701990419505872
6750.891,0.08088504593333606,4.197033475587812,23.7041256435894
6757.234,0.08319977400074474,4.197004255642706,23.71031904393151
6763.641,0.08052767186983963,4.197246297888498,23.697819375709866
6770.016,0.0823203180791546,4.196954194585306,23.69867645893819
6776.422,0.08173306210482649,4.197127644317037,23.702265819623307
6782.75,0.08210290579467094,4.197161744450958,23.692141050382727
6789.141,0.07973714468314094,4.197301727927589,23.691555906010862
6795.531,0.0773195449318086,4.197186969172841,23.68060945291042
6801.953,0.0812050947102095,4.1971060744809625,23.678928791639795
6808.328,0.08063823361512758,4.1972044599522595,23.684743700616178
6814.703,0.08008199579572912,4.1973301305703625,23.685290761795823
6821.094,0.08061577442094045,4.197364366196914,23.6768069655366
6827.484,0.07839245865404074,4.197473545809822,23.680069773641602
6833.891,0.08361460483521482,4.19723992351272,23.67752780739908
6840.281,0.07979551503454667,4.1973695472806645,23.680809824495107
6846.656,0.07845049260787222,4.197374603392243,23.680840898265764
6853.047,0.0813522198640457,4.1971263708273545,23.680803080901214
6859.422,0.07759324789887984,4.197282565474685,23.67822402534457
6865.844,0.07683213934698006,4.197783914775946,23.675425260553148
6872.219,0.08239396927144194,4.197454215051641,23.6799660017514
6878.609,0.08176793234811287,4.197579081081993,23.68201642478874
6885.0,0.08081741805809824,4.197476366672343,23.67755888679091
6891.375,0.08124076944995139,4.197424555360847,23.676237780337775
6897.781,0.08123387276454092,4.197567719840805,23.67406380177146
6904.156,0.08174682967608632,4.197619656164084,23.668914169701274
6910.547,0.07808498605724094,4.197654206830313,23.665195744844816
6916.922,0.07878892758270528,4.197631000732937,23.661273797599147
6923.312,0.07717900844413847,4.197613807944482,23.67696707475148
6929.719,0.07938484877814152,4.197710561964596,23.67441248076953
6936.109,0.07809968098930925,4.197586096734163,23.6677379153429
6942.484,0.07847330692346269,4.1977625198676884,23.664940681539942
6948.875,0.07857276462633128,4.198145854602413,23.663816509938936
6955.234,0.07921520064347262,4.197871008855283,23.65880826871964
6961.656,0.0776803265954565,4.197778256787332,23.66214683822546
6968.016,0.07725579292528126,4.197933152830815,23.6580890973627
6974.406,0.07949608648413317,4.197971147119955,23.657929164865955
6980.781,0.07923197996707933,4.198130899376808,23.65365820731887
6987.156,0.08099075203026912,4.198026301846031,23.64824475125626
6993.562,0.07984709531586184,4.197667881760712,23.65178144795487
6999.937,0.07898656611542916,4.198139741854388,23.647209826159436
7006.312,0.07704144986383937,4.1980677647515705,23.642150805156678
7012.703,0.07856682919228403,4.19805918462214,23.642870025588092
7019.078,0.0794562341010782,4.198039926818775,23.639645778691033
7025.484,0.07966530362836044,4.198002364296913,23.645609168627782
7031.859,0.08196579967450221,4.198322782950707,23.641754179406004
7038.234,0.07831355142186831,4.198057929485037,23.641857809382437
7044.609,0.08111727545689089,4.198296987428404,23.636551223220355
7051.0,0.07963323814265783,4.1983533072865855,23.633272098998162
7057.406,0.0779224940912249,4.198145136164216,23.64065201524825
7063.797,0.07841987450139115,4.198252076040199,23.637923749494192
7070.172,0.07880626433691577,4.198391725567664,23.64124824436917
7076.562,0.0760339283100235,4.198569869326375,23.63364448640377
7082.937,0.07704943356965059,4.198446210411473,23.64675701316092
7089.344,0.07757749434774452,4.198463433570439,23.647296008850628
7095.719,0.07608859153065355,4.198311323148371,23.64606987781511
7102.094,0.07866969900723345,4.198359745561773,23.644325109393694
7108.484,0.06956934870593424,4.197707045821911,23.638606713481188
7114.859,0.07192254124157467,4.197090312697559,23.6334760094566
7121.266,0.07076944349643431,4.19761898132979,23.630467314343505
7127.656,0.06848012169546805,4.197622988069937,23.635535864479586
7134.016,0.0717338763898832,4.197622463004167,23.632545484752566
7140.391,0.06783428146089865,4.197675309708183,23.63987157084924
7146.766,0.06659683156455488,4.197610450550829,23.6225676300084
7153.172,0.07094003051609496,4.197481626872767,23.616801056684253
7159.547,0.07176025720108992,4.197403025882604,23.621952007018944
7165.922,0.07055130368830555,4.197332800356635,23.61533653871909
7172.312,0.0683513709486112,4.197308854198931,23.62200101249984
7178.687,0.06750085059316019,4.197253942231105,23.61282299900267
7185.094,0.06958124281464197,4.197463732314124,23.611783722596442
7191.484,0.06692961492960289,4.19731913384204,23.61586214286626
7197.859,0.0662676232073923,4.19743344463814,23.622430604547915
7204.234,0.0678954355754415,4.1976440364036485,23.617121882647012
7210.609,0.07067548011248101,4.1974514032458075,23.616991384770714
7217.016,0.06757344897154388,4.197364195668849,23.61565249884843
7223.406,0.06946196147657471,4.197346114382372,23.616247883810516
7229.781,0.06763448154380625,4.197791847266412,23.593153521574987
7236.172,0.0716150340055848,4.197685086796381,23.611690460326543
7242.547,0.07020891563496469,4.197420786198022,23.600549938542382
7248.953,0.0662930760992523,4.19786884783472,23.601613606046858
7255.344,0.06932319659250204,4.197466890506542,23.601040978311957
7261.75,0.06850330647586912,4.19774420899346,23.603627842389415
7268.141,0.06812228999385102,4.19739348999111,23.601162953718006
7274.469,0.06616316139100667,4.197532895121262,23.597369949158487
7280.734,0.06940987441746943,4.1978743673760786,23.594162228075906
7286.984,0.06831246815793013,4.197531011275671,23.592365960871337
7293.297,0.06960306484471905,4.197573435104837,23.59215120369467
7299.547,0.06684820021836532,4.19767220687005,23.599290833927927
7305.797,0.06933650403454808,4.197269203540736,23.591235039730382
7312.125,0.06799298962904174,4.197509964768082,23.587961589720038
7318.375,0.0691655597440338,4.1976655292267955,23.57657065668695
7324.625,0.06733873484384378,4.197760540134074,23.5861863627519
7331.25,0.0685564078400209,4.197623322298063,23.58435634606932
7337.516,0.06815345008670834,4.197707416254657,23.582485078409572
7344.5,0.06701419718556996,4.1975795679286065,23.579738847230274
7350.75,0.06842897170459512,4.197796659783843,23.582072459918344
7357.062,0.06986706176426029,4.197936258099018,23.579457397738476
7363.328,0.06717845678763225,4.1978622570800175,23.576368391648792
7369.594,0.06855061192895931,4.197781950932651,23.56838465871018
7375.906,0.06876180369037911,4.197997658500969,23.57266793930213
7382.156,0.06686721812847828,4.197927288139761,23.583413177880885
7388.422,0.06966679555311435,4.198067217774255,23.571205059065953
7394.734,0.06926244523636431,4.197913296006361,23.564545987864342
7401.0,0.06626797062275001,4.197880448982915,23.568849519782248
7407.266,0.06708633445328381,4.197839289724787,23.572395012865222
7413.578,0.0638137793762883,4.198102317402287,23.56588916688309
7419.844,0.0681437851066587,4.197859607418122,23.56420927271996
7426.109,0.06601931032085624,4.197961132742621,23.56154280117405
7432.422,0.06893839833213761,4.197895987940564,23.563998461602726
7438.766,0.05547669157231557,4.197067006471555,23.56704810710344
7445.031,0.05821883834619839,4.196956422064767,23.560052616663853
7451.297,0.050490723250713396,4.196181809218859,23.556260515961576
7457.609,0.058912312398124694,4.196900199382072,23.548912129698547
7463.875,0.056987786462244894,4.196750145915549,23.552804677239504
7470.141,0.057820034782240716,4.196802309573563,23.558047499116604
7476.469,0.06027410369837233,4.196936671596856,23.554401723865663
7482.797,0.048202410293600714,4.196029546758195,23.55736550201947
7489.062,0.057925222151898895,4.196732529434312,23.558323033108476
7495.312,0.05540253985045905,4.196734769409558,23.55866833181833
7501.641,0.057809913276325696,4.197011606667404,23.561711099169983
7507.906,0.056423901722926835,4.1969407961743554,23.55896456474639
7514.172,0.060015451919231154,4.196770411262363,23.55432414311825
7520.484,0.05679358169156409,4.197099312265484,23.550283164622844
7526.766,0.061821813091077746,4.196722606757303,23.558724729123277
7533.031,0.05618149016310353,4.19699061387739,23.55314266352481
7539.359,0.056388503127774915,4.196837405173903,23.554972045865675
7545.703,0.05765156714445937,4.19653131321534,23.560315799633553
7551.969,0.057005617760635084,4.197013763157903,23.559190568129583
7558.234,0.05722764889558647,4.197085525844726,23.554203786756432
7564.562,0.05643352955591273,4.19682816571376,23.548113020883406
7570.937,0.05791365498290122,4.197200409209115,23.54381352156037
7577.187,0.05822652356011991,4.19697009225972,23.548112844884496
7583.453,0.0571684932547098,4.196871820682869,23.552832698050796
7589.781,0.04896431775596533,4.196119159577485,23.543993721844355
7596.125,0.05554240159633827,4.196877863632647,23.54448815723579
7602.375,0.059100302935428145,4.196820098062997,23.538798037451667
7608.641,0.05679600474467335,4.1968572639606645,23.53992152721487
7614.953,0.0567896943391007,4.197060455662,23.544832664167153
7621.219,0.05346945134201058,4.19685495224327,23.54571276457621
7627.484,0.05943229906764328,4.196974282951453,23.538331475835598
7633.797,0.057482347368704105,4.197183062660404,23.547202608992308
7640.062,0.05939925050270392,4.196747773325316,23.54711766163882
7646.328,0.059442592545132,4.1971754242909425,23.547271012664265
7652.641,0.058042590446657154,4.196890556987508,23.541677827337136
7658.969,0.05644339731725773,4.196951370434631,23.542864600488926
7665.219,0.06014303458702832,4.197139003676943,23.538108396858462
7671.484,0.0586215026062968,4.196968218250465,23.543427085585513
7677.797,0.056025205555225305,4.1970370238068515,23.534170703011977
7684.062,0.05746562548942972,4.196898174203296,23.533876962143307
7690.328,0.057713067703195266,4.197210013970976,23.5317090515952
7696.625,0.05460329650974939,4.197090994349972,23.541447190880334
7702.875,0.05914370253543219,4.197252752068807,23.528810986942794
7709.156,0.057364866700342056,4.197043175936672,23.518106789641248
7715.469,0.05690179640364907,4.197103092519459,23.518411663729037
7721.719,0.05416356059941198,4.196921068125195,23.516031277275026
7727.984,0.05521668882908973,4.197270257976008,23.521024349243184
7734.312,0.05450813513891927,4.197076571955634,23.51189411858658
7740.641,0.057569501053212006,4.197225638427106,23.508469785983838
7746.922,0.04906903889756263,4.196512143944913,23.515958017170178
7753.187,0.057188663052549486,4.19716490028886,23.52802522958667
7759.516,0.05716901953584701,4.197122055548662,23.509952740184417
7765.766,0.05832586986383699,4.197154522447911,23.523656320988895
7772.047,0.05661987560627142,4.1970820400906845,23.526916103711407
7778.359,0.0459418762857156,4.196355310905527,23.51430229176171
7784.703,0.057711964459105446,4.1972819862100055,23.514283001788385
7790.969,0.05573937909842894,4.197076080122571,23.509682516221858
7797.219,0.0568527544439307,4.197125030441549,23.512866227616442
7803.547,0.04713515999111973,4.196469416882885,23.509625126291386
7809.891,0.057714521838610824,4.197325360322254,23.51729675069784
7816.156,0.05833208736343949,4.197403037673108,23.52058909084188
7822.422,0.05737394061277191,4.197550744839906,23.509796204491746
7828.734,0.05754154350786391,4.197126280451782,23.52695893853813
7835.078,0.058412747255231136,4.19750581468985,23.52282621751603
7841.344,0.05629870337499651,4.19742851072092,23.518730244228564
7847.609,0.0469043510556334,4.196524562147238,23.51641902776037
7853.937,0.05707366048386757,4.197327903361755,23.52234608120952
7860.203,0.05850516164329821,4.197030305938516,23.520988472085335
7866.453,0.057809737275825245,4.197419765752268,23.524304267615307
7872.781,0.054584846522027386,4.1975580428289225,23.513583453138843
7879.047,0.05579526943350394,4.197789787642744,23.511862771124132
7885.312,0.056237992584230664,4.197169669083799,23.514484570608715
7891.641,0.055876837006509465,4.197509073515028,23.510739194837676
7897.984,0.05407942983554677,4.197721551358803,23.503382905786886
7904.25,0.04544318120617069,4.1967040921423795,23.50498299055534
7910.516,0.047303585174099536,4.196558056597581,23.508285628252477
7916.844,0.04688198146481418,4.196657928272994,23.503272480240312
7923.109,0.04372881510408064,4.196418796234515,23.515355705071833
7929.391,0.056415471077369904,4.1973998859940975,23.50871539791493
7935.703,0.05542696618082891,4.197342720282947,23.502230579557473
7942.047,0.05527836502404167,4.197702226842647,23.507543015919023
7948.406,0.05355159633052461,4.197646120239219,23.50211809762711
7954.672,0.05567658440336932,4.198057509856883,23.50265011973881
7960.953,0.05609952676137522,4.197685164169965,23.523494743956487
7967.25,0.054994408122303724,4.197837281435729,23.521507252114652
7973.594,0.05453964437732247,4.197781895805533,23.510621871556282
7979.844,0.057561945238486414,4.197576632196761,23.517126770264195
7986.156,0.05518857642067349,4.197693513464827,23.52001484208289
7992.469,0.05685809297311644,4.198059972760722,23.516006440610564
7998.812,0.05478334195058432,4.197532157217171,23.51597889733636
8005.094,0.0537241394830942,4.197834712029407,23.521089632178697
8011.375,0.057037515841163795,4.197747527303714,23.509634896067382
8017.703,0.05612988434818599,4.197925904154992,23.50990700954832
8024.031,0.04435168430556954,4.196890257492188,23.512577080235044
8030.375,0.04775240696748566,4.196959225436423,23.501596516387437
8036.797,0.04412459047255498,4.196964187464168,23.517850003873654
8043.203,0.04490063053373515,4.196796007984955,23.506742347468983
8049.578,0.04875760396751069,4.197035932284547,23.50587546153432
8055.922,0.045402881279882276,4.196985179922598,23.508575945550582
8062.297,0.04819271730310352,4.196976158788153,23.500330077958964
8068.578,0.0449538953320629,4.1968559315646985,23.491176181846395
8074.844,0.04661007194226586,4.196860858680727,23.494361855473937
8081.172,0.043514367145878995,4.19677560153014,23.49685584303877
8087.828,0.04499832643671273,4.196817684717785,23.499173754798047
8094.844,0.04703145293303023,4.196879923178375,23.49507824283411
8101.875,0.048517200281884915,4.196840261510788,23.49753328533934
8108.266,0.046035014038550676,4.1967353159355065,23.490249177945497
8114.656,0.04707299344853555,4.196858418575961,23.48428476243187
8121.016,0.04795873558942356,4.196886928294487,23.48686728364511
8127.359,0.03607691533263196,4.195986988476974,23.490319939569638
8133.641,0.04161145781728645,4.195925875832442,23.491549674316676
8139.922,0.0329236240373583,4.1958584082435015,23.487209596848825
8146.234,0.03861304153949695,4.195724934292281,23.486737019088384
8152.578,0.0384435305637108,4.195730181461838,23.492198044084546
8158.828,0.036401675694798415,4.195585696159824,23.485263970358083
8165.094,0.037322936109941376,4.195795992200484,23.482758769272564
8171.406,0.026480019582744714,4.1946764949352575,23.484705378216518
8177.703,0.036088097018876636,4.195625498732952,23.48481780187087
8183.969,0.03644840777740174,4.195737847656943,23.484131974716394
8190.266,0.03939527052946801,4.195142324466188,23.477331200189244
8196.609,0.04747782856532438,4.196375345743608,23.479783268860277
8202.859,0.056287869286084875,4.197364169475323,23.472475286272296
8209.156,0.05670659056785879,4.1971586899812525,23.48034440128609
8215.453,0.05576348419063651,4.19769477471031,23.477455149797702
8221.781,0.05431553750870935,4.19782483837386,23.471366384697497
8228.141,0.04675628067679154,4.197074881669691,23.481716600285885
8234.406,0.04453809898057817,4.197106433512285,23.471515453594005
8240.687,0.049178328915642826,4.197107471139468,23.470696711531787
8247.016,0.048201221602957,4.1969365575755635,23.46845289640564
8253.359,0.04472836135675191,4.197068162649012,23.48040308270285
8259.625,0.04382264711111264,4.196946473457899,23.471973347813762
8265.906,0.049158885471707374,4.196784768995713,23.482445104293966
8272.203,0.04656467922043506,4.196816259481742,23.47019866306776
8278.531,0.04418586213375515,4.196766715415783,23.46713100262322
8284.797,0.04419468019576516,4.19683189410392,23.467889395554185
8291.062,0.04645719671229733,4.197120464097446,23.469577559603586
8297.406,0.04477020449254741,4.196841639948011,23.46619979379255
8303.734,0.038172193385814394,4.19618106597517,23.458155339227655
8310.016,0.037064096686183205,4.195923557593365,23.471854557686903
8316.281,0.03648207835525297,4.196269845253568,23.458719077801803
8322.609,0.04033613184502537,4.195848840935155,23.46072993411738
8328.937,0.03739667985665298,4.195861650697415,23.45312329144981
8335.203,0.03751222530467192,4.196142271594242,23.466764736213293
8341.469,0.03753423220980094,4.195975446028556,23.459272844164193
8347.781,0.034906659478801054,4.195622999955862,23.464338142194997
8354.062,0.03751949273381399,4.195800837061,23.45621791514853
8360.344,0.03857164153192905,4.19572864812874,23.45378522366682
8366.656,0.03577221812850783,4.195631938135029,23.451563875130695
8372.922,0.036662477710097674,4.1960351272742855,23.448029076484453
8379.187,0.038386355464696056,4.195731204926712,23.456471390131608
8385.516,0.037519670931504594,4.195895022464427,23.458329634391543
8391.859,0.03272691117604287,4.195973547242484,23.4536472867586
8398.125,0.03895906826065858,4.1958515678996475,23.45828620556252
8404.391,0.03787880521618462,4.195660736603307,23.45261630136472
8410.719,0.037291513137762605,4.195593455050066,23.44786246785247
8417.016,0.03719101384373506,4.195787908123802,23.4548410344419
8423.281,0.027295015179147956,4.194721239215052,23.462331451406683
8429.594,0.03792653304133122,4.195667029322274,23.453811996790357
8435.859,0.03631483143952191,4.195469499589235,23.458099677424677
8442.141,0.04722596439156458,4.196730829833091,23.46024275076618
8448.469,0.04734092307948575,4.1965648852823225,23.449469904947147
8454.797,0.045616030571975226,4.196817081340643,23.447379252814375
8461.141,0.036816687428040056,4.1959855367527,23.450096640160293
8467.406,0.03364177696842341,4.1958997504691675,23.439731046627728
8473.687,0.03886612705703951,4.195794329621003,23.453680847631038
8480.0,0.03745723638019153,4.195643255559625,23.451740497800706
8486.344,0.03666192338264992,4.195888843623935,23.454176558432163
8492.609,0.037634208643439505,4.195681954426735,23.453984630953343
8498.891,0.03802786382856635,4.19593913951005,23.455779736125766
8505.219,0.037281685539976496,4.196091049571708,23.454632948058
8511.562,0.037226241587621244,4.196086670917941,23.4544106373854
8517.844,0.034616422072649373,4.195912185008661,23.451214666809683
8524.109,0.035032917079391455,4.195680036005723,23.454753649594526
8530.437,0.03521094813542818,4.196017656124305,23.45401327908576
8536.766,0.03689368933890085,4.195876256480123,23.448558285682317
8543.031,0.03892200865293453,4.1957749786695135,23.451838633216926
8549.297,0.03710214392588791,4.195547525365035,23.45009930588002
8555.641,0.035919189281216214,4.1958295266589465,23.444992994284764
8561.922,0.033350393791753835,4.195879447259524,23.444076846665293
8568.187,0.03566780845137035,4.19628160698917,23.443662366834868
8574.5,0.0352800773056824,4.195749229294634,23.432181650789484
8580.844,0.037151394666513404,4.196255862436537,23.437773399663435
8587.125,0.0347230228412827,4.1960212071203475,23.437032298761185
8593.375,0.03355962342886664,4.195717180216221,23.44716953024476
8599.719,0.034146067443590174,4.195895686316599,23.447079193777025
8606.062,0.03876761628054526,4.1960402487910695,23.4377978820252
8612.328,0.038359032803270375,4.196050343667475,23.433689557283973
8618.609,0.036284839730908215,4.195773099322466,23.443315744322145
8624.937,0.03735163494181363,4.1959983441501585,23.43737803488981
8631.281,0.03826669776147032,4.195850589811077,23.443148772218027
8637.641,0.03612684074455633,4.1959655835122796,23.44153759506579
8643.906,0.03740821381580059,4.196127863427322,23.443795217521977
8650.187,0.03888299429959515,4.195791966844675,23.451406856806855
8656.516,0.03766940086989111,4.196012997605213,23.44703305972812
8662.844,0.03521504091813364,4.195851761046632,23.44254513275331
8669.187,0.037902173140849114,4.196278915380603,23.452855154614593
8675.469,0.0365774089592977,4.196034649115017,23.45184187421967
8681.734,0.03879748029861648,4.196005210600237,23.452573308031152
8688.078,0.03438594226113019,4.195923188079394,23.431354667184856
8694.422,0.03523095945832202,4.195860831058169,23.437633748791427
8700.687,0.03778394950099922,4.196029315169076,23.445120763501194
8706.953,0.035336035885528014,4.195987845796843,23.437038104627185
8713.281,0.03447266490083123,4.196356192515424,23.444012056757348
8719.656,0.028558700705017575,4.195565621065662,23.434705883464087
8725.922,0.034185366332792046,4.195988854700196,23.44379951784744
8732.187,0.03442382466919417,4.195952715598776,23.45396018447408
8738.516,0.037261348227395956,4.196363972975599,23.448899517673688
8744.844,0.03521762029423704,4.196062598657319,23.444481162785515
8751.125,0.03521071579041805,4.196136409539361,23.454436623370714
8757.391,0.03560602471259364,4.195950613478305,23.453802751495655
8763.719,0.03615468732993302,4.196071057352055,23.45269720967311
8769.984,0.03924851513734881,4.195813336343896,23.44396200273655
8776.25,0.03350311007528916,4.196286304560217,23.439308425647134
8782.562,0.03773980293198253,4.196207483526941,23.446196677404963
8788.922,0.036098668956737766,4.196074911812691,23.450835863830065
8795.187,0.0371514240780067,4.196154740097316,23.444636457800407
8801.453,0.03670642424802457,4.196167424212123,23.44496246166366
8807.781,0.03585995790386895,4.1960173233232325,23.44660799741855
8814.125,0.03537675002022764,4.196295803192025,23.448565329432487
8820.406,0.035386391102272,4.196465637909567,23.434329886977835
8826.672,0.0394868742179567,4.196127523493674,23.442883381288524
8833.078,0.035775968361830765,4.196189179554382,23.441789914849362
8839.375,0.023778323840504035,4.195051559347428,23.439043175990083
8845.703,0.03124167444758588,4.196390761587981,23.44091786310038
8852.047,0.03811860618640076,4.196169767989993,23.447086369513872
8859.062,0.03555521432113404,4.196393435019693,23.444434093083228
8865.344,0.037402190597327724,4.196345897550033,23.450979381789345
8871.625,0.037400287623098556,4.196125371393759,23.450053403272758
8877.937,0.036152814800540306,4.196065991594517,23.440962918163216
8884.203,0.032255944823029466,4.196365716908416,23.44835369295383
8890.469,0.03846623522454441,4.196474085670011,23.438225776491628
8896.797,0.03713352222675903,4.195994982961459,23.442738709268635
8903.125,0.03551326595716058,4.1964441896843905,23.44104582179874
8909.406,0.03547638655368537,4.196469653024423,23.43352341823237
8915.656,0.0357408168978269,4.196159419530092,23.450199903415513
8922.0,0.0347726068195856,4.196285515119948,23.428292550429095
8928.266,0.036882306478665645,4.196493775508866,23.422689901192765
8934.547,0.0271098263850724,4.1957435279890545,23.436853508040144
8940.859,0.02745316518578914,4.195503168622587,23.438498879282083
8947.125,0.03766360076034593,4.196312938610697,23.44540672537968
8953.391,0.039281838793488524,4.196142166703478,23.43434737337833
8959.719,0.0374631586819826,4.196448386337111,23.44588485126811
8966.047,0.03511482100592057,4.196501574701595,23.438089696427575
8972.391,0.03962096041874694,4.195981409275058,23.433769100297518
8978.672,0.025121963530429156,4.195616214384532,23.443022094386656
8984.937,0.028414805249680535,4.195258708871051,23.434576968297968
8991.266,0.03496657047525958,4.196182491021738,23.437334544933115
8997.781,0.03481594773064493,4.19687384805536,23.443115428164873
9004.078,0.03611118792076624,4.196692009891785,23.4403019259756
9010.422,0.03788479449845262,4.19665689420574,23.44188325101381
9016.766,0.03586189881937075,4.196454331753209,23.437760037008413
9023.172,0.039130694152336734,4.196205780076845,23.44290302378077
9029.531,0.040506527030532015,4.1963195160631,23.433290273571487
9035.906,0.0352375053915173,4.196700757052129,23.433178639719213
9042.187,0.03452506420713122,4.196427675415048,23.44496644852024
9048.469,0.03843344470993159,4.19642049823763,23.44434081047012
9054.828,0.034504844504056484,4.196713260385631,23.43956061869061
9061.172,0.030903712253523136,4.195510425902969,23.43217678485289
9067.531,0.037729349608926294,4.196128277206944,23.43224524528833
9073.797,0.03710427761126375,4.196609315911767,23.435519797016976
9080.078,0.03482090988986541,4.196537425811849,23.44453100950838
9086.375,0.0386794103783883,4.196320543840336,23.44193992225911
9092.719,0.03483886707894306,4.196420098298187,23.437091422107006
9098.984,0.03360998375515792,4.196658516213239,23.442593712153705
9105.266,0.03598908176644016,4.196756252605321,23.44603395647253
9111.594,0.0387954592456871,4.1965364878645,23.441274149466476
9117.937,0.026807704340020222,4.195669838143715,23.423956942637044
9124.219,0.029702341053696207,4.195259171403877,23.433100138594533
9130.484,0.03178343092384965,4.1965192396866815,23.439047037402332
9136.812,0.039028819032846385,4.196456103024632,23.436603387083363
9143.156,0.036674424158946554,4.196458032922651,23.432457408360744
9149.422,0.03689661995291263,4.196433557324611,23.425115236615706
9155.687,0.034473101738221844,4.196497641084103,23.425602614228406
9162.016,0.03449718332528541,4.1963831443431285,23.422081177194322
9168.281,0.03500720725427438,4.196603437137428,23.420659937597218
9174.562,0.03575140746143451,4.196473369385939,23.416085028323614
9180.875,0.03399239600774478,4.19681785067413,23.415882579444634
9187.141,0.037308397106858,4.19638591682555,23.42544730949918
9193.422,0.036602410335664796,4.196591623910432,23.421048897746857
9199.75,0.03532861593595412,4.1967677755505015,23.42128084251808
9206.094,0.03570555205885858,4.196811639498242,23.427143747574984
9212.375,0.03188079654754076,4.196979424693274,23.42359985340393
9218.625,0.033270109551486314,4.196753703466801,23.417974400233515
9224.969,0.03542861493311501,4.196607171691309,23.42700589650318
9231.234,0.03894524149845219,4.196806491374019,23.416596603460075
9237.5,0.025411665872385397,4.195831313665042,23.420282060308143
9243.812,0.027734333920364545,4.195972441538018,23.422067564629323
9250.141,0.023643546847664253,4.1956421950443135,23.42323706617734
9256.406,0.02636755271905134,4.195625041529364,23.4248349622024
9262.703,0.02729780030343004,4.195571743966344,23.41741761111371
9269.0,0.02718673647759663,4.1956878864690115,23.413224058357073
9275.328,0.02335971418738149,4.195608900614872,23.427946321468518
9281.609,0.030867460586096875,4.195593764088759,23.417168032182992
9287.875,0.026060949643585695,4.1959360145380495,23.42332088219807
9294.203,0.0266710702828916,4.195634241436279,23.42228533864751
9300.531,0.027965794013406514,4.195781382123869,23.41845139573277
9306.875,0.022450900330954305,4.195496598532894,23.41988658857241
9313.141,0.03591569536635094,4.196466546125128,23.42421471869414
9319.422,0.03708651307294729,4.196650748223767,23.41936785451635
9325.734,0.031749132706928467,4.196432595276338,23.417357639542328
9332.078,0.033941134757925664,4.1966169552309625,23.417497725966058
9338.344,0.036485521301457595,4.19693911749646,23.41177193294291
9344.609,0.037460273473214,4.196686057414858,23.404010219549992
9350.937,0.03207344308054919,4.19683403527101,23.40922776047957
9357.281,0.03635903966004813,4.196891568343722,23.41728568556441
9363.562,0.03348371416065082,4.196634389394492,23.412354297587026
9369.828,0.03376426112258025,4.1967794385520625,23.409024727914186
9376.156,0.030037102342968896,4.197119627506015,23.419608897340694
9382.5,0.03504906057420703,4.196974583310268,23.411183944394622
9388.75,0.03560605579874283,4.196771153276298,23.411849420843453
9395.016,0.03647893404163008,4.197004047365484,23.408517861377426
9401.328,0.03338708898864332,4.197133588225047,23.407416031178464
9407.594,0.033702478230578134,4.196977427465984,23.412190704765585
9413.859,0.025879208598704573,4.196130005878761,23.408826650387596
9420.172,0.024481819407453753,4.1960221394616966,23.409294619653227
9426.516,0.021421510694503647,4.1959036046494385,23.408028542286555
9432.766,0.027868407729662318,4.19588352556024,23.41621089113977
9439.031,0.023819264620767052,4.195896150441131,23.414217528283363
9445.359,0.025724433662701364,4.196089432660241,23.409127615608487
9451.703,0.02646274233696582,4.195843006642048,23.419087773733217
9457.984,0.027213599383351793,4.195997682064027,23.429285136161365
9464.25,0.0281782759114174,4.195781350816109,23.42335754372019
9470.562,0.030009367126263453,4.195696640010587,23.425408995276197
9476.906,0.02661570682822394,4.195945190841236,23.423076244873286
9483.172,0.024872002762839827,4.196113582910273,23.41969118283797
9489.437,0.02604206174261862,4.196045798655576,23.430368537708826
9495.641,0.026387631546735284,4.195597233453473,23.423459765674178
9501.875,0.026710714566867823,4.19563263002417,23.418186223996468
9508.109,0.026413453111845706,4.195517070847685,23.42412402449975
9514.312,0.03291963320375365,4.196884082360138,23.428146954152638
9520.531,0.03524210286434274,4.196708972586682,23.42283261580567
9526.734,0.03650928434535022,4.19674460222035,23.423641886404518
9532.953,0.03658930119655355,4.196829608638548,23.41728099796893
9539.172,0.03379951134425043,4.196731878700702,23.408191647672357
9545.391,0.03554448003517166,4.1969162426362505,23.40988255682757
9551.609,0.024137904626493793,4.196150503122372,23.416856922525774
9557.828,0.023948197701228816,4.19609760831266,23.40533652503493
9564.047,0.026855470934143366,4.195990774823754,23.407049178392942
9570.25,0.02536745779798962,4.196035075597955,23.413049063609325
9576.469,0.02398053643430027,4.195908387481591,23.41060997876349
9582.687,0.0246481030428898,4.195943477525012,23.401739169878994
9588.906,0.026379791235862673,4.195820316147493,23.398559091414683
9595.109,0.025704588206360773,4.195796061183712,23.402013629021177
9601.344,0.02557504266392602,4.195646394884459,23.40432070690968
9607.531,0.023789305501317217,4.195945815687762,23.403068212372155
9613.766,0.025975314759852156,4.195718686968776,23.41060884011749
9619.969,0.02611457094855751,4.19615295195011,23.406492583037007
9626.187,0.02669959493984852,4.195711740990877,23.415742855839945
9632.391,0.02517904434932551,4.1958560350708,23.412475302698997
9638.609,0.027113507035905385,4.195816421194666,23.416360300178447
9644.812,0.02443925931706471,4.1958840641995145,23.410597250286997
9651.031,0.023727507088622705,4.195892193046406,23.403394960014573
9657.219,0.02461209595612698,4.196203463780294,23.39938379502961
9663.453,0.0269578082905426,4.195844113734426,23.400609624825695
9669.656,0.030179853695318504,4.1959163335094765,23.402112205703073
9675.859,0.025796398513137652,4.195816211241778,23.40409584638457
9682.078,0.025737288419049466,4.19577157480438,23.41066997355577
9688.297,0.02478924955570737,4.195636497888401,23.39966623283393
9694.5,0.022837356334078,4.195916253969228,23.407326658768117
9700.719,0.02421023705977017,4.196150863686766,23.400035926234846
9706.922,0.023104349195127168,4.19605202864331,23.399926169845806
9713.141,0.027824908879895142,4.195738653351141,23.40591684253912
9719.359,0.024721100037976368,4.195829926315304,23.406765697155283
9725.578,0.025941684232084008,4.195773096738266,23.39839908095888
9731.781,0.02404025260812709,4.195780054484464,23.412844237585954
9738.016,0.027915387402444987,4.195821746321085,23.405206422493478
9744.219,0.022358453454443702,4.1958838745846325,23.40626880691346
9750.437,0.024898617868499884,4.195824016219834,23.413151489326406
9756.687,0.025897330990403186,4.196119916856095,23.415039028290447
9762.906,0.028988367409985536,4.195683765953914,23.40689309431787
9769.109,0.026418861754922463,4.195858876285661,23.40705131960703
9775.344,0.024051047319471316,4.195884912237076,23.408954120622536
9781.531,0.023144011419398855,4.195880713516217,23.407080796940264
9787.75,0.027993573972074356,4.195816169419135,23.414145940803607
9793.969,0.02396936425612896,4.196112959164826,23.400684580847056
9800.187,0.026506079548253385,4.195943309233797,23.41728805165585
9806.391,0.02723112253779842,4.195760920612607,23.41964555256907
9812.609,0.026908658201785184,4.1960396695965825,23.402666927475863
9818.812,0.024953607796333852,4.1958175320171565,23.403169855866615
9825.031,0.021746924216735235,4.195777786250134,23.40636032583309
9831.25,0.026653063590051623,4.195795277457961,23.405293334641158
9837.469,0.028126827759385704,4.19594792358879,23.40272762551449
9843.687,0.021093810368727355,4.195813592198971,23.403906165181606
9849.922,0.02541790532882156,4.196099434335586,23.40079089573339
9856.141,0.02417732622772841,4.196067495095731,23.404045579780874
9862.375,0.025139927430816948,4.195598534535311,23.396599330671094
9868.609,0.024236644683404168,4.19609296919822,23.404203761423453
9874.828,0.021964715033307526,4.195930938725979,23.406725443029906
9881.047,0.02469903483312506,4.196046735513673,23.407005736400837
9887.25,0.025598139563420136,4.196187428544076,23.410060608773335
9893.453,0.025441693109961316,4.1961159094101514,23.41209317067001
9899.672,0.02228005692955796,4.196036455543486,23.40703286148173
9905.875,0.020997407967773735,4.19605724937347,23.405276821126908
9912.078,0.028608616628161606,4.196102721301886,23.405655065280126
9918.297,0.024252974316485265,4.195961387287146,23.40722611035863
9924.516,0.027825775546305425,4.196005574266416,23.407940331467678
9930.703,0.025451478459129716,4.196159392872049,23.402453313249573
9936.922,0.025253832781042367,4.196051738776269,23.397662140124773
9943.141,0.026788210728763927,4.195972064593002,23.40635570375088
9949.359,0.024832737798700547,4.196286102991608,23.400147734968776
9955.562,0.026050030594702973,4.195989924790172,23.414032567140964
9961.797,0.02776613157295832,4.195607981208942,23.405502291228334
9968.0,0.02420041254933655,4.196110424174835,23.411434101050542
9974.437,0.02431659219472871,4.1959493643390555,23.4069557404794
9980.641,0.02682348423808983,4.195972885825175,23.412715181583323
9986.859,0.026778106640144496,4.1962661715533836,23.398790227849336
9993.078,0.026575924723999233,4.195981908405246,23.395620936672582
9999.281,0.024701871814806767,4.195998368438144,23.400156527591523
10005.484,0.022950996249131755,4.196201007330514,23.405800968504977
10011.734,0.026985279677235095,4.196193622516494,23.40286387277714
10017.953,0.025667563801855166,4.196016738575346,23.398224750189314
10024.156,0.026877097408861014,4.196106849046759,23.401936500285842
10030.375,0.024536750441644977,4.196312941974873,23.40250101587873
10036.594,0.023880263296617313,4.195896218699484,23.403370595553554
10042.797,0.026459501711676815,4.196254010538878,23.39928338006826
10049.0,0.02636953359289681,4.196147503267985,23.393837377747456
10055.219,0.02625207967991098,4.196157702233067,23.387482681661652
10061.437,0.023946199921166797,4.196184986499456,23.396845160181762
10067.641,0.027284033422835866,4.196094145076501,23.407186299077797
10073.859,0.028982922413858518,4.196198186947044,23.40165911116229
10080.078,0.026601449770871827,4.196014126499929,23.405235130216898
10086.297,0.023889876924428306,4.196053448676324,23.404721578440665
10092.516,0.02630285577584528,4.196216383674042,23.409919867602166
10098.734,0.021000870114341052,4.196344464721936,23.40715370818274
10104.953,0.027257685325168705,4.1962175248972065,23.408274337496863
10111.172,0.025188361614320264,4.196288817592833,23.408737948311703
10117.391,0.02574376720541015,4.196128784462364,23.405734469906047
10123.641,0.02332118440468832,4.19605979666286,23.399565235588494
10129.844,0.026061721947307277,4.196269203749254,23.40871872105878
10136.062,0.027421843159346038,4.196342982046502,23.401532280333527
10142.281,0.021243707997166385,4.196344451260901,23.396960102709922
10148.5,0.024091229428200415,4.19616419514322,23.38299973561563
10154.719,0.022927501917137025,4.196455846003068,23.387170059170067
10160.875,0.024282935555567545,4.196262032957275,23.391989518711917
10167.031,0.024776466934161318,4.196180056505312,23.397032922473684
10173.141,0.026693917484182008,4.196097226838114,23.38974859644938
10179.297,0.026510988590013742,4.195956499670709,23.397718612685807
10185.453,0.023994956338052473,4.196255283910233,23.398056972777727
10191.609,0.022482839954222945,4.195887289163309,23.40088549100949
10197.906,0.023467701176751184,4.196371471173147,23.40252020992335
10204.047,0.022207125371211514,4.1962955865127185,23.395635263122443
10210.203,0.02537929835521637,4.196112324419812,23.388809503620234
10216.281,0.022094066078384357,4.196041577447664,23.388476417436724
10222.375,0.024651638576126164,4.196142937947827,23.388917266202533
10228.531,0.02680471532117336,4.196251357057005,23.391398270660854
10234.703,0.022282676999293857,4.196223324536496,23.389906488117433
10240.797,0.024201556402161192,4.196050240454114,23.390098927329316
10247.641,0.025134949579355848,4.196242317541927,23.374478274838342
10253.812,0.024584162551438127,4.196299076215573,23.390144982142065
10259.984,0.025533057039185663,4.196331802560796,23.386473257979173
10266.141,0.02865232406192059,4.196202928808395,23.387563263931316
10272.328,0.025785498798905928,4.196358878558688,23.387778678300897
10278.422,0.025442116550180142,4.196381612791055,23.387478672737654
10284.594,0.021890324170185264,4.196529608106028,23.380199679719503
10290.75,0.023560893147136205,4.196350955928745,23.3774411829921
10296.891,0.021620461246400862,4.196130420874319,23.372512851069086
10302.984,0.023555899957311457,4.196395193377494,23.378984454145208
10309.141,0.020737125374587086,4.196268095159457,23.3766418877862
10315.297,0.02247438876254697,4.196294077097421,23.386469817961306
10321.453,0.02435099444858182,4.196398793294136,23.381510475158656
10327.594,0.020918962819226377,4.195987212915859,23.376812315625166
10333.687,0.019641097078660418,4.1961832474963385,23.38471228683592
