time,current,voltage,temperature
0.0,0.00024385266052180603,3.5099266326834226,33.364263464126466
2.452999999999996,-3.6115199004130396,3.193289128864028,33.29483977162724
7.936999999999998,1.5154220292415812,3.5843449045818527,33.278811588095024
13.327999999999996,1.5148999014637263,3.6308213794676973,33.25741700354278
18.671999999999997,1.515117234836395,3.6553947857213327,33.21316280185201
24.015,1.5144789809408257,3.6748575041104194,33.15246720404287
29.374999999999996,1.514435332302595,3.691596197755282,33.06746631125342
34.717999999999996,1.5154596515950003,3.706740216759041,32.99889639343109
40.047,1.514434993183938,3.720195941605669,32.91820667793388
45.39,1.5182765105008376,3.7322869555282434,32.83532435276368
50.733999999999995,1.5155134063150826,3.7432896166840255,32.75953881198171
56.077999999999996,1.516197634934376,3.75413410034886,32.68404221657972
61.422,1.5121926202043066,3.7636522688128173,32.60248097110379
66.765,1.5158043186724157,3.772804107848039,32.526663982794794
72.09299999999999,1.5152307719942162,3.7812146404590217,32.44990928008444
77.437,1.5169618692631646,3.788733524671828,32.36441452990058
82.781,1.513945923092915,3.7961754641347456,32.2821656232348
88.109,1.5142317920768622,3.802890614030829,32.22162490255725
93.437,1.5151404019024952,3.8088045813787463,32.14231195014302
98.765,1.514130378958814,3.8143460556811615,32.06968133137433
104.109,1.5144419843957417,3.8196843162585497,32.00920463401899
109.437,1.5145946902069127,3.8238879701868362,31.92720104744348
114.75,1.5165469967669614,3.8273159778427246,31.866944638572566
120.078,1.516182975871701,3.830791791568946,31.797797654007947
125.406,1.518836029253505,3.8341424580410646,31.73633174332409
130.75,1.5142241376126477,3.8367643746228124,31.673380892121504
136.078,1.5168601416751804,3.839097214435133,31.611298761679684
141.468,1.5149000291590675,3.841665840747857,31.545069059160078
146.828,1.5163818087283771,3.8438118180609413,31.48094482351203
152.14,1.515551995659197,3.8458094650540207,31.424129499791682
157.468,1.513455784888069,3.84760865123374,31.3634231521202
162.843,1.5176781295303043,3.8495410069499134,31.307138341731385
168.203,1.5158477542000524,3.851244380675979,31.24569804893408
173.531,1.5171285750993044,3.853175120873472,31.19531475550839
178.843,1.5184362474758941,3.8546761456017977,31.15002940018091
184.265,1.5147324774374156,3.8570220543851987,31.087038086823252
189.593,1.518788255948955,3.858394011249303,31.02794200805081
194.906,1.5162754130379867,3.8604240787753645,30.97306944920641
200.23399999999998,1.5152632145931628,3.8619487936062606,30.92524312011191
205.60899999999998,1.515481289765822,3.863901161207053,30.864281365257423
210.968,1.5166442048049393,3.8655635085802875,30.80747222532299
216.297,1.5137763036576637,3.8676829692721717,30.75689546594024
221.609,1.521566471819633,3.869276373426455,30.714344388514707
226.937,1.5168582391361225,3.870597234331717,30.691031652787412
232.328,1.5147179575946572,3.872965379526375,30.61844095043183
237.672,1.516251674995712,3.8741006488856384,30.56574743540138
243.0,1.5126633693925258,3.8762044738699863,30.52008567363271
248.312,1.5152109690641595,3.877735604496989,30.476450746590462
253.672,1.515248108889721,3.879328343118585,30.431833048041273
259.0,1.516771121734907,3.880970893276506,30.382001468783322
264.312,1.5155748808859058,3.8824997391138334,30.34536116155659
269.64,1.5133825239261982,3.8841654822644385,30.304187861693293
274.968,1.5136825101883626,3.885731379382545,30.266795529557076
280.297,1.518705274889554,3.887375028806009,30.219913727319714
285.609,1.5166849855862643,3.8891225825359204,30.172453363040066
290.937,1.5156355610082772,3.890706442963843,30.131702250448054
296.265,1.514708059368016,3.8923941086362537,30.09755030598583
301.593,1.5155860703865236,3.893859191759179,30.069290921611714
306.922,1.5159129284098487,3.8953622928505727,30.02264502131575
312.234,1.5157586805623973,3.897128473138323,29.982315193365547
317.562,1.5151333718382891,3.8984974024547396,29.938318463675294
322.89,1.5162657814552614,3.8999379515402093,29.909788692474
328.218,1.5165532761437497,3.901452045104398,29.86265503240624
333.531,1.5164370306451413,3.9032575727986636,29.83197033142248
338.828,1.5130087379306276,3.9047935752160106,29.797332662985834
344.172,1.516116709833185,3.906082104330704,29.75740140042206
349.484,1.5109372958427458,3.9075588269122172,29.723567261179884
355.203,1.5163846128901042,3.9090153834456407,29.684056123978944
360.625,1.517018227434987,3.910423819050661,29.637360144385788
366.078,1.5155822345132763,3.9115907863642714,29.61042803679139
371.562,1.516595459761739,3.9130083872655037,29.5805647418525
377.0,1.5161138214728853,3.9144400898563787,29.551382453972067
382.5,1.514372697460968,3.9158454314080147,29.514788494753326
387.984,1.514464367089928,3.9173726860418188,29.47196711811166
393.422,1.5152848901803775,3.9182444269755647,29.44287122198507
398.922,1.5166474686192588,3.9198398072039837,29.410628504100313
404.39,1.5152179044161287,3.9212747245139434,29.37010076369936
409.875,1.5161492646758399,3.92228142769974,29.34146342690899
415.312,1.5136199366195753,3.923559997627564,29.320145644811298
420.812,1.5152283001213132,3.925133417513425,29.295027131711656
426.265,1.51339074879723,3.9260943471463037,29.25909824557435
431.703,1.5137696732463757,3.927188602092983,29.220967172760094
437.203,1.516633412995079,3.928452375615519,29.1923605041347
442.672,1.514738490553802,3.9297547632540266,29.1652620767593
448.156,1.514966152260621,3.9307530616240256,29.135119723528717
453.593,1.5154260218730182,3.9318472565185605,29.106144325728362
459.093,1.5174696903854792,3.9329825822623965,29.076642669603046
464.578,1.5154315901045463,3.9341984575561644,29.046409231582658
470.015,1.5181575379052847,3.9352632384585053,29.030037092406925
475.515,1.5130345452994005,3.9364749952841973,29.008722547732447
480.937,1.5152786815721442,3.937567154894296,28.97744801310607
486.39,1.5161902268505616,3.9384233829311577,28.9555930976828
491.89,1.5142235185258157,3.9398710560994066,28.91301082486356
497.359,1.5144028120646886,3.940757399732947,28.877003699327254
502.797,1.5143482786177007,3.941855771080026,28.859693341004775
508.265,1.5164152211836202,3.9426738481827477,28.833124818527285
513.781,1.515633709640934,3.9438005201992903,28.80715992745272
519.187,1.513418556466778,3.944877585328314,28.767733245727257
524.656,1.515935360875726,3.946092092893809,28.746090364461043
530.125,1.5192408284773558,3.946526321119972,28.72006590821151
535.625,1.515532353088867,3.947978425632817,28.710634541832995
541.078,1.5169403369582766,3.948969959734803,28.680748709945927
546.515,1.5176651403095394,3.949918761146215,28.663034564880853
552.015,1.5187625797186108,3.950778391917404,28.620460260622373
557.468,1.5191433491733155,3.951866098799612,28.59892845667736
562.89,1.5188117099502452,3.9523080091943363,28.584396614433327
568.406,1.518121934978515,3.953512780330626,28.561090700358996
573.875,1.5203331344161795,3.9543051950777186,28.52812698079957
579.297,1.5114382383066063,3.9555166387694007,28.52168633443783
584.75,1.5157489215262558,3.9564384526745493,28.490262128147357
590.234,1.5203502203223944,3.9569043318791515,28.482476084341968
595.672,1.5144673383562968,3.958171292111427,28.46285846867088
601.125,1.514673059458277,3.958887195787281,28.441108560866653
606.609,1.51735543154089,3.9597635097002506,28.4087519056126
612.047,1.5142818910411477,3.96048704323188,28.394044650717355
617.547,1.5150605214167614,3.9618347815555515,28.37123873332244
622.984,1.5141026734731153,3.9623792790268757,28.347146101900574
628.5,1.513123769566297,3.963270131731443,28.32853860511031
633.937,1.5166629701931273,3.9641696144621124,28.301635051750505
639.375,1.5156165542518376,3.964771357194437,28.278949862424074
644.875,1.5152322278953585,3.9658090558550008,28.26023113986745
650.328,1.5173255469417954,3.966400165817233,28.25509461386413
655.797,1.5147878075141863,3.9674322745550343,28.2178487519534
661.25,1.5162217408108531,3.9681732495816604,28.196098338732273
666.687,1.5153873197887893,3.969139988596282,28.18338740778567
672.203,1.5155949584427346,3.96973506812505,28.16606411620626
677.609,1.5142090045248984,3.970726216120839,28.153453892146374
683.031,1.5153417139730716,3.9713273783326803,28.14657864226559
688.547,1.5187331187917505,3.9724440791980498,28.116310573368235
694.0,1.5168781320808076,3.9733103530017724,28.099373389373035
699.453,1.5152687127164548,3.9735192577983445,28.08901097027499
704.875,1.5199472545125199,3.974699714203479,28.08621526706056
710.312,1.5134556050550818,3.9756486918468346,28.06599404037723
715.828,1.5144510989012363,3.9762498761172904,28.035518889904584
721.343,1.5162918105078826,3.9772126903703993,28.023548364376936
726.812,1.5139545597262452,3.977844289907194,28.010991251708823
732.25,1.5143460270051075,3.9787440471881443,27.99434005879824
737.718,1.514843060565547,3.9795564563228742,27.973908701922667
743.187,1.5154917437181523,3.9802864341716613,27.952840170991855
748.625,1.516440719798947,3.98118185148676,27.936281665616743
754.062,1.5123487004098934,3.9821066417708644,27.929897492963608
759.515,1.5131476257277146,3.9828782465047903,27.89940140555302
764.984,1.5194277850347893,3.983831651481093,27.885425397855755
770.422,1.5155676132446054,3.9846281950829727,27.87140840173026
775.859,1.5152839053859906,3.9855062605040157,27.871728237682685
781.328,1.5126451129329337,3.9860366721276064,27.86068676068607
786.843,1.5156571364751794,3.987295926651151,27.83653907174559
792.312,1.5172644602655663,3.987809718536296,27.81828827688087
797.797,1.5168714604339895,3.9886245962470457,27.791814989916357
803.25,1.5151437877453193,3.9896341223543916,27.78030247477181
808.672,1.514589658690297,3.990168147055293,27.772692359150312
814.109,1.5140239212342026,3.9910817531937934,27.77142152571115
819.562,1.514672470341219,3.992061787810555,27.761965871172215
824.968,1.517294650679665,3.9923493102182155,27.734106790477064
830.39,1.5169388314457737,3.9934990662285874,27.72284861349327
835.812,1.5138515506862342,3.994445070440259,27.70718973094115
841.25,1.514629886434748,3.9953216547879755,27.68670814115326
846.734,1.5182497109742765,3.995836593778612,27.682655106397107
852.172,1.516354155842048,3.996790111822876,27.674432587820075
857.609,1.5148627944652118,3.9976647357836,27.666051588712776
863.062,1.5164494030543936,3.9984666122102874,27.652667261944824
868.5,1.5137526589104269,3.9991701996951283,27.63698760149057
873.968,1.516074793985431,4.000097765356464,27.617885007086333
879.453,1.5155327831220387,4.000815052383988,27.601731254450183
884.89,1.5152494323042025,4.001606888480806,27.591436359190123
890.328,1.5151217973292517,4.002570669143015,27.58799373566915
895.765,1.5246280669463703,4.00278437072787,27.590552462254074
901.234,1.5198568486208865,4.003688902490908,27.582658667441766
906.734,1.5146511143097212,4.004448935626473,27.571769387904475
912.203,1.5142435899349382,4.005549177825573,27.54947750972188
917.672,1.5181847342547776,4.006133755240282,27.540660819343913
923.156,1.5150702435056433,4.00698504704766,27.53927461035369
928.609,1.5168507968376275,4.007848232916125,27.52621149896159
934.062,1.516387401377973,4.008839007008175,27.49359557483866
939.484,1.5200280481601949,4.009377089211562,27.493729683280435
944.906,1.516048377788505,4.010121961711015,27.479758920499687
950.328,1.5171456421373595,4.010928054491676,27.46808089663451
955.765,1.51761861899014,4.011974773212243,27.467341478231237
961.281,1.5197489187795639,4.01226742706526,27.45278363191557
966.765,1.5184946652203113,4.013093039959873,27.437870843654096
972.25,1.5151766616444902,4.014169373877242,27.424458828918034
977.687,1.5185846871442004,4.014789746666886,27.424649867028652
983.172,1.51495502054523,4.016029583131521,27.425367116289163
988.672,1.5200896621219384,4.016343121950641,27.41615432732461
994.14,1.5171634806386918,4.017038516496073,27.415805244614557
999.578,1.5160999634758963,4.017852599119528,27.392825712194156
1005.0,1.5146380037334706,4.018639615894479,27.395983067935525
1010.468,1.51489130248255,4.0196768496476345,27.383355917724085
1015.984,1.5189051677501746,4.0201565316312795,27.370901509013844
1021.422,1.517393075440217,4.020798399715672,27.368962053840207
1026.859,1.5153799387658657,4.021652905616308,27.362908429205476
1032.297,1.516582408644528,4.022512765401603,27.36018053700493
1037.75,1.5156279198809053,4.0234094012440735,27.342011563386162
1043.187,1.515720264356763,4.024285860723739,27.32745069051284
1048.625,1.5118606355036261,4.025123419473193,27.316549179014636
1054.062,1.514523639787521,4.0257075591580636,27.31068741062353
1059.5,1.515870839962123,4.026379954939626,27.302141669782923
1064.937,1.5170172403974302,4.027158273565906,27.30327605438142
1070.406,1.51570428239767,4.028023953755702,27.302127873796426
1075.843,1.5157559131834435,4.028771880147607,27.302135283560755
1081.297,1.5135571815018456,4.029756243847349,27.29331300902306
1086.765,1.5156193638855104,4.030427200299178,27.274605251864553
1092.265,1.514345769521488,4.031355312056835,27.277449045966264
1097.797,1.5157624635777383,4.031868463015012,27.268834940242726
1103.234,1.5157105268772717,4.0326390782298995,27.274802326254875
1108.672,1.5146197212852042,4.033567809825864,27.274501426834888
1114.125,1.5147534126704094,4.034138163045115,27.26171263456275
1119.547,1.5164907195041648,4.035089717248197,27.256586609092096
1124.968,1.514164388944267,4.035649385834314,27.252984557181986
1130.437,1.5135798509313962,4.036333893881869,27.245923151350496
1135.937,1.5148983234835063,4.037117329596612,27.2415723815253
1141.39,1.517751962985589,4.038032911733694,27.23558903809508
1146.843,1.5165460430743598,4.03870094577689,27.229861637017144
1152.359,1.5184976157256738,4.039581922201252,27.224961094320445
1157.828,1.5167233333551362,4.040483915739249,27.2310317409511
1163.328,1.517955152190959,4.0411254781917405,27.2219232352026
1168.765,1.5197954266833356,4.0418570730592425,27.214236601081367
1174.203,1.514055628914984,4.042528780894561,27.21018410480971
1179.64,1.5135622454749482,4.043455916114331,27.210133233447944
1185.093,1.5160379558021007,4.044369994812078,27.204947415374246
1190.531,1.5164612942039568,4.045152013324723,27.205111305328955
1196.0,1.5162411906678512,4.045833211669811,27.191161508006864
1201.437,1.5162663252472603,4.046514216783272,27.184916895812336
1206.89,1.519441816249406,4.0473511476727175,27.193911924528663
1212.328,1.5127253547311512,4.0481379382453735,27.192383791905876
1217.797,1.51869852058282,4.049131653983317,27.177574024873095
1223.234,1.5134127957948522,4.04975793451603,27.183923932304957
1228.672,1.5147631704344575,4.050462742524527,27.182400460114806
1234.093,1.5145350778015294,4.05144277807534,27.18096812940378
1239.547,1.5132805631775514,4.052406877618911,27.177879421572737
1244.984,1.5161000237458913,4.052892091041445,27.168332710473024
1250.437,1.5172964268058564,4.053925436007522,27.16300793494869
1255.937,1.5197314635928045,4.054518666090587,27.16220206573425
1261.468,1.5164846967073167,4.055291377515867,27.15474480934321
1266.937,1.517949639437545,4.056346407678267,27.16415620236003
1272.39,1.5146769024715157,4.057152315933504,27.160919788455182
1277.828,1.5156802561948408,4.057596701617965,27.155934478456125
1283.328,1.5143518284303354,4.0586125309656556,27.148829050532026
1288.843,1.5137344617782413,4.059354989323646,27.14821480049695
1294.359,1.516708684090197,4.060034598218571,27.131561817935577
1299.797,1.5153501910006193,4.06119434239841,27.130244473475155
1305.218,1.5161441543082212,4.062063618831301,27.131826807130984
1310.656,1.517764349598594,4.062779130565531,27.140324589835146
1316.109,1.5146771651849849,4.063734227410574,27.15505987282982
1321.562,1.5155833198929927,4.064473043251007,27.156705263614295
1326.984,1.5160888939025987,4.065274346626798,27.149323359543654
1332.406,1.514662033382773,4.066295226033717,27.143780254775688
1337.828,1.516960346720154,4.066976269626517,27.13607001447766
1343.25,1.5217871275276738,4.067467510878857,27.13702259318063
1348.672,1.516608621659268,4.068474540806443,27.12873194786617
1354.093,1.5152119471740075,4.069509100510621,27.13307934282293
1359.531,1.5167275420209256,4.07038827564986,27.141754371382383
1364.953,1.5164923377113138,4.071223517715332,27.146650097335232
1370.375,1.516105396264866,4.072193721459419,27.14514677524139
1375.828,1.5155349101833056,4.072763621898266,27.146156338932833
1381.265,1.5148143841630008,4.073750018963531,27.148376938456387
1386.687,1.5127590105841722,4.074353162688991,27.139723891509284
1392.093,1.5218587414938511,4.075224564681253,27.137273400769388
1397.531,1.5151109637918618,4.075990084378974,27.142997521308956
1402.937,1.5162797617944206,4.077097538146469,27.140785660741646
1408.359,1.5178495305540103,4.077669696357585,27.13209572869262
1413.781,1.5131104663110284,4.078921130534152,27.139749724541296
1419.203,1.5171066680098233,4.079731845792513,27.14483089350235
1424.625,1.5194104569769749,4.0804320506667455,27.14161949106371
1430.062,1.5157269089205028,4.081239751622036,27.14164352568371
1435.515,1.5169646269837616,4.082150124570529,27.145265752313644
1440.937,1.515223027906364,4.082924890657785,27.15570996009866
1446.359,1.5173660173934052,4.083894435285887,27.14875062542063
1451.781,1.5189138449414876,4.08477907425045,27.14863744368891
1457.203,1.5138921852653402,4.085781084562464,27.142341314064186
1462.625,1.5165410003605346,4.086639639484504,27.15044886296142
1468.093,1.51560020061054,4.08744122157354,27.159050125109232
1473.515,1.5156523380731401,4.088456665537576,27.161562051895448
1478.937,1.5180088457435834,4.08909544958003,27.15705661737597
1484.375,1.5152196210982476,4.090421766348522,27.161225395034343
1489.797,1.51671466309495,4.090679902982082,27.17294609721071
1495.218,1.5157189593914753,4.092120412854075,27.164229023330183
1500.64,1.5156013440711467,4.092923769488281,27.159458652751624
1506.078,1.5167424697757463,4.093553012959977,27.16746866507475
1511.5,1.5173742952803109,4.095244437773449,27.16204432518744
1516.922,1.5159441333812955,4.09569134702243,27.163403009068784
1522.359,1.5163488818267252,4.096388033003726,27.163287004025968
1527.797,1.516337320506083,4.097359901614377,27.164590907037834
1533.25,1.5162375488711066,4.098806696567728,27.17619972503678
1538.672,1.5126424277573374,4.099426012380818,27.176310323092974
1544.109,1.5183662834486613,4.100336646494387,27.17393527329811
1549.515,1.5165657404851531,4.1012702646134125,27.179185795599075
1554.937,1.5138965959606507,4.102062742388026,27.1829454713376
1560.359,1.517219091788072,4.103077858832577,27.18079851716508
1565.781,1.5176696658615518,4.104003915035767,27.19251102608803
1571.203,1.5128751787311012,4.104693005820924,27.19368050297748
1576.625,1.5155865638411412,4.106029106722463,27.20097764726678
1582.062,1.5143854536285104,4.10688233936375,27.20204009077053
1587.515,1.5167137243228217,4.107495159052637,27.2074429615562
1592.968,1.5125987324120886,4.108449375848132,27.202797075738527
1598.39,1.5179157692033785,4.109553263203109,27.204470317222416
1603.812,1.5153777089979663,4.110283442241998,27.219268739578297
1609.218,1.5172341169683177,4.111736063190454,27.218606880504666
1614.64,1.5195297913701389,4.1125623165550005,27.231321263106796
1620.125,1.5179860243725858,4.113610427178652,27.23689086631068
1625.609,1.5154191970785584,4.114482178442128,27.23932169570698
1631.047,1.5178009974964248,4.115237925259721,27.248157298776984
1636.5,1.5185324827176483,4.1161894623006745,27.242767907885526
1641.922,1.5160025118428393,4.117238615866158,27.237457384079235
1647.359,1.515975557164668,4.118348313121525,27.24805655305126
1652.797,1.5152239868245396,4.11920985570706,27.2577872327663
1658.218,1.5135149735840947,4.120260344770235,27.262074813244922
1663.656,1.5160952834751318,4.121187967590764,27.26879032854032
1669.093,1.5156592451598923,4.122090089645412,27.26153902409673
1674.531,1.5136234642118507,4.123367347478592,27.27602902424074
1679.953,1.5154660920770107,4.124242418814626,27.278471554330455
1685.375,1.5155216076669265,4.1250646627024885,27.280500608012403
1690.797,1.5153234358785848,4.126377440822847,27.290081429806893
1696.218,1.5171324130440855,4.127117518282043,27.29170800502925
1701.672,1.5189175181432721,4.128214620333858,27.300727413131302
1707.109,1.5150486192612125,4.1289914615533325,27.300054489725948
1712.531,1.5167193879099001,4.129851001224751,27.30137154375938
1717.953,1.5197874108156977,4.131009905913856,27.299977214374596
1723.375,1.5137214457692554,4.131870903681945,27.302992879507094
1728.797,1.5189552958419459,4.1332089105933685,27.3203274371374
1734.218,1.5155855224469332,4.133801601089122,27.319203024410086
1739.672,1.513808435229122,4.1349883945147,27.325934129103917
1745.109,1.517387213888006,4.135900500107831,27.33170214826734
1750.531,1.5157312835843213,4.136927104721923,27.339810057802246
1755.953,1.5133524963399336,4.137892665991124,27.356916315464694
1761.375,1.512758084663491,4.138862507990444,27.35730076993889
1766.797,1.5170126389319751,4.1400554292733025,27.356892009430986
1772.234,1.516107068252625,4.141161109920741,27.36531483415287
1777.656,1.5141933444689986,4.141844884666262,27.360578515846978
1783.078,1.5162164538912235,4.142811049216738,27.375272870457998
1788.531,1.5132367812737881,4.144022681850308,27.372402319612085
1793.953,1.5144224218073776,4.145118210071166,27.385365017555394
1799.375,1.5149392071103687,4.145797186878119,27.39345264610727
1804.797,1.5162762208355949,4.146962784360912,27.39799112699694
1810.218,1.5158590085214396,4.14786749449393,27.40192965028066
1815.64,1.517652122052238,4.148948214498068,27.41225464210448
1821.093,1.516740668540092,4.149862648362044,27.411349402294928
1826.531,1.5162143012575264,4.150849961582843,27.421479463342077
1831.953,1.5155453399521632,4.152040846883473,27.41267408672125
1837.375,1.5138947398419076,4.152595381501894,27.43506741258487
1842.797,1.518979900268382,4.153762644219636,27.44465899567911
1848.218,1.51414229312442,4.154918183114516,27.441893109624026
1853.656,1.5163206003549505,4.1557948513183245,27.456593410016733
1859.203,1.5166283020697469,4.156686475038693,27.460958421964406
1864.625,1.5175610607538832,4.157721644976774,27.46485132434176
1870.047,1.5143706137071635,4.158902039633784,27.477064921967283
1875.468,1.5188832516473771,4.159670578196778,27.486789764667222
1880.89,1.5162509856290567,4.16071938973656,27.49363158298536
1886.312,1.5151329203628312,4.161702529067675,27.49888364902617
1891.75,1.5140155073795873,4.162537615425234,27.50828887142784
1897.203,1.51248295189479,4.163535853964685,27.51419231395439
1902.687,1.5158520266820943,4.1646487827039245,27.51374784782545
1908.125,1.5150642417754965,4.16559292837594,27.52605311055479
1913.609,1.5153699644026333,4.166824161171585,27.542085655632132
1919.047,1.516085672859893,4.167314338344409,27.55015163275577
1924.468,1.5160450690498415,4.168406169539852,27.554957815087548
1929.89,1.5153506061423392,4.16909469266709,27.566618599438026
1935.312,1.5139889627921674,4.170404637416001,27.56887382096001
1940.734,1.5184839355096331,4.171130729082533,27.591371089890174
1946.172,1.51666498638397,4.17194536981753,27.59503876789104
1951.593,1.5156996760902643,4.173343175944018,27.59870940094815
1957.015,1.5192974871125462,4.174058683116767,27.603207521321018
1962.468,1.519455150816012,4.174653426425517,27.615678732895994
1967.89,1.5145175693539596,4.1758633625384665,27.625541614722415
1973.328,1.5160749732154504,4.177092877506533,27.627211233814304
1978.75,1.514254365979184,4.178027244761868,27.64276625710377
1984.156,1.5173389761190264,4.178573308587679,27.65244202535415
1989.578,1.5172968930088826,4.179707288005415,27.66078862629037
1995.0,1.5164211425899814,4.180328561388848,27.67766568609316
2000.422,1.5158677844010218,4.181750289930186,27.68607015622287
2005.843,1.5175859329589088,4.1824426830165145,27.69376138935283
2011.265,1.5158289366017044,4.183369067414449,27.701325457825387
2016.718,1.5167026187639319,4.184024640332409,27.70182611508062
2022.14,1.5174793121283345,4.185027843581157,27.716523366874572
2027.562,1.5126288224602462,4.185957193061402,27.73418139960151
2032.984,1.514484628711488,4.18691187150693,27.741789963911568
2038.406,1.519197348396133,4.187818187944318,27.754125149308972
2043.812,1.5148850760646164,4.189017509387874,27.756482026029648
2049.265,1.5140332980412483,4.1899778836136585,27.770036670958874
2054.687,1.5126065709310121,4.190381295235468,27.786729365581422
2060.109,1.5143707543628924,4.19167176396232,27.79170200467116
2065.531,1.5147258723200925,4.192410506010932,27.80221994702065
2070.953,1.5163640960914542,4.193244391656249,27.803574511799614
2076.39,1.514466787910167,4.194131511080526,27.81676886568345
2081.812,1.5151016666117105,4.194991472425021,27.831323919229646
2087.234,1.5170436726443137,4.195886608508647,27.850295754179225
2092.656,1.5146777507129041,4.196627376615732,27.861050456893945
2098.062,1.5154645572244083,4.197708043373398,27.87890827990837
2103.484,1.5140114686502224,4.197991328874863,27.891752461618264
2108.906,1.5175418186713707,4.199230286011507,27.906412521398657
2114.328,1.5127052999898005,4.200175962288034,27.91856695645278
2120.125,1.4889987102547904,4.198185047051841,27.929746305504043
2125.734,1.4853074422075712,4.198930039446583,27.93577499813841
2131.328,1.487140530387622,4.1992481233911105,27.947619709277802
2136.906,1.4788437288102378,4.200019502371683,27.960000605349467
2142.5,1.4727415519836218,4.199523543453784,27.97185485309922
2148.078,1.4723959042615296,4.20047340416245,27.98741896340555
2153.656,1.4626200654271468,4.200016070584458,27.997960806108694
2159.218,1.4509938889596243,4.199317731650163,28.010348901904102
2164.797,1.4510974613041463,4.200092139521711,28.02467595980414
2170.375,1.435860932296915,4.199352999986838,28.03426572084263
2175.953,1.4394275186585779,4.200044230668346,28.03645766902075
2181.562,1.4285446512005335,4.19951939151644,28.04817688660352
2187.14,1.4274655763002781,4.199808341782121,28.052484014400008
2192.718,1.4157142080042797,4.1993947803836145,28.07999907749339
2198.25,1.4177098613903345,4.200184461524023,28.085638866419195
2203.828,1.4132602703186552,4.200146464021198,28.094080401923698
2209.406,1.4144744887655987,4.200972759419664,28.10335339367404
2214.984,1.4034523221038306,4.200787214093433,28.113870405907228
2220.562,1.3895248267632145,4.200092643947242,28.12828344040298
2226.172,1.3901187546329266,4.2001812997395325,28.13206296590921
2231.75,1.3866418451557725,4.200770311434943,28.138949387622638
2237.281,1.379094588348805,4.200544901695832,28.150888795577053
2242.859,1.367083406413426,4.200118108183116,28.163663143087255
2248.437,1.36717538903783,4.200446759398912,28.172479329271578
2254.015,1.3675192380899486,4.20082202356894,28.1756906463287
2259.578,1.3541056711406778,4.200549835746254,28.18435911998774
2265.14,1.3550717448048648,4.201149581246776,28.18885270128036
2271.0,1.3457992205322449,4.200320970633491,28.196438131347517
2276.609,1.3438798158589425,4.2008898192983875,28.20797881106201
2282.203,1.3320715203030378,4.200747255912374,28.2187456898591
2287.812,1.3244459826025596,4.199926679947127,28.231855650639133
2293.422,1.3125370378438856,4.1997716544990755,28.244089345527243
2299.031,1.3150827764147794,4.200039863218007,28.23329061208688
2304.64,1.309148535860952,4.200106423098526,28.24556814780209
2310.25,1.3077855545095074,4.200904858469333,28.249841737152884
2315.812,1.2971529022020503,4.200450038110756,28.26367415235901
2321.406,1.2998093021561272,4.200551524793521,28.265637501825715
2327.0,1.2866855136102735,4.200568909071702,28.26500944526708
2332.593,1.278085817527946,4.2002899843165205,28.275942300273766
2338.187,1.2767943681977623,4.200246672527184,28.270793316664786
2343.781,1.2753631166705204,4.201193230701397,28.29005470221059
2349.375,1.267993628481757,4.200694493701352,28.291948853491867
2354.968,1.254604495459768,4.200083758298669,28.28481168275977
2360.547,1.2506235114612982,4.200424169808967,28.2924806951975
2366.109,1.2539192827310508,4.201030034966455,28.29191550577134
2371.718,1.2426975963683586,4.200584183535709,28.29474676124413
2377.328,1.242226627319113,4.201142714571981,28.296620292205763
2382.906,1.237402346131191,4.201643460601484,28.301632150325265
2388.5,1.2270174827781573,4.201232284118289,28.297618011908437
2394.093,1.220580608462279,4.200996824989582,28.30132936867002
2399.687,1.2193076276962898,4.201659896036654,28.30798537228459
2405.265,1.2034907040207032,4.20074788865936,28.30066581752783
2410.843,1.1952701727604922,4.200411833343277,28.30287573938731
2416.828,1.1940858079636447,4.201164897128487,28.307432878575042
2422.5,1.181994442177806,4.200552914509417,28.290480324088588
2428.172,1.1852363007256597,4.20117947367657,28.295681668632323
2433.875,1.1809041717839714,4.2014982334582065,28.290535866392837
2439.609,1.1783436028988608,4.202365413306408,28.296923225267186
2445.343,1.1695012323410494,4.201991446349371,28.28642189040917
2451.437,1.1597138393097794,4.201868004597358,28.294472253387923
2457.281,1.1482630463980323,4.201547363739458,28.29225149167657
2463.078,1.1365115160906354,4.20083662423388,28.294160961477367
2468.843,1.133004988440352,4.201334128305724,28.282839145938716
2474.625,1.134986919463384,4.201985911953768,28.270666242012272
2480.39,1.1221224798784524,4.2016434338371145,28.2692775868477
2486.172,1.112464536527593,4.201505882225544,28.25551206596478
2491.937,1.1136185055622436,4.202038726843885,28.260328111660534
2497.703,1.1019530285413885,4.201569641233751,28.255255237169038
2503.5,1.0882077399523769,4.201264720314041,28.242871425985378
2509.265,1.0880616397478726,4.201920041238049,28.248391785808376
2515.031,1.0784444590317348,4.201612388636618,28.235584216093418
2520.797,1.0671949850615337,4.2011675887189535,28.23455813543344
2526.562,1.0645507772874687,4.20156934060992,28.219445275676197
2532.343,1.0574723487649726,4.20128223953118,28.21325635793057
2538.125,1.053347976268639,4.202050862240374,28.200368877109184
2543.89,1.0465259908436795,4.2016187678865835,28.193888520004794
2549.656,1.0357993597562924,4.201252739403225,28.18971743767464
2555.422,1.0323433036354879,4.201806994577949,28.18292923301128
2561.187,1.0215805747201525,4.201335329193598,28.176969161151035
2566.953,1.0214431222894176,4.201921915403418,28.168190082887016
2572.734,1.0083968691314789,4.201474279026851,28.161351045901192
2578.5,0.9993890889044043,4.200969676540232,28.151754503871345
2584.297,0.9907356621272,4.200682117318794,28.13879479888171
2590.093,0.9855071253121614,4.201340437737511,28.12758261112274
2595.859,0.984262690019425,4.201693966006887,28.111906900273496
2601.625,0.9832156649469053,4.202392558451577,28.093821817381162
2607.406,0.9646281832466463,4.201024681025006,28.08259205716279
2613.172,0.9520922302282443,4.2006088006135265,28.082914145531472
2618.937,0.9433577829629515,4.200142638565873,28.064879558067968
2624.703,0.9388511661238598,4.200558341405812,28.057465576807903
2630.468,0.9396914545245879,4.200909047171001,28.034695459915053
2636.234,0.9395026636599325,4.200915160697934,28.030047880646013
2642.0,0.9393248166552539,4.202089421058901,28.009134908739227
2647.765,0.9261852439784986,4.2015562848779,27.999824541988506
2653.531,0.9136638175247918,4.201145892174136,27.992689694525275
2659.312,0.9092133886054579,4.200907749471019,27.978054897466208
2665.078,0.8968503774284785,4.200429157556942,27.961312867311293
2670.843,0.8954471662620418,4.200665324329381,27.948912650676043
2676.609,0.8977457222258567,4.201005029730592,27.941742455114188
2682.375,0.8799632026384281,4.20081989921907,27.919891760181564
2688.156,0.8703929832144094,4.2001018083768535,27.90816994100659
2693.906,0.8636164155233472,4.19972624978063,27.884367371757417
2699.687,0.8612522693332053,4.19987493802558,27.874222096855878
2705.453,0.8525620612555856,4.199583316628242,27.862877854164118
2711.218,0.8493617136956765,4.199686268739416,27.83501965057918
2716.984,0.8491434566454418,4.2000893328789255,27.820236491637054
2722.75,0.8477961499024395,4.200413057413786,27.81605712177941
2728.515,0.8497303022250005,4.200827643663656,27.79579315023787
2734.281,0.8461050168424692,4.20158129575014,27.78136592641419
2740.047,0.8469423746641894,4.201940242001837,27.759834703738665
2745.812,0.8477406376744748,4.202232833548625,27.738476982005096
2751.593,0.8415517395739083,4.203031986152394,27.730441501780266
2757.359,0.8332127684437817,4.202149837702876,27.717215507959107
2763.25,0.8294012343437579,4.202712174227036,27.69494465463683
2769.062,0.8328903819153833,4.203134188181427,27.68119347662115
2774.843,0.8079990407050728,4.20184942495493,27.676028850470725
2780.609,0.7995718045188631,4.201339310783671,27.647664762200698
2786.375,0.7875180540784082,4.200901425095005,27.62370602131671
2792.125,0.7817698013622889,4.199948806693644,27.60536394332753
2797.89,0.7719601475566671,4.199231539373194,27.592568664767413
2803.672,0.7606353625196732,4.198365755884848,27.580007406639986
2809.437,0.7600200625019473,4.199101951602516,27.56220185405631
2815.187,0.7531149731613661,4.198263887636373,27.54419439613123
2820.968,0.761279838180186,4.199244474093169,27.531124050779106
2826.734,0.749842184639156,4.198054122188334,27.504085678601705
2832.484,0.7419786028597577,4.197707930335527,27.489422766081628
2838.265,0.7364298128935776,4.198205524006631,27.475790983312137
2844.031,0.7369618271076894,4.197739000032804,27.46409230277833
2849.812,0.7396405047910205,4.198257875996457,27.439885016914275
2855.562,0.7335374163135141,4.198515688277684,27.414910854443992
2861.328,0.7405446380408122,4.198842364479921,27.389723784220013
2867.093,0.7261851766916011,4.198286735288345,27.38475555957693
2872.875,0.7152589453834287,4.197511868982635,27.36570894287266
2878.64,0.7136833537414858,4.197437972145567,27.344591903328023
2884.406,0.7171860690477047,4.197960580264156,27.334387172974004
2890.172,0.7138717944017476,4.198258256415547,27.324100962736665
2896.015,0.7147168389603326,4.19870416416237,27.305575069755125
2901.843,0.7051562670051723,4.197949984455089,27.287231253611225
2907.687,0.7063540800458479,4.198077010055107,27.277035824344548
2913.484,0.7033722569374083,4.198239896926763,27.25211587660829
2919.25,0.7033106780573936,4.19845365398496,27.226641280843463
2925.015,0.7030815781433097,4.198770820470053,27.21719661511073
2930.781,0.6937185814756758,4.197951846696877,27.20452966348141
2936.547,0.6826806083859498,4.197541064795525,27.180185758290836
2942.312,0.6826575523584758,4.197787878236902,27.16352032411452
2948.078,0.6851936840134379,4.197778583029244,27.14616310841049
2953.859,0.6843026752894222,4.197938294970716,27.125409540450647
2959.625,0.6786540530621443,4.198167933886792,27.108952676898806
2965.39,0.6814805928366743,4.198399316493221,27.087496603856625
2971.156,0.6786795611630769,4.1984072026541,27.07293455253949
2976.953,0.6799063483728698,4.198424641367576,27.05670323592659
2982.718,0.6800851372248851,4.199213698444112,27.042600213994504
2988.578,0.6709669252249854,4.198523996450348,27.027336360013535
2994.406,0.6593160698678706,4.197735428773501,27.01594195724186
3000.25,0.6567558492492004,4.197755151492813,26.996404738749803
3006.047,0.6551036002882111,4.19788997992046,26.98353153831476
3011.828,0.6556641662805351,4.198643797611377,26.964896868353698
3017.593,0.6471313863287532,4.197276850900938,26.953055164567264
3023.375,0.6477255053088502,4.197674921365248,26.932162392126052
3029.14,0.6447151912037368,4.197728627810049,26.909681587551898
3034.906,0.6443392635199152,4.197992587658854,26.888835741449437
3040.703,0.6483769979080588,4.198271236446559,26.867717385876706
3046.468,0.6474450170989329,4.198536398066588,26.85857849205274
3052.234,0.6479330256623329,4.198384242642267,26.844654861894778
3058.031,0.6447479436245307,4.198652804830749,26.827130804525176
3063.875,0.6343874909376834,4.198100297158804,26.81045439650268
3069.718,0.6355782040915327,4.198237810391305,26.79452135309071
3075.5,0.6309813886089293,4.198571751642808,26.784971793771387
3081.281,0.6256078173270809,4.197819443127161,26.76978977653302
3087.125,0.6222425555052037,4.198013119724152,26.755180168892714
3092.953,0.6224273632458375,4.197893460357722,26.73247285076392
3098.797,0.623294784594058,4.198440711070662,26.719821200409857
3104.578,0.621591920126678,4.198605045589092,26.705911930374096
3110.359,0.612730136293598,4.197752247275737,26.68338157816149
3116.203,0.6124655077292364,4.1978391220317155,26.662844598067394
3122.062,0.6118261350375704,4.198025807235415,26.653040175381562
3127.922,0.6090355869888484,4.198308690900749,26.62967257875184
3133.703,0.6081114236934994,4.198697823191987,26.61227335933139
3139.547,0.6013734411373075,4.1980330493061375,26.590227752398267
3145.359,0.6008171776104859,4.1977341519869125,26.591995607111464
3151.203,0.6012173152740756,4.197922859804114,26.572599647894396
3157.0,0.6015532840175705,4.198132541496396,26.561224722000805
3162.781,0.6011966768783394,4.198304435856583,26.537289447537628
3168.547,0.5996794171206963,4.198665555939015,26.528494792807486
3174.39,0.5905189283965808,4.197877148633153,26.512226775575733
3180.218,0.5893192622672804,4.197953728285732,26.504455743802854
3186.078,0.5876674073714393,4.198051471401476,26.48104526904441
3191.875,0.5885637595758636,4.198425348465146,26.467480939127185
3197.656,0.5883188793797344,4.198518266726233,26.467347166718422
3203.437,0.5867140624155625,4.198538162265746,26.44574256469332
3209.297,0.5877052329323464,4.198961238689178,26.436817876324596
3215.109,0.5862746361740118,4.199041969821586,26.41436542998621
3220.953,0.5882727363026822,4.199081368837829,26.402942517470873
3226.75,0.5851879131570099,4.199474272676992,26.39087769122819
3232.515,0.584379665723264,4.199571633777703,26.37211775386322
3238.297,0.5751952861798053,4.199188347952998,26.351614466220045
3244.14,0.567587154531082,4.198245907032441,26.349977142145725
3249.984,0.5680046445308278,4.1983183001704685,26.33457478518122
3255.828,0.5641165550617403,4.198488731588992,26.316259825898346
3261.609,0.563333693525385,4.198428199191665,26.300745586887093
3267.422,0.5615335540466624,4.198783578039213,26.295533473036453
3273.187,0.5553648438281235,4.1980202402591935,26.280523036598517
3278.968,0.5519712024852071,4.198260058268677,26.265498788811072
3284.734,0.556207855661705,4.198476849493202,26.244000483373096
3290.578,0.5528392128261299,4.198138215851875,26.236123805300362
3296.422,0.5531178269018258,4.198690069565004,26.224043802329046
3302.25,0.5405925987906967,4.198226793567185,26.205671888151176
3308.093,0.5428599984161899,4.1980449900719625,26.18685813733211
3313.875,0.5445894515120128,4.198392247847428,26.1740084662672
3319.656,0.5428883237235671,4.198278019072319,26.163404740468117
3325.422,0.5408628957915846,4.198657032466291,26.145917481786235
3331.218,0.5347449001504533,4.197767266580757,26.13306014243986
3337.078,0.531736242504123,4.198095780606204,26.120599686384725
3342.906,0.5312853099076184,4.197875187401323,26.110887637227005
3348.75,0.5317785769826131,4.198174775826307,26.089347873818042
3354.531,0.53220732927234,4.198130016629986,26.081813681348848
3360.312,0.530259618975966,4.198699303280163,26.063699196941823
3366.078,0.5292442025718904,4.1985216923077395,26.05019285386385
3371.937,0.5280094269185308,4.198921465142044,26.036077067930325
3377.765,0.5302802498587702,4.1990391887901986,26.022783014019726
3383.609,0.5285940002109248,4.199332085577119,26.01752314266637
3389.39,0.5290495528155048,4.19952551208718,26.006058986100648
3395.187,0.5284073093898719,4.1996772880230475,26.005557310281304
3401.031,0.5158613862226005,4.198935238755687,25.979893754708804
3406.875,0.5091603867804313,4.198320007249388,25.96644166145951
3412.656,0.5063191367666542,4.197879509755446,25.960150681860508
3418.437,0.5099124976670909,4.198425386242549,25.948145638811255
3424.218,0.5090981098380958,4.198444712763922,25.927860360078274
3430.0,0.5056224061722531,4.198405196377087,25.917053184274565
3435.765,0.5062721007895779,4.198963554509925,25.905871099664687
3441.609,0.5036424643072424,4.198674096325279,25.8878292259751
3447.453,0.5079494601668867,4.198930201935502,25.865513587350524
3453.297,0.5073401943422897,4.1993272737081675,25.867304994547553
3459.125,0.5042709472345043,4.199525279002347,25.855993565706896
3464.906,0.5046411177656499,4.199628997472379,25.83067289990141
3470.703,0.49295241150057256,4.198860559815846,25.815343546671656
3476.562,0.48405115084339545,4.1983533944782545,25.814774323188153
3482.406,0.4845665134749619,4.198244965947053,25.789537296542978
3488.187,0.48327287475904274,4.198076898333698,25.783117193036258
3493.968,0.48417121044691386,4.19842436103897,25.76795071830607
3499.828,0.4851369708008981,4.198519928680023,25.759090772844107
3505.672,0.4822603849314629,4.198884137148336,25.74893636612648
3511.515,0.48428676892288286,4.198769882009803,25.7409497854089
3517.297,0.48195951295493245,4.199038673521468,25.734104367547026
3523.078,0.48187829763631546,4.198704302825627,25.72984366346622
3528.906,0.48908037476364635,4.198955016550229,25.718105822945308
3534.797,0.47956417030567317,4.199691119967671,25.692556292241186
3540.578,0.47296462049107196,4.198570526475368,25.68506738725502
3546.343,0.4710491402666143,4.1986696334666505,25.66864353346079
3552.187,0.4701565878499283,4.199112591891319,25.655485410527497
3558.031,0.4691998291852352,4.199022447499711,25.651216001544743
3563.828,0.4679131370238496,4.1990512220301035,25.63554114648289
3569.609,0.47084915598643584,4.199377154374301,25.623934371373032
3575.453,0.47079337102462315,4.1992439745822185,25.606155327894086
3581.297,0.4688129051546787,4.199641900776353,25.60165799602488
3587.078,0.4588827087047811,4.198975338332654,25.57913132522567
3592.859,0.45948346876635354,4.198826705830948,25.568313141332776
3598.64,0.45900419370453915,4.198949974556216,25.553462643662947
3604.5,0.46078160048764066,4.199220616856509,25.549495956637937
3610.328,0.45684338163653765,4.19930189503175,25.541868571906278
3616.172,0.45739805775079007,4.199451310931471,25.53052980118774
3621.968,0.4554476832203074,4.199616410984004,25.51437735323161
3627.75,0.44775702039286863,4.198862008253341,25.513707561461523
3633.531,0.44933953525884285,4.198852209627631,25.498531153504548
3639.39,0.4462665176341654,4.198979431721118,25.483621961196775
3645.203,0.447739666602515,4.199216745065792,25.473970483479295
3651.093,0.44774743034292613,4.199258911551811,25.466013936897827
3656.875,0.4460587658938751,4.19953183850727,25.45521539611968
3662.672,0.44573629629693545,4.1994706729433515,25.44307511875846
3668.437,0.44453033352313276,4.199522768036393,25.43311032617237
3674.218,0.44291820037252205,4.199840254156655,25.4200015317545
3679.984,0.4374624875508858,4.199037936913007,25.41553350594129
3685.765,0.4239604465062544,4.198376275646184,25.394727183898897
3691.547,0.4270084506374589,4.1984669948859255,25.387271176782317
3697.39,0.42605400698403434,4.198514832517626,25.376994456765694
3703.234,0.42644990336827,4.1985036229976656,25.362932722674785
3709.078,0.4250693851469054,4.198789660957278,25.365283716847863
3714.89,0.42777727485645245,4.198567685123177,25.350640981085352
3720.687,0.4249262309179252,4.198809227310547,25.335611712208802
3726.453,0.4245804614875974,4.198790739234742,25.331611714271364
3732.312,0.4237413463429984,4.198905040372681,25.324114696083925
3738.14,0.4232872290665953,4.199022513057991,25.312496143577764
3744.015,0.4259735770175605,4.19925499181942,25.294209610122618
3749.875,0.4231593152239753,4.199324618290344,25.289004482484533
3755.812,0.4237550284485631,4.19971777769741,25.272991988121316
3761.64,0.4145354780249995,4.198689808662768,25.263219299004835
3767.5,0.4137572620832716,4.198610778892613,25.25363305944506
3773.281,0.41465576549176875,4.199036751925111,25.24999783771026
3779.062,0.4120956772328679,4.199209473858678,25.232559741857376
3784.843,0.4101533108364005,4.199191598775649,25.216436739355874
3790.625,0.41217798521602605,4.199360564166464,25.1994888477241
3796.39,0.41303653768876575,4.199436513085633,25.2091171872406
3802.25,0.4109703569858383,4.199677072906037,25.195087607104515
3808.078,0.39874004422334913,4.198972890311683,25.1825972114327
3813.937,0.4033297740076941,4.19889726017979,25.170866490277895
3819.718,0.4009837942922605,4.198917570730425,25.161513784030287
3825.515,0.4015656579168333,4.199056153376542,25.152524059182014
3831.297,0.401843011379527,4.199025953884564,25.14110920296596
3837.078,0.4020720654186509,4.199022484912348,25.136156769314105
3842.859,0.39853265338123994,4.199522984037597,25.129258959165718
3848.703,0.39929537837478135,4.199647334466499,25.122022540556042
3854.531,0.3910696665695315,4.198753294630347,25.106524997807174
3860.39,0.38877018360720395,4.198814142437758,25.09873365907191
3866.172,0.3889595161885846,4.1990088744527725,25.0980429422968
3871.968,0.3903534958004881,4.198917063794268,25.091286397382753
3877.812,0.39107935053482507,4.199079874923558,25.07880676644833
3883.672,0.3907677738364275,4.198933892463086,25.07443194087964
3889.468,0.38873374300983043,4.199456827146902,25.06355781091438
3895.265,0.38781719604931114,4.199371055191381,25.05521797860853
3901.031,0.3890532199621122,4.199473612321111,25.044088860787607
3906.906,0.38668737062133385,4.199528789171426,25.03248825301009
3912.734,0.38953495131741095,4.199744584015727,25.02882353611764
3918.593,0.37985229064825315,4.198992845446838,25.01423458509068
3924.39,0.3799428311918329,4.199094731177849,25.007887252176413
3930.172,0.3792650968906254,4.199011020942865,25.00009558846501
3935.953,0.37590356256371465,4.199202546141273,24.996328838180993
3941.812,0.375383332870341,4.199220511342633,24.985325886818703
3947.656,0.376416597281623,4.19937557598799,24.983970230688772
3953.531,0.3764408347947641,4.199700159283406,24.973867206282147
3959.343,0.3670448810638182,4.198936378340231,24.960458335864313
3965.14,0.36846435582808557,4.1990008912206225,24.951337566951917
3970.906,0.3687432473855258,4.198997145986919,24.94181389479986
3976.687,0.3684482493782928,4.198894817715412,24.922257402099618
3982.468,0.3675915639399397,4.199042001185432,24.920741586549074
3988.234,0.3693534776115498,4.199204715869975,24.909763320884647
3994.015,0.36827024486755805,4.199389145456258,24.905231522983218
3999.859,0.36561928290200574,4.199351235720746,24.900737146136738
4005.718,0.36617879387170627,4.199209845414339,24.892494120703702
4011.531,0.36725285362103344,4.199640267498831,24.87442746759784
4017.328,0.3583067916743075,4.198579248127634,24.87528635083079
4023.14,0.3557034688139641,4.19896257493971,24.86651866731082
4028.984,0.35549636617563585,4.198904227516428,24.85777111186755
4034.828,0.3577345377371053,4.198978290482001,24.84289601039531
4040.609,0.35395151090938637,4.1989325645780005,24.83403285426249
4046.39,0.35381741699120445,4.199421795968014,24.831813711878482
4052.25,0.3544348850498862,4.199396867211952,24.81002345060079
4058.078,0.3549597785042055,4.199078328434269,24.811660383009905
4063.922,0.3553268230078356,4.199483624932382,24.8059608950243
4069.718,0.3556679415288223,4.199718393355868,24.803196347486917
4075.484,0.35393389772902323,4.199681305993061,24.787984105931912
4081.343,0.3545541416627552,4.19980095107798,24.777409915261316
4087.218,0.35503858029112284,4.19985219545644,24.77258071941946
4093.0,0.35370821149893183,4.199835202460792,24.76156581379532
4098.781,0.35282308597019824,4.1999608634724845,24.766064056733203
4104.625,0.35321680824256957,4.20003123103617,24.75564146032922
4110.453,0.3519174909346278,4.200285608482358,24.74617828743667
4116.297,0.35060490313863407,4.2004442870462535,24.734300177287647
4122.109,0.3525625545941061,4.200560071594766,24.73167358422013
4127.89,0.3411064062859148,4.199861323635451,24.72266495801648
4133.656,0.33479714796618254,4.1989455062957575,24.71673683949761
4139.422,0.3335271781433353,4.198904746398055,24.70889494994451
4145.187,0.33362270464614596,4.198811158117379,24.7093829838364
4150.968,0.333868295306996,4.199181377101966,24.695746828198725
4156.75,0.3362497804934907,4.199129571914573,24.685837498192072
4162.531,0.32960697155721325,4.199396587366378,24.68914319366184
4168.297,0.3293298391777992,4.199274337667528,24.67350342518746
4174.062,0.3303251255456943,4.199285144245456,24.66136308047486
4179.843,0.3317601755326546,4.199253219757016,24.65272737589481
4185.625,0.329912722202462,4.199489384947922,24.64721285743837
4191.39,0.33029903961691626,4.19949498694949,24.647429202568674
4197.156,0.330741188931252,4.199763710903949,24.625647489688674
4202.937,0.3348936579066778,4.199749301703631,24.632623451298848
4208.703,0.32939177024975114,4.199655084816216,24.626609463752118
4214.484,0.3326894575829104,4.200033520584651,24.62100529128349
4220.25,0.3335616094399426,4.200124621022477,24.60600799122179
4226.031,0.3314524254007078,4.200174712649448,24.596901620372254
4231.89,0.33025781810309884,4.200166110529439,24.58617740489353
4237.734,0.3327255888916891,4.2005555162002315,24.58952707962067
4243.578,0.321414034536596,4.1996391116375,24.572626396354533
4249.39,0.3078898278471425,4.198802825531761,24.56731387242068
4255.172,0.3098141595251441,4.198845751381098,24.564268142965393
4260.953,0.31023110886416194,4.1986339280950675,24.55567226601384
4266.718,0.3126704559338352,4.198837705869169,24.550400681117704
4272.578,0.3129071020339763,4.198731765737939,24.541712901624344
4278.437,0.30869547075072934,4.199044096085547,24.541103478012516
4284.281,0.3132750333593386,4.198736210606441,24.53579444502952
4290.062,0.3102828501567091,4.199078896995545,24.530624743197706
4295.843,0.31101019862899637,4.199068819447625,24.513582863059835
4301.687,0.3106230067121657,4.199073522168205,24.50462115534992
4307.531,0.31086606810166073,4.199355911852962,24.492529428653818
4313.328,0.31133713318591794,4.19947809073973,24.501560040197063
4319.109,0.3085081390374001,4.199306847026569,24.49503233076047
4324.968,0.3089130424990972,4.1994951618236005,24.49334499953083
4330.812,0.3084133451663546,4.1994833889268595,24.488060813249106
4336.593,0.30782877419225735,4.199489511679654,24.473687332220848
4342.359,0.30987739204623116,4.199678488604835,24.470661303117218
4348.14,0.29586306270297535,4.198577742303349,24.461854120486016
4353.984,0.29758298892618,4.198624119826513,24.44892542448911
4359.843,0.3011825474661866,4.198856206437108,24.444736936232363
4365.625,0.2987283824811063,4.198909266278227,24.435346603649073
4371.406,0.2998274991673152,4.199132658278076,24.43303828414706
4377.187,0.29730599279721365,4.199317337364014,24.428313411615793
4383.031,0.2971548088730527,4.199059182782708,24.41480123184529
4388.875,0.29743807534910777,4.199342479909534,24.40334388576304
4394.656,0.297136658289899,4.199654349881124,24.40510002054759
4400.437,0.2975800528290085,4.199345787215345,24.394295801221254
4406.218,0.30025918852824657,4.19956473523992,24.391396743081916
4412.078,0.3007325907680113,4.199639648005528,24.378053683252528
4417.906,0.29939957007677365,4.199686085176171,24.375606038338447
4423.687,0.2949023263410598,4.199514869519528,24.379029024934056
4429.468,0.2953874660744824,4.199957367649509,24.375929556357924
4435.25,0.29452173291911576,4.199935365076686,24.370581414556543
4441.015,0.29760974810759544,4.199961979657898,24.360006034799
4446.859,0.2942120468955853,4.200407145982373,24.344902886656815
4452.687,0.29457980259125277,4.200368485657963,24.338951690192417
4458.531,0.29547452500001753,4.200495450215889,24.333688058778872
4464.312,0.2917324697430395,4.200802072499843,24.32440125980867
4470.078,0.2864523392035215,4.199939531430755,24.318594792610533
4475.859,0.2712510631512506,4.198923945076766,24.31112183692019
4481.703,0.2766262255670997,4.198883091473829,24.304399085436536
4487.531,0.27598957662893103,4.198820909299479,24.30158897999958
4493.375,0.27592275248162634,4.1990847970025085,24.28835260984456
4499.156,0.27496563017254655,4.198946433365678,24.284178551549264
4504.922,0.2765487067536585,4.19893732589019,24.278429706054034
4510.703,0.2756752886495511,4.198952744492861,24.272804920299354
4516.547,0.2714615091240313,4.199142938701216,24.27213690700594
4522.39,0.2727132014008978,4.199471014921215,24.26350989814828
4528.172,0.27508946089738356,4.199134230777816,24.26134674707574
4533.953,0.2755061581106058,4.199283907261614,24.252450826704912
4539.718,0.2739904181937585,4.199389242054825,24.24208108052877
4545.5,0.2728546704448006,4.199286071445647,24.239057959736257
4551.265,0.2731001198305926,4.199313609720276,24.233211316235796
4557.031,0.2754343931321312,4.199405262904142,24.23480110404919
4562.828,0.2717658545829438,4.1995721764329454,24.21735811820596
4568.593,0.26903028475173646,4.199702689212993,24.219173312654462
4574.343,0.2710571366248425,4.199900717139715,24.2147532668646
4580.203,0.272419794006801,4.199550492452982,24.20768782356704
4586.031,0.2714022150742661,4.199889226256296,24.201688585012835
4591.875,0.27235381853584134,4.200041708704468,24.197546482598355
4597.656,0.27267300517829157,4.200059659908477,24.180053188927708
4603.437,0.27307297252323837,4.200037744846146,24.179957789706293
4609.187,0.27368091447900017,4.200303393963853,24.169124584023184
4614.968,0.27423230020525424,4.200463617991532,24.17151745485442
4620.812,0.2714263394289009,4.200640825995339,24.164340421594353
4626.672,0.2634808212626932,4.199522492417134,24.16225357525548
4632.5,0.26346472610990807,4.199606806758767,24.14841713905173
4638.281,0.25138239896708875,4.198814230985183,24.14667787056643
4644.062,0.25256420243655764,4.198968154718749,24.144841167842458
4649.828,0.25121002059081643,4.198969468586289,24.13930900103837
4655.593,0.25377369299911107,4.198707118598069,24.133935082242704
4661.359,0.2536293509988221,4.1987483435254,24.122971799718897
4667.125,0.2541882989105253,4.198735320866735,24.117575163638822
4672.89,0.2513657071916298,4.198758158654218,24.117427551929115
4678.64,0.25373978123690816,4.199156770130484,24.109762848925687
4684.406,0.253542502391914,4.198927452869557,24.112904247029164
4690.172,0.2514906211243734,4.199211751345975,24.100661013707636
4695.953,0.25430251732625386,4.198932214200297,24.09564775737057
4701.703,0.25265769210933514,4.199331503262567,24.096535290186868
4707.468,0.2513098494757448,4.199417876051591,24.081882116537646
4713.234,0.2534874244696025,4.199460998189509,24.087032728020446
4719.0,0.2511086389769612,4.199231429825407,24.0868045898009
4724.781,0.2513110169006232,4.199485487031503,24.071381513367943
4730.547,0.2518289753501375,4.1996627197379395,24.07146805396546
4736.312,0.25001253675212937,4.199526339646221,24.056889833735596
4742.078,0.25057615603835376,4.199600257348856,24.055998704703207
4747.843,0.24936056371909726,4.199972490457682,24.052187434797375
4753.593,0.246900396224912,4.19956634395401,24.042173239651202
4759.375,0.25159481261309063,4.1999479728965365,24.037457138308543
4765.125,0.2509118815972791,4.200261498378536,24.026164630447525
4770.89,0.2477585263699986,4.200010668339594,24.027562772613898
4776.656,0.2487332115785536,4.199884568720295,24.023709406825272
4782.422,0.24830752218198698,4.199990798980716,24.01519008569101
4788.468,0.24946611334661956,4.200296209215618,24.00890862310049
4794.265,0.24892669068294265,4.2005446115577545,24.00614034536728
4800.125,0.2502421416447554,4.200494323498321,23.996328432324777
4805.984,0.2471778638823801,4.200589199182153,23.988134399563044
4811.781,0.2380238405605428,4.199609835081944,23.98157737624036
4817.562,0.24100782014562622,4.199940845141112,23.980626922256008
4823.359,0.2380836177674612,4.199525811214051,23.974027972092653
4829.218,0.23787001528374221,4.1997691248269735,23.97537570179596
4835.078,0.2379580740659613,4.199818609458098,23.982008180692514
4840.875,0.2402808829641395,4.199852134828829,23.963736513206502
4846.672,0.23824475520911492,4.1999952946994625,23.96280724755916
4852.453,0.23693911936761977,4.200094646429731,23.948928721173615
4858.312,0.238346785642223,4.200165210722226,23.94769474324745
4864.14,0.23699889671044097,4.199983641562263,23.94488693969933
4869.984,0.23378911718406606,4.200196476927457,23.940163672199446
4875.797,0.23849265948606382,4.200272022086932,23.94620905191353
4881.578,0.23774159945930765,4.200419318310329,23.936402592390106
4887.359,0.2381979487472381,4.200483198391403,23.935049229564164
4893.156,0.23663327978904622,4.200622782570261,23.920554312326647
4899.0,0.2278041445325334,4.199788352296289,23.920472927763925
4904.859,0.22836821847574632,4.199838080990971,23.907063603520395
4910.64,0.22178259700159322,4.199796445231175,23.90665743359882
4916.422,0.22461626638828308,4.199889451002747,23.90342766170809
4922.187,0.2271922309436554,4.199559408438917,23.902427036729176
4927.968,0.22697805019112785,4.199536828757239,23.894811229218647
4933.812,0.22636190091726593,4.199953060529711,23.882775203837706
4939.656,0.22486753270444262,4.1997507984119595,23.875675872786033
4945.437,0.22366711013701984,4.200137288464221,23.883418360886832
4951.203,0.22349993092647327,4.200049245355986,23.890731126273653
4957.0,0.22257902580392241,4.200106481949176,23.878053135226473
4962.843,0.22480112574114264,4.200410571291539,23.86739993255692
4968.687,0.22630543828622943,4.2002835254428295,23.872374143934632
4974.468,0.22376621887668438,4.200330429450747,23.866250245935415
4980.25,0.22595821666842447,4.20047155915556,23.85585838350362
4986.015,0.22363560174154132,4.200579351763468,23.850429808014006
4991.797,0.21429048519824764,4.199764738988038,23.861253939951368
4997.64,0.21600206817227352,4.199688571319527,23.852339778638164
5003.484,0.2154255844330968,4.199709808533702,23.845306677233467
5009.265,0.21541131632336344,4.199822876038979,23.840663990823074
5015.031,0.21515443224246333,4.1996793189189106,23.83842231978736
5020.906,0.21745530354141637,4.199815047758832,23.82892012584326
5026.75,0.217219899763554,4.1999408118544315,23.82345385217798
5032.531,0.21095529630486462,4.1999075273017645,23.81768643131309
5038.312,0.21651850231946398,4.199831521853781,23.822524921985977
5044.156,0.21511458359713392,4.199900571637736,23.819779686637837
5050.0,0.21424316723877637,4.200149228090743,23.81828992170371
5055.797,0.2141571706685485,4.200034434843137,23.80214795157365
5061.562,0.21624741253060253,4.200349546807027,23.799742966119087
5067.328,0.21493158924511183,4.200243239687909,23.794597001417763
5073.109,0.21418220982977107,4.200200428715679,23.792814600985295
5078.953,0.21380146379898535,4.20040498838257,23.78517203577373
5084.828,0.21178648345851503,4.2004392841372145,23.773499077749555
5090.609,0.21492729419565937,4.200414130028915,23.77347013456468
5096.375,0.21276712408940893,4.200625093930749,23.769625983634118
5102.14,0.20470481968311238,4.199820475390072,23.770901038796293
5107.984,0.203461045888026,4.1998044852673955,23.765511351674665
5113.812,0.20313263363620063,4.19958752016778,23.767085655692508
5119.625,0.20395616288465845,4.199792160517148,23.75524786622314
5125.468,0.2051337727907558,4.199810757732558,23.748630354373823
5131.25,0.200755598165183,4.199795771564112,23.740917433516156
5137.031,0.20142723950968824,4.200152011886499,23.74135855194377
5142.797,0.20373413971935064,4.199706426785605,23.745773936766785
5148.593,0.20497944128131282,4.20008788520031,23.73336174897154
5154.359,0.2023129354233068,4.199775900597947,23.738641419384113
5160.125,0.20336949050171993,4.200060626367186,23.72607479751373
5165.89,0.20229020500623845,4.20021370225528,23.718154519232172
5171.656,0.20037323496968995,4.200377362900443,23.713562378521388
5177.422,0.19928832739820124,4.20041076598746,23.711945454933492
5183.203,0.20049043366599642,4.200275391738931,23.70717777347673
5188.968,0.20168880737615022,4.200627997745071,23.70314470104465
5194.734,0.1883096867713219,4.199489571522369,23.708025126236834
5200.5,0.19338532071997472,4.19949733213529,23.696544089668855
5206.265,0.19050770537927472,4.199418722467529,23.689402048919554
5212.031,0.1891213621809286,4.199509771305918,23.689181286526086
5217.797,0.19241624562291454,4.19943481302149,23.686057278623085
5223.562,0.19046127522968043,4.199721619933432,23.6833331256082
5229.328,0.19042490879967447,4.199296632518822,23.681685668473573
5235.093,0.19142327310254711,4.1993672208878365,23.69107981070686
5240.937,0.1924427950210026,4.199649112012958,23.679220658952218
5246.765,0.1921075161960005,4.199603118021815,23.671843073313713
5252.609,0.19194071302408222,4.1997723371886195,23.669364428806634
5258.39,0.19126528855314498,4.199683610602909,23.664661926593894
5264.156,0.1912347744021147,4.1997221038672,23.667072620149586
5269.922,0.1919163884966294,4.1997685218298155,23.652802243175614
5275.687,0.19185282258043726,4.200071257094084,23.64629255872834
5281.468,0.1919697360713851,4.200308562103178,23.654559042428403
5287.218,0.19061436321819678,4.200299785695548,23.657716149499343
5293.0,0.18910475099863203,4.20017655511262,23.647558682697152
5298.765,0.19062441376971595,4.200125864964176,23.64310964843168
5304.531,0.19094557479076774,4.200294255224236,23.64293188869427
5310.297,0.1907393545674237,4.200422196737558,23.64069373283183
5316.093,0.19268775711700112,4.200311071521161,23.63336702439078
5321.859,0.1891144895434098,4.2005487595643265,23.62983079833496
5327.625,0.19049381285155662,4.200420021254426,23.62595677735212
5333.39,0.1900690759491468,4.200348177970612,23.624144398214085
5339.156,0.18945049968066288,4.200402166986972,23.615468599459412
5344.937,0.18977438174575062,4.200617771216305,23.605276902386787
5350.703,0.17972226738658384,4.199963695262472,23.610963157392053
5356.468,0.1778869935122879,4.199698599154137,23.607917518486552
5362.234,0.17857661932068022,4.199821185450167,23.60361296760844
5368.0,0.17945853334319795,4.199986544896289,23.59532159066875
5373.765,0.18172334345876442,4.199787283073319,23.601221810798947
5379.547,0.1798080012566482,4.199949796737825,23.597659059884435
5385.312,0.17864101461970033,4.200170818064441,23.5898088797893
5391.078,0.1816197672382794,4.199772940972208,23.59474929906917
5396.843,0.17845352430595202,4.2000277046377406,23.600314597425218
5402.687,0.18019812482013775,4.199795718695808,23.599882132310395
5408.515,0.17924117766833736,4.200015338174332,23.58118955617425
5414.343,0.17790588857109618,4.200036810713915,23.590414575364754
5420.125,0.1813262600152386,4.200146827938241,23.590070385901843
5425.89,0.17759283832557882,4.200062814351598,23.57686467705008
5431.672,0.17855028461795933,4.200257136343577,23.573256776315183
5437.437,0.17808003662558294,4.2003996011830855,23.572591254176704
5443.203,0.18218078346572192,4.200383943672449,23.56781811971491
5448.968,0.18041339273992676,4.200466272259055,23.56841975344222
5454.75,0.17949979246686207,4.200240723583148,23.56154829395361
5460.515,0.1765446997033503,4.20051354858047,23.562979647634315
5466.265,0.17873667652918715,4.200674077771203,23.56117653704923
5472.047,0.17992330706462017,4.200618217581274,23.55559663471584
5477.812,0.17770286543419908,4.200588284082208,23.55001716711999
5483.593,0.1768201659427529,4.200763388982059,23.54515878289626
5489.359,0.17944010009217004,4.200893101489512,23.53644216096871
5495.125,0.17585821852325748,4.2007677209058185,23.535443564753617
5500.968,0.17706716753857848,4.200770615083704,23.5328599703429
5506.812,0.1759793129741179,4.200782070197572,23.530421313821048
5512.609,0.17872539115773156,4.201237980593938,23.530055561856
5518.39,0.17982984005508532,4.201130637180755,23.533313379878315
5524.156,0.17697532586338588,4.201309766164184,23.522842619778157
5530.0,0.17591135496619972,4.201327194663777,23.52224104784784
5535.843,0.18024523683562604,4.201349941649563,23.515901661356153
5541.64,0.17571744784329713,4.201604029100432,23.511097822471978
5547.422,0.1657973917319316,4.200592975049824,23.512791855636667
5553.187,0.1569177990404974,4.199596492751052,23.511683496833268
5559.031,0.15626254484870766,4.199466834374213,23.496519170270012
5564.875,0.16074327890073592,4.199639752539686,23.50143387804695
5570.656,0.1559227985021331,4.199514819926356,23.50122562639
5576.422,0.1596555468321694,4.199493665126962,23.508015970571225
5582.203,0.15982970813864597,4.199452536851458,23.497658311904207
5588.047,0.1560214265581576,4.1993702577212915,23.491006462464437
5593.89,0.1591634756810497,4.199520503703769,23.491088702278233
5599.687,0.15663871226732878,4.199469422520891,23.476571863232653
5605.453,0.1548870448044785,4.199461976513072,23.48660051761133
5611.234,0.1556682555407763,4.19948270218597,23.489643738995316
5617.078,0.1557977742118948,4.199513216773377,23.47412665449467
5622.922,0.15890652367743568,4.199919931760214,23.467768835877894
5628.703,0.15642726952258787,4.199914555041098,23.47040151903876
5634.484,0.15730367516319194,4.199882327349196,23.477280296056488
5640.265,0.15808629118457007,4.19981440035231,23.478835086174268
5646.031,0.15422226885012325,4.199672883757562,23.46307400997328
5651.812,0.15781304476139063,4.199469977912507,23.47717954307263
5657.578,0.15867514434914634,4.199810423398963,23.464856307539463
5663.343,0.1583996184690779,4.199891318331759,23.471231523605155
5669.125,0.15956210416896252,4.19986702252812,23.45750656001544
5674.906,0.15778325076510324,4.199749668191983,23.45881883682929
5680.672,0.15565947157223442,4.199984684742005,23.44896745160014
5686.437,0.15456339856325166,4.1999760786230835,23.445994802960616
5692.203,0.15454336661665505,4.199917689789336,23.438203285676355
5698.047,0.1543148758272066,4.200270939637625,23.438468328481857
5703.875,0.15716905014351004,4.200183134956182,23.437203680806505
5709.718,0.15255333483134625,4.199995443838939,23.430079695613728
5715.515,0.1578045103289718,4.200497456151868,23.426057134888318
5721.297,0.15518888111866622,4.2001864828771005,23.428568503920125
5727.062,0.15712614787407503,4.2004129635005025,23.419091624958106
5732.843,0.1538866730227349,4.200369651535341,23.41933651893595
5738.609,0.15756950909478917,4.200455639014521,23.416823358102103
5744.375,0.15426493024630702,4.200439816957445,23.427856303457602
5750.14,0.1554438338816352,4.200457918566819,23.41687925789442
5755.922,0.1566853794333484,4.200564148876618,23.412781890478612
5761.687,0.14705392600432943,4.199437354546865,23.407841029237566
5767.453,0.14469394696809573,4.199744280171861,23.41081246360676
5773.234,0.14615272803330487,4.199699756990821,23.403976402649008
5779.0,0.1499062928273405,4.199705952967041,23.40680184407988
5784.765,0.1462369201629176,4.199620050361099,23.407576083531897
5790.531,0.14394710907185232,4.1993457052832595,23.405647578491
5796.312,0.14407987092553237,4.199633886717456,23.403603003636043
5802.078,0.14709058625331162,4.199827326626415,23.398290825705406
5807.859,0.1461711469739267,4.199673006358539,23.399220967835745
5813.625,0.14189537822799722,4.199447146066563,23.387927898167906
5819.39,0.1461201610852113,4.199891408132582,23.385215950457464
5825.156,0.14687684618108784,4.19966547054312,23.391654505497353
5830.937,0.14651310417063143,4.200019527500754,23.37187775122624
5836.703,0.14415624620765616,4.199653067886962,23.38198953131033
5842.468,0.14498468747679977,4.199939806759563,23.367116101715038
5848.25,0.1412756747267402,4.200030229186808,23.37521679192233
5854.015,0.14261584666895313,4.199920777812387,23.370373124796757
5859.812,0.14480078800042315,4.200117170084204,23.361770543137705
5865.578,0.14131874331260857,4.2001742589089925,23.361539867071663
5871.359,0.14345191546210762,4.200309765888382,23.370010127358352
5877.125,0.14233299816952133,4.200226759347879,23.35897159023108
5882.89,0.14592029281272625,4.200092473125205,23.358725011105747
5888.672,0.14508088983725392,4.1999870693169905,23.35678485223616
5894.468,0.14350356241304474,4.200186112119333,23.352327289994616
5900.312,0.14195713528660714,4.199935729771742,23.34408315749347
5906.156,0.14287446820128252,4.200227590191505,23.346107353398406
5911.937,0.143938482598301,4.200240145592681,23.343652504632065
5917.718,0.1461657915167663,4.200556195720668,23.342364482212144
5923.562,0.13078601343055513,4.199336204115836,23.33013026589394
5929.39,0.13663410850807658,4.199646791470332,23.324755518531905
5935.234,0.13374268193940902,4.199275469515685,23.334933421077633
5941.015,0.13420920634887465,4.199511516941952,23.32600549056931
5946.797,0.13518277480160526,4.199587596226425,23.332948316233004
5952.64,0.13059593783418577,4.199758475139206,23.32808175325878
5958.515,0.13383959305329943,4.199283852243359,23.31874267244572
5964.297,0.13507045659114336,4.199777828205018,23.31866873858969
5970.078,0.1325820268480261,4.199586459954093,23.318599780154646
5975.937,0.13366715855528952,4.199656097612765,23.316381354279617
5981.781,0.13479910219617475,4.19971916604831,23.30813217556798
5987.562,0.13195266960901336,4.1998030060245695,23.31266272380216
5993.343,0.1339629504585957,4.19949575508593,23.31711047166398
5999.125,0.13277169337858094,4.199459741698275,23.316280379807214
6004.968,0.13504708253006162,4.199787242839865,23.306237484292016
6010.812,0.13203632722484615,4.199846455591318,23.305534152625683
6016.593,0.13627323789456675,4.199956664355651,23.29933235920493
6022.375,0.13549425829337533,4.199875355482022,23.298474453133693
6028.156,0.13556522771994445,4.2000645835951325,23.28762318621041
6034.0,0.13330764305054793,4.200027933660261,23.29391238922061
6039.843,0.13338000074074863,4.199802937145358,23.29421693221367
6045.625,0.13160024148622415,4.199923075319094,23.29711149969306
6051.422,0.13282903308301647,4.1999895153815165,23.30074223972773
6057.203,0.13283256223830608,4.2001046086142875,23.287100278164303
6063.062,0.13584859933934215,4.200590167986087,23.280350952220456
6068.906,0.1229339972534951,4.199314912765357,23.265009906742165
6074.687,0.12320002440789438,4.199415179283763,23.260773848032073
6080.468,0.1211061712177475,4.199170290501242,23.261510192252477
6086.25,0.12457550019924005,4.199421030776474,23.278253853324554
6092.093,0.12613455519944325,4.19904863116435,23.262719637569965
6097.937,0.12348581714734236,4.199256563348392,23.270155979503677
6103.718,0.12342184323855132,4.199313776681434,23.255713935822932
6109.5,0.12260301341916083,4.19934375470297,23.244554497687353
6115.359,0.12541925433562742,4.199326868117918,23.264269067080356
6121.187,0.12545664314517505,4.199274928440984,23.25251118851873
6127.047,0.12231441653802472,4.199284945345745,23.248157639253872
6132.828,0.1243598254303295,4.1992089809336495,23.252983601401883
6138.672,0.12350291852767434,4.19928013917334,23.261329964717508
6144.515,0.12201178074224757,4.199192528538051,23.25398353115773
6150.312,0.12538497670036927,4.199623893490434,23.251768707923567
6156.093,0.12460073584122053,4.199446155615135,23.247245334882457
6161.937,0.12319747007171608,4.199537510651181,23.24992598239633
6167.797,0.12253684296849383,4.19956839769226,23.245582450312924
6173.578,0.12258552115583168,4.19940521157177,23.244163570123835
6179.359,0.1241864540123146,4.199373896566694,23.231176227657834
6185.14,0.12496167015257129,4.199433199596316,23.24082089315138
6190.984,0.1225430668952396,4.199802942344227,23.229297171261962
6196.843,0.11925920140667742,4.199699480034791,23.22251374172312
6202.625,0.12135704369584945,4.199564222077988,23.22019716313541
6208.406,0.12489260569905965,4.199794966574034,23.226167938911647
6214.187,0.11953711458101328,4.199705700496753,23.215375268828826
6220.031,0.12147051857305263,4.199667379348442,23.21918287941483
6225.875,0.12325429834627097,4.199910636061085,23.20943085097943
6231.656,0.12373419619195627,4.199707898608726,23.21424012681773
6237.437,0.12083541630099777,4.19990455514241,23.207620314155474
6243.281,0.12238332709412575,4.1998686754780294,23.211421997490955
6249.125,0.12231205131280494,4.199740246430345,23.208697475118804
6254.984,0.12217827808531805,4.1997897647187825,23.21001427187242
6260.765,0.11836558477077169,4.199817726111706,23.20843491075818
6266.609,0.12382084917550602,4.200160221117659,23.19642619713582
6272.468,0.1218796801465831,4.200142380110764,23.20521864194336
6278.265,0.12381744488423901,4.200346102232936,23.19782126118411
6284.047,0.12013104290666973,4.2001902477602675,23.19738159957083
6289.89,0.11754777299469524,4.200196266649986,23.20340583396379
6295.75,0.11896557006614322,4.200181170949661,23.193358728106027
6301.531,0.12171812949318012,4.199922157011613,23.19261585867415
6307.312,0.12040819016240116,4.200449463814101,23.186608179884875
6313.093,0.12107033557836691,4.200431176098749,23.19690081748412
6318.937,0.12094518563097466,4.200316699955924,23.185656406400703
6324.781,0.12059532814728234,4.200282805977133,23.182058691336866
6330.562,0.1187740353829345,4.200537549733371,23.17870938372302
6336.343,0.11869277673013079,4.20070980103617,23.166540006965132
6342.125,0.12078281132395109,4.200489420225826,23.185077783442605
6347.984,0.12236764514456346,4.200470865118581,23.179580880428347
6353.828,0.11781628991471822,4.200475900588651,23.17827806578728
6359.609,0.12081965480456171,4.200610887270677,23.180889919204947
6365.39,0.12079381954341084,4.200741779429653,23.176602328671393
6371.234,0.12183411098701806,4.200775879054545,23.17280747478656
6377.078,0.11995925564067658,4.200812440641943,23.163992088913567
6382.953,0.11954935282857584,4.200886977665664,23.168230876220644
6388.843,0.12188853834018326,4.201213961629104,23.169117005636995
6394.734,0.12053955097516457,4.200844038959412,23.17027422590106
6400.547,0.12051636690051634,4.201123949940032,23.16430356670636
6406.453,0.11860292139926203,4.200896501468917,23.16650669803047
6412.297,0.11888976347196713,4.20113619830984,23.16054678404095
6418.14,0.11875614202048186,4.201200636346904,23.167368029924887
6423.953,0.11491489228895985,4.201065238880736,23.167488984405992
6429.859,0.1197878533732379,4.200843247524034,23.1643911851564
6435.672,0.11990405875596093,4.201550138506167,23.16313648852417
6441.484,0.1087990762523336,4.20044155120185,23.158496222278433
6447.281,0.10927503491166156,4.20039596157721,23.164555697855178
6453.062,0.11127727795134369,4.200249697327818,23.15640802386338
6458.906,0.10904677275401727,4.200429496424923,23.157454793464332
6464.765,0.10917289204368584,4.200197087161034,23.15342110926452
6470.562,0.1124992205024455,4.200516825911793,23.146247896463695
6476.343,0.1093160682058359,4.200550646505414,23.152201254477117
6482.203,0.09980811430133389,4.199410943772527,23.150307021560607
6488.047,0.1005201120048812,4.199321940058414,23.147472506608818
6493.828,0.09124051308143406,4.198138074797299,23.149140106630206
6499.609,0.0937979239582194,4.198182474031198,23.14704673246782
6505.39,0.08834242686527406,4.197940889795781,23.141361408791962
6511.234,0.09063116205136144,4.198211341837854,23.142031191981477
6517.062,0.09067431506027057,4.198211478847968,23.14660921735452
6522.859,0.09115119883081697,4.198012243877026,23.145355649549966
6528.64,0.09067761407903795,4.198139554909364,23.13927945102168
6534.406,0.08957248072064092,4.197805185644884,23.14556101540112
6540.25,0.09289032002449994,4.197987789893834,23.155726730122005
6546.093,0.09135696287159678,4.197933989094297,23.14281240392327
6551.875,0.08968022073484944,4.197944236962575,23.135116477059434
6557.656,0.09284022474917401,4.197881913258099,23.13835885209592
6563.484,0.09196489344449484,4.197969443232457,23.13860465350048
6569.328,0.09009387989246251,4.197991975792328,23.139421876894964
6575.172,0.08984244260708212,4.197761002861745,23.132298607602053
6580.953,0.09088100768348023,4.197967247470087,23.12861328409162
6586.734,0.07910025669509034,4.19706227017214,23.139694091186225
6592.578,0.08266459199099913,4.196771759073782,23.132764234593747
6598.406,0.08122528363474621,4.196845489112958,23.129038581621273
6604.25,0.07889123937112297,4.196743912165788,23.113681062228075
6610.031,0.08292523408577739,4.196646246197748,23.11483263165411
6615.828,0.08496370299609649,4.196994380789263,23.12675724792942
6621.656,0.07007880912015871,4.195936904213458,23.125823162540886
6627.5,0.08191885305315455,4.196442088285112,23.12763289824361
6633.297,0.08057731536317028,4.196460100154752,23.123885603982234
6639.093,0.082884774447308,4.196548529948132,23.122653167890704
6644.875,0.08485262325900357,4.196652559751657,23.130584284006847
6650.718,0.0807255711734478,4.196732999990738,23.11923489583733
6656.562,0.08286955218847673,4.1968266946532795,23.113430416224492
6662.343,0.08038277032462872,4.196621211388834,23.116370783067385
6668.14,0.08298207238886326,4.196213086567263,23.11077312539545
6673.922,0.08605136403697299,4.196470696246755,23.10602616004904
6679.75,0.08280656412437813,4.196692085476353,23.114856295770156
6685.578,0.08556661984442929,4.196413016910665,23.116782531350832
6691.422,0.08298503948034487,4.196409428372448,23.108067789845272
6697.203,0.08257233350814715,4.196543987651196,23.107745110568647
6703.0,0.0798675380063213,4.196584871402562,23.11004474826379
6708.781,0.08349620583332575,4.196248642457856,23.115161159635864
6714.625,0.0828783255898615,4.196450866859993,23.10792353705827
6720.468,0.08271433529673378,4.196613315979589,23.1069833781605
6726.281,0.08403657716126971,4.196640411384407,23.11514596581976
6732.078,0.08393840052375591,4.196412785059941,23.114881971274237
6737.906,0.08136674562933713,4.196408678288294,23.10731236494685
6743.765,0.08347735092396219,4.1967201058815595,23.105538757849967
6749.547,0.08021923107734735,4.196464453525987,23.100723506824355
6755.343,0.07977749838773579,4.1964710245835795,23.09385861044894
6761.109,0.0808632883114947,4.196868090064633,23.102838687242365
6766.953,0.08244368075549871,4.196612284282007,23.08849766284374
6772.812,0.08079907298836354,4.19642589944098,23.093968502353903
6778.609,0.08421414860689817,4.196712886541789,23.092083909960564
6784.39,0.08013851354846023,4.196608214631176,23.09986508496488
6790.172,0.08168020207635755,4.196597940986664,23.097531889944655
6796.015,0.0802253332639935,4.196627241717111,23.096559895184136
6801.859,0.08176652884525279,4.196679160108511,23.08888373693586
6807.656,0.08316326533334095,4.196579173813675,23.087687918704876
6813.437,0.0831426311218166,4.196719005749318,23.088174443426666
6819.281,0.07758899497705188,4.196701396499853,23.090196352648093
6825.109,0.08212779118830085,4.196648631089704,23.08138995253302
6830.953,0.07350573412562107,4.195728309106948,23.076701531735544
6836.734,0.06403025441482289,4.194791145842364,23.07484351948175
6842.531,0.07154329176087608,4.195652365484726,23.078596811917727
6848.312,0.08437012486269009,4.196739201897521,23.076373615968965
6854.093,0.08058276908080497,4.196447254074367,23.0819899311407
6859.875,0.08316422415921934,4.19684539356167,23.074866667128454
6865.718,0.08420835865226436,4.196792262590965,23.08021978221669
6871.562,0.08441084596895826,4.196673144607585,23.076707096854165
6877.359,0.0815721051608062,4.196832147548447,23.07702316686906
6883.14,0.08286108417289378,4.196528447827307,23.073144049556564
6888.922,0.08165408877751773,4.196872373653435,23.080177370841792
6894.765,0.08039085990839284,4.196755280943404,23.07252320373141
6900.625,0.07485451500727573,4.195934307307317,23.082157179937
6906.406,0.08203047598524517,4.196841486415243,23.070267795676095
6912.203,0.08324136941972234,4.1969034634738405,23.07781889754625
6917.968,0.08217845126376641,4.196908538179776,23.0754603054224
6923.812,0.08488412060981407,4.196847804605961,23.067009180615035
6929.656,0.08146071005365474,4.196898770581427,23.06898999133568
6935.453,0.08331838996337881,4.196934010411541,23.06267444926884
6941.234,0.0839690933675235,4.19702053738567,23.06721309189556
6947.078,0.08228487059815391,4.197169044036111,23.06926107128994
6952.906,0.08406542611435393,4.19697192652728,23.069359020563443
6958.734,0.07968258574960169,4.197249101784032,23.070594932285022
6964.531,0.08367227362242652,4.196864760804021,23.072331735944175
6970.297,0.08081982063097382,4.197183455161669,23.057705147349413
6976.062,0.0808130201808932,4.197156390058514,23.05926361155132
6981.843,0.08038212416467987,4.1971465913926265,23.061660831944888
6987.609,0.0828237523329183,4.196985267498293,23.056747870660132
6993.453,0.08077793823465466,4.197190550096319,23.057166815747376
6999.297,0.07753484229355799,4.197129665347246,23.046922665479418
7005.078,0.08198382216882227,4.197423012018036,23.039154800512346
7010.859,0.08309561792762565,4.197287714818384,23.045059232113765
7016.64,0.07996308109928288,4.197392703489499,23.049968372158755
7022.484,0.08024857096317027,4.1975221421873545,23.04483001106364
7028.328,0.07937542858914318,4.1971698204161765,23.050703991836997
7034.109,0.07919187048611898,4.197246024032488,23.051617177086175
7039.89,0.07912961813924681,4.197215978256948,23.050729480713247
7045.672,0.07832534651294953,4.197479159976836,23.039891629490626
7051.5,0.08025990314274804,4.197442045071738,23.049889425064308
7057.343,0.07808916216626233,4.197496161582037,23.050835370243362
7063.125,0.0813088294434561,4.197453367234048,23.041301844940453
7068.906,0.08056941150802144,4.197438727926678,23.045138510123255
7074.672,0.07819125299961742,4.197159307649094,23.04905018471245
7080.453,0.07974875762522736,4.197780965560156,23.037946030118892
7086.281,0.08189394215268488,4.1973726912232605,23.037622003711203
7092.156,0.07948921112577331,4.197565758958938,23.04005446653317
7097.937,0.07767110747057959,4.197647586334862,23.035417410418017
7103.718,0.08332794396633057,4.197598588424191,23.032004665678016
7109.562,0.07802748436008515,4.1974166974539,23.03787669563107
7115.39,0.07905005448362355,4.197739693641533,23.036510227228124
7121.218,0.07636092900379372,4.197866621468054,23.021427779847876
7127.015,0.08040580323059579,4.197346593249074,23.036498049691705
7132.797,0.07683223342990403,4.197969432301671,23.028990280037053
7138.578,0.0795308582682403,4.197553190275029,23.03133883598919
7144.422,0.0749881095421911,4.198319556514339,23.02712408643242
7150.359,0.07922582221988787,4.198030226023376,23.024408265252486
7156.25,0.08100518347075576,4.198042987167901,23.02817547457021
7162.109,0.0789859935958417,4.198036201103507,23.026370896711928
7167.922,0.08295786281904,4.198284955104174,23.027344926439294
7173.781,0.08081377699913296,4.197942964185638,23.02799721111573
7179.656,0.0793380000639002,4.197931757238704,23.018977709284275
7185.453,0.07864964741716914,4.197872740460398,23.03295714656676
7191.265,0.08345310836117895,4.197783876235662,23.029942815741368
7197.109,0.07894236966615302,4.19827216826466,23.027270353654327
7202.968,0.07813207667223256,4.198028275578576,23.02195005347469
7208.765,0.07716237946544034,4.198069907652827,23.016177967271457
7214.64,0.076793393094124,4.198203561546307,23.01451500071503
7220.515,0.07962285857756912,4.198075889666715,23.013377175830826
7226.328,0.07973636129468442,4.198401643800931,23.007303250929386
7232.203,0.08279233524806139,4.198426443809009,23.006975720291646
7238.062,0.07597894778620608,4.198417798212302,23.01272535312699
7243.859,0.07766502554871747,4.198372258521284,23.01511436846624
7249.734,0.07992363484766438,4.198153816774998,23.017626263672998
7255.609,0.0791580575436085,4.1983667000341995,23.01163064502029
7261.406,0.0768469004687124,4.198274492430211,23.009927883168245
7267.218,0.07708907091690453,4.198330571683077,23.00991905358444
7273.078,0.0773999705730942,4.198401916276294,23.00499356758695
7278.937,0.07761284059384728,4.19851194899845,23.010797609220866
7284.75,0.07758792392062037,4.198280997242945,23.003227046939394
7290.547,0.08018108402591573,4.198507394975351,22.995903178880578
7296.406,0.07525430068015958,4.198631276608192,22.991721941235348
7302.265,0.08196318257059379,4.198661046058015,23.001662651338478
7308.093,0.07722774847887173,4.198444133643097,22.988023256634026
7313.828,0.0800661934304426,4.198586311222304,22.993394499888165
7319.562,0.06816729248233644,4.197648404202941,22.99100034397208
7325.625,0.06951020670557909,4.197552279276651,23.0025547628161
7331.984,0.06782171318488951,4.197738552079684,22.99329071537583
7338.359,0.06326140556543891,4.197473562770019,22.996527888477512
7344.172,0.07020519867595301,4.197640436928218,22.98248272640617
7349.937,0.07025685914360578,4.197728393524137,22.9840907827416
7355.687,0.06497327138986658,4.197552296178624,22.992558861270034
7361.422,0.06729093162294861,4.197441437465201,22.993866403430832
7367.187,0.06796055198900812,4.197532611318098,22.989233974812898
7372.968,0.0691368363177334,4.197766880372072,22.986722329500523
7378.718,0.06518486920389743,4.197680597968264,22.9822671356141
7384.484,0.06672438680356758,4.197728347166911,22.98554125975348
7390.25,0.06728063345012258,4.197790309805275,22.993709886857953
7396.031,0.07060385887699248,4.197720418860787,22.981672945906663
7401.781,0.07078865748919415,4.197537251044849,22.98681486709216
7407.562,0.06976597391475871,4.197462055529475,22.99028226848586
7413.343,0.06962358278717344,4.197616734541919,22.97845682681711
7419.125,0.06764656291592402,4.1975804415953935,22.97523432657388
7424.89,0.06885096901889737,4.197552919334115,22.979282818233344
7430.656,0.06940394817257951,4.19794605514074,22.9742516751956
7436.437,0.07054691321419373,4.1975637345658265,22.97536052540324
7442.172,0.06861117568411476,4.197450972551982,22.976290076983048
7447.906,0.06658256147989783,4.197992930668195,22.972400299461025
7453.672,0.06623059851785872,4.197764365716492,22.9805116933762
7459.406,0.06716771036301966,4.197639959878247,22.97713187535258
7465.14,0.0670434824232368,4.197925641013899,22.971812348243812
7470.906,0.06806822857203851,4.197824771257822,22.974375600027535
7476.64,0.05831687747416388,4.196876457341021,22.977691274275802
7482.375,0.060399859385908215,4.196860921229172,22.97019063798865
7488.125,0.05600218211209163,4.196437630002737,22.971993890428564
7493.875,0.05687176415533825,4.196712111657645,22.969092093986898
7499.609,0.05872377921003727,4.196950218349037,22.966497374765094
7505.359,0.060958879642767944,4.196732916351721,22.97567704208359
7511.078,0.05648157120875092,4.196868674195944,22.960691025128504
7516.828,0.061169152531096845,4.196383102473799,22.96207031235398
7522.562,0.05997724896980681,4.196847100366304,22.960338024488337
7528.297,0.05823921742545234,4.1965965481442264,22.958858170328675
7534.047,0.05828247797907207,4.196490698991571,22.967459487375326
7539.812,0.05802502483980148,4.196674118258142,22.963571280539465
7545.547,0.05847017604514219,4.196520027850343,22.964222605347494
7551.281,0.05835204695307849,4.196654671186001,22.968013794594228
7557.047,0.05403661507245244,4.19674796672548,22.963232757786205
7562.797,0.06060520431139583,4.196405915450523,22.969802537416832
7568.593,0.0578178978757706,4.196441674842346,22.968134935424832
7574.359,0.05454786525602754,4.196479612363867,22.96601111082261
7580.156,0.059115608953358205,4.196846658531835,22.959780345065397
7585.906,0.057993456318605245,4.196450394049106,22.959839842367042
7591.656,0.05937540636602425,4.196544954539824,22.96287390457122
7597.406,0.06206502796834117,4.196798882596722,22.948493732786513
7603.172,0.05788482880753988,4.19649136089341,22.9473818956798
7608.922,0.058058169910617546,4.196357603627541,22.953760959463157
7614.703,0.059968490998800375,4.196712862333039,22.944019887444313
7620.453,0.05902903282967868,4.196563168347651,22.95603176245216
7626.203,0.06005668757725508,4.196641543179079,22.950745395911383
7631.968,0.049383623852279936,4.195830984889339,22.951416115981225
7637.734,0.059983563842127385,4.196229498002498,22.949665420610117
7643.484,0.06010571275293147,4.196645350105263,22.948893051439825
7649.25,0.05761862936719959,4.19640369932935,22.94487500355824
7655.015,0.05789915220196495,4.19678784399073,22.95278184560082
7660.797,0.05939959964836736,4.196588517685442,22.955798770718566
7666.562,0.05882476180813169,4.196620577429896,22.948311103790736
7672.312,0.05756545986869565,4.196676828163627,22.94242393445972
7678.093,0.055917105173485394,4.196556919598149,22.942902432946088
7683.859,0.05725196884692716,4.196705735244605,22.949491599746878
7689.625,0.06110469246442497,4.1967374049707065,22.935827652948433
7695.39,0.0588171589045498,4.196624123817566,22.94559004713226
7701.156,0.05883315256009603,4.196665313232284,22.937664966774054
7706.922,0.05688308900962484,4.196438966183254,22.936838394594698
7712.687,0.05517559831362734,4.196743954939927,22.935961575776428
7718.453,0.05573815795989054,4.19690296756416,22.938468559247458
7724.203,0.058184952956526044,4.196774441042455,22.944857390257937
7729.953,0.06136893890683566,4.19675471018193,22.942997638386373
7735.687,0.06276414133832255,4.196654039985574,22.94343365900346
7741.437,0.05804885652389213,4.196641002229679,22.943202359427016
7747.187,0.05917967909104036,4.196680228294942,22.936656494779395
7752.922,0.05603521932674541,4.196833386441687,22.939331403798757
7758.672,0.057201659831923775,4.196927558973246,22.935447523116682
7764.422,0.0565944558225029,4.197044541624847,22.939645977466782
7770.156,0.058413981831783646,4.196721526240787,22.936306946319462
7775.906,0.05909985233054692,4.1968003044815765,22.940602724196488
7781.656,0.056698917033907205,4.196460167250022,22.93437504136803
7787.39,0.05859277120587342,4.1967617039935545,22.93591123494529
7793.14,0.05451866805032166,4.196781055955927,22.93393499007142
7798.875,0.06041229021241292,4.196862300949537,22.944193965627353
7804.625,0.058178067069435645,4.196959782978302,22.945289095149395
7810.359,0.05553910413041683,4.197286350379484,22.932464518036106
7816.109,0.057599510204258866,4.197097280852638,22.930727660649694
7821.859,0.057297741602436704,4.196887430981245,22.93133235368242
7827.625,0.05835825674854252,4.1971249683036715,22.939703425960676
7833.375,0.057080481371429806,4.197029955277814,22.93799748953109
7839.125,0.058472387966950146,4.197008168028869,22.935913901712084
7844.859,0.04668887615961619,4.196078384239964,22.926405976979254
7850.609,0.055728221221613736,4.197055510506984,22.927929746970133
7856.343,0.058043354513391626,4.1971818672854635,22.927843616026436
7862.078,0.05794429521424023,4.197086779412881,22.930327867958955
7867.859,0.05688399088817488,4.196995632818054,22.93031633763236
7873.609,0.0587290829413266,4.197162303745122,22.925649635922152
7879.343,0.05878295796237555,4.197264064811259,22.92160765193686
7885.093,0.054386414883179954,4.197134969529002,22.921488018817392
7890.843,0.05391858788615933,4.197156384791857,22.914072796534366
7896.593,0.04928324022650662,4.196278980840197,22.9216716003504
7902.343,0.039860245866592155,4.195106893729957,22.916691813235246
7908.078,0.052222082888781586,4.196306352647331,22.922763943714706
7913.828,0.03829462217278684,4.1952044569098055,22.923487072096766
7919.578,0.04640957386425426,4.19587508030481,22.91180872437759
7925.312,0.057534655586306556,4.196962902110563,22.9214922430687
7931.062,0.054518323502634504,4.196792072511524,22.920595378363522
7936.812,0.04660003930386213,4.196075707081222,22.927013977476403
7942.547,0.05350550585355145,4.196881758082197,22.92047603168489
7948.297,0.055284827662435206,4.19716923043582,22.915983356617737
7954.047,0.046616018562052275,4.196239001839071,22.911692981132042
7959.781,0.058431081503348754,4.19701463208075,22.919548003472524
7965.531,0.046253220054110346,4.195806898053302,22.91924494316288
7971.281,0.05941278287539577,4.196979219077778,22.91955935809203
7977.015,0.05906907082522908,4.1971441433880825,22.923970840161612
7982.765,0.05418952056316736,4.197172762485729,22.914794965694966
7988.5,0.05587507351443907,4.197253562365818,22.918705786484388
7994.25,0.05916609249571432,4.1974933134232195,22.90836758845131
8000.0,0.05677846103879902,4.197334874124,22.909737130911825
8005.734,0.055090839410516,4.19725826226109,22.905736108100843
8011.515,0.0553920179929757,4.197553596349099,22.919213329063453
8017.265,0.05613418920675253,4.1970536765152735,22.915905312823245
8023.015,0.058094793987863075,4.197301141993581,22.906931311936596
8028.765,0.05876925151958388,4.197509492061854,22.902773507687737
8034.5,0.058200629145985554,4.197618010755413,22.910940966053154
8040.25,0.04448445769275033,4.196575355488624,22.91174555867854
8046.0,0.04875519969837133,4.196757834302156,22.914101636641053
8051.765,0.045512060697373125,4.196666262327979,22.908799213506338
8057.5,0.04775650856646878,4.1965025079183205,22.912721404442017
8063.25,0.0595908717384165,4.197294481402594,22.907589638374294
8068.968,0.058884822876988256,4.1976298815972575,22.902557873116
8074.718,0.05630685693752562,4.197729021101998,22.91081533788837
8080.453,0.058320329627700764,4.197377539134049,22.89622648472557
8086.218,0.047620988283527024,4.196461930889366,22.90796637968316
8092.0,0.057662978467420176,4.197636249754786,22.90762062117567
8097.75,0.04663059531301555,4.196499250486521,22.906726068621406
8103.5,0.057201186496217256,4.197631048533087,22.90474121691372
8109.297,0.055971189981867696,4.1972140943540905,22.90513463171105
8115.047,0.04622291770835457,4.1966699511511605,22.902458045051652
8120.797,0.04112081854562911,4.195797020864465,22.904946521728746
8126.562,0.04001131474311601,4.195537260575499,22.910643940377106
8132.328,0.04525334762520074,4.196319406727055,22.905043260814164
8138.047,0.05660102098237485,4.196919961004122,22.90190823990603
8143.797,0.05285925877805973,4.197527366036673,22.899336097226733
8149.531,0.05536893843123095,4.197397337738314,22.902727448513566
8155.312,0.05485361837887981,4.197600178483821,22.89846443284317
8161.031,0.05498609269384206,4.197434870690223,22.90177166109033
8166.765,0.04700929610095868,4.19688560669554,22.900625662923098
8172.515,0.04552768151534833,4.196791482040226,22.895842304054543
8178.281,0.04759840058768448,4.196619882939325,22.89619506228477
8184.0,0.04823583312445851,4.196675055238132,22.893130090205883
8189.781,0.04741536039941388,4.196732372964796,22.88492026265277
8195.531,0.049390994022294035,4.1966593626685,22.88583552243374
8201.297,0.04820153417746225,4.196689986121685,22.891522998272
8207.031,0.04916920835189445,4.196420598467195,22.896652654003834
8212.781,0.05789121297814091,4.197428031024199,22.888340849518276
8218.515,0.047392779531547316,4.196903459058243,22.893776434185423
8224.265,0.04544293309189836,4.196872879300402,22.88854106000497
8230.0,0.04492080831413952,4.196782961255032,22.884264382297072
8235.765,0.046275364463294305,4.196774438658271,22.887939615897583
8241.5,0.049656983135706954,4.1964586048556525,22.881860741697473
8247.25,0.05470881046894554,4.197585505816201,22.88784131499222
8253.0,0.05610979948623315,4.197708183862391,22.883378134512395
8258.765,0.05926187147711798,4.197859089700171,22.89172047406256
8264.515,0.058156058189746326,4.197748069504214,22.890774749344466
8270.25,0.05752962724423935,4.197836370700629,22.8894594550498
8276.0,0.05396410127169927,4.1976448248945735,22.890171214482134
8281.75,0.05712873148466297,4.197742002529037,22.89171558568286
8287.484,0.05634531956938278,4.19783421628375,22.880723124755583
8293.234,0.0545027007125562,4.198061281715494,22.880718012809297
8299.015,0.04410483479875521,4.197137762753859,22.88872761109127
8304.781,0.042724974733496665,4.1970610980536955,22.88200407852542
8310.515,0.0418232501201774,4.1970389592079425,22.881516445357377
8316.265,0.046595308286098855,4.197204220971699,22.8826937702767
8322.015,0.036178164642885056,4.19614734532133,22.880599848724593
8327.75,0.02786597223912681,4.194963661175574,22.874471550196866
8333.5,0.03561835587103789,4.195822006277087,22.870076930419117
8339.25,0.03677843007564601,4.19584124446321,22.87865741752824
8344.984,0.038919366584545444,4.1958505319177215,22.876082965277554
8350.734,0.03759489913878007,4.19547366849295,22.884772165553024
8356.468,0.04809483828228686,4.196860106852345,22.879708212710927
8362.218,0.0463333549102658,4.19684206642645,22.8781731060773
8367.968,0.04876122020308222,4.196981636561137,22.87934620508481
8373.703,0.04910927327031671,4.196659600915326,22.87514615290626
8379.453,0.043776041453641015,4.196842550744449,22.868132671645608
8385.203,0.04700000395450808,4.196627675076401,22.88105781340516
8390.937,0.04621047718852033,4.196969235735478,22.87461371403619
8396.687,0.03836225792257849,4.1958999230565155,22.87667257956496
8402.437,0.036810488210485354,4.196134325327908,22.870246421511318
8408.187,0.03418037200393449,4.195688238629824,22.866733104240975
8413.937,0.03645746126747999,4.195835322057822,22.862133880507017
8419.672,0.03653821313520539,4.195766275120593,22.87242064937237
8425.406,0.03539268942475658,4.195791278997838,22.87135695609867
8431.156,0.032171588819933344,4.1958907139758415,22.87229780895536
8436.906,0.032699094161387686,4.1958884947891075,22.86863100274016
8442.672,0.03369919468293539,4.195566272449784,22.86311199411927
8448.406,0.03457727143041049,4.195713085548993,22.867367438601413
8454.14,0.037245507165543146,4.195850750037122,22.861129492815706
8459.906,0.037909485409101856,4.1957248500948365,22.86372285530321
8465.656,0.035826356418622474,4.195597085232923,22.85635620707056
8471.39,0.038680991779899386,4.195452865095595,22.8612498223462
8477.172,0.045347537195499776,4.196788493226739,22.85978274186354
8482.984,0.04693081477393199,4.196461419133773,22.8740192957364
8488.765,0.06113100344944987,4.19765272588251,22.8647416499008
8494.531,0.05362539460172073,4.197691501942763,22.862229574694425
8500.297,0.05582963448641327,4.198073744499023,22.85203728062557
8506.062,0.057908070315529026,4.198010611982147,22.859587638038327
8511.797,0.05501015261308554,4.197870251589152,22.85821824619119
8517.547,0.059322958301225116,4.1982134920112575,22.86466321419477
8523.297,0.05191233905544501,4.197939161730807,22.85617017838218
8529.031,0.05738162655449505,4.198179594853233,22.853707056313862
8534.781,0.05732909163131443,4.198149403538054,22.856359500391942
8540.547,0.053794075099727515,4.198301479184342,22.85644229037845
8546.281,0.05356775559023833,4.198539192676854,22.84763556078307
8552.015,0.05437932778807741,4.198490456362663,22.857166647073985
8557.765,0.0542840714230485,4.198385087788598,22.84873010355192
8563.515,0.04460082373667569,4.197492945237595,22.858034154494216
8569.234,0.04430734648584424,4.19752051290167,22.861623255736035
8574.984,0.039195275648172184,4.19644315333981,22.869945490019955
8580.718,0.03367594955304886,4.196467545969131,22.861319127122755
8586.468,0.03249932748952633,4.196416968840094,22.856456369415632
8592.203,0.03821063090291285,4.196317955474281,22.854876188304168
8597.953,0.03489336772851642,4.196412561497941,22.856159901281504
8603.687,0.03351012165240433,4.196462554649652,22.857910287078006
8609.437,0.03817973663094424,4.196294411572624,22.862425693427188
8615.172,0.03502611704363734,4.196206160055504,22.854219148066033
8620.922,0.04043691900589541,4.196274911651832,22.86231354475904
8626.656,0.03830182551918833,4.1963839673295515,22.86433873065676
8632.406,0.03634448451031114,4.196291595180912,22.852788881103635
8638.14,0.0362387914593264,4.196477627128383,22.8524085456991
8643.906,0.03385712919673477,4.196140029127251,22.852842302507494
8649.672,0.03539131269609159,4.195947548201419,22.85461054936765
8655.406,0.025033592373239426,4.195113254573601,22.85447944693288
8661.156,0.03818083199959872,4.195925451985334,22.850852776197282
8666.922,0.038048608272207206,4.19628923629715,22.858420509272896
8672.672,0.03813382911165078,4.196055891065859,22.85494295758031
8678.406,0.03626459193262293,4.1960437506665995,22.85039342391064
8684.156,0.034389764295367206,4.196025272494634,22.858525217801777
8689.906,0.03866138161169507,4.196136397998958,22.843549474914738
8695.656,0.03627881186558832,4.196269129100292,22.85210951190803
8701.406,0.03675252735644662,4.196138397994451,22.849301114524902
8707.156,0.03444337896986895,4.196066872755418,22.854822966642484
8712.906,0.03341818365840947,4.196145022382303,22.851066821344375
8718.656,0.03691626915360003,4.196051799566257,22.839698586477404
8724.406,0.03675465010479008,4.196206885462462,22.84398784390805
8730.156,0.035421307219458506,4.196175632006831,22.846886271530302
8735.906,0.036916871336458164,4.196416019717287,22.852373052244864
8741.656,0.03940353289037106,4.1963443231141175,22.845432025609146
8747.406,0.03611783566917792,4.195968707102353,22.846646419086007
8753.156,0.036636478689870515,4.196231287306202,22.847572788987513
8758.906,0.03561281574921486,4.195984626756096,22.84749260985482
8764.656,0.03627276030759651,4.196418804277488,22.851325278256677
8770.39,0.03587867773168454,4.196208006700404,22.83758449412906
8776.14,0.035501679317152424,4.196204720724403,22.835086435647728
8781.875,0.03379524304891603,4.195875592810995,22.843661135404957
8787.625,0.03701842130109211,4.196152843403212,22.86032041056836
8793.39,0.03327672887809562,4.1960566881807075,22.84819854100892
8799.125,0.0381594692482457,4.1961547042080545,22.859384047137095
8804.875,0.03530710202565347,4.196071024846453,22.85225893290099
8810.625,0.03469680204868966,4.196070221202813,22.85317509096527
8816.375,0.038601204847106635,4.196262214517239,22.84608949271722
8822.109,0.03853561550150341,4.196235195933543,22.84860532525473
8827.875,0.0389553466185563,4.196087594944095,22.850136178539806
8833.625,0.037006498478382104,4.196167542032883,22.838990955457092
8839.359,0.03655700318892833,4.196239339060704,22.853476159245425
8845.109,0.03679076003658499,4.19598032177552,22.850010789732703
8850.843,0.03625032305312549,4.196192994989396,22.853541724241477
8856.593,0.037287056004989216,4.196206913842793,22.86118352623934
8862.343,0.03507428741725368,4.1960515143186115,22.85670174126948
8868.078,0.038350028828270676,4.196112318163619,22.848135548128255
8873.843,0.04110815781027238,4.196469130399371,22.83705054654096
8879.578,0.035986102656027745,4.196192935317088,22.844304013038137
8885.328,0.036035904354035066,4.1961261924532876,22.831496758453333
8891.078,0.03503761672793342,4.196172820169558,22.843459907588535
8896.812,0.03836280029847564,4.196378026590181,22.840408038047315
8902.547,0.026810358472578143,4.195321010154925,22.846107268958278
8908.297,0.034434407804942904,4.196327620379294,22.84519170645918
8914.062,0.03679051594445944,4.196212867606686,22.835913949343443
8919.812,0.03797610752640081,4.1961996218291855,22.838042460756913
8925.578,0.02747770280741445,4.195411458438916,22.844316037272048
8931.343,0.04142090504711094,4.19623506591585,22.82827305184334
8937.125,0.03404857845342225,4.19648367444933,22.836717770461444
8942.859,0.035638345128619485,4.196320609678497,22.83413720466582
8948.593,0.03561350922484552,4.196191618637274,22.83780767316913
8954.343,0.03512357461217005,4.1962916384684705,22.84584302974729
8960.078,0.03598233622683269,4.196568188373928,22.84774764314005
8965.828,0.03624793699068123,4.195905267566104,22.843136831584452
8971.578,0.039097731077549505,4.196552940756683,22.847363875082088
8977.312,0.03786939228870146,4.1965437108208645,22.846524842767852
8983.062,0.02419486393168781,4.195499492876841,22.84893331670738
8988.812,0.03784024442485092,4.196168313393335,22.83732755813102
8994.547,0.03536522289812802,4.196297227472547,22.837332421359918
9000.297,0.034556678177304734,4.19605959136728,22.839640700180873
9006.031,0.03472663680971599,4.196292708141744,22.84017878927068
9011.797,0.0368798280346408,4.1965372253885365,22.835546489254675
9017.547,0.038576109091879515,4.19649890066562,22.83096355277227
9023.297,0.033916103179037455,4.196397170272622,22.837000945871957
9029.031,0.03951798620953832,4.196817157691909,22.840934303581097
9034.781,0.03456042762013379,4.196328815288164,22.833736591224113
9040.515,0.036696815557713446,4.196312692142908,22.833469979232547
9046.25,0.03884997547241068,4.196761018307114,22.83813121724232
9052.265,0.034596071916904426,4.196562459928638,22.833762275083938
9058.047,0.03347728697256842,4.196639798525991,22.835222182631377
9063.812,0.03386857333603063,4.196333302603482,22.8332388822648
9069.578,0.03543066241271912,4.196685901629581,22.83564854383375
9075.359,0.037913840188019333,4.1967152460351285,22.83472395530344
9081.156,0.03708265512063807,4.19676053829765,22.830418764892492
9086.906,0.03462579508784681,4.196477557658876,22.829021968584367
9092.656,0.036916676621793466,4.196697371381441,22.822435765884617
9098.437,0.0336547650466269,4.196697490270757,22.835806391557433
9104.203,0.03758737213217916,4.196562351672295,22.82930755253497
9109.953,0.03795636921736629,4.196671712150256,22.836481863852985
9115.734,0.033994302013392305,4.196696967739164,22.831198751093435
9121.484,0.03737752886613996,4.196812821567099,22.83130895303757
9127.25,0.0323231541443262,4.1965694046536175,22.82297248299924
9133.015,0.0321928811675738,4.196445003664612,22.82828673023595
9138.781,0.04052278013771226,4.196738237359164,22.83057330230922
9144.515,0.03548090757819401,4.196540427688031,22.825794305804717
9150.265,0.03223669055634375,4.196508996104313,22.8288351804697
9156.015,0.039314127349390764,4.19640900348192,22.824843439093513
9161.765,0.03672740421135909,4.196815928919414,22.8251635561339
9167.515,0.03702799845597821,4.19688052112304,22.827537727007698
9173.25,0.03674163554569328,4.196643633963761,22.82724240709264
9179.015,0.03800738771700289,4.196540172184082,22.834508560680163
9184.765,0.03376954057421319,4.196970902208979,22.82285455007231
9190.5,0.03386117350239807,4.196822322089004,22.828387407524314
9196.25,0.034434039808321305,4.196467742976226,22.829357752845166
9201.984,0.028009156867992765,4.1956325962842,22.82529441451146
9207.734,0.025693931904708242,4.19601536468546,22.822774731621337
9213.468,0.025010788391537173,4.195559799777483,22.82222390123566
9219.218,0.022648275290230686,4.195870990348929,22.813832066666965
9225.0,0.026455688796535284,4.195567434888478,22.82035633654838
9230.75,0.025817518598159818,4.195696919800885,22.827426667181335
9236.484,0.026485508626345657,4.195716001891188,22.82684963607674
9242.25,0.026891592149997517,4.195414189942691,22.814268648506417
9247.968,0.036966822669459255,4.1964199209825415,22.812477694752527
9253.718,0.035036472636515735,4.196653821335025,22.823688396242947
9259.468,0.03711366048716258,4.196957017731021,22.820565238499654
9265.218,0.03677135622532131,4.19650427343837,22.820958547381966
9270.953,0.03639208325622989,4.1965678211367,22.821999024929475
9276.703,0.0351276434248804,4.1967400079408606,22.8172142485314
9282.437,0.033004674494878136,4.196872466166717,22.81071107756448
9288.187,0.0362249978743308,4.196628528007398,22.814766198769785
9293.937,0.031896619427789756,4.196559117222549,22.819348608003633
9299.672,0.03712481211263808,4.196830670223458,22.819613472663523
9305.422,0.03602542124875301,4.196694684321104,22.819001497162635
9311.187,0.03394538727674271,4.19676829299607,22.828746839475414
9316.953,0.03328467737916616,4.1969771328996925,22.817208849539664
9322.718,0.03466302529033409,4.196909775263255,22.8076889926617
9328.484,0.036000788277006666,4.196932910260475,22.826547577493933
9334.234,0.0367089704241692,4.196707435015993,22.82072144526671
9340.0,0.03628980508206737,4.196942780150742,22.81917468588065
9345.75,0.0342450149296543,4.196813251692962,22.81825202917576
9351.5,0.025602307657621406,4.19579353962235,22.809585990555533
9357.234,0.025384384393859878,4.195774221215656,22.8187398461254
9362.984,0.026552174179283922,4.195809484937257,22.82098362278402
9368.765,0.027196604632841036,4.195888754140072,22.81812826980893
9374.484,0.025490202456040605,4.195865673203084,22.815513867152596
9380.234,0.023041965383127107,4.195895519340087,22.819653476555303
9385.984,0.02533507360067571,4.195597607041171,22.813319339967403
9391.734,0.026435352078839038,4.195839000715034,22.813828820376248
9397.5,0.023509685946199402,4.195617094718758,22.80975188885696
9403.25,0.025473408474197188,4.195768776878069,22.81256046774412
9409.015,0.025586587920066375,4.1958672224135425,22.81077126124562
9414.765,0.02586183379184036,4.195441583392875,22.813223028099774
9420.5,0.03582264312020695,4.196888627862963,22.80779935645692
9426.25,0.0343279130948992,4.196513070181771,22.812074433911345
9431.984,0.03637991096171964,4.19664837761187,22.809921847787646
9437.734,0.03535945536528598,4.196934155344329,22.80952186961937
9443.484,0.03379634797275089,4.196839047646952,22.811484671341255
9449.234,0.03444726679928057,4.196613259080359,22.814067508775203
9454.968,0.035848639087710125,4.197005194246637,22.80575979184516
9460.703,0.034967612340133264,4.1966797727907466,22.802230924707104
9466.453,0.03643039996803377,4.197138254204127,22.799887747545753
9472.187,0.035254706732389306,4.197003250140352,22.80967372135663
9477.922,0.03437079190571645,4.196937379694202,22.800519063702502
9483.672,0.03665936520534303,4.1971235451253,22.807060510175855
9489.406,0.03700439603999139,4.197122218067363,22.80060130538987
9495.14,0.033285455415978715,4.196683312438068,22.796554015143773
9500.89,0.034794311951105196,4.1969271275360995,22.79466812387135
9506.64,0.03502674912481466,4.197068389287744,22.798060765535247
9512.406,0.03463121991806031,4.197015436099258,22.80186089855542
9518.14,0.03412717256311353,4.197108552564595,22.80768168404921
9523.89,0.03672263834161648,4.197280123661595,22.79950398820579
9529.64,0.03253130678788828,4.196884033512942,22.798622020807407
9535.406,0.032914754327751476,4.196993087471109,22.802770477900168
9541.14,0.035145443848369276,4.197025530414392,22.80280722154934
9546.875,0.032260782797544844,4.19710230577883,22.79967664672001
9552.625,0.03467821667902887,4.197227686840661,22.792999931402527
9558.359,0.03259944616045118,4.197405426299035,22.802639129021635
9564.109,0.03355451767142681,4.196925078277985,22.79891998010879
9569.843,0.0336768531763782,4.197148728299742,22.79756773334417
9575.578,0.032918887493447326,4.19723000186249,22.791477835631156
9581.328,0.032701028907625024,4.197093512541848,22.802782557258023
9587.0,0.034166139984016894,4.196947997102173,22.79394356333626
9592.656,0.03282199327154433,4.1973913612392995,22.792927325815498
9598.343,0.035546489131538184,4.197266730275676,22.79641538553713
9604.0,0.03304961143654011,4.197134398802818,22.800614485639304
9609.687,0.03732508749002635,4.197156959017187,22.80272902780263
9615.312,0.03527105087178047,4.197197407166429,22.802339310086424
9621.0,0.031578850323588356,4.197379913004619,22.795006674060563
9626.953,0.030836029720545003,4.1973451428017245,22.7979349755351
9632.672,0.03489331230930297,4.197159711058038,22.795343752477105
9638.39,0.03151027762042946,4.197249742924008,22.795772706137832
9644.047,0.03273772759466856,4.197282677548902,22.793014086248238
9649.765,0.03250483288237595,4.1973901021972475,22.800004076615533
9655.468,0.02854892601141576,4.197555255947018,22.802407964683233
9661.187,0.03451915200960604,4.197491581320296,22.79728497807367
9666.906,0.034337970491021115,4.1973125502865205,22.790115292560284
9672.609,0.028971712120526863,4.197475918815829,22.790404870981554
9678.297,0.03395301784247568,4.197451782441114,22.78917677544056
9684.0,0.034159214641276386,4.197274058500082,22.78218303816292
9689.687,0.03427907920709322,4.197248514516228,22.790751503808842
9695.375,0.03238963770533373,4.197463703942916,22.78767701295043
9701.015,0.030077406734005704,4.1975450093969044,22.78974639834933
9706.718,0.023365970569702306,4.196340864142651,22.791780755502028
9712.406,0.024102615079298707,4.1967434727150605,22.793759971027814
9718.078,0.022891407972481962,4.196214980974468,22.794578129587777
9723.781,0.023817811809787013,4.196517063274575,22.78702830689294
9729.422,0.02646019798694791,4.196219892182227,22.78711816113938
9735.093,0.022650488053091174,4.196445626844296,22.78297723532432
9740.781,0.021885630834021584,4.196300092081834,22.789078178669303
9746.468,0.02553553888787631,4.196368547835238,22.798119530475304
9752.125,0.024392484984848573,4.196127720828324,22.796184135905275
9757.797,0.025917650368495526,4.196323144857464,22.792660922841538
9763.468,0.027722696166828906,4.196398266884823,22.78286008936559
9769.156,0.02526760640344521,4.196405883138522,22.78653462732068
9774.797,0.023085221455926782,4.196269800529435,22.785309746716578
9780.468,0.02743406494179688,4.1964213591807775,22.789645627414767
9786.156,0.02465539076971623,4.19619244865798,22.788710700866687
9791.843,0.02593439528948792,4.1962823239263685,22.787911107965858
9797.484,0.022922699181789515,4.19639414206827,22.784956104820612
9803.172,0.02946009480572787,4.196321459755335,22.781111269609106
9808.843,0.02585315069017404,4.196418974800337,22.773595694022905
9814.531,0.024771177362163728,4.196234939883689,22.780624494550327
9820.187,0.026001046939177982,4.1966269121317,22.779543820385072
9825.875,0.02342539350019054,4.196406144884945,22.787491706126293
9831.578,0.022699388231779447,4.196173679235078,22.780247728028762
9837.25,0.02402574003784677,4.196177396936394,22.795907734839194
9842.89,0.02183747392272868,4.196408630839358,22.793646986741816
9848.578,0.022067021394636333,4.196204356970982,22.790484413792814
9854.25,0.027101343472543456,4.196280997592734,22.78552448365274
9859.937,0.0237473900830044,4.196210200833192,22.786952535887387
9865.593,0.026153280677601667,4.196092581240539,22.775592325689814
9871.265,0.02768992935052068,4.196582900786907,22.783766342659273
9876.937,0.02168447704317629,4.19613429815649,22.788479132821998
9882.625,0.02483298031064787,4.196165816783718,22.782643990677393
9888.265,0.024571429629846275,4.196226323576274,22.791950725707164
9893.937,0.028188071678465473,4.196544788306334,22.790414578747843
9899.625,0.025797189500092462,4.19639292011437,22.785176027985866
9905.312,0.02891075874219582,4.195423652740042,22.78423817908796
9910.953,0.03274071945834895,4.19743153948836,22.787210370915805
9916.64,0.03055766236266813,4.197120013158329,22.7903991370862
9922.312,0.03023841327758122,4.1968227799998425,22.790106716442807
9927.984,0.03631383199413462,4.1974898365485505,22.78022940307656
9933.625,0.033640753604051776,4.1973648536856585,22.788478395241995
9939.312,0.030811608079099936,4.197623077450463,22.7811331947444
9945.0,0.03758810862910681,4.1976394421011305,22.790441187068247
9950.687,0.03556739399216478,4.197756002720318,22.77684604286691
9956.328,0.03038363741265628,4.197556582560629,22.783002393500915
9962.0,0.032875178849980785,4.197426780019032,22.774876439002146
9967.703,0.03423140908623423,4.197207886932858,22.778032067796833
9973.375,0.032701945065237666,4.197656774781943,22.776280422641864
9979.031,0.03210258789776719,4.197633372777174,22.774379891012646
9984.687,0.036199978210548836,4.198190620212769,22.773225089381086
9990.359,0.03194389455100306,4.1977871681477215,22.779225993386785
9996.047,0.023492774990727272,4.19683716428633,22.783102413678293
10001.734,0.016736490245773353,4.195790495179466,22.772347904769486
10007.328,-0.001555394023229112,4.165069108137908,22.7993712073167
10012.937,0.00012396749257234917,4.176775346194894,22.838248029924028
10018.515,0.002995732384864972,4.180347322530178,22.86499842224673
10024.14,-0.000543323263547781,4.182260811073604,22.879752739879617
10029.703,-0.0037885952706831036,4.183477566331394,22.892983253789243
10035.343,-5.518543646107089e-05,4.18412455937514,22.89974964216401
10040.922,-0.0011173298733191494,4.1848706636404245,22.89728734523091
10046.547,-0.0011406138757890853,4.185289948447909,22.897189080986124
10052.109,-0.0033254741155089055,4.185509776548174,22.89205827309182
10057.734,-0.00011646989817263673,4.1859539032976025,22.889195936921293
10063.297,-0.0030596459565877,4.186203742499691,22.89478725852754
10068.937,-0.0022639857064020823,4.186362608578189,22.888777990789446
10074.515,0.0020404118369644,4.186510458534331,22.891180088821084
10080.14,-0.0004224975935888292,4.186895595040944,22.886081668301355
10085.703,-0.002563840351710886,4.186960416755503,22.879316974421478
10091.359,-0.00047449245059375114,4.187119687983391,22.882637762969907
10096.922,0.0014808374901558656,4.18735569154901,22.873546025084526
10102.547,-0.0016243051375806731,4.1873164806198115,22.869653833293118
10108.125,0.00011403803381860836,4.187217426270085,22.866745100057464
10113.75,0.0015610160837081332,4.187651031651915,22.871223503427203
10119.343,-0.0020736512389697686,4.18741921959833,22.860180269036682
10124.968,0.0003637948461253126,4.187445166597431,22.85346646771392
10130.531,-0.0011887659280444066,4.1876796910634795,22.868587441434286
10136.14,0.0022340237253424106,4.187677934749833,22.8586020862569
10141.718,-0.002679941078122353,4.187779027844816,22.84973446362786
10147.328,-0.0025231813759675373,4.187797086099409,22.847735424423306
10152.922,-0.0001129706132706557,4.1875824221328415,22.861855623526488
10158.531,-0.0035344137426969323,4.187712283951395,22.86478685085882
10164.109,-0.0022369205513969818,4.188077050601543,22.85415236620521
10169.718,-0.0006318892054503752,4.187912803972152,22.858613016085165
10175.281,0.0007360998067837152,4.18825287348538,22.860591372437913
10180.906,-0.0006821829510463959,4.188527474649914,22.855252579935275
10186.5,0.0009068788312236743,4.1882865819145545,22.85218809032043
10192.109,0.0019251147797252185,4.188017443436091,22.854353013156807
10197.843,0.0004147879518676358,4.18834655364457,22.848827183513112
10203.422,0.0012487809245285526,4.188177744451988,22.846583609352777
10209.047,-0.003975629042537065,4.188021363183274,22.850978378149446
10214.781,-0.0018600958151028734,4.188137315807904,22.846468436844404
10220.343,0.0033827209408402656,4.1883641341843285,22.847352209791918
10226.0,-0.0008528549428481945,4.188042283782725,22.852003002037662
10231.593,-0.0005620438104465102,4.188332762870786,22.851315897692317
10237.218,0.0005793797631976745,4.1881857367911275,22.857834680198277
10242.781,0.0006696410963660206,4.18829850608384,22.84922970267536
10248.406,-0.004247075571431074,4.187768301520292,22.849416519560037
10253.968,-0.003978126414233494,4.188194882777014,22.838007482514264
10259.859,0.0019511248533151124,4.187947146229821,22.848032867649476
10265.453,0.0006636644604116126,4.1879362156841715,22.83484815823491
10271.64,-0.0017830740103618372,4.188303532888123,22.838089453014298
10277.203,-0.0012648597656486926,4.188216900338008,22.843520061514297
10282.875,-0.003896029083606041,4.188349272032202,22.848961637464598
10288.437,-0.0011591078619400215,4.188282002427045,22.848111677492216
10294.047,-0.0021132593690115875,4.187819733047665,22.848344558769266
10299.64,0.0006547498071438476,4.18816499359126,22.849888156536984
10305.265,0.0013569532694083168,4.188154635063305,22.85520068847596
10310.859,-0.0011320561144146514,4.18821599272197,22.85209952868565
10316.484,-0.00020197076473080116,4.188127119904298,22.848287073124634
10322.047,-0.0005959231090718305,4.18836411871277,22.85229593540756
10327.656,0.00034565241942412906,4.188219716131805,22.84437959772356
10333.218,-0.0004859827645021888,4.188262654782246,22.840760073860984
10338.843,-0.0012256594692789259,4.188148711801309,22.834586707377454
10344.437,-0.0009397651034397942,4.1879096227236765,22.84377298350039
10350.047,-0.0014594208531173289,4.188185267868596,22.83730840174028
10355.625,-0.0009279822228696513,4.187899157946224,22.84005135010035
10361.234,8.33842402313845e-05,4.187933303796558,22.830973591896537
10366.812,-0.000736342602505876,4.187954161739016,22.839824959355532
10372.422,-0.002018585038177507,4.188517827859139,22.83871684527322
10378.015,-0.002050245175838407,4.188312446300976,22.834218571414194
10383.64,-0.004101061212935052,4.188235914150787,22.842774503918285
10389.187,-0.0005005836016582778,4.188029788946916,22.848581205787234
10394.828,-0.001174129349474869,4.188152610625423,22.842036765325314
10400.39,0.0013958924392887566,4.188117249708321,22.839680665579277
10406.015,-0.005022771629175074,4.188080584238158,22.838504490444418
10411.593,0.0008705595635956227,4.188210385474096,22.837466622703595
10417.218,0.0001837975242461035,4.187678835891613,22.840288804401666
10422.828,-0.0007254428408913604,4.187808671892042,22.837311239046503
10428.437,-0.0003803551375633841,4.18808272182026,22.83349366223583
