time,current,voltage,temperature
0.0,0.0012744422837418525,3.6416663915533105,24.65543184599743
2.4529999999999994,-3.794915161339253,3.302798463779262,24.659447118776054
7.234000000000002,1.517797511569103,3.740119569544069,24.7126601811682
11.859000000000002,1.5150023337400107,3.764430254811206,24.754661679243373
16.484,1.5181608837380345,3.7789600291436685,24.759207479911883
21.156,1.5157506949764634,3.7899798202787225,24.766286305575797
25.875,1.5170509281388742,3.79900594779494,24.75582852568499
30.5,1.514494532778224,3.80711373808614,24.737587684222518
35.14,1.5178570831549645,3.8140928613875813,24.72822658005441
39.75,1.5137836630951036,3.8196992809810237,24.70466501898935
44.39,1.5140960807014539,3.8252725634100746,24.684849924921405
49.031,1.5156559189939356,3.829704424252879,24.661922871313383
53.703,1.5184112173264765,3.8336705114772234,24.64855486248938
58.312,1.5159826389483826,3.837204388015706,24.639911228659432
62.937,1.5158297205756226,3.84037221436417,24.61631542929372
67.562,1.516030741925458,3.8431086744440335,24.60067262134963
72.23400000000001,1.512298688786792,3.845602757791728,24.58595518150726
76.85900000000001,1.5135913351982184,3.848001121794641,24.57081340925992
81.468,1.516348866641435,3.849914093987939,24.560169286220134
86.14,1.516773475986562,3.851553251647628,24.553061789447348
90.75,1.5137967448980456,3.853750773050175,24.535168192858194
95.375,1.51539408233583,3.855357670438145,24.525692919665577
100.0,1.5151851441367499,3.856741686569857,24.50561659281621
104.67099999999999,1.5185514789465953,3.8583028925274556,24.500071617922394
109.281,1.5157814056370584,3.8598348955062414,24.498154483224358
113.89,1.5131961163388226,3.8611974484850324,24.489059105710105
118.531,1.5151062445369732,3.862862077499413,24.490083381329292
123.203,1.5148931657458329,3.864154736303013,24.489012931857474
127.843,1.5154605842571558,3.8655339778722793,24.470732013187302
132.453,1.5181505545753793,3.8668344079797463,24.46329875157484
137.09300000000002,1.5143499730945544,3.8681593423923535,24.453946043755913
141.75,1.5150016510390463,3.869414048320827,24.45651944534885
146.359,1.5170717475445168,3.8710594446054594,24.44648260260152
150.96800000000002,1.5159645312602026,3.871967082460975,24.437871054466765
155.609,1.513375228769796,3.873480938913192,24.434177075124815
160.218,1.5156377218769195,3.8746802843293544,24.427128797222768
164.875,1.5171817899736693,3.8762653773446654,24.41968184332153
169.484,1.515312056184741,3.877339690826117,24.414035844140823
174.093,1.5171069907007986,3.878572933251774,24.39964719634052
178.718,1.5198803439747643,3.8801288683966964,24.404858371069434
183.328,1.518111816141242,3.881572170461021,24.40131371148286
187.953,1.5180566616752533,3.882309041842632,24.397648229706594
192.578,1.516134355766697,3.884031434864548,24.396695634840796
197.234,1.5180107659939936,3.8847843767707513,24.387530244836352
201.84300000000002,1.5158584668847714,3.886355553383071,24.38523139496392
206.453,1.5174428093078247,3.887599145440793,24.387724788927347
211.09300000000002,1.5129033883559053,3.8888164527888938,24.379790794334458
215.703,1.5121473357598123,3.8899991649809196,24.384468679826163
220.312,1.5144001547907664,3.8911239771022856,24.37508562629745
224.937,1.5158518661171574,3.8923896338827366,24.370127184050194
229.593,1.5158831777342778,3.893718239412911,24.36352829576938
234.203,1.5148126905649755,3.89460879710739,24.367836891568974
238.812,1.5191138869189083,3.8954026875707184,24.369996238749817
243.468,1.5140901648091134,3.8973179953019184,24.36257826870179
248.078,1.5125318974808517,3.8986142541542175,24.358347391168444
252.687,1.5161500166262971,3.8991766693254006,24.357840789290822
257.296,1.515063381546988,3.900744673968741,24.349783016513403
261.968,1.5136265421159492,3.9017275968432408,24.34931311595869
266.578,1.517456595439955,3.902899490976638,24.35025426218691
271.187,1.5116801390251908,3.904041039026552,24.3464937699887
275.828,1.5149505967648924,3.905013212719024,24.349775506091973
280.468,1.5158024188659305,3.906319861742568,24.3439425005159
285.14,1.5182795249545065,3.907225085193433,24.3471422718614
289.734,1.5165732088485482,3.9086155891092824,24.33654836197217
294.359,1.5148268023057698,3.909289451253047,24.33831964114929
298.968,1.5137783664237625,3.9101638733236825,24.348794378015096
303.625,1.514117240640058,3.911337398937739,24.346017076328195
308.25,1.5130998154057125,3.912578999622083,24.341621124498577
312.843,1.5171213710496867,3.9134592174903493,24.342540415209
317.484,1.5150756214803187,3.9146325442962833,24.347549427188362
322.156,1.5150035240130513,3.915792012423359,24.34314984832811
326.765,1.5164879357283805,3.9164008905120515,24.333325690591177
331.375,1.51643432706863,3.9176782401897157,24.348818774833287
335.984,1.5137644388468032,3.9185111868315436,24.346759898553156
340.593,1.5182437382415286,3.919252833570228,24.341384193124362
345.265,1.5131976143385215,3.9204781872095222,24.346505958190455
349.875,1.5153063328039211,3.9212821117869985,24.351245514696892
354.484,1.517421889909108,3.9223314583531335,24.348197930206112
359.109,1.5130012186593658,3.9232672335829406,24.35286142127764
363.718,1.5174402864777996,3.9239133817989695,24.35142603273676
368.328,1.5148069964603168,3.9250788503173015,24.353583413699933
372.968,1.5161596469672907,3.925676904859626,24.359137187402077
377.64,1.5152384869563902,3.926631171399255,24.3551274950754
382.234,1.5159044289004129,3.927583226765805,24.341559607601774
386.843,1.5168767424528506,3.9283313512343763,24.350202923046215
391.468,1.5202738355325707,3.9293069126410645,24.35237311082982
396.078,1.5174996014530762,3.930126207577396,24.349878376810956
400.75,1.5147248221192666,3.931021375530954,24.34704568912368
405.359,1.5159197187414728,3.9316288389448846,24.339069559940675
409.968,1.5163706229388996,3.9326562527763973,24.341230976415343
414.578,1.5155188302785267,3.933344484502332,24.3327549466935
419.25,1.5144745188106628,3.9337167899540466,24.337467487528123
423.843,1.5140078167033946,3.9346537610964805,24.337724184748254
428.468,1.5172389601110114,3.935159403052189,24.33604006599434
433.062,1.5157385379690844,3.936126377244736,24.33406028507324
437.671,1.518044040952773,3.9368475724459295,24.339222528843408
442.343,1.5129947521615101,3.937763680217034,24.32992846793655
446.953,1.5173893165591161,3.9385114754437285,24.326248358225627
451.562,1.5168649278422128,3.938754890841405,24.328142059280367
456.187,1.5171503593412243,3.939856126927715,24.32626984547369
460.859,1.5123292582803058,3.9404947096522034,24.340863732544122
465.484,1.5129765331624931,3.9413939427634284,24.340588872709745
470.125,1.5130933643046989,3.941961699058393,24.34307656421713
474.734,1.5150456395490506,3.942676849702043,24.35494351677916
479.343,1.516710277909859,3.9432216552986303,24.341574235303483
483.968,1.5153330420497113,3.944139695594735,24.34147697166694
488.625,1.5157670632821754,3.9448504873467387,24.3431135249328
493.234,1.5191970200938079,3.9454239645552613,24.349441453605763
497.843,1.516566694358838,3.94598509952684,24.360878196747258
502.5,1.513722891852772,3.9467362674872946,24.348710365007864
507.156,1.514525912298063,3.947289960091836,24.36405005949431
511.781,1.5152164715572065,3.947706625475226,24.363539166375535
516.39,1.5171431451622757,3.948468304392188,24.365577934074228
521.0,1.5159913735274515,3.949187565769694,24.365845106588647
525.671,1.5160020436741772,3.9495622047563876,24.376022813034414
530.281,1.5137906739362224,3.9501243066163267,24.374330599689518
534.89,1.5168143305818058,3.9508432834716602,24.375392706989523
539.531,1.5139907826985883,3.9512980950081404,24.38283498885908
544.14,1.516459273253919,3.95209793672651,24.37743523084109
548.75,1.5155181678832792,3.9524425283224667,24.380014543383876
553.375,1.5155218652102016,3.9531087980085604,24.37969304425022
557.984,1.5159332585163334,3.9539326081535062,24.383940939062782
562.609,1.5176231928839272,3.9541732317144827,24.391551490932912
567.281,1.5171645303653527,3.9546967865863234,24.381200482249355
571.89,1.5155611327405993,3.95496938500869,24.38447980646564
576.5,1.5153871600584696,3.9558540544860326,24.380957543751272
581.125,1.5163782977809617,3.9562626574840163,24.380306068547174
585.796,1.5120829176219197,3.956770371393496,24.377298991685013
590.406,1.518119921085776,3.9572141970186587,24.381514919189154
595.109,1.517225466582581,3.9576945474456284,24.38648252412604
599.734,1.5159997773131337,3.9584031867121774,24.3872116659363
604.343,1.5155596868735974,3.9589233048820107,24.389549975170564
608.984,1.5146418798528372,3.959306017839313,24.398165256251147
613.64,1.5125970395824986,3.959819967886603,24.40581297204204
618.265,1.5161951761317651,3.960454690274818,24.39922919082588
622.875,1.5163080964575826,3.9608951474936975,24.39546524619947
627.89,1.5165589717999328,3.9617259644201486,24.399374951132327
632.656,1.5173440495708101,3.9617577681277534,24.403288029163775
637.437,1.5174960342820365,3.962342390928689,24.412383768205714
642.203,1.514555939452772,3.962857799465665,24.411563046237223
646.984,1.516569081566103,3.963275486044731,24.4156697909827
651.75,1.5138371293969621,3.9639087086544373,24.419347300563913
656.484,1.5185496512087797,3.9643512680171624,24.421013412607845
661.187,1.5150285626111852,3.964824511935387,24.4082494753957
665.937,1.5164807424904414,3.9651964472602197,24.424366899711536
670.671,1.5156238281836596,3.9657428381612947,24.426346139322025
675.375,1.515083066359433,3.96615851115233,24.43292056718556
680.156,1.5177944920882986,3.9666327630591818,24.43358596297158
684.89,1.5148817949535889,3.967258757966465,24.432939989287807
689.64,1.5140945848603842,3.967853043182021,24.436140997459503
694.359,1.5155570315686084,3.968330340108177,24.444479372053166
699.093,1.5153935387120783,3.96871752259815,24.441303987998047
703.828,1.5136421681326497,3.9691498372057983,24.45405443541505
708.578,1.5145089455449723,3.96970895961254,24.463094963061483
713.296,1.5191616458550574,3.9701744208487986,24.471614435507856
718.015,1.5183010564571189,3.9705034400964077,24.46261867260567
722.75,1.5158200263968593,3.9711528994829077,24.471356731611504
727.453,1.519026957115522,3.97156167519655,24.473263820093234
732.187,1.5156450231670318,3.9721062911749634,24.464437408858576
736.921,1.5153382855317379,3.972203236457503,24.468530874783024
741.625,1.5162299506824486,3.9730377632454084,24.469444031719
746.343,1.514064888373862,3.9734718282445667,24.482948354275432
751.125,1.5193734849972071,3.97392639586001,24.484009242019273
755.859,1.5145331908355883,3.9746103549968237,24.492294904196005
760.625,1.5157664335793077,3.97496888967846,24.49900582231094
765.39,1.5143533499382797,3.975479819553374,24.503224533604843
770.156,1.5170574686324116,3.975937092261115,24.502510633037815
774.937,1.5164593836517581,3.9765915762218866,24.506228029171222
779.671,1.5145005613804434,3.976954094466949,24.51767938129256
784.406,1.5134346521786919,3.976875899314622,24.508827342187164
789.14,1.5176962252858506,3.9775420472196257,24.515324963313482
793.843,1.5167031196985945,3.978197465166129,24.526913906138248
798.593,1.5109908870506519,3.9787947708523443,24.529053698044756
803.296,1.5116168722396777,3.978951491468739,24.532191439208233
808.015,1.5167815227105788,3.979730875494692,24.535801616850794
812.75,1.5153374594882676,3.980163449896033,24.54499039143049
817.453,1.515496086592037,3.980498218352465,24.549914898291906
822.171,1.5122072312459072,3.981109752409637,24.554831321149912
826.906,1.5183849689430498,3.981687563934853,24.560100350384563
831.609,1.5143709501465477,3.982108830238557,24.560280953543362
836.343,1.5159191679912414,3.9828708263756005,24.566625435532295
841.078,1.5172548214594939,3.9833748800401225,24.57884486559008
845.781,1.5151083128394474,3.98374253711884,24.57222367793292
850.515,1.51409661329619,3.983946347090208,24.583537980981976
855.218,1.5140070577174674,3.9846263276587974,24.594544187595293
859.921,1.5199754246038713,3.9850892694010236,24.59146850332837
864.656,1.5153550238384286,3.9857909119141506,24.59901900210111
869.39,1.5165459657175542,3.986129915849949,24.608717678011047
874.125,1.5160608510122247,3.9867958092042493,24.617556973616843
878.843,1.5155931602687172,3.987456832554201,24.617842752687093
883.546,1.5174272946488538,3.9878036885781265,24.626612907447743
888.281,1.5159194786719146,3.988125463072867,24.631105098168536
892.984,1.5156200390513521,3.9888391113740025,24.638051869521547
897.703,1.512370544401014,3.9893288186060047,24.646745584135612
902.406,1.5149317940068343,3.9897317625619504,24.65028370025322
907.14,1.517644868250993,3.9901445860175886,24.647243105916804
911.859,1.514112903501157,3.9907543523835165,24.65669034158987
916.578,1.5159188871751075,3.991146128882358,24.659581726958834
921.312,1.5162035702188175,3.991685359076312,24.673308535937963
926.015,1.5152907845398345,3.992136013184393,24.672702289905576
930.765,1.518001996882911,3.9924109258404084,24.683709468325116
935.5,1.5136797301306266,3.9931632505662122,24.685911262825673
940.203,1.5167486225150855,3.9936505418739396,24.69234690208033
944.921,1.5156273817193606,3.9941047727354797,24.687722196349434
949.625,1.517204887504306,3.99462124316194,24.693325178677117
954.359,1.5148925232409274,3.994988215045191,24.703814867254337
959.093,1.5174328645143451,3.9955565842708727,24.706110689798443
963.796,1.5135395094941169,3.9960302222519593,24.70835032843104
968.515,1.5174547433450885,3.9962989669430122,24.716248241432883
973.218,1.5175294125338177,3.996882154457068,24.725549259544497
977.953,1.5157963664253575,3.9973382007561113,24.733179448580234
982.671,1.518621271465999,3.997507160724149,24.735939800363514
987.375,1.5166655502882687,3.9986977533527965,24.749699857171482
992.093,1.5209153620188907,3.9986468477097805,24.751531161472997
996.828,1.5192160362051876,3.9988263381691156,24.759736624141876
1001.562,1.5109191369091575,3.99972406942572,24.75898276403424
1006.281,1.515295120742176,4.000727221018858,24.77319868969888
1010.984,1.5192713680719858,4.001426634840257,24.77647612964091
1015.734,1.5178007450563114,4.001338685467688,24.783900995270372
1020.468,1.5176528131033076,4.0020282320908125,24.79437425753354
1025.187,1.521036464087799,4.00147030832138,24.78037133702747
1029.89,1.5134549887755344,4.003115338355752,24.784953103937397
1034.609,1.5181987893553242,4.003470904128892,24.797942191514135
1039.328,1.514308742582294,4.003776065963468,24.80366649605247
1044.062,1.5150878451463285,4.004052818794102,24.811802619744025
1048.781,1.523638054627371,4.004520235409796,24.819537378771958
1053.531,1.5164574654040142,4.005115649454329,24.8343397526972
1058.234,1.5141126021238651,4.0052449577717635,24.828251311705017
1062.953,1.5091466576687902,4.006662449799611,24.833848749962968
1067.671,1.514365196190059,4.007207709476449,24.8559128767371
1072.406,1.5146622841861568,4.00612572367328,24.846756065334123
1077.125,1.5144056706500795,4.0068397062028165,24.848222421707984
1081.843,1.5281070031243014,4.007872395352819,24.845900618044443
1086.578,1.5216440779892197,4.0080829039277655,24.860656994960383
1091.312,1.5132062221629172,4.009040062150793,24.86955146595456
1096.031,1.5147926941419148,4.009533381602166,24.878217255487467
1100.75,1.5079016911184517,4.009582957820495,24.883328144894286
1105.531,1.516812213284164,4.010696935096483,24.884599099329435
1110.281,1.5167346937785373,4.010929143855971,24.89032505380074
1115.015,1.5186450096761341,4.0113645102401705,24.89809924889629
1119.734,1.512306982054988,4.011913028690733,24.898999586817276
1124.453,1.517429254812259,4.012511071110826,24.9044163106032
1129.187,1.5149497708507642,4.012928299778022,24.91290617005561
1133.937,1.5154943175837978,4.0134951055222094,24.912130019265643
1138.656,1.5164309051551588,4.013881363460377,24.929568211180992
1143.375,1.5203366824227167,4.013948054950276,24.927155072813957
1148.093,1.516869786282082,4.014966186458841,24.93420506408359
1152.828,1.5164689889413292,4.0151399753004124,24.93536390086852
1157.578,1.5186606700899055,4.015781622495192,24.946437258883623
1162.312,1.5097988598160037,4.0160415993970116,24.94833541932728
1167.031,1.516330229223043,4.016845176888514,24.963548923594015
1171.812,1.515968140520116,4.017425579150916,24.97202288165644
1176.578,1.5190398796720677,4.01731153312457,24.97980218285831
1181.359,1.5171581218662016,4.017910667545337,24.985483322285255
1186.078,1.5131601310512597,4.018457917067091,24.98945144272229
1190.828,1.5172246117771322,4.018969382074221,24.991775038184926
1195.625,1.5185785799121563,4.0196001595511195,24.98535397322295
1200.406,1.5165325870052524,4.020185956925893,25.004874525706544
1205.171,1.5139371654438247,4.020875243936929,25.01765843582997
1209.953,1.517143653501559,4.021341955389527,25.023911574989842
1214.703,1.5170012738938554,4.021707793340654,25.022114057749413
1219.453,1.510253179224539,4.022102179577206,25.020423462301427
1224.218,1.5166163631115572,4.02217003344259,25.021243041568276
1229.0,1.5119142463769235,4.0233030427863445,25.037230066755065
1233.781,1.515286953420484,4.02348977961873,25.03720773001845
1238.578,1.5201535849970338,4.0240868495768405,25.047493312415973
1243.359,1.5190756023572138,4.02451729979366,25.057085513995858
1248.109,1.5199114134494225,4.025073778233917,25.06084283023052
1252.843,1.5157475447810336,4.0256432855277895,25.06255153900085
1257.671,1.517106481541624,4.0263375547713185,25.074028949598553
1262.453,1.5191881003550638,4.026573969119172,25.075703490601054
1267.218,1.5157772037715742,4.027205468849401,25.074440530588785
1271.937,1.5122800202307576,4.027888086159552,25.08934643471313
1276.687,1.5154630434773178,4.028047058783562,25.090800653736864
1281.453,1.5190747083174843,4.028939587401292,25.096398851812076
1286.265,1.5173796615066457,4.029112334461552,25.101785616761372
1291.031,1.5161860461635313,4.029694622158396,25.105582959556006
1295.843,1.5152486034748063,4.030444066247482,25.116933855186478
1300.562,1.5154701356343345,4.03062327041849,25.115751431291645
1305.281,1.5178556216298826,4.0312479060355635,25.127463243565252
1310.046,1.514148639245723,4.0321665326303915,25.12455012263328
1314.859,1.518546979371497,4.032351921701088,25.14012629210099
1319.64,1.514550764831969,4.032924017891968,25.146090598052098
1324.406,1.5151041019828972,4.033331789171934,25.157104838432502
1329.156,1.5151800102823139,4.033887074190044,25.153058366556813
1333.89,1.514827551949888,4.0346085839417425,25.156932517060046
1338.656,1.5153081758283085,4.035017006493326,25.163761833118752
1343.468,1.5156426118130235,4.035644567475002,25.17134402788133
1348.234,1.517416792411213,4.03574763010989,25.18188305503396
1352.984,1.5162107901463517,4.036600089486656,25.18838949564343
1357.718,1.5155648270133562,4.037226120965101,25.197209057420643
1362.484,1.5144791749337112,4.037610653089011,25.206881421557952
1367.296,1.517564329433835,4.038170738309682,25.218657062205935
1372.046,1.5155709811170692,4.038788642000151,25.23573273517208
1376.781,1.5133368816755208,4.039281747919331,25.240120906029492
1381.546,1.5138141724606748,4.039775823795982,25.25105164256833
1386.312,1.515271365556186,4.040370666791847,25.265407762460356
1391.093,1.5159820588885196,4.0407763807820105,25.271366404145294
1395.906,1.5161272715092762,4.041457418402684,25.275971401790283
1400.656,1.5164461118029036,4.041965799424729,25.279335643773
1405.406,1.5184945353942216,4.042765001900711,25.29634118949482
1410.171,1.5152162484388667,4.043252593008485,25.298863919907316
1414.953,1.5156454300496491,4.043728870988094,25.30279508244695
1419.734,1.517230198038151,4.0443017834741735,25.30637125129543
1424.484,1.516322222370582,4.044740125368874,25.31199235044808
1429.281,1.516178890970894,4.045398972841838,25.320703921833108
1434.031,1.5137671465052718,4.045803999419689,25.327009484148416
1438.859,1.515283847734808,4.046545286414316,25.334952085362413
1443.609,1.5187433043461087,4.0468217625904,25.34800814588429
1448.39,1.5154450185956203,4.047726136331394,25.34420080899966
1453.171,1.5146771981243528,4.047836049550994,25.34919276558222
1457.953,1.5154480952590161,4.048756289203029,25.36545584368176
1462.687,1.5129273654827555,4.049478629201505,25.371987370766995
1467.531,1.5159950811315266,4.049960631490755,25.375245528060677
1472.343,1.5160480368906653,4.050531617401776,25.386604809887316
1477.125,1.5150142251811165,4.051147607073999,25.397885378431376
1481.937,1.5186101272271417,4.05168288282038,25.404543872978923
1486.734,1.515802537517281,4.052380825750477,25.420855318244392
1491.453,1.5170043312147505,4.052926512807736,25.413923031062918
1496.218,1.5179427063770599,4.0535275549379195,25.423213310062014
1501.0,1.5154531093087724,4.053850325507402,25.43030314169455
1505.718,1.5146661469531058,4.054825203281535,25.437368072284897
1510.468,1.5180349864206761,4.055173932987273,25.45082862807083
1515.25,1.5134894889631874,4.056034799511392,25.465530388395607
1520.062,1.5192111389341207,4.056385003634153,25.464124274773678
1524.796,1.516126352195971,4.056774346417271,25.482944959949787
1529.593,1.517031186645208,4.057637276389988,25.49078590708542
1534.375,1.517306721693055,4.058235465541319,25.503332130020123
1539.078,1.5170753483631207,4.058951846463815,25.504366978048715
1543.812,1.5170787764263383,4.059652834266413,25.506900573034017
1548.578,1.5125723931623463,4.060032233001899,25.527709249103182
1553.343,1.5179963485479875,4.060624849005505,25.535683486635843
1558.125,1.5158519747549175,4.061086081746776,25.542052826221955
1562.906,1.517937527205236,4.061736037417386,25.551072706489506
1567.625,1.514366572042339,4.06264474075149,25.54961020458731
1572.343,1.5103672185153425,4.063187532676158,25.562118199158398
1577.109,1.5179828871974008,4.063412411327382,25.56684691659967
1581.89,1.516801407583651,4.064100533489563,25.564040285646566
1586.718,1.5212733343961198,4.06503719700916,25.5738484052278
1591.531,1.516752640261275,4.0655353481875665,25.57686116742606
1596.281,1.516082788836776,4.066006987905504,25.587670869561105
1601.046,1.518742243356346,4.066782393829566,25.601953544089877
1605.765,1.5126567917055391,4.067435503266432,25.60303514114031
1610.546,1.5123695899459797,4.0681285975919135,25.612774324207418
1615.265,1.5174234649217955,4.068509441545194,25.621134114859885
1620.078,1.514954681618342,4.069324787983631,25.625985773937465
1624.828,1.514481906937353,4.069920983604709,25.624402389446924
1629.609,1.5171038202130172,4.070655144794605,25.6426558812796
1634.359,1.5140871543318668,4.071347184838943,25.64788917338341
1639.171,1.5180740355676157,4.071884944002651,25.660410798030956
1643.89,1.514839778173826,4.072621233252621,25.661190476850596
1648.703,1.5169738118883134,4.07326030029166,25.668246784449597
1653.437,1.5167469477236792,4.073645487190803,25.672136193624574
1658.234,1.5133934868553336,4.074488849084147,25.672442015466125
1663.046,1.5162003905963406,4.075111569424321,25.6970708243022
1667.875,1.5150278230328407,4.075938555529806,25.693048308847324
1672.625,1.5172172419538046,4.07644821390135,25.710559182410886
1677.359,1.517975740042135,4.077330564776746,25.720300428440858
1682.125,1.5154501029563436,4.0779428630173005,25.730132743389685
1686.89,1.5120879021810485,4.078662192318141,25.741071345904505
1691.671,1.5159611290462938,4.0794413645655005,25.742826251772467
1696.484,1.5147733032783777,4.080065325662863,25.751482800343155
1701.203,1.5147289956580796,4.080653555491801,25.751682876201826
1705.921,1.5158234090342206,4.081132431906295,25.771968740413527
1710.687,1.5197263433853068,4.081769728039728,25.787378335155275
1715.468,1.5115204722320572,4.082833097540053,25.79636135406355
1720.234,1.5165061237732218,4.083081647722484,25.80320700931046
1725.015,1.5181324724453342,4.084144114586965,25.804122614192885
1729.734,1.5159361886060598,4.08480423168226,25.816499084671584
1734.484,1.5164408984810556,4.085243406949006,25.82021301007114
1739.25,1.5116153499721359,4.086428152280969,25.829466670866584
1744.015,1.5165066261382576,4.086858252496337,25.833601156635282
1748.796,1.515167576652049,4.087521671912918,25.844125144997292
1753.578,1.5136875216109318,4.088106631606764,25.84237943416853
1758.296,1.5166499294342037,4.088504258754455,25.85898565790282
1763.046,1.515177815519205,4.089718408205162,25.868848612412208
1767.828,1.5115590827264287,4.090168884717321,25.87534634381501
1772.64,1.5145065981978354,4.090883734262251,25.8884411152495
1777.453,1.51204271225778,4.09160536125743,25.886022634030212
1782.296,1.513317604802904,4.092334391083776,25.889059157878524
1787.109,1.5176889667013211,4.093321676292643,25.90375499126614
1791.859,1.5183905730373906,4.093902636421788,25.908410954902546
1796.578,1.5152602393729568,4.094646685438187,25.92034993434342
1801.343,1.5142931606309087,4.095355962295981,25.925969323798313
1806.078,1.517515677461865,4.096182136698592,25.93529516132117
1810.812,1.518138177265567,4.0967217065233825,25.943130155216497
1815.562,1.517439265485021,4.097633290714611,25.941992927648904
1820.328,1.5156000697866736,4.098182792131875,25.95129506243913
1825.093,1.5152045265296903,4.098990429341143,25.962754535735264
1829.875,1.512179902494673,4.099798612399214,25.965274843656964
1834.656,1.5158729321494195,4.100541977124982,25.98130791612041
1839.359,1.513407871773177,4.10122112502423,25.99798666143219
1844.093,1.5175070010243357,4.101934657934291,26.011441626439733
1848.875,1.5144013707129413,4.10261872220538,26.018580852412175
1853.656,1.51311793336087,4.103270413885248,26.02404701319732
1858.421,1.518637362961611,4.104130963229257,26.035324826972456
1863.187,1.5143607701228,4.105088353038458,26.04079496236037
1867.968,1.5158457453180412,4.105772783134877,26.05229992623182
1872.687,1.5204516446722005,4.106599343983593,26.052896786095335
1877.406,1.5175315823436168,4.107283299854696,26.06395939608707
1882.187,1.5145436002716495,4.108026898244,26.072680824057095
1886.968,1.515923081444495,4.108740716465618,26.08259959872754
1891.734,1.51371379723988,4.109334092193903,26.087744360551362
1896.515,1.5156692910932767,4.110074293497101,26.10135740326869
1901.281,1.5178095014826785,4.110832587394453,26.10652295063597
1906.0,1.5138551124808095,4.111712942846195,26.12467097418914
1910.765,1.511772692814303,4.112668901117836,26.130166070070608
1915.546,1.516782349470862,4.113227036123406,26.136843472566234
1920.328,1.5137605704629025,4.114037968085337,26.15128352993315
1925.109,1.5134960644006703,4.114521108513281,26.15475180433421
1929.89,1.5129016854762571,4.115367028398088,26.1761911087199
1934.687,1.5173065149309837,4.116447601856741,26.17868144652417
1939.468,1.5182503951489126,4.117167172590216,26.18332286365571
1944.25,1.5185703007087186,4.118195782183692,26.197715555848152
1949.015,1.5173938314199873,4.118756962238799,26.207559986866244
1953.781,1.5153787105532839,4.119451121998851,26.214321149575326
1958.5,1.5161290683514284,4.120404987936472,26.23455819015058
1963.218,1.514588055908974,4.120820601077486,26.235610805711513
1967.984,1.516018333735516,4.122121844054134,26.250973916226677
1972.796,1.5166723915938878,4.122608027633424,26.25974662392342
1977.531,1.5176097284547823,4.12335149542465,26.257611690663367
1982.312,1.5170162159469296,4.124362109736857,26.26966110911482
1987.093,1.5168485160835734,4.125033865078525,26.27126734475833
1991.859,1.5177379138709284,4.125951214776993,26.280570050647633
1996.64,1.5158703476003714,4.126657301753697,26.28353344622223
2001.359,1.5174515314488337,4.12719307435043,26.295382051008026
2006.14,1.515210795493474,4.128281003244857,26.29844705271311
2010.921,1.5145616084844558,4.12922573170984,26.313568921024327
2015.64,1.5172745113453032,4.13004060161688,26.323472034765643
2020.375,1.5172438598958857,4.130437515007823,26.332124753004294
2025.156,1.5154057901320592,4.1314905201358245,26.34310487627546
2029.937,1.513587483283915,4.132034030869122,26.353806781998927
2034.703,1.515802149398486,4.132994308322638,26.365333179905267
2039.468,1.5158481229454888,4.133831908691708,26.371150785533015
2044.25,1.5174257570559677,4.134631445888061,26.37922927618452
2048.953,1.5143651964512668,4.135528973809609,26.395810346431812
2053.687,1.5165322583172773,4.1360093232067445,26.4019175622926
2058.453,1.5193689803424335,4.136906813784662,26.415259934363856
2063.234,1.516102619976167,4.137931910632081,26.42838860229816
2068.015,1.5134249439016485,4.138526688041313,26.439970615066237
2072.796,1.5164237463583174,4.139540906640258,26.44160860067675
2077.562,1.5185535054683446,4.140370059223285,26.445450206571014
2082.359,1.5160082776942883,4.1411968489297255,26.467300289488435
2087.171,1.515263008521412,4.141638227414012,26.47398374100048
2091.89,1.5155508101860504,4.142850914494573,26.474056460297362
2096.625,1.5168340757956926,4.143261785805783,26.486804988373084
2101.375,1.517427646017206,4.144104471102684,26.499464386114358
2106.156,1.5147992428129744,4.144785749849439,26.5089269564582
2110.953,1.5159075445323225,4.145680471962713,26.527160457446207
2115.75,1.5148233828259134,4.146656115556349,26.52038395603236
2120.515,1.5165056686680345,4.14751036025297,26.53807735373455
2125.281,1.5171381699818367,4.148153197228217,26.54440399828207
2130.0,1.5145178136072939,4.149168431362493,26.545820814067252
2134.734,1.514778333108002,4.149449963106886,26.561001978487685
2139.5,1.515149871915883,4.150678007058575,26.574716818650728
2144.281,1.5160476225232393,4.1510518028636385,26.57503892007504
2149.062,1.5158457502700051,4.152212881152837,26.585348303254122
2153.859,1.5179459734449994,4.15293487184077,26.594079777475603
2158.671,1.5147159821608782,4.153459220501357,26.60984300939648
2163.375,1.5154976872424353,4.154355865307086,26.6161767396803
2168.093,1.5144129242577387,4.154951417961634,26.63202021012466
2172.875,1.5153254990707465,4.156263109831204,26.63386127943871
2177.656,1.5147933227502746,4.15687270102884,26.638910954462027
2182.437,1.5133531133001696,4.157382260481441,26.658585539992416
2187.218,1.51631169253296,4.158291278796502,26.676282212642697
2192.0,1.5137126080855603,4.15902956434478,26.678393968263297
2196.765,1.5156515797590893,4.15980749878408,26.68849369469049
2201.531,1.5163727533953888,4.160465423728687,26.719037626197736
2206.234,1.5157920717727207,4.161227141702355,26.72624863801577
2210.953,1.513144684576123,4.162070309082781,26.736083750261493
2215.718,1.5155314731516658,4.16287248345859,26.739709098282894
2220.484,1.5162716996273307,4.163273535537476,26.755158921312933
2225.265,1.5147354897136007,4.164200141086771,26.768701397850165
2230.015,1.5146813394676408,4.164927793781652,26.789386601240185
2234.734,1.5175241105792503,4.165900446692839,26.788058478616325
2239.468,1.5177582705984947,4.1667554055485585,26.80036123455905
2244.265,1.5137325664045893,4.167143814959101,26.814504866377266
2249.0,1.515789488822551,4.16812104111964,26.82425558254116
2253.734,1.5146535321292487,4.1686471438333035,26.835663678211088
2258.515,1.5161357211139508,4.169599265060207,26.85703480489581
2263.312,1.5190987350096499,4.170234162046064,26.862504732645196
2268.078,1.5127604850767529,4.170819232905522,26.879719539771415
2272.859,1.5166447588166576,4.171795812949324,26.889199428710892
2277.625,1.5165823465347865,4.172374093577305,26.90160929295052
2282.421,1.5188686335088564,4.173239561483905,26.914374312358095
2287.187,1.5177081703604067,4.173862913149477,26.92273336538877
2291.906,1.5169692242817763,4.174436491408066,26.934578798240832
2296.625,1.5139299633887993,4.1751961106182165,26.949203933160938
2301.39,1.5135929379571067,4.175953100195075,26.956910366955423
2306.171,1.5160597262795674,4.176618465697083,26.969046241474373
2310.953,1.513962590614376,4.177380582620814,26.98619257577743
2315.734,1.5155981505430844,4.177983281329107,26.988965829777
2320.5,1.51461344738359,4.1785665938143595,27.002546661777554
2325.281,1.5127259670142008,4.179453494703301,27.011476495705452
2330.015,1.5154796398417945,4.180155628371372,27.01809198478038
2334.75,1.5186565082684245,4.180831914812677,27.037793843091464
2339.5,1.516204263401315,4.18130311012089,27.045018137430162
2344.281,1.5173575963079908,4.18215687457707,27.05588381070925
2349.062,1.515856825006434,4.182845234810824,27.076831846295256
2353.843,1.515159317917153,4.183365462331309,27.07836949479944
2358.625,1.5151102972075925,4.184094579899557,27.090969127015025
2363.406,1.5154997517467161,4.184913951587684,27.104192006226594
2368.171,1.514726808530745,4.185441976589555,27.113133882241826
2372.89,1.5145663704669414,4.186269961166085,27.13061876218245
2377.64,1.514864467018776,4.186970616772651,27.143609322229906
2382.421,1.516515775235758,4.187629797128804,27.16548243090905
2387.203,1.5165522238735458,4.18828521540825,27.177007192228842
2391.984,1.5152673348109578,4.189099691653683,27.19485523286244
2396.765,1.5184839966504204,4.189748002711606,27.206765534652632
2401.531,1.5152760660933555,4.190380377516242,27.22184519174787
2406.312,1.517884820608459,4.1911051954581335,27.23290941877653
2411.078,1.5137771806538294,4.191353512747244,27.243331928155804
2415.859,1.5132719158557475,4.192255156401689,27.263178913621598
2420.578,1.5161768303227992,4.19295457485668,27.278468694578017
2425.296,1.516210599063182,4.193355151621697,27.299322320222267
2430.093,1.5155950149104862,4.194080816897955,27.314235846395352
2434.875,1.5164165146367337,4.19488749628766,27.326434807762638
2439.656,1.5160863951578893,4.195170259981911,27.33604489505906
2444.437,1.518659708996044,4.195962552400325,27.345594804902756
2449.218,1.515274028310675,4.196714112804504,27.37083867307013
2454.0,1.5194421431667313,4.197364367877454,27.38406074975825
2458.781,1.5150720679657723,4.197957957552352,27.405970738938695
2463.546,1.518743887759172,4.198577108961527,27.412666628614076
2468.328,1.5162542339310752,4.199010992357692,27.427545939864274
2473.062,1.5140780291636327,4.199788105023961,27.44471047170692
2477.796,1.518776383688667,4.2003672949746935,27.46525816525268
2482.875,1.4832581545593349,4.198423355447967,27.471217750098962
2487.765,1.4849436421398627,4.198611999666589,27.49859598632025
2492.578,1.4810006614018716,4.199058706014627,27.509229764725376
2497.406,1.4815276513343947,4.1992869405103255,27.530956546292625
2502.218,1.4822485399502023,4.199892678903998,27.54298215895476
2507.062,1.4661876299402727,4.199352822112136,27.56243741571647
2511.875,1.4689826631963883,4.1999226616775776,27.577789216284273
2516.703,1.4609572085274667,4.1996525611873325,27.589345602040673
2521.515,1.4521867533619572,4.1990205358774295,27.61138497937851
2526.343,1.4460477270810246,4.199396412888147,27.6186239918049
2531.187,1.4480056692298553,4.199708404397778,27.629549055506153
2536.015,1.4365560907505088,4.198851647500759,27.637031192609882
2540.828,1.4378680526484946,4.199417785396202,27.64866727859733
2545.656,1.437453792155365,4.19960644241183,27.664462080464457
2550.468,1.422190642775678,4.199276549538585,27.677855197438983
2555.281,1.423261655927052,4.199643314452608,27.695079069707884
2560.109,1.4127796646378457,4.198943539399806,27.699716113708224
2564.937,1.4121814321631083,4.199756217941421,27.725362506241204
2569.781,1.4125807773232857,4.20007643401694,27.73447712691107
2574.593,1.4130430209271045,4.200305533218045,27.74491729598683
2579.406,1.4090493455553554,4.200495338565634,27.760307262190587
2584.265,1.4104516788812722,4.201106298732949,27.768335469162786
2589.171,1.401453967247153,4.200570424796618,27.779492129678836
2594.015,1.38788583816631,4.200069318560053,27.782448594932745
2598.875,1.3883900472830855,4.200398583274326,27.805055011223292
2603.734,1.388498268296902,4.200717658083106,27.81479947393369
2608.625,1.3768232876283366,4.200290385969716,27.835880121076062
2613.75,1.3689729639551405,4.199764120928263,27.845359469428285
2618.578,1.363678094746049,4.200368947500968,27.85038297680447
2623.406,1.3649540220189365,4.200512659359646,27.864192834146557
2628.234,1.3648990112081365,4.200738290336552,27.868539685106054
2633.078,1.3559439280230157,4.200743384569915,27.884128894618105
2637.906,1.341747338727617,4.200027494738245,27.89759570694268
2642.734,1.341630999344778,4.200192944653196,27.91121339733219
2647.593,1.342422425489549,4.200711794313284,27.916498706400063
2652.421,1.3324954802695987,4.200349391432654,27.9294213348921
2657.25,1.3301939231937292,4.200508600363919,27.937372573883852
2662.078,1.3258403397720018,4.20092591096748,27.9468062481594
2666.906,1.317451677786633,4.200459838385,27.954089564541437
2671.734,1.310305428939856,4.200501977057321,27.961687453481556
2676.562,1.3104441235103188,4.200437950201693,27.96813763348398
2681.39,1.3047073525838713,4.200605429013305,27.97186051159119
2686.218,1.294315163589978,4.200554004727392,27.976720025014398
2691.031,1.2863300986616484,4.1998885494632825,27.990446133413528
2695.859,1.2816441983460631,4.199864893152503,27.987647366029908
2700.687,1.2836765909206227,4.2010346200247985,27.987649262300568
2705.5,1.2748347518671883,4.200229469073848,27.991713842734963
2710.328,1.2735919962679185,4.200769796399739,27.994110160968958
2715.156,1.2636423623443578,4.200214598677804,28.000943168726735
2720.015,1.25886827258794,4.200634705264672,28.011865541513263
2724.828,1.2495687137951241,4.2002545072412625,28.01518982675217
2730.0,1.247816428365004,4.2006769747190535,28.013886488479184
2735.0,1.2421356997134112,4.200158081676193,28.015672460814002
2739.953,1.2331321684297034,4.2004403571422895,28.01737165336677
2745.296,1.2390670739989582,4.2008365940545485,28.019976508264346
2750.437,1.233741128568806,4.20155852773471,28.01808782322111
2755.562,1.225339858650339,4.201111571500755,28.01737469402911
2760.703,1.2129842302419176,4.200821215301749,28.02904764084945
2765.828,1.2137455294125215,4.201189161921584,28.031267230562964
2770.984,1.1897436581989607,4.200207323622758,28.032875481448276
2776.125,1.1902156802068342,4.200123134936062,28.025606733444754
2781.25,1.1791688299152625,4.2000244331104755,28.034526697631954
2786.39,1.1683129865198574,4.199732013795351,28.04152278289519
2791.515,1.1689210348745285,4.200145251774018,28.034209406568905
2796.656,1.1660530811690586,4.200464848755832,28.033897301954372
2801.781,1.1711323304283292,4.200968116048048,28.035085001042816
2806.921,1.158065075067408,4.20047724761903,28.040835655879867
2812.046,1.1576206872932695,4.200974762278832,28.044440770982522
2817.171,1.1551785098644816,4.201589601981518,28.03524063623376
2822.312,1.1475364279038118,4.2010703769267534,28.028079507619964
2827.437,1.1336551680938423,4.200505662322506,28.0321389401712
2832.562,1.1249579196953667,4.200645951143121,28.033999857388874
2837.718,1.1093521232939711,4.199873574320703,28.026549865459188
2842.843,1.1125594039631972,4.200366568288294,28.025848127560277
2847.984,1.116672040739012,4.201078538500461,28.0147889053606
2853.109,1.110409373348625,4.20122786376784,28.01062386215594
2858.25,1.111450575546299,4.201952153655424,28.007362918127274
2863.375,1.0988174283255898,4.201427615139143,28.00948974103812
2868.515,1.0964566320309863,4.202011962050681,28.00467541497941
2873.64,1.0867264827567105,4.201701521955117,28.004404105465593
2878.765,1.0771909082013102,4.201246076289686,28.001842446923973
2883.906,1.07553017976537,4.202087332657225,27.999323989874124
2889.031,1.0693286639448085,4.201619573221954,27.988634615513384
2894.171,1.0526336513755572,4.201202197195484,27.9827228441454
2899.328,1.0558010701189562,4.201896523879001,27.978724175634163
2904.468,1.0295532218635797,4.200619254604694,27.968905652990262
2909.625,1.0291684455751735,4.200573677840136,27.97203902950511
2914.75,1.0193700251001807,4.200429821094397,27.970478727145018
2919.89,1.0206688057950701,4.200527191860075,27.966310069219578
2925.015,1.014907771388603,4.200733380814572,27.949588726112044
2930.156,1.0211242941089747,4.201449013689873,27.951566576319433
2935.281,1.0151820492286237,4.201944860483338,27.939345134076028
2940.421,1.0050495635217107,4.201733895622551,27.93299401801419
2945.468,0.9847052682688031,4.200470464505118,27.918301195828334
2950.562,0.9859301635239419,4.200407707765744,27.91409066283243
2955.671,0.9837182746232424,4.201075557889189,27.899758250020167
2960.781,0.9741119791783454,4.200405720346528,27.88478802425314
2965.89,0.9732371184986096,4.200773041935012,27.882926091622988
2971.0,0.9602528880898031,4.20060022986865,27.869903138521583
2976.14,0.9519037424949136,4.200082678687608,27.863380232557653
2981.218,0.9421093647813532,4.199673717743139,27.846008117188028
2986.328,0.9398827475736964,4.199955192114202,27.835574453921144
2991.421,0.9421494948120592,4.200320056063836,27.836405042022644
2996.562,0.94011265259884,4.200577470200916,27.81854225766046
3001.687,0.9275781812203794,4.200022513312093,27.812186821382078
3006.812,0.9267059520502302,4.200397841501295,27.804975087597573
3011.921,0.9286534108417169,4.200811704131291,27.793548353110577
3017.062,0.9272148160838933,4.201305126130932,27.7792676138606
3022.14,0.9151550773925977,4.200898735713653,27.770944767513587
3027.25,0.9050331241605334,4.200320294844336,27.752408101061793
3032.375,0.8954494031055725,4.199880364662196,27.74003645741968
3037.468,0.8903402908936053,4.200169193580249,27.722950227235255
3042.562,0.8940398585290003,4.200382884834523,27.70315093361854
3047.687,0.8829080069807949,4.199845941379724,27.69333925352052
3052.781,0.8728991141699014,4.199271435021971,27.67680314571701
3057.89,0.8612697531626389,4.199181002947141,27.66427066519869
3062.984,0.8629298204200846,4.1991249742267955,27.657779113943377
3068.093,0.858301691366174,4.199443041013998,27.64579620183108
3073.187,0.8570087494997992,4.199760417221568,27.625446151087033
3078.296,0.860466246800326,4.200287136162347,27.61449889664014
3083.437,0.8597390051701699,4.200569595554524,27.597170310662527
3088.531,0.8579853338265403,4.200903880957475,27.58788388086175
3093.625,0.8580426170064648,4.201147493538696,27.57400126113979
3098.734,0.8573419454388488,4.201498315661068,27.560143726614477
3103.828,0.8559110169824613,4.201639146985821,27.53655778506837
3108.937,0.8453084481344367,4.201516604789434,27.530186486787333
3114.046,0.8411204293732181,4.201848523421034,27.52004623642438
3119.187,0.8453971692899429,4.20214694257625,27.51104319818459
3124.312,0.8430208916493019,4.202518392664299,27.495911300072294
3129.437,0.8296885481321354,4.202123839611172,27.478592684694046
3134.578,0.8230549872345954,4.201737824947366,27.461462704649204
3139.703,0.8096734207303931,4.201205735445637,27.45182027167771
3144.843,0.8016006427493824,4.200313781264792,27.4313649710071
3149.968,0.7906061045064556,4.199866661886223,27.41418436311262
3155.109,0.7813008865341792,4.199206528358922,27.399502345399245
3160.234,0.7682848290094759,4.198138967355955,27.38421818373592
3165.375,0.7702587404649317,4.19866355794323,27.373955027486513
3170.5,0.7594680667630749,4.198171315704623,27.355174497787047
3175.656,0.7625229402638981,4.197990657409368,27.337167706655322
3180.781,0.7606193170578209,4.198285608248692,27.325026589359837
3185.921,0.7590520778804614,4.198410212406114,27.310676717162284
3191.062,0.7558517069843544,4.199427303766569,27.286553079414748
3196.187,0.7513558690394047,4.198301499725689,27.276132050375566
3201.328,0.7379212948657988,4.197290003915479,27.26439616548321
3206.453,0.7400426077756191,4.197841958293472,27.241208165170097
3211.609,0.7351326501037432,4.197928741732068,27.224331173708883
3216.734,0.7391085269725173,4.198230120908749,27.213985755034592
3221.859,0.7359417846629247,4.197956553299965,27.196225844437535
3227.0,0.7389892789881854,4.198530319381385,27.186820268041135
3232.125,0.7358815826018921,4.198875527221006,27.169646960120037
3237.265,0.7251645056290797,4.198272788533669,27.162246279862675
3242.39,0.714681062585828,4.19758409173436,27.148279527300293
3247.515,0.7132957695862118,4.197872479035512,27.132186114113832
3252.64,0.714680239360854,4.198103614977834,27.11357265815725
3257.765,0.7124354872674371,4.197938533546721,27.10325857775445
3262.89,0.7138165438807834,4.198467297003878,27.087599428997223
3268.015,0.7135875353150011,4.198984065402357,27.074722987998765
3273.14,0.704753900565065,4.198138553060966,27.0579033570435
3278.281,0.6992168214001419,4.198292636414658,27.04516921866739
3283.406,0.7028702216554418,4.198572285138594,27.035341715660945
3288.531,0.6912119362396989,4.197815836754956,27.015006241029926
3293.687,0.6808751398772689,4.196966394640935,27.00800998534428
3298.828,0.6786107945110055,4.1970898904874945,26.9936988167205
3303.968,0.6835113966335387,4.197649842302186,26.980296022248545
3309.093,0.6810982320923782,4.19745837923328,26.956489203999066
3314.218,0.6804824321892814,4.197878461799106,26.94742150662978
3319.343,0.6801166260594312,4.198159708921191,26.938689837503745
3324.468,0.6787134016279991,4.198325515298403,26.909967205663083
3329.609,0.6788033122149743,4.198746283574316,26.900247301178567
3334.75,0.6789113051857645,4.198668818077546,26.890953695385015
3339.875,0.66504022154434,4.198038488504914,26.870135550020716
3345.0,0.6570439542126687,4.197464829717148,26.860904912823504
3350.125,0.6553173596811629,4.197798073487069,26.84642937429099
3355.25,0.6592826479079276,4.198042606945791,26.83203466617923
3360.375,0.6561495044630746,4.1979859715285475,26.81362616647016
3365.484,0.6535194154569488,4.19818599435046,26.79752143423356
3370.625,0.6545942284154926,4.198372510677983,26.772360424723825
3375.75,0.6553484934911258,4.198659654837188,26.754863039223764
3380.875,0.6443246593300991,4.198040696513149,26.741296163819484
3386.0,0.6459862496278718,4.198238295967786,26.732237527781862
3391.125,0.6409108169461778,4.198204996422813,26.71119651459144
3396.265,0.6456547824083471,4.198382674415059,26.683775042343623
3401.406,0.6448792103397245,4.198814024034382,26.670908528330326
3406.531,0.6341143172118873,4.198186175550948,26.662597472511546
3411.671,0.6319737612327552,4.198213687475344,26.6482587387989
3416.796,0.6344241553201901,4.1985702435799475,26.63279840812336
3421.921,0.6213376133324179,4.197605671219803,26.6201008215811
3427.078,0.6223560417362213,4.197867091603968,26.604649253016426
3432.203,0.6219639390061263,4.19818785942409,26.596923523979907
3437.328,0.6187366982357538,4.198314134574796,26.573546898935803
3442.453,0.619046574972195,4.198655588676073,26.56049980775744
3447.578,0.6116208518259644,4.197745548344542,26.541993446066627
3452.703,0.6097201351101563,4.197878278937569,26.529372015507704
3457.828,0.6073085736946007,4.1979672063809454,26.525351663130202
3462.968,0.6102008593071903,4.198505429399323,26.508538755216705
3468.093,0.6081575365476544,4.19830868738116,26.502037650040098
3473.218,0.6120879095792936,4.198650283282181,26.48111240088693
3478.343,0.600069055030634,4.19817041248981,26.464851275151208
3483.468,0.5982245592766201,4.198245817363705,26.44890718378182
3488.593,0.6003033120253263,4.198151328741395,26.429471405671297
3493.734,0.59852366176522,4.198392885690369,26.411630081174394
3498.859,0.5976227924345443,4.198636659672536,26.3989251303327
3503.968,0.5880503065301733,4.1979467391787,26.38807803926238
3509.14,0.586222327469403,4.197987224326644,26.36872430249623
3514.296,0.5885572847292018,4.198321068469749,26.364147449558757
3519.421,0.5875221929190464,4.198518150746797,26.343553460659525
3524.546,0.5830113966475902,4.198559466519695,26.33329906449052
3529.671,0.5882798555580873,4.198560626707167,26.323672325385868
3534.796,0.5835058683562708,4.198675689845552,26.305857248198947
3539.921,0.5819717612661167,4.199162134182396,26.292709660095344
3545.046,0.5839604830300638,4.199315554406112,26.275536039042045
3550.203,0.5838489937168091,4.199587357796726,26.268043877897565
3555.328,0.5716644509754039,4.198964422291997,26.241524405613482
3560.437,0.5606486712833796,4.198254456929334,26.22730841103959
3565.578,0.56369487222539,4.1982707650786075,26.20938491014899
3570.703,0.5630264712933464,4.198307989532846,26.202909876646302
3575.828,0.5652172019934641,4.1986082735246955,26.1816354858248
3580.968,0.5523502708545172,4.197852136490487,26.167496621751674
3586.093,0.5518899100932906,4.197923413892391,26.154641614971435
3591.218,0.5537469506950018,4.197907440522841,26.147054601901928
3596.359,0.5502839634618131,4.198327521812306,26.137305724327238
3601.484,0.5542241063033551,4.198341933461156,26.132354101940727
3606.609,0.5508986811658939,4.198466807148452,26.116541505314494
3611.75,0.5515276714152688,4.19847714907836,26.10833916868945
3616.875,0.5504968924383595,4.198769706071094,26.10168737895286
3622.0,0.5422211714353314,4.198512829766409,26.08187777430941
3627.14,0.5430071242508521,4.1980972899978815,26.072013062454733
3632.265,0.5396289684495816,4.198432022683887,26.069188726567663
3637.39,0.5406534070286984,4.198162013173008,26.051717444771732
3642.546,0.5398933543810708,4.19852730502537,26.044670406046368
3647.671,0.5402132985047343,4.19883182992766,26.02846414167449
3653.25,0.5273500104142975,4.197905400986992,26.01779989626749
3658.375,0.5282034570582597,4.198085290490164,26.007871960553874
3663.531,0.5320732631781137,4.1983017233492905,25.99511739008387
3668.625,0.5280295205285387,4.19847407826325,25.97818482266485
3673.734,0.5283675221902183,4.198546457744156,25.961083331239017
3678.875,0.5310302032594733,4.1987166910490625,25.953637902602416
3683.953,0.5283923166817323,4.198919046183318,25.940322518417275
3689.062,0.5266058668548328,4.198975457676607,25.933537302392697
3694.14,0.5272104834687027,4.199172797829553,25.91110395612871
3699.281,0.5280293059780274,4.199334578108713,25.91111477913561
3704.437,0.5253509224821833,4.199612309743668,25.892511534911705
3709.578,0.5166994801851229,4.199009853430403,25.879385079204543
3714.656,0.5082244981300571,4.198220543033803,25.87900105992615
3719.796,0.5062520683044421,4.198203244463406,25.869183638998752
3725.39,0.5063846693706108,4.198286064462576,25.855562728736682
3730.531,0.5059386595817423,4.198319832351767,25.838675434311558
3735.687,0.5063851604427523,4.198389169869614,25.822917345766083
3740.812,0.5053033462013921,4.198575511147556,25.82218436289762
3745.984,0.5055800137211506,4.198133921571917,25.804815447657198
3751.109,0.506507932990987,4.199009836573651,25.7922854508337
3756.234,0.5048661698944967,4.199073139344964,25.776768182468594
3761.375,0.5020413802944309,4.199163267746294,25.76822767140159
3766.515,0.506617488496995,4.199334405404493,25.745554160266902
3771.64,0.5020640097767669,4.199497181495091,25.740087370988487
3776.781,0.5037681710769681,4.199522332163614,25.728162718364135
3781.921,0.5039214457053717,4.1998015516792195,25.7147414452164
3787.062,0.49202431704165783,4.1990774697589,25.701524376150925
3792.187,0.48308578549446224,4.198335815449247,25.687595448536943
3797.328,0.49102849954289896,4.19782599181103,25.67031849796047
3802.468,0.4835988024742278,4.198442012949986,25.65804756520378
3807.593,0.4825274086055927,4.198772278464813,25.66197393529517
3812.734,0.481439470155919,4.198781007602881,25.653206412056136
3817.875,0.4807149245483101,4.198875964375235,25.64827819820785
3823.0,0.48171412011702935,4.198991104655694,25.62586239846813
3828.14,0.48142253205763197,4.199053718176484,25.636789191819748
3833.265,0.48273310839431205,4.199330333686243,25.609193994552417
3838.406,0.4801130809261884,4.199562855008743,25.598471129357407
3843.546,0.4679846915647556,4.198662944466997,25.59673293557731
3848.687,0.47267714011486606,4.1985552862004445,25.596682276779188
3853.828,0.468215070469326,4.198955006718709,25.581535285595304
3858.953,0.4682817054459572,4.1990077551738345,25.562155232845708
3864.078,0.4696543796029514,4.199002128547303,25.55896321885047
3869.218,0.46641861326706585,4.199000869022789,25.5538327053022
3874.375,0.4691325283553705,4.199420749545713,25.54733220331211
3879.515,0.469566490362117,4.199515358186201,25.53269390215335
3884.656,0.4663515254569029,4.1995296057809375,25.52744715163493
3889.796,0.4676801536316064,4.199529148176223,25.51323418920616
3894.937,0.4713554415067421,4.1996626887645645,25.51019191589707
3900.078,0.4572619202209939,4.199284253470827,25.50686654759949
3905.218,0.458269200310222,4.199378069397323,25.49661224517532
3910.359,0.4565502694732335,4.199513148308054,25.490494122371224
3915.5,0.4573828664477369,4.199506026824324,25.472865817354553
3920.625,0.45832422232412756,4.199552671730357,25.469059036724744
3925.765,0.4482791250941403,4.198704028117284,25.464068439651847
3930.906,0.44758339896622445,4.199031055367028,25.45132044137034
3936.031,0.4470659785048677,4.199031447671792,25.444707950018557
3941.171,0.44666275975586234,4.199245343085795,25.436396917012388
3946.296,0.44699168944724726,4.199230888253013,25.422212015509253
3951.437,0.4475254858602336,4.199424402955121,25.417131739212433
3956.562,0.4462473214284049,4.199540888179897,25.41363870828269
3961.703,0.44293675641758007,4.199594136930205,25.40775048374906
3966.828,0.43570573895829684,4.199091257716043,25.391455816329064
3971.968,0.4258985619454628,4.198015403708203,25.37842045558829
3977.093,0.42260831855679615,4.198206836185245,25.372920480321547
3982.234,0.4280669940757418,4.198080770054963,25.362517108057272
3987.359,0.4255250570057463,4.198068886503922,25.353471656890463
3992.515,0.4245627111434147,4.1981655781882425,25.348377181910408
3997.656,0.42436178403238795,4.1985324264496535,25.328467917988828
4002.781,0.4240882133467845,4.198069987776447,25.32231228930165
4007.921,0.42415239083529305,4.198565404123418,25.314000543109998
4013.046,0.42446309299162976,4.198645616053404,25.30532854152463
4018.187,0.4262677438534907,4.198823748227353,25.288635820177987
4023.328,0.42161675115185054,4.198809458072515,25.279934928348858
4028.468,0.4229008096510189,4.199042859723157,25.27285537189953
4033.593,0.4221329718641013,4.199088953865919,25.26511915665195
4038.734,0.4218369300200537,4.199453783484497,25.26186709005064
4043.859,0.4239390021902195,4.1993843865675995,25.254336144810676
4049.0,0.4200751470247462,4.199385949605338,25.240008603557108
4054.125,0.42075548882688474,4.199542552892809,25.24258074627612
4059.265,0.42217971991902026,4.199824806716458,25.244790681672864
4064.406,0.4114364391234517,4.198914601724965,25.22284061372842
4069.546,0.4135233460519296,4.199045485863742,25.229279045417652
4074.687,0.4088087147569033,4.199317308202988,25.227002965889465
4079.812,0.40945663718523806,4.199174572482696,25.220988717291736
4084.953,0.4098787012642588,4.199370231949866,25.21085127093147
4090.109,0.4105085918275884,4.199478700275292,25.208169923591345
4095.25,0.4092260904803603,4.199482035076451,25.194052563536285
4100.375,0.40852271919545324,4.199908784933296,25.181112918726143
4105.515,0.4008041988131618,4.19916137510247,25.175026646542435
4110.656,0.4012174832825585,4.199086078925601,25.16440028612777
4115.796,0.40007554374885246,4.198774819881397,25.156139454499872
4120.968,0.39884593654220846,4.199350290690039,25.148086210411996
4126.093,0.39953574463115366,4.1995707050614275,25.146330525945896
4131.234,0.3930333406010276,4.198706660512952,25.140810931354853
4136.375,0.3886283968643951,4.198606746383157,25.12769914000407
4141.515,0.3894995679122056,4.198905031921174,25.113796849470834
4146.656,0.3894912846923973,4.198886703984211,25.10130579112223
4151.796,0.3884484518241637,4.198953153366249,25.094500832666196
4156.937,0.3876269204607868,4.199040753836978,25.088722599733202
4162.078,0.3875712349322741,4.198934568605543,25.080484013880593
4167.218,0.3898297142138535,4.198990778452794,25.07827972974571
4172.359,0.38846883434912344,4.199288644965036,25.0710510275167
4177.5,0.3889382451539252,4.1993917507697605,25.055054881689053
4182.64,0.38798324465021333,4.199488597057793,25.037119904074473
4187.812,0.38748444423754047,4.1994053134141245,25.03124242309595
4192.953,0.38794063311590965,4.199764449786175,25.022904964070957
4198.093,0.3789208798832313,4.199069000499111,25.017191842910684
4203.234,0.3767670833081307,4.1991336628535505,25.009259845481637
4208.375,0.37672607144663256,4.199292139165773,25.006549036286344
4213.515,0.3790288665044578,4.199339709941744,24.995314251411656
4218.64,0.37808656700411075,4.199201520308202,24.996944819293628
4223.796,0.37554463679399813,4.199484681094382,24.97938474480739
4228.937,0.37543447772819916,4.199737630095473,24.970757901191362
4234.078,0.367450357053123,4.198703503550608,24.963705490651257
4239.218,0.3667292156184334,4.198956009856213,24.960849603149544
4244.343,0.3657123144385465,4.198786380772733,24.94652137053155
4249.484,0.36894273406047307,4.198803607911048,24.941012931415127
4254.64,0.36646274746277363,4.199192155605843,24.931089632568924
4259.765,0.36628533062467566,4.199143640928214,24.930879846024897
4264.906,0.3666195847712518,4.19920216749957,24.92194065743469
4270.046,0.36585345213226556,4.199095413404206,24.91880692877774
4275.187,0.3652410540890719,4.199759431214273,24.92187543376997
4280.328,0.3577742326208812,4.198586785756396,24.907809194929083
4285.468,0.35720308367451703,4.198784897351326,24.900735916294945
4290.609,0.35610840670762584,4.198657967233308,24.886564389808893
4295.734,0.35642072582162976,4.198771198686739,24.88723719052379
4300.859,0.3566249253622687,4.198947681233939,24.882325699238507
4306.0,0.35498564235244284,4.19917913919662,24.880542775787514
4311.125,0.35611008237217967,4.198888120145308,24.873469388025875
4316.281,0.35374762954647543,4.199108691858194,24.873362305415473
4321.421,0.35549580781658285,4.199262887979952,24.85674056514686
4326.546,0.3550645124424726,4.199283215338738,24.8414564131729
4331.687,0.3531685689506237,4.1996038929923225,24.83475990103425
4336.812,0.35489873341978734,4.199370871867908,24.83257509316109
4341.953,0.3537101672400679,4.199378381067579,24.83616211605042
4347.109,0.35400831934236904,4.199790080925747,24.818647827237864
4352.25,0.35314635406461053,4.199849708749495,24.817988676402365
4357.375,0.355705387659599,4.200051926528533,24.8133470376572
4362.515,0.35339883470918804,4.200143107926128,24.79897899157445
4367.656,0.35207192172572915,4.20029357295561,24.79962271597071
4372.781,0.34921163939188987,4.200419547921703,24.79174430215907
4377.921,0.3504749223129736,4.200579088500444,24.793334486856686
4383.078,0.3437120868418748,4.199845039648696,24.777490382693983
4388.218,0.33104545663954965,4.1987208457061005,24.76819059283818
4393.359,0.33213107641650697,4.198850380139711,24.775860290752448
4398.5,0.3331045103565041,4.198886603372145,24.759309847786838
4403.671,0.33300052642610267,4.198850419145929,24.75216565800853
4408.828,0.33267012407162583,4.19898500100563,24.743513466057674
4413.921,0.3289053617645872,4.19874370543881,24.743825790652366
4419.093,0.3313437437608141,4.199167329720106,24.736864276185525
4424.156,0.33039860761737405,4.199149725219106,24.730579539436327
4429.265,0.329385461901715,4.199217946196273,24.728871613365563
4434.359,0.33318623135626363,4.199074333288448,24.72589710341103
4439.453,0.3295271450464245,4.199502327340071,24.71554695125152
4444.578,0.3299418066145963,4.199290043571996,24.70931736220256
4449.671,0.3317546745836512,4.199385116584163,24.700279355977273
4454.765,0.3271412301206027,4.1998517062663385,24.70337361196903
4459.859,0.331461597940999,4.1996743402075465,24.689828856792293
4464.953,0.329864275800943,4.19993616339904,24.69040197868567
4470.046,0.330174792995431,4.199950512122434,24.685598135935805
4475.187,0.326172256745368,4.1999258751178195,24.66953160516151
4480.281,0.3304651903102038,4.200106613865924,24.67189609844224
4485.375,0.3303506496529384,4.200116707964991,24.66795091156851
4490.468,0.329805214920546,4.200381537757542,24.659601957694715
4495.578,0.3276822074838587,4.200451501528507,24.66139929889355
4500.671,0.3277051646330692,4.200689939363905,24.64555565886551
4505.765,0.31881618164958114,4.199847883321351,24.64308812432974
4510.875,0.30867237238204986,4.199000109456893,24.634768158388134
4515.984,0.3100972465730933,4.199018333341237,24.62948082613748
4521.078,0.3094476262329687,4.198887052952871,24.612645640402146
4526.171,0.30855583140959825,4.199142375148022,24.613686915711277
4531.265,0.3090587065601312,4.199126759665416,24.60605540743492
4536.359,0.3089583731605923,4.199332714679046,24.602430146930104
4541.484,0.3091295817050563,4.199004873629504,24.597742832831237
4546.578,0.3066511687749262,4.199141621093251,24.58593087532984
4551.703,0.306645625132279,4.1992382859841895,24.581270004657746
4556.796,0.3073632199774786,4.199340838209075,24.583439229432535
4561.906,0.3065863517702627,4.199616034491233,24.57536014450136
4567.0,0.29559481885032807,4.198873944450956,24.570764549953665
4572.093,0.2988214338030098,4.19868194612841,24.565333492811135
4577.203,0.29873549300353963,4.198569233122757,24.56206564413988
4582.296,0.29656918268761373,4.198763265211102,24.54979984586118
4587.421,0.30001864338890005,4.198893237534498,24.547983329422816
4592.531,0.2947770205622248,4.198681146759741,24.54580958491851
4597.625,0.2966856489852867,4.199008943356648,24.533832165124696
4602.734,0.30053857610667445,4.199046356995876,24.534821483264665
4607.843,0.29892049929808484,4.199050773644309,24.52629368858384
4612.937,0.2964441448096265,4.199252171383619,24.52093862892403
4618.062,0.29782816556621283,4.199039680410788,24.510007264429376
4623.156,0.2999197224108207,4.199202080882726,24.504467581751204
4628.265,0.29648071577424806,4.199500936338471,24.503500875849145
4633.359,0.2942889274116057,4.199509903928772,24.489953104596502
4638.468,0.2971477852625541,4.199730363670927,24.4959819194552
4643.562,0.2946453889249169,4.199555161873041,24.482023635449202
4648.718,0.2969553461216175,4.199626314464027,24.48795622591884
4653.781,0.29630787241255974,4.199824717158558,24.48727509511691
4658.89,0.29429563671285186,4.199894518721431,24.484859591638394
4663.984,0.29500191827288336,4.1999954299031925,24.480152216491504
4669.093,0.2957917382883533,4.199989418615123,24.472890577268426
4674.187,0.2967976711858112,4.200030612061962,24.471299997957626
4679.312,0.29507933045516516,4.200298984395382,24.459506044632516
4684.421,0.2934431858995434,4.200393634886416,24.460973785576215
4689.515,0.2929347782156965,4.200495094098953,24.450294994237883
4694.609,0.29300317239888496,4.200648742111954,24.441314875794426
4699.718,0.28363879009510923,4.199686059976199,24.447410065189437
4704.812,0.27446656698578736,4.1988923589455895,24.435413311951823
4709.906,0.27566912062753895,4.19893519085283,24.42900914215307
4715.031,0.2739093019375438,4.1988124945002765,24.426031678125785
4720.14,0.2717393900407985,4.1988424412993135,24.41862341749664
4725.234,0.27215873059470663,4.198776447992716,24.421367658973782
4730.328,0.27217181701575127,4.198913565763959,24.422270264087214
4735.515,0.27303212224374285,4.199035472625672,24.41346942720825
4740.703,0.27327662053475676,4.199129215831524,24.411740345466082
4745.828,0.27137418330073876,4.199074762896055,24.406038761620845
4750.953,0.274488317171585,4.1990603787906355,24.40010276276731
4756.031,0.27313985987534506,4.19920716489798,24.391931569767234
4761.109,0.27217459072558664,4.1994574648428795,24.38375765121397
4766.203,0.2716979587708114,4.199268420611226,24.38584155651434
4771.296,0.2714843852462591,4.199600948361789,24.390283360104068
4776.406,0.2707121289725205,4.199249200241623,24.387799511636107
4781.5,0.2716763104408155,4.199637793994932,24.376089149166116
4786.64,0.276742645083066,4.199616064211692,24.38643618710505
4791.718,0.2744256561893936,4.1996648909600935,24.396624907537667
4796.812,0.27269862689417085,4.199735901332452,24.390677579757266
4801.921,0.2704331149380395,4.199813615797453,24.39313510797526
4807.015,0.27183814371531334,4.199948012454002,24.387245171537092
4812.109,0.2701941738680658,4.200058421211285,24.382036896275736
4817.218,0.2729444970252498,4.200207344545735,24.37581639596137
4822.359,0.2720859101288574,4.199945138026465,24.369124663057082
4827.421,0.2700925495229237,4.200155640393301,24.362831245874933
4832.531,0.27136020639562347,4.200260194990684,24.354531005705635
4837.625,0.2709061324703283,4.200399029811026,24.347002584412607
4842.718,0.26970451292112724,4.200448023901274,24.35308633142488
4847.828,0.2723947863778523,4.200616527932035,24.34091347520788
4852.968,0.2592432486360939,4.199826250978344,24.33165557224848
4858.031,0.2509748898837434,4.198882164856734,24.332493218790386
4863.14,0.2496700594349553,4.199005948950142,24.331108452744054
4868.234,0.24913280296316379,4.198925500929335,24.326397925901308
4873.328,0.2502407028555899,4.198777029752467,24.32206588036982
4878.421,0.2497625960537612,4.19888746741838,24.315891547546897
4883.562,0.2525646838126263,4.199002526037581,24.311472878448722
4888.64,0.24908183801531025,4.199139740115559,24.312608869610443
4893.734,0.2530391807323888,4.199171156507775,24.306944992358474
4898.859,0.2518947713654683,4.198977873776467,24.30936587783038
4903.937,0.24902865287278808,4.199183417355258,24.30539135476953
4909.046,0.24940522368800022,4.199082494800549,24.288108073236714
4914.125,0.2502107228090919,4.19935745275465,24.292069830147383
4919.218,0.2502329848815293,4.199521970265509,24.28174075098217
4924.312,0.2534917838540177,4.199492405095366,24.279384056655587
4929.421,0.2502374954914937,4.199520493526015,24.277666523685234
4934.531,0.24930591846304248,4.199613562092441,24.278819013597452
4939.625,0.24948005270092066,4.199441287884734,24.27322367771566
4944.75,0.24759698424610616,4.199614785399165,24.266588572198422
4949.843,0.24904759363382784,4.199837703911869,24.25922259096726
4954.937,0.24876088705614027,4.199646360891391,24.265687370864175
4960.031,0.24845375229756206,4.199969768935917,24.260557397733226
4965.109,0.24902244315311062,4.200071184483443,24.261360851181177
4970.234,0.24940758144261127,4.200073294295768,24.255258712644697
4975.375,0.24883647895818772,4.200141331411424,24.242122224167208
4980.484,0.24647300162365854,4.200021934592394,24.24520518973843
4985.609,0.25080274145833753,4.200325557697919,24.24176350360378
4990.734,0.24586312951412156,4.200409194151006,24.222267287867428
4995.859,0.24939963174725469,4.200315310869052,24.233921681895534
5000.921,0.24761621477034873,4.200296686532476,24.225703099005568
5006.062,0.24922002985217542,4.2005026909959176,24.227467069675143
5011.187,0.2498019285682379,4.20064269476671,24.22072136093722
5016.312,0.23619913820473215,4.199944896765874,24.22015158767021
5021.437,0.23713865619120916,4.199671076847295,24.209100266852452
5026.531,0.23805273722922077,4.199985529257354,24.20373586787556
5031.609,0.24122539652210648,4.199677828103414,24.20430533385956
5036.734,0.23934775621332088,4.200042237469074,24.191907137379076
5041.875,0.23717530130583098,4.200199747320415,24.195005889015974
5046.968,0.23649922330141998,4.200054262010013,24.198656781531472
5052.078,0.23658848827058152,4.199975473616836,24.185496144860156
5057.203,0.2362959603816982,4.200183539651801,24.182560130639747
5062.343,0.23856256751291358,4.200332388472883,24.188180098008807
5067.437,0.23796805565541856,4.200271408164864,24.188685634173936
5072.531,0.2369402446032081,4.200143855296021,24.181288527695223
5077.625,0.23553795914449796,4.200458771826754,24.183620377174574
5082.734,0.23543921511962798,4.200441509651496,24.175819334042714
5087.859,0.23432263775600784,4.2003145006729845,24.172794485714643
5093.0,0.23821693455865642,4.20038210607269,24.164621515494726
5098.093,0.2374981399054001,4.200882525993752,24.163099925055292
5103.187,0.22540509650054977,4.199778697194508,24.15991058898591
5108.281,0.22570444574615386,4.200262266594903,24.164044347218773
5113.39,0.22446384379122314,4.199789015738389,24.147270797319983
5118.515,0.22317304095294824,4.1999228658942975,24.143096983277612
5123.656,0.2265308678415468,4.200217010113064,24.143836062873795
5128.75,0.22491124384799357,4.200304611653593,24.146343634084612
5133.843,0.22521380456697265,4.200057631183809,24.136679720160046
5138.937,0.2253505033274931,4.200090382012429,24.123894975601836
5144.031,0.2247848127080902,4.200178421159906,24.133342911923496
5149.14,0.22795018754570037,4.20030279405894,24.133670576237265
5154.265,0.22268312756951705,4.200367635358144,24.134738389014274
5159.406,0.22816091326680651,4.200499199865787,24.126101922744525
5164.515,0.22307333622223124,4.200252884036529,24.131144027372212
5169.609,0.22552479426894692,4.200307488687661,24.119491849053567
5174.703,0.2282125856586138,4.200605163905497,24.112434547807613
5179.812,0.21451026061873388,4.199672910991858,24.114205051630954
5184.937,0.21433516841621697,4.199728864382898,24.106544296501614
5190.062,0.21536185078107484,4.199635556807745,24.110542512910506
5195.203,0.21422596040721503,4.199695646834224,24.103456446030002
5200.343,0.21333649483278283,4.199777194878787,24.098643760430686
5205.437,0.21321195053953623,4.199810853988528,24.103434003418197
5210.562,0.21425306766078486,4.1997501224494345,24.107975755885235
5215.703,0.2116781513721634,4.199753947093529,24.0998237260161
5220.828,0.21273044586408876,4.199738224334953,24.09547792967714
5225.968,0.21099930498626052,4.200103754517097,24.09167611201917
5231.109,0.21421755847041943,4.199950113749611,24.08377485282047
5236.187,0.2131807022880911,4.200012459593945,24.081079755559834
5241.296,0.21638237258527357,4.200032187231708,24.06515601498506
5246.421,0.2122404378847824,4.200216971568777,24.073801383801378
5251.562,0.2097683351850886,4.200269367256929,24.072847576264973
5256.687,0.21272589816683016,4.200228210855414,24.06804859981925
5261.828,0.21234695607141962,4.200355154270089,24.072426109818753
5266.953,0.21287476911814399,4.200381298104655,24.060213468879734
5272.093,0.21094031540427152,4.200451618042012,24.061078847274906
5277.203,0.212269070464762,4.20036535921549,24.047483651995506
5282.328,0.21514757414379462,4.200563600659342,24.04337431624673
5287.468,0.2060485163139944,4.199965783452484,24.04654540479297
5292.593,0.20165851481085537,4.199672416571039,24.041480648673602
5297.703,0.2012420275415085,4.199872555473417,24.037701213795
5302.812,0.2016953724903768,4.199879004810287,24.022460768292603
5307.937,0.20122398084479864,4.200008554697801,24.028850313425693
5313.078,0.20023035025231276,4.1997724280126105,24.024330027081927
5318.203,0.2025648700680481,4.199748908386909,24.015755662870063
5323.312,0.20258366569349343,4.199818900065732,24.01053152682899
5328.437,0.20289562243622222,4.200126535653338,24.00708149481318
5333.546,0.20005972074730582,4.200070701924452,24.007745107805533
5338.656,0.20457728184837704,4.200250323829614,24.002881241031368
5343.781,0.20123559344513145,4.200292925947547,24.000249277299382
5348.921,0.2026219734986827,4.200029519138224,24.005869112579884
5354.062,0.20243465521705414,4.200156157354843,23.997080273280602
5359.171,0.20589335770775885,4.200237354149639,23.992148408884507
5364.296,0.20204034490313114,4.200244205179954,23.991191360397647
5369.437,0.20380086650451912,4.200190064393665,23.988969228637288
5374.562,0.2041999613340484,4.200342232772351,23.98782387378505
5379.687,0.20218721027155456,4.200427816929372,23.9844888474193
5384.828,0.19712334082518246,4.200504259736783,23.977016907032787
5389.953,0.20052428450620463,4.200519555264543,23.979521943492756
5395.078,0.20013294622062897,4.200564050597825,23.969117551481883
5400.203,0.19179591702897172,4.19991425662018,23.968293599386666
5405.343,0.194995199306551,4.199772468391778,23.96185903285897
5410.468,0.19419696993668004,4.199809212273392,23.967202353408577
5415.625,0.19086741866327264,4.199802406624105,23.962221223613856
5420.734,0.19114378268679608,4.199755543272103,23.95123679565314
5425.859,0.19173919122459587,4.199878892952317,23.9632369300335
5431.0,0.19270562419740833,4.199677854645343,23.952666317313735
5436.125,0.1905141157212619,4.199694291440217,23.947355680048535
5441.25,0.19676518256290965,4.199946126173626,23.94238347200114
5446.375,0.19389159872968864,4.200185998375201,23.93949585858175
5451.515,0.19079893487527624,4.200157178055206,23.934531988141526
5456.64,0.19216855053551696,4.2001824168828295,23.931171843863822
5461.765,0.18978737950045876,4.200178222985614,23.930811687979087
5466.89,0.18940764342581373,4.199931401906391,23.938166553733442
5472.015,0.1884845206674444,4.199988913724216,23.93409692335163
5477.125,0.1904022466098417,4.1998748682913645,23.93579534268933
5482.25,0.1884757707918123,4.2001381551842805,23.91988964450874
5487.39,0.1891100887602453,4.200335214887724,23.91294805687433
5492.515,0.18853233730942373,4.200094969355239,23.920696038760425
5497.64,0.1897898514078599,4.200533125383837,23.916096861173
5502.781,0.1882779384938414,4.200630593245896,23.917829854644456
5507.906,0.17925785510704229,4.199448256303168,23.91347338165892
5513.031,0.18135569379038538,4.199589608233532,23.909979283662857
5518.171,0.18042951237601546,4.199751274441807,23.900973368353554
5523.296,0.1762600756069397,4.199706070218651,23.91517521899092
5528.421,0.17980624354202843,4.199544579915038,23.900002738172464
5533.546,0.17763847203449717,4.199806234083912,23.911411530202162
5538.671,0.17990374823678962,4.199812281508083,23.90239157208516
5543.828,0.1811212881387396,4.199725667557626,23.904004822592086
5548.953,0.1796744060197168,4.199496245170066,23.90359745230485
5554.093,0.17817988920770386,4.199809273439346,23.89665738629371
5559.234,0.18112793535596033,4.199402811269724,23.891261938421533
5564.375,0.1783933164083454,4.200155274808678,23.885253654327396
5569.531,0.18233570187673573,4.199698717012851,23.890067530056
5574.656,0.1774200107387715,4.199971706199663,23.884307343919097
5579.812,0.1804311835139135,4.200069904142721,23.882408323471687
5584.968,0.17720944922982626,4.199936289501654,23.872525354074362
5590.109,0.1785196002198271,4.1999068570767415,23.866949151740165
5595.265,0.178581705410429,4.200096469951568,23.87405362445661
5600.406,0.17764327636322993,4.200145023669086,23.87034035861251
5605.546,0.17846058691183989,4.200161247726358,23.870692511134255
5610.687,0.18107628521354915,4.20050361779597,23.864666779223647
5615.828,0.18228934619756476,4.200190958916335,23.873939314340507
5620.984,0.17926223564990293,4.200491792659378,23.848069691524245
5626.109,0.17891027403092946,4.200295130508125,23.861102321213554
5631.25,0.18129063874430684,4.200427900349435,23.850487053421045
5636.39,0.17794088389208773,4.200363598277577,23.845686382384297
5641.546,0.1798654387561749,4.200462494046146,23.84159240553543
5646.687,0.17935815885936016,4.200667013269128,23.848082402591157
5651.812,0.17704415087165995,4.200552175514573,23.841634205503613
5656.953,0.17614248041826258,4.200382425050416,23.842085156131084
5662.109,0.17788858736667762,4.200459621418756,23.83318388668746
5667.25,0.1764810451167882,4.20080837372338,23.84898662501848
5672.39,0.18023783825007755,4.200704061230629,23.841644688888934
5677.515,0.1758639661176605,4.200747314042981,23.836718714457454
5682.656,0.1804574193036315,4.200615701783526,23.840945462013803
5687.796,0.17490319883007818,4.20091443309483,23.839541144745482
5692.921,0.17820477923137606,4.200974826783809,23.835684529712797
5698.062,0.17720565279120748,4.200930165970363,23.82868286560414
5703.187,0.17878886407637304,4.201015867378245,23.824403590899404
5708.312,0.17873602068260114,4.201088576221961,23.831154022732466
5713.453,0.1755368328682627,4.201199762523606,23.832273848979423
5718.578,0.17461334016591523,4.2010716653039495,23.82029071819847
5723.718,0.1775047992399047,4.2013669219472245,23.816013876057433
5728.843,0.17895247426205757,4.201589756003852,23.823843584658455
5733.984,0.16857538181662024,4.200484136312526,23.822372034124378
5739.109,0.16571219502197054,4.2004779346142005,23.805486612298306
5744.234,0.16771710783056543,4.200465767121592,23.821335943421026
5749.359,0.16965279570624858,4.200474055701756,23.814748982509162
5754.5,0.16815607060960533,4.20064716228854,23.820173176938972
5759.625,0.15581786167188563,4.199695006594486,23.82218201299124
5764.765,0.15991730844646682,4.200021455798351,23.81660240862053
5769.875,0.15461073033293862,4.199776417242479,23.82888380571116
5775.015,0.1544835305207515,4.199802595798253,23.820103317223275
5780.14,0.15827232001589284,4.199669983972214,23.82316228734197
5785.265,0.1546216053460369,4.199639721226408,23.826104218540134
5790.421,0.15483896737496355,4.199556917924076,23.816679094000126
5795.546,0.15923858759209042,4.199636246661174,23.815331060284795
5800.687,0.15646248774684016,4.199652625573401,23.814893471693615
5805.812,0.1565810884347962,4.199787867598553,23.812936732826227
5810.937,0.15826716026364926,4.199614607160315,23.80726475276728
5816.078,0.15876224546719553,4.199791606552799,23.81023854500286
5821.218,0.15393159550938487,4.19960573305231,23.807103006165445
5826.359,0.1552514017067666,4.199771482643422,23.801929563315266
5831.484,0.15864812678975304,4.199760330408394,23.810293481403416
5836.609,0.15721916113936465,4.199902895484652,23.80668416929793
5841.734,0.15491936755039504,4.1998173236090395,23.803133893645292
5846.875,0.153379414745546,4.199904368772436,23.807164309023207
5852.0,0.15638844852496966,4.19997489592871,23.79641447279804
5857.125,0.15466119615891072,4.199919035186018,23.789186977342247
5862.265,0.15743881375125657,4.199959368188958,23.79363328209794
5867.39,0.1576459371016988,4.200294182770226,23.794314406273745
5872.515,0.15552309377057452,4.1999732829254555,23.78045674122687
5877.64,0.15518581936670775,4.199982538792685,23.781980152066545
5882.765,0.15670319875271682,4.200242123647849,23.774467537757992
5887.906,0.15377484431799607,4.2000324925923085,23.7732094039741
5893.031,0.1570472614083933,4.200100925787542,23.77754427663349
5898.171,0.15769602585406706,4.200251744750062,23.762145881479444
5903.296,0.15680756111855768,4.200407224127643,23.77142230036333
5908.437,0.1572294865451502,4.20013541575375,23.765484236130284
5913.562,0.15849492710561575,4.200501905588074,23.761657559945515
5918.718,0.15596401997555903,4.200465663358944,23.762029077738305
5923.843,0.15854722390849266,4.200546915842538,23.7691551068779
5928.968,0.1556984783244627,4.200307972996246,23.76818100246625
5934.109,0.154950595120176,4.2006521675593556,23.754570262599977
5939.234,0.14694105662511261,4.199760797305714,23.74686537060933
5944.375,0.14502704087399257,4.199795480353626,23.746056087632283
5949.5,0.1447886076449209,4.199338275754123,23.757493828570826
5954.64,0.14573956412545272,4.199526925219402,23.74645085986827
5959.765,0.146779496167878,4.199511357910769,23.741693954789444
5964.89,0.1450553774005627,4.199420980067901,23.73935802007928
5970.015,0.14549343955134764,4.199431565821658,23.737433950550493
5975.156,0.14961763753534968,4.199352715319697,23.735138897844422
5980.281,0.1467524906147139,4.199469307654439,23.739554299846137
5985.421,0.1443654151231058,4.199495245212098,23.732656509844574
5990.546,0.14452799914051884,4.1993294705518665,23.73749454139088
5995.671,0.14152356130546198,4.199618274874978,23.7329128166034
6000.812,0.14684133440548697,4.199604961576379,23.742654359019944
6005.937,0.14376156734680487,4.199836065563112,23.74318570876264
6011.093,0.14712434742680375,4.199584548573048,23.735258583691763
6016.234,0.14436569798375448,4.199590215001785,23.731733730652614
6021.359,0.14419062748830325,4.199695539295262,23.73293039860583
6026.484,0.14478606271225625,4.199796175194386,23.731715082601006
6031.625,0.14638504201469632,4.199913167917683,23.73447176672868
6036.75,0.14397058374559407,4.199868610856787,23.723253779811834
6041.875,0.14736473380116835,4.199819989568992,23.72614433063362
6047.031,0.14477674466284673,4.199967359089361,23.726048651550656
6052.171,0.14387031744847636,4.200057575025688,23.722961790191594
6057.296,0.14521113403163707,4.199717351105344,23.72893502205225
6062.421,0.1432255795423242,4.2000316183470385,23.72005023925742
6067.562,0.14401954133302056,4.199975700143457,23.720249546193767
6072.718,0.1416848711840148,4.200146183176884,23.72062964868782
6077.843,0.14256307060386134,4.200388967154228,23.71677596044213
6082.968,0.14486135071772627,4.200078399484333,23.70883464622639
6088.093,0.14745055442374783,4.200034251345825,23.705708675096435
6093.218,0.1448216982563471,4.200317849171464,23.703420991181922
6098.343,0.1454888967901934,4.20038161029182,23.7007602542788
6103.484,0.14511223199100526,4.200280669486022,23.71411383601072
6108.625,0.14184580496455565,4.200462899402333,23.698988716763328
6113.75,0.1469365123744797,4.200217870120647,23.703047073923855
6118.89,0.14595675443195283,4.200040225310804,23.69908438132615
6124.015,0.14427809532589414,4.200472240658424,23.69662950768546
6129.14,0.1471076976319125,4.200567506510475,23.697522906415813
6134.281,0.1358871947611362,4.200038618685182,23.68837226333049
6139.421,0.1360158484711916,4.199562830122941,23.691008738888197
6144.546,0.1341230572288695,4.199659695913896,23.6953137140882
6149.687,0.13552652582146987,4.199563659202599,23.682964495404857
6154.812,0.13283476621891874,4.199739246471938,23.690678530547807
6159.953,0.13674077790478179,4.1997008336867,23.686507778012913
6165.093,0.13271519647899174,4.199602412273023,23.690954199529315
6170.218,0.1331856168223784,4.199740889367104,23.689707026703648
6175.359,0.13529740022049797,4.199738058104783,23.677413635794302
6180.484,0.13369163470510564,4.199643227621964,23.683984760714136
6185.609,0.132282081063123,4.199797512909425,23.672023464258057
6190.75,0.13401104986052723,4.199718112451396,23.67050674649116
6195.89,0.1338769973905143,4.199754329843184,23.658187493930896
6201.046,0.13123686192661618,4.199884027300003,23.6609927605534
6206.187,0.13353191558775987,4.199797059498245,23.655652807403136
6211.328,0.1337783312148947,4.199813595990813,23.658610472747828
6216.453,0.1340343381799988,4.200078401452782,23.64757625518793
6221.593,0.13446104225553876,4.199595977035344,23.643189613737295
6226.734,0.13538693867273216,4.199660433315536,23.637659643991388
6231.859,0.13363074933863353,4.199820076977949,23.63900118937326
6237.0,0.13062950289228495,4.199841583974847,23.640048390949023
6242.14,0.13147621103978005,4.199942738622236,23.63425034568184
6247.265,0.13235713594844614,4.200034895974604,23.645833187114242
6252.406,0.13367598264575087,4.199844325310756,23.635725306285114
6257.546,0.13554325736054607,4.199859084228929,23.628150547069463
6262.671,0.1327202685824551,4.200056374431739,23.618134692607747
6267.812,0.13269900945618282,4.199960313621512,23.622977421773147
6272.953,0.13304018316434774,4.199979148847944,23.634327026075677
6278.078,0.13414961900664313,4.200007101330049,23.621965496603703
6283.203,0.13356069742773902,4.200031607133165,23.62286027414021
6288.328,0.13358413297091767,4.20021157230594,23.622619444259005
6293.468,0.13151005570683172,4.200145854089428,23.628056004577633
6298.609,0.1306510768832253,4.200033229831653,23.629724981040454
6303.734,0.13293521350198684,4.2002960181389986,23.62366486516088
6308.875,0.13382758415479137,4.200356600732472,23.629821710242062
6314.0,0.13340514865286585,4.200286478966991,23.61431631755349
6319.14,0.13099907524991025,4.200239589695877,23.615356344511174
6324.281,0.13556795031842475,4.200471860150838,23.6219786685825
6329.437,0.12890051832996435,4.200348800109805,23.61945091269143
6334.578,0.13463889181801367,4.2004263857385915,23.61853856331458
6339.703,0.13142284023162917,4.2006183348803745,23.61825447834684
6344.921,0.12286685310915536,4.199993413777636,23.61545131264057
6350.062,0.1239026172070077,4.199766617037454,23.61120546993369
6355.156,0.12328206418226552,4.199571748822969,23.618107888564808
6360.25,0.1233747248451634,4.199845319355286,23.61061625410427
6365.375,0.12101842872336506,4.199697849962152,23.60554179087523
6370.468,0.12059370235315697,4.1998625547259545,23.599689000617232
6375.562,0.12243672840293769,4.199533270660642,23.610590817362368
6380.656,0.121450841144482,4.199765433366996,23.59866297017092
6386.0,0.12035130175496477,4.199678719620136,23.592114010965503
6391.14,0.12128194637238474,4.199479627199772,23.5950916562733
6396.687,0.12598466180811385,4.199525742967474,23.598548480475134
6401.828,0.12358106287723433,4.199581874830606,23.59115036614345
6406.937,0.12120900812957268,4.199911873911564,23.58726428792295
6412.031,0.1250661860460257,4.19967178130508,23.590300954098645
6417.125,0.12443506247497604,4.199769749683203,23.586820076185656
6422.218,0.12118383134482408,4.199581264229609,23.582008943744253
6427.328,0.12455945814966844,4.19994817993116,23.586002637947658
6432.468,0.12329429411409677,4.200006615443269,23.58164987824027
6437.562,0.12233738697265971,4.19994218478222,23.575510450834543
6442.656,0.1246057405791921,4.1999383729657875,23.571909675231836
6447.75,0.12236509484168018,4.199829451907452,23.569507463676103
6452.843,0.11984582123988281,4.199903457253173,23.568989612780435
6457.953,0.12437183593004969,4.200033686786925,23.563668965047434
6463.093,0.12102452615831003,4.200124065000526,23.573397103061442
6468.187,0.11931228359589913,4.1997713071923535,23.573435512430223
6473.296,0.12288216140912045,4.200142730994236,23.570657625058026
6478.39,0.11915273881336663,4.199875444445549,23.58396858532132
6483.484,0.12120897994929389,4.199967592681216,23.577720623429926
6488.609,0.12088698653608365,4.200077322874208,23.571402455214105
6493.703,0.121652719471947,4.200178307109035,23.562475047136893
6498.812,0.12090976602749823,4.200184193247429,23.56354498520652
6503.906,0.12051103859061849,4.200311558914695,23.563726353137945
6509.0,0.11946337900801295,4.200091728416632,23.561804745909537
6514.093,0.12164271028226098,4.200271536820075,23.55761982805669
6519.203,0.1222240938096552,4.200335585998863,23.566476333918086
6524.312,0.12175722226376168,4.200356642294868,23.556516410835087
6529.453,0.11904528544540642,4.200302649998387,23.5559699412314
6534.546,0.1211477227619464,4.200458794891474,23.558358766172375
6539.656,0.12125122366136869,4.200529488160555,23.550840166159826
6544.75,0.11708303853697556,4.2004914939495706,23.56166974790022
6549.843,0.12117024123308788,4.200658889481137,23.560262802236842
6554.953,0.12524095670246993,4.200755486963201,23.557316090439013
6560.093,0.11964936326205629,4.200811786195648,23.54811654692629
6565.203,0.12051513075233095,4.2006577477843585,23.54860725493612
6570.296,0.11913899998540159,4.200983761534588,23.55440230917274
6575.421,0.11758189372221059,4.200575229416314,23.549313248660287
6580.515,0.12237956068322282,4.200788471612849,23.544077792284057
6585.625,0.11848221439842938,4.200633349445605,23.544020423987938
6590.718,0.12071555707467757,4.200803886727145,23.54749287948819
6595.812,0.1202706576007965,4.200825791737189,23.54594173188128
6600.906,0.11852648151872873,4.2008406843502115,23.532690128954847
6606.0,0.11885026466425097,4.200765505157883,23.533113584146424
6611.093,0.11791201628252165,4.2010351476611225,23.53235667199744
6616.25,0.12244558602927222,4.20101747527887,23.52425064571239
6621.359,0.12178557058910353,4.2012154222471585,23.52485451634667
6626.453,0.12224749657598365,4.201031304740804,23.517465595725923
6631.546,0.12143951430695986,4.200968885602725,23.521257853792914
6636.656,0.12052808064448699,4.201213481210858,23.516315178675097
6641.765,0.12124238346224524,4.201344633517032,23.51576480361822
6646.906,0.11853610806351354,4.2013030635456445,23.505816553286866
6652.0,0.11895171691435731,4.2011738127857985,23.51023176306606
6657.109,0.11866951304382858,4.201292848033967,23.51519624526371
6662.203,0.11687991900946837,4.2013058753366765,23.524318935870998
6667.296,0.11890514938177407,4.201198862132675,23.517965357385236
6672.406,0.11919381866183522,4.201343945991831,23.50949989692582
6677.562,0.11948182076107688,4.201273899584496,23.498853725087116
6682.656,0.11986086751769151,4.201301620547786,23.503865784784228
6687.75,0.11901725914511942,4.201515405322329,23.50030163478853
6692.843,0.11681850731058324,4.201421222570237,23.490118429910282
6697.937,0.11755994564657664,4.201442501163977,23.50327278217912
6703.062,0.11915693162199313,4.201663522667049,23.49470821474368
6708.171,0.10709113163495027,4.200630778696166,23.49538344374345
6713.265,0.10022577033118926,4.199682465966766,23.4862969814439
6718.343,0.09966079300977487,4.199715737801619,23.49049247858306
6723.468,0.090996447499944,4.198709561559406,23.486697876799155
6728.593,0.07969000485135443,4.1977908243153195,23.484912761582816
6733.718,0.07815313918198785,4.197689650875376,23.480775762982933
6738.859,0.0775828038512582,4.197381168187225,23.478291363196835
6744.0,0.08261991082086644,4.197754829051251,23.477509515306465
6749.125,0.07928639203137013,4.1975570749651965,23.47261772594536
6754.25,0.0815480735148633,4.197281820991408,23.470685284951408
6759.375,0.08122462294823678,4.197078965396526,23.47967926378711
6764.5,0.08159680617123821,4.197119843725337,23.46292964491603
6769.64,0.08292718514103548,4.197296160857082,23.46430159367928
6774.781,0.0825360857136987,4.196889892134078,23.467071800988553
6779.906,0.07903422627981448,4.197022275269979,23.470187691273487
6785.031,0.08136051090753671,4.197212177285611,23.46088803657423
6790.156,0.0836474254076256,4.19685791247547,23.46644888692444
6795.281,0.08139589776951861,4.196843980750547,23.45867806049253
6800.437,0.08317054400066629,4.19692907458645,23.461033096499456
6805.562,0.08377524181299559,4.197036568881925,23.464005064758194
6810.687,0.0800807917420908,4.196753897951868,23.457254142045954
6815.812,0.08293628368345239,4.196833329374877,23.451516606874193
6820.937,0.08138895969102379,4.196859195177302,23.462554643256432
6826.062,0.08424106884489581,4.19671880529596,23.45868853164962
6831.234,0.08383697560658934,4.196731427301135,23.456875603855774
6836.343,0.08360994343031837,4.196924779678789,23.4561047379179
6841.468,0.08052010670208397,4.19665940125687,23.447786050994267
6846.609,0.08199944296047032,4.196655927002209,23.460538029379222
6851.734,0.08260817355024945,4.19678348558126,23.459484569019658
6856.859,0.08283670127035739,4.196588017929664,23.45533201239913
6861.984,0.08163873869611527,4.196727401511788,23.454030790707957
6867.125,0.0819335867100462,4.1968472217272526,23.44913060534732
6872.25,0.08362321570139386,4.196708789040015,23.457321706803437
6877.39,0.08114208072058318,4.196633534246238,23.456586964809663
6882.515,0.08027473095334739,4.196915459598217,23.446197857027066
6887.64,0.08050882794345647,4.196704138994743,23.450120476297325
6892.765,0.08511356603602913,4.1967389357658185,23.453743338715427
6897.921,0.08484231519081091,4.19668385638223,23.455254368402777
6903.046,0.08368579698599243,4.1966320301191535,23.444046680194752
6908.171,0.08200361474308049,4.196659265055289,23.45758535733231
6913.296,0.08254634452109906,4.196610379580636,23.450355021439616
6918.437,0.0806529374002485,4.196596285019473,23.44707183450364
6923.562,0.08116020351545135,4.196722869516392,23.443276379915257
6928.703,0.08166404907472133,4.1966719886965125,23.440658329259016
6933.828,0.0838742244007609,4.196386072793392,23.442839212563115
6938.953,0.07623522516107074,4.197122659271946,23.44075010677031
6944.078,0.08598676717631863,4.196698785914358,23.443148796615443
6949.218,0.0803681587351602,4.196486227657659,23.443625870746725
6954.343,0.07978640098199584,4.196728018525891,23.43677962400468
6959.5,0.08174413992041228,4.196853452777904,23.42877985131865
6964.625,0.07624176980169525,4.197045962167879,23.42381497458642
6969.75,0.07904012634055609,4.196756514641484,23.429315125278716
6974.89,0.08100039087763408,4.196766273225204,23.4353868056357
6980.015,0.08044563105570905,4.196731228455697,23.430266491613775
6985.14,0.08194565739662577,4.196819445457261,23.431472477059923
6990.265,0.08311499538183338,4.196782270651549,23.4394825372602
6995.421,0.07993309208404516,4.196972629306128,23.43291598766688
7000.562,0.07986265750285318,4.196962269610277,23.43936120079622
7005.671,0.08241090452874436,4.196696867816791,23.437893933130365
7010.781,0.08302280169037812,4.196857437263108,23.436385072784958
7015.875,0.08257602945280892,4.196886361988603,23.442177996336397
7020.968,0.08101969451618383,4.196836343759704,23.437535280657045
7026.109,0.08047243020317547,4.196852725837497,23.43287110887865
7031.25,0.08086439895916227,4.1967657976618336,23.448514699765948
7036.375,0.08040974041016949,4.196630899448746,23.44267660717153
7041.515,0.07844935363554512,4.19695907899095,23.444425907990123
7046.656,0.08458478405941203,4.1967387029602445,23.446416507591742
7051.75,0.08292930426249875,4.196773691038661,23.448852903026612
7056.906,0.08028309696307628,4.196868461651543,23.444447857461267
7062.046,0.08265680765510955,4.196960366280094,23.45176627748395
7067.156,0.08197223265572216,4.196822414145182,23.442620707408608
7072.265,0.0827035853788121,4.197023193371384,23.442305488490135
7077.359,0.080155208049395,4.196874849819704,23.443734891208955
7082.468,0.08264895920328798,4.19688374653673,23.440065946818986
7087.593,0.07430716857876803,4.196137601184008,23.436312371828638
7092.718,0.08223867044555858,4.197084559846248,23.42430999835556
7097.859,0.07916904299061757,4.197205118208253,23.41998014112348
7103.015,0.0802502245955082,4.196902549153479,23.42346087137811
7108.093,0.07823224479945828,4.197074244982053,23.41786583923787
7113.25,0.08213748360018744,4.197143712938808,23.422917803937928
7118.343,0.08194425296499783,4.197019381993614,23.425653838534153
7123.484,0.08048648753775042,4.197119055602085,23.42725323651939
7128.625,0.08338228159914224,4.197067999685393,23.428146760880246
7133.75,0.08416976409172738,4.197238751273626,23.42638201780012
7138.89,0.07795810539753552,4.19708833768581,23.42953755624533
7144.031,0.08381912397292342,4.19682465841126,23.42498148794605
7149.156,0.08070999518578723,4.197002080697002,23.42938183440805
7154.312,0.08145892617870928,4.19708899688605,23.426702004446923
7159.437,0.08126116053110996,4.1971431567525075,23.420023036452108
7164.578,0.08259761538799794,4.19729217081301,23.417798995041846
7169.703,0.0778860422956339,4.197201298245734,23.42012482896736
7174.843,0.08160304633328917,4.197068473029602,23.417883216769052
7179.968,0.07902563854843649,4.197250618364673,23.410380936999175
7185.125,0.08163033037046566,4.197191634216048,23.409175702889844
7190.265,0.07938824297259754,4.197345445123087,23.40861235741472
7195.39,0.07922099085496746,4.197244987764558,23.421527922035832
7200.531,0.07973750514520603,4.197306296773219,23.420216002865665
7205.671,0.08419842041485483,4.197302753939892,23.402348544922905
7210.796,0.08005353204451303,4.197122756921514,23.404689734442446
7215.968,0.07953668468214735,4.1974236311853765,23.405086455525126
7221.093,0.07956442087449367,4.19737186765803,23.388292590580193
7226.234,0.08086828314667244,4.197166381964147,23.389297923496947
7231.359,0.08108308132730424,4.197385235879023,23.391838619750654
7236.5,0.07915764766539693,4.197262242328958,23.387396179149345
7241.656,0.0775171433312655,4.197603737324538,23.384260685958843
7246.781,0.07823910264571018,4.197562992779613,23.379989657663323
7251.906,0.07964336408641103,4.197501363688933,23.37493810385941
7257.031,0.08120433481253005,4.1973638543932905,23.382721903617057
7262.156,0.0795394742026161,4.197465735028649,23.393167735429305
7267.312,0.08028745322760515,4.197682893240236,23.381538631995834
7272.406,0.0828873789741702,4.197397980588853,23.386207684522702
7277.515,0.07836670768590862,4.197621533022304,23.388396057971537
7282.64,0.07762915103404713,4.197479854453045,23.387182990282913
7287.765,0.08092812932163596,4.1972216628335905,23.382242640954182
7292.89,0.08097451189117835,4.1974257134863615,23.38585543278064
7298.031,0.07855494284288954,4.197684783875404,23.394323516198423
7303.156,0.0832879905288873,4.1977539020452745,23.38847784261992
7308.296,0.07849528773453286,4.197724519663679,23.376123027639668
7313.421,0.07879794225146851,4.197560130437984,23.3845532387943
7318.546,0.07664039010511199,4.197625894369169,23.38262113592583
7323.671,0.07959755597951035,4.197799938010494,23.37580951682156
7328.796,0.08066882486323887,4.197633259090061,23.38020045907171
7333.937,0.07866520949369714,4.197509907286522,23.376186682644025
7339.078,0.07778887380819537,4.197731819429395,23.37644785619369
7344.203,0.07832892324200622,4.197945721121134,23.373030457109504
7349.328,0.08074228768785954,4.197768513587629,23.383084994363394
7354.453,0.07918128860282625,4.197751210885099,23.384051711479238
7359.578,0.07716944379469715,4.198087093484532,23.386410706301387
7364.718,0.0790486113212814,4.19799262903119,23.378809694337246
7369.875,0.08035369282657777,4.1980088341345105,23.378289822061785
7375.0,0.07831895656332269,4.197817745000578,23.380053347530335
7380.125,0.08031494399458651,4.197944991972442,23.374889216145263
7385.25,0.08116009291443935,4.197891713675739,23.37833414038814
7390.375,0.08004140697854907,4.198026164599445,23.373913983928663
7395.5,0.07869245990269587,4.198073975888251,23.36519663182068
7400.625,0.08062167744226882,4.1981312193237175,23.36482019414495
7405.765,0.07769310961667124,4.19817936172194,23.372824967772296
7410.906,0.07687902873507141,4.198248410595754,23.363937497927502
7416.031,0.07766467250476235,4.198161762625017,23.36227387861526
7421.156,0.07968363266529943,4.198110756776378,23.367205723128365
7426.281,0.08117448758419432,4.198098117410661,23.356096368835402
7431.406,0.07860335561508487,4.198246207118048,23.355120482208196
7436.546,0.08178339778845017,4.198478172476644,23.357772923079615
7441.671,0.07633493072862177,4.1981550713699045,23.359617098694734
7446.812,0.07625210404314786,4.19805572625231,23.361228904947716
7451.937,0.07673475106211258,4.19843185479849,23.36154806987229
7457.062,0.0767169814649046,4.198551212003772,23.365729006895695
7462.187,0.07773206407035675,4.1985043241517275,23.3568509901663
7467.343,0.07190074824287947,4.19762188383521,23.36037536508336
7472.468,0.06728587250400202,4.197344188466837,23.363473689597935
7477.593,0.07028239704030159,4.197713664106363,23.367116472128664
7482.718,0.06839304824649567,4.19743976625753,23.364053749496712
7487.859,0.06945494078448393,4.197382338159169,23.36892865112326
7492.984,0.07139887533055059,4.197337645021306,23.353495224888086
7498.14,0.0687084708598079,4.19736282938547,23.357538098848952
7503.265,0.06904479820077457,4.1976249802823915,23.36222313564915
7508.39,0.07133079562578712,4.197239191542455,23.350434497799363
7513.515,0.07002801625949323,4.197447078261012,23.35269138270926
7518.64,0.07039684207452344,4.1974262097527,23.35297850949495
7523.765,0.07188965059702457,4.197454451052178,23.349796203662077
7528.906,0.06816707556124561,4.197468449003433,23.338913744247048
7534.046,0.07219365912264034,4.1973081252060735,23.3372882941182
7539.171,0.0678536364381834,4.1973275854488765,23.333993777893788
7544.296,0.07124127954763644,4.197470706962247,23.33157048643623
7549.421,0.06665017161271765,4.197712668960279,23.332929841977094
7554.562,0.06889097305981313,4.197209466710171,23.333349148953697
7559.671,0.06676028814491157,4.197514605048606,23.33262549729325
7564.765,0.07019391803508102,4.19740807009205,23.324638200528632
7569.906,0.06780937764955844,4.197436055022597,23.332235313937286
7575.031,0.07203834001253573,4.1973923266949535,23.334010764568465
7580.156,0.07038978177769166,4.197460578328127,23.326258832335576
7585.281,0.06860603873293554,4.197654111847463,23.335368759311088
7590.406,0.06953540716266904,4.197376101566771,23.333331462224514
7595.546,0.07042402512173675,4.1978687647922,23.330454904455323
7600.703,0.06815702442334087,4.197588966754015,23.333391489019107
7605.781,0.06929695118546102,4.197549737853814,23.329787889378007
7610.906,0.06963385713306566,4.197708316416947,23.33405433829107
7616.046,0.06800817669394602,4.197556950154792,23.328047523042304
7621.171,0.07121790412502002,4.197487495870604,23.329384630512074
7626.328,0.06974496142977465,4.197370072716879,23.329791917938582
7631.453,0.06862965775086191,4.197555839800754,23.319270156289633
7636.578,0.07005597669796283,4.197573496108365,23.327648955993563
7641.703,0.07011086234239018,4.1977672510440955,23.32920012648025
7646.828,0.07050958357510322,4.197497024120478,23.323070059204735
7651.968,0.070995431248174,4.197748445429309,23.325821157023828
7657.093,0.06912493231335044,4.197759728203164,23.325474963775886
7662.234,0.059947702360927536,4.196757050939221,23.324836267054575
7667.359,0.05486648121604901,4.1967226909619315,23.3264622471565
7672.484,0.057617076314358716,4.1966649191532674,23.316370528125052
7677.609,0.056651513525504855,4.196558603829175,23.328203071328815
7682.734,0.05897922032677249,4.196578131421575,23.32547246197342
7687.875,0.05835239909268232,4.196474740583444,23.32447914029425
7693.015,0.06010319679646158,4.19660933892179,23.31746076125939
7698.14,0.05857868358193621,4.19669398481179,23.310023017184538
7703.265,0.04805642430634972,4.196045114020477,23.32190620222763
7708.39,0.05958289754137767,4.196589329194034,23.31362626534828
7713.531,0.0493678020934413,4.195847204212883,23.309579042816154
7718.656,0.058824840078896615,4.196421256720395,23.318901759675743
7723.796,0.0606346925540219,4.1963683443099455,23.306082015073954
7728.921,0.058156955793454,4.196264383536197,23.307336828079396
7734.046,0.06028382927503074,4.196401578965903,23.30746938131815
7739.171,0.05748797528189391,4.196583225505668,23.303981834602073
7744.296,0.05515805771495226,4.196620602701699,23.304938443707176
7749.437,0.05796930729396379,4.1964740961319675,23.30755980155072
7754.593,0.057138584905947934,4.196568386757543,23.305926708418305
7759.703,0.05983245884975583,4.196422691235568,23.302600980396665
7764.843,0.05944326955001446,4.196684833698804,23.30936148691912
7769.968,0.05793990740819277,4.1964762992473235,23.298623741061697
7775.093,0.06029877725641008,4.19690283341832,23.303868947285434
7780.218,0.05967489727143754,4.196659576800134,23.30557287049896
7785.343,0.058747356393754,4.196667001322966,23.31572481623622
7790.5,0.06270576386423218,4.196667304358969,23.316235316779395
7795.625,0.059824470119350596,4.196629058218785,23.309166626286974
7800.75,0.057370991237192,4.19647813672115,23.31776889153235
7805.875,0.060650498344295325,4.196427910721997,23.318288648747338
7811.0,0.06186046410459951,4.196699193818335,23.31725635527636
7816.14,0.057544844018343276,4.1967233533005555,23.313763953967364
7821.265,0.05852478766757187,4.196611726979007,23.32528795356245
7826.406,0.059601448614800476,4.196625970883891,23.31043936212313
7831.531,0.0587874939825076,4.1965451148137065,23.311391690171668
7836.671,0.05755114424862089,4.19655517716395,23.313885234610336
7841.796,0.05999558757522526,4.196835856986099,23.315709920838827
7846.921,0.05925082243184886,4.196595231724395,23.316294657418176
7852.062,0.05917867103377038,4.19681768363336,23.322535885843727
7857.187,0.060890482626710256,4.19671822789468,23.316201264726914
7862.312,0.060298729527021484,4.196673006809293,23.314407489826003
7867.437,0.04839331528330834,4.195860779063711,23.312818046436252
7872.578,0.05855194331773226,4.196767769452998,23.3130006496507
7877.703,0.04991584745428528,4.195868911188754,23.313620232795568
7882.859,0.06072913655011303,4.196624150941869,23.30217880198347
7888.0,0.059907524643780824,4.196633036333431,23.30159082764801
7893.125,0.060112314299869005,4.1967616057462,23.305784663184628
7898.25,0.05742658051720332,4.1966125221943535,23.304536943047673
7903.406,0.05737971051378957,4.1968417208225866,23.298435196342936
7908.546,0.05761015098591108,4.197037274423296,23.296825633048424
7913.734,0.05855381953288864,4.196690017133445,23.301798047489488
7918.843,0.05913520997597569,4.196751577023845,23.30193112595019
7924.031,0.05661118134750384,4.1970209515577235,23.29405444293181
7929.203,0.06086815620769086,4.19668521240754,23.278927943601172
7934.296,0.05512790007821396,4.196761298200926,23.28274790496867
7939.453,0.057183225378924785,4.19686861157699,23.284362981688833
7944.625,0.055245215272240945,4.196602324805793,23.279815766276524
7949.75,0.056624499892397956,4.197031767280448,23.28291010371308
7954.953,0.049860383113157984,4.195746538986568,23.270040045884375
7960.093,0.0374858540366919,4.195302191962633,23.273292707014743
7965.234,0.05218768243807732,4.195772977603613,23.273154605880784
7970.296,0.03826922998874396,4.194877267330597,23.265736279009523
7975.375,0.05119483998306877,4.195849340208373,23.266063765745656
7980.531,0.06099217838712046,4.196704149867356,23.270951357822643
7985.609,0.05631463820872121,4.196860621679541,23.272618995178163
7990.734,0.05723593492153623,4.196839149370052,23.268299131404152
7995.859,0.06159306195505394,4.196780888080089,23.270462058599282
8001.015,0.058409023235321045,4.196758476774801,23.253114969137243
8006.109,0.059380672694397646,4.197064334561229,23.25790308443604
8011.203,0.05095097275347312,4.196121618528143,23.26425017990338
8016.359,0.055681377813084215,4.1967310704115945,23.257438691541182
8021.437,0.058717101247542355,4.196842060867234,23.25958137556685
8026.562,0.058690335368481804,4.196918499844701,23.254755068948516
8031.687,0.05494457221819725,4.1969521449304805,23.24545651319227
8036.843,0.057406432435083234,4.1971792871143005,23.246509677432282
8041.953,0.05838817058137002,4.197042694746465,23.254361068391823
8047.078,0.05541470452477331,4.197010081655964,23.250140191600263
8052.218,0.05660161978042937,4.197087518320844,23.246132502705507
8057.296,0.057320624054362765,4.1970832219400345,23.24486813484368
8062.421,0.05682790618480123,4.196993093118909,23.24704558387007
8067.578,0.045855831276442036,4.196056829625414,23.242643788351433
8072.656,0.059309033686317174,4.1972147398425985,23.249128502508572
8077.796,0.059615679204130086,4.196966120446924,23.246786505509927
8082.937,0.05613671091045289,4.196902819857464,23.247711655943295
8088.046,0.057456110547070206,4.196936525072784,23.246256401265384
8093.125,0.0565772056391191,4.1971469183778165,23.252959390699534
8098.265,0.06052549568000003,4.1971635741536675,23.254084398831033
8103.343,0.04982238275138632,4.196445804765145,23.252205875612503
8108.484,0.05791650999840866,4.196918931312446,23.256357925143845
8113.609,0.059425489280069584,4.196983475122233,23.25518160238582
8118.765,0.0479270679176987,4.196327583840669,23.246207575087368
8123.843,0.058756080012395004,4.197230797699811,23.244211043742983
8128.968,0.059782530444109104,4.197052195539629,23.25213528203795
8134.093,0.06301075813452069,4.197054034132143,23.259747163374964
8139.234,0.05664565581917092,4.197179224865075,23.26354080463084
8144.375,0.050138792141973844,4.196340235686503,23.262026423991525
8149.453,0.056580343298980235,4.197266184436929,23.257942566743722
8154.593,0.05772338008729086,4.197016607936648,23.254160887871898
8159.734,0.05415838684131883,4.197371097650532,23.257416021351478
8164.812,0.04959948179551541,4.196498371176624,23.26219140559226
8169.968,0.06007715713142525,4.197325493255821,23.259166852675158
8175.093,0.05671747716081563,4.197243281129744,23.263172165761734
8180.218,0.048558092067497616,4.196516302762199,23.25823575472989
8185.343,0.037023177469281056,4.195410556322571,23.25253472479778
8190.468,0.04828717094963231,4.196234375731113,23.240806635668246
8195.593,0.059229808719414585,4.197129951762116,23.249340909344575
8200.734,0.05857936727448439,4.197144600505287,23.23975316747274
8205.875,0.059041083612883266,4.197160015199235,23.237069014280888
8211.0,0.055639879008854566,4.197029299466642,23.245620983948463
8216.14,0.05820629897459776,4.1972805896389165,23.245583896380733
8221.218,0.04524207882607091,4.196647037438431,23.240141352160403
8226.343,0.04652916137744918,4.196361787014742,23.24369280080126
8231.484,0.055688928146239706,4.197297761108498,23.23983386812597
8236.625,0.05770986757958019,4.1971603306035625,23.24765675458681
8241.75,0.056531609329064696,4.197438792448881,23.234392210664975
8246.875,0.05570781212859408,4.197344562714257,23.236316315212868
8252.296,0.055940912162626824,4.197376615678628,23.235268691751358
8257.421,0.058208998753558845,4.1973771370728485,23.239433175462164
8262.546,0.058104604909509326,4.1974060278099,23.234203497797562
8267.703,0.056512695719066516,4.197546278235663,23.232958622149088
8272.828,0.05892540367193717,4.19754148380501,23.233646140188654
8277.953,0.04668222553052468,4.196520721176269,23.2230057241697
8283.078,0.05342949349888422,4.197677046887358,23.2305972319739
8288.203,0.057880474372841814,4.197809701703711,23.226508016752316
8293.328,0.04705499254786689,4.196700196454272,23.221564561575743
8298.484,0.047345389068534624,4.196549328699808,23.221117813274663
8303.609,0.055295910327576525,4.197584777079269,23.217087730208995
8308.75,0.055709299570328996,4.197729617363528,23.218344205369633
8313.875,0.052609929426516454,4.197530756401036,23.219904826598125
8319.0,0.0589007543235968,4.1975961060103115,23.228350899840944
8324.531,0.054589586878362996,4.197633036312132,23.229598938927822
8329.609,0.055894373244560654,4.197784335148961,23.227560408967424
8334.718,0.05831003696655373,4.197826135297234,23.226799405997635
8339.843,0.05745491342294985,4.197682712428377,23.225391797481745
8344.968,0.04727589348565513,4.197114280711572,23.227493640629742
8350.093,0.04699769230125307,4.196958719816599,23.22805144878965
8355.218,0.03737091617509957,4.196054934583377,23.227717822556723
8360.343,0.037627820721553844,4.195984911299874,23.226249613856133
8365.5,0.034601762290995715,4.195726353908711,23.2199526382044
8370.625,0.03769200122396222,4.195887264867259,23.21598058511767
8375.75,0.03901197364147928,4.19578809423298,23.22417898500559
8380.875,0.037444496213211574,4.1955943980457455,23.219348295308787
8386.0,0.03714103805568681,4.195725516797406,23.213701065968095
8391.125,0.0402684723477436,4.1957913644528,23.211868695252004
8396.281,0.036019018443568425,4.195810877205435,23.208017181182555
8401.406,0.03694585831356851,4.1960454273500885,23.21084638207184
8406.531,0.03769841270418639,4.1957906750046545,23.211729420365398
8411.656,0.0346557220694721,4.195745652589542,23.20141633244075
8416.781,0.037637555068772685,4.195646081175281,23.213688897252606
8421.906,0.03676725039457823,4.1955453921609065,23.202814572274026
8427.046,0.04635501976594723,4.196301271917929,23.202946835133552
8432.171,0.04060636725599041,4.195494754084425,23.202441687161482
8437.296,0.047768842047827664,4.196305840738696,23.195611061824696
8442.421,0.05685238258835148,4.197542143429003,23.209073690501295
8447.546,0.0556813309408759,4.197437150087947,23.19204408686991
8452.671,0.054503605737647155,4.197481271482713,23.201817332947012
8457.796,0.05492515332159827,4.197482024874451,23.200483243594785
8462.937,0.054154944124281706,4.197545070676834,23.19968170405877
8468.062,0.05496988357804277,4.197628576817385,23.196904627706484
8473.203,0.05666136156239228,4.197872913677094,23.20389888163033
8478.328,0.05598010114036236,4.1978378670934715,23.200335597120574
8483.453,0.05614642050066385,4.198030812621239,23.202912809671233
8488.578,0.05716831672679831,4.197625498311331,23.20927502790186
8493.718,0.04366882720359569,4.196878513494967,23.206385051376195
8498.843,0.047164358462377855,4.197313979752202,23.22065482115434
8503.968,0.04464010788456483,4.196909452169369,23.221227118266167
8509.109,0.03482717755265046,4.196089769325908,23.21630956212757
8514.187,0.039596985223066185,4.196182440318344,23.22110485824858
8519.328,0.03605561146409965,4.1961226523848705,23.211090274375508
8524.468,0.035745289512509854,4.196213828536548,23.21379990005226
8529.593,0.038746125787728264,4.195928652895437,23.202886685864282
8534.718,0.036167147759262205,4.195857209028481,23.2108738110923
8539.843,0.026945996094056554,4.1951452584772495,23.20512254683531
8544.968,0.037346346076277556,4.195908873703409,23.208975776016775
8550.093,0.03743666432838851,4.195826787314696,23.20051260679295
8555.25,0.03579723284312522,4.19563699304721,23.203018975906698
8560.375,0.03975759595590302,4.196001354223516,23.20175811818083
8565.5,0.0365496632344311,4.195854411505529,23.19884054232803
8570.625,0.03813051499807679,4.1955989738056765,23.192355065856763
8575.75,0.037615950187877036,4.1955199743950145,23.20001955480703
8580.875,0.04581673357989842,4.196626177078738,23.195797817330828
8586.015,0.04860454994198965,4.196547740567456,23.19378193285573
8591.156,0.03863503364802663,4.195796480815338,23.19110523726675
8596.281,0.036053988441399294,4.195661714805092,23.190035598607743
8601.421,0.03797840326778047,4.195826629490103,23.197548415276913
8606.546,0.03708258558133874,4.19564437453508,23.19280696283351
8611.671,0.041064062218755554,4.195726413454669,23.19781227173933
8616.796,0.040245751861108174,4.195630107303041,23.193686766317327
8621.968,0.03553337977855385,4.1960040294714425,23.203284532376067
8627.093,0.03857272325790808,4.195666750962764,23.20051086803287
8632.218,0.03788409009535104,4.195488951492356,23.19820237884306
8637.343,0.047420373947854574,4.196612086060911,23.210957091601554
8642.5,0.04445131149324825,4.196721750657268,23.201238979741987
8647.578,0.047613248047624034,4.1968143887023945,23.192879289263438
8652.703,0.040152466667560484,4.1957169548113225,23.193476820043937
8657.859,0.03726832781162659,4.1958620310667865,23.19236595051504
8662.984,0.03752848308280723,4.195834769313586,23.19325100056651
8668.109,0.035637460803287,4.1960511249386565,23.1882210648264
8673.25,0.036294952483619886,4.195958741076897,23.18288186734502
8678.343,0.03922871105442294,4.195988607923641,23.18179039944836
8683.437,0.03683850344964905,4.195913927090925,23.189309239165475
8688.531,0.039239779663521594,4.195807564837416,23.1947249249049
8693.687,0.038474548576785436,4.195866792815367,23.181041124182784
8698.781,0.037939783011843864,4.19591462043315,23.182298694484462
8703.859,0.03949224483466945,4.1957592090634845,23.174290003711924
8709.0,0.0406917957861179,4.195619305754079,23.17921468486324
8714.125,0.03653443706048482,4.195879629798634,23.187023354714256
8719.265,0.04190192239846463,4.195679790322614,23.183524167340735
8724.375,0.04050344239824206,4.19593111641442,23.18121391718375
8729.531,0.03576329055714356,4.195670138543249,23.179894019468378
8734.609,0.03683091726754318,4.195775747844268,23.175310602258044
8739.734,0.03810058088071751,4.195877963575782,23.170536099052928
8744.859,0.041761411835185315,4.195733905638124,23.18460717417094
8750.031,0.03787113572681443,4.195700218117164,23.17997501478058
8755.14,0.03624284759315178,4.195960529109994,23.163463760468694
8760.296,0.038720956082610454,4.195799563603269,23.172305301919923
8765.39,0.03614689558005529,4.195813850702839,23.17336966767681
8770.484,0.02884113584737255,4.195044832142942,23.17380047012423
8775.593,0.03950084122611538,4.195596658392737,23.165145293061293
8780.671,0.03716733323295247,4.195938357940195,23.181837681216575
8785.812,0.03682890525083182,4.195653328002983,23.184546560472644
8790.937,0.03284074930737584,4.195700256578629,23.190406680247364
8796.062,0.03631257157408238,4.195830661202539,23.183209675951023
8801.218,0.039926011028798,4.195816895732308,23.185423014162385
8806.296,0.036741701192169136,4.195610142480581,23.190494179806993
8811.421,0.037842990054575705,4.195848654019937,23.194335853397813
8816.562,0.03835758092390704,4.196106712880686,23.181948181477715
8821.687,0.03902997911055689,4.1960319383981215,23.190154660657953
8826.812,0.03366841868987277,4.195674351022067,23.186534666581828
8831.937,0.03676421466542756,4.19566818162129,23.18425255271441
8837.078,0.0344940700373075,4.195776007467195,23.190843255589826
8842.218,0.040211842796423064,4.19584225099283,23.18331702150834
8847.312,0.042751328497892996,4.195859468506204,23.178039300158687
8852.468,0.03454883748325488,4.195748776825973,23.185052247819744
8857.546,0.03816341049652411,4.195899859325462,23.171086486386024
8862.671,0.0316511204643534,4.195919930539459,23.16952564300789
8867.796,0.03684922135039914,4.195666398043509,23.17300761581535
8872.921,0.03785279180798741,4.196015222427996,23.172480037655635
8878.078,0.03787277616470368,4.195971025897206,23.172977013799752
8883.203,0.03891371362878238,4.196010944939792,23.170598619891464
8888.328,0.03680384319989978,4.195989386347999,23.181683527810602
8893.468,0.0373729227953674,4.196029154711093,23.176266619214225
8898.593,0.031123411831319992,4.195855707078091,23.17643932680973
8903.718,0.038804067569247626,4.196105730873816,23.16635745371194
8908.843,0.039702390138376675,4.195938712818418,23.170695556807956
8913.984,0.039768150929834004,4.195990864235884,23.169339521729764
8919.109,0.04127097379178186,4.1959455061761695,23.177645652033895
8924.234,0.03853753843255544,4.19605245755907,23.171010086440162
8929.375,0.04072979072483384,4.195956897248476,23.1663145322667
8934.5,0.034024251419950205,4.196138815148712,23.166151927341833
8939.625,0.036620352345677405,4.1960773714351305,23.16713040916558
8944.765,0.03357905180580058,4.196066830551931,23.16301812850613
8949.89,0.03788394745766646,4.195707121213246,23.167727220860726
8955.015,0.033840266059409,4.196354369641371,23.16462787178894
8960.14,0.040313464176873016,4.1959199928805475,23.166275857565555
8965.265,0.037649075135022136,4.196271360121667,23.16802994280524
8970.39,0.03683165045232812,4.196160641334009,23.163346113132665
8975.546,0.03704272472622999,4.196214921472637,23.166567520382944
8980.671,0.035844433155860764,4.196014043616774,23.169538609290935
8985.796,0.036068519552668946,4.196030209711762,23.164068545771585
8990.968,0.038236998875024866,4.1960747806811565,23.166454592842932
8996.046,0.03812433922462069,4.196172815601071,23.164584257386018
9001.171,0.034848343183950796,4.195932605181513,23.164733495740958
9006.328,0.0361259204331431,4.195901479275716,23.163169980550553
9011.453,0.034410777837247504,4.196027416563439,23.1584054317267
9016.578,0.036781943108633953,4.196408879012631,23.14963791500063
9021.703,0.036192548135572065,4.196350280693933,23.151178554599465
9026.828,0.034911603702258216,4.196178350316897,23.16685084234493
9032.359,0.035270539691298,4.196417274158303,23.17168625133848
9037.437,0.03539829690906651,4.1961945837025185,23.163251934244833
9042.578,0.035477026591515734,4.196045700202259,23.162529496505535
9047.671,0.03752310745995434,4.195985131667256,23.177173942539206
9052.781,0.034523496948423424,4.1962333257442905,23.172831877915897
9057.875,0.03864938363658112,4.196292064937014,23.176646647357536
9062.968,0.03298257501899287,4.1962044314133164,23.176371978941663
9068.046,0.03668697843113893,4.196513277691423,23.17976932584485
9073.187,0.03768050779316815,4.196194685940519,23.171709963239408
9078.343,0.03525333949492732,4.196293697757819,23.170131472698333
9083.421,0.035936991830332526,4.196291617963006,23.16042676500721
9088.546,0.03707131970194102,4.1961844668851045,23.164338569292727
9093.703,0.036401452973692794,4.196282169291488,23.166440535346304
9098.781,0.03487430624988149,4.196358355580456,23.17558861523153
9103.921,0.03795561795065446,4.196149393374553,23.174274809829903
9109.046,0.04092370947115417,4.196714757849142,23.1701372974527
9114.171,0.03769299644898059,4.196477289618083,23.169345918859282
9119.296,0.037778459118528666,4.196087875183932,23.176339734384513
9124.421,0.03761647149777948,4.196207499356658,23.16747402589078
9129.546,0.036029595973061206,4.196528137887969,23.168614339257147
9134.703,0.03559465810207079,4.196671802534525,23.16862549497656
9139.828,0.039252297501283166,4.196263742524465,23.172533755681496
9144.953,0.03817245463770747,4.196481430432026,23.176485594456846
9150.078,0.03680079485328293,4.196292002687607,23.16806663515684
9155.218,0.03540177910929716,4.196511292065666,23.164346153355876
9160.343,0.037603390530401536,4.19637376401086,23.16750262958988
9165.468,0.03875899452051346,4.196563206591662,23.171506343028344
9170.609,0.037296109005718794,4.196469438804317,23.165378713156255
9175.734,0.03610194766578896,4.196265653736012,23.153563385732763
9180.859,0.03564616549824531,4.196538338832863,23.160396463207704
9185.984,0.03640859563432639,4.196221202977278,23.161152693663393
9191.109,0.03600937489912163,4.196363395766726,23.15560241419086
9196.25,0.032580192193098045,4.196282589283511,23.1726835796127
9201.39,0.03579014358843766,4.196525691564843,23.166722112868104
9206.515,0.036342372064960694,4.196610008071873,23.16990065415496
9211.64,0.037070454056974025,4.196322776400597,23.167281027491835
9216.765,0.0337609529074301,4.196271825939267,23.16094037762068
9221.906,0.037985090145487795,4.19639681739767,23.16742038637042
9227.031,0.031554904366968395,4.196582000492084,23.172232035661068
9232.187,0.0399127176338702,4.196533067345983,23.165020570242504
9237.312,0.034721267425771155,4.1966224787155015,23.16237663693344
9242.437,0.037294880482576516,4.196665352266183,23.149884365949767
9247.562,0.026911026840786858,4.195825702331032,23.166863332048973
9252.703,0.023348240542982075,4.195513756782058,23.168397074571764
9257.828,0.03675732464351994,4.196405993982474,23.177330280425696
9262.984,0.03477097893262393,4.196364550714188,23.170483064033764
9268.109,0.034238548583856956,4.196337965553072,23.163305439487686
9273.234,0.036888542331637915,4.196594268698984,23.165936782579987
9278.359,0.03549835398790438,4.196765303244573,23.16794030597068
9283.484,0.037230341326006555,4.196846645621509,23.162243576709983
9288.609,0.03510572554412792,4.196677883758152,23.163610435695077
9293.75,0.03263112172690265,4.196468367442506,23.160872875034645
9298.89,0.03421855844314418,4.196715433352877,23.163301896688612
9304.234,0.034441156305955276,4.196503153958486,23.164371631315774
9309.375,0.03571851347924226,4.196716002538706,23.172238663224192
9314.937,0.03589020382978335,4.1964447342013536,23.170213569983346
9320.031,0.036466699574381096,4.196895206930312,23.170401194896034
9325.14,0.03634235452310314,4.196445056035823,23.158356179946352
9330.25,0.025674257452019233,4.19573634606092,23.155235726188454
9335.375,0.030641791448339076,4.195551177021542,23.162117960779955
9340.5,0.026295247225146024,4.195791890088963,23.151640133033503
9345.625,0.023652791000510077,4.195824119055044,23.154412429233453
9350.75,0.026024734611774975,4.195730306549358,23.154064508788842
9355.89,0.021759944640097194,4.195567035145045,23.158507932195988
9361.031,0.02309606841920812,4.195424228980151,23.15233979852343
9366.156,0.036753094292664885,4.1962077359360155,23.157244397003062
9371.281,0.034670548930559576,4.196287816980285,23.158312793426678
9376.406,0.03476597032833716,4.196424760515698,23.142840893008024
9381.531,0.03403812047878299,4.196605159986527,23.153731093274924
9386.671,0.029217551016881848,4.19601279812575,23.145882159144396
9391.812,0.02713131184457801,4.1962512296249095,23.139825200430398
9396.968,0.026451456957032993,4.196046627068279,23.140737084707816
9402.093,0.027125522505264173,4.195392133564248,23.142632730704616
9407.203,0.03434481958768892,4.1965527693106015,23.138486311588213
9412.296,0.03773397337300948,4.196691038775019,23.135468775102776
9417.39,0.03724604332510342,4.196525467587668,23.130946779044173
9422.406,0.03431455680973298,4.196080602314532,23.135842448572948
9427.437,0.03392548181129733,4.196322563316933,23.13245051096983
9432.484,0.03457003382541035,4.196723308871068,23.136085325856712
9437.562,0.03449061710846746,4.196647379367151,23.140072990684054
9442.656,0.03629735951681842,4.1965671920181515,23.136490906181407
9447.75,0.03791496272334816,4.1963137908444885,23.137460415393583
9452.843,0.040193514059702805,4.197009807160722,23.135263856096326
9457.859,0.03783657286060441,4.1968355990671515,23.135729801246
9462.89,0.03492283516248045,4.196547464888005,23.135280726842602
9467.953,0.036862331760769376,4.197032083102085,23.13693344587782
9473.031,0.03593658365158024,4.196625233817352,23.130507234575123
9478.14,0.040527611773908914,4.197097080235784,23.137817737461305
9483.25,0.032917955346584815,4.196639621610238,23.13919764220368
9488.265,0.03461126975569925,4.197019034611676,23.136231501933057
9493.296,0.035384670212194415,4.196464122516981,23.13584130472235
9498.359,0.03416911134914105,4.196699594764592,23.141147427779632
9503.484,0.035827329534924346,4.196993717081187,23.129903859833654
9508.562,0.032552190324831205,4.196867698687966,23.137079589526564
9513.671,0.03597356545818509,4.196861099042335,23.136005738349212
9518.781,0.03535620851675562,4.196494880575149,23.139268602232477
9523.812,0.03832446488228851,4.19683310822483,23.127916063374535
9528.828,0.03403400687521624,4.196782070296513,23.13724372309948
9533.89,0.03650450422493464,4.196940363401749,23.126462681921865
9538.984,0.03339035495674781,4.196794627373931,23.13197038436305
9544.078,0.034716655850485556,4.1965743167682135,23.13501913452964
9549.187,0.03433079634688099,4.1967596322678995,23.131242044944987
9554.203,0.03801386765637349,4.197030593056789,23.126923045484787
9559.234,0.03300220782269339,4.196625202119179,23.122604059323752
9564.296,0.034856103425914185,4.196869777586665,23.12507116468481
9569.39,0.02788616677316403,4.196309235108368,23.129891038315908
9574.484,0.025960879540973116,4.195981560474733,23.124678576175214
9579.578,0.026175905741894614,4.196176518143908,23.133049624964595
9584.546,0.027974646960726563,4.196008923533923,23.135052317011464
9589.515,0.03240416233261413,4.196274847962653,23.135129098756227
9594.484,0.027845679684319488,4.1955154785781525,23.13609037348954
9599.5,0.0327646113614189,4.19691647583811,23.137074774862707
9604.421,0.03990772572292717,4.196418377728514,23.12611689869657
9609.39,0.027708121346420644,4.196522894975129,23.130386870459642
9614.375,0.03313205883877607,4.196435384000255,23.13002788632128
9619.343,0.03839884558287965,4.197217606099959,23.119310199139253
9624.312,0.03417044058276893,4.19692970727015,23.126402557265703
9629.296,0.038331472227463116,4.196894236484278,23.119905626742824
9634.265,0.038701662557545924,4.1967544901490665,23.11108270205627
9639.265,0.03673832941980579,4.1974029974262,23.11948412815448
9644.187,0.03403619030843966,4.196820407355303,23.118646419026767
9649.171,0.03647548393274683,4.196994656050567,23.11105792992429
9654.14,0.04046478676287595,4.1970625691023535,23.11666749529538
9659.125,0.03121425820276449,4.196588804852785,23.123166936808495
9664.078,0.040273949192620895,4.196887476929977,23.121988506022806
9669.078,0.03347092950372208,4.1969726195083386,23.13155748032819
9674.0,0.03598602909258655,4.1971836679017605,23.122432141516065
9678.968,0.033055291453922074,4.197167351474087,23.13043165040218
9683.937,0.03517338831813549,4.19689588466311,23.121317895221857
9688.921,0.03093935783035916,4.196995505391113,23.127159285275543
9693.859,0.03350947847235206,4.197329684554346,23.119193706773704
9698.828,0.036646222714511706,4.197293353329858,23.12057618193109
9703.796,0.035599014269267454,4.197110587879521,23.125175877467832
9708.781,0.03310415837720964,4.197395151757172,23.112196020876908
9713.734,0.032202904874846776,4.197160701746687,23.117682466718566
9718.718,0.03930968655863779,4.197195760283277,23.119783160328033
9723.687,0.034429732729585036,4.197041319917137,23.116807497188322
9728.656,0.03207402772250389,4.197273304095399,23.11534789144123
9733.625,0.03564858763784685,4.19727993919937,23.109656285070738
9738.609,0.03186786706994449,4.197157711953327,23.111704464289012
9743.609,0.03525073175181271,4.197014546699558,23.1078220771435
9748.593,0.03180511483820032,4.197068434621065,23.11072605255592
9753.515,0.034957491629661205,4.1973398277522564,23.12645692013599
9758.5,0.035458814812875605,4.197319631549141,23.12107084231798
9763.453,0.03077706575459046,4.197417875398697,23.120095502220053
9768.453,0.03701115932960953,4.197346331902522,23.11723880057952
9773.39,0.03394293884804434,4.197170973103012,23.11960394502954
9778.359,0.03572051079067105,4.197399323673328,23.11836651140838
9783.328,0.032294722092693066,4.197355440181357,23.110756478894338
9788.328,0.030376253372023487,4.197101255256172,23.101379741252977
9793.281,0.03453454755137377,4.197190403244823,23.10672818043395
9798.265,0.03728510139120239,4.197315488939488,23.105302925571877
9803.203,0.031102827380583342,4.19739562046252,23.11481473628109
9808.187,0.03464077321119037,4.197336370886426,23.117062727855213
9813.156,0.03720196086511733,4.197613071169193,23.111616616568583
9818.156,0.028758220477793514,4.197013762109049,23.112908947007586
9823.093,0.03196319048906016,4.197365545378736,23.118814697452713
9828.062,0.033585789300816196,4.197699218730184,23.11646192598657
9833.046,0.035947654757412614,4.197635476044104,23.10458169643272
9838.031,0.03364048118449251,4.1972362065920255,23.097500126501195
9842.984,0.030501999921263862,4.196973731362948,23.10446635809038
9847.984,0.025676112462272357,4.197179021130754,23.100680654354566
9852.921,0.03021485872822205,4.197441783248071,23.107077740880722
9857.906,0.03462646108878088,4.197433799929115,23.098864420787972
9862.875,0.03302619161623055,4.197373709453,23.097764505516334
9867.859,0.03876629364656571,4.197708543396531,23.097385075358204
9872.812,0.03262577397255859,4.1975436058028315,23.098701922256776
9877.812,0.02950885402991035,4.19744108926193,23.10622334219901
9882.75,0.03396673160343711,4.197510001235202,23.101206912498345
9887.765,0.03974920029403756,4.197471435026598,23.105741322993516
9892.703,0.038143314588203775,4.197654871005398,23.107913170599456
9897.687,0.03978056696332723,4.1977751952021185,23.099797322619278
9902.656,0.03474294724001924,4.1975328079133005,23.10555374144124
9907.625,0.03863935653579136,4.197999206904083,23.10865661301125
9912.593,0.032578876051011736,4.19741234311706,23.10976590751927
9917.578,0.03369406687511647,4.197793777371883,23.105162105065073
9922.531,0.03439128821632499,4.197189727423725,23.11003350692923
9927.531,0.03445995341550642,4.197556173205345,23.10966454936114
9932.468,0.03713722428092678,4.197340266450451,23.106294548787464
9937.437,0.03373253382070751,4.197875870984345,23.09969910930549
9942.406,0.030693859856872698,4.197704503860633,23.100972578811366
9947.406,0.03212655217009688,4.197940559904525,23.097594741751767
9952.359,0.03435890432563713,4.197235742129443,23.10274364407265
9957.328,0.0337796253537848,4.197594125957879,23.1022853054724
9962.296,0.033206746273924906,4.197427614957105,23.09679858228014
9967.265,0.033889043202793546,4.1974356848782906,23.096634943044833
9972.234,0.033516421950261464,4.197683106943329,23.102469063015484
9977.218,0.03323495683326382,4.197456619302597,23.1060797785185
9982.156,0.030608666386839397,4.1973466211189985,23.095090284952793
9987.14,0.02934400344091345,4.197879561661974,23.100450817928294
9992.093,0.03059009724053326,4.197529646385692,23.105615003608925
9997.093,0.03725625304431608,4.197873882157175,23.0961203742574
10002.062,0.03507244070315942,4.1980820398359056,23.10745008894501
10007.046,0.035157162128250076,4.19770969503146,23.098255175991543
10011.984,0.036001561813718434,4.197908436753978,23.099189381106328
10016.953,0.035039166258611226,4.197621844352483,23.09906597835676
10021.921,0.03151989991497159,4.19782752031362,23.092414293333093
10026.906,0.03374337759029899,4.197840111926191,23.085443013867494
10031.843,0.038134485683227616,4.197600123196702,23.092200866569836
10036.828,0.03331199108759522,4.197669318241253,23.079442739190593
10041.796,0.038454741946567055,4.198193458711821,23.08426282718762
10046.781,0.020855737570924876,4.196857539202368,23.081339584874218
10051.75,0.023008028670738184,4.197007405182685,23.07977488369447
10056.718,0.025258190362811902,4.196578820878871,23.078459824514745
10061.687,0.025785168431215685,4.196933019358253,23.092822419233265
10066.656,0.025878146853394193,4.197278712384144,23.086736428590598
10071.625,0.02623545910680552,4.196902740792417,23.0882956627997
10076.609,0.02302876178047965,4.197119448620263,23.09041341579316
10081.578,0.02262325401295717,4.196785184217375,23.089207961952777
10086.546,0.023016895816507704,4.197037181273691,23.08577734446205
10091.515,0.02690860766870899,4.1969172717871315,23.092392938791374
10096.531,0.02071430573072994,4.196874909637898,23.078654861685777
10101.468,0.021069554919981456,4.196827189234211,23.08125578456864
10106.437,0.023888368098772112,4.196918491359288,23.084492033651003
10111.406,0.022164612638532755,4.196703677276186,23.087032774735082
10116.39,0.020747277550140112,4.1965549645722655,23.08520525172313
10121.359,0.02856900798496354,4.196874068028631,23.090776175368685
10126.343,0.025756811804291662,4.196487005538183,23.08742042648735
10131.296,0.02186927964951059,4.197070278706913,23.08876052657814
10136.296,0.02192797078990666,4.19698023723719,23.095420796711377
10141.218,0.02395922280203419,4.196702274397455,23.088158876381396
10146.203,0.02433604871265492,4.1968676270206755,23.09086931644085
10151.171,0.02313419655320102,4.1966756077802545,23.092294152860166
10156.156,0.024199177430590437,4.196765295586602,23.09475039615262
10161.109,0.01987495180586016,4.19680855365581,23.096796794869736
10166.031,-0.004142172248860827,4.173813235915521,23.109668121915128
10170.953,-0.0026462817141709926,4.181888133933365,23.144208769263873
10175.796,0.0011046616927074312,4.1840500680775,23.16931349299591
10180.718,0.0013926256942049325,4.185644614440589,23.175269328163136
10185.625,-0.0016040093335414137,4.186309300613176,23.191366405716835
10190.468,-0.0005981341394253289,4.187108432483568,23.187214615866754
10195.406,0.00011433440149861294,4.187340851129096,23.191993671448344
10200.312,-0.0022323923689688873,4.1879351921210635,23.18123877928111
10205.156,0.002942874870408027,4.18808701325526,23.179667181948073
10210.093,-0.0014508130602089212,4.1883877283201185,23.180891302816903
10215.015,-0.0005917280914147869,4.188657013475466,23.172733277552254
10219.937,0.00024870064022582404,4.1887751708190155,23.169372651871992
10224.843,-0.0002836953690715981,4.188762308822346,23.170497168305634
10229.718,0.0005576010034164457,4.189197974015289,23.170315049887975
10234.562,-0.005167199742916438,4.189276760365795,23.17471187759708
10239.484,-0.0032036859381553103,4.1889208294619324,23.170951513575023
10244.39,-0.00041825116451853125,4.18957416360716,23.169292174613364
10249.265,0.001656111764566767,4.1895191137696814,23.171592849836202
10254.093,-0.00397859254785698,4.189372070188126,23.17768131440915
10259.015,-0.0020855173878250107,4.189386435686634,23.178284008123345
10263.937,0.0010673454845433492,4.1894181787356235,23.188585917897317
10268.765,-0.0022555740763746043,4.189599927146462,23.185753537414268
10273.687,-0.0026543037866671956,4.189527801240415,23.18200212762297
10278.593,-0.0003622479024181674,4.189594731823975,23.170119599099955
10283.437,0.0007495948362749909,4.189878538375913,23.15979314970196
10288.375,-0.0019204417137255422,4.190005276464031,23.167708125566943
10293.296,-0.0023664984570588685,4.1898130423146025,23.167823133088536
10298.125,-0.000795332283108525,4.1896761223698755,23.164102844070875
10303.046,-0.0009331234375964185,4.189805476182992,23.159536994469427
10307.953,-0.001809702646113415,4.189911533301668,23.165945463555314
10312.812,0.0018302604936376958,4.1897295253148314,23.161120094404726
10317.656,0.0007304963868642074,4.190115733253963,23.158997068882535
10322.562,0.002290789515158251,4.189857829831982,23.15003612550869
10327.484,-0.0021150991570422937,4.189880726818064,23.15425312677416
10332.328,-0.00038036265940867515,4.190041482916826,23.15854941036074
10337.234,-0.0006812433415107386,4.190035677703751,23.15613386623792
10342.156,0.0008938784846644301,4.189997677364332,23.163540572779286
10346.984,-0.002192119770325467,4.190188156669546,23.154738471333335
10351.937,-0.002293522923737885,4.1899315608094865,23.153215266730637
10356.843,-0.0011835955000698165,4.190033146602902,23.153080224204455
10361.687,0.0009519728510407614,4.190008194488896,23.1476119102835
10366.609,-0.0010193641241288281,4.1900941872921065,23.163059127252147
10371.515,-0.0014185419317936285,4.190148277662398,23.158395454672732
10376.39,-0.002559623504838733,4.1902522561941025,23.162796218482406
10381.312,0.003339839034433088,4.1900712587469275,23.161851278012108
10386.218,-0.004092321523979908,4.1898982677575765,23.15850748480813
10391.093,-0.0012466991216659204,4.189980095681693,23.15410042113944
10395.921,0.001364114603034733,4.19007519474583,23.15188795971177
10400.843,-0.0020820416250535347,4.1900149809444684,23.151563575081997
10405.75,0.0010701375251214102,4.189837687948089,23.149401622585096
10410.578,0.00024616991439266545,4.189916379651106,23.153661150321685
10415.5,-0.0005493560983038166,4.1898119778408205,23.157931055792204
10420.406,0.0010362314821621404,4.19009812392731,23.14711230558175
10425.281,-0.0001636606651964127,4.189909247767121,23.145547923095084
10430.203,-0.0012066806624270088,4.189964211210496,23.151903969415518
10435.125,-0.0026786548333763136,4.1896954563836335,23.14253634879092
10439.968,0.0030629841277723625,4.189926977465029,23.14776219948127
10444.89,0.0004778682329391927,4.189882176025632,23.137662568796664
10449.781,-0.0020808893629779565,4.190200656929645,23.137033933198957
10454.656,0.00029275695635092464,4.1899582106726,23.141680515363916
10459.5,-0.0022850754474883265,4.189865719527671,23.131547946902824
10464.421,0.00364214085989444,4.190041233068792,23.13026948656118
10469.343,0.0012955009824831504,4.18946040180172,23.140452199097872
10474.187,-0.00016125160173483745,4.189963423866452,23.141172112526107
10479.109,-0.0004151411925820792,4.189905711827955,23.136869112186062
10484.0,-0.0014456258916262304,4.190039556482519,23.134532097296653
10488.875,-0.0034864049860603417,4.190055996923111,23.139865204746524
10493.812,-0.0032300212068598084,4.1901076812154345,23.13531670941298
10498.703,-0.0020207617684378084,4.189946726985719,23.142408499733094
10503.609,0.002822585929321101,4.189929025428671,23.14086384816275
10508.515,0.0010304760668205448,4.18988119972441,23.145870463869937
10513.421,0.0008621761907604642,4.189851386084868,23.13347784807662
10518.296,-0.0017714157462846217,4.189960986613426,23.14244349957146
10523.14,-0.0011824138721624007,4.190162588839664,23.143988391184966
10528.078,-0.0038272957514811326,4.189882261939863,23.139892031195416
10533.0,-0.0006044938965230402,4.189675787560752,23.148655413008413
10537.828,-0.0005280387781750421,4.1895339606696735,23.142467548321513
10542.75,0.0010878795426286839,4.190036099594934,23.135304432504103
10547.64,-0.0026092983483524852,4.189806691666173,23.133819812454576
10552.515,-0.0014648037610644,4.189895394428184,23.13472162361644
10557.359,0.0004569154773216302,4.189842453234541,23.134126068845028
10562.281,-0.0011256576305607958,4.189652221227647,23.13641135912978
10567.187,7.120644948916726e-05,4.1899282723366955,23.13747236737131
10572.031,0.0005190250313113967,4.1893724955332665,23.144454322450763
10576.937,0.0016862990512048967,4.18953079245055,23.14478100663149
10581.843,-0.001987507927560859,4.1899615776613,23.138572900547132
10586.687,-0.002419434256986634,4.189801400755836,23.137781378946467
10591.625,0.0018940669757255156,4.189679037432839,23.139071943963806
10596.531,-3.3147474315413944e-05,4.1896786981065155,23.124037532043623
10601.375,-0.0021372530187364186,4.189546889064764,23.129961095267504
10606.281,0.0017679052128072878,4.1896629089385335,23.131755634834946
10611.187,-0.0005167987448508166,4.189542439235285,23.123735150357703
10616.062,-0.001373391969423126,4.189638652717536,23.133052469985866
10620.984,0.0010998106195665696,4.189607317758484,23.12494439471398
10625.875,-0.0008697773545662242,4.18988281567949,23.113283934329765
10630.75,0.0006683852486989183,4.189459969892372,23.121305692416755
10635.578,0.0002977875146410782,4.189664325186448,23.125306651333812
10640.5,-0.00021942681968948455,4.189771942725919,23.11854574022126
10645.406,0.0012274270632169984,4.189538219098295,23.116331998105867
10650.234,-0.0006331860857789655,4.189707934944526,23.12088572579159
