time,current,voltage,temperature
0.0,-0.003783899021369564,3.442431271985188,33.35597362804456
2.4529999999999994,-3.5432384844038793,3.139417089797943,33.3018848477773
7.109999999999999,1.5143169951135902,3.525773658933748,33.303515158631484
11.61,1.5151116693184132,3.5616063000379223,33.28234013685286
16.046999999999997,1.5170622922141792,3.582826762822017,33.24100393433909
20.469,1.5170052571305013,3.599974001992584,33.19515818986179
24.891,1.516000232713429,3.6152830310857222,33.14578415624477
29.328000000000003,1.5150863148039382,3.6289448053855398,33.07878718259427
33.766,1.515539830340512,3.6418877818374185,33.01760854248757
38.188,1.5158162433256717,3.653375001902451,32.95071137989702
42.641,1.5167453422900383,3.6641171301673405,32.89272074403551
47.063,1.5192099121253457,3.6739515126484528,32.83233931102742
51.5,1.516914296578126,3.6839350747283275,32.751768792839435
55.906,1.5139852707227364,3.6927310513908376,32.68553575369207
60.328,1.5177344050237407,3.701314738233049,32.61696614231398
64.735,1.5128976186852117,3.708878423375117,32.549396353455386
69.188,1.5136454489393898,3.7170170095435244,32.47972271883666
73.594,1.517410249965727,3.7239665079882442,32.42658675749315
78.01599999999999,1.5166345541496347,3.7308565831220015,32.3610938421947
82.422,1.5185979404576766,3.7371397297337223,32.301146108209075
86.844,1.515001350145844,3.7434286846979217,32.23863861738105
91.26599999999999,1.5171383266122151,3.7492568316986383,32.184276316664366
95.688,1.5142809990290433,3.7548109280026627,32.12222212819076
100.11,1.5154919445789443,3.7606658472261216,32.05979352344973
104.51599999999999,1.5195428793999173,3.765937955074998,32.00305025662578
108.922,1.5165524737878193,3.7706616709794165,31.94633569608046
113.375,1.5146396181849624,3.775540004515073,31.876348455746214
117.781,1.517114419857476,3.78059693224781,31.816296381670412
122.203,1.5168941538011287,3.7847104944558434,31.754723610928515
126.61,1.5176087370714404,3.7888408429084306,31.70582417737839
131.031,1.5154675714982069,3.792963747292943,31.648657538928134
135.438,1.5170276033774814,3.7964510921778607,31.595068473193148
139.86,1.513915105846901,3.8001388033851984,31.53143664835869
144.266,1.5196347757541693,3.803523020909932,31.484528465509428
148.672,1.5133475210644542,3.80630875941913,31.42899461008769
153.094,1.5137831672089987,3.8096246390047868,31.37584837203501
157.5,1.517988317800505,3.8121920572325116,31.325991232252022
161.922,1.5140930031832784,3.81497416768702,31.277107584587764
166.328,1.5180373064286612,3.8170123468332164,31.225415939506966
170.735,1.5174619045618374,3.819185245445335,31.17053663107704
175.141,1.5209395443643974,3.8210186809788156,31.12679367421542
179.547,1.5161475968916014,3.822989594692124,31.081942480498938
183.953,1.5147401419274533,3.8246793912519856,31.042508493916166
188.375,1.516635916087788,3.826172755552315,30.988984696276052
192.781,1.517308597881264,3.827557005796684,30.945466156819137
197.188,1.5145404128038968,3.8293219754710566,30.903717174544145
201.61,1.5145383994969028,3.8302542675883684,30.850461342469607
206.016,1.5174778071055595,3.831694407992778,30.802606442815495
210.438,1.514992960145393,3.8329520753517787,30.750551575515935
214.86,1.5140362662720062,3.833998951995935,30.71365661623043
219.266,1.5154703818234805,3.835237317120545,30.67200095517505
223.672,1.5148268811069587,3.8363428235085055,30.63114415957835
228.094,1.5182114046526356,3.837435133584236,30.58370485305523
232.5,1.5179541898052051,3.838575126836372,30.540707376912703
236.922,1.5119127209840488,3.839446836107297,30.495621842398258
241.328,1.5178951333100559,3.840798851292262,30.4520714744157
245.766,1.518062833245812,3.8418468821523524,30.419836799075153
250.188,1.5154986837197915,3.8431920550132492,30.38594637399706
254.594,1.5164207966424827,3.8441698769694175,30.34209396869111
259.031,1.5163586805931137,3.8454222959358257,30.29756779171978
263.422,1.5133531195066117,3.846629641282413,30.26785754587373
267.844,1.5167399046113346,3.8478750845100644,30.219485750495764
272.25,1.5120626274222362,3.8489592006227156,30.188180723080364
276.656,1.515417007236066,3.8501189143287875,30.151241096705014
281.078,1.512649038628851,3.851667181678848,30.11985966102102
285.516,1.5135544663809055,3.852560931104554,30.07778869944391
289.938,1.5164995238141883,3.8536513109566606,30.040030185243978
294.344,1.5165798920482945,3.8548319048136697,30.011804391137254
298.75,1.5164296665273098,3.856168952302358,29.971430456918707
303.156,1.5179047797284952,3.8572032356839276,29.939331587074758
307.578,1.517060221933937,3.858071216485483,29.9108754006591
311.985,1.5135853835617883,3.8593778643379846,29.869100428758603
316.5,1.5158524770110942,3.8606275639920904,29.832662372056976
320.938,1.517725220224546,3.861938191229288,29.818141122182446
325.344,1.5170277727141461,3.8628256471039464,29.776502207048356
329.781,1.5153914034195166,3.863973450195966,29.74905530293202
334.203,1.514481796933854,3.865177431313495,29.712501228092172
338.625,1.5190439045262702,3.86633343126673,29.676066590641643
343.031,1.517694967426871,3.867259262739725,29.63949495340532
347.438,1.5148882897110196,3.8687306790300102,29.608350578694786
351.86,1.5137864804102215,3.8695016314179256,29.573749026481874
356.266,1.5169350259759808,3.871043463932229,29.557883870390324
360.672,1.5124005804289935,3.8717339442216234,29.52667310604186
365.078,1.517210241217577,3.872893424335662,29.489589501736646
369.531,1.5132583198486804,3.873930133149443,29.459142223732922
373.938,1.516384058141764,3.874993959133624,29.427907786035387
378.36,1.5154585758810195,3.8760199641546547,29.396973521084615
382.797,1.514281677938658,3.877112879872625,29.368575490353646
387.219,1.516951787930502,3.8782905262759932,29.344179821245895
391.625,1.5172916746006029,3.8792461511508654,29.316953074733668
396.031,1.515844478412534,3.880501484730352,29.28766935447147
400.453,1.5152335829624417,3.881639859208248,29.251142164800143
404.86,1.514844506462608,3.8826931441421966,29.22673737671141
409.266,1.513601812669426,3.8833060286383025,29.20769692791758
413.672,1.5180970651939054,3.884702218568902,29.17944219841272
418.094,1.5160620681526573,3.8855818706186764,29.159401832410538
422.531,1.5176157770054308,3.88668342323967,29.129760345103243
426.969,1.5150503062046587,3.887823000151376,29.106089042382113
431.375,1.5140894267204605,3.888756862259545,29.074033453217034
435.797,1.5118455988692476,3.889901394276344,29.05207192072466
440.203,1.517285869377837,3.890919591679584,29.026443600162274
444.61,1.5144938265777406,3.8917276115717234,28.99858103471529
449.016,1.5143861608505937,3.8927323876115993,28.971947318677376
453.422,1.514716723240598,3.893874419911234,28.949780279377745
457.828,1.5153661899893132,3.8947511534518884,28.91678708075153
462.25,1.5138584134439093,3.895601582691938,28.9011333724287
466.641,1.5135975830160893,3.896464673957898,28.877210488141284
471.063,1.5153175797382759,3.8978096362518952,28.856388804124602
475.469,1.520137494733614,3.898993900916489,28.839751600246757
479.875,1.5132249804899502,3.8999441629079037,28.800957703668605
484.281,1.5137742130634728,3.9003870091909714,28.78311644895392
488.688,1.5130094947250998,3.902084411721247,28.7531990122305
493.11,1.5132011661214053,3.902383399280902,28.72590071689943
497.516,1.5160906641849565,3.9035188479557283,28.698206526826066
501.922,1.5153602193904352,3.9043574730618134,28.68579802980903
506.328,1.5194422514952315,3.905406022691367,28.653697065478156
510.735,1.516372214969928,3.9063393433398805,28.63516905811071
515.141,1.51456522141154,3.9066966109579426,28.620606381097545
519.547,1.5149619882788017,3.907672498842159,28.60530772701488
523.953,1.5123991556056546,3.9084132448712587,28.57621761864785
528.36,1.5186821286204866,3.909075037233986,28.566206412322334
532.766,1.511433728117764,3.9108944489809145,28.545348823888467
537.172,1.519847177858739,3.911444725355779,28.523084080850946
541.578,1.5164107483128828,3.912060735849883,28.503822336669018
546.016,1.5177297207200082,3.9127826289805063,28.481912397824004
550.438,1.5177550632110277,3.9138145511344837,28.45528453689164
554.844,1.5160671245364608,3.9146532689776494,28.43698510333647
559.25,1.5182297480733835,3.9153880070061224,28.41616122250335
563.656,1.5120821523602537,3.9160322740620077,28.405911609542894
568.063,1.5162911439566031,3.916676156253838,28.38723637593836
572.469,1.5149279126255786,3.91751296890622,28.35639617870922
576.875,1.5186414375535835,3.9182914300929803,28.338348734430042
581.297,1.5132074488970129,3.9193076914446405,28.32985875458572
585.703,1.5155569854135233,3.919706730427903,28.297445043635147
590.11,1.517441980590729,3.9204756513195846,28.275043909183136
594.531,1.5119408402230374,3.921477266880206,28.264864065721692
598.938,1.5163265545249922,3.922079648756817,28.24568785350463
603.375,1.5179018243235918,3.922900454400672,28.225758778564295
607.828,1.5137225670842307,3.9236863047880077,28.20966402258963
612.25,1.5176659528462362,3.924112560118279,28.188643444494435
616.672,1.5171887446481358,3.9247205878661284,28.170595737902175
621.11,1.513899872695966,3.9256178985870083,28.149006406442624
625.516,1.5152109257210957,3.926196300734988,28.143766531451234
629.922,1.5137151593717684,3.927077924249531,28.119412058381393
634.344,1.5162081038728845,3.927531550686206,28.10523294825449
638.75,1.5166542220190085,3.92833422510816,28.083474593572245
643.172,1.5166430048960322,3.9290602901363174,28.070909145607985
647.578,1.511650359199991,3.9294188095300098,28.05305703982168
652.0,1.5164275201137496,3.9301253121017936,28.03930256729108
656.406,1.512490180915562,3.9307604480258225,28.01924954801913
660.844,1.5126644606552517,3.9316370919034025,27.995548090864766
665.25,1.5155493390216666,3.9322866186390475,27.974029799853913
669.688,1.514297052849719,3.932688180274129,27.955938495512914
674.094,1.5168191478809192,3.9334343098665405,27.934515128634
678.5,1.5160220428603535,3.9338357994177344,27.918115294906883
682.922,1.5181486119571241,3.934697348082735,27.91039542024916
687.36,1.5144161503417908,3.935141152892916,27.893512146669863
691.875,1.5155787835050736,3.935915396499358,27.874866585539703
696.406,1.5154827956287138,3.936673606691743,27.855356854554078
700.828,1.5176284722207318,3.937235426793216,27.842051309842983
705.25,1.517710375715479,3.9376038550832866,27.82699990713065
709.672,1.5122684249788962,3.9381891154495667,27.80604413026126
714.094,1.517763813736261,3.9390168195511155,27.80278204515432
718.516,1.5177776749160616,3.939549447191232,27.793588634462395
722.922,1.5146768543593514,3.9400883259474706,27.781708238274636
727.344,1.5175956084479028,3.9406324541462294,27.769913993003442
731.75,1.5156450204462593,3.94105646851676,27.754337820993076
736.156,1.5174478528297464,3.9414303737429326,27.734159296419676
740.578,1.5159421319417057,3.9419030796959555,27.732655084828618
745.016,1.518971423669174,3.942486166852882,27.709726266287944
749.438,1.5143458361408009,3.943363313010579,27.690282345545533
753.86,1.516223821515636,3.9435681393927187,27.684389201018522
758.266,1.5154493336876718,3.944231127383071,27.670484568096047
762.688,1.5158826622808463,3.944720546106373,27.66599533136477
767.094,1.5154424826195527,3.945112031932463,27.64547442107494
771.5,1.514099971309957,3.9456969709320484,27.646423295455886
775.922,1.5162662392555406,3.9463551733093523,27.61997109046856
780.328,1.5164361004037306,3.9469780000421757,27.60861804213383
784.75,1.51268592501666,3.9475629921961137,27.602366135821992
789.156,1.5151554987111215,3.947902790414392,27.584958406328834
793.563,1.5147574895397071,3.948173540509527,27.568612398033885
797.969,1.5147637227802417,3.9490274733647017,27.56611798075388
802.391,1.5156332861100126,3.9493023627358177,27.560903393687937
806.813,1.5156090514977762,3.9497609692435742,27.540741745963512
811.266,1.5170658132308552,3.9503411324986692,27.533308015038532
815.688,1.5136112856836939,3.951168753141874,27.508269727738934
820.11,1.5144698546521127,3.9512622183464727,27.49980041712183
824.531,1.5156606873254097,3.9517368702568096,27.47932150543577
828.938,1.5162983000489654,3.952378213215458,27.466572201629518
833.344,1.5160091491367667,3.9529098524638395,27.459839136456605
837.766,1.5147658579954109,3.9532884071639773,27.45834176197786
842.172,1.5157938048239237,3.9540297986701574,27.450520721816623
846.594,1.5146566400047914,3.9544223915724506,27.438894828755547
851.0,1.5158597549481259,3.95472489614628,27.42821274481779
855.406,1.5145544355524825,3.955236779968145,27.413783476321814
859.828,1.5131037756446624,3.9558974316061675,27.3945079240063
864.235,1.5143413937358867,3.9562099068717766,27.38676882921399
868.656,1.5159880631029874,3.9569280054712466,27.37541340268444
873.063,1.5171380427529353,3.957375426760166,27.368976954923994
877.485,1.516836658238968,3.95785395865305,27.35667289215478
881.891,1.5145092457961045,3.958255108344375,27.345828574187653
886.297,1.517361809590712,3.9586238051269076,27.332953470535323
890.719,1.5198649981047505,3.959386657234513,27.3247206624599
895.125,1.5165867581303616,3.9597055833100927,27.31584040260558
899.547,1.515445796102129,3.9600479673208175,27.30932609501101
903.953,1.5141209612787292,3.960935276890485,27.29682451690992
908.36,1.517927138415012,3.961073888854354,27.29303126822717
912.781,1.515005429605772,3.9617692714705584,27.28937716205866
917.188,1.5146466550990287,3.9622791546361156,27.27811942992551
921.61,1.5127126777959212,3.962762808975735,27.272752367012338
926.031,1.516446133892119,3.962932900681428,27.26400767662026
930.453,1.518340566829909,3.9633034451884277,27.252577597413246
934.875,1.5174113378394496,3.9639033064188047,27.242638732569063
939.297,1.5150690602329084,3.964710998048667,27.231189620425322
943.703,1.5175422502460947,3.965098160320279,27.226888237524875
948.125,1.5199541138982424,3.9657065153413655,27.218119765544433
952.531,1.517059036347052,3.966471657983205,27.201259196747348
956.953,1.5165589611471317,3.966878804253052,27.198743581730497
961.36,1.5120317047797531,3.967361471468862,27.1889452944495
965.766,1.515862076754302,3.9675678468576985,27.179627443580863
970.188,1.5174745495404687,3.9684171802384904,27.17488296528253
974.61,1.5212369666727195,3.9688400014367273,27.168524827068524
979.047,1.5157410060318142,3.9691617338852723,27.158610128634045
983.453,1.5126799783696157,3.9693452248390133,27.15622915122825
987.875,1.5165495594556264,3.970315088626673,27.141761104284374
992.281,1.517842818602779,3.9708603334747994,27.12548962463881
996.703,1.514917302535739,3.9711951926185742,27.11298718867382
1001.11,1.5159282877272307,3.9717543059333504,27.10788520104933
1005.516,1.5126531525982791,3.9723379541590083,27.112733964791587
1009.938,1.5168517981046465,3.972867766129594,27.109554096980574
1014.344,1.5156024083010526,3.9733183054345838,27.101578370866683
1018.75,1.51391973819417,3.9736832017676615,27.091440476760496
1023.172,1.5156709239013098,3.9743245540498267,27.08500093226871
1027.61,1.517413673873663,3.97492815086411,27.09163824110792
1032.016,1.5162390563098327,3.9752059807605287,27.07859492628838
1036.453,1.5154951095363227,3.9759931383241005,27.071152389383656
1040.86,1.5143887688230022,3.9765515020876983,27.069198471451035
1045.281,1.5154591259501187,3.9769210730293727,27.06387089541021
1049.735,1.5164361834171245,3.9773924865764987,27.051399101798694
1054.172,1.5139871351676497,3.9778264551158435,27.038559922956956
1058.594,1.51345370973622,3.978512358942068,27.03604991632446
1063.016,1.5169895044391706,3.978946585814114,27.03296472647698
1067.438,1.5154464637390201,3.97964741365661,27.021886067696524
1071.86,1.519301047249514,3.979926204262342,27.019838768334527
1076.281,1.5156089440894693,3.9806868098410133,27.02294538129809
1080.703,1.515630903813692,3.9809295435177354,27.025235800503953
1085.125,1.5165076341212291,3.9813227708785526,27.00933467890491
1089.547,1.5152875392282519,3.982135520751798,27.003029130046087
1093.953,1.515110217550611,3.9824255614892192,26.99788601514991
1098.391,1.516215405487687,3.983001677281909,26.982324937198786
1102.813,1.516753505937658,3.983406290964653,26.97642216020724
1107.235,1.5174138650142386,3.9840526956372573,26.968966535327155
1111.672,1.516967566453325,3.9845597365656342,26.963074702495
1116.078,1.514754110836477,3.985242229102745,26.961333921172074
1120.516,1.5165312953154777,3.9855965271474285,26.9554300354956
1124.938,1.5155444283864492,3.98588221924227,26.95210805534371
1129.422,1.5155959304157474,3.9865270274527616,26.945613362287272
1133.844,1.5149041395682863,3.9869222270169806,26.94215259115104
1138.266,1.5151687592048597,3.9874546592042637,26.939513002953614
1142.688,1.5176319091236263,3.9881165694082426,26.930949236167685
1147.11,1.51456591374434,3.9884179555530794,26.93085579562724
1151.531,1.5157803914684882,3.9888285970677155,26.929875723120265
1155.953,1.5155955249521338,3.9893968916551708,26.92279835241301
1160.375,1.5125971324181222,3.989967434029108,26.919076562846453
1164.797,1.5164616458502185,3.9902580870128865,26.919861042815764
1169.219,1.5138392974446262,3.9909324357985327,26.908681629656236
1173.625,1.5161745674397251,3.9913420672983704,26.90288446862329
1178.047,1.5158696064045745,3.9918093442876916,26.894831016141477
1182.453,1.5175785463863185,3.992447023479646,26.895564063218554
1186.875,1.5154605459100814,3.992979267615163,26.89147318919241
1191.281,1.5147745759339324,3.9932814455134933,26.895352074663297
1195.688,1.5160174128118693,3.9937814296384513,26.889034560384804
1200.141,1.5166496771766025,3.9941502425024806,26.89063636007404
1204.578,1.5153802782043457,3.9948659161981417,26.879420051566427
1209.016,1.5163469079454301,3.9950114092613567,26.875018710824673
1213.422,1.5123538014724782,3.9955602786843483,26.868921886287062
1217.844,1.516290176624532,3.9960567340143744,26.868791025975263
1222.266,1.5172660066831338,3.996497912804896,26.859912266390754
1226.688,1.5159586787178123,3.997034862682922,26.851999154627215
1231.11,1.5143639050612527,3.997623889932358,26.855095546563582
1235.516,1.5177516421930222,3.998126617285418,26.856438911821634
1239.938,1.515729714265516,3.998285485956353,26.860669915236905
1244.36,1.5163175576897931,3.998809377299807,26.857439123879427
1248.781,1.5168259758363039,3.999738997867392,26.85180808341941
1253.203,1.5164285339049755,3.9999872467535877,26.853922697195472
1257.61,1.5145901937861168,4.000621504647865,26.841576012530986
1262.047,1.5142203672960313,4.000677858409158,26.8306080899879
1266.469,1.5148230958742759,4.001227450122998,26.840327541741885
1270.891,1.5160916387927204,4.001583116537765,26.829453444642155
1275.313,1.514409633509001,4.002198778300374,26.829536770622532
1279.719,1.517814394150999,4.002528298781855,26.827954738093283
1284.141,1.5132605496394995,4.0030127480536635,26.823912242540363
1288.563,1.5144278286530473,4.003524897712798,26.819473950072094
1292.985,1.5130262617786705,4.004024659953578,26.820582631176215
1297.406,1.5182566041718701,4.004803333349553,26.824516869089685
1301.813,1.5163491898115415,4.005259770246107,26.819542431187305
1306.235,1.5141013698034775,4.005523752335216,26.80804064647694
1310.656,1.5147039101422142,4.006146849796585,26.809341001345196
1315.11,1.519704878764757,4.0064678962663365,26.80835927637018
1319.531,1.5147697811582235,4.007096486336372,26.801260666144273
1323.953,1.5157213866206687,4.0075354105213945,26.811792348894386
1328.375,1.517942818363751,4.007993890860229,26.802261298291942
1332.86,1.5192839166493894,4.008697068068374,26.795915469085035
1337.281,1.5154440849875763,4.0087412022782525,26.791622514907502
1341.719,1.515509289876943,4.009757779666524,26.79505344877507
1346.156,1.5160891458841468,4.009500759758375,26.782084930160817
1350.594,1.5137289249489196,4.009962140870347,26.792752915917838
1355.016,1.5146971856975422,4.010793317830666,26.791697663895665
1359.5,1.516039438798188,4.011239128380678,26.788051359844513
1363.922,1.5165905177685153,4.0119788855251075,26.78977797404445
1368.36,1.5157044553375771,4.012026129659967,26.794031024708147
1372.797,1.5180990947062034,4.012540497775654,26.79124182718191
1377.235,1.5157950681362609,4.01308764963906,26.780127357917486
1381.703,1.5155555998341828,4.013424007927341,26.782456270039432
1386.188,1.515763232856473,4.01422514563241,26.776779421381807
1390.61,1.5162714285857029,4.014510276895427,26.766207696866378
1395.047,1.512103592938013,4.0149703474930645,26.77475881224718
1399.469,1.5164656009971789,4.015576195586348,26.770840209291293
1403.891,1.5173449083138872,4.015953015368845,26.769495498580863
1408.313,1.5179105480686719,4.016602981221102,26.77600568785538
1412.86,1.518732671187849,4.01688785638653,26.765430342334525
1417.281,1.5139476353401733,4.017774426458223,26.766307659668044
1421.719,1.514442030126821,4.017940097299147,26.765345271079493
1426.141,1.5145352713280749,4.018654685342302,26.771824864203513
1430.61,1.5171242932599573,4.0191112233555355,26.767576470022846
1435.047,1.5132817464722075,4.0196482678681384,26.764752281877055
1439.485,1.5169278567899176,4.0200257751442185,26.756383864452026
1443.922,1.5190933856106543,4.020495587420622,26.769964955680358
1448.375,1.517742485614466,4.020471533347858,26.760852149323394
1452.797,1.5206237289578084,4.0213415758947715,26.76404953920158
1457.281,1.5162384740497932,4.022091926339128,26.763812332438526
1461.703,1.5129887146392054,4.022500191990241,26.755982965199077
1466.141,1.5102616499824228,4.022882054847836,26.758817799589288
1470.578,1.5154363214889142,4.02337940800563,26.759396462286396
1475.016,1.5150566257165985,4.023943509113647,26.76074641121778
1479.438,1.5162976208655636,4.024530081985097,26.77110992706329
1484.203,1.516707528715563,4.024941984167878,26.76726908524353
1488.828,1.515876510183796,4.025639642276033,26.76079621456884
1493.344,1.5187787729607194,4.026006465834266,26.751621684532534
1497.922,1.5160704864231482,4.0264490957389,26.751610674421073
1502.438,1.5149730922321532,4.02723387479551,26.755636289092394
1507.016,1.5140947635970365,4.027626096055502,26.760769710939556
1511.531,1.5184967276119188,4.027984383658647,26.771801710881455
1516.141,1.5160288940209357,4.028579536607686,26.77229869028857
1520.688,1.515768533352484,4.028932136901878,26.76716220966449
1525.266,1.5159677462992505,4.029550404094158,26.771136022246534
1529.797,1.5133828339716948,4.030234352331758,26.757158123154102
1534.375,1.5136222394606207,4.030600869403964,26.76119200754338
1538.906,1.515744019696409,4.031395223800323,26.76717041619752
1543.469,1.5146226787703718,4.031826184430126,26.770619389693405
1548.078,1.514791082534531,4.032207098712621,26.774291207731654
1552.61,1.5151210554191727,4.0329855958572365,26.769359009386637
1557.188,1.5168424445932467,4.033460231459709,26.768729751538746
1561.735,1.517864264441074,4.034011604539552,26.76366829765512
1566.344,1.5149951902251693,4.03442158562744,26.77177140999068
1570.875,1.516732419201225,4.0350179813677345,26.765367445560763
1575.453,1.5175798124596078,4.035406714499479,26.768586528482302
1580.0,1.5150701862406308,4.036189875288592,26.761666454553904
1584.625,1.5148380474647274,4.0367408105954725,26.77499987032936
1589.141,1.5157544054879626,4.037198830159076,26.77234799083167
1593.719,1.5147260227074464,4.037683686282652,26.77002389997439
1598.25,1.5166018833883048,4.038350255836008,26.768163151877616
1602.828,1.5184203279623192,4.0387614480661265,26.764098142054518
1607.469,1.515807408216063,4.0392509263465985,26.765167961727133
1612.063,1.5157860232510867,4.039616418780652,26.77936620741006
1616.656,1.5153846325692744,4.04058829275869,26.783720496750757
1621.219,1.5124816295837427,4.0410016665617015,26.781960572976395
1625.797,1.5159833074638238,4.041521762864213,26.78516908727213
1630.313,1.5166337588600203,4.042221984352141,26.788569921888048
1634.875,1.513856540454822,4.04276903833349,26.78546933090671
1639.391,1.5189159333132163,4.0433100443507355,26.778769883789074
1644.0,1.5177110587313996,4.0437087703096815,26.781116491494277
1648.531,1.5162575157782894,4.04449683284472,26.77888520527453
1653.11,1.5144357066847398,4.0448612325168884,26.792291469573556
1657.641,1.5152719647763404,4.045413170675805,26.78906233866584
1662.203,1.5167469701338023,4.046182516218481,26.798459521860163
1666.735,1.5170749337264389,4.046587100537361,26.799676471322655
1671.344,1.513220814262848,4.047404488621236,26.798943748652903
1675.875,1.5150815718379236,4.047790994882655,26.78695314311328
1680.485,1.5159700324069023,4.048228807645738,26.78857740785734
1685.016,1.5154995412425438,4.049075151559377,26.784815866721768
1689.61,1.513934486307687,4.049598573091443,26.790916677707212
1694.125,1.513621740119103,4.050222562246591,26.794415146820395
1698.735,1.518058640930816,4.051012422831591,26.803378607694096
1703.266,1.5165545101975026,4.0515224613446685,26.810630820358504
1707.844,1.5164185827925951,4.051773787504657,26.81566260336692
1712.375,1.5156729423791555,4.052428676853132,26.803343442642067
1716.969,1.5139685283857756,4.05327951632628,26.800834943920098
1721.516,1.5153292365117277,4.053572776323853,26.806834795190504
1726.094,1.5107909143751095,4.054264379366302,26.8065404113581
1730.688,1.514132572069761,4.055036184461819,26.796396112092722
1735.313,1.5140337382415088,4.055506913860471,26.80839373803289
1740.0,1.5150766868432815,4.056151266265605,26.81175597229539
1744.516,1.5163896214883539,4.056605863268133,26.813652540721947
1749.094,1.514607841451888,4.057355629017435,26.819915697679164
1753.625,1.5190589361456852,4.05769803506344,26.818972984537837
1758.219,1.5183730858614974,4.058204447294281,26.81386511028352
1762.797,1.5156594592926218,4.059244837384398,26.81973263321691
1767.375,1.5173152520545503,4.059665178564444,26.815645442323866
1771.906,1.514905979922611,4.060203756531555,26.830739150292573
1776.453,1.5147909367063388,4.06088516301538,26.833605993538995
1781.063,1.513841673732766,4.0614019796938985,26.833295496647047
1785.594,1.518056569470583,4.062069705340372,26.831366682156244
1790.188,1.5157604994982583,4.062937064913034,26.836599178274007
1794.719,1.516280480851386,4.062933145091796,26.83079727313994
1799.219,1.5105015686960936,4.063692685820169,26.842337032738495
1803.797,1.513623118028074,4.06468388438477,26.834846596876456
1808.313,1.5104759284447582,4.064895996234218,26.83878441582671
1812.875,1.5167889865340904,4.065641550966053,26.839189119706752
1817.422,1.5134329831331919,4.066148222517022,26.845319068755394
1822.016,1.5203538481386658,4.066835755316068,26.852585192179767
1826.547,1.5130029426343206,4.067796830617593,26.862707106166113
1831.063,1.515226700024798,4.068759649217915,26.86046816893508
1835.625,1.5149213333483513,4.068801144438759,26.85952525991405
1840.141,1.513637731235266,4.069850358279001,26.862530883185332
1844.735,1.5113624510098809,4.070449437477671,26.859503881129612
1849.281,1.5155030871212283,4.070876658250903,26.857250228978362
1853.844,1.5151483204049783,4.071135688476655,26.865388347893923
1858.375,1.5183749269701488,4.072187174720191,26.862207025421462
1862.875,1.5145422419594246,4.07282665801701,26.88407614272877
1867.485,1.5121165444658193,4.07332461320706,26.875383556334953
1872.0,1.51593409578234,4.074092452753623,26.884642606011017
1876.61,1.5140738907547107,4.074780056733019,26.880734312954598
1881.125,1.5160672386475134,4.075526049092785,26.892390874649063
1885.688,1.5154079807150995,4.075865474293207,26.881442190775843
1890.235,1.5192725392762152,4.0766792801435585,26.89779648786207
1894.797,1.51181475639811,4.077186427262283,26.90075297245276
1899.36,1.5152930944392977,4.07791234929496,26.901798603701085
1903.969,1.5171424065756118,4.07853605656797,26.909242844411516
1908.5,1.513836242444864,4.079503486862809,26.910359545212312
1913.063,1.514582599692808,4.079984369305623,26.9028482035225
1917.61,1.5167991732474886,4.0807751825054135,26.92109971330747
1922.125,1.518956712054717,4.081221669151144,26.91474798377572
1926.719,1.5127021860788128,4.082013573005616,26.923558017995234
1931.235,1.5183912122676209,4.0827533562711915,26.922733012318197
1935.844,1.5156568696380979,4.083119105399328,26.929187744197105
1940.36,1.5146969096788594,4.083932250132315,26.92870458613018
1944.922,1.5119376165812275,4.0848583233345215,26.93384891413312
1949.469,1.5141327209100472,4.085305745435803,26.934253714119432
1954.031,1.5160632045504516,4.086017281565634,26.927988644270087
1958.594,1.5155142575681495,4.0866133450803135,26.930742660766494
1963.172,1.5150273152181835,4.087413746777025,26.93459216158147
1967.703,1.5145348241261385,4.088010292771197,26.933442858377138
1972.297,1.5150790249330315,4.088908793852235,26.949898061442813
1976.828,1.5151442550506895,4.089309626732507,26.94920615809813
1981.344,1.515060577235549,4.090077444957771,26.951315924917083
1985.938,1.516605656414762,4.090645760576244,26.955320080033914
1990.469,1.5152695327341834,4.0916610231386406,26.962749155449483
1995.031,1.512101059615425,4.092308648353613,26.96761157700966
1999.547,1.515202924289619,4.0928297125484105,26.96228199484302
2004.063,1.5180316365955668,4.093678317906662,26.957537478663184
2008.656,1.5117136635044333,4.094323671230239,26.96171037932712
2013.203,1.5148161860560632,4.0950941456216885,26.96810417758347
2017.766,1.5154007929843143,4.095754393079644,26.971292841585324
2022.297,1.5150971925969605,4.096339077429948,26.98203937779633
2026.86,1.516415068077735,4.097436432123003,26.990104688149387
2031.422,1.5146884103756904,4.097890506104589,26.992464776383795
2036.031,1.5144805731884228,4.098680240708745,26.992879875383053
2040.594,1.5190832757058923,4.099356248822921,26.99599072459139
2045.156,1.514414326791797,4.099892393520342,26.989974024410426
2049.688,1.514225505998544,4.10084770488043,27.004449510628824
2054.266,1.5168677061819336,4.101478871576524,27.011155697720795
2058.797,1.515446339904246,4.1025932439690855,27.009961114160337
2063.36,1.5157750304130733,4.102868803591003,27.024300392907517
2067.922,1.5169095712358562,4.103746067995428,27.025563649649936
2072.453,1.5139887037794735,4.104167472495894,27.018929710627287
2076.969,1.5180001445523668,4.105184747536986,27.02537758555284
2081.485,1.5148307413773707,4.105976470698914,27.03319061182892
2086.0,1.5145381634820534,4.1068625839831325,27.041881165251965
2090.5,1.5153078006564733,4.107677267693909,27.03600882543944
2095.047,1.5139113288945976,4.107779582991257,27.053061924579264
2099.578,1.5138416664995158,4.108593854312243,27.046975590454174
2104.094,1.5162909223312973,4.109440214941061,27.05998121722693
2108.61,1.515910330125972,4.11005877357478,27.054792584355823
2113.125,1.514528047141503,4.111121160057579,27.06119431416705
2117.625,1.5162526787584398,4.112064885742602,27.061914472049864
2122.172,1.5177774237715804,4.112553039887702,27.07444299133533
2126.672,1.5179513718215492,4.113039626303512,27.081602166816293
2131.219,1.5151404141508251,4.114298174199332,27.080905339408048
2135.735,1.5162743261502745,4.114815665475471,27.0931738415841
2140.235,1.515204213555321,4.115615257665847,27.09104880977386
2144.781,1.5147250906465117,4.116255581750896,27.0952816008361
2149.297,1.5151288135294814,4.11694452210762,27.093006356749495
2153.828,1.5177062581535152,4.1179258015340094,27.094675298732337
2158.344,1.5175692900813704,4.118410885244516,27.10027612380652
2162.891,1.5155324494403537,4.119203635225073,27.10670141420654
2167.391,1.5145307002788635,4.119908837210965,27.118872219813372
2171.938,1.5152237182048969,4.120976365308515,27.136235497105623
2176.453,1.5156859933830726,4.121617986410285,27.13746022337684
2180.953,1.515826408128886,4.122328697995775,27.14742013084623
2185.5,1.516022096388188,4.122934505462593,27.14268329136218
2190.016,1.5161482218970297,4.123542537872883,27.141160658820333
2194.516,1.518749483199771,4.124571688906987,27.14844378209393
2199.063,1.5136567914522692,4.125749637854038,27.15699355207041
2203.563,1.5150208506283063,4.126243138265813,27.161346013774054
2208.11,1.5164912446251713,4.126581083141113,27.17656342338898
2212.641,1.5147541243793947,4.127996632623761,27.181400180048506
2217.156,1.515475559938522,4.1286560051842995,27.18717337556288
2221.672,1.5155551356964352,4.1291760704526155,27.188841148597795
2226.172,1.5107258325044688,4.129813604305983,27.197909885714257
2230.688,1.5116835692246466,4.13093449229057,27.19216759415077
2235.203,1.5136500927837384,4.131397826960482,27.189163478411196
2239.703,1.5148328836956788,4.132404846508326,27.19716448849558
2244.25,1.5156394306840244,4.1331751764657385,27.208937575889212
2248.75,1.5157665370195614,4.134193471372003,27.209034957180542
2253.281,1.511991495144006,4.134524450898598,27.22032802614744
2257.813,1.516072125266317,4.1353583728349905,27.21519727956355
2262.344,1.5159812555034562,4.136270847447658,27.221693452055522
2266.86,1.5187587570016827,4.137077300306772,27.22947003611592
2271.391,1.5154531847865538,4.137915172669415,27.237538372903302
2275.906,1.5153628562277546,4.1386180756250415,27.236136511127512
2280.422,1.5171681257316054,4.139433523401819,27.233947325585852
2284.938,1.5166263194293934,4.1403844916416865,27.250480320349382
2289.453,1.517570011740521,4.140911078507217,27.25205579178605
2294.0,1.5176758771179608,4.141734923565994,27.259498831985503
2298.516,1.5182677588578652,4.142376412671329,27.265417065213953
2303.031,1.5169536703367843,4.143279891589951,27.26704529361538
2307.531,1.5175812726784093,4.144363246437071,27.2792394181239
2312.047,1.5164519549570277,4.145158848979183,27.281153530130847
2316.563,1.515427462730864,4.14610473226747,27.273982907894112
2321.078,1.511741248977632,4.146447143591125,27.275383158253277
2325.61,1.5161611514425273,4.1473704769104724,27.282972969261905
2330.203,1.5181880942614476,4.148214024738112,27.29063551372124
2334.735,1.51763612925885,4.149186365311612,27.30401216296725
2339.313,1.516807134112752,4.149881061084357,27.302892865204836
2343.922,1.5189284444594324,4.150858615674824,27.30618284187775
2348.453,1.5147953971892287,4.15152120788308,27.319102052325313
2353.016,1.5161422462508316,4.152316237287041,27.312154631907813
2357.531,1.51736187346277,4.153061818127537,27.318622618565893
2362.047,1.5166373335466805,4.153987265028639,27.335007522739343
2366.61,1.5191131270751332,4.154577142559655,27.33416403927253
2371.125,1.5177251099859828,4.155379804779066,27.33596216101525
2375.641,1.5123648717384275,4.156107908179654,27.344963907801837
2380.156,1.5197401446187913,4.157095891185824,27.353572227964648
2384.672,1.5165424835056829,4.157661176533598,27.36273269605406
2389.203,1.5174604405427072,4.158812396551753,27.36639776645755
2393.766,1.5164643727811404,4.159666661768642,27.366119202673488
2398.313,1.5177399038351493,4.160085108275433,27.36916984352653
2402.875,1.5118621810497976,4.161004302634701,27.378390623544764
2407.453,1.516420518972243,4.161879979896548,27.385062880138378
2411.985,1.515609193679514,4.1624724982636225,27.385019781530513
2416.531,1.5199851781371265,4.163284706406621,27.398062225306553
2421.047,1.5173686159738704,4.16427937226372,27.414908474542063
2425.563,1.5164111185611773,4.164873358111797,27.413601296660545
2430.094,1.5170370091053824,4.165657238442967,27.415388648223118
2434.656,1.5159019637009623,4.166867602293368,27.41693026520841
2439.172,1.5174965116217354,4.167310856431186,27.43027455526906
2443.688,1.5112426043813523,4.168183686892428,27.43854027837585
2448.188,1.5140409000253223,4.169028886860393,27.438767516268143
2452.703,1.5136236062112094,4.169903061327059,27.460345982412345
2457.219,1.5157312773249845,4.1707181141337255,27.461020635478253
2461.75,1.5161431715748492,4.171436250489374,27.482554794553845
2466.297,1.5193588522777104,4.171872437703361,27.484796770274738
2470.828,1.5149903927729416,4.1728902196913635,27.494829839862746
2475.391,1.5158061129643845,4.17365987219135,27.50002025260449
2479.985,1.5188098735197124,4.174349941157331,27.49220926014666
2484.5,1.5161321886011778,4.175274136501786,27.494891718001515
2489.0,1.5146853472254134,4.176095935256237,27.49827050933116
2493.547,1.516220494928692,4.176636476311122,27.519199294899575
2498.094,1.519498307636252,4.17760899960606,27.52819924608159
2502.641,1.515420208196933,4.178258002516077,27.534314217516073
2507.188,1.5111923618380716,4.179312694312388,27.54946152939637
2511.828,1.5148833329424631,4.17974700422536,27.551263161707528
2516.438,1.5169170506946612,4.180657265086831,27.553858176381244
2521.031,1.5144930760960216,4.180963143439791,27.56101337215613
2525.625,1.5150525483992328,4.1821762587708875,27.54748840095458
2530.219,1.5164237291709917,4.1829148516162755,27.567213000489897
2534.735,1.5142022426468842,4.183432587361091,27.570711662167312
2539.328,1.5173539254558304,4.184231697124813,27.583502543814735
2543.844,1.5173092419953886,4.185094189844595,27.60533869893452
2548.391,1.5156288105523952,4.185829668152031,27.610586069279304
2552.985,1.517961650772266,4.186492073530354,27.6091596475552
2557.578,1.5155213797794056,4.187286699734133,27.626648096098474
2562.094,1.5171607408129537,4.188240798845629,27.618606095859064
2566.625,1.5139736555197891,4.188807035871626,27.626639031217042
2571.219,1.5163492576985023,4.1894946679749046,27.632522309595977
2575.828,1.5143859065716518,4.190170978461342,27.641843920040046
2580.391,1.5146319308385272,4.190850457260544,27.661071209076283
2585.031,1.5163758377523067,4.191459205542123,27.66425490228693
2589.641,1.518089051506428,4.192243262747429,27.672087510169455
2594.172,1.5149573503126452,4.193219759074916,27.686809743463094
2598.735,1.5123478012406715,4.193908752726057,27.693742684750795
2603.375,1.5179833610123514,4.19469942297316,27.695807953590574
2607.906,1.5190107887205404,4.1954349974758305,27.697507757759222
2612.422,1.5164001673676248,4.1958466201083535,27.71335800529516
2616.953,1.518070416164954,4.196784356682236,27.72801545200469
2621.469,1.5183406694039294,4.197445765580267,27.744812429125844
2626.063,1.515694214321038,4.198034209543933,27.752711375674195
2630.656,1.513324730066366,4.198695077257425,27.756764585259635
2635.172,1.5154662234936762,4.19953442040423,27.777668408416634
2639.688,1.5170856993826087,4.200281041538238,27.779420316174683
2644.61,1.4812523129526263,4.198002373790381,27.79630992939725
2649.36,1.4831585322445948,4.19849874536924,27.80067256554886
2654.0,1.4782361076762198,4.198857892793765,27.804261053135736
2658.672,1.4780766123084452,4.199244493320518,27.809964249929884
2663.344,1.4767007281422897,4.199785147117172,27.814907466597216
2668.016,1.4665429054376216,4.199205347597129,27.826136294323256
2672.656,1.4673365901332733,4.199670498620128,27.842196586817558
2677.36,1.4562319389058396,4.19930382760623,27.85185073179928
2682.094,1.4530469186165025,4.199933830075172,27.870797430576065
2686.797,1.445188970444332,4.199482701651872,27.878436933132484
2691.438,1.4419336535777432,4.199881318959411,27.88494246014039
2696.141,1.432608088202352,4.199343443298991,27.895232776424056
2700.844,1.4304479201573321,4.199685497669274,27.9098261703376
2705.578,1.420056648015373,4.199262848423255,27.920748256831487
2710.203,1.4228960596099083,4.199629911942087,27.924581592651204
2714.891,1.419370038765519,4.200130084748775,27.93031994886312
2719.875,1.4173281966934952,4.200635564354266,27.93738016838192
2724.563,1.408097287098459,4.200242468060848,27.938521437867465
2729.25,1.395305961279225,4.199702795692199,27.956227568150084
2733.969,1.3957195181588218,4.199738958358792,27.961739779911444
2738.672,1.394642953015159,4.200192770624715,27.97371888517186
2743.36,1.3932688473228794,4.200797612349531,27.985776020100953
2748.047,1.3878375085791435,4.200346101176511,27.994261007903074
2752.75,1.3751768218870861,4.199866511762199,27.996703419029384
2757.438,1.373525234390704,4.199697780641824,28.003910417942897
2762.156,1.3756263387294212,4.200454265301657,28.009999186408507
2766.844,1.3745291076845496,4.2006745194243145,28.023292813906952
2771.531,1.3591800345993708,4.200689762890476,28.025326907352948
2776.219,1.3490246743811143,4.199625474046977,28.02009996728489
2780.906,1.3508609223656056,4.200162409527871,28.034976873308956
2785.516,1.3496665928338996,4.200472412018051,28.038996051556193
2790.203,1.349824744842999,4.200985720980522,28.048832420450577
2794.844,1.3348537551033732,4.200656890052028,28.046650500855865
2799.516,1.3288801011179086,4.199823600465757,28.05794095178658
2804.141,1.3160311372086064,4.199562916318499,28.066590391875952
2808.813,1.3209228528888255,4.199801052876969,28.066726949390564
2813.453,1.3174712376661295,4.2001558498360545,28.07096683555416
2818.172,1.3138913117554516,4.200513882104802,28.06889976901806
2822.797,1.3136497256946427,4.200715646152069,28.082676007539003
2827.469,1.3035688146983906,4.200534698461636,28.082287404734092
2832.094,1.30417399670447,4.200502629696093,28.081679980871108
2836.766,1.3051411760771505,4.201108115242989,28.093619205310148
2841.422,1.2898666596938093,4.200807954106263,28.09995369682188
2846.031,1.2814502033014428,4.200376659124795,28.105566583996563
2850.719,1.2803780243552472,4.200374207405922,28.103220041642423
2855.328,1.2776271391884924,4.201280688909673,28.111495176069926
2860.0,1.2639989814911095,4.200680719395342,28.11861789172823
2864.625,1.2530924999774178,4.199926512307088,28.11686963223134
2869.297,1.2563955694945133,4.199949539139692,28.116910682156888
2873.922,1.25655583319898,4.200435735785005,28.125616925979735
2879.0,1.2597836454369684,4.200854483634163,28.121486764906134
2883.797,1.2432095197690396,4.20071903534361,28.130277721992357
2888.578,1.2437683090034037,4.200966141636264,28.131550387948845
2893.36,1.2430419789241167,4.201488494721308,28.13869527416468
2898.156,1.2444034661244587,4.201664309686656,28.14018419271575
2903.36,1.2332001798610137,4.201137571145026,28.138663528242024
2908.235,1.2228537216535857,4.201071517889722,28.1425326405468
2913.172,1.224792207199943,4.2010468545469655,28.135819445685616
2918.141,1.2191674821076681,4.201781722599217,28.136681526059935
2923.0,1.2105169231624062,4.201112830524596,28.143617729744577
2927.953,1.1974774576234524,4.200558183239385,28.149713710561763
2932.875,1.1907388612103202,4.200432191497194,28.152298160770034
2937.75,1.1882627716620435,4.2005901354932345,28.147668577749183
2942.61,1.1856886023020425,4.2008958040185025,28.141318991981706
2947.547,1.1854226764203197,4.201303596544439,28.139251667295188
2952.485,1.1889351695872747,4.202027345125629,28.135513806270666
2957.344,1.1750119467483489,4.201448259210053,28.13129155217313
2962.219,1.1612561298820465,4.201141330532864,28.142317491328427
2967.156,1.1616101173451312,4.201506988421058,28.137749845980988
2972.094,1.1667972118193,4.201580739343036,28.12361492388158
2976.985,1.1502440378584695,4.201038560424076,28.13372157118839
2981.953,1.1417806839171682,4.2006583583712835,28.13302735911503
2986.891,1.1394984714289154,4.201158092389497,28.126810389739664
2991.75,1.1375680111999544,4.201548882935989,28.132165342567777
2996.688,1.136675429423028,4.202076581175424,28.13203656767453
3001.625,1.1164034287774172,4.200904685560938,28.126633436240418
3006.5,1.1177958548700935,4.201387643946895,28.12030427755397
3011.36,1.116511405950913,4.200998394151578,28.116187723048125
3016.297,1.1169679424823586,4.201773680086221,28.11783258732686
3021.235,1.1075909066921446,4.201353258146479,28.104604345898323
3026.094,1.106232024359028,4.201727246014362,28.102038045631552
3030.969,1.0944260780230486,4.201587935576819,28.094696982188854
3035.906,1.0820955068344844,4.201337698414584,28.08179396877061
3040.828,1.0812955656785515,4.201225774655194,28.085098245103445
3045.735,1.0803396319936833,4.201548518688688,28.089463704596046
3050.61,1.0826386195721014,4.201968785799015,28.082276244402923
3055.469,1.069368191635557,4.201744611902224,28.06934230647788
3060.406,1.0649539981182192,4.200871142451291,28.060109254316924
3065.406,1.0599701069072074,4.201458522793676,28.056711992624603
3070.313,1.0412687569936112,4.201407845299694,28.04719361859827
3075.172,1.046740636215189,4.201423670333066,28.038720860476175
3080.047,1.0378935551741244,4.200939278610621,28.0353008973399
3084.969,1.0436075207327737,4.20102455366824,28.01781718615317
3089.906,1.034088061362878,4.2013102688051145,28.013717263401166
3094.766,1.03550347984266,4.202129035892022,28.010255471140233
3099.719,1.0252025743056932,4.2015268320855155,28.00127548743088
3104.641,1.0227542921509638,4.202032320817597,27.99308793197904
3109.531,1.0113915330576557,4.201307668264604,27.990800111939407
3114.391,1.0100108002702224,4.2020156871577505,27.970821323047286
3119.328,0.9917942583143926,4.200599773437603,27.956043882797825
3124.266,0.9807863971480958,4.199805289444933,27.94894919822457
3129.125,0.9698121414661243,4.19963601583551,27.940418151489258
3133.985,0.9618933626731165,4.198949691049216,27.93681303733996
3138.844,0.9496188551138594,4.197922684625569,27.939277786601043
3143.813,0.9491991740567328,4.19842506543468,27.922096401541797
3148.75,0.9494507269039683,4.198563147356781,27.90495981411481
3153.625,0.9479578054851783,4.198937466219329,27.88773839161944
3158.563,0.9377205091403855,4.198528880723812,27.879716781432595
3163.5,0.9257738521845925,4.197770044208999,27.87023483557319
3168.36,0.9169545534385325,4.19724562623451,27.862558105560936
3173.219,0.9187686867913825,4.197447674258462,27.84055256499124
3178.094,0.9180851081647599,4.197533599959909,27.834714575707736
3183.031,0.9167832104921351,4.197829581278508,27.828274927398716
3187.953,0.9051809548620486,4.197238329676313,27.817991087453525
3192.86,0.9147666470400281,4.198518500659239,27.80011693820436
3197.797,0.9039782011164773,4.197743541865405,27.78915449335209
3202.735,0.9042450298819177,4.19805003261169,27.7788595262165
3207.594,0.8919984978983854,4.197670824389121,27.766884968190883
3212.531,0.8806908073282054,4.197274853391924,27.757817420880887
3217.469,0.8813662841974323,4.197279617766995,27.74373533532862
3222.328,0.884789929099225,4.197585811056796,27.736630811579467
3227.219,0.8728343315584453,4.197070046880469,27.72165596037834
3232.156,0.8824872136591919,4.197810511266267,27.71034880169814
3237.094,0.8717101115290895,4.197785680271316,27.69516945555259
3241.969,0.8701632425289045,4.19769845507372,27.68056912765857
3246.828,0.8648208968377742,4.197370852542229,27.661358150014618
3251.75,0.8646015066306013,4.198216444347223,27.646667802219522
3256.688,0.8684227752147029,4.198785121086798,27.634221010525845
3261.563,0.8663948134920081,4.1990387984114035,27.6235011345506
3266.422,0.8698419694902183,4.199427978696205,27.606825701327608
3271.36,0.8640926144226198,4.1997354306218115,27.607189453772406
3276.297,0.8662051881533228,4.200042959214456,27.59609190493892
3281.188,0.8529020282340214,4.199771689044151,27.585337771298082
3286.047,0.8518182958001235,4.199936469452497,27.566679300165976
3290.985,0.8427335758167437,4.199338775467662,27.547207881270225
3295.922,0.84278875015944,4.199670256550947,27.54052937821532
3300.781,0.8285122195336964,4.199214828068566,27.527132931593425
3305.656,0.8209586624547713,4.198102807051554,27.510917062033204
3310.61,0.8115808835594063,4.198105354011359,27.501261505518148
3315.547,0.8005095505844525,4.197251554241528,27.486683309218975
3320.406,0.7965155805753645,4.197563625633058,27.466644768259453
3325.281,0.7902851595612502,4.196940037971255,27.462178663883197
3330.141,0.7879426871665336,4.197095197486456,27.446432135967
3335.125,0.7882552635416367,4.197028102603247,27.42955326614766
3340.031,0.7892319882241361,4.197277545265555,27.40949257321864
3344.906,0.7914440675344756,4.19742281001501,27.39894227875398
3349.766,0.7899252568489031,4.19777511838816,27.39030008369753
3354.703,0.7758953586326939,4.19730916783221,27.379811610039166
3359.641,0.7877812074152097,4.198162994485827,27.36315009878651
3364.516,0.7770897131131124,4.197728733548982,27.35263135003576
3369.453,0.7658123969732296,4.197100818452021,27.33295360287124
3374.406,0.7674216179910709,4.197032108207272,27.31669011979551
3379.266,0.7675632785289539,4.197497361291501,27.30524621176328
3384.235,0.7677062794129699,4.197488967378791,27.286661538577935
3389.172,0.7665418469941526,4.198051127270992,27.276603148202483
3394.047,0.7658935794096282,4.1981575101325435,27.260660075684886
3399.0,0.7641719784297081,4.198486387571845,27.25574114421553
3403.938,0.7628647028058109,4.198627644512264,27.23724607016342
3408.797,0.7532826880126693,4.197986376369106,27.224256796000816
3413.735,0.7436122791711156,4.1975662766346025,27.20748795475086
3418.672,0.7437425127918771,4.197434518781205,27.19735246053799
3423.547,0.7439583029572804,4.197970098150908,27.18020631811473
3428.485,0.7397586689851885,4.198228118385343,27.160403860705664
3433.422,0.7406778891592565,4.198323180105134,27.15224479058642
3438.297,0.7399264726021726,4.198633236876882,27.13776978772779
3443.25,0.7288886944463346,4.198159210910569,27.124426428176747
3448.188,0.718665627026804,4.197446303420577,27.118047920438883
3453.078,0.7185308768768073,4.197502444055879,27.100716894512022
3458.0,0.7190125394591301,4.197645136168068,27.08416627240134
3462.938,0.7194957854046988,4.197821835947405,27.068306390355378
3467.813,0.7193784890028515,4.198195830389282,27.055279141792173
3472.75,0.72082826923782,4.198320341813648,27.04472038737383
3477.719,0.7194514160780076,4.198648616726784,27.025016881556816
3482.594,0.7072462306510691,4.198105189358964,27.020066825694045
3487.531,0.7050006261384077,4.1982861302230114,27.00463637686955
3492.469,0.7078786795107644,4.1983057372313555,26.988705142121944
3497.344,0.7059959788750819,4.198669990159895,26.97925409579756
3502.281,0.6957351154352297,4.19776107149546,26.95871229575338
3507.219,0.6886519576166529,4.197367116686909,26.945937906134684
3512.094,0.6860061053825757,4.19750879906582,26.93135998814541
3517.031,0.6714128327049749,4.19755195126704,26.92596730460333
3521.969,0.68459905553143,4.197646744023688,26.914457809737094
3526.844,0.6870760729673242,4.197909076215318,26.8981541521139
3531.781,0.6852542369306008,4.19774602704953,26.88054787960908
3536.719,0.6849102978632484,4.198104836034727,26.869685009267183
3541.625,0.6824925283545005,4.198634811558359,26.855011268047843
3546.547,0.672966000223214,4.197792771776651,26.847524344026883
3551.5,0.6598293378645576,4.197380651939407,26.834843241313916
3556.375,0.6636124463304798,4.197208403749178,26.818154545628904
3561.328,0.6624537910717556,4.197487122644355,26.812303932201967
3566.266,0.6590832341933761,4.197685478197355,26.798570704823565
3571.141,0.6622336833380544,4.197826567971765,26.783974050570396
3576.078,0.6598529744587578,4.197930038225755,26.77266234795814
3581.016,0.6617447102849171,4.198265865454368,26.765624235759184
3585.891,0.6575140947814464,4.198409847919052,26.755525640923853
3590.828,0.659625294606406,4.1989160773241725,26.7365947618347
3595.766,0.6471026016539905,4.19809801170772,26.718273292302474
3600.641,0.6521915377959374,4.1980136772075625,26.704642781776773
3605.563,0.646398321048298,4.198124171351104,26.69082331499473
3610.531,0.64796947862612,4.1983301396476,26.677349878875347
3615.406,0.6455255919572402,4.198791763229595,26.677112131256255
3620.344,0.6351266202734835,4.198126889831642,26.657948323695624
3625.266,0.6380263756699646,4.198074132054606,26.653887792647755
3630.141,0.6374661273087397,4.198404684813386,26.624919223369517
3635.078,0.6375491874496795,4.19855017026,26.613043209270643
3640.016,0.6279829939429448,4.19797251730612,26.604955213588394
3644.906,0.6290805908551441,4.198023526857375,26.584402257169003
3649.828,0.6265553920231487,4.19814447677642,26.584570203745898
3654.766,0.6252105528472385,4.198595577994848,26.569223994436282
3659.641,0.6145003704663091,4.197836505892854,26.561759084648358
3664.578,0.6151594697866091,4.197592351117512,26.55071945501835
3669.516,0.6125292502146187,4.198064179361916,26.54256205481982
3674.406,0.610408108139471,4.198425913829821,26.53050438626432
3679.36,0.6100365194499805,4.198275806270912,26.524370993084958
3684.235,0.6110378472507452,4.19844346183932,26.511560011305786
3689.172,0.6133732243348916,4.19863653621085,26.495340311808125
3694.11,0.6022527535298916,4.1979055494471975,26.476656241193044
3698.985,0.603221106055092,4.197917333379908,26.4693630550052
3703.922,0.6042262815456877,4.1981726285681935,26.44814580253101
3708.86,0.6013326091322347,4.198375460714278,26.437089781713222
3713.735,0.6011832320566646,4.198615803208692,26.427791084786264
3718.672,0.590127828958114,4.198047196140394,26.421758682700222
3723.61,0.5891067219836612,4.198029013791087,26.409823786178677
3728.485,0.5903387613457894,4.198212323017888,26.39534836411109
3733.438,0.5922474619440409,4.19839930587471,26.379895554123486
3738.313,0.5911516781563748,4.198098000969508,26.369953381481647
3743.25,0.5879345907974104,4.1988233867029665,26.35659692417695
3748.188,0.5898949948760972,4.1990059731117375,26.34292518643313
3753.063,0.5886349193001692,4.198753759881991,26.3432145825279
3758.0,0.589397937132265,4.199112350563071,26.323494395252595
3762.938,0.5891729418053332,4.199315650631325,26.316427990022483
3767.813,0.5900392066012726,4.199263019225616,26.30842148467148
3772.75,0.5855815542237047,4.199822027439423,26.292714165717065
3777.688,0.5775299896443001,4.1990064691847095,26.285858116091877
3782.563,0.5687998732106164,4.1984973066079245,26.274749998058976
3787.5,0.5681527157447728,4.198319915595702,26.26128704962789
3792.438,0.5662240478179842,4.1984308911858035,26.257853387233357
3797.313,0.5670974328701299,4.198782791578753,26.24117648460538
3802.266,0.5542660339864882,4.197909956885258,26.231265090187033
3807.203,0.556914584663857,4.198243446897756,26.22527911236926
3812.094,0.5560513404231523,4.198295717852138,26.21023501152991
3817.063,0.5537940419931722,4.198487398780741,26.198477599005145
3822.0,0.5575076739658277,4.198713601608945,26.202929345121962
3826.875,0.5459843779402468,4.197936385696849,26.17591840271142
3831.813,0.5490174447554439,4.197813349118648,26.173988948320304
3836.75,0.5435845018731871,4.198095716422333,26.16121952506136
3841.625,0.5416420900957817,4.198288793880512,26.15280975143667
3846.563,0.5462540625327219,4.198267585930661,26.15146532124799
3851.5,0.5413393588390938,4.19859037001585,26.13695622323323
3856.375,0.5338947032869267,4.1978680259752315,26.13338401727869
3861.297,0.5329303703842525,4.197740373774062,26.11512392996482
3866.235,0.5350019013827573,4.198001070267155,26.10718701579715
3871.11,0.532919490214754,4.198108317515337,26.08707415715487
3876.047,0.5332423381343692,4.198326968477579,26.080292491561316
3881.016,0.5340610173526509,4.198090498222327,26.072345252318225
3885.891,0.5322356562500778,4.1986554334096,26.062232314634894
3890.844,0.532196081781014,4.198547528142687,26.049666537727095
3895.781,0.53463104746268,4.198998347799627,26.03759250019211
3900.656,0.5298105091975184,4.198983176826809,26.035721350129023
3905.61,0.5280478022693567,4.19915312007292,26.023257729364797
3910.531,0.5310220664331926,4.199306454716369,26.0185271833748
3915.985,0.5298332594259919,4.199463030089516,26.005978456767302
3920.938,0.5294026721685745,4.199648106295927,25.989884231395028
3925.875,0.5163430617411928,4.198772367723174,25.983648500777804
3930.766,0.5090298320370223,4.198221663592217,25.976019165916806
3935.703,0.5113748184395758,4.198293275630475,25.97602264182846
3940.672,0.5058393529835457,4.198459358082603,25.957991080571617
3945.625,0.5103430170202484,4.198688162098216,25.944686193614455
3950.578,0.5072034778561242,4.198634268836561,25.95117263166896
3955.531,0.507470118872128,4.198795881774209,25.929067969144064
3960.469,0.5080735716091388,4.1989727072102685,25.926594545008637
3965.36,0.5088702690484993,4.199055137449962,25.916640997118808
3970.328,0.507576958426036,4.199273263666756,25.908944502379153
3975.297,0.5090089084676853,4.199449720093318,25.891220391100283
3980.25,0.5073353532807905,4.199695189579334,25.88679275448734
3985.203,0.4956869857749154,4.198740135410093,25.86443743359641
3990.156,0.4876000026322782,4.198222351211863,25.858327737998156
3995.094,0.48513412895305674,4.198115529081771,25.85230601608604
4000.047,0.48675162861374544,4.198104272492043,25.84059014375625
4005.016,0.48591295220467273,4.198488103792177,25.829852128795686
4009.969,0.48387735995616515,4.198523731207581,25.819499833560577
4014.938,0.4854136536158801,4.198611616599478,25.815918161566824
4019.86,0.4851203769777545,4.198882762161597,25.807605204918136
4024.828,0.48720165637076507,4.198708331634774,25.80718749973534
4029.766,0.48433891512299354,4.198927514261288,25.802301287412654
4034.735,0.4854762960908052,4.199280741079475,25.785029788643694
4039.672,0.4816045509749113,4.199212394117173,25.784499282603317
4044.61,0.4822996601144383,4.199547407928515,25.775442988852227
4049.485,0.48193789767748746,4.199648713002585,25.770674332876265
4054.422,0.47354412758962033,4.19893566670869,25.75744213142675
4059.36,0.47320358144245456,4.198913856902095,25.742979732535648
4064.235,0.47327292366846235,4.198892609657188,25.735760098723212
4069.172,0.47104975135322247,4.199063180155199,25.71288182716554
4074.11,0.47180096139983807,4.199051491417558,25.71256787726191
4078.985,0.4718419758237964,4.199264838280749,25.70670623524555
4083.922,0.4711987950878746,4.199523225095016,25.700916315584976
4088.891,0.47063757343044466,4.199678453933545,25.695765409120636
4093.828,0.46236922555078835,4.1989695852466715,25.68240937115531
4098.766,0.46037786175071405,4.1989759211939734,25.683050177249406
4103.641,0.460766728649551,4.1991868936396575,25.665955242998237
4108.594,0.4591092909185833,4.19941626035713,25.66522524974299
4113.563,0.46197608309901433,4.199143267825671,25.662895203528375
4118.485,0.4604650103490801,4.19957025938024,25.65500149288732
4123.422,0.45191479519718925,4.198714244638836,25.636302778970663
4128.313,0.4484994524927725,4.198763350927941,25.63267693289258
4133.281,0.4487782796350826,4.199104586833609,25.637032647836488
4138.25,0.44990669214714707,4.199219754242421,25.62147304744383
4143.203,0.4452969276486816,4.199306484566262,25.608710890634114
4148.156,0.44629278276123663,4.199339646305149,25.608719566193606
4153.125,0.44996640132375054,4.199407624438406,25.590870720614863
4158.094,0.44433306916515625,4.199720124922222,25.579502730154925
4163.031,0.43583603670218135,4.199001934244254,25.565946620625475
4167.969,0.4298694288902218,4.19794403550986,25.563444876076186
4172.922,0.4300007482063483,4.197847032298306,25.554313800838155
4177.875,0.42891650642935336,4.198160205722386,25.545123821322736
4182.828,0.43019725840909656,4.198005997531843,25.53766429219708
4187.766,0.42905633098045615,4.198370839966224,25.520272934315205
4192.672,0.42911687255735886,4.198107925467875,25.523857888626313
4197.547,0.42433148642808777,4.198544362252374,25.513010930989843
4202.485,0.4264758591177727,4.198500109751247,25.510904193795408
4207.406,0.42888216382987787,4.198685984868581,25.504629453344563
4212.36,0.4294167657461212,4.198572500544783,25.49631779778669
4217.297,0.4286591172265568,4.1988727343479395,25.486580523266547
4222.25,0.4267744346759336,4.198883917424427,25.487499260651454
4227.219,0.42487159264795454,4.198801019956062,25.480365413668583
4232.172,0.4261472064830565,4.1991226271682995,25.482307867533986
4237.125,0.4253717395230826,4.199566465718793,25.47692042506013
4242.078,0.41495057924038525,4.198472461875921,25.47307366180325
4246.985,0.414944007442339,4.19862765822982,25.46427261604675
4251.969,0.4153840797250821,4.19888011152556,25.45321582727674
4256.953,0.41505512562142977,4.198578133952432,25.450082948125313
4261.891,0.41540422355817275,4.198879232096749,25.42784532530284
4266.86,0.41442000497968756,4.198942343555223,25.433644895694844
4271.813,0.4145070239566381,4.199210107749806,25.426407833177677
4276.719,0.412791772633909,4.199106722837666,25.41616604148693
4281.656,0.4126232224739512,4.1995120287830074,25.402208880521222
4286.625,0.41229338518489655,4.19942752390055,25.401723526490144
4291.563,0.4133751127962108,4.199523684987497,25.392423952593678
4296.531,0.4118571157029597,4.199964779303747,25.383678574891373
4301.469,0.4007591632851438,4.198995266754136,25.38082341708775
4306.391,0.40322622756964244,4.199161119796892,25.372751017956514
4311.344,0.40261830746362953,4.199190071253868,25.37159255728013
4316.281,0.40239908099894706,4.199220642454583,25.361517415763526
4321.156,0.40208533503081556,4.199400132537037,25.348374593774956
4326.11,0.402858145371831,4.199329126450244,25.342429396101615
4331.016,0.40256534723345055,4.199481099499113,25.326432507860712
4335.969,0.40157881131406287,4.199561235051755,25.317779778205253
4340.922,0.39239348266585267,4.198764343365762,25.319009605385524
4345.875,0.39452525366647434,4.199062480134359,25.324716950334633
4350.781,0.39410390979446036,4.198972624291718,25.301278532550658
4355.656,0.3887219279257698,4.1992261983967,25.300010116554517
4360.61,0.39001939184450124,4.199485193354951,25.2905529568454
4365.531,0.39092492948029656,4.199235868999866,25.285451827767996
4370.485,0.38843184477642806,4.199407247911217,25.273306485620772
4375.438,0.3891130539058098,4.199643090513968,25.25967050370327
4380.375,0.38028876633466285,4.198905814047119,25.263001002257084
4385.328,0.38100326912410376,4.198968313598142,25.25470111161584
4390.203,0.3797099653064384,4.198735990209978,25.252383571757687
4395.156,0.3799388541447351,4.199090392108997,25.241468626393573
4400.078,0.37906369859326733,4.199168855100568,25.242868247136013
4405.031,0.38159318759518396,4.199143968566359,25.232633377211457
4410.0,0.37805637239048284,4.199735828966061,25.22625350353965
4414.938,0.36934402719300974,4.198593553767642,25.217353322815956
4419.906,0.3694333334169327,4.19849051256422,25.21473661951413
4424.844,0.36638005703675025,4.198649407217051,25.212125082521556
4429.75,0.3699370735520151,4.198505642719483,25.201698724978712
4434.703,0.37145570410625434,4.19898391433145,25.18376295595193
4439.625,0.3722446027242217,4.198916059195008,25.18624109461583
4444.516,0.3690921123416801,4.1990371387507,25.176012765276926
4449.438,0.36987988761413076,4.199270184314864,25.18059907061092
4454.406,0.37039670011908965,4.199058537507964,25.17870479185003
4459.36,0.3687429055403476,4.19928039606113,25.173719811258962
4464.266,0.368253540199412,4.199283711899847,25.15883634597538
4469.219,0.36878147364736313,4.199205486496013,25.150655847246163
4474.188,0.3673178422641557,4.1995564788414965,25.144961496598107
4479.141,0.3604692884727469,4.199012719984006,25.135988244432408
4484.063,0.35633918045452445,4.198827683713953,25.12380190327263
4488.969,0.3585486664302346,4.1988950966583864,25.126872752159912
4493.953,0.35982673447345703,4.1987752404239815,25.11559901947822
4498.86,0.35702857127980026,4.199265600579215,25.11128276249691
4503.813,0.3599650136317717,4.199139941713601,25.104063193358034
4508.766,0.35714745478092563,4.199336551128144,25.09743108017721
4513.703,0.35681641994851276,4.199383244748505,25.09623784416481
4518.656,0.3548446137233524,4.199608994939812,25.088389291002425
4523.61,0.3545206156551552,4.199256155517508,25.08307572436926
4528.547,0.3559322606133882,4.199508004815281,25.086711748208756
4533.422,0.35594377783248643,4.1993795738591775,25.077222238049085
4538.36,0.35596916018406916,4.199606316211118,25.064280023850213
4543.313,0.35907544663852287,4.199462644002119,25.053326157441205
4548.25,0.355458839995772,4.200018015144221,25.046891732156627
4553.172,0.3552057313176714,4.199987407225308,25.051103621480127
4558.047,0.35515807320944026,4.200381046119982,25.041622850405723
4563.0,0.35816247347095165,4.20041912463905,25.03549696031955
4567.922,0.35500690622070197,4.20037127863454,25.024190600110302
4572.797,0.3521739193108994,4.200642348590836,25.022336944481687
4577.735,0.3424690508435343,4.199750534328881,25.01369871136609
4582.672,0.3362781393839473,4.198877772553538,25.014705692623227
4587.547,0.33238503333026204,4.198988941383596,25.00297411036489
4592.469,0.3336004893601298,4.198906195212339,25.008268250188188
4597.406,0.33306624123683476,4.199040348678661,25.007903944561225
4602.281,0.33466062309123124,4.199041814610243,24.99713516434498
4607.203,0.33254064211746437,4.198797847267895,24.987290545710007
4612.141,0.3337041464097167,4.1992848429405,24.986951546638615
4617.016,0.33469095518892034,4.199375097618228,24.975551213101387
4621.969,0.33386247785886797,4.19932934388417,24.978123012017814
4626.906,0.33333052225716064,4.199286475300479,24.967341163098876
4631.766,0.3313926260669319,4.199320492518443,24.953098797064897
4636.688,0.3328844291354397,4.199458338722989,24.954857570065638
4641.625,0.33412373139116824,4.199617626300037,24.95187515901142
4646.5,0.33480291830995007,4.199704626169924,24.952957854721596
4651.438,0.33052398390341947,4.199632326070104,24.941121650084895
4656.375,0.33197142983139544,4.199961967941907,24.937228559629727
4661.25,0.33086682355944796,4.199803269979267,24.926202531630643
4666.188,0.330706577951,4.199997201034295,24.921775552616175
4671.125,0.33272874221594373,4.2001821945104485,24.918267123213504
4676.0,0.33157890634344606,4.200074965813734,24.90558241231668
4680.922,0.3306952531230406,4.200383728987743,24.91679653429778
4685.906,0.33017378588594304,4.200260658028557,24.90859839337719
4690.844,0.3332531976702021,4.200548826862237,24.897619307751278
4695.797,0.33081141839856376,4.20077301775515,24.896666302145096
4700.735,0.32011083087923264,4.199688566104125,24.882185822913762
4705.703,0.3096313251549751,4.199277964695079,24.8843002563426
4710.625,0.30908534263704407,4.199232628408096,24.880456360972627
4715.594,0.3103318605467678,4.199055193136684,24.874414660273914
4720.578,0.3099038151075758,4.199109829511662,24.864956320653015
4725.516,0.3110948632817223,4.199279022152383,24.862363914729187
4730.5,0.3120402800925728,4.1991101486964135,24.857828373360952
4735.578,0.31208787107929536,4.199252714667346,24.856939145627187
4740.516,0.31120827315545957,4.199237511764153,24.844426145756895
4745.563,0.3108888982534132,4.1995472493523875,24.83904199498664
4750.547,0.3095012620190915,4.1994827167300794,24.835657329462265
4755.641,0.30935155062968556,4.199664526939374,24.84081136462722
4760.766,0.3000918434704603,4.198835824470373,24.825806909504564
4765.875,0.3002996179800357,4.198661854917083,24.821337834201834
4770.797,0.29964681181050545,4.198871745462424,24.809610016354306
4775.735,0.2995560653663585,4.198980108395942,24.809361382089122
4780.594,0.2998450062370199,4.198920462526582,24.807359491512855
4785.531,0.30070263333852426,4.198861810557152,24.807153041360273
4790.485,0.2980149633002123,4.199183176937358,24.799564606086733
4795.344,0.30024963192025994,4.199148055754361,24.79055402253356
4800.266,0.29982243146135307,4.199116071425619,24.7915357510663
4805.188,0.29953932647811665,4.199178825895106,24.779797032041525
4810.063,0.30089421701586055,4.199312429061029,24.777066931313108
4814.985,0.2968291923466807,4.1992754121779745,24.772872298101362
4819.922,0.3012874091019925,4.1995365348926414,24.77436570205397
4824.813,0.2965262370791041,4.199593945614536,24.760661170771083
4829.735,0.29573437235725014,4.1995209437893,24.753819243443154
4834.688,0.29858002937461564,4.199569434806216,24.762932502516698
4839.563,0.2977008978843193,4.199702322931926,24.74961001327548
4844.485,0.2971939586163592,4.199850849536552,24.739867220796317
4849.422,0.2981363387093894,4.19977112927954,24.73307608337408
4854.297,0.2961455696219313,4.199908748463846,24.74749349331121
4859.235,0.29854497835388055,4.199983853441995,24.737454493645778
4864.172,0.2970427151203188,4.200244447676066,24.737414800044043
4869.031,0.29796300606070586,4.200113605750461,24.72510570927707
4874.016,0.2976157245812091,4.20014305228236,24.728112646740737
4878.938,0.29899493696688845,4.20043777591445,24.720269809784675
4883.953,0.2977974161603668,4.200568898008782,24.707092019468984
4888.922,0.2847592343809604,4.199549514078065,24.693385672008695
4893.828,0.28842116439357407,4.199541250792206,24.693371113829954
4898.766,0.28615693917502183,4.1997985462397835,24.69675448762029
4903.688,0.2745357535502794,4.1989071423467115,24.69393418078923
4908.625,0.2745935181087764,4.199182051647983,24.687642184869983
4913.485,0.2748916905141882,4.198823352893375,24.682283723378855
4918.406,0.27502885336701843,4.198922846543192,24.67108448801377
4923.36,0.2757553314421908,4.199019652023716,24.670122210387177
4928.297,0.27685900346118014,4.198853385075041,24.65955780490076
4933.25,0.27440586267604467,4.198962533960415,24.664920743285936
4938.188,0.2735693107093562,4.198922872058734,24.655959193793105
4943.141,0.2742065269974062,4.199299117523191,24.65313871879029
4948.063,0.2764436251621068,4.199387379880803,24.64565845924328
4953.0,0.27159844447368375,4.199100811119972,24.636033157356017
4957.922,0.2698591200299897,4.19934823286898,24.629551793107932
4962.875,0.2722120899147038,4.1994177441060945,24.627247365412504
4967.813,0.27206865016992265,4.19962777718726,24.625129387060564
4972.735,0.27404881584232055,4.199684451313832,24.619043215214415
4977.61,0.27378385765346497,4.199709032156557,24.607316037163226
4982.547,0.2722307643360037,4.199731882894545,24.610146519876533
4987.453,0.27298883127644347,4.199755164243921,24.613117228806818
4992.391,0.27337344130170416,4.200010188059092,24.604119346922634
4997.328,0.27685551034701855,4.200101848091946,24.600929880612497
5002.188,0.2740762892369909,4.199880891388186,24.592086271485048
5007.141,0.27378604674711504,4.2001283122154796,24.594102267192138
5012.047,0.2747886715052811,4.200203483711841,24.596572860354442
5016.985,0.27423101197036476,4.200108197187349,24.5896733456117
5021.922,0.2721068647083322,4.200400300398766,24.580363887845365
5026.797,0.2711403952890022,4.200233483113746,24.581967152270387
5031.719,0.27031334172645816,4.200536579002153,24.582680911673677
5036.688,0.27322226393512794,4.200497105084992,24.578621386475593
5041.547,0.273576425407508,4.2006326038896376,24.575860884011252
5046.469,0.2637885080842229,4.1998577309533625,24.576471506506635
5051.422,0.25210953847573453,4.199064797677934,24.56796895074602
5056.344,0.25262623067568646,4.198902528267588,24.563863578347707
5061.281,0.2509470109801552,4.198883764449958,24.55668204503305
5066.219,0.25666622447277304,4.199143062624395,24.554059995871114
5071.156,0.2518782519982274,4.198947681548912,24.549799021595813
5076.031,0.2514072938707846,4.198881279217992,24.553866699112678
5080.969,0.2512837303034052,4.199159239852527,24.550280655768503
5085.875,0.25308305685955546,4.199215545000157,24.548153742766353
5090.813,0.2518918676407986,4.199071997738523,24.54932196244171
5095.766,0.2511852127289181,4.199082676950081,24.53799803774934
5100.719,0.2505197261945068,4.199439376666835,24.532421509870684
5105.656,0.25423290018700756,4.199273308521369,24.52674507506976
5110.594,0.2530433668444435,4.199410051992695,24.523051703059355
5115.547,0.2549042219819984,4.199386319420591,24.515152615684674
5120.469,0.24943311394100054,4.19946689903097,24.517496994134735
5125.438,0.25264997386112553,4.199597056874052,24.5029709265791
5130.36,0.2533173834901542,4.199455296506583,24.50400439829905
5135.297,0.25095329092403573,4.199829874672892,24.4973939627186
5140.156,0.25285793857226196,4.199794553907453,24.491750971989536
5145.094,0.25090258325579096,4.199856549153453,24.489524617456066
5150.016,0.25088371995055087,4.199977554007599,24.480957539966635
5154.891,0.2528024974030228,4.1998241512937255,24.491734187408742
5159.828,0.25040275701073855,4.19986084267569,24.487232283704223
5164.781,0.2472370868770604,4.200097141548148,24.481544393864453
5169.656,0.2505371927994388,4.200131650509979,24.469361220108997
5174.578,0.2521487210387895,4.200213528279827,24.4704481024531
5179.547,0.25191331798019445,4.2003767495915145,24.470975724369197
5184.406,0.25189508759246615,4.20026659949989,24.45944211205689
5189.344,0.24911379481694407,4.200305655045052,24.469144757669913
5194.281,0.2503808566716071,4.200602486725906,24.452932861574286
5199.141,0.23879025560261782,4.199779578659623,24.436926084090196
5204.078,0.24118153334722714,4.199523398997223,24.436566559087478
5209.047,0.23676345940468754,4.1996889828877855,24.436702696746377
5213.906,0.23728725642603035,4.199835943366277,24.429709825183135
5218.86,0.23958506659588075,4.1994847486287155,24.4215450482362
5223.766,0.24046886043330953,4.199752723157265,24.414698403412913
5228.703,0.23693420599443032,4.199764063737657,24.406075606029965
5233.625,0.23778735202522044,4.2000381905946025,24.420164839561753
5238.563,0.24038549329580253,4.200045100642195,24.400976572425122
5243.5,0.2370254589554647,4.200123068418825,24.39792377508769
5248.375,0.23509255126308248,4.200256515461763,24.38991745860177
5253.313,0.23670384370106026,4.200008358603402,24.3896378706455
5258.219,0.23893196887717166,4.200479964825828,24.384077841683588
5263.156,0.2339093652388481,4.2004226605890365,24.38711506457474
5268.11,0.23792862274218932,4.2004960618148255,24.382249417020706
5273.078,0.23682515547218733,4.200477971722172,24.382787792298416
5277.985,0.23397551462462357,4.200417099253425,24.375487208826357
5282.922,0.2407657305921492,4.200709423194222,24.37178910976478
5287.875,0.22593162726273586,4.1997516418939576,24.36334947787317
5292.813,0.2273428809319651,4.199782898008208,24.363111445917944
5297.719,0.22938553074362644,4.199870819235498,24.361769941003203
5302.656,0.22409961215343616,4.199537844363046,24.366539972443228
5307.594,0.228823205339781,4.199707844791521,24.353648974734956
5312.453,0.2290758274534439,4.19957564128157,24.351027046793558
5317.406,0.22656580883715183,4.200062149020698,24.337807501946273
5322.297,0.22559735178073984,4.200166129012161,24.340997522931463
5327.235,0.22576135096166414,4.200224456268111,24.33907098273911
5332.172,0.22981493965014008,4.199996127689208,24.334531180895034
5337.047,0.22817581718512395,4.200025539701222,24.32807745390345
5341.985,0.22737846466962994,4.200355949625477,24.320207045359872
5346.891,0.22668610003597334,4.200356233336579,24.31557225123961
5351.828,0.22559250329222721,4.200062243125964,24.318049832177163
5356.781,0.2236516173504537,4.200334201110411,24.310654770294402
5361.735,0.22663751840157462,4.200222338928545,24.31591002292024
5366.641,0.22740324755051455,4.200501702804252,24.31022771182996
5371.5,0.22620430912417547,4.200478714151629,24.305258670623722
5376.438,0.22543290828526055,4.200480412055734,24.303920751315946
5381.344,0.2243630946332165,4.200862834105259,24.293967948635785
5386.281,0.2140523280875844,4.199752453769464,24.295705557060703
5391.25,0.2173177681828171,4.200045878694636,24.282418730714888
5396.188,0.2149329880358183,4.200011833017318,24.27893558307596
5401.125,0.21327813013486832,4.199966563343415,24.270763338427084
5406.063,0.21594828393560317,4.199792701722133,24.267013109983395
5411.016,0.21483798641170662,4.200084465575596,24.269265925627156
5415.953,0.21554381694857558,4.20014812640395,24.27123924511099
5420.86,0.2137005588989107,4.200152864456657,24.264344631692573
5425.719,0.21554229174601072,4.200022258066965,24.254404687688947
5430.672,0.21182691961589165,4.200026247741745,24.254455062941446
5435.563,0.21410117715975216,4.200059879901991,24.254494912216483
5440.422,0.21403538020123222,4.200420276788327,24.249263863721815
5445.375,0.21524044193676586,4.200038744912987,24.246407373830767
5450.281,0.2174501154902068,4.200385678063967,24.242776870777472
5455.25,0.2128945060038716,4.20028076730882,24.239088610988254
5460.203,0.21215881326263097,4.200492732365718,24.246160481804857
5465.141,0.21394625707784834,4.200582647225514,24.233137398324434
5470.094,0.20432189335076584,4.19943652214272,24.23983206182202
5475.016,0.20247655282732796,4.199697441553796,24.225475826404235
5479.969,0.2047631830687242,4.199746832109861,24.22300980502061
5484.906,0.20476510594341046,4.199694296893725,24.219278919702575
5489.844,0.2039079364040694,4.19968282673998,24.230335839769555
5494.703,0.20294135285999365,4.199817837944035,24.216918036758475
5499.641,0.20696309654557607,4.199786179681226,24.211096164806968
5504.594,0.20352253657838953,4.1998153856099485,24.203830051427794
5509.531,0.2034039356423343,4.199872359125717,24.20256383390208
5514.469,0.20298801408449857,4.1998967593123595,24.19650897525426
5519.328,0.2020720640800659,4.200040488491619,24.19733973912281
5524.281,0.20423046608685758,4.200131736945772,24.189543876987642
5529.219,0.2026873273156307,4.200078982851169,24.189277421989008
5534.094,0.20356853431533697,4.200088836679171,24.1882607978796
5539.016,0.20306192150834673,4.2003587231322825,24.184050067590846
5543.953,0.20605335264385108,4.2003741439635,24.178887386892818
5548.828,0.20309975994249405,4.200289841132513,24.174084612625627
5553.766,0.20137970488904924,4.200419121395071,24.179192707405342
5558.703,0.20074378909522164,4.200433443661191,24.168432972597998
5563.578,0.20310624352939532,4.200344508433363,24.169856634104054
5568.5,0.20101323339883717,4.200278643941884,24.177459098007294
5573.438,0.2052245575100325,4.200503981878279,24.169690321889085
5578.297,0.20410504853197078,4.200374384880241,24.168544429251448
5583.266,0.20231363596548085,4.200387718427758,24.17118158367838
5588.172,0.20054101219796067,4.200648711815694,24.167428678908163
5593.11,0.1924820998665863,4.199955851609288,24.167292393256652
5598.047,0.19000107730793042,4.199869062899467,24.167444528184237
5602.985,0.19054251498836217,4.199746027929535,24.15516521793503
5607.938,0.1944156172699987,4.199903217816196,24.145195317825046
5612.891,0.1934200232469819,4.200093277541073,24.137268206149475
5617.844,0.19343201931472498,4.19982724635578,24.143986695285896
5622.781,0.18993417849165245,4.199972176440216,24.137158251484998
5627.703,0.19099354853886488,4.200031886096104,24.128007121842423
5632.625,0.1895788838380801,4.200047123911912,24.1327837554277
5637.594,0.19010780756797982,4.200103882034047,24.129669451373598
5642.531,0.19044089135557973,4.2000196766368685,24.126392385921257
5647.469,0.19161856094984972,4.200391231940315,24.122567615412226
5652.344,0.19072893921726677,4.200245827177308,24.124072785558983
5657.266,0.18942461370302954,4.200594761795121,24.117416280921258
5662.203,0.18233825367537357,4.19944719473347,24.11463014592399
5667.078,0.1813784520902456,4.199692012193111,24.10917286300758
5672.016,0.18158763788068508,4.199164384994159,24.11343057386346
5676.938,0.18547493999565362,4.199502362087718,24.11402647197192
5681.813,0.18232027891921687,4.199462972439089,24.11292952680496
5686.75,0.18155266660883182,4.199241170840972,24.106613295822036
5691.688,0.18304331739941035,4.19947485675047,24.105814204175985
5696.547,0.17750281969596132,4.199368302559924,24.097011319379686
5701.531,0.18105550534379158,4.199618987905663,24.10259039941554
5706.453,0.1809899002702645,4.1995556083589785,24.10880452428228
5711.391,0.1822155968254393,4.19981080967665,24.098914869017516
5716.328,0.18157892944824622,4.199822000440934,24.09443069232553
5721.203,0.1820763191815082,4.199505555206289,24.090863409083102
5726.141,0.18141219099574835,4.199482886538609,24.07957781067526
5731.078,0.1807334473833908,4.19997746449534,24.086587985904874
5735.938,0.1816185513664439,4.199601900770528,24.082758596435937
5740.875,0.17918147649997276,4.19986104411926,24.085923789778533
5745.813,0.18101722182715077,4.199771287702786,24.090044669685952
5750.688,0.18139178579553547,4.199881573841478,24.076612662449804
5755.625,0.18112488905054755,4.199847732487022,24.069777492441062
5760.547,0.18163247560688583,4.200154766728555,24.066044388971342
5765.453,0.18029837619639386,4.200158892833474,24.074829451272336
5770.375,0.18193654179283253,4.199839850528738,24.065564201000747
5775.313,0.18222366483673086,4.199923113360365,24.065961742983667
5780.188,0.18252667497554714,4.200478632719817,24.062749107521512
5785.125,0.1806251683901573,4.20042605919912,24.060687371688857
5790.094,0.17776430293775536,4.200139252755147,24.048846966910016
5795.016,0.1790529045949061,4.199994441294899,24.05266735464672
5799.938,0.17875874819048315,4.200371922552185,24.040491950388443
5804.813,0.17854317624329616,4.200400007118212,24.037593723561805
5809.75,0.18119854291238935,4.20068454684752,24.036875574096456
5814.688,0.17787125942337034,4.200319977934564,24.037164502018367
5819.953,0.17967712420892315,4.200619643469158,24.045625607241842
5824.906,0.1782913283458029,4.20034622406845,24.038331565753854
5829.891,0.1790113652205004,4.200716023549081,24.024823024489677
5834.86,0.17791167846448486,4.20057002481315,24.022142302495002
5839.813,0.1796494425672492,4.200872721546675,24.025605467377336
5844.719,0.18082607834281794,4.200683939757441,24.026669622609354
5849.688,0.17574849722663402,4.2010790460112,24.0242875519641
5854.641,0.1801622317338743,4.201012165819471,24.02689229480413
5859.594,0.17925785924543,4.20098179352539,24.01186535932228
5864.547,0.17746868815343106,4.200876592693162,24.007215637371953
5869.5,0.17638320454696324,4.2009276847365955,24.01844863369643
5874.469,0.17749557550451556,4.200892002830876,24.00644537349101
5879.406,0.17785796958460162,4.201134639651096,24.005757872343526
5884.328,0.17941725251447893,4.201457908468235,24.008651485578653
5889.266,0.1745643492622311,4.201411035941412,24.002569842267985
5894.219,0.17602603825981233,4.201502008878448,23.99954193622871
5899.094,0.17861104983583953,4.201184326980642,23.989939500550488
5904.047,0.1817007556312371,4.20139975650377,23.989185436217554
5908.969,0.17887456525551443,4.2012341021209405,23.99442061230026
5913.906,0.17654860307401107,4.201638385104026,23.977890243039216
5918.875,0.16764105031692675,4.201062931181931,23.979549359202593
5923.813,0.15873340633634642,4.200031041579069,23.96801525250751
5928.766,0.15862727695845535,4.199711841716542,23.967362894370982
5933.703,0.16058847266945822,4.199879175231075,23.976613299987946
5938.703,0.15468421787039358,4.199988914106971,23.975636079274597
5943.641,0.16160626360223995,4.19996111988145,23.980577646561787
5948.594,0.15737744991639688,4.200007417666625,23.979507414439993
5953.516,0.15806666102253442,4.200008123878965,23.9737665998689
5958.375,0.1528374264360949,4.1999974887798315,23.974420800044992
5963.328,0.15432617810995564,4.199967807835336,23.970087257147387
5968.266,0.15900431075505053,4.20006643000047,23.966412508128133
5973.141,0.15826496697009731,4.199789448083189,23.969407517857828
5978.078,0.15939438535391265,4.199739914181622,23.96900825851392
5983.0,0.163009108034598,4.199909690755217,23.95309768333915
5987.86,0.15820097422362375,4.200036504222589,23.96135443627387
5992.797,0.15695653101262363,4.20012837131951,23.948826052767664
5997.75,0.15981178635817733,4.200124905675626,23.951421442611732
6002.688,0.14859038564089522,4.200279200464774,23.951097301363845
6007.656,0.15545780554863622,4.20000254363129,23.937707017478115
6012.594,0.15528292680284309,4.200114416867006,23.935101783321294
6017.516,0.1586831166052123,4.200622248496712,23.937144286232638
6022.375,0.1477235982477998,4.199285408074925,23.936368678643188
6027.36,0.1492637346686117,4.199441552180915,23.935068804515183
6032.313,0.14696291659031083,4.199342488844752,23.930371167008765
6037.203,0.14896842029178234,4.198922006052705,23.928729969785596
6042.141,0.1478853797556311,4.199174654371025,23.925245871128066
6047.094,0.14452277917533035,4.199699631599276,23.91823313652806
6052.031,0.149346812861376,4.199456494974559,23.924100423611918
6056.985,0.1473578193924837,4.199143157866406,23.91870715363005
6061.922,0.14987242455808059,4.198956381623333,23.918209827994936
6066.86,0.15057509342614409,4.199197118976847,23.919474514620966
6071.719,0.14816891319736203,4.199328212097076,23.923352353383805
6076.672,0.14890390049618465,4.199372399444524,23.91043399503233
6081.61,0.1446248093162922,4.199625588276747,23.902454320230852
6086.563,0.1466812050030519,4.199329615155046,23.905251849476723
6091.5,0.14624028069186817,4.199542894720618,23.900809112979907
6096.438,0.14410426580856273,4.199357998595685,23.888997954651686
6101.375,0.14795770250911425,4.199208777608534,23.89055894113581
6106.25,0.14690892546729145,4.199358906370642,23.894008742861207
6111.188,0.14862575206569514,4.199377292334006,23.893322526449534
6116.125,0.1464036316229592,4.199807753869224,23.89147989919995
6121.063,0.14570156010089144,4.19962329837967,23.879427829571124
6126.016,0.1457796376760255,4.199444499397173,23.884312960317068
6130.875,0.14737218178766753,4.199780336218992,23.893627923910884
6135.813,0.1449849317103274,4.199678223989346,23.882357844474637
6140.75,0.14702090053516703,4.199689101962342,23.888738860913378
6145.703,0.14840451687244974,4.1999358435334,23.88540240652482
6150.641,0.14571220310264815,4.19949594655207,23.87887825032719
6155.594,0.14681209182767052,4.199813988912066,23.874079042742654
6160.531,0.14597791050922804,4.199529189791239,23.85723818613717
6165.406,0.14630411267237245,4.199698273314798,23.86373653060388
6170.344,0.14510568049505598,4.199767085457106,23.86920005989485
6175.281,0.14253322747334535,4.1999403213401,23.864320370568496
6180.219,0.14685255164027736,4.199984195589858,23.854173597235544
6185.172,0.14656667282778071,4.199987550980079,23.862461081298875
6190.11,0.1449584349777379,4.199931705839734,23.85310272219985
6195.047,0.14849006599681236,4.200080613712094,23.850552438508068
6199.906,0.1471572105693066,4.200303594919058,23.85428214556463
6204.844,0.14793245090542678,4.200088584474917,23.848270193576266
6209.781,0.1440772609334357,4.200004681805695,23.851923035677004
6214.719,0.14813145134433897,4.200259494914395,23.84558429165754
6219.672,0.14301336058245326,4.200337855611854,23.849805328430158
6224.61,0.1423711239227018,4.200261431835886,23.851149646841016
6229.547,0.14599068232403659,4.200424706727266,23.85064183601985
6234.422,0.14593688932524693,4.200348908599807,23.842740323158157
6239.36,0.14484199422473282,4.200500301179855,23.850843011275305
6244.297,0.14616001334935358,4.2005053171030164,23.855473332784584
6249.235,0.14479881966181476,4.200066258133456,23.855032479716474
6254.188,0.14681172237557666,4.200737738209768,23.849591350802346
6259.094,0.1325039568151668,4.199493249789762,23.836021694402852
6264.0,0.1336098553348586,4.199921653530107,23.84723061105141
6268.953,0.13611282193190963,4.199421684585529,23.82612829974545
6273.922,0.13389421919566477,4.199727739288266,23.83399445557124
6278.844,0.13645003133850855,4.199678507254106,23.82985649609565
6283.843999999997,0.1340475430028493,4.199427489807106,23.827057238963558
6288.781000000003,0.13484115350199918,4.199856627825472,23.817704797707805
6293.718999999997,0.13413948209494728,4.199717286557279,23.820305725444822
6298.610000000001,0.13641107605579791,4.1998282714946065,23.818749143409253
6303.468999999997,0.13526285893656645,4.19986962241769,23.816695673559092
6308.422000000006,0.13395287964495578,4.199882930575748,23.809896746448175
6313.327999999994,0.1326916725629963,4.199930189694411,23.80956725273858
6318.266000000003,0.13165699201675513,4.199875574691603,23.811108378394167
6323.202999999994,0.1335398231857032,4.200176094662849,23.805072332935044
6328.077999999994,0.13126566569970102,4.200075155218485,23.79804005807648
6333.016000000003,0.13546265176630326,4.200138621796332,23.809736359722816
6337.906000000003,0.1334134548906903,4.200003025617633,23.810236897206945
6342.797000000006,0.1331874158242346,4.199938653379227,23.802981962059565
6347.735000000001,0.13400479682745772,4.200116451999332,23.793038765926234
6352.625,0.13276523539675797,4.199959560441445,23.792798369087226
6357.5,0.13100202766453437,4.200125643476079,23.801189789461418
6362.437999999995,0.1364785433102652,4.2003575022499895,23.8037396038631
6367.375,0.13352353576589912,4.2001747848077216,23.798571159216273
6372.312999999995,0.13491444296779476,4.2002526296334075,23.790352976223108
6377.266000000003,0.13281547188183465,4.200225387738205,23.79067312069825
6382.202999999994,0.1334284092795389,4.200206551880086,23.787288107823922
6387.141000000003,0.133057625457975,4.200200965230702,23.77996024507445
6392.016000000003,0.13361037333122475,4.20017961209439,23.783266716700016
6396.952999999994,0.13266658477671497,4.200504532925583,23.77628182791461
6401.843999999997,0.1336497032538793,4.200452522149187,23.772826964622123
6406.718999999997,0.13295303581547652,4.20025535807697,23.76976286771523
6411.672000000006,0.13308435620401196,4.20051921207298,23.776551545302883
6416.593999999997,0.132680467962502,4.200459617232167,23.770880948273753
6421.468999999997,0.13282633305802152,4.20049058630012,23.764478306606225
6426.422000000006,0.1313926540960002,4.2006205850186555,23.7657297911236
6431.312999999995,0.12166264357200893,4.199792384056344,23.762350580773486
6436.187999999995,0.12394785350640403,4.199783194197291,23.754444632612284
6441.125,0.12261708939932134,4.1997884533700525,23.769294336389166
6446.016000000003,0.12283289976318756,4.199509876622236,23.7612004056168
6450.891000000003,0.1232308667015832,4.199669138014572,23.75911551168432
6455.843999999997,0.1232653434800455,4.199848775596713,23.750981748606435
6460.781000000003,0.12487986178945784,4.199952920678247,23.759326109398362
6465.702999999994,0.12384896120038713,4.199793077379654,23.755355616922525
6470.656000000003,0.12349311538867759,4.200092428737396,23.760376037323564
6475.593999999997,0.12168278436268289,4.199859214001132,23.757270896431454
6480.577999999994,0.1222880139924417,4.200043820914317,23.758944386417554
6485.516000000003,0.12272081833124919,4.199736487531604,23.75004692728088
6490.468999999997,0.11962383385925196,4.199947911979734,23.74823935210924
6495.406000000003,0.12149179443503302,4.199741995113682,23.728782875766765
6500.343999999997,0.12452185178863216,4.199791352217968,23.72851037586988
6505.297000000006,0.12390650612876154,4.200079919992642,23.726668616803575
6510.235000000001,0.12115731229111948,4.200018864647409,23.743036806540417
6515.110000000001,0.12298113124467629,4.199907671796319,23.73619522408376
6520.047000000006,0.12502878134513984,4.200176841438558,23.721725386240163
6524.937999999995,0.12256483209356601,4.20013309762869,23.729436290966756
6529.827999999994,0.12150125695867803,4.200138391455786,23.722107655550232
6534.766000000003,0.12371071312904983,4.200276305600352,23.72578964087549
6539.656000000003,0.12515901676260394,4.200068830341728,23.733223671981133
6544.562999999995,0.12323713880763736,4.200292848484054,23.726483852265233
6549.5,0.12348609522884423,4.199908312624728,23.715020926407455
6554.406000000003,0.12188954572717034,4.200013560791371,23.717640639584268
6559.281000000003,0.11913835618968358,4.200153514545842,23.709640598477126
6564.218999999997,0.11987553058308854,4.20024511254499,23.710876287970947
6569.110000000001,0.12516895253005197,4.200139180497903,23.71976017648712
6573.985000000001,0.12019495030880988,4.200430708187985,23.714287641712477
6578.937999999995,0.12187791943371575,4.200378066611468,23.714929345357685
6583.891000000003,0.12410106028364504,4.200499084385175,23.70976380348117
6588.827999999994,0.12015629128569384,4.200681416070318,23.713064274562072
6593.766000000003,0.12377788896285814,4.200198847976769,23.71509294909668
6598.641000000003,0.12267011369397238,4.200558336067408,23.70977076765072
6603.577999999994,0.119885054054189,4.2006072698692565,23.714960334230764
6608.5,0.12012185940083564,4.200584039680471,23.705312515702552
6613.391000000003,0.120450865203629,4.200639232956213,23.707567453784367
6618.327999999994,0.118126070578353,4.200682106476594,23.703673001073728
6623.218999999997,0.1202760612892689,4.20069473121433,23.694706210404014
6628.093999999997,0.11797464424401892,4.200660861443209,23.696403693023267
6633.047000000006,0.12136842407167994,4.200795413509706,23.691731940629797
6637.937999999995,0.12038348037864545,4.2007716741779015,23.684779547672903
6642.812999999995,0.11987431400984563,4.200900722705957,23.68810423751588
6647.75,0.11923240538506873,4.201090909048304,23.69430240971057
6652.687999999995,0.12058274025377111,4.2008263686257665,23.677625848566993
6657.641000000003,0.11876905132050868,4.200911103945382,23.677994617961524
6662.562999999995,0.12046990662857994,4.200982154535751,23.67768773876165
6667.437999999995,0.11954520135307477,4.201246619222084,23.68506824693805
6672.406000000003,0.12005162286756577,4.200956485244932,23.688960631867754
6677.297000000006,0.11953858291666791,4.20114136849677,23.68358217996308
6682.172000000006,0.12068227517764994,4.201003052130413,23.6794269344359
6687.110000000001,0.11748893525551653,4.201411972238881,23.680669093376604
6692.031000000003,0.12035699439806401,4.201149610797,23.677022468105964
6696.968999999997,0.1203722606361308,4.201272905262111,23.68087205486104
6701.891000000003,0.11960110063288937,4.201382611082878,23.675948576412004
6706.766000000003,0.1184223437182971,4.20132557234112,23.680956779739162
6711.702999999994,0.11859528354058348,4.201350363197766,23.6784324222871
6716.625,0.11912253622020635,4.201334311555548,23.674854255815212
6721.516000000003,0.12061872586242922,4.201533869249722,23.67222802529174
6726.452999999994,0.11947322490385329,4.201553420785029,23.66308861309996
6731.343999999997,0.11415383784714758,4.200803385156638,23.667241870621666
6736.25,0.10054407639094735,4.199854914378496,23.668226831093087
6741.187999999995,0.09782342191542853,4.199568011754015,23.656038409831854
6746.110000000001,0.09163174226467935,4.198893199558824,23.65221236602573
6750.985000000001,0.09099372065876109,4.198430644262057,23.650772622135634
6755.922000000006,0.09065804261917906,4.198524961521564,23.657509356721665
6760.843999999997,0.09007698269655164,4.198713216445745,23.644416007919013
6765.718999999997,0.087092433379605,4.198348944174058,23.650159795243688
6770.656000000003,0.08851037026226329,4.198564679030315,23.650567050048277
6775.593999999997,0.09306908360375604,4.198468915261011,23.645051335715163
6780.485000000001,0.08002906935162055,4.197426370643768,23.642475379854815
6785.437999999995,0.08043163809526936,4.1973572053248205,23.649036627998125
6790.343999999997,0.0825968616180337,4.197114200622194,23.650030278575713
6795.202999999994,0.08154191876512869,4.197267476822705,23.639478321169836
6800.141000000003,0.07950305283091624,4.1972596009559915,23.64225756598117
6805.077999999994,0.08109046835449833,4.197218918462962,23.644343255894807
6809.937999999995,0.08038443706464266,4.197234754910009,23.642751691540884
6814.812999999995,0.08175730638484432,4.197061079411663,23.631805472271886
6819.766000000003,0.07920085281093463,4.196995151286233,23.628968927631114
6824.672000000006,0.0823042158009837,4.1970772688643665,23.6240317636304
6829.531000000003,0.08351465690192242,4.196911864674757,23.629098275427648
6834.468999999997,0.07924016814022766,4.197065101996424,23.625805690654225
6839.406000000003,0.0797959941558783,4.19723323437116,23.627253604246302
6844.312999999995,0.08174374297479953,4.1970619873294135,23.627762709244237
6849.235000000001,0.08337511659755675,4.196963320650891,23.632385945900197
6854.172000000006,0.07931859434779111,4.197044220862559,23.6355427449046
6859.047000000006,0.08174391715314046,4.197035353441804,23.6359620542795
6864.0,0.07992714432391772,4.196846583385886,23.636153560390305
6868.891000000003,0.08159187857219095,4.196845513041666,23.626533291346917
6873.766000000003,0.08151778826763105,4.196966373832487,23.6309585126539
6878.641000000003,0.08280964501999928,4.197022835824796,23.625844693701467
6883.577999999994,0.08313068213849178,4.196765856285619,23.62464829180068
6888.485000000001,0.08333392038428207,4.196719856534382,23.625280235243014
6893.343999999997,0.08118470095697339,4.197051625032964,23.618316649301086
6898.281000000003,0.07948187188397865,4.196687095108914,23.61399104345178
6903.218999999997,0.08223051408042024,4.1968146133774695,23.61917851606104
6908.093999999997,0.078353199975712,4.197050305068332,23.61101965283002
6912.952999999994,0.08139207817526478,4.196959420676486,23.600579655083955
6917.906000000003,0.0807684739223631,4.196789635157818,23.609231146979447
6922.797000000006,0.07312362329850958,4.19608986733588,23.60304517289917
6927.672000000006,0.08019565291062923,4.196638446124821,23.60734681560522
6932.610000000001,0.08303846942930644,4.196800201157436,23.596368551149688
6937.531000000003,0.08324717941644975,4.1969017741342425,23.60358106285318
6942.422000000006,0.08003186402803365,4.196976060517316,23.607258459886218
6947.343999999997,0.08361674840189057,4.196902588594291,23.60871464979185
6952.281000000003,0.08257267944710947,4.196753936073659,23.598897726684346
6957.156000000003,0.08077022760338173,4.196871967727131,23.59556643964242
6962.077999999994,0.08321976928490428,4.196921026568616,23.581481966080776
6967.016000000003,0.08031591968218892,4.197037206453896,23.585733123376468
6971.875,0.07914514108655571,4.196756182866477,23.592147005894304
6976.75,0.08458123335210892,4.196899101812103,23.585534767824548
6981.687999999995,0.08160668934483528,4.196969044514724,23.585999799640806
6986.577999999994,0.08142512113986893,4.197076646911085,23.579740339225534
6991.468999999997,0.08130956225675184,4.197065395975444,23.576395448629132
6996.406000000003,0.08281193470356688,4.197002466317632,23.573213946119974
7001.297000000006,0.08103274149440184,4.196865140874664,23.571118669566673
7006.187999999995,0.08214171912116208,4.196700289726304,23.57311990212741
7011.125,0.08358352381619186,4.196912074855918,23.57283236534204
7016.047000000006,0.08474764867113119,4.196825327520454,23.57353540300409
7020.922000000006,0.08137346832406735,4.196948848044693,23.57290360267951
7025.875,0.07717758039558707,4.19696045366895,23.57441968784531
7030.781000000003,0.08050878338629942,4.197084084508351,23.566231503036004
7035.718999999997,0.08262897603523658,4.197314324058498,23.56409016032042
7040.672000000006,0.07908983192753334,4.197390590489396,23.57359576205655
7045.547000000006,0.08273750636265587,4.196899035088066,23.552363015478875
7050.5,0.08692666843545173,4.197061543226581,23.565463606562385
7055.391000000003,0.08133941711057797,4.1971735561294885,23.56501690647802
7060.281000000003,0.08236104079083059,4.196518847001933,23.570056193672976
7065.218999999997,0.07976174939825112,4.197012693748212,23.570981397542067
7070.141000000003,0.08265699919225844,4.197063008081183,23.56381200110344
7075.016000000003,0.07370289410143141,4.196516894434856,23.568906905365576
7079.968999999997,0.07897867780703251,4.1974133610397395,23.55938230205908
7084.860000000001,0.0843188127939276,4.1969669720149785,23.56621855465746
7089.75,0.08127449217934417,4.197417393533875,23.553918494674313
7094.687999999995,0.07667183014881546,4.197171576240392,23.560670353182818
7099.577999999994,0.08264549116484238,4.197041279887633,23.557079642567516
7104.452999999994,0.0848179526569015,4.196968015451862,23.54937646853705
7109.406000000003,0.08564227586935623,4.1970291745890815,23.548457749486804
7114.327999999994,0.08204179851971213,4.197399907480613,23.541430508756136
7119.218999999997,0.08093883503534974,4.197248666730373,23.548975917717318
7124.172000000006,0.07686829506214288,4.197420563022421,23.551831037474855
7129.062999999995,0.06755873628864117,4.196610941639039,23.54068247270502
7133.937999999995,0.07370942954333572,4.196158518076445,23.538583353997996
7138.875,0.07894431074126479,4.197178795525822,23.542427092257142
7143.812999999995,0.07824869011462583,4.1973347961935366,23.537486653593024
7148.687999999995,0.0815052835785404,4.197381891246198,23.55400410556743
7153.641000000003,0.08269201461371534,4.197013190324465,23.5442148968403
7158.531000000003,0.0794481843723123,4.197573616635111,23.527443189290338
7163.406000000003,0.08206200316127012,4.19756988077365,23.532901858967218
7168.343999999997,0.08324242778847182,4.197406119337946,23.54347891680905
7173.297000000006,0.07873401409057136,4.197601904273083,23.533234837229827
7178.235000000001,0.08144531350135474,4.197737833620091,23.53264879175866
7183.172000000006,0.08063763915665234,4.197255757138067,23.533166915426325
7188.077999999994,0.07897426386771073,4.197613457854493,23.526667503621937
7193.016000000003,0.08191698406200999,4.19770453959331,23.524556445234705
7197.906000000003,0.08045892782856698,4.1971966924143125,23.52339813804624
7202.781000000003,0.08183982376406623,4.197536339320475,23.52311289843738
7207.735000000001,0.08137764880138341,4.197326198057878,23.512028726501654
7212.625,0.08178147062739397,4.197707515965528,23.524109292665447
7217.5,0.08435895697530298,4.197245133504925,23.526702839745116
7222.437999999995,0.07857790322033828,4.197742522262977,23.525632181187795
7227.375,0.08080807637186058,4.197564792006312,23.524104615286582
7232.25,0.08128016417747153,4.19795012027792,23.517925408387455
7237.187999999995,0.07636806352687187,4.197838051344027,23.516142475871813
7242.093999999997,0.0820190944597324,4.197700817072237,23.524013527555226
7246.968999999997,0.0791939037737646,4.197728880118207,23.519749692047647
7251.937999999995,0.08062517350570264,4.197964469433957,23.522807405836296
7256.827999999994,0.07991168655105048,4.1977796073907205,23.521604485757315
7261.718999999997,0.07998885823901337,4.198005026691287,23.522528399012195
7266.656000000003,0.08042577663047534,4.197798404823886,23.51580395744285
7271.547000000006,0.07725146703360271,4.197878703164917,23.520465782567737
7276.437999999995,0.07781256775781473,4.198032438351351,23.511790433383062
7281.375,0.08121027978818009,4.197736310744873,23.508339100608215
7286.297000000006,0.0799549335539415,4.198110572324647,23.515605912148477
7291.172000000006,0.07551576750864444,4.197800276445114,23.50149435587051
7296.125,0.08177694643387229,4.197589271548595,23.51350135639818
7301.016000000003,0.08173748118641673,4.197659595975884,23.5093163700855
7305.906000000003,0.07938408367161504,4.198125550620123,23.509088490352735
7310.843999999997,0.07915388688853897,4.197994111735861,23.501229848071123
7315.766000000003,0.08326327781481122,4.198204985955176,23.51011374301369
7320.656000000003,0.07744213734712097,4.1979808025277645,23.500643273094944
7325.610000000001,0.07971914010974923,4.198123711718696,23.504963436224163
7330.516000000003,0.07801873661352293,4.198092933718303,23.501119953554227
7335.468999999997,0.08114634175051468,4.198265446133477,23.49868754351565
7340.391000000003,0.07707517329372321,4.1980388741296615,23.503750425808665
7345.281000000003,0.07965962435472777,4.198320476639801,23.50015715724642
7350.218999999997,0.07505986844766455,4.1981619392278064,23.49245668649691
7355.141000000003,0.07580450700307259,4.198110385346599,23.484997340558554
7360.031000000003,0.08183201854443804,4.198348385924054,23.494198489777414
7364.985000000001,0.07963324890056434,4.198254383391906,23.490718614228353
7369.891000000003,0.07949234042576939,4.19834588498778,23.495008822128842
7374.827999999994,0.08007665563383062,4.198184310690611,23.49356284246565
7379.797000000006,0.0788847225223763,4.198609384112581,23.496445732465357
7384.687999999995,0.07869056891791726,4.198497761211273,23.497097763780832
7389.641000000003,0.07612780866335797,4.198256494102763,23.488969192165428
7394.547000000006,0.07880493735631187,4.198489265440043,23.493342173694316
7399.485000000001,0.07658659561850346,4.198787652266352,23.492736726110348
7404.422000000006,0.07828223522164386,4.198618462970075,23.48664199539469
7409.312999999995,0.07848523619003711,4.198309626792564,23.47882927560988
7414.25,0.07895775028474508,4.198676473179699,23.49690567419207
7419.187999999995,0.0764872391432461,4.198435116253178,23.486389802421872
7424.077999999994,0.07718576895811873,4.19872870287551,23.495150211394115
7429.031000000003,0.07756658972532951,4.1984406661092235,23.486260539586024
7433.952999999994,0.07899963253682961,4.198444728081748,23.49535792432106
7438.843999999997,0.07566395279521276,4.198560401462343,23.47776795282847
7443.827999999994,0.07638081185806905,4.198659934950022,23.481761468178323
7448.75,0.07738548348402821,4.198787158715489,23.482903811754042
7453.687999999995,0.07852277158797184,4.1987427718223485,23.481874250157905
7458.610000000001,0.0773072726372801,4.1988941425599755,23.483131678113516
7463.5,0.07917359805538257,4.198643880974061,23.468326129691516
7468.452999999994,0.07810974888086662,4.198888558056723,23.469629258530247
7473.375,0.07854547318097001,4.1989294647729665,23.46804428862005
7478.25,0.07805168068852696,4.198830841465444,23.481198059737977
7483.202999999994,0.07604448541118324,4.199035583005156,23.472116734499
7488.110000000001,0.07807265245988795,4.198553022744973,23.475487739779393
7493.062999999995,0.07555143353697666,4.199049684512802,23.474516785771005
7497.985000000001,0.07726504112173398,4.199011025144239,23.464346829976048
7502.875,0.07773181895772426,4.1991018844998935,23.46232545006135
7507.843999999997,0.07692766483475691,4.199113640834667,23.452858313505267
7512.766000000003,0.07667288145555756,4.198898461846231,23.465952394449438
7517.702999999994,0.07850784558103432,4.198919610249077,23.460196234888173
7522.641000000003,0.0781420547600903,4.198858862969178,23.449953185998638
7527.531000000003,0.0751945173410842,4.199138790486738,23.460128723594032
7532.468999999997,0.07815228803000394,4.199127460088604,23.451362118700583
7537.375,0.07577952890094082,4.199185887877466,23.457269483575605
7542.25,0.07686235510385478,4.1990828856780205,23.46025600064586
7547.187999999995,0.07623060612136874,4.19923299966317,23.453446794523124
7552.125,0.07736019578936847,4.199187508854122,23.459234875541505
7557.0,0.07765364652065007,4.199423515510613,23.46399101419886
7561.952999999994,0.07740479722355119,4.199114672183219,23.46234186169583
7566.875,0.06767955934174637,4.198566487590341,23.46495047209665
7571.75,0.06993501552733224,4.198162372662918,23.472989810292706
7576.702999999994,0.06951226016854001,4.198307147554982,23.47154099606001
7581.625,0.05694277028528175,4.197173554062137,23.462319825043817
7586.516000000003,0.05837284546371303,4.197400504139595,23.46171871345295
7591.468999999997,0.056743725003080676,4.1970811066352915,23.455729087497488
7596.391000000003,0.05787340479479128,4.196996867834885,23.45454239066417
7601.327999999994,0.05769592181039056,4.197160801140989,23.462850171107444
7606.281000000003,0.060224892124457724,4.197202978098047,23.464484878770346
7611.156000000003,0.05975935598147527,4.19688460951731,23.453548701077867
7616.110000000001,0.055774356550317726,4.197216669079949,23.451482944737833
7621.0,0.05667556931082442,4.196781471387928,23.446094675167416
7625.891000000003,0.05672913110886351,4.196865150684137,23.450591625204037
7630.843999999997,0.055924902758270605,4.197178157342189,23.45478946545752
7635.766000000003,0.059463425893261215,4.196851125593735,23.45003445488899
7640.718999999997,0.05554003604746019,4.197170018336339,23.44857710315862
7645.641000000003,0.057341985478982845,4.197244089624911,23.448401780631784
7650.531000000003,0.057346737063911725,4.197038948738029,23.4466739062758
7655.468999999997,0.06133005077379801,4.1968929273406745,23.44622536361477
7660.360000000001,0.05989102789628782,4.197003029235573,23.427304475493017
7665.25,0.057619215852242556,4.197404631851842,23.444756126573374
7670.187999999995,0.0590214943499135,4.1971164688499805,23.44280442522062
7675.110000000001,0.05625640874361088,4.197156987484413,23.44296504553813
7679.985000000001,0.0564508482235741,4.19707738963643,23.43937421728768
7684.937999999995,0.06038625996923086,4.196909343708039,23.43007249824303
7689.827999999994,0.05950728361014864,4.197112854549688,23.442307327232804
7694.718999999997,0.057476560298394826,4.197283829698821,23.43679112526017
7699.672000000006,0.05733473682119081,4.197122300274195,23.43531044860254
7704.577999999994,0.047960377999846704,4.196038907291578,23.441847192452478
7709.437999999995,0.05932404306735087,4.196890975213584,23.434806311331684
7714.375,0.056570872019592884,4.196884124258135,23.439296180747917
7719.312999999995,0.05631571187862221,4.197175782630219,23.436773364481166
7724.187999999995,0.0601690619810759,4.196841998375556,23.437801149730507
7729.047000000006,0.05509820123546641,4.197113204241129,23.43646080421778
7734.0,0.05585990165642265,4.197021506084941,23.430957310672273
7738.891000000003,0.05783791546873911,4.197166712897471,23.43033631498348
7743.781000000003,0.05896245454785391,4.196982961508955,23.43107729062316
7748.718999999997,0.04819207451935406,4.196097529494026,23.42405809810996
7753.625,0.05527710359999808,4.1969498832023575,23.42235041568593
7758.516000000003,0.05774260862342553,4.197034921533808,23.422224791464362
7763.468999999997,0.0577453298391952,4.196987075019043,23.424327943301925
7768.406000000003,0.05543520696281144,4.19727059211066,23.428824566276266
7773.343999999997,0.05768947098374718,4.197210310260651,23.421375158754458
7778.297000000006,0.059555026381072816,4.197194208507894,23.416635558393864
7783.235000000001,0.05937340457970827,4.196926263497485,23.414074308920746
7788.156000000003,0.057334488535636226,4.197145242702282,23.412419884887065
7793.047000000006,0.05516862017719074,4.197127512624932,23.415417696529463
7797.968999999997,0.05862181011294851,4.197234017420421,23.41977831100545
7802.906000000003,0.056344088099419556,4.197403982916734,23.408864585041986
7807.781000000003,0.05626823200094388,4.197005761454741,23.404833649594046
7812.735000000001,0.05550896134615164,4.197342185667764,23.41316229685552
7817.625,0.05948201490220596,4.1969357173895325,23.40961109794738
7822.531000000003,0.054613492544989956,4.197460662317223,23.414694071767094
7827.485000000001,0.05805353628020527,4.197297714072578,23.411967696840914
7832.391000000003,0.05762352500447902,4.197320265436915,23.40426888530223
7837.391000000003,0.047547586640260486,4.196607324094102,23.40444867747905
7842.360000000001,0.050384413320614344,4.196187487755049,23.401358100815703
7847.375,0.05817753750501246,4.1972664196293,23.409482930804526
7852.312999999995,0.05683505753074784,4.197140632357652,23.405818073126852
7857.360000000001,0.05690449741352239,4.197208329537469,23.401020583110434
7862.360000000001,0.05428211541580507,4.197351527769813,23.40086225078895
7867.406000000003,0.05829098119025392,4.197362431425394,23.400565908330137
7872.468999999997,0.05806335311862673,4.197671519490276,23.394492508990137
7877.547000000006,0.05953396655440583,4.19744592862953,23.38804922172772
7882.766000000003,0.061272139034443195,4.197608530193192,23.397594014648625
7887.937999999995,0.053447865952754865,4.197429405046941,23.39585209768542
7892.797000000006,0.05260649910575895,4.197119675371206,23.402183934356824
7897.735000000001,0.05667852795037869,4.197497013225885,23.398703194393608
7902.672000000006,0.060838115334650736,4.1975185243711355,23.39412863505174
7907.547000000006,0.05760420444226197,4.197302654757363,23.384559175479897
7912.5,0.057646125294308424,4.1973562429566,23.394485515887638
7917.406000000003,0.05804408205688168,4.1974548712653235,23.38706600181195
7922.281000000003,0.04873613964286113,4.196687862806777,23.390606282866212
7927.202999999994,0.04611711540362526,4.196674168952375,23.39357479114272
7932.141000000003,0.04651902449539888,4.196541832204725,23.38511655298263
7937.031000000003,0.054519887354501306,4.197280912055562,23.3906566201306
7941.968999999997,0.05506161163645324,4.197681333976103,23.390446108737738
7946.875,0.05544740200091977,4.197445672244682,23.38289531719099
7951.75,0.05826573437088725,4.197673737592202,23.389638114269875
7956.687999999995,0.05565172289215191,4.197409033237089,23.381136861176604
7961.610000000001,0.05547551769100892,4.197548073678493,23.376481027483546
7966.485000000001,0.054055769137565136,4.1973806571743655,23.38216373971336
7971.422000000006,0.04636227838613251,4.196789297340349,23.3764093401894
7976.360000000001,0.04779438603811176,4.196652054849244,23.3802252927299
7981.218999999997,0.03745675639120386,4.1960370937864155,23.38099909398731
7986.093999999997,0.037062413126258124,4.195545895999708,23.374536127214345
7991.047000000006,0.048270914655660656,4.196431142718466,23.390560478191453
7995.937999999995,0.05586133519032706,4.1972638519195,23.382640884384966
8000.812999999995,0.06138497058897942,4.197598788979155,23.38701838479548
8005.75,0.058135780256946684,4.197621272515946,23.39064681498707
8010.672000000006,0.057178055904602294,4.197758198196024,23.38517056549725
8015.562999999995,0.05562017434287252,4.197528449458997,23.377515762055975
8020.5,0.05719261459882701,4.197512936462258,23.38213659194795
8025.422000000006,0.05485981677970533,4.19750987428816,23.37964596066374
8030.297000000006,0.05708267716870847,4.1976253724705215,23.38016428022475
8035.235000000001,0.05303551735467567,4.197658457355901,23.37698942392418
8040.172000000006,0.05527768184216764,4.197589900986752,23.37340317099979
8045.031000000003,0.05909069982752033,4.1976746788452495,23.378308393507005
8049.906000000003,0.046943936332002736,4.196895630454535,23.37483162474825
8054.843999999997,0.03625339892178345,4.195779377516325,23.371024122463545
8059.75,0.03579662707292528,4.195650452957272,23.365330176014854
8064.625,0.0366983874946012,4.195642921189419,23.370028744736413
8069.547000000006,0.039521735210473176,4.195784487199653,23.362946914534664
8074.485000000001,0.037967435721397914,4.195749431635043,23.35439093943658
8079.375,0.03876110063808357,4.195610860461793,23.3619634849189
8084.297000000006,0.03772552663932074,4.19551577072463,23.354751855081886
8089.235000000001,0.04754164109236915,4.196248417892853,23.362773862074295
8094.093999999997,0.03510027358046799,4.195635966428805,23.36545643478483
8099.031000000003,0.0371376728251931,4.195480902004224,23.358343245615554
8103.968999999997,0.04523199118041964,4.196325080253183,23.363327209202104
8108.843999999997,0.05851500851433312,4.197099921349095,23.365877294651224
8113.781000000003,0.05423779433266334,4.197381873964764,23.370055872274595
8118.702999999994,0.055226754891971264,4.197538332246464,23.35454782892081
8123.577999999994,0.058040781981754976,4.197548916605813,23.3660306769571
8128.516000000003,0.05693901926890051,4.197646108184017,23.359015218171443
8133.406000000003,0.057522894841275735,4.197613011465185,23.352657232713533
8138.297000000006,0.05631852725472537,4.197647546856688,23.363857209110652
8143.266000000003,0.05982253361031055,4.197733825699651,23.360622739546706
8148.141000000003,0.054311633828239086,4.197618334362151,23.36074679950516
8153.031000000003,0.05504314219808829,4.197709535927483,23.36363125227722
8157.952999999994,0.05681073708758534,4.197632842666699,23.364871157686757
8162.860000000001,0.05731189673792081,4.197741208567876,23.36542675755487
8167.735000000001,0.05463561525664029,4.19782090923741,23.35505806311208
8172.672000000006,0.05444084920672567,4.197991263433964,23.354013781832343
8177.593999999997,0.05576258981593352,4.197611375459822,23.358314726192955
8182.468999999997,0.05687552941950007,4.198005321022379,23.356168809540318
8187.406000000003,0.05658361642951808,4.19785525674061,23.359539634831552
8192.297000000006,0.05624145139735554,4.197857875831769,23.359223272425336
8197.172000000006,0.0575887033102744,4.197906473033119,23.351482106621052
8202.125,0.055015450174206455,4.197955881053206,23.356151703621887
8207.047000000006,0.05551000300831442,4.197988429646172,23.36040578669045
8211.922000000006,0.047696375499414946,4.197206694225634,23.35020735679943
8216.843999999997,0.04585492930334043,4.19699626516669,23.34889678744143
8221.75,0.04971469926744768,4.197002026372871,23.352410126759576
8226.625,0.046675157209653394,4.1970715751184295,23.343516607407484
8231.562999999995,0.04500517432394296,4.197290186975975,23.344716679124943
8236.452999999994,0.047450440037651,4.197086588256289,23.34483803809469
8241.327999999994,0.04889657171494036,4.197173699224278,23.354672832144374
8246.266000000003,0.048143990935518334,4.197336356154665,23.338371475615947
8251.187999999995,0.04416998012845869,4.196986435792489,23.343641962324853
8256.062999999995,0.0434602422487108,4.1970505389295045,23.336028567662538
8261.0,0.04730513495788958,4.1971209964027105,23.339095384779924
8265.906000000003,0.035752803413780274,4.1962885976203195,23.341992347705954
8270.781000000003,0.03633748077197655,4.196128603788339,23.349303645000386
8275.718999999997,0.038473397543717945,4.196284297886603,23.33535270425517
8280.641000000003,0.0368867139675577,4.196188953091817,23.344129231775767
8285.516000000003,0.03922912026150693,4.196013106633519,23.33849800035465
8290.452999999994,0.03817493304223446,4.195905636015131,23.34346071687458
8295.343999999997,0.0371512821238205,4.19598134012531,23.3356979655743
8300.218999999997,0.02986155142101623,4.194989018265547,23.33578611116987
8305.156000000003,0.038755679893189225,4.196179909211397,23.332840149486593
8310.11,0.04055184360242867,4.195886859130667,23.327400745665962
8315.047000000006,0.03758970560851094,4.195834803595923,23.323262317330745
8319.968999999997,0.036793321156514555,4.195884910401288,23.327891704778636
8324.843999999997,0.03989035911500606,4.1959964584693585,23.329006544710094
8329.797000000006,0.03736283532229784,4.19580791040289,23.319631483057304
8334.687999999995,0.03534273404764863,4.195911361738846,23.319618773299563
8339.562999999995,0.03615902890599177,4.195949127885604,23.31759765971722
8344.5,0.036268332843814644,4.195891101256213,23.315338400735687
8349.437999999995,0.028591383896003898,4.194981906659625,23.31924553326368
8354.312999999995,0.03777295772426597,4.195786413261355,23.322669840352344
8359.25,0.03848771625384799,4.196278568733604,23.315959499282325
8364.156000000003,0.03757714526491581,4.195833032643953,23.323234681930106
8369.031000000003,0.03875466839535991,4.196028813427614,23.32303350864417
8373.952999999994,0.036659805096557495,4.195849548385191,23.333294098035722
8378.891000000003,0.039539317413453685,4.195714134305334,23.32122760712306
8383.766000000003,0.03707517949736209,4.196024939681821,23.329799897182536
8388.702999999994,0.03733084093113447,4.195867010387903,23.33178984133856
8393.641000000003,0.03598228062364402,4.195736649760349,23.33660657041871
8398.5,0.03929451011668786,4.195654961071292,23.33471577411456
8403.391000000003,0.03728774976946318,4.195947160095703,23.32957625206072
8408.343999999997,0.040140370585861646,4.195847330256365,23.315722398924894
8413.266000000003,0.037310905957177634,4.195780374799007,23.326992902273727
8418.141000000003,0.03622274676377009,4.19592923821402,23.32278694275124
8423.077999999994,0.03728085664457403,4.195999824924509,23.31916588805465
8427.968999999997,0.039394868914221344,4.195854575293851,23.31665336452642
8432.843999999997,0.03771724410321571,4.196153206586511,23.315226637115263
8437.781000000003,0.038981668695912464,4.195716751470928,23.315116682376747
8442.718999999997,0.03820707656692904,4.195951218650807,23.313303364516322
8447.593999999997,0.03847695739784714,4.196040646402298,23.30298739402571
8452.531000000003,0.039329975877172865,4.195924060813509,23.309608993907723
8457.422000000006,0.03700547865921019,4.195986145952843,23.307210864135225
8462.297000000006,0.036256416561342604,4.19604402782626,23.31232443912129
8467.266000000003,0.03973007295154676,4.196016541801705,23.314272910063988
8472.156000000003,0.040543170246044376,4.195953576238659,23.313042320916725
8477.031000000003,0.03679907262472837,4.195879099790583,23.310575617840406
8481.968999999997,0.03966850948063338,4.19586845806244,23.314240427198165
8486.86,0.036085654128891705,4.195796530948813,23.30935343677976
8491.735,0.03809924450169149,4.195956307410136,23.317655882592703
8496.672000000006,0.0382709685971537,4.195579576369233,23.315290527356016
8501.593999999997,0.0354329319364371,4.195806867766448,23.307339686873306
8506.468999999997,0.040108020821507814,4.195814472091645,23.31108669343321
8511.406000000003,0.03535459314802788,4.196231845389514,23.304842193064303
8516.297000000006,0.03917193005036348,4.195799123329069,23.301529473672268
8521.187999999995,0.03629044261825727,4.196001218141227,23.30121688214213
8526.141000000003,0.03497170526752958,4.196222186382188,23.3043577050168
8531.062999999995,0.028336684659371815,4.194992482333679,23.297514702708977
8535.937999999995,0.039852341423875344,4.196064913711105,23.292858269050264
8540.922000000006,0.03691180371460927,4.195800384170987,23.291996193697948
8545.797000000006,0.0404769231957479,4.196061463642229,23.29379391824747
8550.735,0.04035108346349633,4.196068682153759,23.297562866195882
8555.656000000003,0.03524021297526521,4.196006537797628,23.29885052330887
8560.687999999995,0.03783818652902491,4.196062379457534,23.29668562661117
8565.61,0.038523533132286195,4.196101811488408,23.305037159828277
8570.485,0.03377421534594377,4.195995641765318,23.305333335058922
8575.437999999995,0.03724295855494528,4.196072927447002,23.294877984884792
8580.327999999994,0.03872590211169894,4.1959258637685615,23.28915922446787
8585.202999999994,0.037475100685314976,4.1959672331985685,23.2909262893161
8590.141000000003,0.03865482665445141,4.195854588119539,23.290145397136836
8595.062999999995,0.041024450381024175,4.196294871099886,23.291464427873674
8599.937999999995,0.03961627543476442,4.1960592493340005,23.289232181832155
8604.875,0.036039389398673065,4.196148599625753,23.290073906492523
8609.766000000003,0.03586988700254728,4.195807446009048,23.29010226007586
8614.656000000003,0.035369524088682915,4.1961760405904105,23.28517197729513
8619.593999999997,0.03668081050873304,4.195864175972244,23.289606538555326
8624.516000000003,0.0386652607249269,4.1959157132191836,23.293159178598767
8629.391000000003,0.0377757889961204,4.196101921590596,23.29145992135625
8634.327999999994,0.037321374252872845,4.195915083948523,23.295578176381692
8639.25,0.03835730847435884,4.1958026072523875,23.29011871469005
8644.125,0.03748298400773813,4.19596904775339,23.280705221457385
8649.062999999995,0.035148603437814806,4.195969167723744,23.291149583246558
8653.968999999997,0.03635534651544397,4.19591519067402,23.288142128633435
8658.937999999995,0.0400825301495717,4.1961582318348345,23.286242809444495
8663.86,0.03932242019469576,4.195966499873922,23.282086788363596
8668.735,0.03775650005613175,4.196277039247442,23.284163064824284
8673.672000000006,0.03698503863072347,4.195948285371216,23.29025129771524
8678.562999999995,0.03828256496600269,4.196190025938838,23.279249237923647
8683.437999999995,0.026519266023126733,4.194917000033362,23.284995444006167
8688.391000000003,0.036247366679741884,4.196278240310128,23.27709760097514
8693.297000000006,0.03496295516247124,4.1961567999821705,23.278746736607356
8698.187999999995,0.03661978238992605,4.196083603237427,23.282552662328747
8703.125,0.03752254185836688,4.19614294725344,23.286221380796636
8708.016000000003,0.03614362472532317,4.196324018326931,23.281711005093065
8712.891000000003,0.0371202882387296,4.196110069935369,23.278549022383316
8717.843999999997,0.03454806514214342,4.196161015027698,23.277898592088544
8722.735,0.03648738370427075,4.196181402689547,23.288345757399767
8727.641000000003,0.026839563966563545,4.195206837005243,23.284036040393
8732.577999999994,0.033978208777524964,4.196077673909614,23.276837851132246
8737.468999999997,0.03936558965256269,4.196280976320834,23.279858488057727
8742.343999999997,0.041339588993291966,4.1963373574981055,23.28137571768447
8747.297000000006,0.03590479958023984,4.196295433944033,23.27674564534916
8752.187999999995,0.03683302145424514,4.195870426826358,23.279793088190544
8757.062999999995,0.028664764373580738,4.195228380823757,23.276077763678828
8762.0,0.036593283321527316,4.196139723014117,23.28141115561962
8766.922000000006,0.03874583068753772,4.196154515491656,23.282835132147365
8771.797000000006,0.036137740032374736,4.196200485689762,23.272498751613995
8776.75,0.025540970503483085,4.195490823007951,23.2707595212442
8781.641000000003,0.03565628371033958,4.196031208170808,23.26941561448451
8786.516000000003,0.03757142287674228,4.196249733342465,23.26982471649316
8791.452999999994,0.033779078398744056,4.196173780963015,23.26950989033601
8796.375,0.033930756003795526,4.196196813120019,23.262286506844443
8801.25,0.029849332378473516,4.195467239912526,23.265989735756783
8806.202999999994,0.037394338734849875,4.196097000276977,23.26248384343348
8811.093999999997,0.03579621220373295,4.196410958601794,23.264162129778956
8815.985,0.0370723723331603,4.196088318014653,23.26837021967508
8820.906000000003,0.03646628654543243,4.196016756870884,23.261364984334595
8825.843999999997,0.038552884098803815,4.196114375488445,23.255047239324067
8830.735,0.03727287378590701,4.196324155470439,23.264646997795758
8835.687999999995,0.037953977175403796,4.1963453180130035,23.261745293740972
8840.593999999997,0.038395236708750946,4.196204567186891,23.26179539570635
8845.468999999997,0.023751770484737107,4.195347938814349,23.25956856471997
8850.422000000006,0.035799981541117964,4.196176342659548,23.25482004912213
8855.343999999997,0.03695881001715277,4.196134417079612,23.250485473607956
8860.235,0.025840787391815927,4.195535194547717,23.258638859801206
8865.187999999995,0.03322164183795892,4.1964786757869055,23.25484079199727
8870.093999999997,0.03665838693043475,4.196207498337833,23.257437359716498
8874.985,0.03548637285899993,4.196133163466447,23.26357195829958
8879.937999999995,0.0364994391119627,4.196452850693575,23.26278374959157
8884.86,0.03567582602379997,4.196365590900652,23.26521809397708
8889.75,0.03423628138057608,4.19645151501315,23.256952421064597
8894.702999999994,0.036489715529058976,4.196512302905429,23.2587580503429
8899.593999999997,0.03304156544691875,4.196411316621118,23.266964659235885
8904.485,0.03720023824488993,4.19653571472058,23.261350970811776
8909.437999999995,0.03441600364812026,4.196468454500583,23.26907294970398
8914.327999999994,0.03713217695675078,4.196548868063053,23.265560336445848
8919.202999999994,0.039212258073615495,4.196484470877898,23.262679593017882
8924.156000000003,0.03551194915569067,4.19649374163071,23.260825930111977
8929.077999999994,0.03552829763894214,4.1965200597768595,23.25314036478685
8933.968999999997,0.03553693361577014,4.196400831984582,23.270612508029146
8938.906000000003,0.03500471223876928,4.196512398767982,23.264435121717167
8943.812999999995,0.03916670101812061,4.196527284806254,23.26697331920629
8948.687999999995,0.039013197413981945,4.196473033876751,23.260969955446743
8953.625,0.036035169510006904,4.196648553774045,23.266974877438066
8958.562999999995,0.03602408249088556,4.19651007347525,23.263262635930047
8963.437999999995,0.040233820828698856,4.196514875139177,23.266873020415822
8968.391000000003,0.038979187929695326,4.196484149421993,23.267599684916316
8973.281000000003,0.03770378886479163,4.196412119294789,23.27304754736985
8978.172000000006,0.03726648740218641,4.196622745756762,23.26303723460807
8983.093999999997,0.03355194794996667,4.196535212313748,23.25623733988162
8988.031000000003,0.0359331634829913,4.196714790863916,23.26077271459416
8992.922000000006,0.023439072289207837,4.195822003681954,23.252446796366655
8997.86,0.027645751464365407,4.195646264755838,23.261953285593755
9002.75,0.028449460233156712,4.19571286990176,23.254310979981003
9007.641000000003,0.02679421106224978,4.195480314888968,23.251175913240143
9012.577999999994,0.03721828729570013,4.196402084215053,23.24760472743546
9017.5,0.03809167674639114,4.196525908980947,23.247779621556468
9022.391000000003,0.03319343673932651,4.196494318137636,23.25079422975819
9027.343999999997,0.036072957761038124,4.196596920214623,23.25068496031399
9032.235,0.03830908935881754,4.196547352211247,23.247527434855463
9037.11,0.03845686038539083,4.196408369769081,23.238806388844065
9042.062999999995,0.03343798935614895,4.196389172386957,23.251567390429237
9046.968999999997,0.035450663490059,4.1964842684607335,23.248097049457837
9051.86,0.03634154903872021,4.196633543525752,23.238302458354045
9056.812999999995,0.03649832978302981,4.196691206811692,23.232721654871053
9061.702999999994,0.03478133194324293,4.196493003083757,23.241073394754533
9066.577999999994,0.029212813553311807,4.195887908743326,23.23242789470286
9071.531000000003,0.02369285825322794,4.195873705666706,23.236206835654183
9076.485,0.028103003965760855,4.195726329170509,23.230285669011863
9081.36,0.024094115069782956,4.1956533150782676,23.23137432818237
9086.312999999995,0.026295336139906103,4.1955754665007,23.237710469035108
9091.235,0.024516354836310896,4.195689518665839,23.2372457202841
9096.11,0.02651480476409175,4.1955794319834645,23.22896884545699
9101.062999999995,0.024648365088455273,4.195489522553101,23.230057097649148
9105.952999999994,0.03448576481209139,4.196476416988417,23.234662623870197
9110.827999999994,0.03417699646052733,4.196526625333558,23.232077353237692
9115.766000000003,0.032888943479480924,4.196714028550422,23.235697784192404
9120.702999999994,0.03519386506684883,4.196626798684254,23.22895945719288
9125.577999999994,0.03815402757123349,4.196484529717208,23.237383000550512
9130.531000000003,0.03334215274478421,4.196873579648997,23.24519892637891
9135.452999999994,0.03761612618650252,4.196736885700591,23.240977284365997
9140.327999999994,0.0360079339842838,4.196529942654444,23.222021116696222
9145.266000000003,0.037400218261100696,4.196427293713445,23.22941392879618
9150.202999999994,0.03688634955609629,4.1966841414981015,23.23030930400686
9155.077999999994,0.025340902989472013,4.1961238421829306,23.23099046882913
9160.031000000003,0.023927117317025876,4.196014822339577,23.229910362167498
9164.922000000006,0.02499235380335818,4.1960634187404855,23.23177880308744
9169.797000000006,0.02539152293792287,4.195957266907723,23.2256755803474
9174.735,0.026167894061577487,4.195802338766089,23.234284005826733
9179.687999999995,0.026068556404484043,4.195891925957729,23.23355967526896
9184.625,0.027468472360415816,4.19565211705329,23.237056665592803
9189.562999999995,0.027500545247762714,4.1956463293947355,23.235744711485072
9194.437999999995,0.02382200181360289,4.195909195571532,23.240682219370868
9199.391000000003,0.025724157379738925,4.19564535575463,23.238468045621936
9204.297000000006,0.024984781382965195,4.195757096344608,23.22694581161996
9209.187999999995,0.02517654490745799,4.196024077078537,23.22585885428042
9214.141000000003,0.029064431851370563,4.195713906833627,23.221291162201585
9219.031000000003,0.027772918296249578,4.195543053496473,23.220316289278465
9223.906000000003,0.03456799980732443,4.196533590176147,23.22444683953302
9228.843999999997,0.03459513858418378,4.19663096996182,23.21915153187193
9233.75,0.034419820798836355,4.196693314429793,23.212722147619427
9238.61,0.03319834343701129,4.196610409955869,23.204998023641984
9243.562999999995,0.025837513776365572,4.195640662328569,23.220955154989834
9248.485,0.02456782700978788,4.195794802308023,23.21335892105207
9253.36,0.026524698612777845,4.19572265004263,23.21286020118598
9258.297000000006,0.025749501595969677,4.195974490410997,23.220794403831434
9263.202999999994,0.02835214853809253,4.195898039433327,23.219021481845022
9268.11,0.026137534851368223,4.195646602849156,23.219735667145684
9273.062999999995,0.026277156386978008,4.195720940818975,23.20716166957209
9277.952999999994,0.024771060448026315,4.195918847318702,23.2100682000121
9282.827999999994,0.024422254389599937,4.195875803562007,23.20747753899868
9287.766000000003,0.026695208733946364,4.1959152944320985,23.212075523101152
9292.735,0.02415101720633053,4.196043403735372,23.21228601084851
9297.625,0.029712801375735703,4.195720666781051,23.216600507669124
9302.547000000006,0.026618038422402224,4.19571854061329,23.21312860056776
9307.452999999994,0.0259923021003082,4.195907734061221,23.215832957151257
9312.452999999994,0.02736176732141815,4.195864521079335,23.210744578788475
9317.422000000006,0.02372772200245628,4.195761288426894,23.212268654387994
9322.422000000006,0.02798716237992555,4.195785233183365,23.19652503183037
9327.406000000003,0.025816002731275472,4.1958292951059555,23.20507839750873
9332.375,0.026293676526399745,4.195858567836271,23.20268925870206
9337.343999999997,0.02739778244312435,4.1958649091752696,23.192847746152115
9342.312999999995,0.02392461223103451,4.1960125109239375,23.20219205944218
9347.25,0.026109685594213075,4.195760585646931,23.20773627847373
9352.266000000003,0.027089014533942746,4.195464951369955,23.210346336641383
9357.202999999994,0.037724699996844094,4.196614660627617,23.205003278234138
9362.077999999994,0.035723467716906994,4.196582875502722,23.200285571275796
9366.968999999997,0.025008126820094068,4.195876762175743,23.201915613531874
9371.906000000003,0.027879605929795034,4.195822431427429,23.201286655391783
9376.797000000006,0.02539577849425407,4.195856898060141,23.196150063786497
9381.687999999995,0.02507963356495427,4.195695128796937,23.200312745056824
9386.625,0.025050985075619314,4.195799527873514,23.202147766147586
9391.547000000006,0.025597265599604117,4.195793985328428,23.199406289509263
9396.437999999995,0.02354065175449599,4.195909702714288,23.203005022394947
9401.375,0.026355541711981317,4.195842308584564,23.2084958326022
9406.266000000003,0.022921279121847635,4.195894229952615,23.206430192367943
9411.156000000003,0.028598782197058754,4.195975802029399,23.207180208800594
9416.11,0.02890992598441031,4.1958349711146985,23.20804252246956
9420.985,0.027137250550119004,4.195790113022002,23.208077834075276
9425.875,0.026839240028138662,4.196002606845693,23.210763518817384
9430.812999999995,0.024601200152730596,4.196015490139557,23.20814380815448
9435.735,0.02615696624769207,4.195651342160951,23.205165608488745
9440.625,0.025095802936325975,4.195997214642269,23.19567507083944
9445.562999999995,0.02435881981271687,4.195858853433026,23.191338430110218
9450.452999999994,0.02384655213793166,4.195709653207701,23.19982258937443
9455.327999999994,0.028396267319930467,4.195957080623772,23.192551240990113
9460.281000000003,0.024726231795555217,4.195927483770496,23.199388161241387
9465.202999999994,0.02694377616930646,4.195822451629082,23.1931355121344
9470.093999999997,0.026728492718606063,4.195982977897046,23.190094147028944
9475.031000000003,0.027086391682769984,4.195858888427295,23.194309477382564
9479.922000000006,0.025324346523044626,4.195911150136766,23.193096379537607
9484.812999999995,0.02687022981069542,4.196086851129636,23.181516312036642
9489.735,0.028074244628558797,4.195860323381256,23.186050210699182
9494.672000000006,0.026181758093485493,4.1958322062375615,23.18702970853874
9499.562999999995,0.027094655477988828,4.195871079534152,23.187074991498932
9504.5,0.026986341690149764,4.196049239915541,23.186593783731364
9509.422000000006,0.022864317815043854,4.196016436457249,23.185051528950137
9514.297000000006,0.0269894463359309,4.195932484776804,23.18283423622852
9519.235,0.02713079260121938,4.196066053928173,23.185902741297014
9524.172000000006,0.025802106826262064,4.195888114592652,23.183575463141487
9529.047000000006,0.027280667374318248,4.195938538631071,23.171791018385154
9534.0,0.02647493027141971,4.195890584591345,23.18051243763964
9538.891000000003,0.026795632317490613,4.195864196601399,23.1752915869321
9543.781000000003,0.027069388402075328,4.195917584550541,23.182924193294518
9548.735,0.02849350759102677,4.195927719350139,23.186885363655872
9553.641000000003,0.023999821728195314,4.196025021396788,23.175786759208318
9558.531000000003,0.027150421465445548,4.195966234064789,23.184535221969522
9563.468999999997,0.02547389976762002,4.195856869675804,23.17962150759279
9568.375,0.023403861888047633,4.196009549690287,23.18245079037224
9573.25,0.024605028276934702,4.195896705277827,23.179111655462474
9578.202999999994,0.02338361418810844,4.196060376205133,23.1781665968874
9583.11,0.024994232779804178,4.195950757530419,23.173289845313587
9588.0,0.02406730805068333,4.195965513771009,23.176032146763827
9592.937999999995,0.027205228269403327,4.196059081683643,23.178744383861886
9597.843999999997,0.022397537753779125,4.195804830907455,23.175726807903928
9602.718999999997,0.024662772975283853,4.1961300161254655,23.180497263317147
9607.547000000006,0.027485976470198348,4.196089057819157,23.172005803339022
9612.36,0.02617812038750679,4.195981575116622,23.16918546013079
9617.187999999995,0.025531017912812842,4.1960791630334295,23.176878225251816
9622.016000000003,0.023415390939847725,4.196026017644188,23.173653558094617
9626.843999999997,0.02756792549077566,4.1958467142699,23.168343029848753
9631.656000000003,0.027891568594642768,4.196226887353219,23.16350993898453
9636.485,0.022142872734287857,4.195988356738129,23.178094635362015
9641.312999999995,0.02948677435692994,4.196211429893402,23.166448293816853
9646.141000000003,0.02266917169157575,4.196041592977019,23.168124183536463
9650.968999999997,0.026736893187380664,4.196134857820141,23.16999076566235
9655.797000000006,0.025326010063766235,4.196074883010954,23.166534349985337
9660.61,0.026357848283359925,4.195904815762924,23.17011794536538
9665.437999999995,0.02499210597396236,4.196249609807624,23.16772026214299
9670.266000000003,0.0262189926310353,4.195993088840684,23.173875572817302
9675.093999999997,0.024926707393277667,4.196216353092881,23.175581127415555
9679.922000000006,0.02589599065706781,4.196112850459094,23.16624381664804
9684.735,0.024112106803104865,4.195988905037498,23.169258802739233
9689.562999999995,0.024979240733888766,4.195950079185335,23.171869758948393
9694.391000000003,0.024740340065378775,4.196137742442979,23.16640086110343
9699.218999999997,0.023671089580379275,4.19595325881458,23.165517931073975
9704.031000000003,0.02370348170078889,4.196144604978338,23.16675876441882
9708.86,0.02760941980154106,4.195985646694663,23.17531468032278
9713.702999999994,0.027846016093358242,4.196200937433944,23.16868715646262
9718.516000000003,0.02613737048512684,4.196145482663902,23.16671172904183
9723.343999999997,0.02669346534981005,4.195990865791154,23.167627843148118
9728.172000000006,0.025780686102239315,4.196005588129803,23.176618413513776
9732.985,0.02329102032281316,4.19599550200408,23.16718363717488
9737.812999999995,0.02538466791550974,4.196219100610191,23.167527581668192
9742.625,0.02565881801674905,4.19596308320928,23.166640380569472
9747.452999999994,0.026328668158978174,4.196146100431624,23.168236946844193
9752.281000000003,0.024619271248998747,4.196041759686135,23.166908764417855
9757.093999999997,0.024145250940258895,4.196154356231096,23.17132876877159
9761.906000000003,0.023465352624468652,4.196091375576826,23.174059598261486
9766.735,0.026897748673535872,4.196016761939457,23.17822563465396
9771.547000000006,0.025855814144683735,4.19599116699874,23.175459675212768
9776.375,0.023453371958409217,4.1960734509763755,23.17284551094847
9781.187999999995,0.02461533018567645,4.196044371401216,23.172075922814898
9786.0,0.026697243500319878,4.196211171319728,23.17177296219668
9790.827999999994,0.026279282783056888,4.196310168011284,23.16560208819631
9795.641000000003,0.024343252900095057,4.196138400004451,23.173538360484216
9800.452999999994,0.02345855005042901,4.196042963340126,23.166694780279123
9805.281000000003,0.024397924716388728,4.195927038154782,23.165994825827102
9810.093999999997,0.022720454269896467,4.195993885066013,23.16507802262565
9814.922000000006,0.021263664882124545,4.196152278330152,23.161962624327685
9819.735,0.023044649826859658,4.196103927897138,23.15205637713329
9824.562999999995,0.026560300223743883,4.196180529233413,23.161536282564423
9829.391000000003,0.027132289362105114,4.196450548615454,23.158683590456334
9834.202999999994,0.02433962960833614,4.196661731435385,23.14938640715627
9839.016000000003,0.023636679083922002,4.196540682514368,23.154749057454314
9843.86,0.026755031807878717,4.196454833451402,23.15546329153363
9848.672000000006,0.024628135647529126,4.196452136326839,23.148938066954944
9853.5,0.02684004088129186,4.19634183268249,23.15059517017561
9858.312999999995,0.02572221877432329,4.196212109682818,23.15054910730515
9863.141000000003,0.026067048530763498,4.196311542946514,23.158960108717963
9867.952999999994,0.02519444611893785,4.196110367514979,23.151487705648414
9872.797000000006,0.023619235726519295,4.1961762469576716,23.14873761671618
9877.625,0.024332914709731777,4.196240271939316,23.152191694262765
9882.437999999995,0.025830486304690647,4.196439064076387,23.14589600809117
9887.266000000003,0.02783368215184534,4.196254600635785,23.152399935337517
9892.093999999997,0.022406526666287285,4.196233257782838,23.158080073299203
9896.906000000003,0.02487371119778779,4.196321990350727,23.154382040940373
9901.735,0.02360460169547036,4.1965016374491135,23.15593275121524
9906.562999999995,0.025093529583743775,4.19617053588977,23.154445055093504
9911.391000000003,0.025761441799213667,4.196733822691155,23.15518845471943
9916.218999999997,0.02870621085584746,4.196552907877733,23.157883110999638
9921.047000000006,0.02546558753252802,4.1964511965811075,23.163616545014534
9925.875,0.025670564564537056,4.196472502017049,23.15204967649381
9930.702999999994,0.021999695761848344,4.196280690109511,23.148900453771756
9935.531000000003,0.023455517722573906,4.196410280832022,23.15483452446332
9940.36,0.0241440607345982,4.19635332663465,23.146795316780928
9945.218999999997,0.02492537528943132,4.196576339598495,23.15031260771167
9950.031000000003,0.02562780999533041,4.1964059001754705,23.150992784384275
9954.86,0.021642996417855564,4.196292402373906,23.16152845238841
9959.687999999995,0.023690634257665395,4.196254928715478,23.147754618112707
9964.516000000003,0.02211627108945729,4.196438029191561,23.154298771455366
9969.343999999997,0.027455930454846875,4.19654389917074,23.155880047814836
9974.172000000006,0.024178979493455814,4.196401899306744,23.162361404422935
9979.016000000003,0.02348119647712462,4.196699928942661,23.156051136739645
9983.843999999997,0.015547394097514152,4.195642881583536,23.15172197963939
9988.625,-0.0036632363289381287,4.1739863747308545,23.169542805570394
9993.406000000003,-0.0010924917073578079,4.182073297120615,23.18101849977873
9998.187999999995,0.0018086430019765318,4.1843246930171185,23.208826093845857
10002.968999999997,0.001639524285736084,4.185708332917652,23.211913421246365
10007.75,-0.0010692600275906152,4.186245984475879,23.228780139239866
10012.547000000006,-0.00018563237011757255,4.187017279075128,23.229724807540524
10017.343999999997,0.00028988578469201295,4.1873344237853845,23.224885027963627
10022.125,-0.00018812535898729874,4.187518184090907,23.22856392270395
10026.906000000003,0.0015078801198183701,4.188019337963858,23.235604874756074
10031.687999999995,-0.0009934809292655772,4.188125514920623,23.22780522138611
10036.468999999997,0.0021971419432003534,4.188435504559427,23.22996090555208
10041.297000000006,-4.647593636360623e-06,4.18863788566215,23.223860857139826
10046.077999999994,0.0009468938145056683,4.188769308471405,23.22474804882666
10050.875,-0.0011633638370621654,4.188878427219528,23.22723983188199
10055.656000000003,-0.003978248793366628,4.189049163992646,23.226366207261385
10060.452999999994,-0.0011097346251494739,4.189037447573065,23.217039836583286
10065.235,-0.000653914360802588,4.189136282800551,23.21629898610911
10070.016000000003,-0.0018110376212287496,4.189146693060182,23.21792548180137
10074.797000000006,-0.001674388408764862,4.189335796803507,23.220103642394076
10079.577999999994,0.00246731068261259,4.189368394413701,23.210616114981782
10084.36,0.0011814613299034249,4.189097747680988,23.213690978095865
10089.156000000003,-0.00038026664914364366,4.189352138684595,23.21013685594577
10093.952999999994,-4.7928716863698345e-05,4.189410849571426,23.221633765962697
10098.75,-0.0011458921983895992,4.189568293774629,23.215328507062623
10103.547000000006,0.0039796533213320604,4.189607997727928,23.210563630409514
10108.36,-0.0004282431945789055,4.189672498306292,23.214219273271237
10113.156000000003,-0.00028498908826703255,4.189791205568159,23.210690603837744
10117.952999999994,0.000555875434847834,4.189729608834245,23.201131419630546
10122.75,-0.0009814215539492694,4.189698062386612,23.20858476130433
10127.547000000006,0.00042238369830707365,4.189505030652218,23.20208091622734
10132.343999999997,-0.0008276241856782455,4.189558068054519,23.207527092247005
10137.172000000006,-0.0019704333101232758,4.189572957833146,23.20730111246945
10141.952999999994,-0.0003649289026049552,4.189838019688818,23.193912288355612
10146.75,0.001265841193286454,4.189722619387402,23.203247301783744
10151.547000000006,0.0011959970411149822,4.189847467185475,23.19510015276721
10156.327999999994,-0.002006395715875396,4.189876099383322,23.19460746581871
10161.125,0.0002291284618434578,4.1898143524632925,23.196821607204118
10165.906000000003,-0.0017258065725667046,4.189832704574923,23.195974114732053
10170.718999999997,0.0004588131039560357,4.189859078567297,23.1891563622223
10175.516000000003,0.0001821603198273247,4.189562453017074,23.186423411800252
10180.312999999995,0.001476977623932814,4.189869300596992,23.18634547382216
10185.11,6.436314946247993e-06,4.189859310109809,23.190149180219265
10189.906000000003,-0.002297570659289296,4.190057858371743,23.192264008505727
10194.702999999994,0.0007577793193309283,4.189581376993045,23.18849221163432
10199.485,-0.00020035396837910305,4.189768130953442,23.180840787200122
10204.312999999995,-0.0014489076252257162,4.18982766370501,23.189543325082365
10209.11,-5.542163073809124e-05,4.189691735448261,23.190043177305565
10213.891000000003,-0.002292679983461556,4.189733949377889,23.190367825373162
10218.672000000006,-0.0006573990347976839,4.189708189196382,23.192917494645666
10223.468999999997,0.0006299889532181766,4.189821627302591,23.19317238039949
10228.266000000003,-0.0008471498116497784,4.189814570598794,23.186509516398086
10233.077999999994,-0.0008997970820558407,4.18956914762431,23.182452406703327
10237.875,-0.001427387672816586,4.1896455364416285,23.177564450508545
10242.672000000006,0.0006081097747058911,4.189920306537503,23.181912117003264
10247.468999999997,0.001967818075654374,4.189758484895887,23.177070513874238
10252.266000000003,4.807782402642545e-05,4.189742743281155,23.18286409981495
10257.062999999995,-0.0019921036674356743,4.189942903155541,23.176725371639034
10261.843999999997,0.0011071956730142622,4.189985789358802,23.176487332101427
10266.656000000003,0.0003257557315812371,4.189713117196992,23.182843678367412
10271.452999999994,-0.0028376320016923924,4.189797401989779,23.18833781942634
10276.25,-0.0013088031340938327,4.190051489584154,23.178882425661893
10281.047000000006,0.0005434551553848123,4.189774626536593,23.178167972624657
10285.843999999997,-0.0022802409655456454,4.189954537545969,23.176669958078914
10290.641000000003,-0.00041355677086382105,4.189802182988883,23.183331942078084
10295.437999999995,0.0023138066822336843,4.189812615701271,23.175556631154592
10300.25,-0.0006937177211502359,4.189991931727897,23.171534397630168
10305.047000000006,0.0024827058863104955,4.189860874416839,23.172831061178048
10309.843999999997,0.0010336443971021014,4.189674466575716,23.177264892962874
10314.641000000003,1.925639502492296e-05,4.189561046953184,23.17084452388299
10319.437999999995,-0.0009955261169398643,4.189587330286451,23.167094674426185
10324.235,-0.0002594297728420009,4.1897651507189915,23.16812067902131
10329.047000000006,-0.0021855807939231055,4.189631667112488,23.17260958158579
10333.843999999997,-0.0008648050793808826,4.189894080466879,23.170833192801492
10338.625,-0.0010486475928462543,4.1894370433951265,23.16963954724437
10343.281000000003,0.0004775640978600466,4.189685761233318,23.17152611162749
10348.0,0.000837744800199553,4.189865016987965,23.168839033579044
10352.718999999997,-0.0009527254276862664,4.18991221191795,23.17004253434513
10357.36,0.0011318996753813776,4.189972912296427,23.163730837734434
10362.077999999994,0.00252371358985237,4.189733820347089,23.175101604989752
10366.797000000006,-0.004036154807634149,4.189658145679767,23.163089587647463
10371.468999999997,0.001822539114589678,4.189609581813433,23.166992790994673
10376.187999999995,0.000996350326998337,4.189438772178643,23.174519698738173
10380.906000000003,0.000458174350832391,4.189439242502977,23.17066053398482
10385.547000000006,0.004071362086199789,4.189741694312475,23.162776501789402
10390.266000000003,0.008480218885003284,4.189238602869894,23.158282188544838
10395.0,0.000701701248380104,4.189540956396089,23.15957632119878
10399.641000000003,-0.00017145382853194923,4.189918597353971,23.1590696659231
10404.375,0.0029249417904932237,4.189675936104413,23.155585532327013
10409.093999999997,-0.005730371736113998,4.189478862771981,23.165768479502383
10413.75,-0.0007608150768344692,4.189495243197754,23.163956803788082
10418.5,0.005015047423714332,4.189377998101693,23.164350135425593
10423.218999999997,0.007547781059122552,4.189722786369716,23.160916668518745
