time,current,voltage,temperature
0.0,-0.0017845756379984662,3.5796123519793297,25.47602006456214
2.485,-3.7107399641053087,3.2469993826522137,25.474932454060983
6.656000000000001,1.515981756271994,3.682981968467661,25.5151279196577
10.594,1.5172658010010358,3.703222217039901,25.54189899332219
14.594,1.515961721977479,3.7164727366689174,25.545936813940543
18.563,1.514657466145379,3.726599653476469,25.5353614627854
22.516,1.5157721797715722,3.735751025658487,25.53132470792681
26.453,1.5138408213663224,3.7436023396041738,25.52184637942187
30.391,1.518454516051565,3.750805388130474,25.504734062298162
34.344,1.5162970139786682,3.757770698541406,25.486710345704623
38.281,1.5161847617944149,3.764239348835458,25.475199343432408
42.219,1.5162019826287263,3.770027673502473,25.454542135348028
46.156,1.5142248753623015,3.7758942820216346,25.441115166840547
50.078,1.5160229822001237,3.7814348208586477,25.420451420954407
54.016,1.5182739469154334,3.7865446745690883,25.40122733341246
57.953,1.5143534039082645,3.791442428216324,25.39233392916901
61.891,1.514619196764033,3.7967159192336912,25.374041762052624
65.813,1.514535871316049,3.801311394337505,25.35031503336359
69.75,1.5146185027626184,3.805531536931891,25.332770517908127
73.688,1.5172239270412917,3.809290952711714,25.31375237481334
77.61,1.514147317170365,3.813466087837099,25.3032203256621
81.547,1.5163149808762857,3.816998324614536,25.277154833185097
85.485,1.5157953116192038,3.820502152983702,25.270975822492996
89.438,1.5128618949736794,3.8234973146689835,25.23862693647537
93.375,1.5165409231577325,3.8262320808901538,25.231506258749697
97.313,1.5152815617986555,3.828956244145861,25.216888990318562
101.297,1.513689564319593,3.831473421973351,25.203063622953955
105.235,1.518853429234393,3.833905233526793,25.18456099400931
109.172,1.5203716191736802,3.835812789649173,25.17080432262818
113.094,1.5171292745528162,3.837468972560487,25.165647563863907
117.047,1.5135238754932763,3.8396453179457484,25.1540198986909
120.985,1.5168819494740844,3.8409731677287793,25.1541883511943
124.922,1.51570697486473,3.8424656762992555,25.13351666069215
128.844,1.5184297402777938,3.843864205795371,25.1205510569024
132.781,1.5179571016334346,3.8454055051805383,25.10923065420145
136.703,1.5163926572082291,3.8464396874338407,25.100453515761394
140.641,1.5173347884524029,3.847689462217805,25.086985074615708
144.563,1.5137442756276789,3.848955081867961,25.081797035516903
148.5,1.514930495748171,3.849878840029154,25.077139720962332
152.422,1.5162597384800394,3.8510446010455124,25.063066966584394
156.36,1.516480122271871,3.851900191354939,25.057523840015133
160.281,1.514297041484656,3.85301240787568,25.047760946918043
164.219,1.5157649567474099,3.854019379056368,25.047382479987668
168.141,1.5153700142718758,3.8547137214267964,25.035084401259756
172.078,1.5116358972644393,3.8561827004490397,25.014339999683695
176.0,1.5132715630659341,3.856637907198762,25.014652474879107
179.938,1.5149586179790548,3.857730672704007,25.01243905053581
183.906,1.518743194856224,3.858495948430909,25.00643146720315
187.86,1.5157869718364694,3.8595657903990253,24.992968090133676
191.781,1.51433013285805,3.8604852903460123,24.97684270399282
195.719,1.5153023951752298,3.8613470667799814,24.984747051786513
199.641,1.51493708467767,3.861987111313043,24.988640546629135
203.578,1.5149949659334594,3.863034609706663,24.968208029613464
207.5,1.5145521537930482,3.864160524947635,24.96968271802282
211.422,1.515294402231757,3.864906454422655,24.95823557736245
215.375,1.5134233384063929,3.865893024934216,24.95655580143822
219.313,1.5154240978229927,3.86673412742452,24.944940510690117
223.266,1.517314799006652,3.867583237291196,24.9458574784076
227.203,1.5146646770286336,3.8684033927211323,24.943278240774703
231.141,1.513347901456881,3.8694905129656654,24.931815672068
235.063,1.5168236325949502,3.8702824218701437,24.934877335987355
239.0,1.515002381974617,3.8712607946505737,24.926401636509596
242.922,1.5148385216695723,3.871915161779475,24.92183922934975
246.86,1.5114695202936093,3.873190439398918,24.906502658437912
250.781,1.5149096384973433,3.8739304824531273,24.91448974567223
254.719,1.5171982118826959,3.8749877050513573,24.91629988029658
258.641,1.5176183096706868,3.8758000695883554,24.902359888427558
262.563,1.5219556290511036,3.876261091344036,24.893850670982907
266.516,1.5203062077049048,3.8775657134751387,24.888816722201277
270.453,1.5144600345083465,3.8784711868197217,24.890861231790904
274.375,1.5136862453081104,3.879494295775395,24.88544987152825
278.313,1.5152434670640724,3.880323754294717,24.888411640039465
282.235,1.5139327948605614,3.881512049352866,24.890267474344636
286.172,1.5150670667309192,3.8823249102585997,24.879268999458336
290.094,1.5130952946202652,3.883152428882709,24.871506950091344
294.031,1.513480249483419,3.883916566334894,24.860785389793545
297.953,1.5142912951098024,3.8845760961558695,24.864871210931653
301.891,1.5137853177831824,3.885537772891598,24.86242506872623
305.813,1.5167267080892617,3.886228378451557,24.866308452237075
309.75,1.5135013632990175,3.887421411654044,24.860725071784792
313.672,1.5175399809166117,3.8882928963830596,24.856106635263735
317.594,1.5174890060505244,3.889178431124494,24.85596422294057
321.531,1.5156988697304854,3.8899266352526203,24.85072368166167
325.453,1.515182410962798,3.891053672285224,24.85749756319717
329.406,1.518325173164106,3.8913518270045966,24.847852110777126
333.344,1.5136993987208476,3.89237952294937,24.849545152517383
337.328,1.5134894907641652,3.8934644410835637,24.840334832120078
341.25,1.513871555026383,3.894027216517789,24.834351836798927
345.188,1.5148027689687318,3.894883893423854,24.83693158652066
349.11,1.514948556848982,3.895678060553903,24.839260486194163
353.031,1.516400980292872,3.896574941114311,24.835038362098658
356.969,1.5193958035540642,3.897637382433787,24.83022472194177
360.891,1.5158541777136778,3.898404113338694,24.83175788315772
364.828,1.5149620416937626,3.8992439509743395,24.826045692146838
368.75,1.5164030803855626,3.8998690168725116,24.828205888665856
372.688,1.5138951427489347,3.9006753555590423,24.82554151709719
376.625,1.5121687988979842,3.9014210912837086,24.8247692878086
380.547,1.5178919198418155,3.9020608082104205,24.815807081528696
384.469,1.5155394364405859,3.903104563392726,24.82196032054674
388.406,1.513288366360506,3.9037835705732937,24.809760951467375
392.328,1.5143446434229284,3.9042864990585975,24.814357944488634
396.25,1.5153862008344015,3.9053502187856797,24.808517121629738
400.188,1.5164071105251338,3.906375345005406,24.81843818729831
404.11,1.5149209344108898,3.9067745324982357,24.81319395843037
408.031,1.5139881689347638,3.907755858217018,24.812658887522034
411.969,1.5141325125483296,3.9086358514795583,24.815753878022097
415.891,1.516429644964958,3.909052417573041,24.813057453901784
419.828,1.5162154735342546,3.909680879410484,24.80122460872256
423.75,1.5160943510676104,3.9105543801996174,24.8105771873925
427.688,1.515838054107592,3.911481701297944,24.808087853998597
431.641,1.5121109986792034,3.9120642410389848,24.813193600554005
435.625,1.5155761303060928,3.9126369614609238,24.814142532910864
439.563,1.5157528416243333,3.9133113771560533,24.80704505278226
443.5,1.5181106740833243,3.9141057756051683,24.810049373397213
447.422,1.5157739598740352,3.914902348678732,24.811510759160925
451.36,1.5175508018055617,3.915335936131437,24.81390470122354
455.281,1.5193091291040028,3.9164222011107452,24.810405332323512
459.219,1.5139835884008366,3.9168362600408875,24.81222652813857
463.141,1.5142533405287624,3.9176891857685825,24.807720236038403
467.078,1.516220125894131,3.9183635775495964,24.81179693709242
471.016,1.5152302423892487,3.9190894103566336,24.809472504871984
474.953,1.5182079299057176,3.919566099606089,24.799730136432828
478.875,1.5178472644420866,3.920368635941065,24.803174530470162
482.813,1.5144289879255284,3.9209365313961704,24.79827212922678
486.735,1.513956837801287,3.921562230605111,24.798700466564394
490.672,1.5157878540777494,3.9222988347007384,24.8009824125719
494.594,1.515771359476355,3.9225087112015653,24.79978421168534
498.531,1.51635637797619,3.9234412146229847,24.796897454584542
502.485,1.5164233161428404,3.923801580635793,24.795004907406646
506.406,1.51815035080057,3.924881512348595,24.788441551591646
510.344,1.5168188585442999,3.925567071584219,24.791482861116044
514.266,1.5155298244246433,3.9256848259419543,24.793490180223923
518.203,1.516227562679145,3.9266643755608075,24.800256034733742
522.141,1.5171634954933757,3.9269751364977292,24.80345004034035
526.078,1.516407113927949,3.927736866332147,24.79868073240426
530.0,1.5176419594553823,3.9284530907924844,24.79275986056117
533.938,1.516123996239638,3.9288079574700427,24.80354760824233
537.86,1.5206831165212786,3.9293819649200588,24.797431527088452
541.797,1.5140714106651603,3.9299266562527007,24.80173552710786
545.735,1.5196631292777225,3.93073162015653,24.79685506182293
549.672,1.5172126008751998,3.931112929222401,24.79767836497358
553.594,1.5177741690146214,3.93186574691033,24.806031509446434
557.531,1.511930754782706,3.932136011758811,24.8020823273675
561.453,1.5148365247380922,3.932704500076348,24.797284165682452
565.391,1.5181129879164015,3.9331393679416027,24.801348083488374
569.328,1.5163991477628493,3.9336438155521907,24.799228087628716
573.297,1.5155440033456353,3.9342752722703938,24.807750594031383
577.219,1.5163430531173532,3.9347579769262175,24.805683004236418
581.156,1.5170281948645385,3.9353189760168275,24.803171371449928
585.094,1.5165838953295285,3.935752798907208,24.80218775088591
589.016,1.5150207088164558,3.936294994284966,24.799922168091737
592.953,1.517090570223256,3.9369374624194924,24.809040286142864
596.891,1.51711031808948,3.9377156680918457,24.80448542459456
600.828,1.5163325470134057,3.937848688524753,24.809960344373863
604.781,1.5176000843332327,3.9384637078543805,24.80511191782561
608.766,1.513014769101285,3.9393678546253037,24.800268279013643
612.703,1.5133873555225952,3.939599088969201,24.80654928384122
616.641,1.5143670130390445,3.9399521346508526,24.803819997283284
620.563,1.5142824797701542,3.940320152166807,24.805535388892743
624.5,1.5153794836768109,3.941033610821945,24.7998435747938
628.438,1.5153626911075777,3.9416252422395397,24.8041918484505
632.375,1.5148132109531625,3.94155036030666,24.799558032065647
636.328,1.515733951708717,3.9423196208177798,24.805996482278598
640.266,1.51448301514443,3.9426455008621137,24.810187821589384
644.281,1.5145841223452938,3.9432064291078963,24.802109679385495
648.219,1.5152124734615697,3.943797703148714,24.809437592793127
652.156,1.5160282866771042,3.944083075175155,24.805052808068787
656.094,1.514462031795167,3.9444658816905114,24.80586466143382
660.016,1.5179928703810006,3.9449151753822025,24.809754630131927
663.953,1.5141180307129987,3.945537335429292,24.817020959537214
667.891,1.51553904010815,3.9459403645611157,24.8129096472269
671.828,1.5175566053082534,3.9460049078042405,24.804139024291597
675.75,1.5161997046312188,3.9466311497655515,24.816439443037332
679.703,1.5171191509948128,3.9469602389587704,24.812126898805715
683.625,1.515091269911592,3.94737100585776,24.818613712844108
687.563,1.514819664021696,3.947730740553005,24.817603090337307
691.485,1.5188064057073019,3.948135006460835,24.82879405588587
695.422,1.5145514062346281,3.948812476189999,24.8208594134561
699.36,1.5157218713667837,3.948975631602383,24.81720748298284
703.297,1.5163298580882194,3.949458551037665,24.823461032660653
707.219,1.5168562639379877,3.9499801482924015,24.828391374310037
711.156,1.5151861435477207,3.9502581150339506,24.826365891039504
715.078,1.5144171046765242,3.9504093705385452,24.83189207644528
719.016,1.5129395241403345,3.9509469269027084,24.829305221610188
722.953,1.5151798124587679,3.9512978850298897,24.826670000266766
726.875,1.5147988204692373,3.9517221153638435,24.830570621679396
730.813,1.517788475739849,3.9517722032918026,24.831228323212276
734.75,1.5187734157315331,3.9523866836422417,24.82820672580414
738.672,1.514331660678824,3.9528539793752704,24.83249277113461
742.656,1.5150333594257126,3.952955007334131,24.826856067438783
746.625,1.51163858754721,3.9535190785217686,24.837451757765898
750.563,1.518969752912449,3.9537204551409917,24.845966239664385
754.531,1.5164952892229728,3.954458439487658,24.84003599027179
758.453,1.5171734581930363,3.9546207141573424,24.84295753824528
762.391,1.516963179050413,3.9550752654568444,24.841945404891472
766.328,1.5188159547646523,3.9552515806793194,24.84747895050341
770.266,1.5164582006493852,3.955946297072767,24.857330259796516
774.188,1.5171761258658276,3.9562286907118818,24.851444167630518
778.125,1.5167399522748808,3.956630624068456,24.850410204433967
782.063,1.5183381542478946,3.956974403190748,24.854182793875637
786.0,1.5128487094338081,3.9571311578356414,24.856955151733164
789.938,1.5179104629059723,3.957958932948062,24.861193662059176
793.875,1.5143162045812315,3.958018568741642,24.85903110911407
797.797,1.5121076452855424,3.95823575769025,24.858187044987297
801.735,1.5141038022105304,3.9585629247516723,24.86472077005738
805.672,1.5129102799448728,3.9588978493224323,24.86138572265565
809.61,1.5159180507935062,3.959167284699699,24.862297284059604
813.531,1.5162598834162682,3.9596503838038184,24.863686814142113
817.469,1.5090746716306491,3.9599494919475036,24.868778399536478
821.438,1.515913703054612,3.960175014934295,24.867898914806688
825.36,1.5153585470472353,3.9605775125202145,24.873898032009553
829.297,1.5123260489371286,3.9607927350841945,24.878406868155594
833.235,1.5220384503024675,3.9618335558807205,24.88422619150732
837.172,1.5103076050769342,3.961702140969492,24.894071661892447
841.094,1.513937442773743,3.9618805456864354,24.889786539909117
845.031,1.5195242963949742,3.962807497581846,24.89024214010982
848.969,1.5206447369529752,3.962777848097374,24.893747350039725
852.906,1.5161025085209068,3.9629243721158263,24.897752844241616
856.828,1.5199786755724227,3.963446896433435,24.906044373891245
860.766,1.5149211855541662,3.96408028779371,24.90569438977611
864.703,1.5171992588905827,3.964317657169476,24.8919676520001
868.641,1.516570023664531,3.964556362737993,24.908283282969727
872.563,1.5151995063141674,3.9650154477057633,24.906643751560555
876.5,1.5149667924095915,3.965464082088829,24.90669148501395
880.438,1.5141665635774817,3.965647421069477,24.908964046356957
884.453,1.514212850865433,3.9657493544449998,24.91115719718208
888.391,1.5148179586936725,3.9665714309818623,24.91017036776389
892.344,1.5186574338990582,3.9667477890428757,24.909844489040154
896.281,1.5158428002906272,3.9670565012092256,24.91848851980766
900.219,1.5164270509218245,3.967572931493055,24.91801574063566
904.141,1.5187401785997539,3.9678508061787814,24.922164016740076
908.078,1.5150806946000392,3.968177278424294,24.930335211691173
912.016,1.517218370654429,3.9684479575788076,24.931559535999597
915.953,1.5193696559700793,3.9690254064278983,24.93808101281305
919.875,1.5160405808999549,3.9692752097816957,24.933465156700063
923.813,1.5167176756469116,3.9698638043625625,24.93607046850272
927.75,1.5130672297316758,3.970124909492146,24.945153098284575
931.672,1.5155210192278903,3.970230871325062,24.9550805618529
935.61,1.5172765212230717,3.9706306122385064,24.95490937888141
939.547,1.511642046255628,3.97129591500894,24.961317531461905
943.547,1.5162090465836568,3.9713960111669397,24.95575654873986
947.469,1.5163283547607969,3.9719183524162713,24.961564955716295
951.406,1.515595588935839,3.972064309418817,24.953879318095222
955.344,1.5151577951769972,3.972633521265727,24.960115732047697
959.266,1.5117943339496809,3.9732303935721207,24.967629547138355
963.203,1.5156769747288978,3.973188836025814,24.96841525212797
967.203,1.5158023051569949,3.9736953392623393,24.971674394987133
971.141,1.5163183863563117,3.974241766158975,24.97712652601349
975.078,1.514385000453335,3.9744515335614015,24.982929714399944
979.016,1.516265788399767,3.9748484452297776,24.984495791208676
982.953,1.5150163088270088,3.9750570499010434,24.985622413252166
986.891,1.5135021205026193,3.975377541150148,24.981540182029217
990.828,1.5159065098772153,3.975870585765619,24.993671551448884
994.828,1.5154960607986225,3.976091307573676,24.99591593477103
998.766,1.5151866951378423,3.97663484297198,25.000561271039647
1002.703,1.5144317245540295,3.9769754600435334,25.00272059657716
1006.641,1.5163090199564313,3.9775785428917674,24.99786546847362
1010.61,1.5155725633129677,3.977830512036845,25.012528798491097
1014.547,1.5155951444866371,3.978069891843673,25.00445611846881
1018.516,1.5139780089635912,3.9786451419043796,25.016179192629828
1022.453,1.511684577037511,3.9788393629274004,25.02034764083452
1026.406,1.5149882835213968,3.979300777090998,25.018135664759534
1030.406,1.517592626478927,3.9797201660840322,25.027604562443557
1034.344,1.5163809518932132,3.980077895215325,25.034222916493537
1038.266,1.5169050115636495,3.9806174595878576,25.033741836065055
1042.203,1.5150801869288477,3.9809795255709166,25.037720966251698
1046.156,1.5151149665986603,3.9813215023112707,25.029123716753453
1050.094,1.5146562898110965,3.981734519537959,25.048580589765123
1054.031,1.515076374124903,3.981965791939696,25.052088229557583
1058.031,1.5176240386961433,3.982303951207601,25.04653393334823
1061.969,1.5165352751569372,3.982856284992795,25.0504621285652
1065.906,1.5172174089724266,3.9833032469461958,25.056066235496704
1069.938,1.5148014431028398,3.9834807634239313,25.066165973687447
1073.938,1.5149519094717274,3.984153237039375,25.07720996695372
1077.875,1.5159806784328356,3.9844702820692066,25.066130296712263
1081.828,1.511818581900707,3.98468097075407,25.077150181278817
1085.828,1.513547896834836,3.9852553486375446,25.076805303904735
1089.766,1.5146033014682656,3.9852361671834173,25.087658437193085
1093.688,1.5161016557739067,3.9860415413723205,25.08961549186194
1097.641,1.5145436613428997,3.9861602651654446,25.093613285187025
1101.578,1.5140625963073737,3.986756871670584,25.08850869438052
1105.516,1.5132420073971826,3.9869918896804166,25.096263768118032
1109.453,1.5169663388032713,3.9872438032587003,25.096746500207267
1113.438,1.5161914476058436,3.987768744644298,25.09125942914832
1117.375,1.5169052032465338,3.9881495258066955,25.097035943316115
1121.313,1.5131894556476047,3.9885114790989733,25.100820509040116
1125.235,1.5136482882371256,3.988616719426547,25.109693414276546
1129.172,1.5138172345360212,3.9893824007568597,25.118689317383286
1133.11,1.514553212924296,3.9895268699939406,25.121730395554504
1137.031,1.518280475542574,3.990117535668822,25.13136972260255
1140.985,1.5157076492040789,3.9902181985993486,25.131505095776397
1144.938,1.5170044680935397,3.9905826302380527,25.138310088883912
1148.875,1.5159518328379262,3.9912936033968185,25.140984227037404
1152.797,1.5156342202811908,3.991730381791498,25.148614297325263
1156.735,1.5142762018778633,3.9919874131257425,25.145513585122867
1160.672,1.5171385328284253,3.992281887260865,25.1540582577578
1164.625,1.5198123936390875,3.9925623404358848,25.162339182376826
1168.563,1.5184088627511396,3.992943205634595,25.168516123892303
1172.516,1.5186992787271971,3.9931754323601254,25.166061276608673
1176.438,1.513780174021955,3.9935805703186933,25.15925516272051
1180.391,1.5154707020599396,3.994034486989294,25.173963273681284
1184.375,1.5141254674505549,3.994389343742822,25.16824051816306
1188.313,1.5129390908538387,3.9947877785158314,25.180727662034883
1192.25,1.5163270488725753,3.9951402631602955,25.184688838380524
1196.188,1.5168240463417264,3.9956340249777322,25.191505695278
1200.125,1.513221615262723,3.9956781634970406,25.189254541949904
1204.063,1.5157858044402388,3.9961871514912506,25.194918207520498
1208.0,1.5173751234588435,3.996652107927157,25.19787304038439
1212.0,1.5158648746015813,3.9969768153553993,25.194492015833006
1215.938,1.5122087356375014,3.9973164380431894,25.19811999622108
1219.906,1.5143585490239597,3.997769086650288,25.206299014278077
1223.86,1.5169558067438678,3.9980608079824895,25.21407784122067
1227.797,1.515815646886629,3.9982403708899668,25.2152843987194
1231.75,1.5135311804218177,3.998959614520444,25.216228761600473
1235.735,1.517196312608432,3.999037949081366,25.218535427263603
1239.688,1.5149336406665377,3.9996022589257065,25.226381716105475
1243.61,1.5144697242441556,3.999681636829763,25.241615467314745
1247.547,1.5151597297439914,4.000157856151878,25.241186863071448
1251.485,1.5182743623614772,4.00032863458529,25.241705899586673
1255.422,1.516558270375373,4.000692086354911,25.242014329956323
1259.36,1.514906717896488,4.001290344754712,25.24674534266167
1263.36,1.5137589802919575,4.00167362456334,25.250460740701854
1267.297,1.5170619884373688,4.001970379324423,25.248245183771218
1271.235,1.5156853036416142,4.002351699135981,25.256527835433612
1275.172,1.5141136594216165,4.002928098594721,25.257655346528228
1279.125,1.5154098573643568,4.003257230283231,25.27371582887105
1283.125,1.5133005443855854,4.003467139315419,25.272095907658542
1287.063,1.5149984337448412,4.003811093963961,25.275801845588433
1291.016,1.5183760494461305,4.004086811240574,25.279149436269208
1295.0,1.5148997536117053,4.004524450969979,25.281416777447014
1298.938,1.5155546508131696,4.004966355097214,25.286649673851453
1302.875,1.5142597768566601,4.005173369775667,25.300587199243477
1306.875,1.514504698474779,4.005656112672017,25.308738402805385
1310.813,1.5164210983811732,4.006156761418221,25.309316222192038
1314.75,1.515814321246923,4.006318217336571,25.309392920676963
1318.688,1.5160745104192124,4.006862985281886,25.312420282622618
1322.641,1.5167236865540275,4.0068455260275,25.3192972288823
1326.578,1.515165992410891,4.0074708386148865,25.318566016655627
1330.516,1.5189369641506738,4.007859153505165,25.324033685163037
1334.516,1.5165097268429928,4.008145823877086,25.332967745453843
1338.453,1.514169039875539,4.008630857235388,25.337008211345903
1342.391,1.514105225235638,4.0090137615951305,25.35062561381009
1346.328,1.5133851952755786,4.009189613516209,25.351077620561686
1350.266,1.5170664226871726,4.009448919846226,25.354351891248726
1354.219,1.5151081509445576,4.010178412341442,25.363390934615335
1358.172,1.517295035432714,4.010223522089956,25.36467606799068
1362.11,1.5165899087844898,4.010878286520348,25.36314407244985
1366.063,1.5163724452333482,4.011191345067611,25.36933248780146
1370.047,1.5148105380477173,4.011564396787397,25.369472621543547
1373.985,1.5153317069425518,4.011645113478545,25.38225227882355
1377.938,1.514488817522471,4.012020874175649,25.382810524602085
1381.875,1.5156534351058193,4.012551185171891,25.38236319165212
1385.813,1.51789210103886,4.013164526663021,25.387844430696294
1389.766,1.5146448988260923,4.013398060836122,25.39492985433945
1393.703,1.5146685364515207,4.013719712051096,25.4087655294452
1397.703,1.5148653799449572,4.0141028598158,25.403292998637824
1401.641,1.5153392117882576,4.0145811070489374,25.409414586568136
1405.594,1.5132834419141008,4.014912938660138,25.420000784443605
1409.531,1.5155698933005093,4.0154053153269365,25.418646608003538
1413.469,1.5169012462792584,4.0155857300929485,25.428013264667676
1417.422,1.5147240355641574,4.01585089474496,25.429042447038533
1421.36,1.5145323543288645,4.01619680629882,25.437510321049093
1425.313,1.5150375535964797,4.016855424566765,25.439611584426984
1429.266,1.5191398957231792,4.0171503470915395,25.445630036987488
1433.219,1.5164021778541479,4.01745587293129,25.44430687992111
1437.219,1.5136913763876796,4.017673897172066,25.445341289070782
1441.172,1.5176443074557047,4.018316601121716,25.45746000706433
1445.125,1.5161184911140533,4.018617014453318,25.454474507697256
1449.11,1.5147138571693484,4.019121534581112,25.46598669816624
1453.063,1.5157356895134355,4.019528303077495,25.472685784966636
1457.016,1.518310657336295,4.0197158014688465,25.479706228227037
1460.953,1.5159163461390057,4.020210764900041,25.489637668698013
1464.906,1.5159900042808396,4.020425028558226,25.48748965056649
1468.906,1.514573372271995,4.020858356640514,25.494059166620474
1472.86,1.5173558324134395,4.021307321607888,25.506522377521662
1476.813,1.515986920708971,4.02163829174953,25.509837629310955
1480.813,1.5174477590844677,4.022168399639321,25.51910362630007
1484.766,1.5155887028684925,4.022508476665825,25.515695614193568
1488.703,1.513453011911626,4.022765211600282,25.523685683352262
1492.625,1.516833057980255,4.023127694880188,25.515533984877226
1496.563,1.515574170260314,4.023816276487259,25.52975888258891
1500.531,1.5149022963566743,4.024211995845688,25.52995609283991
1504.469,1.5159069999095542,4.024270124370466,25.543059155515635
1508.438,1.5156238393462538,4.024811350675335,25.54558253058301
1512.36,1.515781047787896,4.0252407264181445,25.548892368962896
1516.297,1.5120090426001018,4.025763875332193,25.548278562314913
1520.235,1.5153682910776252,4.025840111519292,25.55552075139093
1524.172,1.5162110887008007,4.0263991638929415,25.555523398572436
1528.094,1.515617378745617,4.02695228977709,25.56291073113051
1532.031,1.5144713148609068,4.027094762851656,25.57184474202265
1535.969,1.515756880156245,4.027467996967978,25.578016198502166
1539.906,1.5152807403353958,4.0281744481782225,25.57952784294797
1543.844,1.515460596296682,4.02834276519343,25.59849890444631
1547.781,1.51879142710385,4.028761288473734,25.60016872517465
1551.703,1.5156053240775116,4.029261423495943,25.61214459995868
1555.641,1.5130219885095255,4.029406703114702,25.600072264570084
1559.578,1.5181957479109192,4.029977685027088,25.60673980514015
1563.5,1.5138728638059002,4.030294560542362,25.616055568875144
1567.438,1.5175008317171457,4.03079110443298,25.630194007900382
1571.375,1.5178373363027433,4.031278750642058,25.626525788052717
1575.313,1.5149341444886544,4.031650031724971,25.63448480919567
1579.25,1.5142475544953413,4.031984565750632,25.649368800951915
1583.188,1.515399674981517,4.032472272327453,25.649187189293716
1587.11,1.518396455993292,4.032813975231412,25.64814546901474
1591.031,1.5144425712618073,4.0331779615053565,25.6595839375003
1594.969,1.5125463069153318,4.0335710077898215,25.66683568169121
1598.906,1.5151060056651557,4.033995815536618,25.667672501284226
1602.844,1.516043040403598,4.034373967267037,25.673223215531873
1606.766,1.514797784914889,4.034860270242229,25.678301939710455
1610.703,1.51636855386622,4.03521322336705,25.67938319161035
1614.641,1.5153930744618995,4.036093357302738,25.678920981868114
1618.594,1.5146910157249727,4.03586728826573,25.693508488692377
1622.563,1.5152493575006605,4.036452221268774,25.699259719643287
1626.563,1.5170324005768303,4.037102863985246,25.707548861989377
1630.485,1.5148645796562072,4.037621044021756,25.708102338015053
1634.422,1.515940130756788,4.037935411313422,25.71326648279093
1638.36,1.512916747243244,4.038264347874677,25.718347315504293
1642.297,1.5163715605216577,4.038795248462265,25.726640150732198
1646.297,1.5140365868856427,4.039003571097327,25.724884501271816
1650.235,1.5142288227537182,4.039889266008895,25.733831803508597
1654.188,1.5155479894391255,4.040087353304241,25.740951303175965
1658.125,1.5120052896362564,4.040665997557466,25.740489920077533
1662.063,1.5133821316305476,4.0411338790345335,25.74649691844456
1666.063,1.5130996972670145,4.041330195948564,25.755437244795203
1670.0,1.5158199888322077,4.0417972856159805,25.758315195594626
1673.938,1.5132036324297435,4.04214962436485,25.754485162230814
1677.875,1.5138947275353016,4.042512899507616,25.76419509245198
1681.813,1.514499290268878,4.043260629439863,25.776178045538806
1685.75,1.5172580904112778,4.043510694720204,25.782217113221733
1689.672,1.5164511504841638,4.044022246110328,25.77779539406616
1693.61,1.517471379581004,4.04447458996111,25.79584123562018
1697.547,1.5120854286772125,4.044856271617975,25.790872402339335
1701.469,1.5174418840563375,4.044909945053112,25.810982841625453
1705.406,1.521366926010257,4.045773002389357,25.81665787260693
1709.344,1.5153765695898707,4.046123538848251,25.820305955297794
1713.266,1.5144445153631432,4.046687755283189,25.828779655736874
1717.563,1.5151264083573388,4.046853642372402,25.83562063793755
1721.641,1.5145062785732233,4.047185129785162,25.838592599803768
1725.75,1.5193647877686616,4.047564796871852,25.836791609603058
1729.844,1.515373809148451,4.048319452649092,25.847668197966218
1733.938,1.5162495534153702,4.048798754426868,25.860613901771302
1738.063,1.515871584275428,4.049217213377779,25.854300281354288
1742.156,1.516347603063051,4.049871475697061,25.876794178725657
1746.25,1.5144668394983836,4.050045082473216,25.878554268440638
1750.281,1.516374548641113,4.050750181814171,25.880660288633866
1754.328,1.5135578081148426,4.051384997763203,25.88133689785505
1758.438,1.5165000085447318,4.051508146605424,25.89461946438638
1762.531,1.51540489506772,4.052098576302814,25.90294243103214
1766.672,1.5177230717615875,4.052760180892664,25.907688707244827
1770.719,1.5151849943321254,4.053271889426974,25.90442513899983
1774.828,1.517041439719677,4.053944975577134,25.909781640014348
1778.875,1.5185694445093432,4.054179815727049,25.914365384495234
1782.985,1.5175211006353257,4.0547260999195185,25.92394047103036
1787.078,1.5153352437714496,4.055043270301027,25.931518094140213
1791.219,1.5155456687700395,4.0558421651444645,25.94680317795294
1795.266,1.5144685347739222,4.056303073225653,25.942540777404083
1799.375,1.5142983864448718,4.056535763656743,25.946561391392763
1803.469,1.515730410441929,4.057024613120318,25.96019303261376
1807.594,1.5150905494870643,4.057591078637245,25.974271023266894
1811.656,1.5160280300426965,4.058264322877694,25.97029124177851
1815.766,1.517662778291426,4.058627602790506,25.977247628655643
1819.813,1.5170680116344173,4.059212820727504,25.977119914442717
1823.922,1.5152973264462433,4.05974002317911,25.98926487067214
1828.047,1.5165949589848133,4.060287086475167,25.989657259423677
1832.156,1.5168480558188648,4.060453141431475,25.994863738455727
1836.25,1.516774070655505,4.0610364135432615,25.99296104309961
1840.328,1.5160599489691728,4.061658710788117,26.00320260613829
1844.406,1.5150379939590886,4.062180972996888,26.00554858436805
1848.5,1.5137417272282891,4.062834201003735,26.025783921684788
1852.594,1.51639463701025,4.063020998178058,26.04032629123414
1856.719,1.5150589141570139,4.063601769310036,26.033202607272425
1860.813,1.5171870498963111,4.064085261295763,26.03915274722273
1864.922,1.5154474933866982,4.064935067850082,26.059137266652407
1869.047,1.514800196588602,4.06528327926213,26.066716738024635
1873.141,1.5134116248544995,4.065665365381941,26.067184002561742
1877.235,1.5153955996638597,4.066363333721257,26.065111482680873
1881.328,1.5144362484650893,4.066770470735783,26.07296977592173
1885.422,1.5143082893389495,4.067286449271145,26.090540462271452
1889.531,1.5188009768302764,4.067600623759307,26.097912566330812
1893.656,1.5137734554291273,4.068515385526152,26.09435222359279
1897.688,1.5136541837418864,4.068888379128383,26.0932877607042
1901.766,1.5160196936462185,4.069305429856103,26.10025039067992
1905.844,1.515858527481252,4.0700407124657545,26.11094881205808
1909.938,1.5161435638269445,4.0703408773937575,26.12039805432946
1914.047,1.5157512233406278,4.070987104723207,26.127834936915907
1918.141,1.5151595003860154,4.07131093646464,26.135794186486798
1922.25,1.5131997368360406,4.072413153735621,26.14200785241797
1926.344,1.5158987962975943,4.072532318420093,26.145667868818062
1930.422,1.5153674038702227,4.073162824199081,26.15092883703241
1934.516,1.5172628442545528,4.073734614055037,26.163319087657463
1938.594,1.5159668585550927,4.074413320324889,26.165140435341034
1942.719,1.5189984237857157,4.074870689030822,26.166811395757794
1946.813,1.5168496150556992,4.075674685706487,26.16670879440183
1950.922,1.51554033237141,4.076182860444616,26.168417347780757
1955.016,1.516004445320124,4.0764455038539165,26.175903171997184
1959.094,1.5166919898012001,4.076937467260617,26.186292964997328
1963.219,1.5133783250903468,4.077399903290771,26.194817912083597
1967.313,1.516345351736628,4.078189468583786,26.2118675957766
1971.422,1.5168332367088302,4.078684351470191,26.215867174458744
1975.516,1.5157769118599556,4.0792419041982315,26.225766241585443
1979.625,1.5158135461417335,4.079631543961656,26.225934576501842
1983.656,1.5159581319223396,4.08019181096484,26.23619640235593
1987.703,1.5146397383928778,4.0809801009059505,26.23799801839519
1991.797,1.5145735790710817,4.081580503444416,26.249249284120776
1995.86,1.5173435070271346,4.081626205277588,26.254941127211048
2000.0,1.515838743749095,4.0827178975691325,26.25571214919531
2004.078,1.5142474210433037,4.08345192903065,26.26581429933599
2008.219,1.514488741667587,4.083819345709298,26.270501422452995
2012.266,1.5170369096011591,4.084139804943249,26.275777348189738
2016.375,1.515441732128333,4.0848426598699445,26.28620674528995
2020.453,1.5156280280474173,4.085519194161826,26.288056147506857
2024.563,1.5144361622799671,4.086120803725484,26.28212156551416
2028.625,1.51397620998806,4.086512850756258,26.287698447284164
2032.766,1.5143563582310124,4.087155629552921,26.302141306181596
2036.813,1.515819502511149,4.087793529381006,26.310408218270034
2040.922,1.517189059743254,4.088419537924937,26.320033106311893
2044.985,1.5148759981147932,4.088782777274387,26.32497981944329
2049.078,1.519665631977622,4.08945801733685,26.343330923116444
2053.11,1.5156831866798615,4.090158282653131,26.342943792628763
2057.172,1.512192960878212,4.090528568591587,26.348752284448707
2061.25,1.5163299079468753,4.091791617380212,26.360121606066247
2065.313,1.511705302840349,4.092279735005267,26.350542143318606
2069.422,1.5177268293128927,4.092496733826254,26.36721176142489
2073.469,1.5202009939948964,4.092943235211323,26.36538218741379
2077.578,1.5162408190864218,4.093632801719056,26.379789264645225
2081.672,1.5156294511255528,4.094370930402254,26.389688327094284
2085.813,1.5161374018331413,4.0948765180570925,26.39630650516961
2089.86,1.513616476828429,4.095504379172135,26.392979292797463
2093.969,1.5161889839288734,4.095927333929284,26.399753578105017
2098.031,1.5177455804528668,4.096647236887834,26.41464283985018
2102.172,1.5155702793002477,4.0973410156483085,26.420262071353633
2106.219,1.5169908993634842,4.09792728372669,26.42684851786728
2110.328,1.516029949002444,4.098235212470822,26.433400266771223
2114.406,1.5185167882829689,4.09917162308595,26.428540003155128
2118.516,1.5183321153504248,4.099379835465502,26.44162404263093
2122.61,1.5153392109496615,4.099862311145933,26.447012241892452
2126.625,1.5179817267877433,4.101147106506895,26.46006810738973
2130.672,1.5166663157029336,4.1018323290719705,26.463764533213794
2134.719,1.5134258490939663,4.10213627380856,26.465530228654988
2138.797,1.5210992174379396,4.102757460054049,26.467852468569067
2142.922,1.5208563751138566,4.103478952673313,26.47374296645884
2147.016,1.514879484035674,4.104077713036144,26.48332845771384
2151.078,1.5182457997574006,4.104214341075675,26.495204797808192
2155.188,1.5138781059406097,4.1054366888165985,26.501590621510648
2159.235,1.517668117514292,4.105880014040487,26.507063766328862
2163.375,1.5165127975945631,4.106526674704801,26.51828517417152
2167.438,1.51565589710774,4.107358730567209,26.52868137432266
2171.578,1.5198588142719907,4.107621810590592,26.530381373544493
2175.625,1.5150564290663828,4.1083127469948435,26.542951893521423
2179.719,1.5129583569172205,4.108736059647369,26.545915299763042
2183.813,1.5174368602354193,4.1096895244470435,26.546016671495376
2187.922,1.5180290768114268,4.110146875028643,26.548164049061153
2192.0,1.5181548850308022,4.110681477456949,26.55435459425468
2196.11,1.5169759870914434,4.111178436982756,26.555172922469474
2200.188,1.5145900197641018,4.11198512319131,26.569337391823154
2204.297,1.5121259801275495,4.112554610255314,26.57340581401044
2208.36,1.5173552176540974,4.113536660412527,26.569507348252433
2212.469,1.5146839570384478,4.113773391466861,26.5799802605612
2216.578,1.5191878519671915,4.114607682595147,26.583819990663905
2220.672,1.5133115752413782,4.115062654504209,26.590260151139518
2224.766,1.514600203175562,4.115952873760443,26.596909377285378
2228.86,1.5134940281432974,4.116306410440088,26.605775035277222
2232.953,1.5136900652215508,4.1172565306863085,26.61843867522046
2237.031,1.5143580458238863,4.117911566405568,26.612168874111028
2241.156,1.5135240207462421,4.11884148581746,26.62099390978825
2245.281,1.5184246336314913,4.11913550611451,26.621596428156547
2249.375,1.516458571138894,4.119826931956823,26.63310088779231
2253.672,1.5148584761954267,4.120822547937117,26.64247765345822
2257.703,1.5189283772893851,4.12096130478086,26.65102154726967
2261.766,1.5144882698337894,4.121748575316374,26.64732385730748
2265.813,1.5178154110426672,4.1224307610578155,26.654626464073534
2269.953,1.5167687141743704,4.123165515011382,26.659081439207455
2274.031,1.5166365752301114,4.1234331854372,26.67050462942962
2278.188,1.5164778552588896,4.124348943403978,26.678074640987052
2282.219,1.5122136741749834,4.124706769563256,26.680728842972965
2286.313,1.5129321391080404,4.125576008602185,26.693240847978796
2290.406,1.5161563415819324,4.1260406964771095,26.705368647862663
2294.453,1.5153058664835375,4.127150789331916,26.7162109199404
2298.578,1.514169854045343,4.127598795271325,26.719640861419713
2302.688,1.5137699322904152,4.128115163025764,26.722626843657405
2306.766,1.5132810169841102,4.128684575339357,26.72746265577475
2310.797,1.5166074505084843,4.129529765672804,26.7415301891505
2314.875,1.5179366111039179,4.130109225031001,26.748458920185694
2318.953,1.5182284492365394,4.130828475288728,26.752282628954703
2323.016,1.5150007195532291,4.13147585713782,26.751422814586103
2327.141,1.5170028770345512,4.132071781652029,26.752854775340225
2331.25,1.5110426018327434,4.132271435036463,26.76176564679819
2335.328,1.5181978192111076,4.133260364175562,26.76166386982806
2339.36,1.5163790694166686,4.133988015413759,26.77900340541375
2343.438,1.5160025586724766,4.134829177503795,26.78574674309015
2347.516,1.5154498058541024,4.135284236784348,26.792350840553038
2351.563,1.5133936820191756,4.135864974260022,26.796312450210575
2355.656,1.5160679586830808,4.136767259341581,26.809292959335924
2359.75,1.515154438146531,4.137029740676626,26.81724698341126
2363.797,1.5162239730364937,4.13807958777342,26.823194959834094
2367.891,1.5173836844453625,4.1386386251886975,26.83609370020377
2372.016,1.5222083950267566,4.139283120185009,26.839405281469965
2376.047,1.5119172402653482,4.139729614217143,26.83712201891641
2380.11,1.5162765064919963,4.140255360063435,26.837419262011583
2384.203,1.5179016154243659,4.141025786072095,26.847450345629404
2388.266,1.5180693044717195,4.141999205357203,26.840456483989374
2392.344,1.516957091820372,4.142152184550125,26.847644842775587
2396.469,1.5150249464596892,4.14309608713419,26.8651012682063
2400.5,1.5173775974842434,4.143657158473625,26.862684600169274
2404.578,1.5163765798109765,4.144732243728953,26.881689995340217
2408.656,1.5172173019259896,4.144845209162741,26.88209822981067
2412.688,1.517712735889135,4.145509247775029,26.89068280608563
2416.781,1.5178228330099046,4.14620450745988,26.902660604258184
2420.891,1.5136819951532838,4.146875009671713,26.91164201785012
2424.922,1.5129020196726108,4.147742757437631,26.923281980775197
2429.0,1.51521068241851,4.148118073552014,26.92345155175041
2433.094,1.5184490205638868,4.148668943640459,26.927205646631514
2437.125,1.5191564753031113,4.14913546956826,26.9391804128047
2441.266,1.5150663983621648,4.150016197534891,26.93598008666413
2445.344,1.5144757446492239,4.150754342662396,26.9405574085646
2449.375,1.5185347796066149,4.151140109032424,26.942536052200115
2453.485,1.5202139557365406,4.151990936990408,26.951611535190157
2457.563,1.515073456277628,4.152578101455818,26.968124073699215
2461.594,1.5159125417114678,4.152996464597278,26.974164862881146
2465.672,1.5143958762556506,4.15373069647086,26.972356885418655
2469.75,1.517221108811761,4.15430384147437,26.98798387864378
2473.813,1.5156621745493326,4.155064451698272,26.992966645694235
2477.891,1.513293523545238,4.15553609954306,27.004362198403157
2482.016,1.5142523497580387,4.156413124553696,27.006998647226016
2486.047,1.5122529749069071,4.156999664158029,27.016214841088807
2490.125,1.514722203676014,4.157600192194816,27.01871979690249
2494.25,1.5177271923398825,4.158126474066984,27.026540183689907
2498.281,1.5175655084070578,4.159101435856245,27.035546624616998
2502.406,1.5170158457092429,4.159308158838134,27.038142460053862
2506.438,1.5108221922855831,4.160156130409169,27.04459363930608
2510.531,1.5172497152073778,4.16032806786201,27.05375736176634
2514.61,1.5144885749259653,4.1613094132388335,27.06072046647866
2518.688,1.5192052985301174,4.161770166457397,27.062731349064947
2522.766,1.5175754304477818,4.162225320217236,27.071620814809208
2526.797,1.5182389105901617,4.163081596459716,27.0839766363427
2530.875,1.5151298271365,4.163771206832787,27.09068382748988
2534.969,1.5165259099740906,4.164143804669927,27.094735060116072
2539.0,1.5177758151583929,4.164537295017079,27.1015959797749
2543.125,1.518516145305701,4.1654181431421415,27.107089920579643
2547.172,1.5148405495454047,4.166026988692577,27.101271145934454
2551.297,1.5188188228274273,4.166795559604786,27.122806525784497
2555.328,1.5121261922895097,4.167538858350493,27.120821373223098
2559.438,1.513661058779026,4.168346662693486,27.131820175183083
2563.5,1.5156465891416198,4.1684507179644585,27.129587816520807
2567.594,1.5145245375277692,4.169351854535087,27.146060045773858
2571.703,1.5185761191637925,4.169113171246629,27.152632434147538
2575.735,1.5128086932669416,4.1701939233467655,27.158898523837102
2579.828,1.5162277571736398,4.170958960146678,27.1767601398194
2583.86,1.51527499587558,4.171064937115863,27.176874270174174
2587.938,1.5131247241747268,4.171979261913207,27.184694298060347
2592.0,1.513384004562954,4.172621148309692,27.19230447176495
2596.11,1.5166351075640068,4.1727628512154,27.20183708926084
2600.141,1.517841238201783,4.173710040333061,27.212231636070516
2604.219,1.5168325066999446,4.174243209284048,27.21598027212872
2608.297,1.517712852480551,4.174745575389488,27.22336300793414
2612.36,1.5145287129574576,4.175489048682551,27.2329545188561
2616.375,1.514831232669342,4.175827508294555,27.23866335441449
2620.5,1.5147946917998052,4.176651457332908,27.251127261193115
2624.641,1.5161304648144922,4.177334251869193,27.253654049474417
2628.688,1.5132657797458802,4.1778613342877895,27.26784745099096
2632.781,1.517106384243858,4.178714182186947,27.26874874638761
2636.875,1.5164147473786147,4.178646982272842,27.27889533548831
2640.969,1.5181134757669221,4.179479975701844,27.286525764728548
2645.0,1.5113396332594289,4.180529933540796,27.293908459377455
2649.094,1.5117190569824792,4.180812179851623,27.298590195179628
2653.156,1.5179968838869335,4.1813333980464495,27.294067542776016
2657.266,1.521941836594478,4.181437788319067,27.318885982007256
2661.328,1.517652336693343,4.182198168903415,27.322373785952863
2665.422,1.5134611729919079,4.1831649674128215,27.330325490076667
2669.485,1.5136958644504817,4.183746860076147,27.334287215713065
2673.594,1.51778989288316,4.1840336750889815,27.33841160937695
2677.688,1.5155989230281972,4.184596820015459,27.347613591587468
2681.75,1.5154498263245832,4.185398139653785,27.357020511420462
2685.906,1.5151190370358345,4.185810125019655,27.359823533420638
2690.063,1.5119260463874409,4.186266070506361,27.378737818676452
2694.125,1.517948434843384,4.187010605008476,27.397013244497494
2698.281,1.5175281410145531,4.1876682033476795,27.399493072152335
2702.36,1.5139783738726478,4.188107967252413,27.409699880654724
2706.453,1.5162194325756242,4.188959731215066,27.414819336565635
2710.469,1.5173963304727802,4.189459093393985,27.42465197922558
2714.547,1.5176230777784108,4.189801153831086,27.437526375762406
2718.641,1.5188956068734445,4.1904983359694095,27.447133797408227
2722.672,1.5143569725131885,4.19077705468091,27.443541140855768
2726.735,1.517327283465509,4.191394258176362,27.46272079840477
2730.828,1.5127826822390806,4.192355628588339,27.46392347525031
2734.86,1.5148782282039934,4.1926829463699615,27.469314878734767
2738.938,1.5174314200056453,4.193243830275809,27.482461638994675
2743.031,1.5146754378926248,4.193840592097565,27.49171818172066
2747.063,1.5150826362533583,4.19423339998416,27.496764959845557
2751.141,1.5164227183364571,4.1948201641392755,27.50751030093024
2755.219,1.5180351486502903,4.195359430671675,27.513687773238317
2759.25,1.5125778593104604,4.196210917337005,27.525689790898372
2763.328,1.5145116493344009,4.196588191877367,27.548945634858896
2767.485,1.51492490805006,4.197269214301294,27.549576307630744
2771.563,1.515293038959261,4.198088114393463,27.555864962614237
2775.625,1.517312545447829,4.198351934279365,27.565200089727487
2779.735,1.5185916195872986,4.198691129428739,27.579526193276187
2783.813,1.516037612993659,4.199475693770316,27.584208993016706
2787.875,1.5155177464051617,4.2003519290133635,27.601121153826107
2792.266,1.4832063534938593,4.197752539419977,27.599602228460025
2796.453,1.4816001411049746,4.198159322786851,27.613426926036805
2800.625,1.4807516092325228,4.198665478269511,27.624279233392606
2804.813,1.4791506349652457,4.1988423848578655,27.64160156665963
2809.0,1.4801485589776378,4.199342000913577,27.64325190575725
2813.188,1.4789425358854118,4.199936930626852,27.658861321955854
2817.375,1.4659232447181083,4.199547803513106,27.66346891663039
2821.563,1.4598175532495827,4.19971855635782,27.670624617175427
2825.735,1.4542533119734244,4.1993353973095475,27.668866477030882
2829.953,1.45244549320414,4.199592518936573,27.686454267806745
2834.172,1.4443695193194905,4.199024851015874,27.688850237907726
2838.36,1.442970604630754,4.199443319860717,27.69696342098242
2842.547,1.4470316902360052,4.199780834091762,27.705909668300055
2846.75,1.4329009897140506,4.199445293290144,27.72157024100841
2850.922,1.4316551258068482,4.199526881739185,27.715221646454545
2855.141,1.4314938171829814,4.19978666546048,27.720821294534307
2859.328,1.4202794323025922,4.199507486659468,27.731579138388312
2863.5,1.4221039229836554,4.199642514362035,27.737214202135128
2867.688,1.4072921314712403,4.199326586855582,27.762364911602976
2871.875,1.4113664134157664,4.199613858506914,27.764558063483516
2876.047,1.4100026872795752,4.199916243942794,27.771146644599558
2880.297,1.4084889172454964,4.200336177401746,27.77581777416676
2884.485,1.4090182855693418,4.200525851946468,27.787226746323242
2888.703,1.4070586917383658,4.200880820601315,27.79168505462247
2892.875,1.395519768423288,4.200397627104633,27.79719248625529
2897.078,1.3838194673380075,4.199820590691873,27.804039602121158
2901.297,1.3881005799500734,4.200363861378425,27.807067045707836
2905.5,1.3812185463997324,4.20079738484723,27.824976277903
2909.672,1.368264601284477,4.200528738783679,27.839490808875418
2913.86,1.362057505491772,4.199679896547805,27.84256336516164
2918.047,1.3663300078440752,4.199868240645875,27.843447541397975
2922.235,1.3560403002263202,4.2006651671083475,27.85031593709056
2926.422,1.352183794654101,4.199952633884326,27.863556085042386
2930.61,1.356019349599298,4.200103075315712,27.870647534229576
2934.797,1.3515309102599724,4.200536793911251,27.87379353186955
2938.985,1.3486167769896333,4.2008158031598954,27.881625155211385
2943.203,1.339071170743581,4.200256345071048,27.886979702786345
2947.735,1.335753059823344,4.200649325211202,27.882958235773756
2952.11,1.3256652002133218,4.200313717176469,27.88149324088707
2956.391,1.327221449011835,4.20038270044321,27.890739508995015
2960.672,1.3291669190873794,4.200983266386285,27.897448465955303
2965.0,1.3164511081972041,4.200503215799211,27.897632323211152
2969.297,1.3036567642558181,4.199809950404813,27.901294992994877
2973.641,1.3066968852582015,4.200162683708177,27.91831679531869
2977.938,1.3021855890939769,4.200431256770799,27.91729672690219
2982.219,1.3039954818330433,4.201372357298133,27.9152632288697
2986.563,1.290408737637999,4.200553014536077,27.920261479139327
2990.844,1.2787840190799473,4.200131651749024,27.92439072891978
2995.125,1.2847148325791153,4.200273690894182,27.93036785575091
2999.469,1.2815562288366218,4.2007123957481065,27.936222787300256
3003.797,1.2709021551496567,4.2004118384521165,27.932940622666326
3008.078,1.2705660137947594,4.200266170527397,27.93608930907303
3012.406,1.2691018556908493,4.20072955134403,27.933913253495405
3016.703,1.2606107695495892,4.200304325296573,27.934506040030563
3021.078,1.2626475073779226,4.2006337778891885,27.932128782148087
3025.797,1.2480304999393685,4.2002381635841575,27.944739070886442
3030.235,1.2467369179418182,4.200535670813675,27.953218846645694
3034.688,1.2433218179412768,4.200541408130567,27.95239466522055
3039.078,1.2445230121208952,4.201224346138695,27.953408985797488
3043.531,1.2342427039015895,4.200868472550303,27.95578629326415
3048.0,1.232614034273694,4.201491855826329,27.95858595597375
3052.453,1.2339659821384183,4.201821902543149,27.959675193490988
3056.922,1.2235518228893636,4.2013993513253896,27.959282883357393
3061.375,1.2115006361004508,4.2009573358443415,27.956310072235095
3065.813,1.2136055679779512,4.200829892043615,27.946197920116028
3070.297,1.2133157731498048,4.20108880391576,27.95375116180202
3074.672,1.2128000420983729,4.201631672089765,27.9625339710025
3079.156,1.2013251619590035,4.201118806029971,27.962964696959556
3083.61,1.1864999607463154,4.20094644653776,27.96244444260986
3088.047,1.1756967419271505,4.200184684892627,27.95888101918689
3092.5,1.1784767133816665,4.200694973873831,27.957668449933458
3096.891,1.1771059465685445,4.201196981993575,27.94906306757034
3101.36,1.1728060049283415,4.201063210891802,27.95218581661498
3105.813,1.1751441985554938,4.201786360731651,27.94998755317773
3110.281,1.1650873937698485,4.201382001381908,27.95271896028492
3114.735,1.155021374970704,4.200771347952515,27.95296575739722
3119.172,1.1301739780339306,4.199296356375345,27.96192594974535
3123.641,1.1308832820913006,4.200015946235715,27.952982168759554
3128.016,1.1246017634660328,4.199183985312062,27.956834614302824
3132.485,1.119558362447291,4.199368372517719,27.947266011964615
3136.938,1.1202752942542045,4.199990952285675,27.946911414806195
3141.36,1.121603749091231,4.200307688316106,27.93978746816815
3145.813,1.121261812407223,4.200534383426598,27.933878610540432
3150.266,1.1207526783431276,4.200828696384826,27.926663869291108
3154.656,1.1211596583382633,4.201499635850596,27.925410863534747
3159.125,1.1178751373509732,4.201402204241503,27.919542979701045
3163.547,1.1168524417542212,4.20232082917396,27.91421272558945
3167.985,1.1136596270020824,4.20163669882758,27.91510562254996
3172.438,1.0907393496272944,4.201285301976235,27.912754135898883
3176.828,1.0871849982894959,4.2009770583568775,27.904145985968075
3181.297,1.0837028526896106,4.201224102264964,27.899579553344637
3185.766,1.0870690396562872,4.201552172997662,27.891246696077637
3190.219,1.0744654511360263,4.200929900369485,27.883756250911517
3194.594,1.0658549885997826,4.200271435433472,27.879028312150375
3199.063,1.0627340229610385,4.201173826331412,27.87824262263142
3203.531,1.062761611917934,4.201115471369391,27.868469788536977
3207.985,1.0575168140415525,4.201499053013874,27.863117130449897
3212.469,1.0639073306393094,4.201678282247699,27.857475638640064
3216.922,1.0487207931016178,4.2015754712961035,27.852047153606417
3221.594,1.0307841524983852,4.200003477247273,27.839083923521777
3226.047,1.031181683336881,4.20049214089652,27.831987499928683
3230.5,1.0282933128275924,4.2008083493830854,27.824893241269724
3234.969,1.0293493921871242,4.200811402593479,27.825638110927326
3239.375,1.0275898761068623,4.201184658739754,27.81810215380772
3243.813,1.0297602364231204,4.2016045197300995,27.810810803265102
3248.281,1.0140393236216687,4.2011533010341315,27.79919761129332
3252.735,1.0103411307612244,4.20141941374828,27.791498989440235
3257.235,1.017680142366138,4.201728419226834,27.79413611325003
3261.656,1.0036479755655217,4.201271065636659,27.78695310050314
3266.11,0.9920263872218745,4.201177815775567,27.779557890447872
3270.563,0.9929491960210476,4.201408600999225,27.75792702416308
3275.016,0.9939708113204595,4.201629853976145,27.75938721271532
3279.469,0.9816045113357426,4.201076025002341,27.74751252590204
3283.922,0.9792854261458424,4.201369883050814,27.741501712846595
3288.313,0.9678128682228562,4.200856765811332,27.735679079445575
3292.781,0.9617726494740354,4.200407429018694,27.720460272783722
3297.25,0.9543567153107033,4.200012335405439,27.712927329424335
3301.688,0.940753943801245,4.199241447539281,27.702250726250444
3306.125,0.940167543076897,4.199265969693647,27.69030740792585
3310.578,0.9382339675393935,4.199437388406523,27.67662567643664
3314.969,0.939510886121109,4.19987333230142,27.674908178533368
3319.438,0.9266002350620172,4.199147154624269,27.658121046767867
3323.906,0.9193599435255148,4.198877703628131,27.65588893777574
3328.36,0.9061403557033224,4.198088460614694,27.643829894435758
3332.813,0.9066971149646523,4.198563246439655,27.63935111507249
3337.266,0.8964119959022302,4.19755957351614,27.621400066402693
3341.656,0.8971949702769136,4.198110855289157,27.605853625773182
3346.094,0.8952323357502316,4.198450709949495,27.590628168629586
3350.531,0.9003683963805368,4.198293488901346,27.584517484875168
3355.016,0.8934692267235229,4.198349536489819,27.571860965286753
3359.406,0.8926970438561939,4.199027445263663,27.55684971667837
3363.828,0.8968010261000213,4.198977142898838,27.560371088225033
3368.281,0.8935878496181631,4.199407273667526,27.54630571163625
3372.735,0.8941312728810951,4.200048358580271,27.534851447818205
3377.11,0.8959416925875339,4.1998367819080284,27.530590292305217
3381.578,0.889812148333495,4.200515383799108,27.52045631071696
3386.031,0.8880283299176309,4.200764101945778,27.50833220057683
3390.516,0.8845357189423355,4.201080747972474,27.49847047702301
3394.985,0.8797861080574497,4.200550556284162,27.485378978381966
3399.422,0.8704911017421616,4.200018223031426,27.47449850651045
3403.875,0.8586855752013651,4.1996958560094955,27.459632157218746
3408.328,0.8467138839262843,4.198956653685748,27.450992762455765
3412.766,0.8466766547329638,4.198946607499589,27.446282564718267
3417.172,0.8452997182556644,4.199516018239494,27.428412979265303
3421.61,0.8472593290882777,4.199295848754982,27.428908046654346
3426.047,0.8484803494178547,4.199534042475736,27.412433750310363
3430.516,0.8473514453896969,4.1998243790410825,27.391969317341403
3434.938,0.8446387121378249,4.20014648605909,27.388562429530634
3439.438,0.8462579310367047,4.200504293663761,27.379167110786206
3443.891,0.8437248388941662,4.200580259072869,27.36133606485827
3448.36,0.8432359794226731,4.200870235310962,27.355508565788856
3452.735,0.8441178072475554,4.201441503081892,27.338819786449562
3457.203,0.8457446032220375,4.201841565250116,27.325763265627323
3461.672,0.8273169135720021,4.201383822240982,27.317936492403774
3466.172,0.8195233759963364,4.200564900815933,27.31302115152293
3470.625,0.8133084051073344,4.199928353452261,27.28807280409196
3475.0,0.807669971831981,4.200149973290545,27.284249022552338
3479.422,0.802453673440664,4.199565245996716,27.27429527930665
3483.86,0.7941922190716247,4.198802681765431,27.255013416520303
3488.313,0.7808606432722398,4.19828054009944,27.24722309497965
3492.703,0.7701375214228194,4.197638308143373,27.23253847531073
3497.172,0.7595297852835978,4.196904464674979,27.23572821256636
3501.625,0.7593377579306151,4.1970025486336935,27.2196946155507
3506.063,0.7616873171966931,4.196974060113883,27.20263797181391
3510.516,0.7696498393921998,4.198045690757243,27.196790024591532
3514.906,0.7577409895821785,4.1974983830518005,27.18504254484244
3519.328,0.75680955383769,4.197302626658439,27.16535014491605
3523.781,0.7586805131764213,4.198001239712066,27.149813706271228
3528.235,0.7588518527178619,4.1983118084576985,27.147271975292792
3532.625,0.7543266857594284,4.197762818672886,27.14052255897692
3537.094,0.7565494714242139,4.198131722321318,27.124087146749293
3541.547,0.7571586505986612,4.198428900821575,27.11179189433412
3546.0,0.7591723799251503,4.198840890250527,27.099168741478397
3550.453,0.7457433792469351,4.197951731558019,27.09171940439825
3554.844,0.7355652756185073,4.197815389167139,27.07592275974105
3559.297,0.734871545696713,4.1977814765777985,27.07359322232244
3563.75,0.7389067834420671,4.1977968140094335,27.052704766515692
3568.203,0.7359869743334548,4.198146409668141,27.041503789844363
3572.656,0.7362198565079924,4.197901409478861,27.024820046609545
3577.11,0.7328371295217285,4.198178064759483,27.015195991342146
3581.563,0.739780238318126,4.19869374478132,27.011562085341147
3585.953,0.7232400256354254,4.1982994230860005,26.994455493023757
3590.391,0.714692559330965,4.197414188462491,26.97984866713688
3594.875,0.7136675712138075,4.197708389931008,26.97641578190609
3599.328,0.7150365352712854,4.197419000306093,26.95546123255589
3603.781,0.7132924714640287,4.197896291331002,26.95320310282487
3608.156,0.7111963755779552,4.198167936090531,26.93973480523085
3612.61,0.7133994866410939,4.198603166593831,26.928898607630803
3617.047,0.7030860482100506,4.197857482594066,26.91246584984995
3621.5,0.7009786642267495,4.197776733839252,26.902143761169746
3625.953,0.7012510819197861,4.198070827696015,26.88942644858005
3630.328,0.6985744264363153,4.198110471331301,26.870572870875527
3634.797,0.7012187695867788,4.198430972525994,26.86312884818809
3639.235,0.7021123653643504,4.198418056927593,26.857266230843642
3643.688,0.6955210958040493,4.198855694490562,26.849610468551386
3648.156,0.6914223561335691,4.198379045914857,26.83287615193239
3652.61,0.6785191466238614,4.197587732337457,26.82448945284855
3657.0,0.6782846363046853,4.197804907435497,26.817887410365625
3661.453,0.6788658412464407,4.197818673352879,26.81747297974297
3665.875,0.6815581740042305,4.197931605524513,26.79653189304549
3670.313,0.6795449080176152,4.197982426565401,26.790397857905692
3674.781,0.6745350159657496,4.19823288234321,26.769720888647793
3679.156,0.6798863474896982,4.198305921503673,26.76084691487759
3683.625,0.6752794978112512,4.198731514433173,26.756828225588226
3688.063,0.6684000684959146,4.197864631907635,26.741707473002926
3692.516,0.6546040506777755,4.1971886125180164,26.72242990763133
3697.0,0.6538659816791726,4.197443679977731,26.720227788301766
3701.375,0.6534946069972112,4.197710008558799,26.707477853468472
3705.828,0.6545972964994083,4.19737153338392,26.693630777273235
3710.297,0.6534042054033063,4.1977371463708435,26.689684715478915
3714.75,0.6560000105320769,4.197834689799849,26.675391796740836
3719.219,0.6557024266925581,4.197788906405824,26.660686046724294
3723.672,0.653496958035508,4.198599729938186,26.65679970271735
3728.125,0.6424138584935428,4.197717904565637,26.64496266347051
3732.578,0.6483780080398223,4.197683924235683,26.637201349597618
3737.016,0.6436349636056423,4.198135381659353,26.625360800479857
3741.469,0.6396391435518739,4.198570323969702,26.60989728283118
3745.86,0.6346686056205341,4.197393796340565,26.604109448318418
3750.313,0.634306436465603,4.19773814471213,26.596059119558024
3754.766,0.6330286650801825,4.1979325759345825,26.58571451267818
3759.235,0.6308948372147241,4.197967845159394,26.573625062690898
3763.703,0.6332204254334736,4.198073201156852,26.555954941948762
3768.172,0.6283020418038853,4.198381164379683,26.554086670056925
3772.625,0.6266708185930431,4.198900199924729,26.54262867023857
3777.078,0.6239568514772437,4.19808410348813,26.531190367846683
3781.469,0.6245102595090496,4.1980209063134595,26.5117319612001
3785.922,0.6199137264004013,4.1983026959441725,26.514585206969954
3790.406,0.6183041665265494,4.198637017617218,26.507102433579583
3794.922,0.612026070209527,4.197841549958514,26.49106341672861
3799.375,0.6087345376745084,4.197884109598672,26.499580675039702
3803.75,0.6069467421179815,4.198285361170877,26.4763887793117
3808.172,0.6091017019561706,4.1981987439372075,26.467525456997326
3812.625,0.6069653399353129,4.198123325179743,26.459548183561907
3817.078,0.6031759191329719,4.198314011265153,26.45426087893888
3821.469,0.609769162415799,4.198850026104873,26.442465352962632
3825.922,0.5998000228110358,4.197919133157846,26.433504324363497
3830.391,0.5966345287361936,4.198165102853712,26.427962782134905
3834.844,0.5957653705362171,4.19835628913332,26.414808072962412
3839.266,0.5978520834090366,4.1985899164144875,26.407104725255717
3843.766,0.5847033315643849,4.197754642295324,26.3922273479641
3848.156,0.5855166599628109,4.197669115662107,26.392190330903468
3852.594,0.5870355336614503,4.19792626432858,26.374856655567147
3857.047,0.5846305065980217,4.198096641202194,26.364593289145947
3861.5,0.5841234876359701,4.198322891544542,26.352394967503976
3865.953,0.5837858840075754,4.198814334432411,26.345629312531017
3870.344,0.58487464638659,4.198651904053698,26.340966260574245
3874.781,0.5890085735402721,4.1988621122113425,26.324836361798422
3879.235,0.5847077319327993,4.198941753160843,26.31788382155619
3883.688,0.5841664801031272,4.199320501611996,26.312156244238935
3888.141,0.5809955666830215,4.199473378332565,26.30591291235654
3892.531,0.5848521356464608,4.199513706335579,26.293782044474224
3896.969,0.5861904860712737,4.1997188959543985,26.28699442605717
3901.422,0.5725645120075878,4.1991759855705,26.27291764245127
3905.875,0.5614630032919692,4.19822944654629,26.269823252869564
3910.266,0.56158143951125,4.198352960078285,26.249424265389425
3914.703,0.5590835529208864,4.198752499705446,26.247775881518773
3919.156,0.5516353142694247,4.19782390328568,26.24055893358374
3923.61,0.5507851294593402,4.1978474168414435,26.235353637933446
3928.063,0.5504085532906947,4.197794339675791,26.223257542069764
3932.453,0.5485413171626695,4.197968662692241,26.21455151461739
3936.875,0.550034019117519,4.198006365951063,26.209504744998952
3941.344,0.5490006854076769,4.198474564703504,26.196450653133518
3945.797,0.5530337273386534,4.198306574538691,26.1954238920127
3950.219,0.5504808143173918,4.19862832185764,26.186841757849077
3954.688,0.5402647263094872,4.197786556765768,26.17739166735257
3959.141,0.5404999290879001,4.197911624469887,26.169518077146503
3963.594,0.5401708836793635,4.198442288709676,26.158226481056523
3968.047,0.5396801942038342,4.198331213785112,26.16087994329057
3972.438,0.5398351439089066,4.1987671171320144,26.154745169461552
3976.875,0.529483742208056,4.197874288501302,26.147269511443795
3981.344,0.5294827208589508,4.197813871758559,26.12430591921639
3985.797,0.5305160512090001,4.197977353126699,26.11286790739217
3990.25,0.5303378670352245,4.198228644146875,26.11340276501776
3994.703,0.527475687742646,4.198049801157725,26.112353593138092
3999.078,0.5300659049068867,4.198531850639184,26.102518626727367
4003.5,0.5254009052004025,4.198660526075427,26.090646629620075
4007.953,0.5263756799204873,4.198681730440393,26.089362822047615
4012.406,0.52601606569952,4.199005438399157,26.086392184900284
4016.797,0.5282679762882146,4.198988777457801,26.076821637198044
4021.266,0.5249922303273621,4.199230179921098,26.06721023593945
4025.719,0.5277179880789797,4.199359369945789,26.056687278456618
4030.172,0.5278729760795814,4.199512857627377,26.03872083439556
4034.625,0.5235486148107277,4.199696466734389,26.041874028814686
4039.016,0.5162174296211691,4.198895377327334,26.03434644175605
4043.469,0.502239806079091,4.1980663224494865,26.022147755675824
4047.938,0.5038449296021792,4.198265260998145,26.011252955280284
4052.406,0.5051443687332811,4.198174755732985,26.0091287939436
4056.875,0.5039871396752066,4.198548659017416,25.997714641028978
4061.328,0.5056539423433514,4.19846467299014,25.991595322955988
4065.797,0.504496690200519,4.19867186968711,25.98442346565468
4070.25,0.5056727967683076,4.198554868837324,25.971359633326905
4074.688,0.5064601510209713,4.1990387020876545,25.964836051501376
4079.141,0.5040040369127466,4.199069646173379,25.95422707403154
4083.594,0.5041658190206321,4.199194309414865,25.959479353596198
4088.063,0.5023858013982889,4.19944572073989,25.945297555867395
4092.438,0.5027250190789083,4.199603485017628,25.931597497703756
4096.906,0.49067556984099364,4.198716964932487,25.928114428374098
4101.36,0.4825196031799827,4.198154375260175,25.922865761681038
4105.828,0.4831842632436638,4.1982689709421726,25.91582443641699
4110.266,0.4796446545663594,4.198066415553882,25.904040592538124
4114.75,0.48134127960290884,4.19851604187766,25.9056463333269
4119.203,0.4815536842984187,4.198514818813257,25.886713143367075
4123.656,0.4824092676147025,4.198656514889532,25.891118434855812
4128.078,0.4809372881693324,4.198750669531609,25.880354161603716
4132.531,0.48229677537593324,4.198957528025313,25.878182672442993
4137.0,0.478818427277915,4.198950717795331,25.871451400165675
4141.438,0.4833922558861512,4.1989387855151294,25.86077870997389
4145.891,0.48064931898723445,4.199273705536864,25.85134272528503
4150.281,0.48194726433518603,4.19939888319351,25.842208595823024
4154.719,0.47939601014873884,4.199654548634278,25.83217750106472
4159.172,0.46790110425199993,4.1986713422915845,25.823121928358937
4163.61,0.4700785511499918,4.198974718320272,25.826141055542063
4168.0,0.46730642481477525,4.199212024304935,25.818976104931814
4172.438,0.4686075639132163,4.19900118510637,25.80320298828208
4176.906,0.4693031327967066,4.199214830968073,25.799014805200418
4181.375,0.4681699757968876,4.199052556708694,25.80004260978805
4185.813,0.4657772480559892,4.19963644966574,25.787516004784216
4190.297,0.4585665656957981,4.1985289615243175,25.7807933346782
4194.735,0.4577421872039284,4.198737587830601,25.77911320134359
4199.188,0.45533254731200495,4.198862108377113,25.7622134697039
4203.625,0.45868368742538046,4.1992708881567244,25.765126591517955
4208.078,0.4579348830473715,4.199010148734914,25.754627049330942
4212.469,0.4613179394881674,4.1987560254012894,25.752347744174674
4216.906,0.45468818795912547,4.1991634849877055,25.742777905023093
4221.36,0.4589845104175898,4.19915333768497,25.734240007675456
4225.813,0.46059179637034103,4.1994927828882105,25.732566113580198
4230.281,0.45848652209859914,4.19990244948312,25.71962493350875
4234.656,0.44810130440470336,4.19889686488465,25.712370150408326
4239.094,0.44547387922269427,4.1995361288421815,25.714520159411705
4243.61,0.4465636103372793,4.199195866772602,25.715802993381455
4248.016,0.4415614569496795,4.199264413866637,25.695840504178687
4252.485,0.4449775124344451,4.199546547060726,25.690690354075464
4256.938,0.44469702448709386,4.199568032626386,25.69331025981507
4261.406,0.4399851988895961,4.1987558321941405,25.69108521826589
4265.875,0.42490170649069436,4.197949369821165,25.686705845987387
4270.36,0.4276609466297141,4.19801845178743,25.672408317004557
4274.781,0.4237045900190454,4.197818140762214,25.65893984260841
4279.235,0.42719029547233756,4.198200178702907,25.664686759736924
4283.688,0.4216230168228776,4.198255655707803,25.652169592136698
4288.141,0.42557984940644156,4.198246377028079,25.645835558400474
4292.61,0.424343019900785,4.198421355822368,25.638124113888303
4297.063,0.4246342325601086,4.198496660983614,25.63985065259656
4301.547,0.42474605941356647,4.198569886760601,25.62779281323085
4305.953,0.4237718503212537,4.198556712060223,25.62705074250186
4310.406,0.4244954997407477,4.198836941564455,25.6183359134386
4314.86,0.41819843099857423,4.198980852221653,25.61003036095628
4319.25,0.42090478123952657,4.1991013119901215,25.598886953862603
4323.672,0.4262105215025707,4.1990931901852155,25.602954575349763
4328.141,0.4272886417473346,4.198849198983013,25.590462384019936
4332.625,0.42028397822619756,4.1994652827857895,25.593055290724777
4337.063,0.4187677172377934,4.199791552530182,25.589115739286616
4341.516,0.4103221992892194,4.198939003590355,25.578071918823728
4345.985,0.41227677953663194,4.198782032115637,25.572490213973246
4350.453,0.4066994927529407,4.199019325100125,25.57105742944655
4354.906,0.4156199699432624,4.199139025790787,25.55794688514096
4359.375,0.4061429174545064,4.19887709429627,25.552430903408975
4363.828,0.4102153061384642,4.199330085919683,25.548787098227482
4368.297,0.4087223783245592,4.199247230786799,25.547437178299777
4372.797,0.40895166787761655,4.199633340129395,25.53990674737489
4377.25,0.4027359892093462,4.198774806333858,25.533869613676668
4381.75,0.40004803133525585,4.198850558357986,25.531348577492047
4386.235,0.39881674053887,4.19859018877306,25.52486780787889
4390.703,0.40117799792425557,4.199095557075902,25.518194312561487
4395.156,0.3981500913607943,4.199044071895722,25.516297923673363
4399.625,0.3977961114973675,4.199319468084685,25.51339160388244
4404.078,0.40074827438112026,4.199093820361844,25.50345900991424
4408.547,0.3964026919648696,4.1993200269836555,25.49240307016626
4413.016,0.3971621395731845,4.199347303998931,25.48940765838067
4417.485,0.39803974339285947,4.199679000001233,25.47666501807251
4421.953,0.38757371190990025,4.198876708320403,25.4838777218699
4426.406,0.38923478407851836,4.198625600205,25.47182951152859
4430.875,0.3888067404291902,4.19912153395241,25.462494587796918
4435.36,0.3884366377897606,4.198916670707394,25.45629559584458
4439.828,0.3877020530697535,4.199037301663199,25.46203546377177
4444.297,0.387096873854155,4.199149497963823,25.451656163841072
4448.766,0.38747530841296146,4.199233087132329,25.451479963365614
4453.156,0.3899658379990304,4.199558194338021,25.441043787990683
4457.578,0.380112758580609,4.198748388588244,25.44210116517574
4462.063,0.37835395426596935,4.198954881783762,25.432785197867467
4466.485,0.37824899186175304,4.198981007894269,25.429187447967042
4470.922,0.38045400645830263,4.1987838052612885,25.418270524023992
4475.391,0.3795440774979909,4.19913885118911,25.410084712720362
4479.844,0.3757512999146174,4.199110888315618,25.40761992656436
4484.25,0.3769232817026097,4.199025695870689,25.39418997080468
4488.656,0.3782519590313221,4.199501210183337,25.39862306895438
4493.11,0.37363927922292145,4.199464411936814,25.382743922076987
4497.563,0.37192115116560703,4.198975551748511,25.382232423370656
4501.953,0.37370411392922787,4.199569562440004,25.37944322918513
4506.375,0.36753276360790316,4.198996471596837,25.37039460417328
4510.844,0.3701395511204913,4.199327894145886,25.36479951889316
4515.297,0.36548141257950195,4.198834753700235,25.373429650249186
4519.75,0.36443159905097683,4.198909296119033,25.364986622210164
4524.203,0.36531832964152006,4.199374305016404,25.365456574860715
4528.578,0.366757028819012,4.199231664822128,25.35464272388392
4533.016,0.3642464566733015,4.198887407365208,25.355096420938064
4537.5,0.3686114216455238,4.199433285529452,25.340764039040533
4541.922,0.36360893869212574,4.19941312861682,25.333398852353763
4546.422,0.36395226217114895,4.199132157811479,25.340532376386967
4550.891,0.3580885280504297,4.1996778527231875,25.33370959265194
4555.36,0.3470262881333664,4.199145009957693,25.327033891315477
4559.781,0.3517225791333647,4.198864567460559,25.326832045780428
4564.266,0.3499578415549285,4.199609846433523,25.31362593314558
4568.688,0.35593456189448147,4.199168143143483,25.300220096452136
4573.156,0.35254335976400947,4.199423439934007,25.303369137380308
4577.641,0.34889034029604127,4.19974624545512,25.299674885705443
4582.11,0.35325366841041556,4.199348627577417,25.29399384552325
4586.531,0.3556225492729301,4.199204233462666,25.286989519750637
4591.016,0.3560468946708288,4.199521024281434,25.271128721156753
4595.438,0.35481822248619366,4.199732827671988,25.27779228949332
4599.922,0.3541304564693643,4.199661372613365,25.267454926349053
4604.36,0.3517765256767387,4.199882146292235,25.258118030407967
4608.813,0.35195478964861127,4.19976256503672,25.257331536474734
4613.266,0.3534306526272311,4.20009525133579,25.24945543158538
4617.735,0.3530355627211864,4.20000422714846,25.246053256879637
4622.172,0.3497399775321423,4.20030094557724,25.242284118773135
4626.625,0.35035772749494637,4.200162701805106,25.24685402529879
4631.016,0.35389729348361537,4.200148277903232,25.235788844309777
4635.469,0.3487291829159201,4.200515771687286,25.229663606256505
4639.969,0.3508659599551607,4.200561993997848,25.22490030769236
4644.438,0.3414078158770487,4.199763699094543,25.2245032016723
4648.891,0.3304360435057061,4.198801553602494,25.21647083918353
4653.375,0.33191024018435805,4.198998521276519,25.21147762591625
4657.797,0.3300840753952181,4.199235603179393,25.211117356841886
4662.266,0.3309142787487255,4.1992633608978105,25.199454989441328
4666.719,0.329397059721335,4.19899214740592,25.193051579378725
4671.188,0.32992650692383596,4.1994622300476765,25.187814784310653
4675.578,0.33046239193674376,4.199237757105405,25.181344572480445
4680.0,0.3328810275672266,4.199060912606694,25.187892066985775
4684.485,0.3308227148360384,4.199195177974505,25.180789444498085
4688.922,0.33248973868664233,4.199055970363766,25.18439273707957
4693.406,0.32837830036385957,4.1995612131763265,25.175336146433093
4697.828,0.32803359709070157,4.1996242359442695,25.170543438071515
4702.313,0.33227848144280986,4.199409788186448,25.156394683923597
4706.797,0.3299981840498829,4.199891628866715,25.148585245717168
4711.235,0.3301750314751917,4.199963933794305,25.150249746091113
4715.703,0.3306414631174092,4.200023958998832,25.141484445515268
4720.172,0.3281287401482732,4.199985210881568,25.140717819294764
4724.641,0.3266920312294498,4.2001313273114755,25.135045799973255
4729.11,0.3297566844660819,4.200364134333314,25.13400054860225
4733.594,0.3300805960807281,4.200133512795509,25.127413012312537
4738.063,0.33189406580163405,4.200114904523905,25.12138478156958
4742.5,0.3310969538318176,4.200339439892949,25.117271522491347
4746.985,0.3292281623685661,4.200538741842032,25.11666558767415
4751.422,0.32793964022796196,4.200415087081494,25.11533289460793
4755.906,0.32777270901813516,4.200774932282877,25.103045137034385
4760.328,0.3173321424784958,4.200407735947059,25.10144207144142
4764.813,0.3081213079391977,4.199396720689427,25.11023312741319
4769.297,0.3073567190964421,4.1993979272662925,25.100851065189975
4773.735,0.30955012318412667,4.199181594292398,25.100047962693502
4778.219,0.30720085657504315,4.199277742162416,25.087913417791007
4782.641,0.3073865407220592,4.199299943146048,25.083510889792745
4787.125,0.3067082452494761,4.199292654464085,25.07928945980989
4791.61,0.3053381512052225,4.199700287576812,25.07637352701773
4796.031,0.2973954851606854,4.198953808062814,25.07084762305342
4800.5,0.2966089745119414,4.198607248568616,25.058714818345003
4804.969,0.3006867348306804,4.198597885330928,25.067794330029752
4809.422,0.2986563416958384,4.198729559782425,25.06583055200315
4813.891,0.29432980618598836,4.198745326073664,25.04912710988104
4818.36,0.2990031451682283,4.1988429465962005,25.05022889524323
4822.828,0.2974347470173557,4.198304092783514,25.047516913717285
4827.297,0.29816258171234417,4.199000231321093,25.039610393510912
4831.781,0.2970583880362211,4.19928901096896,25.034096955765744
4836.25,0.29544687122172636,4.199385782824969,25.03153395873671
4840.719,0.29898404649666943,4.198978232860163,25.02148258229442
4845.172,0.29566399629795537,4.199139082743379,25.02120938675216
4849.641,0.29455597222855145,4.199524794200055,25.020778633316393
4854.094,0.2942342855138832,4.199147151774257,25.015321422412335
4858.563,0.2932837898189691,4.19948557300563,25.00702145567982
4863.063,0.2965177048791331,4.199235695276675,25.005974595277024
4867.516,0.29633867336431385,4.199507492789825,25.010682398397144
4871.969,0.29451151231317907,4.1994119630417375,24.99765055684139
4876.453,0.2964395072865806,4.199993257526639,24.99313774726528
4880.844,0.2963671004928692,4.199806451656731,24.985872142603256
4885.281,0.2942437968268795,4.200007647419774,24.97817313697274
4889.75,0.2947212391834136,4.199941316330069,24.981661400977462
4894.235,0.2935417805640123,4.200161093626565,24.987272817086133
4898.719,0.2964850130820854,4.200116978992761,24.97422584721937
4903.141,0.292721767055967,4.20015972618999,24.970499901252182
4907.594,0.2944127288307699,4.20008155719231,24.96909718661002
4912.047,0.2921550987745797,4.200380447095472,24.968041360251984
4916.422,0.2959850211891826,4.200350042358494,24.96570443947158
4920.86,0.29497879545128436,4.200498953041077,24.9543647766356
4925.313,0.29413311437828865,4.2005176248628615,24.950545522825216
4929.75,0.29147945652106455,4.200667577759219,24.946870578220707
4934.203,0.2797962852389904,4.19962507836877,24.94317110912755
4938.594,0.27494108401977124,4.198971408741928,24.945480039352248
4943.016,0.2680695660026102,4.199351395387784,24.947251773393504
4947.453,0.27257444044504164,4.1987777229284085,24.939953426049822
4951.938,0.2712718231361103,4.199167035094685,24.936281313491794
4956.313,0.27398989209557933,4.198909606400664,24.926131990008624
4960.75,0.27345209486031574,4.198962907704437,24.932583398535954
4965.188,0.2697596015133634,4.199244656832371,24.925237078568244
4969.641,0.2698433544095843,4.198922633804591,24.914850689687505
4974.094,0.27369836068238795,4.199316105418609,24.908103137715138
4978.469,0.2721772162340003,4.1989596121141295,24.903111499830636
4982.891,0.2733111042913251,4.1992935085707455,24.906591659121194
4987.328,0.2758571609862586,4.199638883847756,24.90629602471897
4991.797,0.2715516017520082,4.199439474294489,24.908320142511172
4996.172,0.27106090554857853,4.199546861913029,24.894394363982222
5000.61,0.27275106956252343,4.199806135688016,24.895387625565384
5005.063,0.2718048143589453,4.199705586956103,24.900097853888234
5009.516,0.27436677789240466,4.199565772210798,24.882725654856085
5013.969,0.27295017363148344,4.199761230233312,24.883054013012334
5018.36,0.2750216644286572,4.199738083899912,24.885073156708355
5022.781,0.27386791854393044,4.200007705063966,24.877152510575495
5027.235,0.2697847888548638,4.20006308920622,24.88062179968701
5031.688,0.2741076273766254,4.199836095319038,24.87648525201847
5036.141,0.27089059611341104,4.200110041232269,24.865838785546607
5040.516,0.27129297647904727,4.20007953109792,24.865243733103746
5044.953,0.26597033848901935,4.200499113849426,24.847858816187646
5049.406,0.27198672321907463,4.200222106125508,24.853000409841286
5053.86,0.2707947227160649,4.200377023579258,24.852748412924107
5058.313,0.27165854997516864,4.200282663811563,24.847667053109088
5062.688,0.26912253897617694,4.200455011293392,24.842490679791332
5067.125,0.27026931412895994,4.20054391248734,24.84314865487463
5071.641,0.2681907004877341,4.200841825136718,24.842588781756454
5076.141,0.26078677424594904,4.199921841864755,24.830186368572573
5080.594,0.25046900704911707,4.199278006098148,24.822854934585028
5085.031,0.2510139806686425,4.1992011055578455,24.826816297646428
5089.5,0.24998811226846052,4.199222936482385,24.815072333635563
5093.875,0.2531554940333596,4.198886170652673,24.818794036939646
5098.313,0.251094668080283,4.198973446739612,24.811185685294056
5102.766,0.25014265189425844,4.199388732358045,24.80360752866479
5107.235,0.25150773448743496,4.198864823421274,24.80603639816703
5111.688,0.25034799745460695,4.1990494277185215,24.79705246753225
5116.156,0.24945236231691933,4.1994336364446,24.796313722596413
5120.625,0.25014289954287927,4.19929663728317,24.79499950824694
5125.063,0.24814902116747145,4.199387347336523,24.801889193803834
5129.516,0.2525786346711166,4.199358466974743,24.78992418547021
5133.985,0.2493808585607861,4.199596276441538,24.78196762039765
5138.453,0.2508878536384576,4.199006475912286,24.78559308607655
5142.875,0.24559830006389669,4.199595002119563,24.7794400005581
5147.328,0.25003079970417824,4.19969766608563,24.771185693205645
5151.781,0.24766151131421218,4.199568933003835,24.78060617072079
5156.219,0.24723065623374346,4.1996172685363495,24.76941136314126
5160.672,0.24976758881060562,4.199502339557042,24.760102897626947
5165.047,0.249452554799905,4.1999733113590105,24.754780050517223
5169.485,0.25063108919700866,4.199788646605712,24.764646781294154
5173.953,0.2477974682922753,4.199776902675928,24.750821560624317
5178.406,0.24725176923402847,4.200030528691331,24.755426180873155
5182.86,0.24751241289441928,4.199917411850724,24.757214896808765
5187.328,0.24589367358177353,4.200256025982489,24.747822639025046
5191.766,0.24984701086619354,4.200027002046908,24.747155398087756
5196.219,0.24722167617891105,4.200305016080007,24.741173179222443
5200.688,0.24878368355419953,4.200296313045906,24.738899672560624
5205.156,0.24758552952535368,4.200466843906656,24.737353255259343
5209.641,0.2483612568763592,4.200392495358193,24.725275121629426
5214.063,0.24642375539938377,4.200453964486891,24.722891303269012
5218.547,0.24714388864600828,4.200434797885167,24.729781109206584
5222.969,0.24858383872076434,4.200771650096457,24.723507776683054
5227.453,0.23897224525859537,4.199706780747123,24.718267385118
5231.891,0.2385743226719029,4.199961910367013,24.705616342125623
5236.36,0.23386060613710852,4.19988235921133,24.712957749438743
5240.813,0.2371441640328327,4.199868853859412,24.707908895659628
5245.25,0.2354041365486085,4.199881389483967,24.696672298169087
5249.703,0.23475236315795778,4.200039955251058,24.69998827745264
5254.094,0.23653151902910088,4.200191362522356,24.70230118227844
5258.516,0.23225646515974913,4.200222606322626,24.70581029202932
5262.985,0.23514379374884312,4.20007493669232,24.703656174778143
5267.453,0.23713752472365934,4.200243465307722,24.69124841522062
5271.938,0.23692558013359075,4.200110886009982,24.683375715932105
5276.36,0.23572833902930132,4.200238345229705,24.68567973695145
5280.813,0.23451005492631352,4.2005516396332165,24.683421770396674
5285.281,0.22557275082692615,4.199764949629421,24.680543077332974
5289.735,0.22500234455363102,4.199547645240721,24.673278885800517
5294.11,0.2244683268945474,4.199558403702944,24.671862530168948
5298.531,0.22832494504039041,4.1995026617874505,24.670295237522456
5303.0,0.22371068660882973,4.199747733723616,24.659290580283947
5307.438,0.22686217785299942,4.20000047495898,24.6678579800124
5311.875,0.22629482442931045,4.199699105896215,24.662169517871707
5316.328,0.2263567977669228,4.199894956493294,24.656753696671807
5320.781,0.22787762107763096,4.199923838312539,24.65416425895376
5325.235,0.22478503644764103,4.199872968325522,24.64601333124654
5329.672,0.22384411680685148,4.1995564751919625,24.653818663423888
5334.047,0.22481538051540095,4.200292592463866,24.661481024480842
5338.485,0.2260506754307108,4.2002439149325985,24.65233388841792
5342.953,0.22066819215526204,4.2001734209908115,24.649862346031284
5347.375,0.22253622194093658,4.200102720172451,24.64495758572568
5351.828,0.22656787604660475,4.200325577586332,24.63624825647697
5356.281,0.2229823849192453,4.200132712063279,24.639385608425304
5360.735,0.2260077451228811,4.2002969897499085,24.63228563286228
5365.11,0.22433136803762482,4.200360584727924,24.62821834418235
5369.547,0.22431914768960035,4.200351951650144,24.61824487449996
5374.016,0.22329917204545266,4.200338514243252,24.611699142704136
5378.438,0.2233910094085627,4.200382873515953,24.611161996411827
5382.891,0.22313719654921052,4.200530674999328,24.61312211773221
5387.344,0.2241954330786276,4.200432650797972,24.611046202361244
5391.797,0.22142869129435974,4.200767129508215,24.607969146771783
5396.188,0.21643543856664824,4.199884210187337,24.601896337540516
5400.61,0.21752379531017527,4.19985406448566,24.600354927611193
5405.063,0.2111675000021303,4.20008691524669,24.601285270600183
5409.516,0.2137632359103355,4.199837805281242,24.594072940750543
5413.969,0.21128139080010805,4.199763206445842,24.590121372012035
5418.36,0.21354371328051858,4.2000071516218656,24.582693259382488
5422.797,0.2145319761262164,4.20003522287988,24.582215111655444
5427.25,0.21138052926151155,4.200047631271012,24.579743388138663
5431.703,0.2108088568098005,4.199880897934891,24.57377946307518
5436.156,0.2151876200807864,4.200067886873012,24.57326604979333
5440.641,0.2112777030415723,4.200407534520597,24.564339033607652
5445.094,0.21464686426649668,4.200226144083507,24.57048986031416
5449.563,0.21394698329032713,4.2001452394207925,24.56978301112376
5454.0,0.21405934766156753,4.200154756374432,24.559956083759534
5458.453,0.2138845670864426,4.200722570622793,24.554296011839696
5462.906,0.20123756636334922,4.199499409111366,24.55429271668951
5467.297,0.19974320444257265,4.199750974595635,24.556521807561992
5471.719,0.20474899914226063,4.19949040541649,24.554601243352316
5476.219,0.20159477208831694,4.199450162468337,24.542431183350732
5480.688,0.2027997535445383,4.199428435998867,24.54960952648724
5485.141,0.2031594960093864,4.199720670116625,24.549211467714173
5489.594,0.20430176991534488,4.199712620041601,24.53824667240831
5494.063,0.20174974504317905,4.199834225940852,24.53685105089793
5498.516,0.20120110349729056,4.199643329281878,24.536140814714155
5502.985,0.20457400581107496,4.199628780011724,24.52710789750462
5507.438,0.1990487903226532,4.199639302962863,24.52644471494185
5511.906,0.20125405207943253,4.199767653083462,24.53274187592863
5516.36,0.20277852725729262,4.199908027658225,24.52184688047126
5520.797,0.201983400410541,4.199740091847033,24.52656798291229
5525.235,0.20097613282475246,4.199978994590436,24.523768125083002
5529.688,0.20291656551647255,4.199731555446847,24.516467600759213
5534.078,0.20025144201649597,4.20005256956055,24.51354782760148
5538.5,0.20210871049583856,4.199870918004942,24.515167836830887
5542.938,0.20132327757914928,4.200083596600512,24.5154468720313
5547.406,0.20552666852206916,4.200017335735515,24.50928337193906
5551.86,0.19879784073688606,4.200566714183247,24.500381325228467
5556.313,0.19006235168197952,4.199146519782955,24.501026938890487
5560.766,0.19383317862499894,4.199421896744085,24.507581234533973
5565.219,0.19232718482905037,4.199413850374974,24.496457947832955
5569.688,0.19017439748435355,4.199332915622227,24.50152871894077
5574.125,0.193836191314888,4.199496334886589,24.502018452385524
5578.578,0.19034564391038658,4.199301436599581,24.49915849363445
5583.031,0.19012015963096046,4.199491390033798,24.497968099962566
5587.485,0.1920617503599525,4.199651255858674,24.493666915137595
5591.938,0.19276995089194626,4.199550026567319,24.490699431740655
5596.391,0.18880554527862398,4.199553062219843,24.49881753021581
5600.844,0.1911169539627095,4.199478481197262,24.492272194244357
5605.235,0.18988262184634908,4.199277020530459,24.480569521430546
5609.656,0.19205061398897919,4.1996164251914045,24.475178739860997
5614.125,0.19255318524470907,4.199449724007558,24.47695690243064
5618.547,0.19158835062002313,4.199873447459308,24.467228390454867
5623.031,0.19137347731833113,4.200082000337348,24.472591146824623
5627.453,0.19069158784914356,4.199663538005515,24.470909004193256
5631.938,0.18678309543880517,4.199899434069119,24.456420430305453
5636.422,0.18986935267548782,4.1998424942032555,24.458027770634896
5640.844,0.19029727419962295,4.199993559152208,24.457354354832763
5645.297,0.1934034987335252,4.199923701708964,24.4555627272363
5649.766,0.19041193448056784,4.199872708440644,24.44922267921334
5654.235,0.18932072908581932,4.199866594356354,24.44919497562056
5658.656,0.1908137140971404,4.199924912731265,24.452457640560507
5663.125,0.19124215566236905,4.200036206516931,24.44897974351129
5667.578,0.19006513234920983,4.200199131426784,24.44728209829247
5672.047,0.19047599193168332,4.200079915422516,24.43778765248934
5676.469,0.18966118776361596,4.200349983361549,24.445065893963587
5680.953,0.18847866664309498,4.200400806003201,24.437581863984533
5685.375,0.19099414803744294,4.200520502897365,24.43247556977483
5689.844,0.19024207126894171,4.200141843355751,24.43527845642381
5694.266,0.1882605210777814,4.200393676385386,24.435919179555157
5698.719,0.18763612662139753,4.20053807162208,24.434342920347003
5703.172,0.1891473140264309,4.200621747526356,24.421477178019188
5707.625,0.17822297260923795,4.199789001535499,24.41618120658657
5712.063,0.18005773373885914,4.200060383702852,24.417934705973437
5716.516,0.18094071842468487,4.199594362565869,24.41184757174419
5720.969,0.17921613537189773,4.199866103376206,24.40974100241799
5725.438,0.18073949317211904,4.199649529660222,24.40844679622833
5729.813,0.1789858842367525,4.199902809356449,24.39984637065172
5734.235,0.18069019669904846,4.199788962117211,24.40405620079245
5738.703,0.17795744824554618,4.199923437097627,24.410915504731257
5743.172,0.1801368052600397,4.199915477459619,24.399392944948914
5747.61,0.17655687548929885,4.199925542690619,24.39899507554913
5752.078,0.1774090323225501,4.200096328036943,24.385036832986042
5756.5,0.17992516281393167,4.1999905571290155,24.39893530539019
5760.953,0.17893720255746406,4.199732725474203,24.395196905999814
5765.406,0.1803734245012344,4.199872407358834,24.393444667037173
5769.844,0.17948390093923158,4.200324462234953,24.383684432615997
5774.235,0.17802977553496255,4.199947495972911,24.374684632047163
5778.656,0.17970603989446285,4.200153801548563,24.38394927209782
5783.141,0.1789374537137064,4.200190341068634,24.384955626200657
5787.563,0.17705598780376064,4.200185115624459,24.37737171971265
5792.016,0.1780410031975052,4.200550738331998,24.369147628657164
5796.469,0.1752372706823667,4.200362420163257,24.366964831245124
5800.922,0.1787472728656727,4.200296575059632,24.36152256017803
5805.313,0.17682983640621136,4.200365360476252,24.362712867105763
5809.735,0.17876974288507233,4.200490651161833,24.36703149997027
5814.203,0.17744978129493014,4.200455861423115,24.36415776062435
5818.641,0.17848718711964975,4.200502627551355,24.35430803888213
5823.141,0.1771448075201842,4.200744485351902,24.35733496404847
5827.578,0.17690504493915735,4.200813522814616,24.347691903212137
5832.047,0.1799253901222567,4.200636350331387,24.347297492231938
5836.485,0.17644556003190956,4.200596099160643,24.34155245688126
5840.953,0.177521242524928,4.201133972757321,24.34896956499848
5845.391,0.17879548695026987,4.2006665704347235,24.34842003056251
5849.86,0.1785428046697961,4.201119368592527,24.34368677716926
5854.453,0.1741400796277104,4.2005291714402,24.33089828457039
5858.844,0.17956712714315723,4.201003540457806,24.33538518079893
5863.25,0.17980557489476265,4.201028254185033,24.32833405819422
5867.703,0.17576574426947705,4.201103293527963,24.33388422860145
5872.156,0.17543079315849544,4.200827339911444,24.324422069726463
5876.531,0.1749555717945601,4.2012617048567655,24.32718704851211
5880.969,0.17640517683266282,4.201151856882543,24.32567432855751
5885.438,0.17217337163938917,4.201365417056588,24.32210295375897
5889.906,0.17509512541878208,4.201252239736968,24.322368586201353
5894.328,0.17527359833258116,4.20132834447451,24.316674685462594
5898.813,0.1747699903504497,4.201483591872076,24.310591204220085
5903.235,0.17780980454336295,4.201466300024905,24.31648814007365
5907.719,0.17411494403276812,4.201697954033675,24.314938651059357
5912.141,0.16644620215695238,4.2006345771898355,24.308477701575853
5916.61,0.15536650331501162,4.199849406226563,24.309089313003202
5921.078,0.1553109286504811,4.199825084776197,24.31047606835792
5925.5,0.1560137718767858,4.199997433739594,24.30426561793052
5929.969,0.15527673722504176,4.19971381316425,24.311142291052466
5934.453,0.15565778439725755,4.199859538792867,24.306618010794416
5938.875,0.15604451457890672,4.199895402048082,24.29889319444806
5943.344,0.15837849947374066,4.199865500664527,24.302489306394786
5947.813,0.15462102125819674,4.199920662065959,24.283307572788928
5952.281,0.15595733981703203,4.199659813704603,24.287232075101887
5956.735,0.15792567987171435,4.199826964253988,24.28503882652177
5961.219,0.15361212411987682,4.199753690110038,24.286878014672002
5965.641,0.15708388662502937,4.199823078729439,24.28510997755933
5970.125,0.15790030249078532,4.200031916660802,24.278874605885424
5974.563,0.15736969981693827,4.20019505670574,24.286723670726275
5979.031,0.15630670742826724,4.199837039262366,24.27114537283151
5983.469,0.15780765713799264,4.1999088870535894,24.269700450660586
5987.938,0.15907618733461273,4.199786852027165,24.273392825233795
5992.422,0.15613606528759447,4.199879420522655,24.2697645522563
5996.844,0.15746134684178628,4.200401194478432,24.273008958259947
6001.328,0.1546599882504782,4.199756174741968,24.26746443770939
6005.75,0.15816576887921932,4.200079427900698,24.262038229980323
6010.235,0.15530811744235945,4.200127843864307,24.26347066771376
6014.656,0.15159123764419183,4.200358309587007,24.26339610003817
6019.125,0.1592017823568708,4.200088140473865,24.26383584239602
6023.578,0.15746115921442402,4.200049459822105,24.252592803179535
6028.016,0.15396970737925117,4.200216868265952,24.256232975567784
6032.485,0.15268780974230398,4.200410074603714,24.252773200117424
6036.86,0.15805327701031807,4.199972170822156,24.25796813248263
6041.297,0.1570284726450497,4.200479725345192,24.261083231875272
6045.781,0.15571706880046784,4.200358838750832,24.25313486993114
6050.203,0.15357692539317258,4.20055936900929,24.24837190835492
6054.656,0.13995892959381606,4.199520107896437,24.24608931162366
6059.11,0.1472790149718876,4.199438139178834,24.245303353434966
6063.563,0.1448014084486292,4.199487032142203,24.237351334246103
6067.953,0.14515252681751006,4.199546985389019,24.242527000905394
6072.375,0.1443978312876623,4.199516778598741,24.238729102683187
6076.86,0.14564790294138086,4.1993676460383345,24.231245920718763
6081.297,0.1454099489002886,4.199396137623014,24.238653467187035
6085.75,0.1445645208756674,4.199499187629076,24.240700722303107
6090.203,0.14539723670105778,4.1996484137938594,24.230691892087695
6094.656,0.14539073644850775,4.199622534011362,24.23305715324367
6099.047,0.14608330763992927,4.199318602856701,24.239902090946146
6103.469,0.14472617117358005,4.199390810042864,24.240046917284495
6107.953,0.14808873328421585,4.199370060689051,24.231110481669393
6112.375,0.1454835634805893,4.199716955555829,24.2267347103336
6116.86,0.1494057212225008,4.199344665723772,24.22214625004217
6121.344,0.14547933056659051,4.199504167861252,24.224128430963475
6125.781,0.14508591966798567,4.199554524921315,24.212798832600754
6130.25,0.147309040863607,4.19973390846574,24.211760668298396
6134.688,0.1484177642212191,4.199816823041322,24.215020327234136
6139.141,0.14689286549989394,4.199740032639281,24.214022499099027
6143.625,0.1467338770502591,4.1996008037839125,24.214209529412056
6148.078,0.14260207993106078,4.1997713970380435,24.2121958217677
6152.547,0.14111568643684289,4.199637715282873,24.21294106325224
6156.985,0.14532225552982153,4.199806103415657,24.20973051450258
6161.453,0.14211599758050347,4.19975449146008,24.207950020130166
6165.891,0.14567568093339173,4.199939121681749,24.2089690626587
6170.36,0.1434167832310816,4.199843938589021,24.208998697819066
6174.828,0.1442009110009368,4.199693915960441,24.204137187877482
6179.266,0.1426916543827117,4.199810888275789,24.202670531020075
6183.719,0.1457977241929931,4.199745597905173,24.19803888170944
6188.172,0.147797046236781,4.200274975340134,24.19014285350604
6192.625,0.1438519037283351,4.200298915011951,24.182412839575658
6197.016,0.14291743500536236,4.200281256256128,24.197758915387997
6201.438,0.14623351969732748,4.200368522182691,24.187769715235376
6205.922,0.14220788352058505,4.200063383607866,24.182029468065828
6210.344,0.14251608713717182,4.2004176009209155,24.179119728518767
6214.813,0.14381958426493596,4.2003901883321175,24.194606664468754
6219.25,0.14397119831579788,4.200365719652048,24.19098902038076
6223.703,0.14285258868325637,4.200120731003691,24.18137698190055
6228.094,0.14469115215268108,4.2001111173673475,24.185436225189438
6232.531,0.1439058838564137,4.200342626659989,24.1760922628218
6236.985,0.14378650839500862,4.200425948991721,24.16309180349401
6241.453,0.14394663349091502,4.200456482114731,24.17058360691346
6245.922,0.14146490280225346,4.200430824892526,24.171252250726997
6250.375,0.14312528831941093,4.200318936819341,24.168943965729
6254.828,0.1448172126269105,4.200482280249705,24.16674656167596
6259.219,0.1424602091529451,4.200795158286684,24.167783872652635
6263.735,0.13028043566888428,4.199881831388359,24.161240614396625
6268.219,0.13261842749479139,4.199724472887886,24.160973069860212
6272.641,0.13709601055984635,4.199695021581944,24.16294633148834
6277.141,0.13531652461635654,4.199583523264341,24.14990784469403
6281.594,0.1381226018039113,4.199492359510452,24.163785697913788
6285.985,0.13360416872382366,4.200009507711599,24.15748230566915
6290.422,0.13705346571793314,4.199612548370379,24.15088678015338
6294.891,0.13344428997324403,4.199778434348538,24.153036703293157
6299.328,0.13398987823445457,4.199618349778253,24.155677108431934
6303.813,0.13136829688279578,4.199533270488274,24.14596091117268
6308.235,0.13137150691185034,4.1999827810268355,24.142784537051792
6312.688,0.13591518054081278,4.199874085027953,24.14829231912069
6317.141,0.12747195088699195,4.199959371759303,24.1453184190354
6321.594,0.1353679291489352,4.199998065249868,24.146477262189734
6325.985,0.13241203818644706,4.200219515607682,24.135902504633037
6330.406,0.1330369223510818,4.200000072258641,24.146179833848795
6334.875,0.13098101520252803,4.200057017234823,24.14816259296105
6339.344,0.13696765060923716,4.199746376252989,24.13785408190387
6343.828,0.13318158736534802,4.1997192502154155,24.139321262589426
6348.281,0.13505002855744278,4.199970329108645,24.142724887050164
6352.797,0.13270637999544108,4.200100244467799,24.14349110165927
6357.266,0.13227440590529513,4.200148132341477,24.13839494946395
6361.735,0.13002936698494016,4.200102568619915,24.13119690947297
6366.188,0.13235959125905875,4.200212170945181,24.13595817703008
6370.656,0.13473366493789896,4.200123493744531,24.134392947289932
6375.125,0.1295536631824972,4.200108066942964,24.128493271594436
6379.578,0.1355020267737628,4.200442438222055,24.131167088981666
6384.047,0.12938883317549038,4.200050313858246,24.122978905020688
6388.5,0.13467861798301808,4.200457435627758,24.122254925588585
6392.953,0.13183980555995276,4.200174120199939,24.110287984804415
6397.406,0.13436701275276244,4.200315492232986,24.11821770635195
6401.781,0.12929386254757053,4.200352736863768,24.11353431349912
6406.219,0.13107924877087565,4.20034181317731,24.111568318668002
6410.688,0.1344012812980652,4.200301422315859,24.107250848485517
6415.141,0.12913559518378814,4.200299313163928,24.110444223437113
6419.61,0.13364977227765795,4.200550249666134,24.112380161584966
6424.063,0.1220637348043997,4.199619946268015,24.11056547045138
6428.516,0.12144996568917335,4.199525948634172,24.108637448873456
6432.906,0.12767652711379182,4.199653353848761,24.107957730353704
6437.313,0.12078515094238128,4.199282754263818,24.104206088496984
6441.766,0.12152220104648978,4.199734871508569,24.101178970374466
6446.219,0.11974899015675161,4.199487311582742,24.09994075295725
6450.61,0.12135986238880392,4.199688293691656,24.101991816709567
6455.031,0.12270017004716172,4.199542238373976,24.095368945030245
6459.469,0.12199125732753878,4.199364363463382,24.096924146939667
6463.938,0.12238750384280053,4.199830199261425,24.088409900246308
6468.313,0.12386766111128263,4.199502993956335,24.08947356889172
6472.735,0.12285620476687649,4.199835430750331,24.0885553186521
6477.172,0.12198177734645521,4.200014769094362,24.080268628309668
6481.656,0.123347181501611,4.199732959508174,24.087598201383596
6486.047,0.12311581392180404,4.199552230892974,24.08231969669923
6490.453,0.12178428803184276,4.199974460440537,24.085858095438216
6494.906,0.12138908103578219,4.199588559677545,24.080603542097524
6499.36,0.12072896237253658,4.199837091930597,24.0796779771902
6503.75,0.12319078849384542,4.199903281225667,24.077278514217266
6508.156,0.1238593621153387,4.19977362330444,24.076112389268797
6512.61,0.12052152571609298,4.199810800045538,24.075358330020197
6517.078,0.12256802228201233,4.199811524003149,24.07500664669376
6521.453,0.12268036257334895,4.1997261588230685,24.072525003239626
6525.875,0.12256990520936908,4.199914361804053,24.076659801518346
6530.328,0.12400441823370675,4.200118052139294,24.06884836208737
6534.781,0.12365124786882134,4.199743171748016,24.067378634340866
6539.156,0.12206671194239871,4.199994568032124,24.064616757721655
6543.578,0.12280528412446248,4.200289234222657,24.0609131096599
6548.031,0.12042928130078898,4.199981826158456,24.053019340811385
6552.469,0.12041859925669135,4.200034996280634,24.06240678396189
6556.86,0.1237652184364734,4.200067105139774,24.064598508509903
6561.281,0.11889367935736846,4.1998441109213625,24.069108886760276
6565.719,0.12096219438628449,4.200048018952551,24.052982671954627
6570.172,0.12210815125406,4.200077415012856,24.057805152522477
6574.547,0.12351962411630855,4.199997108511034,24.054471639018754
6579.0,0.12518996759878862,4.200049174044411,24.05193225603927
6583.438,0.12008714785310638,4.200342942455913,24.06365327188316
6587.906,0.11952495353072963,4.199956965782825,24.049996162068773
6592.36,0.12084591071393246,4.2002931118544975,24.059492408143278
6596.75,0.12250884080658488,4.200300731435276,24.044847976600586
6601.297,0.12146277579754775,4.200600520971543,24.048428950122435
6605.719,0.12246270693369789,4.200275535013789,24.04323801532374
6610.235,0.1200950027059234,4.20022626879355,24.04729601574667
6614.688,0.12524179618731926,4.200091765313855,24.04396888981715
6619.188,0.12007908249805693,4.200483540879165,24.047167647894483
6623.656,0.11922673926158905,4.200521960819408,24.042568930339517
6628.047,0.11430604379161156,4.200795780344677,24.04327836779346
6632.5,0.12265075677278083,4.20046974777851,24.03820732196318
6636.969,0.11898338452236325,4.200288622477359,24.037014082043722
6641.438,0.1212784849993897,4.200510342591712,24.035600580972762
6645.906,0.11994793133538188,4.200576049352381,24.028689953947023
6650.36,0.12408743476792877,4.2007948023800274,24.03139880851673
6654.828,0.11850342821993964,4.200673985744233,24.03078751644473
6659.297,0.11823484597765796,4.200763310465192,24.03220137616657
6663.75,0.1235450899808393,4.200629703989308,24.027703268567
6668.203,0.11756617582533804,4.200724966755218,24.031220761194575
6672.656,0.11849655604539794,4.200725624710931,24.02867303023372
6677.125,0.11601604019679514,4.200990142470867,24.030798411225867
6681.578,0.11661589352156981,4.200970466892697,24.028016165903054
6686.031,0.11819265262988839,4.200698302018409,24.027022082288028
6690.485,0.11749610716662005,4.200772606429001,24.02109959161914
6694.938,0.12130485842289043,4.200985432982155,24.022466090779268
6699.391,0.11993310976188533,4.200801914215715,24.012243378173164
6703.86,0.11793464331148604,4.2008712984363115,24.02431680042353
6708.313,0.11988757172080974,4.200686994847824,24.019866715077388
6712.781,0.11847362884522115,4.200911045119067,24.015829663173303
6717.235,0.1158223533729345,4.201126748455822,24.015876813596375
6721.625,0.1183255652407812,4.200978944089141,24.001362400104796
6726.047,0.11428066524963176,4.201177117525912,24.00315808374516
6730.485,0.11800714806128602,4.2014621131555625,24.010511512393933
6734.938,0.11920827842164816,4.2010833932778455,24.004542275631966
6739.313,0.11882452124213758,4.200987320963744,24.004499666555198
6743.735,0.11729910292020519,4.201334368200362,24.000996515835556
6748.172,0.11795209319171693,4.201237952647845,24.00106958333307
6752.625,0.12144040768723156,4.201297215098008,23.988714175246816
6757.016,0.11718986326516176,4.201180152309123,23.998698554733643
6761.469,0.11459730797949888,4.201475173215244,24.001866808077857
6765.922,0.12029395842041932,4.201303626341484,23.995569120832116
6770.375,0.11505618557710826,4.201462449201242,23.996675926315703
6774.844,0.11953110288264515,4.201434678315548,23.991858107071973
6779.297,0.1175150959096532,4.201475952754092,23.990189196340484
6783.75,0.11811574060664426,4.201301638993667,23.986604527362314
6788.203,0.11272996304838401,4.201593090584956,23.992514100976265
6792.672,0.11108523977066691,4.200732249207016,23.993103219626615
6797.11,0.093379355297686,4.199991696842375,23.99272403811639
6801.563,0.09734139475502346,4.199766584560191,23.991885780847635
6805.938,0.09455709404332772,4.199666188309341,23.989599449787644
6810.344,0.0993700251889237,4.19963141297765,23.981021367178354
6814.781,0.09407721579073601,4.199894183898101,23.982745628194273
6819.235,0.10359320518147302,4.199712310457441,23.974315430735164
6823.625,0.09799557546080319,4.199513358799911,23.988143973436372
6828.063,0.08706890966607087,4.1986584130579905,23.97413277769435
6832.5,0.08730573389097683,4.198780746027315,23.977612583401086
6836.938,0.08844358009256316,4.198733284577422,23.968288323865448
6841.328,0.07588870825494844,4.197749301230251,23.97440501038914
6845.735,0.08191981780231518,4.197301214970047,23.96564114764032
6850.172,0.07964459767130347,4.197932372122946,23.973216367598827
6854.625,0.08149075474830371,4.197128964339917,23.967752705125346
6859.016,0.07711022394939004,4.197353027350392,23.970063114221052
6863.422,0.07624761162039619,4.197667946239751,23.972154888575158
6867.875,0.08298475315322734,4.197149183940081,23.962650384048594
6872.313,0.07635693392653266,4.197354643033101,23.965616772079247
6876.703,0.08608688655046937,4.196799533505524,23.961497145345326
6881.11,0.08288582582912768,4.1972156963239025,23.964403194202436
6885.547,0.07895199595450104,4.197517836686276,23.95509171380011
6890.031,0.08240867881568369,4.196946934765169,23.96014035417632
6894.406,0.08140375684154656,4.197136907426944,23.966473607396328
6898.813,0.08231531993599986,4.197241187562128,23.96258142209116
6903.563,0.07821011316274287,4.197144588437632,23.96481131240609
6908.0,0.08276885616077327,4.197247019548801,23.96328140113555
6912.469,0.08215682519873273,4.196939401924303,23.96515907870939
6916.922,0.08539312642650244,4.196992775776603,23.956139341520398
6921.328,0.08103428173080479,4.196977635663111,23.958905337687465
6925.766,0.07910008331010365,4.197240177085662,23.958788379528198
6930.235,0.0823285202471155,4.1968013433787945,23.953634689536877
6934.703,0.08105829077786957,4.1969705246542395,23.95185314243091
6939.156,0.0810874419559445,4.197067549359113,23.953567621177463
6943.625,0.07956561781147958,4.1970691672883635,23.94366612118201
6948.094,0.08068169659933239,4.1967973199699715,23.952641720549604
6952.563,0.08197138302231846,4.197171779026145,23.94507130679648
6957.016,0.07945002740575952,4.196943872518845,23.943958442496086
6961.469,0.08202515680604955,4.1970075790021,23.943922095481163
6965.922,0.07548038498210236,4.195987477764785,23.954258873364736
6970.391,0.07875019081894558,4.196859238308969,23.94898188725321
6974.844,0.08220546276062678,4.196950855859009,23.948480283643566
6979.235,0.08324825776050529,4.196811889507087,23.948720130751017
6983.641,0.0801514682200965,4.196977476005213,23.94558661459265
6988.094,0.07871426985456646,4.197015703649643,23.941712703309246
6992.547,0.0807137202606689,4.1968853385217395,23.94892959790387
6996.922,0.07958138765389262,4.196998426642571,23.944584992769347
7001.328,0.08182628299929044,4.197177214081757,23.93848706254061
7005.781,0.08404706002233846,4.196971217497861,23.93938751089048
7010.25,0.08158616344699504,4.1972379295752695,23.943122267583828
7014.703,0.07633769742977248,4.197036703690302,23.93925351576593
7019.156,0.08308690478830627,4.196986516889451,23.9324514877656
7023.594,0.08377084114207478,4.196863873244564,23.93449278829904
7027.985,0.08034624025468234,4.1972894090414234,23.935265613296902
7032.391,0.07871447723777639,4.197053997135164,23.929377287016543
7036.86,0.08435850114447284,4.19691629200533,23.92530219423424
7041.313,0.08081987729357741,4.196713658386564,23.930061504315866
7045.766,0.07970864930703081,4.1968040366963315,23.92694896818861
7050.266,0.08012460215814621,4.197022595465749,23.927795648677503
7054.719,0.07916735932211375,4.197218783805483,23.924878520569568
7059.172,0.07900117719861278,4.197099262439811,23.92466901888558
7063.625,0.0848087313308957,4.1971707362368935,23.917016536444773
7068.094,0.08267243197114683,4.196962219591423,23.925615059466935
7072.547,0.08494320973282748,4.1969094868340795,23.921209574378285
7077.0,0.08218575323918201,4.197122696370145,23.916631146307445
7081.5,0.08177977707550524,4.1970250092140775,23.92294063616524
7085.953,0.07996533408733052,4.197179147489243,23.919802155544854
7090.406,0.08080616486139319,4.197250119904521,23.924112229837768
7094.875,0.08148176036667612,4.197259675184683,23.904830683861046
7099.328,0.07135329359448919,4.196154324371439,23.912842199953406
7103.797,0.06195606987276732,4.195220705544372,23.90636669183167
7108.25,0.0732072419207836,4.195777987680107,23.905694030569215
7112.703,0.08032201977152972,4.196816302083381,23.91190804394202
7117.156,0.08046965250674115,4.197267266306371,23.90659448881956
7121.61,0.07927737187822607,4.197314360819854,23.91211897851159
7125.985,0.07753759868943118,4.197254337277049,23.906904955397525
7130.406,0.08548473335873917,4.197177782389493,23.904179953332378
7134.86,0.07995648577464096,4.197189397980463,23.896995403409647
7139.313,0.0810536593577816,4.197076283394814,23.91007118447833
7143.781,0.08092233025043216,4.197171350213598,23.90000915369176
7148.266,0.07980679353987208,4.197014782766247,23.90557013589197
7152.703,0.08208234037235823,4.197125387012386,23.893948079823904
7157.094,0.08204956122184241,4.197149411492193,23.897899227103615
7161.516,0.08230494793086642,4.196967225548024,23.89304364690042
7165.953,0.08126862742728069,4.197250832729079,23.894649127296127
7170.406,0.08181523860002063,4.1974000191895,23.899744546502397
7174.797,0.08136533243934359,4.1972860719751095,23.898498479558892
7179.219,0.08209642348030662,4.197229188109493,23.896365588549354
7183.656,0.08018078278463807,4.1973512458051925,23.884384949137907
7188.11,0.08229968418964405,4.197234452058212,23.87907984305979
7192.5,0.08156787311474496,4.19720817357408,23.896863464006813
7196.922,0.08017224556174177,4.197201364405439,23.8902499693963
7201.36,0.07886261600912899,4.197311389133513,23.88018130139058
7205.813,0.08067041653472624,4.1970671036987826,23.889142081299553
7210.203,0.08107001456128028,4.197302316658639,23.894273545315595
7214.656,0.08163490935493212,4.197745305882812,23.883530502438507
7219.094,0.08069690337203908,4.197627837350824,23.8738399621065
7223.563,0.08205038711943413,4.197633272493008,23.87679845390648
7227.938,0.08240268048638047,4.197339316773032,23.86927790885925
7232.36,0.08320258358896994,4.197510501722919,23.87561927008719
7236.813,0.0835606590558315,4.197092243066403,23.87550678149671
7241.266,0.08034687863866063,4.197621527300212,23.868176623806463
7245.656,0.07669044577993481,4.197272296327057,23.88399417179717
7250.078,0.07943776410690417,4.1973817504281286,23.880993111542434
7254.516,0.08046603403816811,4.197491980059671,23.879812846970122
7258.969,0.08400053720083542,4.1975384311855235,23.875338861333066
7263.36,0.08467641060239409,4.197394489580499,23.87446270363476
7267.781,0.06828412815002582,4.196691009436542,23.87131507831668
7272.219,0.0733562467879382,4.1966724371836905,23.872952756575213
7276.719,0.0703498764016582,4.196492772050507,23.87512101052179
7281.094,0.08369850903799289,4.19697159839676,23.864685357990105
7285.516,0.07786711790395873,4.1976923127859385,23.868929809091114
7289.985,0.08140443631013848,4.197689772133539,23.865955320523835
7294.422,0.0837796155150858,4.197170116140636,23.859923884741768
7298.875,0.0814530568640367,4.197453819945301,23.85681720065076
7303.266,0.07674515515736523,4.197686883923593,23.86559358819786
7307.672,0.07870015688302676,4.197490538015668,23.862254988523368
7312.125,0.08269088446649155,4.19739990965681,23.863896690396977
7316.578,0.0806442342358514,4.197586762640399,23.852470495335137
7320.953,0.08109114113612662,4.197560206274771,23.858601672171588
7325.375,0.08108006402398937,4.197437535032514,23.86401937469639
7329.828,0.08014466907381577,4.197567294284301,23.86972283986186
7334.297,0.07568979762131164,4.197627086872425,23.864050841092507
7338.75,0.07699777752871308,4.197723334999422,23.862290087576525
7343.203,0.07662988122656518,4.19799241704897,23.85135927911806
7347.641,0.08106633180513265,4.197720099289787,23.855275752054606
7352.031,0.07930762122797123,4.1975891518955075,23.85548632618468
7356.438,0.08089691638755647,4.197678329524358,23.85165082267107
7360.906,0.08491132772924723,4.1977955637712,23.852164387257126
7365.36,0.08328874489162424,4.197348575369269,23.850167982319117
7369.797,0.07918658060165736,4.197949339732417,23.85343793342751
7374.25,0.08502923974675992,4.197474477876863,23.844790105619605
7378.641,0.07975061949017147,4.197972342589469,23.853063985876684
7383.047,0.08258509524373195,4.198302823201919,23.8484959703083
7387.516,0.07838898967285285,4.19784247352272,23.84416405397127
7391.969,0.0790328760729201,4.197665785769133,23.84579112428338
7396.438,0.080003470674374,4.198357542619519,23.846451838166793
7400.891,0.07568386090617568,4.198111697336931,23.838662569286907
7405.391,0.07582964870161993,4.198613088506149,23.848660114708508
7409.844,0.08007933359263075,4.198094471240107,23.84602328633109
7414.297,0.07899946957617034,4.197508221751233,23.841910857508278
7418.766,0.07690916223803561,4.198281560181436,23.836789579469606
7423.219,0.07210138693737121,4.1984877697410585,23.84030408627349
7427.672,0.07727656644501316,4.197863848116253,23.844995925150418
7432.141,0.07786852253171558,4.198344589056616,23.846817021162817
7436.625,0.07782544787451856,4.1983118386276495,23.839450199337044
7441.078,0.07991429946699577,4.198142059140354,23.841026730912436
7445.547,0.07711470885498155,4.197943169799077,23.83255208714446
7450.0,0.08132894839949992,4.198003445612841,23.836816301977272
7454.453,0.07826808940416766,4.198186796073906,23.830807875638897
7458.906,0.07493909392908632,4.198603363462932,23.83898427848889
7463.36,0.08021569279919455,4.198251057867149,23.826765638162087
7467.828,0.08063982146500594,4.197803857292986,23.823643393895992
7472.313,0.08648981018284171,4.19823368237208,23.828331138849858
7476.75,0.08244606947072043,4.197880720605202,23.82485917969351
7481.141,0.07665104402038517,4.198487378308619,23.817708516133116
7485.547,0.08025427998902251,4.198244932838973,23.81823868377628
7490.016,0.07805823235822394,4.19849209807818,23.824519776299574
7494.485,0.07993416546535131,4.198405078373031,23.82355507670029
7498.938,0.07696167148520454,4.198409281161711,23.813666275012192
7503.406,0.07866043068285448,4.198218451664744,23.808231533067126
7507.86,0.07660562348888245,4.198385606158443,23.809082452996353
7512.297,0.07919464963542627,4.198334504959514,23.819728421263246
7516.688,0.07756076225784886,4.1981549417722395,23.815166282275307
7521.11,0.07514717224572191,4.198380896275465,23.823885710494178
7525.563,0.07691440837057133,4.198400600835587,23.82006164030636
7530.016,0.08259706676871151,4.198267623232492,23.813537472261565
7534.469,0.07696838520322485,4.198512245905218,23.809481417342695
7538.922,0.07636116781124608,4.19867538528967,23.8108598966845
7543.375,0.07001374579206394,4.197695191376512,23.818974459537703
7547.828,0.07038138463231157,4.197709359031932,23.81624250063349
7552.297,0.0646843725744367,4.197687921874016,23.80954438062965
7556.688,0.06893914479174207,4.197537861281753,23.80573598741623
7561.094,0.06723794810157385,4.197638083814224,23.819942070423664
7565.563,0.06672399537734397,4.197520473283902,23.80814160560723
7570.0,0.06786622977551865,4.197391556812717,23.808186865363254
7574.453,0.06981156738298516,4.19735512122517,23.80442532571781
7578.906,0.07090126257029078,4.19762231598934,23.812258283320038
7583.297,0.07027712510842304,4.197444175646157,23.796806752916368
7587.735,0.06788080210782421,4.197521179203497,23.807383440481455
7592.172,0.05860011012586151,4.196585057989458,23.80323143814898
7596.625,0.05831014125543609,4.196616574578629,23.806176389578507
7601.078,0.05746146891185476,4.196599910489336,23.815218274423145
7605.531,0.05847977724564817,4.196251126149639,23.804822011379645
7609.922,0.05893388334737256,4.196156239604424,23.800813679324953
7614.328,0.05799490635031437,4.196759262897817,23.808736923150526
7618.781,0.05741135261756793,4.19661431031315,23.800518303081855
7623.25,0.061374100534900486,4.19618271247689,23.804727844804177
7627.703,0.059712673051265236,4.196387730968705,23.80610854134112
7632.203,0.05798164388111492,4.196322822998773,23.7929955810289
7636.672,0.05619090648691875,4.19628166357495,23.800632333698523
7641.125,0.05912312765761796,4.19625831201049,23.799789309359937
7645.594,0.058842064677724286,4.196380395353839,23.804429826740652
7650.047,0.058091581279985934,4.19643086690251,23.79282728828422
7654.547,0.05881306377249082,4.196540584189541,23.794452320837543
7659.0,0.05937246367783361,4.196448766445026,23.79567757352114
7663.469,0.05846342281425248,4.196452504086444,23.79372912786281
7667.938,0.06185938302672533,4.196301577665083,23.784959081179412
7672.391,0.06049449887113395,4.196265057045249,23.788744998215158
7676.844,0.058157417331214066,4.196381990376508,23.79613918741679
7681.313,0.06228209805311367,4.196202154485052,23.792706419670335
7685.766,0.0569713869674955,4.196761715260328,23.78685886865824
7690.156,0.06004751045264298,4.196426670473342,23.78914901632887
7694.563,0.05840952589991131,4.196210583700218,23.786577923936722
7699.016,0.06064576944859428,4.19637139119402,23.785261006255052
7703.469,0.05894286152177759,4.1966093713620305,23.77510630265425
7707.86,0.06033531961769157,4.195999769022647,23.783815923780406
7712.266,0.0615902577500621,4.196305090350896,23.779847811924586
7716.719,0.06424842117065216,4.196002103731863,23.776679115450207
7721.172,0.05563378978223308,4.196522150603529,23.77934999146658
7725.641,0.05778854965315597,4.196518505181177,23.77860946667731
7730.094,0.05839120880954486,4.196232621580379,23.773650525868472
7734.531,0.060079969787491465,4.196473710012758,23.770395289049638
7738.922,0.06079964234094414,4.196189418452775,23.777063346419627
7743.328,0.062209543643566394,4.196357596232333,23.77464730426476
7747.797,0.0634898554350242,4.19606384356272,23.77767450423276
7752.25,0.06322830820023166,4.196389971122042,23.77516266591795
7756.719,0.06128352213454894,4.196520492571493,23.778600777133363
7761.156,0.058735885848555866,4.1962861716071895,23.771794210131795
7765.61,0.05617550693877803,4.196416174339822,23.77335883090987
7770.0,0.06148491067919677,4.1964673243831765,23.768134626171747
7774.406,0.056883508874612215,4.19633419338904,23.762244341141724
7778.844,0.059723967391509744,4.19679931633532,23.760574269032738
7783.297,0.05747445981091529,4.196438480093711,23.757853104103575
7787.688,0.057298759289337385,4.196481406157319,23.760091443351456
7792.125,0.05976822791864648,4.196505291508913,23.763641493564272
7796.578,0.06190356428350125,4.196621906557522,23.756556771682682
7801.047,0.06036269083743897,4.196393280413528,23.76359658521189
7805.516,0.05988838693435907,4.196436206096003,23.761398643479392
7809.969,0.057772575383191464,4.196277191065774,23.753629522586433
7814.438,0.06655499673357387,4.196493985033521,23.759303253371755
7818.906,0.05805652778104292,4.196498279086074,23.753669329996935
7823.36,0.05983678314845172,4.196671266726116,23.75262470118046
7827.813,0.06022400650302928,4.196450516074612,23.752361614150093
7832.266,0.059833657284165016,4.196354729885049,23.747775563001497
7836.656,0.059030400675647555,4.1964707250503155,23.75191424244729
7841.063,0.05855438346303993,4.196472155062233,23.748101647511874
7845.516,0.05829826348231567,4.196593941274551,23.75587403969354
7849.985,0.06168606644921855,4.196720987078185,23.747254040157138
7854.438,0.061050974025190066,4.196376502573547,23.74486565852676
7858.891,0.05923144558819693,4.196712284066984,23.747091960240837
7863.344,0.06270662302380832,4.196372482327837,23.745334776154014
7867.813,0.05870413893873048,4.1968389958901104,23.758980242441353
7872.266,0.04680748833698006,4.195923994273281,23.743108290284905
7876.656,0.056830232552543325,4.196547754484661,23.745311900955294
7881.063,0.05786292363541574,4.196533894958329,23.749231781668033
7885.531,0.0557463819746443,4.196541134597403,23.753368832311917
7889.969,0.05900279607323884,4.196526917134598,23.74672196920768
7894.422,0.06116581932283453,4.196804971276446,23.733403581891388
7898.891,0.05952322932203747,4.196544118261131,23.730791600423533
7903.344,0.05929693092757146,4.196685619484114,23.733715594550805
7907.813,0.05903112480538859,4.196939042048513,23.74205976864409
7912.266,0.05442548427366994,4.196614156373714,23.73811712323716
7916.735,0.05478532568017238,4.196461330879021,23.73358019784678
7921.125,0.05824870691717749,4.19662448838975,23.74281793114065
7925.531,0.05710067842958796,4.196627313830998,23.731627532288847
7930.0,0.05785122504699464,4.196653625494966,23.731901518710448
7934.453,0.059793398444971495,4.196358104468615,23.735513229336224
7938.922,0.061548112154581475,4.19688851217618,23.71907044741762
7943.375,0.05814226042449452,4.1963501633401705,23.726807910174642
7947.844,0.05651415931175408,4.196643323108572,23.724857083760945
7952.344,0.05676166294613884,4.196573544064866,23.737950122629073
7956.813,0.05632495455041858,4.19681137595812,23.73755177246347
7961.266,0.05904728819791351,4.196643728122109,23.72954254205499
7965.719,0.05924779214978418,4.196748569787796,23.728049849481753
7970.188,0.057382061388234804,4.196509861073231,23.71821946627018
7974.641,0.056401212463749864,4.196422025430947,23.71918522727716
7979.11,0.05714212350223174,4.196716178260617,23.716515321344342
7983.578,0.055340423727110025,4.1970967640781875,23.724134902570384
7988.031,0.06094731932252061,4.196524880465887,23.718806149198794
7992.485,0.0558181225732499,4.196833819936029,23.722330482721087
7996.938,0.06024797720934156,4.196605258260964,23.728919713379472
8001.406,0.05883997471437029,4.196864595971998,23.720496520098212
8005.86,0.05984178695545348,4.1965249829331555,23.71707048581151
8010.328,0.058403925305182264,4.197031514836202,23.728206013259946
8014.719,0.06251785631277236,4.196693932822345,23.723385481564
8019.156,0.047991576108689066,4.196060088559851,23.71166352071188
8023.625,0.057393838810633736,4.196924114410674,23.71326239301676
8028.094,0.05709275083503879,4.196765929480078,23.708971815006983
8032.563,0.05916082339373132,4.196791069665597,23.712586153912845
8037.031,0.058267659252241547,4.196557674989525,23.7145783646713
8041.485,0.047184063317506485,4.196036359708561,23.705610762912816
8045.953,0.05671291779825368,4.19684740036934,23.707343709574477
8050.406,0.0567624633473101,4.196767174879002,23.712744689999102
8054.86,0.057197944604779394,4.196708903981324,23.712110075109674
8059.313,0.054649270781099275,4.197020510133346,23.713647712042754
8063.781,0.05904213039349647,4.196606360430132,23.713643495603804
8068.266,0.04610637949863735,4.195916332077934,23.718771771837062
8072.735,0.057500001017786115,4.196983169068006,23.715231177811845
8077.188,0.05856461647251905,4.197275064289367,23.70169642281273
8081.594,0.05797125262753673,4.196709744908858,23.70943763975462
8086.016,0.05841751179436697,4.197197328750796,23.69565710650621
8090.485,0.058707698873650495,4.196953672752858,23.70325413102368
8094.938,0.06135392839440789,4.196980925279479,23.709453443630377
8099.438,0.05812077041742014,4.197132625551525,23.705672502344186
8103.906,0.060182337056449306,4.197163028249195,23.70565291783648
8108.375,0.05793797028371958,4.196854277324306,23.691739626172605
8112.86,0.05493848169517866,4.196998459035731,23.682796043583288
8117.313,0.0571667105332775,4.197222320694479,23.70006522906268
8121.797,0.05431752972336265,4.197098720625832,23.688271327098672
8126.266,0.05686687856747613,4.197086183589884,23.689155614992252
8130.735,0.04763688427159264,4.1961160287374595,23.685528023523524
8135.188,0.05746293081576674,4.197055101724329,23.694661434160988
8139.656,0.056346077442339944,4.197142708477406,23.694139888130177
8144.125,0.06198596765504346,4.196708081116194,23.68969736224835
8148.578,0.0549396105460201,4.196955825975801,23.702541768717165
8152.985,0.058462958884646934,4.197254460586047,23.691528781253627
8157.391,0.058043001122290314,4.1972400689586165,23.69075299396871
8161.86,0.04770654285566239,4.1963805504256975,23.687527023045032
8166.313,0.05813833051134881,4.197029782070502,23.689687487981384
8170.766,0.056399934426953624,4.19719809702018,23.688048210129118
8175.156,0.055871297917841935,4.1973226266402435,23.68610339867386
8179.578,0.049765628279262224,4.195982788546676,23.689233531101596
8184.031,0.057299781341021754,4.197288952357222,23.684422419214336
8188.5,0.05144007156944836,4.196055110323807,23.68002871136468
8192.969,0.056020581745056384,4.196974850555596,23.6806722773831
8197.422,0.0581869940819853,4.196932682141744,23.689447511042054
8201.875,0.056448235669958186,4.197235436848064,23.688776230956275
8206.266,0.05687685751920005,4.197015899299722,23.685056255976505
8210.672,0.05969476380725031,4.197177557139929,23.686917382792547
8215.141,0.056097974298947896,4.197444505135258,23.681403942309874
8219.594,0.046071744973408914,4.1964883082640565,23.68807935940068
8224.063,0.05317400494159928,4.197578534680002,23.690816102486078
8228.516,0.05608277264672145,4.197161468077032,23.68958017221531
8232.969,0.04655371131316234,4.196394274161719,23.683816286421223
8237.36,0.05788923545961552,4.197369951010708,23.6835998648261
8241.781,0.048794945315308,4.196131274477674,23.677278255040353
8246.235,0.05441356459893974,4.197206236536366,23.675280577621706
8250.703,0.05275689433970083,4.197568185784058,23.675724716813036
8255.156,0.05637907649025247,4.197152189888101,23.679374495053466
8259.672,0.05569310468307268,4.197305543461852,23.678294135523636
8264.125,0.04815020223382026,4.196620573785831,23.680802030013133
8268.578,0.04799545977007572,4.1966422483488275,23.675400141047792
8273.047,0.044708940632136276,4.19682882827742,23.674865811940634
8277.5,0.050601515488060314,4.196276673237595,23.672564887976346
8281.969,0.057971825542885505,4.197307203708652,23.675691347318782
8286.438,0.057367327380867035,4.197217106987656,23.67053310521662
8290.906,0.05473745957801513,4.197206670363761,23.679737844038293
8295.36,0.059501765768588066,4.197219894894311,23.669287949863566
8299.813,0.057852464185044424,4.197249090960324,23.669916556008825
8304.281,0.049346559296935086,4.196528723344546,23.67156773769369
8308.688,0.05411430934037488,4.197484280475316,23.6712579057433
8313.094,0.05521907159005105,4.1975230842981315,23.674047594029116
8317.563,0.059359598192822376,4.1973319485116,23.669631817943223
8322.031,0.04558453056528814,4.196295963091764,23.661670429498123
8326.485,0.06082095253653664,4.19746009701716,23.676614719529976
8330.938,0.05524487758249515,4.197607983299436,23.673678782740893
8335.328,0.050948203412019756,4.1965930377615885,23.67508307878373
8339.75,0.04380141710096778,4.196404048240731,23.67082902807628
8344.203,0.05310193254290369,4.1974382426668635,23.662891052000166
8348.688,0.05619656223786713,4.19775702358616,23.66076119624065
8353.141,0.057375197902950675,4.197225217043829,23.66472273375088
8357.61,0.05904726052053076,4.197608283108474,23.66133731919392
8362.063,0.05547165864368396,4.19757989258743,23.654703213421225
8366.531,0.055440403686587855,4.197752789402666,23.66029947530972
8371.0,0.04539464369882233,4.19685688981484,23.666528102198715
8375.469,0.04604887550969495,4.196807945745471,23.65950528903255
8379.922,0.046760656914425956,4.196630322623788,23.661147209333862
8384.391,0.044586675206728446,4.1966924025971455,23.66271438787172
8388.797,0.038961749086463035,4.195747744524765,23.65745996068701
8393.219,0.03970166319473502,4.195769416661048,23.655059508609497
8397.672,0.03745130860318211,4.195994524677953,23.65513704859237
8402.141,0.041772967042918364,4.195257150465571,23.65956776356797
8406.625,0.048457249207825716,4.196281349754887,23.652569268495984
8411.094,0.05777816952147391,4.197205528534002,23.664389428808853
8415.563,0.05784390222959585,4.197501954491766,23.66201630749694
8420.063,0.05673379864317545,4.197231324868155,23.651650553736985
8424.531,0.0539766886196943,4.197701349828068,23.65099979926057
8429.0,0.057895814908138145,4.197406834518426,23.650728803544972
8433.469,0.05739119699065502,4.197533635526134,23.64992215497123
8437.938,0.055741991680326376,4.197328231445872,23.648131001230535
8442.406,0.05570416886512827,4.197885625010089,23.650195397738198
8446.875,0.056827242835045436,4.197801986032047,23.654275426784782
8451.375,0.05430593247492428,4.197761119104401,23.650624253675687
8455.844,0.05664073576130268,4.197810476961,23.651677806451683
8460.313,0.05564287773241041,4.197596586645013,23.65022267152874
8464.781,0.05637324572478134,4.197622305958288,23.65030305802066
8469.25,0.056442657931642194,4.197683712627191,23.64743368324495
8473.719,0.054798983094753236,4.19809504957536,23.644405882161077
8478.188,0.05493803484476432,4.197931411455992,23.649944275578154
8482.656,0.04509056143032249,4.197092479833078,23.66018832968131
8487.125,0.04610733649818451,4.197111640459345,23.655001916608178
8491.594,0.046082046363935425,4.196976286999189,23.64816573457675
8496.078,0.04285814659887698,4.196739506908901,23.654590614769912
8500.547,0.0453519096440567,4.196872817236943,23.648964701619004
8505.031,0.048009418487515186,4.196652964306148,23.652673402161184
8509.5,0.04494767042758666,4.1969095930680735,23.65419150395904
8513.969,0.04729348817472211,4.196811248550489,23.64522061727116
8518.375,0.036957882070579394,4.196098737579265,23.654088009748136
8522.797,0.034528596162873695,4.19606180207308,23.646066890460613
8527.266,0.03958600436010667,4.19578094034241,23.64921765660701
8531.735,0.038684762041356846,4.195776821801566,23.649527430259898
8536.203,0.036018516365991564,4.195777708478267,23.644162323780407
8540.688,0.03931893991802141,4.195747426479693,23.642485760078593
8545.141,0.03879713659299986,4.195930790321342,23.641589348854087
8549.61,0.03846370628351047,4.195503659513702,23.652302303116976
8554.094,0.045097402680214345,4.196526333687362,23.649337712890663
8558.563,0.05510254825775192,4.197612233955916,23.646076011873074
8563.031,0.0454159062648245,4.196658836866148,23.637059017532764
8567.516,0.0471091208660313,4.196939366089992,23.6438585825119
8571.985,0.046500029414372174,4.196805490999325,23.657138933431142
8576.453,0.04762677291410367,4.196939777009246,23.64723085879039
8580.86,0.048102316999662095,4.196833794737135,23.65170054510773
8585.281,0.03899336718798884,4.196160200049178,23.64349939413871
8589.75,0.03255364330740493,4.195533992691709,23.639333468344795
8594.235,0.04799886432049806,4.196654788696051,23.639993424236692
8598.688,0.0458571748517712,4.19692617281541,23.64686966739999
8603.156,0.04438142782318683,4.196814500814126,23.645717222500505
8607.625,0.04700253867520784,4.197008754601152,23.63766605713293
8612.11,0.0432651309117223,4.196718508391951,23.640787191031976
8616.578,0.04364393133675197,4.197191718231241,23.634403883505517
8621.031,0.046272257543314085,4.196852440201048,23.642165829994248
8625.5,0.04531852094293069,4.1969241926318945,23.635445625137386
8629.953,0.03882238504310045,4.195973819619419,23.629440080935947
8634.422,0.040405467660883786,4.195885163592833,23.629071412831014
8638.891,0.039233547903417904,4.19627611314323,23.62720583186349
8643.375,0.036780990693639354,4.1959440699704125,23.635620546200254
8647.844,0.03822854746751349,4.195962348719782,23.635120040236707
8652.313,0.03604567604345368,4.19587927405353,23.62175836169052
8656.781,0.0363038196208168,4.196068263360217,23.63019653496573
8661.219,0.03510377645073608,4.196097038048448,23.632317630478
8665.672,0.02873423398760095,4.1949465124907785,23.629512830753846
8670.063,0.036348098319022484,4.195949734342826,23.63053103615729
8674.469,0.03332727578909447,4.195807792922416,23.626946967970856
8678.922,0.038445539806712704,4.195867404827321,23.628166984100208
8683.375,0.041180264525041844,4.195677592738167,23.630246280981343
8687.766,0.03825614096359695,4.195649711340216,23.63877825046042
8692.172,0.03815477395562217,4.195775209790859,23.62236673194176
8696.625,0.041732306329935256,4.195643701205825,23.618809897215424
8701.11,0.03932590472291503,4.195669878045596,23.6306312150449
8705.563,0.03874501824424957,4.1957683035478635,23.62048888978467
8709.953,0.03043223645763477,4.1949932244643735,23.618048713227452
8714.36,0.037947081516983505,4.195678752942783,23.624703945073424
8718.813,0.03597111615228856,4.195779542703398,23.625120914195286
8723.281,0.035742425058554905,4.195755446543229,23.62785910444597
8727.735,0.03564584004682525,4.195795338963968,23.616372126298703
8732.203,0.038158013883103,4.195676922560902,23.61897763903016
8736.641,0.03818643297192208,4.19563535060067,23.610532219352503
8741.094,0.036047846389161683,4.19560160803217,23.607706241540246
8745.563,0.03765805461657302,4.195648210160304,23.61786188088457
8750.016,0.03685877737057363,4.195896795277352,23.618352332176023
8754.485,0.03762142631050756,4.19563785468306,23.621279549864962
8758.875,0.03872382260547077,4.1957411144765615,23.623267662633314
8763.297,0.03972933320980485,4.1958810778309115,23.619270122809887
8767.75,0.036843542260523526,4.195690386548955,23.613721632011483
8772.203,0.04056655597791216,4.195658919472847,23.62105406409274
8776.656,0.0363304139624886,4.195802294311675,23.609389240353575
8781.125,0.03861993098623705,4.195926203766248,23.610448466505456
8785.578,0.03647936443951057,4.195789175382228,23.61626785294445
8790.047,0.03962592725810423,4.195749366713128,23.615901324332384
8794.453,0.034316971221246176,4.195838969380055,23.612398217951096
8798.875,0.0365375574889583,4.195457406771852,23.616874836649053
8803.344,0.04572779019814078,4.19695297739405,23.613623525529913
8807.797,0.04614936854206174,4.196507835413564,23.61489061949226
8812.266,0.0565279148197225,4.197492070520087,23.608275051194546
8816.719,0.05625784606427822,4.197740333625386,23.606258291538467
8821.188,0.04689131315142134,4.196901879527456,23.604602390980375
8825.641,0.04453052502659086,4.19680195033774,23.60773248102529
8830.094,0.04832186688029978,4.1966794772149685,23.609266381937015
8834.547,0.047128923614651666,4.197083197788512,23.602502183511632
8839.0,0.04328532743687795,4.197084937697695,23.59826431672235
8843.391,0.04555137484545475,4.1968701107787725,23.603369833131833
8847.797,0.045896551851213434,4.196765883437015,23.601225227486633
8852.25,0.03724651359043807,4.196147987214204,23.61155486552271
8856.719,0.03713032633763602,4.19608199994325,23.604630617983478
8861.219,0.03662740385241468,4.1959286932273505,23.613146160329705
8865.672,0.039702535873765585,4.195820627848664,23.60600573232625
8870.141,0.03725768289218904,4.196067113309873,23.59953384528138
8874.594,0.03695329658037737,4.196117096473756,23.603683656793944
8879.047,0.038111956061595974,4.196027011952989,23.60524660064276
8883.516,0.03827492906064482,4.196044956042336,23.602302444182474
8887.969,0.036143901227422066,4.196111077205287,23.59572826849244
8892.469,0.03861539393585393,4.196053163146101,23.59257445462582
8896.938,0.025565537853572365,4.195247942543154,23.598907501977674
8901.391,0.03991361726329576,4.195947688117664,23.59101069386512
8905.844,0.03688343910995919,4.196317810108777,23.59727623391396
8910.313,0.03621361738147754,4.195792214002101,23.601135829401084
8914.781,0.037692435268416306,4.195779331744468,23.59118868697559
8919.25,0.03513887051292582,4.196227121538561,23.597861996122788
8923.719,0.034780398669542203,4.195973712788795,23.596691880123267
8928.156,0.038191922951793356,4.196068880320926,23.598102985868273
8932.61,0.03926639024734558,4.196076559243754,23.600678765915827
8937.0,0.039510240631913524,4.195768870682129,23.59708410760909
8941.422,0.03715193896530309,4.196522350425731,23.593338422707717
8945.891,0.03925694906036447,4.19613666994696,23.595937071837707
8950.344,0.03704190958325977,4.1960309575962675,23.591766799783706
8954.813,0.03942684467289092,4.195918179726899,23.585866390816612
8959.25,0.03338786821572423,4.19636251577902,23.59207313678953
8963.703,0.03965163595084858,4.196064018920043,23.59492917092603
8968.094,0.035833689571941316,4.196148939858587,23.591882303235284
8972.516,0.032779771158598855,4.196082794447387,23.59326194809638
8976.969,0.04009247538313369,4.19602995855945,23.593025030418072
8981.422,0.03658843370337279,4.1960522456624885,23.59287624963017
8985.875,0.034520274522699276,4.196102492760136,23.591407455965008
8990.328,0.03585145328026208,4.196016337734576,23.589815556361504
8994.766,0.03766129596193374,4.1961343049195845,23.589368095250137
8999.156,0.038108904565337,4.196347783775618,23.587882358267965
9003.563,0.032512277213911055,4.196245180477731,23.58713504805436
9008.031,0.04023534155655063,4.196026670293915,23.581840438160484
9012.485,0.037606213293511756,4.196081724320994,23.591393498809154
9016.938,0.02687123361245324,4.195401517342846,23.58931153921262
9021.375,0.03702662244560788,4.196275960076402,23.588508159848335
9025.828,0.03419385123365916,4.196243302570233,23.5914437836392
9030.235,0.038830581866440915,4.196120701953458,23.594321320536682
9034.641,0.03723889954540023,4.195961228451609,23.574362601537004
9039.11,0.03650977983096469,4.195743567312691,23.590473475601115
9043.563,0.03505570285316594,4.196016786332847,23.5932676392101
9048.031,0.0347988737538482,4.196309311229975,23.590176705205288
9052.531,0.0286644925001617,4.1951865525600445,23.575938477631677
9056.985,0.028480545212785674,4.195261843619841,23.58298129531079
9061.438,0.037093870804624035,4.196078734370329,23.59024489891797
9065.906,0.036613866190664084,4.195931638489666,23.585105051511434
9070.36,0.038163156471429684,4.196102914179761,23.582074667987357
9074.813,0.03751579983190786,4.196186960145498,23.584454238798703
9079.281,0.03773480626528001,4.195880957531054,23.579639639054964
9083.735,0.03591224595414391,4.196397107870772,23.5890583893903
9088.188,0.03504925823626616,4.196130609009717,23.59261348204497
9092.625,0.03653745351149235,4.196275610775775,23.587904725815726
9097.016,0.03631470448563451,4.195909007608862,23.5756670475405
9101.422,0.03557272944859641,4.196209621891008,23.5757175722367
9105.875,0.03616191142396391,4.19616680420201,23.58498988396787
9110.344,0.03136169452905381,4.195983924686848,23.58319894125319
9114.797,0.036306498903199244,4.196298080495962,23.580333965126634
9119.25,0.03497476031386747,4.1962731960318695,23.577036164394
9123.688,0.036569917543347145,4.196136064376981,23.581622676414973
9128.078,0.0358478117634065,4.196058090268574,23.578563503255438
9132.485,0.0355719730429811,4.196349523020842,23.579663813051223
9136.953,0.03778522736591051,4.196448564664522,23.576883526847826
9141.406,0.03719889168750657,4.196275662159265,23.57052311103963
9145.86,0.029126264322507124,4.195397697902658,23.57532162041461
9150.313,0.03568471462379227,4.196385384700248,23.57129362457545
9154.766,0.03790000697082056,4.196320941927337,23.562358181693828
9159.156,0.033361578350985244,4.196217978450931,23.576201859428874
9163.563,0.03576545739445659,4.196634572466598,23.581801431723417
9168.016,0.03701806761670089,4.196367349694922,23.5763548630775
9172.485,0.03797653135013317,4.196386658032858,23.573912806903103
9176.938,0.036145075608964856,4.196179407835697,23.57078464350553
9181.391,0.03745637468436765,4.196312032965595,23.563346909469445
9185.828,0.03587582361485877,4.196183207933807,23.580921185033112
9190.219,0.03585559195505323,4.196467558423089,23.56845112404619
9194.625,0.02500918211782194,4.195518078936147,23.575592572866665
9199.094,0.025184406872694604,4.195560562878867,23.576858020330413
9203.563,0.02723373918053313,4.19537751266219,23.579850341520736
9208.016,0.03719014921151551,4.196190952156641,23.57475503470964
9212.5,0.03809070005134718,4.19649896594024,23.571931985027568
9216.953,0.03654578888566531,4.196128379994394,23.573455641719764
9221.422,0.03804645617464608,4.196526263871982,23.575785896242266
9225.875,0.03409125872314743,4.196311513452879,23.572616333896292
9230.344,0.03034583285478744,4.195839739465492,23.57324388312964
9234.813,0.04031269409044043,4.196461781942844,23.571163883788405
9239.266,0.039535398476599405,4.196634451474789,23.565212744424006
9243.735,0.036356689841184564,4.196513245796283,23.568815254751428
9248.172,0.03739805790113871,4.196355708355007,23.566014487731557
9252.625,0.035033142375887255,4.196394566627854,23.56607244574635
9257.016,0.03620090443539123,4.196425791175542,23.567829717942494
9261.422,0.03675984276864315,4.1962859261010585,23.553978984209333
9265.875,0.031934069390387794,4.196467676681652,23.55476550521722
9270.328,0.03666101015364995,4.196314239744901,23.54230315822331
9274.797,0.035440766220916124,4.196142025761531,23.551460171710133
9279.235,0.036089297193488974,4.196422420895752,23.55078715396043
9283.688,0.03629249670885709,4.196535778965971,23.55439343205706
9288.078,0.0356875743351118,4.196501969383087,23.555227644281114
9292.485,0.03833405644729799,4.196406976950687,23.55355972436936
9296.953,0.025191089584306717,4.195668506565557,23.567477243673537
9301.406,0.025799556147873017,4.195516404675386,23.551974936923042
9305.86,0.035826740656431565,4.196451218789179,23.55513025852113
9310.313,0.03739680275133759,4.19649267038606,23.55820503611183
9314.766,0.03555420513483034,4.196524430272628,23.563561179555922
9319.219,0.03488811869486295,4.196395841221968,23.552964939597437
9323.61,0.03760109869415664,4.19627438112864,23.54953401992517
9328.016,0.03680454803387754,4.196436129003199,23.554068613908328
9332.485,0.03579230292341616,4.196011540445281,23.550437815863923
9336.938,0.037913622713423974,4.196645594384928,23.548643597422682
9341.391,0.03647239894612817,4.19642527987703,23.546055812635316
9345.828,0.035825030486719395,4.196707370014768,23.555755487628854
9350.297,0.03721819689120158,4.196186462575001,23.551468672648053
9354.75,0.036728445254646365,4.19671146974052,23.54697707342658
9359.156,0.037971608978454925,4.196531853361853,23.5502857618118
9363.563,0.03802269016504844,4.196641339125023,23.55405877165612
9368.016,0.033755669362853145,4.196796498706597,23.544179242890806
9372.516,0.035445836359483854,4.196294461591609,23.552027263230894
9376.969,0.03675642677463847,4.196472555316773,23.55674074975105
9381.438,0.034388969279788954,4.196888720927256,23.551472693612414
9385.891,0.035261391726756644,4.196668091815031,23.555725053999527
9390.36,0.0354602146632065,4.196643702343839,23.56233031763162
9394.828,0.034523411891949664,4.19676240786476,23.548626701948866
9399.297,0.03395170063771539,4.196779844242378,23.56470042217482
9403.75,0.035758658720472764,4.196491943370597,23.55672886448354
9408.203,0.03305451170733885,4.196867442743247,23.549154127489206
9412.656,0.03907043070179765,4.196792952354503,23.546010216515434
9417.11,0.03220455329060282,4.1970043244951505,23.54447231731544
9421.578,0.03385771844485304,4.1964332279760725,23.545538393487384
9426.047,0.035140535608933626,4.196597653418498,23.5436346875445
9430.516,0.03462642861760943,4.196607527383808,23.544095500803845
9434.906,0.035223371423642694,4.196990841608427,23.539429468504313
9439.328,0.03688538717545457,4.1966996564699715,23.534284477640508
9443.797,0.023786336846138914,4.1961993271157505,23.542936990874416
9448.266,0.023101466654422823,4.195920554311313,23.533288060859327
9452.735,0.02495872807677885,4.195875520827447,23.542753906526624
9457.188,0.026033423266459726,4.195586195128603,23.535429987699416
9461.641,0.026520261763501186,4.1958831944548365,23.54056194210585
9466.11,0.026421155261836148,4.19564387780646,23.53478685416514
9470.563,0.02228632587032826,4.195804347286794,23.53829635805037
9475.016,0.02972062606488317,4.195886353141979,23.542870353884627
9479.469,0.024875792151784624,4.195773129347363,23.54482586143416
9483.938,0.025903130531789907,4.195749248258991,23.542498394184417
9488.406,0.027527363323786823,4.195726436446723,23.547056295601205
9492.875,0.026574040819947794,4.1957441414221375,23.536993144910568
9497.328,0.025334665040305925,4.196047610284762,23.534140277535244
9501.719,0.0257653092480068,4.19558046618341,23.534304155850815
9506.125,0.027602453488428578,4.195570486617862,23.536220110047083
9510.594,0.02728000028626271,4.195577106137937,23.539474401134513
9515.063,0.026014793783008652,4.195695850492356,23.539998936956167
9519.531,0.026330612142061394,4.195710251443483,23.53674412598986
9524.0,0.02536110285767439,4.195662871241472,23.539645927876627
9528.469,0.025254656693319076,4.195760519707004,23.534354375739074
9532.922,0.024988644705221393,4.195736755142881,23.536650735304374
9537.438,0.027546865131525114,4.195480706895861,23.54073404470124
9541.891,0.02822281311547423,4.195560544084505,23.535586575441034
9546.281,0.027609840705480324,4.195588752816997,23.52797489709912
9550.75,0.027126521325515223,4.195610704549034,23.532137301002603
9555.235,0.028557354220053444,4.195409710281579,23.533336974961504
9559.735,0.025775450795581488,4.195610033145192,23.541338737981746
9564.156,0.027643224365950556,4.195544430211868,23.532303943259627
9568.61,0.035000621889574104,4.1964952704070635,23.5327430265579
9573.094,0.03506811380734144,4.196294656849512,23.52604977454272
9577.485,0.038207143540848865,4.196472887535445,23.537432802157955
9581.969,0.03407813047807314,4.196565034223118,23.530569460441285
9586.453,0.0368932026269929,4.196567451564575,23.528062503557756
9590.844,0.03483855148630671,4.196671405836904,23.52375945986233
9595.25,0.0267836242501506,4.195985462366568,23.531956020705334
9599.719,0.026744617776378817,4.195812968224957,23.53616731379667
9604.172,0.025979108936898133,4.195766232881759,23.526740128296343
9608.625,0.025771650042852312,4.195637530034333,23.537981294605565
9613.141,0.029574178682518926,4.195647873806149,23.538951486162997
9617.531,0.02791125016264095,4.1955388247739345,23.532819186164726
9621.985,0.035818427189502726,4.196783292166843,23.529508659648307
9626.453,0.03309590993259919,4.196432571533423,23.528371206226907
9630.906,0.03481916002258161,4.196487616892717,23.52356066580841
9635.36,0.036657182889622296,4.196524740342317,23.52465281859679
9639.828,0.03538487674522241,4.196518578928518,23.526477449470306
9644.297,0.036382407171437564,4.196799790807403,23.520747408936288
9648.75,0.03572101428350392,4.1965989223219236,23.522978384101197
9653.203,0.03396028006985799,4.196937928036123,23.521295880783065
9657.672,0.035640304455868355,4.196636439964239,23.523508400530012
9662.063,0.03233972988115122,4.196680070939409,23.524187819840474
9666.485,0.03415597847874007,4.196557249657588,23.52429506561336
9670.938,0.03383671722802981,4.196890022298148,23.523733834998858
9675.406,0.03636089845759233,4.1965451403689835,23.5290847837017
9679.86,0.024831739794044086,4.1958771418747824,23.522147845101596
9684.313,0.02931818348670068,4.196260059642257,23.533271519698157
9688.766,0.02587664661318787,4.195875277815535,23.530499327470206
9693.235,0.02951155400434667,4.195881983399864,23.530636655375428
9697.688,0.02836516043233199,4.196122378472663,23.53201984417033
9702.156,0.02295574043136882,4.195458850442774,23.527668373898997
9706.61,0.03661022215093593,4.196891817881547,23.52524737567648
9710.985,0.03665005325701089,4.1968931665432345,23.51900476115258
9715.344,0.036773796506149765,4.196731877910744,23.518943280146082
9719.672,0.03181881756358662,4.1968527340841,23.5205868232307
9724.016,0.03546895308172177,4.196846816100504,23.521171932046897
9728.36,0.03134986541645292,4.196611795337562,23.514471430230493
9732.703,0.03425337294763204,4.197418153905684,23.521774035992255
9737.047,0.032857363302477675,4.197335563158792,23.518419321507377
9741.391,0.03426193385679049,4.1968931187190455,23.524882299410496
9745.735,0.0338115360857621,4.196910129680266,23.522957031699693
9750.078,0.03384466296241135,4.197034764690814,23.528755713845563
9754.422,0.0322314551886852,4.197207366754905,23.52094527739321
9758.766,0.021639339748939616,4.195951534452081,23.52559947589967
9763.094,0.023275483721782852,4.195853710753368,23.523545016456872
9767.453,0.02355534925161832,4.196337742203957,23.52287426512134
9771.781,0.026387149083990022,4.196141334967923,23.516193772131803
9776.141,0.027507178678029414,4.196042249220977,23.525487153998505
9780.485,0.02758144024894672,4.196226697864963,23.518250022046544
9784.828,0.02376984182851229,4.19632428599768,23.52127778335386
9789.156,0.026779598995683416,4.196226954785213,23.520798021240523
9793.516,0.025778262941255875,4.196236222909964,23.513203882654295
9797.844,0.025002556191584112,4.196175761552047,23.51937566726889
9802.203,0.024012950645950503,4.196056513370601,23.516405904797598
9806.531,0.02580286013587761,4.19622434900084,23.51659448876602
9810.891,0.025312227761974008,4.195775041050039,23.518267625653984
9815.235,0.02267687839413547,4.196255627643616,23.51656784532938
9819.578,0.025162726539548045,4.196159301252537,23.520460077523882
9823.922,0.021248319468318042,4.1960549633519575,23.51793963052544
9828.266,0.024566848117819604,4.196232945721081,23.50677993276734
9832.594,0.023974080357097822,4.196031576377238,23.50552764057948
9836.953,0.023419862489711295,4.195957934008834,23.513638387667108
9841.281,0.023819441047951726,4.195923721245658,23.516132530389797
9845.641,0.028616100499910698,4.196054328775635,23.516417995592587
9849.969,0.02501133602818903,4.196092170781037,23.505435277151452
9854.328,0.024848219002249573,4.195885313677494,23.513645637548283
9858.656,0.024192555503584883,4.196044718412234,23.511903048322406
9863.0,0.02522106184113256,4.195918439203809,23.506867433194202
9867.344,0.024204294295664515,4.19596270585897,23.502940877330886
9871.719,0.027975276087446332,4.195680679930051,23.50434015044367
9876.047,0.02592673871304754,4.196310656512383,23.500726319069884
9880.406,0.02513024059822374,4.195962415711766,23.509218327213013
9884.735,0.02686078178374057,4.195760691528149,23.502690901167316
9889.078,0.026769139866918028,4.196020471317583,23.502306304178965
9893.406,0.026382574663836138,4.195946606849856,23.503351579268852
9897.766,0.02437974809271796,4.195919811415644,23.507310768426358
9902.11,0.02428388603006652,4.195871896948477,23.487777863958318
9906.469,0.02529454123043914,4.19590487280403,23.50426703826175
9910.813,0.027403807569724607,4.196014256892998,23.501867741035344
9915.156,0.02616722422447723,4.195913920809729,23.50636901811937
9919.5,0.027778964420580882,4.195809142476491,23.507898020102385
9923.844,0.025399058752090867,4.1960912351924735,23.498242645083735
9928.172,0.027092114262764096,4.196063741618872,23.510416411727146
9932.531,0.02765086675569839,4.196022758402963,23.49869143683901
9936.86,0.026621947456307544,4.196040661021854,23.497523702533034
9941.219,0.02758308685286537,4.1961428782408134,23.501066561450997
9945.547,0.022792407860765168,4.196205376852537,23.50609524774157
9949.906,0.026051441150775904,4.196311038953809,23.502083906463817
9954.235,0.024520885493481134,4.196021773600817,23.512954430832988
9958.594,0.02406358829317655,4.196229238288062,23.508821048894955
9962.922,0.024262767755703362,4.196073571844405,23.50834967921008
9967.281,0.026043170808461445,4.196142698834579,23.513764059348137
9971.61,0.02603629270721813,4.195898071662615,23.50301371855951
9975.953,0.021990290672620854,4.196211398900487,23.503896775101325
9980.297,0.022133231798112517,4.196042441519676,23.49666182516081
9984.641,0.024491150871044684,4.196171605251505,23.504061102734855
9988.969,0.02707334964857211,4.195889155558122,23.499112383925084
9993.328,0.025930401086394668,4.195964488906616,23.503314304219927
9997.656,0.029937554881287815,4.196013724353161,23.497924842145625
10002.016,0.023939537297101042,4.19612577520273,23.490394715274025
10006.36,0.024999686924234075,4.1960251777932625,23.4882695546788
10010.703,0.025473921873667232,4.195993814722595,23.49413204652729
10015.047,0.023184006645859588,4.195975445557527,23.493427671827593
10019.406,0.022162321016241503,4.1959385034510746,23.49027141194834
10023.813,0.02454640260351352,4.195963796817549,23.50292551995962
10028.172,0.025106568127547104,4.196193656956021,23.50589023046099
10032.547,0.028589888808133117,4.196319181115625,23.503543530959394
10036.891,0.023675451223243712,4.196024712295481,23.499777776581322
10041.235,0.02297142355413584,4.196621763728762,23.493252759851874
10045.578,0.023731767416850097,4.195778599863424,23.493274939900644
10049.938,0.024803753752290464,4.1961673088757,23.502510913416316
10054.266,0.02400922196322411,4.196312794237391,23.499156038412085
10058.625,0.026346435254917262,4.196176454739197,23.49250325720307
10062.953,0.025558070703868663,4.196208305392508,23.500816095379328
10067.328,0.023287333299027685,4.196205131500367,23.495956162884173
10071.672,0.02589997089984504,4.196026354131648,23.493133569541353
10076.016,0.023834950001001477,4.196152763622166,23.49640505017458
10080.344,0.025390490458377216,4.196081612369766,23.49372880868897
10084.703,0.02403144918099172,4.196315713661111,23.490641047580812
10089.031,0.02631754635329197,4.195860184489998,23.497022469286414
10093.391,0.02441848664191565,4.196133803640674,23.491549161177076
10097.735,0.027854753580830033,4.1961622859349585,23.49578539925313
10102.078,0.02810488105211676,4.196196447651077,23.491898001103767
10106.406,0.028278311089275213,4.196228625959275,23.48996494187907
10110.766,0.023322005686768985,4.196120264341099,23.491908764393695
10115.094,0.02558121682952781,4.196184361023531,23.491054264137322
10119.453,0.024200460409179236,4.196195421493927,23.496532321981455
10123.781,0.023698472179554855,4.1961352597285675,23.500636005099324
10128.141,0.025812380069032106,4.196286818441834,23.48640660584697
10132.485,0.02645273582151905,4.196381057178787,23.48771298112681
10136.828,0.023664509046466248,4.1963577326432056,23.48772129994766
10141.172,0.026060088326835353,4.195924634918793,23.490902455750124
10145.516,0.023403369684994936,4.196384322546238,23.494831311959157
10149.86,0.02354557257585506,4.196312388006974,23.484676458648668
10154.203,0.025949822892216694,4.196255435520899,23.48394227470453
10158.547,0.02403350302468949,4.196462326903961,23.48645503688583
10162.906,0.02779388297489346,4.196379924186598,23.486517882856813
10167.235,0.023567298942017156,4.196300632399013,23.485528320021547
10171.594,0.02610771404031795,4.196174215499706,23.485380468410128
10175.922,0.02459579451915863,4.196399282247066,23.48431402662666
10180.281,0.023212969316721357,4.196255047751786,23.481979343716286
10184.61,0.0244792279294022,4.196313860554993,23.48776832080759
10188.953,0.02364592892999189,4.196219252117659,23.47980225986077
10193.297,0.025800637630727884,4.196524843513786,23.478626103835808
10197.672,0.023996159206779333,4.1963359502150475,23.481707453919373
10202.016,0.027154815613028495,4.196314981412214,23.486376430549956
10206.36,0.022052659312578306,4.19656837761276,23.48377439698106
10210.703,0.02215170008485116,4.196410314809469,23.478640530632585
10215.047,0.026683640788476657,4.196471817974397,23.4861118013791
10219.391,0.02530255421525414,4.1964341416357565,23.475939276080123
10223.735,0.022603676251590134,4.1962223750240595,23.47013611398379
10228.078,0.026822562259631512,4.196311192756593,23.48228220409689
10232.453,0.026709309794534106,4.196397864293122,23.477797244521277
10236.797,0.026936193423154106,4.196361155958897,23.477272399994618
10241.141,0.027264132860722056,4.196221895309853,23.475021905433213
10245.485,0.02533760851832633,4.196388598249186,23.476533854748222
10249.828,0.024785959065614142,4.19631308625347,23.471708374647406
10254.172,0.02646787210950103,4.196559004782324,23.477932566422115
10258.516,0.025896301157302373,4.196352426870194,23.48063809293157
10262.86,0.02466448025489997,4.1965118479411085,23.474676005831835
10267.219,0.023422464884582373,4.196336033339045,23.463190590362498
10271.563,0.023263945532195025,4.196276615692881,23.466133872334964
10275.906,0.02555271504337439,4.196355013504932,23.46281705512929
10280.25,0.02390046448104964,4.1963241918134715,23.474205211861907
10284.61,0.0223642148340327,4.196762742919061,23.484372842316457
10288.938,0.015435057643729459,4.195547959687094,23.481364616042857
10293.235,0.000686586156372938,4.178666748660529,23.48842797708342
10297.516,-0.00129007289510433,4.184571189164985,23.501504054220952
10301.813,0.0009718677625779507,4.186137313099958,23.51333500948938
10306.094,-0.004287920023950266,4.18727206529032,23.520348288152068
10310.375,0.001743445798529493,4.1878731411602566,23.53449310475197
10314.672,0.0005072897747430311,4.188007057827781,23.534690775011263
10318.969,-0.0006454605065112247,4.188824905327726,23.544846790694617
10323.281,-0.002453569458058996,4.18928747239653,23.543486869229046
10327.578,0.0025150880940251474,4.189206301171335,23.547756588110808
10331.875,-0.0008826213858503254,4.189205469765553,23.54085360899143
10336.156,-0.0010157020613590015,4.189596103511132,23.54380823498901
10340.453,0.0009529850288082252,4.189680886103917,23.53339205382635
10344.735,0.0018120342111942497,4.189501527440648,23.53686292359559
10349.016,0.0020056931980535478,4.189863158694897,23.54831685165599
10353.313,-0.0025727666067730222,4.190002812930356,23.540675964058277
10357.594,0.0007444290422738031,4.189801144315616,23.53754195340684
10361.875,-0.0014391391827417855,4.190167782952266,23.525213516226035
10366.188,0.0004933256102744124,4.190092094949026,23.53190077750573
10370.469,-0.001868849069123121,4.190328475075665,23.542454198185386
10374.766,-0.000257231837593121,4.190259624179317,23.531255923712514
10379.047,0.003503090300447697,4.190353971077459,23.53490276147666
10383.328,-0.0037610112333524622,4.190118676778233,23.532794253026612
10387.625,-0.00011677733159457817,4.19026212890742,23.532406167527355
10391.922,-0.0015917850327280788,4.190061515478681,23.53293858069416
10396.219,3.729812275753229e-05,4.190139167723662,23.5319225840017
10400.5,-0.0007678950337609823,4.190219616294719,23.523847828914022
10404.797,-0.00028567303175372407,4.190266288544726,23.524674843833104
10409.078,-0.0017336221817649572,4.1905297298470305,23.52744015247317
10413.36,-0.0005494360659394514,4.190292786553047,23.522644616856777
10417.656,-0.00022473749135068044,4.190047934981588,23.520448611643495
10421.938,0.00010830416337948237,4.1905556414817235,23.5185280184152
10426.235,7.93411648226488e-05,4.190256633490509,23.517649200534578
10430.531,-0.0008475941840370064,4.190409503510318,23.528000236555293
10434.813,0.002010720297266568,4.19025589299845,23.52759330409018
10439.094,-0.0012665093168307527,4.190475002385099,23.52911785927924
10443.391,0.0008003488072868233,4.190552714731891,23.52998419414054
10447.672,-0.0021432215135485156,4.1902198297478215,23.525433397551783
10451.953,-0.0004499531224794198,4.190360543185682,23.534144762544678
10456.25,-0.0023296054775089393,4.190339562039557,23.527574097832357
10460.531,-0.002215249685110908,4.190438114526575,23.515571522034982
10464.813,-0.0003502457922953652,4.190244924759575,23.516055000701396
10469.11,-0.0011607853396385591,4.190260204861289,23.520991025236196
10473.391,-0.0010396607198349627,4.190359488997213,23.518183452343866
10477.672,0.0005412832095512102,4.1905216453186025,23.51485794685374
10481.969,0.0007951406876439854,4.190200427745256,23.523347448907376
10486.25,-0.001971751950615612,4.1903086633071736,23.5211393433574
10490.531,-0.0015827211724718632,4.190699394841847,23.519254558083368
10494.844,-0.002009090149635198,4.190239453409661,23.52823097740355
10499.125,-0.0016175686911193339,4.190195829342556,23.524581427430316
10503.406,0.0006161281808844418,4.190473080572814,23.517570850535222
10507.703,-0.00334862143136815,4.1899771195636415,23.517734295852335
10511.969,0.0030462149515741777,4.1904380163122275,23.516675075685903
10516.563,2.2303389655359983e-05,4.1904095795142515,23.526570435099995
10520.875,0.0005852178457772535,4.190400871138177,23.51171269488919
10525.188,-0.0025173431026565417,4.1904609612995785,23.50940040724835
10529.485,0.0002463236895349569,4.1902147782213675,23.50809444356437
10533.797,-0.0003918964629225127,4.190196776419052,23.51528857820705
10538.094,-0.0005469785509172375,4.190417571614862,23.514690883215604
10542.406,0.0015712841777011147,4.19008535382563,23.5183298557895
10546.719,0.00029479074149523735,4.1905633803446,23.511493630990245
10551.031,0.00018420511408373584,4.190461128694942,23.518015430836947
10555.328,0.0021839163102997964,4.19065446559704,23.508140131651423
10559.625,-0.00367245090073145,4.190478998172002,23.514174990930925
10563.922,-9.759827624269752e-05,4.190486798179405,23.502812901265102
10568.235,-0.0016418989976564162,4.190506703093315,23.500017645130406
10572.547,0.003045032090805042,4.189872226044561,23.50689880205282
10576.844,0.000125327693692668,4.190409797647134,23.51496006408501
10581.156,-0.0015728044883202405,4.1902565279783595,23.515947916509283
10585.469,-0.0005082517850530453,4.190287774718068,23.50787292345657
10589.797,-0.0008106963411538002,4.190384065230764,23.516024603848145
10594.094,0.0002481712975938626,4.190566160843928,23.509919648570197
10598.375,0.0006178015906290846,4.19027764310982,23.508966134940668
10602.672,0.0030295774968729337,4.1899547888879,23.516457664525465
10606.985,0.0008263381018035074,4.190655059101737,23.517274615062057
10611.297,-0.00022041374202915202,4.190187886297977,23.504730800117777
10615.594,-0.0006754997299102425,4.190254415669052,23.51476143772911
10619.938,0.0010178436560443428,4.190292230554441,23.502293792687485
10624.219,-0.0014719228944129088,4.189819930362704,23.503021757532483
10628.5,-0.0014827874947368357,4.190402993085568,23.508571931669604
10632.797,-0.0007588444496202804,4.1905426923490605,23.504247631186875
10637.11,0.0020594124979412052,4.189897612833173,23.502341327208825
10641.422,-0.0014873173809916795,4.1901918187884615,23.502430114074127
10645.719,0.0010770535632665696,4.190209431994861,23.507337470247474
10650.063,-0.0006155350537827986,4.190260527749418,23.506653848454143
10654.375,0.0023647780137936425,4.190374103353824,23.49956482836928
10658.688,0.0011073100486107567,4.190131714371857,23.505510975591644
10662.985,0.0023343617546427134,4.19030633422027,23.50533469673341
10667.297,-0.0008068459442840407,4.1901268730782935,23.50907425421751
10671.61,-0.0018382918946026226,4.189963706180582,23.511646169865234
10675.906,-0.0010053991538246016,4.190249177907349,23.5107011147135
10680.219,0.0020777455512181824,4.190129078816351,23.513670051906605
10684.547,0.0019396573282280559,4.189886058307682,23.505441928074124
10688.828,-0.0010336959355484493,4.189954855711563,23.509136465445433
10693.125,0.0029187638530654056,4.189888590809264,23.512598297814712
10697.422,-0.0007784142922475347,4.190136534895823,23.513497633991634
10701.719,-0.0014556756695640652,4.190077622201812,23.512555859804298
10706.063,-0.0001732794867573099,4.1901012706684755,23.509610543982706
10710.297,-0.0016358894458476927,4.1902993149480885,23.504631464298576
10714.453,-0.0014299959360041194,4.190009924535501,23.50119152859991
10718.61,0.0004997623866458431,4.190030923834284,23.49591734764346
10722.766,-0.0012920942595278965,4.1904369170280455,23.500890717305083
10726.922,-0.0009629437196973631,4.189982314040771,23.502862854731365
10731.078,0.0021888378219725403,4.190167545059455,23.49859163287667
10735.235,0.0005547922857263632,4.189763082415938,23.487254878977843
10739.391,0.0021324068566304097,4.190079620130798,23.500184315658363
10743.547,-0.0016489004409848392,4.189786044791456,23.49981549819953
10747.703,-0.0031878912996556362,4.190273505047,23.5127511053567
10751.86,0.0003027355980440283,4.190073256981396,23.509668965331525
10756.031,-0.001564196579769343,4.189903048652067,23.510549348384714
10760.188,-0.0029784507266222395,4.189783602566622,23.51201145238635
10764.344,0.0010673848629384531,4.1900662508348825,23.507466982160047
