time,current,voltage,temperature
0.0,-0.00011368547071551776,3.474497463423474,33.228885984233415
2.453000000000003,-3.577567186154941,3.166512576633262,33.17454561872389
7.3430000000000035,1.5138909884146143,3.554051401688862,33.16677372702826
12.078000000000003,1.5159001265711556,3.593638813704299,33.151852823758965
16.796,1.5160171708637256,3.616212308421595,33.119024923277
21.546,1.5168310153559057,3.634014205408376,33.06448561457736
26.328000000000003,1.5152292108121814,3.6501868673054454,32.99868602827127
31.109,1.5149213962178898,3.664182101291836,32.93955044448442
35.875,1.515724599194858,3.6771204596023837,32.86409658381406
40.609,1.516271857773376,3.6891663221103754,32.7937302777204
45.343,1.5167341763592372,3.700253613840418,32.72035163432672
50.062,1.5146804538833725,3.7106729715003586,32.64284221493794
54.796,1.5169623529092422,3.7200690825367553,32.584901238248975
59.531,1.513041300810092,3.7287735261932946,32.5111246831914
64.25,1.515841336847154,3.7376991155443315,32.44987610535684
68.968,1.517261546692315,3.745422564427238,32.378077820065336
73.703,1.5158213265571556,3.7529664694049307,32.303377838014256
78.42099999999999,1.5166864008782197,3.7599334505708857,32.24445655309872
83.14,1.514983555428026,3.7668713835932603,32.185681603617546
87.85900000000001,1.5166140066101148,3.773118813532979,32.12832869606141
92.578,1.5145532636570433,3.7790109252708404,32.04896480923371
97.29599999999999,1.5185549969696943,3.784746856028639,31.99685222113124
102.031,1.5149520851497602,3.7900816264387394,31.934936086109875
106.73400000000001,1.5184008878648356,3.7950348039691524,31.874336503527957
111.468,1.5149164122058727,3.7998274013574025,31.81255498133311
116.187,1.5160025920091835,3.8044056063989817,31.752337401182228
120.953,1.5131323100915632,3.8084844677864838,31.70427688127202
125.718,1.515096185089948,3.8125508675279716,31.64546479206448
130.437,1.5160563317651143,3.815972486315823,31.577955650676554
135.156,1.5156575062073347,3.819009151600006,31.526995832056386
139.859,1.5139328506092664,3.8218025611344704,31.47399826521084
144.64,1.5127267394906645,3.824572698690108,31.420337125643524
149.421,1.5147173421458178,3.827119208588593,31.378880604464847
154.14,1.51371691745675,3.829103151066832,31.316994192187458
158.859,1.5166414212510908,3.8312281048517307,31.26695338211996
163.578,1.5151956441681065,3.8328157927241646,31.21530160112109
168.296,1.5151632525730423,3.834764014894295,31.156909203398413
173.0,1.5165540968537046,3.8360989988338012,31.11266551195205
177.718,1.516694142238171,3.8376765750712964,31.054852848043517
182.453,1.516446581888804,3.839370743654364,31.01310853166038
187.156,1.5150437839111626,3.840580056771589,30.96721347979251
191.875,1.515536986419114,3.841848477731682,30.917600464248686
196.59300000000002,1.5167985467299077,3.8432328038604884,30.882038401301497
201.312,1.5149128087166153,3.8443011826797697,30.824660781599512
206.031,1.517169599610345,3.846425649638459,30.77866071136037
210.734,1.5173020706138747,3.8473323992957993,30.72647045790484
215.453,1.5167369654238239,3.8485297467171105,30.690355850589246
220.171,1.515428887120403,3.8499150776601687,30.656838953760776
224.89,1.5145081437846752,3.8509863124499137,30.612688792221157
229.593,1.5184552891661638,3.8524401075403354,30.557401191759762
234.312,1.5122849702817542,3.853997345908219,30.5202915032893
239.031,1.5153197295279845,3.8552500199299398,30.474108313429618
243.75,1.5158441167813685,3.8567160001198904,30.434461329648844
248.46800000000002,1.5148946988428706,3.85796537558062,30.409757012971433
253.171,1.5153912983229623,3.8592330681031797,30.364599608645012
257.921,1.5162262749789908,3.8603861829417996,30.323021975442593
262.687,1.514438604554575,3.8617708619563738,30.285320041469586
267.421,1.513091766611262,3.8636113227405824,30.247545758122435
272.125,1.51651631678711,3.864447129000973,30.210750227526685
276.843,1.51198524596127,3.865931528928189,30.178932391524423
281.562,1.5159916245889549,3.8672127885672998,30.13848906497077
286.281,1.5163417654002438,3.8687438838002497,30.102475162547094
290.984,1.518197142518267,3.8700016594798785,30.063296009710115
295.765,1.5163784368276112,3.8711068913753937,30.020031869365287
300.5,1.514628305670156,3.872560744918719,29.99106160605485
305.203,1.5125422251496432,3.8741166581997715,29.963533755512994
309.953,1.5187479493719027,3.874952403376474,29.94005957380655
314.734,1.5166987916641923,3.876019379111058,29.904112359235697
319.453,1.51515767333223,3.8775815176411057,29.861193411180444
324.187,1.5162886703814211,3.8789382358900943,29.83012789054048
328.89,1.5161930546917932,3.879809075106108,29.788323510301005
333.609,1.5135599369973731,3.881236751012158,29.76875856294696
338.328,1.5162266702409914,3.8826937499628267,29.73899196989587
343.125,1.514149502070088,3.8837036149133732,29.71165962577858
347.89,1.514456829537011,3.8852154347221397,29.67316652906573
352.609,1.5171530133107582,3.8864720187312884,29.641155050084315
357.328,1.512929115392837,3.8874629146909627,29.60838612617562
362.046,1.5196180404872752,3.8885388676740296,29.585331575149606
366.765,1.512195097340551,3.889773521763254,29.55487875974632
371.484,1.516468136974628,3.8909022284372434,29.51900789633871
376.218,1.5180399109660603,3.8921534779796,29.48722753565733
380.937,1.5137074929791767,3.893429024647877,29.449417278467077
385.656,1.5178976911047926,3.894509266040202,29.4258093352297
390.375,1.5167956042073703,3.8957166202700337,29.40266881190622
395.093,1.5140114478812716,3.8972393646647934,29.376707914867858
399.812,1.5175296248911052,3.8979972131822187,29.347692161201966
404.515,1.5159638394364738,3.8990605936928384,29.32194957637823
409.25,1.5146583470604291,3.900104579518771,29.291883166273017
413.968,1.5124813675702415,3.901725745108416,29.255265251626245
418.687,1.5158251160176606,3.9024430506675674,29.22675395021992
423.406,1.5172297255695202,3.903495088632142,29.206480984235633
428.125,1.5149558343485634,3.9047155834901575,29.183151000914393
432.828,1.5160606906935565,3.905781367100562,29.14634007028579
437.546,1.511912800674186,3.9067643397866996,29.12255164502274
442.265,1.5160939897260497,3.9079839629586,29.090008720518654
446.984,1.5183242725616592,3.9092337131926698,29.08400408510895
451.703,1.5146401286508981,3.909896764429569,29.056250574435463
456.421,1.5131799527913108,3.911235406350865,29.04353035891952
461.14,1.5162154390415874,3.9121444338917364,29.01050648687071
465.859,1.5144184063727646,3.9133201351547253,28.97972256782892
470.578,1.5144441688293724,3.9141370100016246,28.966627526545658
475.312,1.5145812859257748,3.915173140652839,28.947292604761365
480.031,1.5157080005000267,3.9163380640388388,28.92474463753751
484.75,1.5154046409907782,3.9168910010858773,28.89888551894234
489.468,1.5184465281533015,3.9179062215872027,28.87731617245263
494.187,1.5122985593923972,3.9188770980072474,28.846604908637865
498.906,1.5134293628027544,3.9197097596193737,28.833327191088454
503.625,1.5149279410636953,3.9205561626172702,28.800798152369183
508.343,1.5131587712694012,3.921401308422796,28.781776658674506
513.109,1.5155505715905357,3.9225887470071035,28.757098269047148
517.828,1.5172029284046011,3.923516132709658,28.725520245914726
522.562,1.514236441425688,3.9240701721547033,28.705366960153356
527.312,1.5183956706203896,3.925122442002744,28.68971756727965
532.093,1.5158994266022718,3.9259040455324854,28.669209274964356
536.828,1.5142310244368486,3.9267584412923835,28.64433411590822
541.546,1.513226052877477,3.927878472570989,28.618059500811352
546.25,1.5157468424319154,3.9285311286952327,28.59739926167349
550.984,1.5136996988969083,3.929256988362206,28.58545378320045
555.703,1.5145921997103728,3.930200314949918,28.56483078589906
560.437,1.5153899651411746,3.930751519117108,28.52830424582436
565.171,1.51754028180706,3.931468378424637,28.506346033448512
569.906,1.5150405462221306,3.932263201432511,28.480154640481054
574.625,1.5140177550627556,3.932965566255209,28.47058909691007
579.343,1.5154987986007324,3.9340969627130953,28.45642298687406
584.062,1.517292461943397,3.934737748652365,28.43112806334951
588.781,1.5178621154123444,3.9356660692427528,28.41615532391212
593.89,1.516589550896292,3.936555627540687,28.395864479871847
598.765,1.517382928745373,3.937010859424409,28.36936874968745
603.609,1.515938302746837,3.9377599210232663,28.340823363067006
608.484,1.518502178406868,3.9386236454368326,28.320333994476684
613.328,1.5162224705231708,3.939174106585379,28.29793997770741
618.234,1.5184437008500895,3.94026846116132,28.282064191706002
623.14,1.5184175095520425,3.940908627126603,28.265896466057594
627.953,1.5131051899215364,3.941781973560681,28.2485433233901
632.875,1.5153183833023267,3.9424961579682205,28.21861783958227
637.718,1.514286509131593,3.9430244552768063,28.21871724015846
642.64,1.5207368487332853,3.943509325397919,28.204332342971995
647.5,1.5174740552522794,3.944440260021607,28.19122386107819
652.312,1.517527935232528,3.9450425450150077,28.177097961410393
657.218,1.5180823868064863,3.9456208742013787,28.15135582320526
662.062,1.51558118360346,3.946413352311668,28.126012145206833
666.937,1.515024167207228,3.9467896783706284,28.124361743412155
671.796,1.5157751122074479,3.947755190177073,28.098442731574945
676.64,1.5168909372241386,3.9481387067504694,28.087260084691206
681.546,1.5140945340283565,3.949373111660178,28.069776467389747
686.437,1.5173898365215241,3.949431781243228,28.053780666015086
691.25,1.5161642384753629,3.9501151021434207,28.0423548423459
696.14,1.5145347005460201,3.951104962683491,28.026761884036812
700.984,1.515635920729699,3.951450405142148,28.00747016568152
705.89,1.5173466464674294,3.951914653682732,27.98691471463998
710.734,1.5142118011098753,3.9529055493480745,27.98087924023203
715.609,1.5190761306738594,3.9535543728172957,27.965187226369565
720.484,1.514332464426092,3.954189349497048,27.94828136807658
725.359,1.5148366560174478,3.9547664695359988,27.935063645158408
730.234,1.5148505005103479,3.95527108681883,27.904332854684533
735.093,1.5168364637906318,3.956040952095116,27.896271970939573
739.968,1.5155256141902174,3.956482980557706,27.887114842153732
744.828,1.517299913464779,3.9572720848836296,27.874934180149666
749.671,1.5164193262145493,3.9573297383765667,27.868306595053287
754.546,1.51558741024473,3.958334815290273,27.85555095053925
759.406,1.5157960423946766,3.9590840046862135,27.84334139951523
764.312,1.5140587250832958,3.959629317735,27.825300422134127
769.171,1.515262344284134,3.959914692254183,27.806971271532944
774.046,1.5172982075494181,3.9608172588190813,27.788114137644037
778.89,1.5151949322012754,3.9613198770837124,27.780719589212744
783.765,1.5164471080215445,3.961808589239709,27.764645546483532
788.625,1.5185540327253533,3.9630053578695987,27.752580883409394
793.531,1.518539180010354,3.96332511287613,27.73875241945931
798.406,1.5152860185073649,3.963707867775752,27.716476511270585
803.296,1.515740144803478,3.9645832970665595,27.718734401680464
808.156,1.5154499967799262,3.9650555817069213,27.70588320289678
813.062,1.5158350807489465,3.965597588952509,27.698884477560146
817.89,1.5178311539346874,3.9661417294911643,27.68548074619193
822.781,1.5148087530056524,3.967012905965802,27.67551814167725
827.625,1.5138103373912741,3.967372990990126,27.659612422221507
832.484,1.5173458158305206,3.9681069445741723,27.648472167743783
837.312,1.5176684030774399,3.9689104052263366,27.635301356626133
842.187,1.5138410516316898,3.969195784065577,27.624815709168548
847.046,1.5159661000085582,3.969860227747695,27.617900302640578
851.953,1.5142260375484722,3.9706222038349863,27.600403996758914
856.781,1.5163465660887392,3.971411975053626,27.59122079325671
861.593,1.516476562493605,3.971806479003622,27.584681002927713
866.468,1.516770782760479,3.9722707534605664,27.571654345603964
871.312,1.5164606012866015,3.9732546306362164,27.55104130937182
876.218,1.5140806081226568,3.973785665275783,27.5463035205246
881.062,1.5152417780047296,3.9742198714953627,27.537393490490803
885.875,1.515290815160454,3.9749360766852466,27.52781986279797
890.75,1.5129880857237676,3.9754630202006838,27.52248241584373
895.609,1.5158919207997996,3.9759295540059885,27.504882158797535
900.484,1.5131064977496178,3.976763118729263,27.494743317914942
905.328,1.511425479507911,3.9770910591202027,27.48885837818653
910.203,1.5172955299295647,3.978177202695338,27.465413625086626
915.046,1.5162203104113456,3.9786214926061065,27.462292245369824
919.937,1.5132802033311825,3.9791471074258005,27.451468469624455
924.781,1.5164160411431586,3.979973169155242,27.45896996129669
929.687,1.5141258046389197,3.980416428074527,27.43589316266946
934.562,1.5172656851097095,3.981268506651545,27.432705880089383
939.437,1.515946054438376,3.9815757823441835,27.41881571141174
944.265,1.5157557465701312,3.9821650680215837,27.401586605115117
949.093,1.5155707011143849,3.9830618740772477,27.398102129841593
954.0,1.5162119729919803,3.9836037434408333,27.388690226817506
958.812,1.5176960231838827,3.9841036262706195,27.383813248655567
963.765,1.5135306050582171,3.9845895225239656,27.38172674262771
968.609,1.513329364865523,3.9853494489678285,27.366743921431997
973.484,1.514135580484489,3.985883528674237,27.3616285220535
978.328,1.5132394553808202,3.9869140214936896,27.361982088892606
983.281,1.516444097021829,3.987462118287544,27.365447819209518
988.187,1.5175721799985706,3.9879726679400243,27.344988470193453
993.062,1.5166468042177257,3.988428882679994,27.346074895406918
997.906,1.5157158867294356,3.9892322497797874,27.332933529864196
1002.781,1.5169912134852364,3.9897230900223914,27.320696494698783
1007.656,1.5156375752334639,3.990223820574076,27.320347144101834
1012.546,1.514933088633096,3.9910197181137756,27.31360828381781
1017.39,1.5156070249071016,3.9914549944871327,27.313997340577078
1022.265,1.515169936982081,3.9918479698032887,27.31062947957685
1027.109,1.5139274028284748,3.9927168155537407,27.30293650848641
1032.015,1.5143829267406608,3.9933544771249503,27.2952170425025
1036.89,1.5183340408930635,3.9935663187702466,27.285190082103846
1041.765,1.5161396161092966,3.9946290814651286,27.287662282760873
1046.625,1.5161415518466679,3.9951177417712924,27.27536353304366
1051.531,1.5154905202962679,3.9956585542744554,27.28386111729123
1056.406,1.5186725356861313,3.996523138033417,27.264818387430623
1061.312,1.5119863016406185,3.996688216312915,27.262029764832924
1066.156,1.5167070613143583,3.9973460606043876,27.253999049612307
1071.0,1.5162149236604323,3.9979115458813923,27.245840377532108
1075.812,1.5146652812154215,3.998323074653446,27.237156277553392
1080.656,1.514347057496779,3.9992051616891624,27.241704008061365
1085.5,1.5153577133008802,4.00002969856645,27.23360421560412
1090.343,1.5133433360303536,4.000478058744475,27.222047155288987
1095.171,1.5152091254649402,4.001080870300845,27.211072813466018
1099.984,1.5169254455946162,4.001512899182044,27.20601765660429
1104.812,1.511702812165144,4.002069383764926,27.19827792197482
1109.718,1.5158710089382084,4.002507424421198,27.19756888730332
1114.625,1.514221188962789,4.003373128871678,27.21014856155513
1119.484,1.5176541585143586,4.003687840900875,27.20116650765142
1124.328,1.5166570317210029,4.00433684700087,27.198861743121434
1129.14,1.5166418217646949,4.0049967332482606,27.189456506743447
1133.968,1.5140041307086758,4.005593191902136,27.176438820754175
1138.828,1.515524909144958,4.00626411539631,27.17678057054191
1143.703,1.517648557294037,4.006615760050501,27.18017435849
1148.515,1.5156100710422102,4.007178362156351,27.174738458867733
1153.343,1.5169188563947067,4.007718040213566,27.16899493503019
1158.203,1.5156275898200853,4.008496419457775,27.163016487875495
1163.015,1.514247256606793,4.009025845166114,27.156010253360634
1167.843,1.514170653710257,4.00972119633657,27.144023017412902
1172.703,1.5170049237442484,4.01007703265936,27.13951231144563
1177.531,1.5154117394796636,4.01076063393667,27.133869329330114
1182.343,1.5145667706320056,4.011067626785464,27.128594684263053
1187.203,1.5180052895834903,4.01149961553251,27.136512868574215
1192.046,1.5164791966740703,4.012499504380291,27.13224590258769
1196.875,1.5159339440693709,4.013097330900652,27.13206919329512
1201.687,1.5131862679445127,4.013528029224633,27.11661741169541
1206.531,1.5159871367099147,4.014203592788983,27.118874556478946
1211.359,1.5164744209265075,4.014645941334765,27.106115497927767
1216.171,1.5162235712638077,4.015116961741637,27.099329761395172
1221.0,1.5149511258332287,4.015749624031112,27.098248974798036
1225.812,1.515640535531521,4.016215895758669,27.09462120390529
1230.75,1.515154075212602,4.017098259413285,27.097535316925597
1235.64,1.5165597091222254,4.017579149946991,27.095570657261682
1240.484,1.5176883640353958,4.018036822318966,27.10275783434844
1245.343,1.5141114436763905,4.018702420107836,27.099871946296446
1250.171,1.515189031436151,4.019262276629793,27.092614000132237
1255.046,1.516095512663514,4.019803712247223,27.0809878497548
1259.875,1.5160389634186424,4.02029843723356,27.08205395025938
1264.734,1.5150478604051871,4.02119944717426,27.088509221609005
1269.546,1.518003572864881,4.021834152878658,27.094390813627996
1274.375,1.5148427722384294,4.022262996876828,27.097486735707932
1279.218,1.5162336756014023,4.022628283646542,27.09061891247622
1284.031,1.5156634859786002,4.0235504919358736,27.08643135813413
1288.859,1.5176308301455548,4.023984591309794,27.093071559880876
1293.671,1.5135928725175933,4.024466987791252,27.08882222674217
1298.5,1.5155944342377339,4.025010703839064,27.083729797799858
1303.296,1.5148711633639915,4.025696549823838,27.087650430605787
1308.125,1.5165652929281013,4.0262790054440565,27.08747894752729
1312.953,1.5146982776732,4.026730900492981,27.079584351443035
1317.765,1.517089619974085,4.02756536849998,27.080457649711782
1322.593,1.5163827553590934,4.028136774228081,27.075281612927853
1327.437,1.5154563191691324,4.028698159522058,27.066372416793754
1332.312,1.5161567775107225,4.02919298739725,27.06040103198804
1337.14,1.5158702401022612,4.029716358237008,27.06384763686139
1341.984,1.5172423079789903,4.030527493383065,27.068606243269443
1346.859,1.5141182153133201,4.030895147564094,27.079911041319086
1351.687,1.5173188926652932,4.031403362791169,27.075447028097017
1356.515,1.5149368302040442,4.031830702601354,27.075255150803677
1361.343,1.514319203723922,4.032742359432404,27.07204005289095
1366.187,1.5136066960951635,4.033563186671531,27.061575153983412
1371.031,1.5143452519257212,4.033963040848238,27.073971719962135
1375.875,1.512813228942396,4.034582931116221,27.068662764905685
1380.812,1.516217388840297,4.035117404319307,27.075062298691225
1385.656,1.5158210420341862,4.035861215428109,27.081491129700826
1390.531,1.5150266448224972,4.036221506311414,27.073318101464803
1395.359,1.514219707931753,4.0371137102103045,27.077078948517215
1400.218,1.5150852207223076,4.037592934261332,27.081595963694614
1405.046,1.5178596127634967,4.037975337512964,27.07472841034838
1409.859,1.5133329749986442,4.038919844405019,27.07528208023952
1414.687,1.5157769572542665,4.039557303981527,27.07374344020846
1419.531,1.5153153878095735,4.0401779016146095,27.072115611096763
1424.453,1.5156466541237696,4.040687133718593,27.078619560881364
1429.375,1.5149667495663877,4.04111322164851,27.089122040643808
1434.265,1.5172397671327378,4.0418298471998755,27.08208728626597
1439.109,1.5154487680778757,4.042876146249672,27.083501889723763
1443.937,1.5135141124623717,4.043460247514079,27.071370349415268
1448.765,1.5161233809638908,4.043681885711608,27.07650520945208
1453.593,1.5145032943500603,4.044252393559096,27.071787651614116
1458.421,1.5162228161950562,4.045103589601761,27.074849341795098
1463.25,1.5167506326530957,4.045887903226059,27.076263989144703
1468.078,1.513869110332811,4.046722740600515,27.078932190651013
1472.906,1.5189358677497218,4.04678234896018,27.08160349521725
1477.734,1.5165318326471542,4.047786662660681,27.07238207386842
1482.578,1.5158900801165291,4.048233033983246,27.076220178127443
1487.437,1.5141959699464573,4.049035876752081,27.067360663923726
1492.281,1.5142389573256663,4.049696306978846,27.071897558177138
1497.109,1.5165606704617383,4.050260214053831,27.0756147925213
1502.046,1.5141086456855912,4.05088834220215,27.07622844852064
1506.953,1.5170326736369661,4.051505586084485,27.07785091079681
1511.843,1.5159076349374274,4.0518599135014,27.08235078378303
1516.671,1.5142937768115674,4.052907498551852,27.07164637007936
1521.484,1.512346882050223,4.053523273172773,27.076114446091363
1526.296,1.5206185612512086,4.053869318603096,27.074269778352033
1531.125,1.5154187939138162,4.054626406818278,27.079744375936375
1535.937,1.5130508499162096,4.055521281148328,27.08094723003225
1540.765,1.518093068518905,4.056285704793509,27.09432012813914
1545.593,1.5103852816594243,4.056506882407673,27.092271881838393
1550.406,1.5158759382972922,4.057385809215557,27.100457170426928
1555.234,1.5160097462779711,4.057977046992478,27.099661538642547
1560.062,1.5128910023919584,4.058629080498686,27.10750340187759
1564.875,1.5133120779919689,4.059580571659447,27.103271509280432
1569.781,1.5150652000160034,4.059872868187956,27.100442660805275
1574.656,1.5146771872088793,4.061164734405777,27.0939996822832
1579.546,1.5151128737734478,4.061716699294664,27.087990391996083
1584.406,1.516073398205519,4.06207969724617,27.094428757968434
1589.265,1.518080435642787,4.0624885131577155,27.0935951455907
1594.203,1.5229156123490215,4.063391327807276,27.09125937911372
1599.031,1.515604372324018,4.064087477452624,27.086150301091084
1603.984,1.5165630454746155,4.064548417140937,27.09701947216239
1608.859,1.5172738839473754,4.065436245066469,27.104914643734713
1613.781,1.515511891733092,4.066468173616567,27.113647701121614
1618.609,1.5218210361842268,4.067018665172619,27.117279393028525
1623.437,1.510974717353794,4.067773529135831,27.118370172784484
1628.25,1.5156059700544153,4.06844751468586,27.118929804298165
1633.078,1.5161433655862278,4.068961469016489,27.122876928904795
1637.921,1.5188876147119859,4.0698201976138515,27.120920211445117
1642.875,1.5163344065394837,4.070414202813893,27.12369882079512
1647.718,1.516310222125806,4.071028868350947,27.12384545890135
1652.562,1.517849226557338,4.071781409631782,27.120815181085735
1657.421,1.5123940384831878,4.072646354848242,27.12423284055256
1662.296,1.512621867230048,4.073330562022771,27.125641470112132
1667.14,1.5145753473420642,4.074043666003834,27.127886922871937
1672.0,1.5171041279395603,4.074839805863967,27.12227795635842
1676.906,1.5159456901902826,4.0751647448757495,27.128370509341824
1681.75,1.5182414824409836,4.076124822236582,27.127016199372626
1686.609,1.5140735097092115,4.0768359916872505,27.126181940172323
1691.421,1.5160530313058673,4.077464923125351,27.127000666497032
1696.25,1.5149217608612806,4.078342174880631,27.132306034200525
1701.093,1.5159252996978665,4.0792570927900496,27.140236212112853
1705.953,1.5170646308242182,4.079619201801561,27.141779023893612
1710.796,1.5179184293458887,4.080752398196576,27.149658254151117
1715.625,1.5171413947927292,4.081320232135191,27.151310409713545
1720.437,1.518204619252438,4.082111638822526,27.154091928698733
1725.265,1.5156714316178175,4.082659835882917,27.147834205523033
1730.109,1.5171351616737339,4.083427188419218,27.142448164147307
1734.937,1.5216882953860673,4.084209552536066,27.14662767592452
1739.765,1.5174796392179455,4.084911162670695,27.1624318559245
1744.578,1.516357870651423,4.085808925354598,27.15820333414557
1749.406,1.5153140733507533,4.086439324399056,27.15371060023639
1754.218,1.517168921548979,4.087298216019582,27.16099035377226
1759.046,1.5145394134781303,4.087656006046276,27.160038481021118
1763.875,1.5162711540022986,4.088809875887636,27.16104946987898
1768.687,1.5172082309621748,4.0895716167776675,27.173700787341105
1773.515,1.5134619077941665,4.090325176440267,27.164959240389017
1778.328,1.5158494236246438,4.090741160986558,27.171961522294847
1783.156,1.515437731551848,4.091816196279417,27.177402075851393
1788.0,1.516832510167044,4.092529444693383,27.1854137251947
1792.859,1.5156252058613704,4.093357756417338,27.18669175070685
1797.671,1.516589982602838,4.093931215645788,27.189083011390327
1802.5,1.5146552760726895,4.094290048306245,27.188570411914156
1807.328,1.5154364436686247,4.095479086619202,27.191224596418014
1812.14,1.51612027351921,4.096150878875677,27.204267189930064
1816.968,1.5150060263213931,4.096962304228884,27.20670778106107
1821.796,1.5157749954387065,4.0981154632272645,27.20054541720516
1826.609,1.5152655107367383,4.09868367159389,27.20050572211318
1831.421,1.5143944361853392,4.099238151884498,27.209390106649145
1836.25,1.5138942045106316,4.100016738875396,27.21372886635373
1841.062,1.5151252587926336,4.101033440805505,27.23010326142047
1845.875,1.5138972075073382,4.10168570327414,27.237627331620146
1850.718,1.518120054207159,4.102658492927475,27.24367887294481
1855.562,1.5179459976425855,4.103230434945692,27.257061863841614
1860.375,1.5160639872887076,4.104162761838539,27.247100993007717
1865.203,1.5165222051607614,4.104972927973832,27.2490762999375
1870.015,1.5146516049912497,4.105745622584416,27.272679352050087
1874.828,1.5163675013877425,4.106514086523462,27.271304898538062
1879.687,1.5161539411658396,4.107343770913707,27.27755282559963
1884.531,1.5152975547035874,4.108467904429848,27.275558437674697
1889.359,1.5159629389284581,4.109029822756476,27.275748198487182
1894.171,1.514218243635249,4.110095654194947,27.28499158527698
1898.984,1.5160945624424773,4.110674744347317,27.298160659867012
1903.796,1.5153236161445613,4.111442554029032,27.30379723278606
1908.609,1.5149401690184383,4.112241579233831,27.31244712459247
1913.421,1.5209893393372795,4.112847372584106,27.315293827134504
1918.25,1.5176122993194947,4.114048931396532,27.320565176703887
1923.078,1.5158201250527945,4.11481750678645,27.32045239696041
1927.89,1.518326682926468,4.115448489858307,27.311976217547635
1932.703,1.5155499618555424,4.116335460448244,27.320577232906935
1937.515,1.5165638257566116,4.117533007567496,27.3288216000286
1942.328,1.5171002478942417,4.117871042249731,27.332216643650536
1947.156,1.5164105182151557,4.119006512716818,27.328810535978008
1951.968,1.5159701678185633,4.119614234137596,27.340421520734726
1956.812,1.5142048577921556,4.1203766959499415,27.346295758515595
1961.656,1.5157719375068566,4.121143004027726,27.350603353724757
1966.484,1.5169849023142372,4.12207692776678,27.34983738442745
1971.296,1.5160682224485402,4.122930339707102,27.357995434050252
1976.125,1.5144424497673112,4.123822120662614,27.357551218562023
1980.937,1.51534022938332,4.124729156359563,27.361995306677898
1985.765,1.5158479778940352,4.125346728017548,27.361028683272853
1990.593,1.5165502115656928,4.126494505172655,27.368241372309935
1995.406,1.5137745025102285,4.127387291395308,27.371641245835935
2000.234,1.5152457454375354,4.128000414953667,27.38320518320171
2005.046,1.5176262653008343,4.128631336551501,27.397163719654085
2009.875,1.5153040989028839,4.129633603851701,27.40050022497973
2014.687,1.5195407843343,4.130355145130397,27.39381135759878
2019.5,1.5146630940870491,4.131316169053024,27.407480541196993
2024.343,1.5173211352742733,4.132207302566372,27.40260073577557
2029.187,1.513403197296101,4.133506407332073,27.412121625768105
2034.0,1.5148296951621876,4.133824700826497,27.418081380809344
2038.828,1.5127564726073146,4.134707491392865,27.42245583800817
2043.734,1.5143735843588464,4.135751846167966,27.426793562247244
2048.609,1.5148168886037114,4.136412813367485,27.426510315138366
2053.437,1.515999103527612,4.137318293217271,27.440173184479082
2058.265,1.5181726658402703,4.138099815254409,27.44788485886246
2063.093,1.515375286760614,4.138985277805823,27.444074349742582
2067.906,1.516533635906897,4.1397310000860745,27.44028904317108
2072.718,1.5180777036837627,4.140735204646105,27.45548081793773
2077.531,1.5165454038332669,4.14170688866829,27.468767651830934
2082.359,1.5189051799251614,4.142619097485136,27.471999662530564
2087.171,1.5149134795215904,4.143579674834482,27.4792684514005
2091.984,1.5169269713432632,4.1440982205525945,27.487394090520592
2096.812,1.5151510050040913,4.14464478878308,27.494264962419436
2101.687,1.5161491409096481,4.1457493555611045,27.499098152309276
2106.546,1.5179359194256306,4.146608857620648,27.5057314637664
2111.375,1.5137068256683504,4.147478007894765,27.51474278613306
2116.281,1.5160789109377943,4.148477316741348,27.517701849350658
2121.156,1.5172973985146896,4.149151583222938,27.511108567206463
2126.0,1.516348882742775,4.150052568603138,27.528269679478445
2130.812,1.5160758243072616,4.150789745935864,27.53015642568862
2135.625,1.5168430534694226,4.151918058807643,27.53770795456017
2140.437,1.5153180391507048,4.152551561732024,27.543847220882768
2145.25,1.5148221664066663,4.153114588116731,27.545788707867857
2150.093,1.5158919516821159,4.154290667428788,27.551482840003835
2154.906,1.513626335949152,4.154806023491161,27.56908620846114
2159.734,1.516664719117133,4.155910968720099,27.5791795455647
2164.546,1.5174581575031325,4.156770440584816,27.591117461439712
2169.359,1.5173519143832745,4.157601816467933,27.59874192195961
2174.171,1.5133628275085198,4.158471433789523,27.613845834787586
2178.984,1.5150938750199439,4.158908795170856,27.621810234239877
2183.812,1.514055054718077,4.160026448047073,27.630733831264248
2188.734,1.5166929649770933,4.160755315775153,27.6393801271969
2193.593,1.5148800692825604,4.161760776211107,27.640999611705123
2198.437,1.514339919565867,4.16232370280779,27.651213216551813
2203.25,1.5162061020020188,4.163309667040293,27.660622840368976
2208.062,1.5163306371578447,4.164074216036058,27.660751376945004
2212.89,1.514565080927055,4.164802676814125,27.66812007110108
2217.703,1.5191672421376512,4.165708665699363,27.677782131220443
2222.515,1.51540174845892,4.166410720605705,27.68501287801722
2227.359,1.5132320303117925,4.167175075329693,27.6945697007979
2232.171,1.5147013279365245,4.168192647258562,27.692467876644837
2237.0,1.5121350737976949,4.168936244613169,27.69381494339942
2241.812,1.5136741762106292,4.169663739025575,27.704135119367013
2246.625,1.5141215481881583,4.1703968857807,27.72117121536181
2251.437,1.5153013148026162,4.171132756341583,27.731754221766742
2256.25,1.5168971905160935,4.172125720802069,27.74308109166026
2261.062,1.5152205604680549,4.172817519351903,27.75343328938145
2265.89,1.5133161080502748,4.173901440949811,27.75492056933224
2270.703,1.5150526468321504,4.174385492440087,27.76903232143074
2275.515,1.5188757248800386,4.1754895873808096,27.784443153553323
2280.328,1.515256729204682,4.176031671682388,27.793731831404234
2285.171,1.5145306790750461,4.176746901385365,27.80070332982147
2289.984,1.5168496676475238,4.177538586340701,27.8125486634266
2294.796,1.517598579268853,4.178807079533478,27.827738558592994
2299.625,1.5168132557523233,4.179361040746678,27.83524472437866
2304.437,1.5180889933803683,4.179892143450392,27.840634632466294
2309.25,1.5173686143007121,4.180658998170183,27.8547958904735
2314.062,1.5150703923643074,4.181583963877771,27.865746119233172
2318.875,1.5173364142467098,4.182207745913232,27.869379492392607
2323.687,1.5141924628750336,4.1830668055039615,27.884604290525292
2328.531,1.5191042973579223,4.184110215195433,27.897903163323697
2333.343,1.5179376372889855,4.1846435141458596,27.899024724244466
2338.156,1.5165000534845499,4.185427700818905,27.918899148636108
2342.984,1.5169519703882957,4.186400993784673,27.926591632818194
2347.796,1.515401666211561,4.186909855340811,27.945137622706998
2352.609,1.5208095101819088,4.187797411782966,27.945316901783787
2357.421,1.5147596836906398,4.188538181449906,27.958151696824217
2362.234,1.515473102213704,4.189288353127235,27.967677039085622
2367.046,1.5165096461523222,4.189954762025366,27.98014367973767
2371.875,1.5159666321793523,4.19071725851768,27.99546912706709
2376.718,1.5159314472623493,4.191354473231655,28.019477461030053
2381.531,1.5176684058811358,4.192285786655408,28.028662922557707
2386.343,1.51459773487897,4.192905149890528,28.053133925177033
2391.156,1.5138115909793872,4.193919051136724,28.059010728696816
2395.968,1.51720949757263,4.194647170539103,28.06361946064218
2400.796,1.5150284405179597,4.1954467607560355,28.081094365637455
2405.609,1.5181453003231358,4.195902602413392,28.088197518890297
2410.421,1.5170948431241096,4.19690760657163,28.103529887871378
2415.234,1.5190978482334072,4.19764338885779,28.12144066487884
2420.093,1.5182987482446986,4.198047542177219,28.120008173415385
2424.968,1.5153988624658183,4.198904380537928,28.144536596386253
2429.843,1.5193044718659607,4.199469263872359,28.168390629736606
2434.703,1.5160943539336027,4.200081085484636,28.178560345042353
2439.89,1.486592691774871,4.198814865929076,28.20030721110978
2444.859,1.4853161666494512,4.199218235629801,28.21938627842359
2449.796,1.4860620010968144,4.199575141374206,28.234036220828294
2454.781,1.4776013395921095,4.1991298360924345,28.24730715040798
2459.718,1.4759838615199687,4.199785571869117,28.26848371128939
2464.703,1.4638727754565999,4.199434616063308,28.284269251249267
2469.656,1.4613208878923645,4.200017571193942,28.292414743408152
2474.64,1.4521334404052184,4.199392236924859,28.303535513361663
2479.562,1.4537796839424284,4.199940624280205,28.31653272581744
2484.578,1.4421256444308381,4.199368425785702,28.322275759142087
2489.5,1.4415164268747522,4.19965887219501,28.338159029741103
2494.484,1.433033203029255,4.1993974990193,28.352151419803974
2499.406,1.4286552253373244,4.199573114980645,28.365875430948858
2504.39,1.4170018523062007,4.199245767692445,28.37441604632725
2509.312,1.4170407590524137,4.199816106827578,28.391282427685006
2514.296,1.4178403652631348,4.200102313332378,28.405230504697165
2519.234,1.4130706590994317,4.200431581478375,28.41642155111705
2524.5,1.4136415593431053,4.201255759760314,28.431422991839586
2529.484,1.404243674506559,4.200636378724378,28.4484490667586
2534.468,1.3923793588211393,4.20018224446093,28.452618840357736
2539.437,1.3910471689374888,4.200411258583896,28.478329656673143
2544.437,1.393902807961435,4.200841135554569,28.489378038667546
2549.375,1.3807295813861287,4.20046917345525,28.48703945738674
2554.359,1.3706263694147327,4.200091309576482,28.495067279194796
2559.296,1.3719387968332883,4.20040871695628,28.511431040444435
2564.296,1.3676260712612565,4.2006706107570455,28.51260139621126
2569.234,1.3549851726492637,4.2005671874878905,28.52017136614621
2574.234,1.3462307761967718,4.200332722779754,28.535192775058785
2579.171,1.3449525406795961,4.200563161453923,28.547505419383214
2584.156,1.3378204803869767,4.19977881973279,28.56705045968577
2589.093,1.3352456871168867,4.200193767560408,28.56733581648254
2594.078,1.3342096886628787,4.200837675792777,28.57276181690883
2599.0,1.320997547863902,4.200412203138555,28.58150830209894
2603.984,1.3117500052809457,4.200093540413807,28.592007454538745
2609.0,1.3129832989085488,4.200078298888038,28.604576644604435
2613.984,1.3148911942512873,4.200430227815894,28.60242525774508
2618.906,1.3110170220067703,4.201139385631434,28.602591712138068
2623.89,1.3012270893581344,4.200448267660215,28.61793809409637
2628.828,1.2966696618174223,4.200956390048436,28.614829471262322
2633.812,1.2879436068635395,4.200505119539416,28.63213949259007
2638.75,1.2853772293971777,4.20124432787757,28.634041080805993
2643.734,1.2778479080272167,4.200854329080367,28.639124743633083
2648.703,1.269808272304564,4.200161922637787,28.637342288644568
2653.687,1.2638727302387187,4.200729489576509,28.630545309575965
2658.625,1.2524852484340578,4.200152035412952,28.640584013580536
2663.609,1.251783447279067,4.200562018415024,28.63439147503165
2668.546,1.2369736477440862,4.200372599484237,28.641077086714112
2673.515,1.2413253048548263,4.200872807224782,28.64747716351087
2678.5,1.2419142236972387,4.200752413891113,28.654971990269864
2683.843,1.2407953582749838,4.20144892235218,28.653212084862762
2688.921,1.2388276662546842,4.20206067116537,28.666481813702173
2694.031,1.2333891242725576,4.20177602369477,28.663596644226267
2699.531,1.2171331030778796,4.201624088108964,28.66546612598632
2704.703,1.2054071561655257,4.201169775752103,28.660737777154036
2709.875,1.1949289976602244,4.2007201970193,28.658866040464122
2715.156,1.1845328647939017,4.200244131389004,28.657258647263752
2720.421,1.1822413253015698,4.20046260283277,28.64562178952263
2725.593,1.1714216682730159,4.200334445741053,28.643926375548908
2730.75,1.17383359198687,4.2006403442166915,28.65323241334665
2736.0,1.1598216689277683,4.200430537671431,28.647747714562254
2741.234,1.1611379637295929,4.2008679033237115,28.640794359497438
2746.406,1.1593241471325622,4.2011967077369645,28.645025832852248
2751.578,1.156520249183275,4.2020317666305536,28.650940629273475
2756.75,1.1370785914490624,4.200833286949843,28.643855438817305
2761.984,1.1348450439031337,4.201458689174637,28.644027525417236
2767.234,1.1245409438968887,4.200491075383234,28.63790677509699
2772.406,1.1233257081484187,4.201261991477998,28.63666839733338
2777.562,1.1222952113041502,4.20185735747226,28.630162155398363
2782.812,1.1157434630351146,4.201356302449106,28.623936829759906
2788.078,1.1109595607422869,4.2018889941394235,28.6143001598703
2793.25,1.1011928682218497,4.201868825887059,28.602575062997634
2798.421,1.0914815370661244,4.201688615282965,28.606006158413713
2803.656,1.0835037203050715,4.201145267835106,28.596681605883543
2808.906,1.0816179418275342,4.201403766396872,28.591894708435227
2814.078,1.0801446404210564,4.202111785562924,28.57694013270652
2819.296,1.067036206400307,4.201807746221428,28.57596713166893
2824.578,1.0554035821291001,4.201283935753805,28.565817767331005
2829.828,1.0561400610662752,4.201949469264062,28.574597617111653
2835.078,1.0463556737407749,4.2016271932679885,28.559783700193503
2840.312,1.0307931662908514,4.201416160878697,28.555746430085154
2845.484,1.030172888630758,4.202110501985009,28.542266707773198
2850.656,1.0246274149860306,4.201499150674674,28.528254464275346
2855.937,1.0189505256458464,4.2016390930941965,28.527793893518332
2861.203,1.0100991999107238,4.2018204945937105,28.509203689267185
2866.359,1.0083408639633367,4.202112890843156,28.503315723696794
2871.531,1.003804850621609,4.202312372341812,28.489667336152785
2876.781,1.004274955722358,4.202967487934981,28.473719610673825
2882.0,0.9973825773979333,4.202961563431458,28.45136214245886
2887.187,0.986340828103738,4.202361985950335,28.45124641257427
2892.343,0.9822819440364712,4.202859330441318,28.447980172542138
2897.515,0.9717336492735723,4.202390488876823,28.438799681696025
2902.765,0.9594391938202592,4.202135621214727,28.421356839065584
2908.0,0.9529397915646354,4.2018180085087735,28.412480208462373
2913.171,0.9308884442971355,4.200461708076769,28.395532524677236
2918.343,0.9304180050308806,4.200627600553938,28.38591556335459
2923.578,0.9306726770444046,4.200805859701556,28.37348035048595
2928.812,0.9256903757254092,4.201271716411185,28.360781656072017
2934.062,0.9292447282862206,4.201957342521204,28.33587659130614
2939.312,0.9265819212585896,4.202155070275801,28.32780236135878
2944.546,0.926319506293243,4.202496496069881,28.30692539834834
2949.718,0.9270749776167522,4.202843820782764,28.30229611720966
2954.89,0.9146916249180905,4.202913407215046,28.298716930578244
2960.062,0.8946361411433074,4.201560100459841,28.278605715078815
2965.296,0.8828060811653202,4.201052256034654,28.27079941313512
2970.546,0.8736598949866816,4.200151265590459,28.259598367953537
2975.718,0.862562314414617,4.199672078841839,28.239730161679454
2980.89,0.8638311603689283,4.200119329251763,28.229910497064186
2986.125,0.8609696427667595,4.200305057597641,28.222597878516698
2991.359,0.8619835326506857,4.200819802835968,28.204382209424615
2996.609,0.8620953389176003,4.201197807671579,28.18228050918342
3001.859,0.8587287104800997,4.201368756748335,28.166683041993355
3007.109,0.8638346532313352,4.201683767504342,28.15205852798221
3012.296,0.8572643835031877,4.202174252026644,28.139168191700307
3017.468,0.8558209564049798,4.2024861065542245,28.1155469131215
3022.703,0.8549903752180175,4.203141234641119,28.111546960504818
3027.953,0.8374411450691334,4.20175987512684,28.093325444692557
3033.125,0.8224170918502537,4.201352950766958,28.089947713152814
3038.281,0.815055791349169,4.200701279152296,28.077085898333582
3043.531,0.8030596403718927,4.200075548778505,28.059206595718987
3048.765,0.8077829456923313,4.200310150505317,28.039798328989924
3054.015,0.8026699657859544,4.200370597939343,28.014310003994563
3059.25,0.7916228802859352,4.199887924145569,27.996315329421726
3064.5,0.7833831608671254,4.19931889695817,27.980863335547095
3069.703,0.7715175913965837,4.198668420030993,27.971115114541004
3074.937,0.7640365715287696,4.19797314628481,27.960032110359386
3080.203,0.7639976006634913,4.1982045010885845,27.948585419635634
3085.453,0.7631526397947194,4.198423302741645,27.925045192704737
3090.718,0.7625517175535136,4.19845233766479,27.922785157432894
3095.968,0.7603760683806178,4.198822993736993,27.902507985596063
3101.125,0.7527863541564557,4.198062775584076,27.892829091300396
3106.39,0.7413868412980555,4.19752172770779,27.864927748113704
3111.625,0.7389030695734199,4.197595395279668,27.850285361490947
3116.812,0.7451371826518637,4.197576552473234,27.819914935989182
3122.109,0.739750200254165,4.197973753909897,27.805668256249064
3127.312,0.7397283353084638,4.198525853471207,27.792302315780557
3132.484,0.7354259309099606,4.198126282790865,27.77109828504368
3137.734,0.737767313451873,4.198893644409843,27.756643985031296
3142.968,0.7278396992409948,4.197985803718425,27.73708897852607
3148.14,0.718954667646048,4.197405946009682,27.722414294125375
3153.312,0.7161388886623223,4.197538316541883,27.702103510910298
3158.562,0.7161522075093653,4.1977635269690925,27.68567730901477
3163.796,0.7170336249019225,4.197897665002423,27.659279792523037
3168.968,0.7138427331011562,4.198287570220629,27.653668376927556
3174.14,0.7153900539068697,4.198253143368352,27.634079548887158
3179.39,0.7145481258026641,4.198670337615003,27.6115853267943
3184.625,0.7045537156099656,4.19816300385098,27.60063680868015
3189.812,0.7067083403581653,4.1982690819099355,27.571241004517372
3194.984,0.7048621081054968,4.198186723888229,27.553581618703486
3200.218,0.7006881227251711,4.199054172375362,27.548363154966523
3205.468,0.6938087732203045,4.198376441310796,27.527892510559187
3210.64,0.6821242137702945,4.197415008367218,27.51622497335408
3215.812,0.6839646665548883,4.197614269587833,27.495528057848833
3221.078,0.6820428782073421,4.19772623279655,27.48276023704828
3226.312,0.6843294462456734,4.197723497668613,27.456003644082056
3231.5,0.6821967010831973,4.198120304642297,27.438236520491095
3236.734,0.6801899014650485,4.198318854275817,27.415516295079765
3241.984,0.6824002938464978,4.198477616411311,27.402535406852923
3247.171,0.6810306228066979,4.198753799454553,27.386613906453817
3252.421,0.6697991812942022,4.198355160543036,27.356049475983664
3257.656,0.6603935089372878,4.197462849498667,27.3437898561298
3262.843,0.6596140954675304,4.1974441562042095,27.33687006088065
3268.093,0.6606002970981764,4.197683456013718,27.31136848645654
3273.343,0.6575481093212183,4.197878002495388,27.307241224047267
3278.515,0.6591798538298375,4.198033465521011,27.294171087662967
3283.687,0.6576548533762164,4.19816349700851,27.280469406045366
3288.937,0.6590412580866646,4.198393477767053,27.25809357756383
3294.203,0.653196916474192,4.198554478503292,27.24727502204745
3299.406,0.6465544949893581,4.1982477913993765,27.235023357341007
3304.656,0.6413063830880824,4.1985205118493365,27.231374924332005
3309.89,0.6437072648098505,4.198275530573308,27.20482563813899
3315.078,0.6450840919786845,4.198483873822526,27.187131002197603
3320.312,0.6422538707612955,4.198861586805448,27.169513808900366
3325.562,0.6364813996809008,4.198283387077067,27.148422617945428
3330.734,0.6370404412630142,4.198360135606042,27.1234721478213
3335.906,0.6355815689002325,4.19839046850193,27.110325520620204
3341.156,0.6319460630834374,4.198723224274513,27.09494104791935
3346.39,0.6248531637641627,4.1977775242943425,27.068902997277853
3351.562,0.6247631520983825,4.197864717377424,27.05836505543535
3356.734,0.6219693905525895,4.198309253582884,27.050808812601666
3361.968,0.6267375574959902,4.198369035647138,27.024879281178322
3367.203,0.6227714662384994,4.198475283571568,27.017412162158422
3372.453,0.6216271495745749,4.198483337004006,26.998065040047372
3377.703,0.6201985441614318,4.199043265257243,26.971148891238126
3382.937,0.6109368136214566,4.1981088361564165,26.96074578934517
3388.125,0.6136254248669206,4.1981956231182345,26.951429347393145
3393.375,0.612217976514615,4.198392047361783,26.93391875971457
3398.625,0.6067992813026565,4.198685000373538,26.9239642125996
3403.781,0.5998435868524946,4.197770505800504,26.907693933987915
3408.953,0.6005692904444144,4.19823871321227,26.884387056357195
3414.187,0.6027085761316697,4.198376211346517,26.867455057913435
3419.437,0.602876313197894,4.198536682440169,26.849887633326862
3424.609,0.5992917181435092,4.198477093853922,26.833324200335316
3429.796,0.599198778158731,4.198758146501998,26.817561513377346
3435.031,0.5890083500043737,4.197987988362875,26.78937375065909
3440.265,0.5896946199407777,4.1982143583574745,26.779405990115883
3445.437,0.5897376946931958,4.198311925344744,26.76371914346645
3450.609,0.5886678281435557,4.198472914124639,26.75534647805546
3455.859,0.5897208021958501,4.198491674279196,26.72538041839813
3461.093,0.5908711609890721,4.1987137969923385,26.70638614890737
3466.265,0.5881043021223502,4.198830260049222,26.699809431982256
3471.468,0.5852824675228746,4.199242122949087,26.67909228745174
3476.687,0.5842849682476152,4.199266139279128,26.65809012779902
3481.89,0.5880539512108168,4.199649357519462,26.646331335627696
3487.062,0.5795097615684701,4.1986618977160575,26.628937451440205
3492.312,0.5671916013395536,4.197873311399195,26.621954569616662
3497.546,0.5674185785997347,4.19819855526502,26.607414478709995
3502.734,0.5640188936427349,4.198085307274824,26.594221233808373
3507.968,0.5633575783554224,4.198470088367274,26.57418647002013
3513.203,0.5659899491336022,4.198473659712064,26.566248583778087
3518.39,0.565885646941045,4.198813103863946,26.548291323424465
3523.656,0.5550573580779966,4.1977929431909455,26.53927486132344
3528.906,0.5549475964629681,4.1978208842563145,26.510460520904182
3534.093,0.5544271477302892,4.198216461368662,26.501750099673636
3539.328,0.5579866452820503,4.1980807993744,26.48627294609098
3544.578,0.5505447803191734,4.198883670469713,26.472750070538535
3549.734,0.541759032495685,4.1980253726875985,26.455307411324853
3554.906,0.5433422090828016,4.197837138103448,26.44643326222026
3560.156,0.5424785952003854,4.197749777843351,26.434538632957256
3565.39,0.5462676410113185,4.19796698172828,26.424567898543206
3570.562,0.543136184244698,4.198182649396678,26.411438422473623
3575.812,0.5461573788982734,4.198378909339644,26.401433402353337
3581.062,0.5453164638183082,4.198813773529767,26.390885566152928
3586.234,0.529876467826203,4.197619170448486,26.380589543058996
3591.406,0.5344971866345624,4.197977838131022,26.374914144905407
3596.64,0.5321031330787093,4.198082200726442,26.36758407446824
3601.89,0.532666448013587,4.198191217299517,26.35944815898287
3607.062,0.5375930638228384,4.198145939258874,26.350896065278462
3612.328,0.5327165961822993,4.198555464073938,26.330950421833176
3617.609,0.531468153688328,4.1982919333488,26.313138502826003
3622.781,0.532537822186179,4.198671473579192,26.301285840183176
3628.015,0.5297809411010825,4.19876032124509,26.288835531760295
3633.265,0.5276051324313529,4.199368128969161,26.277392302413602
3638.437,0.5280691956452904,4.19918075824535,26.263142380161018
3643.703,0.5280636903025929,4.199386496084285,26.248394823832133
3648.953,0.5279626479858756,4.199803216303436,26.225273048019776
3654.125,0.517254527982453,4.19861335005421,26.214546808998822
3659.281,0.5102401007931547,4.198155253217973,26.209339966829546
3664.531,0.508484246153939,4.198305182188643,26.200251564144715
3669.765,0.5079583128099933,4.198217445687649,26.181549801361886
3674.937,0.5066384442118601,4.1982733055732915,26.16618107257657
3680.187,0.5075630510572285,4.198639751398806,26.15560340934739
3685.437,0.5073754625053559,4.198645863993694,26.139533694990817
3690.625,0.5055873009419745,4.198770712348552,26.133046330178647
3695.859,0.5039474674702594,4.19910243905938,26.115821563012975
3701.093,0.503815762651342,4.1991281964276315,26.094012831981495
3706.281,0.5086159744533648,4.198986519756522,26.083236983428506
3711.531,0.5073666783950594,4.199383653424501,26.083281770021788
3716.781,0.5043539232052767,4.199626806438833,26.07035662901324
3721.953,0.4952856441191944,4.198483594508425,26.063748933411325
3727.203,0.4937778099545572,4.199106791044614,26.05066737182214
3732.453,0.48983120472197306,4.197669231220382,26.041361563627255
3737.656,0.48202913019317084,4.198657793363243,26.03743812388119
3742.89,0.4869036137778048,4.19829037202259,26.025389371032155
3748.14,0.48843179649890545,4.198223850708251,26.014474955419505
3753.328,0.4860827963815246,4.198802404208997,26.00328064319876
3758.562,0.4834031767943479,4.198936291639159,25.978093806606374
3763.812,0.4823225639454026,4.1986383673632615,25.97655574041228
3769.015,0.4840529390743735,4.199012169943745,25.955922334649323
3774.265,0.48582649122436355,4.19915182830238,25.9515230682379
3779.515,0.47966152962935993,4.199277473389425,25.94642198941588
3784.703,0.48358654664369577,4.199309413578076,25.937718850723208
3789.953,0.4826093899070682,4.199437376852799,25.925111109035228
3795.203,0.48597158408398244,4.199564712869792,25.92327921657565
3800.39,0.46815791444626065,4.198906547575393,25.91211729825063
3805.625,0.46990568132115723,4.198940744907536,25.898196291184547
3810.875,0.47207922278188724,4.1990299201074555,25.88628762494598
3816.046,0.47063167788190824,4.199517940077557,25.872106384953607
3821.218,0.46615779545340436,4.199512171790918,25.870402753050445
3826.453,0.47022591875296865,4.199670266617854,25.85806493268216
3831.703,0.4583379597530891,4.199050338332887,25.84962586834789
3836.875,0.45811536200923847,4.199226243266404,25.84983356403133
3842.046,0.4625472899557515,4.198899821486707,25.840717510021648
3847.296,0.46118472221226087,4.199213671787119,25.836851469715484
3852.531,0.4599601737721613,4.199185984430659,25.838340869927354
3857.718,0.4571669007923673,4.199543744697459,25.823921049622527
3862.953,0.4586400907177028,4.199593884778169,25.811301208661067
3868.203,0.44932233355252227,4.198902379236319,25.805309676383825
3873.39,0.4472809318728229,4.198851832869414,25.796948228513617
3878.656,0.44809322114905814,4.199199879403236,25.78968059638453
3883.906,0.447806359299287,4.199293039827344,25.78522905386075
3889.078,0.4504541166705997,4.1987814713119676,25.76706807775372
3894.312,0.44848578185628885,4.199256985142271,25.757361743312902
3899.562,0.44560558486116514,4.199364819644506,25.750420013937003
3904.734,0.4487945843542385,4.199648611328192,25.734586846570405
3910.0,0.439750846215675,4.198801246662277,25.726876001743896
3915.234,0.42826818029195907,4.197819195225639,25.716999460766203
3920.421,0.42873861089340987,4.197999680503412,25.699914522509886
3925.64,0.42566309062787866,4.1980719994219005,25.69809360469283
3930.89,0.4267134920641524,4.198172925981454,25.685568732616414
3936.062,0.4247018330296111,4.198280769385136,25.676479858197848
3941.296,0.4282769157752989,4.198281460471817,25.671908252265382
3946.546,0.423213470151324,4.19882470445613,25.64778892527476
3951.718,0.42582539442296863,4.198514963739173,25.653901068184286
3956.953,0.42622526375440484,4.198459476699088,25.63969234083413
3962.203,0.42471911232701104,4.198574085479982,25.634180661806514
3967.375,0.42569646778296155,4.198859732653399,25.62136749472943
3972.609,0.4236145959557489,4.199056900795601,25.6138870949403
3977.859,0.4241009839299597,4.199088350939132,25.6071351439127
3983.031,0.42236982742301504,4.199674566562903,25.59428624378387
3988.281,0.413516005184234,4.198423151584562,25.58630869920641
3993.515,0.41668615734384723,4.198564581544658,25.588680216315087
3998.703,0.4148183119894198,4.198658268104438,25.575594691051407
4003.953,0.41079999906052106,4.198829687927373,25.571013554252318
4009.203,0.41127668109745774,4.198998625780249,25.554500406455556
4014.375,0.4114683892492391,4.198879841684541,25.553999905393372
4019.625,0.41415819569168266,4.1992304224892125,25.546046390398004
4024.859,0.41402481835224975,4.199472343364566,25.532535318062692
4030.046,0.4159552655415345,4.19915330003199,25.52312848544055
4035.296,0.4125254452156126,4.199563531758068,25.518264336564652
4040.546,0.40162028553861856,4.198644582662739,25.502631414435267
4045.734,0.40156263581082163,4.198783459418641,25.495329292801166
4050.968,0.4011683023897285,4.199112459126919,25.485239769481534
4056.234,0.4039328615055184,4.199059237606717,25.478977262079916
4061.406,0.4042968213294992,4.199059257205889,25.465690277249386
4066.687,0.4038065873147189,4.198912545403931,25.461344480007664
4071.953,0.4023410320880724,4.19928203393901,25.44710407257259
4077.203,0.4020873964596365,4.199623538891134,25.441633159159124
4082.453,0.39097655790527036,4.198843290767905,25.433578277235114
4087.718,0.3908612030857036,4.198407114129257,25.421617902501474
4092.968,0.3936687544366692,4.198825765308287,25.421786835221564
4098.25,0.38731021216204464,4.198947424894115,25.41301022115613
4103.531,0.39316884051335,4.198513895262413,25.412122087777735
4108.765,0.3916954600440047,4.199239741073279,25.40587296351189
4114.046,0.3871842219287325,4.199566365858016,25.40079152816224
4119.281,0.37888276666071474,4.198569876105319,25.39927980934201
4124.546,0.3781574702724538,4.1985669714912826,25.388480620456193
4129.828,0.37679182225022184,4.198696709063386,25.383593240725446
4135.109,0.3814780434815532,4.198538212324429,25.373790803743496
4140.359,0.3797759112133267,4.198584071395075,25.371148614979514
4145.593,0.3802590325536815,4.198863550297724,25.363236969777788
4150.828,0.3777160351583915,4.199127608437496,25.35331175130354
4156.078,0.3776183647280484,4.199166695455099,25.344721707461595
4161.265,0.37613019427558847,4.199016000509405,25.343105397211975
4166.5,0.3826471087951173,4.198979882323659,25.323464743604326
4171.75,0.374963734388557,4.199411394960531,25.316800023021024
4176.937,0.38124995478094653,4.198909049912243,25.303625088681578
4182.171,0.3784882353841331,4.199650174468214,25.296651058712918
4187.421,0.37047874764149197,4.1989938380383665,25.291783509448084
4192.593,0.3748489899990011,4.198838052503925,25.281395654276018
4197.843,0.3702452567268575,4.1988092740799745,25.281010847943985
4203.093,0.36784594531553005,4.199073164293033,25.270419278069525
4208.281,0.3698764748685771,4.198823949971577,25.263770382817984
4213.515,0.3675652114943827,4.199246456113568,25.272176083236634
4218.765,0.3677881516007746,4.199389238187482,25.265738512570216
4223.953,0.36779077513716035,4.199411394876795,25.2561930293341
4229.203,0.3696174883316623,4.199479765291259,25.24319238825896
4234.468,0.3671782109971017,4.199651713026639,25.237272736526393
4239.703,0.3578436097847396,4.19876257091144,25.228573605699278
4245.0,0.357667497130979,4.198750352511633,25.226408649316678
4250.234,0.35550950300602485,4.198757273783022,25.214576134129523
4255.5,0.35601311769100263,4.198900258719409,25.2156357463324
4260.687,0.3556917120580851,4.1990090072783905,25.201723987394658
4265.937,0.35327989594495207,4.199332423016553,25.18691894904845
4271.187,0.35514363797702403,4.199268796931987,25.18559054088224
4276.375,0.35515271106644897,4.199063475968676,25.17924900310543
4281.625,0.3557472848034222,4.199517619257585,25.16762583089805
4286.875,0.35963505189739553,4.199564427043338,25.17021676326076
4292.062,0.35828104938489824,4.199407189643515,25.15088642655846
4297.312,0.35591532459972375,4.200031684424984,25.140855429840823
4302.562,0.36176279108196097,4.199316812169133,25.12551351229291
4307.734,0.35392534350162247,4.199742257570714,25.121359229365364
4313.0,0.3519365969507576,4.200331481522435,25.118010712521066
4318.25,0.3556867573799299,4.200188881921738,25.122782334656787
4323.437,0.34985687296540335,4.200956063675817,25.102979202889024
4328.671,0.3449858537006618,4.199306525301199,25.100392345650118
4333.921,0.3449547912863244,4.199417180579675,25.10053105909676
4339.109,0.3480135419083511,4.199561488697493,25.088319309890043
4344.359,0.33133400771367066,4.198950839973466,25.088194100568305
4349.609,0.33597590041105657,4.199078365158149,25.08352164257218
4354.796,0.33339524279880867,4.198811164564905,25.066345089140977
4360.031,0.33339716950511816,4.198895901250045,25.05966947546224
4365.281,0.33444046261485616,4.199001816283453,25.05376073547129
4370.468,0.33171620716088157,4.199149689318945,25.043440552765514
4375.718,0.3330423832793818,4.199141193979597,25.030999405580932
4380.968,0.33263936573347835,4.199191371917995,25.03919444837989
4386.156,0.32901847855105093,4.1992942357650405,25.031232761569594
4391.406,0.33151067713015614,4.19907679957452,25.025411311852945
4396.64,0.32971010349095714,4.19950024055262,25.021945379643903
4401.828,0.3314458389564359,4.199641086415833,25.008974004015855
4407.093,0.331761159606062,4.199720132988646,25.005520596109335
4412.328,0.32993681396328634,4.199697039405288,24.99774296787482
4417.625,0.33553082533691875,4.19956569069038,24.993301520475928
4422.859,0.33069083056207615,4.199968428740837,24.98355916948989
4428.14,0.3302520873560351,4.20006947086694,24.976209830478247
4433.406,0.33331438749717573,4.1999970535733,24.966253423115088
4438.64,0.3308901191803565,4.200053630001784,24.952413524315585
4443.89,0.3316599466437951,4.200284981360575,24.948517293065212
4449.078,0.32983050744000614,4.20030111675254,24.94318749210668
4454.328,0.3316809732774988,4.20034102624058,24.94447364305486
4459.562,0.32940970005224907,4.201034573038213,24.926166903090014
4464.765,0.3196492263470855,4.199944792382244,24.905066559590754
4470.015,0.3107774826531535,4.199085309144577,24.914572450663833
4475.265,0.31710275290756057,4.198935633681258,24.913465943012643
4480.453,0.3086776970685555,4.199016948921015,24.910086191864963
4485.687,0.31050351553599653,4.199303038714777,24.904967434709242
4490.921,0.3106496933210859,4.199274225736382,24.89527890140098
4496.109,0.3114092491651657,4.198803261648181,24.901073678010274
4501.359,0.3074287256770828,4.19917373019247,24.891634480222287
4506.609,0.30738890019836135,4.199261230508772,24.88021650085602
4511.796,0.30750963205509685,4.199060604287015,24.877605671265922
4517.031,0.3066122304834966,4.199501791843495,24.880399930610675
4522.265,0.3092603875293992,4.199442266375679,24.87139294919958
4527.437,0.30567629251403194,4.199495548642539,24.86674800029374
4532.609,0.30848891107747833,4.1997647992521205,24.847348804315484
4537.843,0.29851663158068703,4.198723027973654,24.850969630154996
4543.093,0.2966905850588499,4.19913366974971,24.839227411099813
4548.265,0.29545550265003073,4.199008402374443,24.830514831738377
4553.515,0.30083926993994,4.199047724112055,24.81248078564868
4558.75,0.29793197309430425,4.199030815198451,24.808051919884704
4563.921,0.29954989281864985,4.1990792641443395,24.802517381045217
4569.093,0.29630873497778093,4.199425203770086,24.79436482340211
4574.328,0.2984634187254941,4.1991366796189205,24.790994529895407
4579.578,0.2948767641511196,4.19930120456618,24.774720674019193
4584.781,0.3003990758259418,4.1991840529048226,24.774944234325687
4590.046,0.2973924773802843,4.199124116314311,24.76984212088148
4595.281,0.2928804133692869,4.1995916741167765,24.76696137639058
4600.468,0.2981774645701521,4.199523949318453,24.758377215641527
4605.703,0.298902134766931,4.199528044837595,24.77126241665746
4610.937,0.2976156274979136,4.199612414208735,24.75077320259881
4616.125,0.2970827636629745,4.199782578354,24.74468464405025
4621.39,0.29785709295489016,4.199826428716217,24.736148067441576
4626.64,0.2972085712689551,4.200136069882331,24.73698115963405
4631.828,0.29514814705639775,4.20009812645117,24.72630819496638
4637.078,0.29515685323881025,4.200233348827037,24.72366769806254
4642.296,0.29421299393054307,4.200405921258281,24.713906351567758
4647.468,0.2969962908757517,4.200290531812879,24.706881800301133
4652.703,0.29390010362766816,4.200414630832445,24.703590514795053
4657.953,0.2952868046980835,4.2007964269135085,24.698629683440185
4663.14,0.28527150084261704,4.1998515699140135,24.686931057351917
4668.375,0.27357009565088564,4.199081832306312,24.677655573526852
4673.625,0.2780874357147908,4.1988976902610675,24.67380740338345
4678.812,0.2744708359848627,4.198713280400126,24.673553265052995
4684.078,0.27486025203493725,4.199035902424753,24.676463742021586
4689.312,0.2759374713461815,4.19894421286391,24.672163653139823
4694.5,0.2764379614316039,4.199000176288814,24.660560905023974
4699.734,0.27169705640817243,4.1989768217685155,24.654517841709907
4704.968,0.2761269317245518,4.198792354083403,24.652178224132822
4710.14,0.27836355029624177,4.1990839764351655,24.63987076137594
4715.39,0.2747127440163534,4.199243560731435,24.64060510540061
4720.625,0.27733327789215095,4.199161379312184,24.62984696011589
4725.812,0.2763665700285777,4.198983679409045,24.629836225735687
4731.078,0.27572674969432515,4.199572801278884,24.632849335024897
4736.281,0.27564826325691244,4.1993642538898035,24.618447183030895
4741.453,0.27522240155481764,4.199626250762579,24.616453137854748
4746.703,0.2758427304011703,4.199463152736562,24.611999183106995
4751.937,0.2728815710470957,4.199510679975437,24.604748298905754
4757.125,0.2715356897717295,4.1995768412656425,24.60018330705636
4762.375,0.27224788418168794,4.19972821199946,24.59447669227222
4767.609,0.2728469968181892,4.199845586789151,24.58750718975795
4772.781,0.2703721797031249,4.199968102322116,24.588719078250023
4778.015,0.27305886932866424,4.2000593540543205,24.588126929065034
4783.265,0.27297161764355415,4.200291468723168,24.586075305906647
4788.453,0.2708897047027341,4.200221057400262,24.58481725741471
4793.687,0.27447797827415915,4.200250237135143,24.586028397213806
4798.921,0.2712632387077931,4.200205738959355,24.57678793365071
4804.109,0.2746045285762804,4.200588904664828,24.576545441334765
4809.328,0.2604447435214213,4.199719936220314,24.567535411914704
4814.562,0.25438835406152654,4.198841019678551,24.569840946471
4819.781,0.25236957644465813,4.198819368440213,24.557202158030194
4824.937,0.25072713570489763,4.198736892743967,24.5489401185189
4830.109,0.2533806307768072,4.1986567737570715,24.542927293826786
4835.343,0.2531760682950054,4.198664567299135,24.53599644342134
4840.593,0.25294867930194864,4.198914633401711,24.526277491083068
4845.781,0.25392677299036903,4.198908124394718,24.523610806221207
4850.953,0.2558976512449596,4.199020924480497,24.527790781738442
4856.187,0.24814348427945737,4.199026496312746,24.512835131698104
4861.421,0.24992920950690412,4.198716605905807,24.509694219200057
4866.593,0.2517455776265152,4.198664967724939,24.51754903942339
4871.75,0.2520147102332007,4.198960822123573,24.510114041021552
4876.984,0.25268445539097484,4.198842152307999,24.50804942109249
4882.203,0.24970000550531163,4.199135946143003,24.51204298639726
4887.421,0.2532106620499924,4.199344046151814,24.504692172586594
4892.593,0.2518245656059447,4.199003231535331,24.49091227293679
4897.765,0.253017963409724,4.1992062889927935,24.495069439550914
4903.0,0.2517577569041346,4.199333003320371,24.48485229184811
4908.234,0.25139545803663255,4.199583274825759,24.478911236813627
4913.406,0.24936138266271854,4.199744257348436,24.485061242506934
4918.578,0.24907727552256595,4.199734817166674,24.469987889348666
4923.812,0.2473361584778152,4.199833724201471,24.466829044528726
4929.062,0.250242305305613,4.199561104748152,24.455761746200736
4934.234,0.25193546946165546,4.199926324257681,24.457572541050208
4939.39,0.248859617792875,4.200050283105305,24.4573343671211
4944.562,0.24923345163438038,4.200000798097225,24.447695264819686
4949.796,0.2501345716391962,4.199977644456533,24.43753761511837
4955.046,0.2510251112545758,4.199837676150232,24.440273386213057
4960.218,0.24855077518798627,4.200269232665407,24.433151330278527
4965.39,0.24638032375889574,4.2003719474439,24.43413223335373
4970.609,0.24964350391200624,4.200618303249409,24.422611017252446
4975.843,0.23779994969679555,4.199605707618684,24.41592642215525
4981.031,0.2391628825221836,4.1998120872949185,24.413129892816688
4986.25,0.2389414532422019,4.199796157392746,24.415997864629077
4991.484,0.24132534768140992,4.199621930158203,24.41134802851337
4996.687,0.24261226976463648,4.1999694627912,24.414683394136436
5001.859,0.23855041258329768,4.199728592480069,24.406487284609977
5007.093,0.23886151172445527,4.1997381745694335,24.397820267094794
5012.328,0.2404835917278459,4.199686851432669,24.40784280649472
5017.5,0.23885668516580394,4.199613793736412,24.40348539898866
5022.671,0.2381594912201243,4.199891348992976,24.404686984594353
5027.906,0.2360741540446004,4.199923086241181,24.38939770784053
5033.14,0.23727892836569292,4.1999070613555975,24.389128594817986
5038.312,0.23641736368341917,4.199976167262272,24.385093711784865
5043.546,0.23719936879859024,4.200265726719865,24.376413925783886
5048.796,0.2368565871372948,4.200428037390279,24.374077986243567
5053.968,0.23976324332262225,4.200620773948845,24.368476394816227
5059.203,0.2258181645527914,4.199569225911537,24.357640631953327
5064.453,0.22901226802620067,4.199515717957525,24.365810344244952
5069.625,0.22740382539421036,4.199496744280323,24.35861294349645
5074.781,0.22868159512897382,4.19959655426798,24.350127581996453
5080.0,0.22857561945280028,4.199638248298592,24.342620206749185
5085.234,0.22531202958356364,4.1996813035653675,24.344963651396714
5090.437,0.22754727667811225,4.199860812239385,24.33664178943794
5095.609,0.22611798596747082,4.199504807906062,24.331891996933795
5100.765,0.22483852288155798,4.200025344827528,24.33635226687863
5106.0,0.22472613934388427,4.2001489293060095,24.32429353713363
5111.234,0.22503265298562472,4.200023949322752,24.324587557739008
5116.421,0.22288540356650394,4.19998144022828,24.308237513769058
5121.578,0.2273724136085067,4.19997240694719,24.31105633163403
5126.796,0.22420555693923686,4.200142793017336,24.30953904524327
5132.031,0.22758076592748502,4.200106757607453,24.303103326266754
5137.203,0.22449106812622563,4.2001643255160275,24.288721542638367
5142.375,0.2249063533949513,4.200494105599103,24.29831337881507
5147.609,0.2245853993430732,4.200465366466343,24.298144293482185
5152.843,0.22578073950011424,4.200459337853016,24.291338374456963
5158.015,0.22391728535802052,4.200651586645704,24.294106204741702
5163.187,0.21490601900940742,4.199702489382652,24.290193931582017
5168.406,0.2150419949747715,4.199587445125761,24.290200168748534
5173.64,0.21765458849706784,4.199590197572909,24.277243056491578
5178.843,0.21680620484783564,4.1998528099844235,24.275332999630592
5184.078,0.216131181131119,4.19994652485588,24.273180726679968
5189.312,0.21517822393913524,4.199655079610549,24.25935276570854
5194.484,0.21482629020806834,4.199785158014919,24.270905552211627
5199.734,0.21387629305974104,4.2000299558847125,24.262431233827208
5204.968,0.21387428834727687,4.199953858104737,24.25339371674224
5210.125,0.2148606248494784,4.20004001279213,24.25815752211042
5215.312,0.21369672693273684,4.200129595513804,24.255166927884126
5220.531,0.21563913214635014,4.2001995529079785,24.250717146156827
5225.765,0.21200733777699216,4.20015793344679,24.241704356893237
5230.937,0.21368605473893196,4.200302660948431,24.2400238548744
5236.171,0.21358003389341762,4.200393333218749,24.234242780721353
5241.421,0.21348152584450913,4.200259242091678,24.238061920764594
5246.593,0.2155893181648502,4.200419266784414,24.23008341107486
5251.859,0.21362100237139392,4.200515979328573,24.222440495095842
5257.093,0.21309691114786014,4.200546851601436,24.21517686927145
5262.265,0.21623069631289019,4.2008576684793635,24.21411591452263
5267.734,0.20412018981307417,4.200106677826859,24.215559280948366
5273.0,0.20462919872338575,4.199985127894087,24.202857418242004
5278.203,0.20524317504525041,4.199714792169586,24.19780080528411
5283.421,0.20073405780537193,4.199992786920606,24.199376645696102
5288.687,0.20036295810215657,4.199859570534845,24.19405291860178
5293.89,0.2022635647467001,4.199883596864832,24.183855482499247
5299.093,0.20091980991414435,4.200064283772678,24.187879347199534
5304.343,0.2039366210127742,4.1999948439554435,24.187495836085407
5309.562,0.202414906333952,4.1999293151492845,24.183414853970266
5314.75,0.20357004123705513,4.200032722224413,24.183912685442206
5320.0,0.20100901374559133,4.200186275282534,24.18566990565464
5325.25,0.2004400846380101,4.1999621108163625,24.18108501751348
5330.437,0.20427145035554084,4.200137987832263,24.17964532758619
5335.703,0.20351237864777308,4.200250313702637,24.182845286698342
5340.906,0.20504249333666433,4.200549343828052,24.177011663026693
5346.093,0.20313002687345,4.200445606497654,24.17691918761083
5351.343,0.20343589852997437,4.200512217452185,24.17037443521203
5356.593,0.201097105051558,4.200664531003172,24.16330378954379
5361.781,0.19067043741511258,4.1999510337075945,24.159256421914485
5367.015,0.19212347074520814,4.19987309870274,24.16274729310271
5372.265,0.19086622046734616,4.199951486910824,24.160673331822732
5377.515,0.19014976101687273,4.199645781537134,24.171037614370967
5382.75,0.19019017713501007,4.199895875675081,24.159784354534303
5387.937,0.1934377699979123,4.199917413631717,24.159964671988075
5393.187,0.19411165858661378,4.199629218586898,24.156566660050608
5398.437,0.193144918936539,4.199761339062173,24.153205906072
5403.687,0.19160465742058044,4.199889218716451,24.14882684597774
5408.937,0.19264474850669078,4.1995109332736105,24.13580679711257
5414.125,0.191565627477279,4.199982628457655,24.140413968424113
5419.359,0.19144421391867644,4.199912091320988,24.131086415332213
5424.593,0.19189542863180453,4.200171237862937,24.131299609634215
5429.765,0.1894655329530477,4.200094659734308,24.120994784325102
5434.937,0.18955524675408678,4.200030106650999,24.123759989086132
5440.156,0.19263228139520552,4.200196147802638,24.118772607821604
5445.39,0.18993856928737038,4.200195672848462,24.10241382669177
5450.562,0.18963499818904622,4.200254461055517,24.109530035780764
5455.734,0.19016620183855706,4.200170922771421,24.104899103070274
5460.968,0.19248468206760197,4.200468610441113,24.102022779015872
5466.203,0.18694272658959066,4.200425999242367,24.098111065782124
5471.375,0.19237721250941128,4.200651015449777,24.087983473353525
5476.546,0.18209451012978833,4.19960100585049,24.089145466209224
5481.796,0.17964272745172888,4.199712181750966,24.079501867183115
5487.031,0.17911374821881662,4.199676065189851,24.072218183219015
5492.203,0.18150168155131322,4.1998674711316655,24.075095332848015
5497.375,0.1827461368384761,4.199938507082232,24.070972722041567
5502.609,0.18173958712875923,4.199756726131322,24.071319528519908
5507.875,0.18115010893795938,4.19990607673228,24.06306758333585
5513.046,0.18056134215018563,4.199791945420362,24.055834887763456
5518.218,0.18035416507970492,4.199860273656212,24.054195538856817
5523.437,0.17973553286979313,4.200014747939209,24.051142153113993
5528.687,0.1809032011589268,4.199952405008122,24.049375719414616
5533.875,0.17918208683144116,4.199818495514439,24.052361312857208
5539.125,0.18067993045278208,4.200028890869816,24.04333580747407
5544.375,0.18056523905893704,4.2002052102388445,24.03012836914026
5549.546,0.18036306149755912,4.20018303076489,24.035652747582862
5554.718,0.17902804517012638,4.200198869152805,24.0359113358033
5559.953,0.1774904927934941,4.2002596089568325,24.03301626463522
5565.203,0.1796802978382926,4.200374882733458,24.028015750593013
5570.375,0.1779012870574141,4.2000510871102685,24.021688224884773
5575.546,0.1796980406103853,4.200261841277314,24.014208794847743
5580.812,0.1779076771173073,4.200398818013285,24.0075208807042
5586.078,0.17809761475776376,4.200589476929931,24.010920866357683
5591.312,0.17958112583145733,4.200216212509501,24.008423414799186
5596.562,0.17934259526044036,4.2004235634122935,24.014133985384476
5601.734,0.17872160871264697,4.200753457512063,24.004357704529806
5606.968,0.17830500780572178,4.200713095978628,24.002794737780146
5612.234,0.17977816201794397,4.200499825285134,24.003360640298773
5617.406,0.17704446234163512,4.200634873467072,23.99262654606439
5622.562,0.18033238372825855,4.200855068858384,24.001008320346
5627.796,0.1793421159086197,4.200946982470525,23.992400840392328
5633.031,0.17955044101613504,4.2009291415381815,23.98994273877249
5638.218,0.17933717768231416,4.20086995259548,23.982279792270894
5643.437,0.1780864951709325,4.201017733485655,23.988576962137294
5648.671,0.17910697863490546,4.20111430906841,23.980556358778767
5653.859,0.1774372038150122,4.201211157464663,23.981240779358174
5659.093,0.17803949536022262,4.201375962383907,23.977913190754045
5664.343,0.17945881245423415,4.201102841555866,23.97912602247613
5669.515,0.17993496511571608,4.201097490301055,23.969539338137857
5674.734,0.1775944869773928,4.201608510070339,23.96627718937361
5679.984,0.16625234494332852,4.200330518286764,23.962985868024116
5685.156,0.16783363219691586,4.200318235032568,23.96450188703383
5690.328,0.1671751719050473,4.200649299871302,23.95972745670654
5695.546,0.15572273296631847,4.199705969070097,23.955090282654837
5700.781,0.1536975820040449,4.199478864132264,23.95732465623742
5705.953,0.15643491380771798,4.199661554060573,23.946398675441696
5711.125,0.1572083080479586,4.199524855815298,23.94262817959628
5716.375,0.15507180317323238,4.199858784174779,23.93443812425074
5721.609,0.15811680304136091,4.199551678793389,23.93345307309429
5726.781,0.15718455887113097,4.199694995366648,23.938042316015345
5732.015,0.15915829753149363,4.199479011750773,23.9355415588142
5737.265,0.15846330972814834,4.199665668301574,23.93825173829621
5742.437,0.15654311728488393,4.199663942969151,23.932761715827166
5747.687,0.15877754456260862,4.199747755521566,23.927368405214928
5752.921,0.1561369894196944,4.199782999393639,23.922658267851777
5758.093,0.15764611545078502,4.1997800132674605,23.92503069640394
5763.265,0.15821811743321398,4.199582151931284,23.92574741716712
5768.484,0.15728762501352606,4.1996953635495,23.923579898375102
5773.734,0.15746356544427806,4.199753555962894,23.912776524221837
5778.89,0.1595045785697215,4.200078110368375,23.91688162805594
5784.062,0.15858637681550136,4.199836690248375,23.911618688704085
5789.281,0.1569307286190104,4.199873059131581,23.907431212043072
5794.531,0.15924228796902673,4.199926553470271,23.907552915836966
5799.703,0.15955177057660438,4.199865251136789,23.89562740923488
5804.875,0.1558567588475934,4.199898851042398,23.899103514296268
5810.093,0.15897039868417934,4.199913150872378,23.893598011017787
5815.343,0.15637121308680207,4.200016483757948,23.88760846007512
5820.515,0.15384972538428235,4.200137557050329,23.89593740796574
5825.75,0.15787582165363645,4.200242675336031,23.894264841329097
5831.0,0.15767883145208766,4.2002688535611385,23.904348637399373
5836.203,0.15672302579326386,4.200120168122578,23.90055846386042
5841.437,0.15370761748635664,4.20017240605864,23.90666951113151
5846.687000000005,0.15537188925611703,4.200655261319984,23.914011698426584
5851.858999999997,0.14866557341200437,4.199532013607297,23.90802661274684
5857.0929999999935,0.14715031439902337,4.199423674480359,23.907186271382475
5862.3429999999935,0.1473445259274261,4.199511479989866,23.90376188737566
5867.514999999999,0.14515155813487685,4.199447612028283,23.907843535991184
5872.687000000005,0.14898310826014943,4.1996193958239605,23.90242686967913
5877.921000000002,0.14462155052712986,4.199486979919978,23.889338348808426
5883.171000000002,0.1466894630817178,4.199475184098973,23.89202737667948
5888.358999999997,0.14873771822488618,4.199624450084303,23.896566650277475
5893.577999999994,0.1446563637863332,4.199360276696088,23.883749446712923
5898.827999999994,0.1453359069018334,4.199342657409905,23.882571266565396
5904.0,0.14527797069899753,4.199341394987776,23.87231698505564
5909.25,0.15005051450721668,4.1997387823305905,23.87100114441891
5914.5,0.1479790328839394,4.199609787102291,23.86601298626693
5919.671000000002,0.14690203758916381,4.199732813341226,23.863995725074023
5924.906000000003,0.14793330735936355,4.1996528489705645,23.86465393790668
5930.156000000003,0.14578125642782985,4.199567799009751,23.867091489783434
5935.3429999999935,0.1457248826470385,4.199691486192979,23.861987241906775
5940.577999999994,0.14596961672685071,4.199775249140646,23.860877269455532
5945.827999999994,0.1440070018071237,4.199648087622903,23.8613647183731
5951.014999999999,0.1441975099314974,4.199570143088835,23.86020248383264
5956.25,0.1466550655145176,4.199935171877491,23.85814567003803
5961.5,0.1461935354172446,4.199899601884275,23.85060335134677
5966.687000000005,0.14283245393033608,4.199777058553888,23.848922482448877
5971.921000000002,0.14471835878800834,4.200096116253894,23.850027356963064
5977.156000000003,0.14438786999762415,4.19994749354444,23.844338098211026
5982.3429999999935,0.1467800117057578,4.200066858523516,23.83680306894051
5987.5929999999935,0.14722861500857914,4.200019032722504,23.83872874265162
5992.827999999994,0.1431677442620966,4.200110491398717,23.83707201408669
5998.014999999999,0.1438209173797658,4.199980045160728,23.844118747876937
6003.264999999999,0.14447018605711717,4.200150604715342,23.839593109957015
6008.514999999999,0.14486932266433658,4.200345662814892,23.836471142228827
6013.764999999999,0.1480164521586067,4.2000887779218266,23.842026627271213
6019.0,0.14562882075276126,4.200155354027723,23.834949294940294
6024.171000000002,0.14337694181375393,4.200374660678221,23.830187481079605
6029.3429999999935,0.14208534312272156,4.200704264104982,23.833317289597677
6034.577999999994,0.1321930551192541,4.1997731561957705,23.829716198322306
6039.827999999994,0.13282178083897211,4.199862231441237,23.835829119301973
6045.014999999999,0.1428916874728464,4.199115372055112,23.829518656563412
6050.281000000003,0.13351141319977258,4.199623496752566,23.835940219345236
6055.531000000003,0.13432268199066874,4.199331893018114,23.836133784389435
6060.702999999994,0.13580143290440155,4.199521787425077,23.830796951427434
6065.937000000005,0.1361890325161384,4.1992394900773675,23.8350654673564
6071.171000000002,0.1338122926707422,4.199635088585918,23.825030839053415
6076.358999999997,0.13517331289581092,4.199782130401574,23.827190131852156
6081.639999999999,0.13528213956471125,4.19957108504209,23.828259905201573
6086.875,0.1344625454399496,4.1996144294760755,23.82265022431644
6092.046000000002,0.1331361950913903,4.199667497245072,23.816745172641447
6097.202999999994,0.13226415436389966,4.1998350981977834,23.815960857891067
6102.452999999994,0.13526800031721908,4.199612945407104,23.811522878059552
6107.687000000005,0.13196480777784728,4.199866528828796,23.810441221422785
6112.858999999997,0.13422958232019697,4.199904321749678,23.803647045277902
6118.031000000003,0.13044116366667208,4.199971769937053,23.808403630556775
6123.281000000003,0.13337215015038612,4.199921835955725,23.80532651428552
6128.514999999999,0.13103095404094592,4.1999684106881965,23.803394361709856
6133.702999999994,0.1325222925281213,4.19969733253608,23.810700072213702
6138.937000000005,0.13160944889928414,4.1999815649389,23.807955432739156
6144.171000000002,0.13750374242532523,4.19991454493984,23.80436777935034
6149.358999999997,0.13384542522474116,4.200142115512783,23.796218643224133
6154.546000000002,0.13294638248897456,4.199978056428892,23.79610011612302
6159.764999999999,0.13630668540167265,4.1998616930462065,23.794242398080723
6165.014999999999,0.13208486595601499,4.200099066279984,23.793925680680676
6170.187000000005,0.1339142549592151,4.200167828401199,23.790984542787054
6175.358999999997,0.13292479785730016,4.200439913710709,23.786947377991645
6180.608999999997,0.1336934148698371,4.200297632896406,23.78516112374925
6185.8429999999935,0.13448275866943699,4.200257319845951,23.778485919130432
6191.014999999999,0.1335263195819749,4.200295169142678,23.76928137008068
6196.187000000005,0.13072496970338354,4.200188332091893,23.77819738073218
6201.437000000005,0.1309404338929419,4.200089284215383,23.761526811963044
6206.671000000002,0.13193964030350344,4.200471159041924,23.76729760141808
6211.858999999997,0.13129169217132303,4.200568174568232,23.769707585510194
6217.014999999999,0.1224804594610107,4.199681596798436,23.757274600740523
6222.264999999999,0.12203408624969993,4.199799911306571,23.757102977377937
6227.5,0.12186877845438757,4.199564075374905,23.754280920385806
6232.687000000005,0.1259326765446859,4.199748941387878,23.75891015845771
6237.937000000005,0.12319614722134858,4.199551746448851,23.755722410998175
6243.171000000002,0.12588137318508696,4.199846392311199,23.76701908751557
6248.3429999999935,0.12313142458577835,4.199815543567253,23.761350617751432
6253.5929999999935,0.12586860586410076,4.199714059432394,23.755486316337034
6258.8429999999935,0.12448628320355322,4.199705957100981,23.753700823427945
6264.031000000003,0.12506970188562488,4.199745804703558,23.752103136129602
6269.25,0.12401170108171593,4.199602525326905,23.74125920091455
6274.531000000003,0.12540452125350737,4.199705223188675,23.75375466661058
6279.702999999994,0.12540834477865762,4.199683968319354,23.75183133523655
6284.937000000005,0.12327181891171306,4.199820166633447,23.743494654514866
6290.187000000005,0.12485013598041628,4.200069567897116,23.741738029044775
6295.375,0.12017627633172402,4.199830080290402,23.7471182781299
6300.608999999997,0.12175860303701044,4.199738601082809,23.736582103310425
6305.875,0.12496119372392069,4.199602271203692,23.7316527519665
6311.046000000002,0.12079146428339069,4.1997462373519365,23.736776336231433
6316.296000000002,0.1235256296621275,4.200053317473132,23.74051362509213
6321.546000000002,0.12235291884676171,4.199797575423076,23.725322362601005
6326.796000000002,0.12185796717897628,4.200041103813563,23.726754250299603
6332.046000000002,0.12303159330665447,4.199810893200375,23.723817024189703
6337.202999999994,0.12180274571932909,4.200161257562938,23.726515658644185
6342.389999999999,0.12075126432435682,4.200107960333754,23.731646342870487
6347.625,0.12384313049252961,4.200154614614316,23.723104567776538
6352.875,0.1195771861613886,4.200141723678768,23.723098804185884
6358.062000000005,0.11976983025875329,4.200034192807904,23.729229206337855
6363.296000000002,0.11890722815428087,4.200347837438388,23.725831290827152
6368.531000000003,0.11926882351753695,4.200091213844564,23.7234327473122
6373.7179999999935,0.12076141268471921,4.200292825123659,23.716968206637052
6378.9679999999935,0.12136538805034518,4.200330827153672,23.71592011085509
6384.2179999999935,0.1218312693995116,4.200577185047471,23.72001605616189
6389.4679999999935,0.1234896615922915,4.20049141322494,23.721768011329978
6394.7179999999935,0.12206380993707604,4.2005266913728185,23.703122985286544
6399.906000000003,0.1231410115595789,4.200450770091515,23.712829884172635
6405.139999999999,0.119582725390041,4.200569086333685,23.706436568157677
6410.406000000003,0.11989804679761937,4.200527241630661,23.706570933782093
6415.639999999999,0.1198695417277253,4.200398574286232,23.713918548455936
6420.906000000003,0.12236120095278476,4.200698090722721,23.712734298720115
6426.139999999999,0.12249505204613001,4.2008089565636375,23.712619466948144
6431.406000000003,0.12086134078177291,4.200512219080035,23.70409326282838
6436.5929999999935,0.1210848013617539,4.200609238839085,23.70156641589895
6441.8429999999935,0.12142696793921917,4.200961317679754,23.693153625714018
6447.062000000005,0.12038415617535188,4.2007679378770995,23.69659218160845
6452.25,0.12008824015966844,4.2005969810953525,23.692728815913284
6457.483999999997,0.12297395378355679,4.200735945433721,23.69281558767689
6462.75,0.11961721217160085,4.201069138445456,23.68766153094636
6467.937000000005,0.11651597759586957,4.201005359922078,23.6920699511293
6473.25,0.12072866992872411,4.200895661331162,23.698641888490144
6478.437000000005,0.12155885541682745,4.201267765129514,23.697543239774667
6483.687000000005,0.1240408686983509,4.201089805885682,23.69603912086129
6488.952999999994,0.12246490528892055,4.2011411330177415,23.70410412048725
6494.2179999999935,0.12216775725970522,4.201133928764389,23.69882672585363
6499.4679999999935,0.11999397473937118,4.201240009668917,23.697972415112485
6504.656000000003,0.11945236357787647,4.201163309329005,23.697474617983712
6509.889999999999,0.11856647297632127,4.201265301935901,23.68641136058398
6515.358999999997,0.11820638069474552,4.2012859192351835,23.686458220318254
6520.577999999994,0.12038094310844817,4.201379373797502,23.682597244385185
6526.296000000002,0.11923312803719989,4.201594797265082,23.68446013290008
6531.562000000005,0.11001288870802346,4.200687634856557,23.680139302062546
6536.827999999994,0.09666111215537285,4.199516009055259,23.681981450516624
6542.077999999994,0.09940546794552557,4.199503552316702,23.675603680179254
6547.25,0.09960332051358423,4.199459510230402,23.67698820598373
6552.483999999997,0.09946923309391743,4.199389423532505,23.669348104605444
6557.733999999997,0.10014560748470214,4.1993293130795974,23.668602174014275
6562.921000000002,0.10076650900616436,4.199400019542558,23.662471643587967
6568.0929999999935,0.1018552040628464,4.199401121995031,23.664864712367848
6573.312000000005,0.09705262154759844,4.199325218018426,23.662214878484438
6578.562000000005,0.09874436648179688,4.199199387234322,23.660714755625303
6583.733999999997,0.10243871957153143,4.199373262717496,23.658860806217113
6588.906000000003,0.09965014514427516,4.199174361981749,23.653936529729176
6594.187000000005,0.10115911641363266,4.199291264386554,23.659023284854655
6599.421000000002,0.10030409988076829,4.1994488803926995,23.650450523056065
6604.608999999997,0.09792529435536976,4.199324552818555,23.647452903972894
6609.858999999997,0.10111914061189281,4.1993075000470075,23.651107887801878
6615.0929999999935,0.09898867096041182,4.19951864428599,23.651669033328243
6620.264999999999,0.09940293009024402,4.199253776243634,23.652616693139525
6625.546000000002,0.09944151138626836,4.199353464514565,23.650280175566003
6630.781000000003,0.09868591169915056,4.199309989024865,23.655055468464727
6635.9679999999935,0.10040349436972149,4.199300875584971,23.6480741797481
6641.281000000003,0.10058197594107862,4.199462729233356,23.651934572186253
6646.5,0.10000780822519399,4.19932043603373,23.640954631141092
6651.702999999994,0.09934115285207834,4.19920685354657,23.649077254023705
6656.937000000005,0.08953980982370646,4.198453776786237,23.641255641535142
6662.202999999994,0.0902097462905948,4.198482354117443,23.644087642621834
6667.375,0.0896773943328397,4.198465030770131,23.633426748981737
6672.625,0.09255271527271995,4.198555498673346,23.62935088068227
6677.875,0.09136578140159327,4.198545822312403,23.632521423030393
6683.312000000005,0.09088016180735316,4.198458780084424,23.642066290214267
6688.5,0.08149971902351577,4.197556461936496,23.638024479775282
6694.2179999999935,0.08275010491262062,4.197642125366612,23.630443650686733
6699.389999999999,0.0809813440621287,4.197441579691108,23.627964146730662
6704.702999999994,0.08092877052137783,4.197354440322507,23.62570318221523
6709.937000000005,0.08243735499123724,4.197303676900916,23.622280131186795
6715.108999999997,0.0818189284419425,4.197479943551954,23.623959545654788
6720.3429999999935,0.08119676833680382,4.197321831703603,23.61940139873915
6725.5929999999935,0.08250492169872664,4.197504325628892,23.618302331888014
6730.781000000003,0.07944117173683744,4.197131606023456,23.616691365286847
6736.062000000005,0.082546224598074,4.1972360708583265,23.609437995351232
6741.264999999999,0.07864410916492108,4.1973314627918406,23.62025599231817
6746.4679999999935,0.0805254951769656,4.1974415320154845,23.60925772564289
6751.7179999999935,0.08189096578735333,4.1971323265021425,23.6130894352386
6756.937000000005,0.0814011197702493,4.196987315442192,23.607686091060312
6762.125,0.07979547562360136,4.197251739601933,23.606288180281716
6767.375,0.08203976203422991,4.197053629426847,23.596959604590268
6772.625,0.08171824491374162,4.197354874751587,23.604064259102756
6777.812000000005,0.08160909805640564,4.197111662453137,23.602580292702143
6783.062000000005,0.08138391645503629,4.196971006531317,23.603169143460555
6788.281000000003,0.08021730549466628,4.197114544062598,23.59964307298154
6793.4679999999935,0.08048302873487867,4.196870468686991,23.60199227150931
6798.733999999997,0.08231097321891623,4.197329572480486,23.59473497661477
6803.9679999999935,0.08105984186434001,4.197110036585808,23.600954347560197
6809.156000000003,0.08215175364743904,4.1972329579400975,23.5909218491566
6814.406000000003,0.07973136276692479,4.197136880380701,23.598692525837166
6819.625,0.08263330011354941,4.197071506771333,23.58795370187796
6824.812000000005,0.08129559503531741,4.197053167517181,23.58220914498515
6830.062000000005,0.0824633948464263,4.197278359688197,23.592873758797307
6835.296000000002,0.0820225230706033,4.196860777224058,23.598243972508783
6840.5,0.08123515757211584,4.197240248211228,23.594062280448792
6845.75,0.07977819399539116,4.197216062071073,23.58650350712013
6850.952999999994,0.08023874920407975,4.197255844876379,23.588780478100205
6856.156000000003,0.08345458219631165,4.19711667430843,23.588426385650965
6861.406000000003,0.08108162348652155,4.197308493325532,23.587419910374393
6866.639999999999,0.08120336712515548,4.1971040507728645,23.585025016175653
6871.827999999994,0.07935001290696761,4.197329595022726,23.58991701502045
6877.0929999999935,0.08051499099272148,4.1974736545869265,23.585667753462502
6882.296000000002,0.08055125720912613,4.197278867147579,23.58865599310202
6887.483999999997,0.08029580491692549,4.197079226126117,23.584690300780633
6892.764999999999,0.08183406118559235,4.197603883685183,23.5800098938126
6898.0,0.08085191961825702,4.1972462351915265,23.585734169627983
6903.171000000002,0.07960450668684203,4.197428617921364,23.57065473768114
6908.421000000002,0.07968124628902488,4.197049718840502,23.574241036034255
6913.671000000002,0.08207463770262824,4.197342817077376,23.575610293462383
6918.921000000002,0.08037117655270988,4.197422784193543,23.57357132719157
6924.156000000003,0.08030798216556177,4.197367208309636,23.567364703183895
6929.3429999999935,0.0821593862370847,4.197246700152765,23.557175097864857
6934.531000000003,0.08269880058016514,4.197212166523466,23.56320326024847
6939.764999999999,0.07976286918493004,4.1974732355243045,23.57352367146091
6945.0,0.08115338388988914,4.197450110745547,23.560594630319546
6950.202999999994,0.08335684254331796,4.197822078932442,23.5557536857398
6955.452999999994,0.08100595733963,4.197315361590205,23.558698123981703
6960.7179999999935,0.08011431834097718,4.197429554896063,23.55590607049082
6965.889999999999,0.08125423114473608,4.197516495229485,23.547736340566768
6971.139999999999,0.07836887505335689,4.197349374361888,23.55938424930739
6976.375,0.07944216489923728,4.197540670657606,23.550520950394393
6981.577999999994,0.08313385390827432,4.197425800731465,23.55205879133906
6986.827999999994,0.08019995369793835,4.197386009310223,23.549069459342583
6992.077999999994,0.08243657030978269,4.197544735081305,23.539596787785246
6997.264999999999,0.07853320772534363,4.197579924647544,23.539749619668143
7002.514999999999,0.07918949137267059,4.197640236886727,23.544353879530924
7007.7179999999935,0.08130368374769974,4.197664475109004,23.544337962574417
7012.921000000002,0.0801193244962635,4.197708471176912,23.544864949798335
7018.171000000002,0.07768024178020717,4.1976412278288615,23.55337132321331
7023.375,0.08208049221637112,4.197512867688655,23.547705751481402
7028.562000000005,0.08050979400767927,4.1976866004512665,23.543361848937916
7033.812000000005,0.08028886583605287,4.197913438715599,23.543243116105483
7039.062000000005,0.08077470476470086,4.197576301382319,23.543823904430965
7044.25,0.07732846353384264,4.197459388980819,23.54226074175545
7049.514999999999,0.07858952791676728,4.198004455341471,23.538058179549825
7054.7179999999935,0.08089131566998603,4.197564626503483,23.54052670025776
7059.906000000003,0.08348113929406853,4.197909834420896,23.542999949789017
7065.139999999999,0.0812876421541608,4.1976087874489165,23.532597021122754
7070.389999999999,0.08171385646442109,4.197972561920182,23.532671188145446
7075.577999999994,0.08226075560267793,4.197795046994621,23.527853923718784
7080.8429999999935,0.07822539744096177,4.197902116514864,23.53744098207919
7086.046000000002,0.07412563314805469,4.197784761084087,23.52383947931853
7091.233999999997,0.08060141961513234,4.198050413264775,23.523928292631375
7096.4679999999935,0.07748417682509168,4.1978673101471395,23.52899302110718
7101.7179999999935,0.07986543399700405,4.197923698290926,23.519775692675537
7106.906000000003,0.07876921882434776,4.198004712315519,23.51848946112953
7112.156000000003,0.07608302787262464,4.198463530509277,23.51884755796816
7117.375,0.07969490679976032,4.197992158243098,23.516059896340305
7122.562000000005,0.08183391724583991,4.198054542880927,23.51216717880679
7127.796000000002,0.07804544062216748,4.198231660079816,23.513109824129497
7133.046000000002,0.07511261325731342,4.198080476975843,23.519911221097082
7138.233999999997,0.07671292387810676,4.19815761639378,23.50667110293752
7143.5,0.08871473416027716,4.19736618104281,23.509301778282595
7148.702999999994,0.07171199964921642,4.198603663605556,23.52136526620284
7153.889999999999,0.07833850880694283,4.198176219288352,23.51351358023863
7159.139999999999,0.06998319842677517,4.197158017276682,23.51039958703239
7164.375,0.06961273343953384,4.197215004930816,23.509731167002723
7169.562000000005,0.06987663360134617,4.1978509177895615,23.512744716322526
7174.827999999994,0.07044842303055211,4.197389952351869,23.508177340979596
7180.031000000003,0.07013989068885285,4.197275009210571,23.50639622961809
7185.2179999999935,0.07199823520304179,4.197131347628601,23.508659720697715
7190.4679999999935,0.06953643600534264,4.19724522030299,23.505879940161726
7195.702999999994,0.07276253977010773,4.197262103957075,23.50429942457015
7200.889999999999,0.0702770458819998,4.197292376575892,23.50617930587564
7206.156000000003,0.05759128205254323,4.196451024600589,23.50204452851444
7211.358999999997,0.06140706240617609,4.1961477450152405,23.497257807336247
7216.562000000005,0.057490587091390925,4.196033723901976,23.498612442377915
7221.796000000002,0.05757105398615937,4.196241008344399,23.504208934473855
7227.046000000002,0.05997070545273286,4.196150803959399,23.502268295458514
7232.233999999997,0.05863008031126256,4.196153255895711,23.497721574186222
7237.5,0.06047043964444379,4.195936347198595,23.49972461724782
7242.702999999994,0.06016580213847232,4.195894831051852,23.49502384133933
7247.921000000002,0.06079011480911787,4.1958327775718205,23.500521296877857
7253.171000000002,0.06073947661329317,4.195908492975692,23.492592739575674
7258.421000000002,0.05980760856309825,4.195872452596729,23.50416493251618
7263.5929999999935,0.0602481150019949,4.195955598525826,23.49207459016218
7268.827999999994,0.061740289844322206,4.195859177934613,23.4885867930877
7274.062000000005,0.06040412300825193,4.195939788310386,23.487791038253338
7279.25,0.05968279982414527,4.195899343872464,23.487055203628643
7284.483999999997,0.05894385981522463,4.19584126081329,23.480854763106954
7289.733999999997,0.06236633287962508,4.195954195758263,23.47388750417639
7294.906000000003,0.06301712128466586,4.1958863135163975,23.47606252982656
7300.139999999999,0.0582622329732362,4.195843881940184,23.475290232608252
7305.375,0.061051641801355,4.196054250895275,23.47725307431745
7310.546000000002,0.06060920339751006,4.195924134639657,23.487970864433493
7315.733999999997,0.06164595711879221,4.1960987118451705,23.491718789420375
7321.046000000002,0.05966344237867386,4.195900463312802,23.496650844117266
7326.281000000003,0.06193992716330689,4.195867108495682,23.493603597011212
7331.546000000002,0.06270328478883994,4.195893886881947,23.487460632112526
7336.8429999999935,0.05976131763925115,4.195993174236899,23.499174556016865
7342.108999999997,0.0636707416623144,4.196008536054183,23.496572169783708
7347.421000000002,0.06042444594017906,4.195997281030107,23.493166947281676
7352.5929999999935,0.060368277736093295,4.196078237743482,23.485463009076355
7357.796000000002,0.06201140831829206,4.195850279068121,23.484520275187318
7363.0,0.0584899376284685,4.195968602527997,23.482681187325813
7368.171000000002,0.058605103785472554,4.196051837709562,23.474368097527154
7373.406000000003,0.06134563490220175,4.196267241140817,23.470157539603843
7378.656000000003,0.06046482183437444,4.196045643001427,23.480981130084146
7383.858999999997,0.06189953647485659,4.195938483457051,23.475174062550035
7389.031000000003,0.05923324857312207,4.195956505657405,23.47254210289909
7394.264999999999,0.05926061955788467,4.195984972310987,23.478465134473215
7399.5,0.060591122410917006,4.195922130761875,23.467948953025964
7404.687000000005,0.05864838429485754,4.196073390757766,23.473628359226005
7409.906000000003,0.06135861098853833,4.1961930184410505,23.47888600107291
7415.187000000005,0.058795821904310146,4.196053266435754,23.479454713911206
7420.375,0.058719021328198125,4.196063157930617,23.48071796677858
7425.625,0.06070167540695886,4.196298306985441,23.486105270122827
7430.827999999994,0.06106445231732037,4.196193759116279,23.487978813876254
7436.031000000003,0.05932598657779825,4.196023139181537,23.492663076737003
7441.25,0.0598501672160149,4.195981108300222,23.493344535764916
7446.5,0.060785151741108004,4.195908328845019,23.486313788693174
7451.687000000005,0.05994780500406049,4.196039060847732,23.486529127564236
7456.921000000002,0.061760644899851405,4.195905741658634,23.480222807373305
7462.156000000003,0.060832625713544884,4.195939217584015,23.478326712050794
7467.327999999994,0.05955094347767616,4.196191395699081,23.48233228109015
7472.562000000005,0.060396800026218694,4.195866170471676,23.47745545904553
7477.812000000005,0.059742329861498786,4.196250213373713,23.468675583701476
7483.0,0.059869196706212456,4.196108652399958,23.47696701940448
7488.25,0.06045433701637216,4.196236685250144,23.469309007066247
7493.483999999997,0.058546827783602554,4.196331120190838,23.47812737124828
7498.656000000003,0.06231672867211749,4.1961873686906745,23.471595240009663
7503.889999999999,0.06266109591633309,4.196280622064043,23.466830706386258
7509.125,0.06218400644194329,4.196344736736586,23.472766922945812
7514.312000000005,0.06191107689288487,4.19617045211691,23.474789323296335
7519.562000000005,0.061541475314186474,4.196473374483134,23.471430012245403
7524.796000000002,0.05967513640153875,4.195996891298519,23.485291446120574
7529.9679999999935,0.06287942705952185,4.196019468611372,23.48219281632322
7535.202999999994,0.05769605377155627,4.196064309797094,23.492877481062404
7540.452999999994,0.060465388311324225,4.196152746696183,23.50169807499511
7545.625,0.06050943589243308,4.196232656530038,23.488960369243483
7550.858999999997,0.058584182700999285,4.196248496110714,23.50110737448674
7556.108999999997,0.05980959684972078,4.196457782422864,23.510990870483187
7561.281000000003,0.05928014612140471,4.196729817190483,23.50022047676804
7566.514999999999,0.061359046483676495,4.196418150212793,23.497184333095277
7571.764999999999,0.06041278327409332,4.196035641427459,23.4969085292454
7576.937000000005,0.060474960175316,4.19647039196673,23.49472043903839
7582.171000000002,0.05845319396898237,4.19642989899436,23.496154647430473
7587.421000000002,0.05848351813938121,4.196219768505333,23.491559505000097
7592.5929999999935,0.06338955389959448,4.196599353538955,23.487305559466623
7597.827999999994,0.05628578072113196,4.196380335642521,23.49273641769249
7603.077999999994,0.058005518799823706,4.196427087506176,23.490404098069696
7608.264999999999,0.058924062010229754,4.19642972092035,23.48942157869677
7613.5,0.059766440229837445,4.196550811355869,23.49867669472037
7618.733999999997,0.05719267986472155,4.196513714050784,23.501843801253894
7623.906000000003,0.057734226192169925,4.196659418830223,23.50101801654986
7629.139999999999,0.05934596089258096,4.196397741086553,23.496189943176482
7634.389999999999,0.060924734031459565,4.196584512365808,23.496511027241297
7639.577999999994,0.0599772273082024,4.196281131772842,23.497504007960927
7644.812000000005,0.06044320911994176,4.196453137464652,23.48674355894907
7650.062000000005,0.060388863285371526,4.196310333439689,23.47851162507599
7655.233999999997,0.05890413227869027,4.1964436205394025,23.480443790536196
7660.421000000002,0.05543207096444891,4.196840013129321,23.484840472037554
7665.639999999999,0.05842382813854746,4.196634311141883,23.466245859580273
7670.921000000002,0.06000227514325571,4.196525040273016,23.472878421766566
7676.108999999997,0.06176296374112811,4.1966486065970745,23.46732127694402
7681.327999999994,0.05888105482305939,4.196739305110487,23.469502893812688
7686.577999999994,0.05794559081880899,4.1963614566208784,23.470445882681993
7691.75,0.058034972651420755,4.196468322423436,23.470276175234247
7696.983999999997,0.05793367431317388,4.196725953543676,23.478077622915293
7702.2179999999935,0.05949100169626689,4.196551537867779,23.46807466671799
7707.406000000003,0.059010523121179964,4.196642618818908,23.46100381639574
7712.639999999999,0.06029487504309307,4.196546442277385,23.461697695627816
7717.875,0.05762797274769615,4.196597479233484,23.46568969994425
7723.046000000002,0.057789226329914255,4.196592714876295,23.45705921112639
7728.281000000003,0.06163841879971621,4.196971861189628,23.45687830969882
7733.531000000003,0.060356555766180306,4.19687192370879,23.449619638412706
7738.7179999999935,0.057968924881590285,4.196749649179623,23.4551912743988
7743.952999999994,0.0480618563587799,4.195820783264986,23.446646306694866
7749.187000000005,0.060109100230667074,4.196548654622859,23.44431965383333
7754.375,0.05780211370700802,4.1967823480845095,23.440530894597853
7759.5929999999935,0.05765879937798779,4.196872666901992,23.4416868198977
7764.827999999994,0.05702354159003479,4.196925097118003,23.44366465564777
7770.014999999999,0.05737278274489434,4.197046350222367,23.43996963516601
7775.264999999999,0.05794409778926763,4.196804376448276,23.44111989969937
7780.5,0.062040323920765944,4.197008040117587,23.438144335448033
7785.687000000005,0.05718298767177075,4.197040419124502,23.425471264360375
7790.906000000003,0.05859641295856061,4.196987094125415,23.425345275048148
7796.139999999999,0.058184810519022655,4.196990992606846,23.427132904280693
7801.327999999994,0.0590462455710756,4.197127854735972,23.42683416136411
7806.562000000005,0.06027377223748379,4.1967927786784305,23.425349871081558
7811.796000000002,0.05895950658295105,4.196927869991897,23.424204218945484
7816.9679999999935,0.05618048538188793,4.196823893261997,23.428860573058422
7822.202999999994,0.059494572587997036,4.197034289949884,23.42400825189333
7827.452999999994,0.053424774714189584,4.196921524057446,23.416294037939146
7832.625,0.05941139794522114,4.197023249510325,23.422574682167046
7837.875,0.05791195409436563,4.197286980806645,23.429230642731333
7843.108999999997,0.05892940740339886,4.197054082256032,23.42416613742534
7848.296000000002,0.05117416330083497,4.196043515017635,23.42234076559446
7853.531000000003,0.057115786357942525,4.1972131435220135,23.426018169872044
7858.781000000003,0.057309368163396615,4.197035434110747,23.440141538861354
7863.952999999994,0.05752941756101662,4.197054082295755,23.424844143411658
7869.187000000005,0.05727559626030065,4.197329767284883,23.438919041764823
7874.437000000005,0.05874507785443405,4.197320178904769,23.438653329292993
7879.608999999997,0.0583120629594899,4.197483411856857,23.436897353813702
7884.8429999999935,0.06152189301423721,4.196950927677028,23.44138437107919
7890.108999999997,0.05726413986513535,4.197410927983022,23.43982208647584
7895.281000000003,0.05814482456322105,4.197078442121029,23.45413817331033
7900.531000000003,0.056833174646183045,4.196934163363406,23.45365234022204
7905.764999999999,0.05980656660994199,4.19763886105025,23.456452533032376
7910.937000000005,0.060052876176402335,4.197398064078758,23.452366796479804
7916.171000000002,0.05686541163472073,4.19734810022824,23.44610371300591
7921.406000000003,0.05555995807992575,4.197366133941002,23.44394502101296
7926.5929999999935,0.055724288232043756,4.197270745037547,23.446182140177022
7931.827999999994,0.059133388138280715,4.197324067001728,23.442339171546674
7937.0929999999935,0.053052196083731906,4.197425273222165,23.44647553695803
7942.327999999994,0.058080324234218494,4.197178867969521,23.440218593325152
7947.562000000005,0.058078111035674264,4.197513253402362,23.44675695225623
7952.733999999997,0.05581181051094284,4.197821209763336,23.435724387450797
7957.921000000002,0.053563951811461855,4.197149858740099,23.433082148269044
7963.139999999999,0.05842857867668543,4.197416480396094,23.428932291562113
7968.389999999999,0.05752447505319114,4.197281831437365,23.424266484617835
7973.562000000005,0.05349322034424545,4.197581749882987,23.429408579888445
7978.796000000002,0.061062849633373446,4.197668367938748,23.43061543673816
7984.031000000003,0.044758734663819674,4.196914603002454,23.436869798354298
7989.2179999999935,0.050503440238196834,4.196782332923606,23.437464070081774
7994.452999999994,0.05333088404260586,4.196674291290766,23.4410886097637
7999.702999999994,0.04820457087579144,4.196567246059657,23.441067950401546
8004.858999999997,0.04538222586025127,4.19666535495686,23.439137384743084
8010.031000000003,0.048171147949079826,4.196760624771861,23.44376969981207
8015.25,0.04759175283739132,4.196631977099158,23.43430127873451
8020.5,0.03992849594843552,4.196026286536149,23.423386940772126
8025.656000000003,0.037361805938891254,4.1953197258296715,23.422100469288598
8030.889999999999,0.04591544695021984,4.196995812930481,23.420059946570117
8036.125,0.03982871883483661,4.195616392008952,23.41658813834276
8041.296000000002,0.03842854183126128,4.195511133410377,23.420654238207852
8046.4679999999935,0.04819274217444375,4.196223413894221,23.41578227982018
8051.687000000005,0.054869961297748016,4.197015453870884,23.42453931925371
8056.921000000002,0.05570603625494299,4.197255321064818,23.412385580802585
8062.0929999999935,0.058483355083251344,4.1979091449056725,23.421706985965802
8067.327999999994,0.06011357447941445,4.197759848167525,23.41072968303781
8072.562000000005,0.056864987741493865,4.197626250304558,23.403953937918942
8077.733999999997,0.05470473550474052,4.197254709246671,23.405382477582272
8082.906000000003,0.05762273265548446,4.197419010223418,23.404499473860316
8088.139999999999,0.05693403483577499,4.19748274848436,23.40434295234849
8093.375,0.05644714614772377,4.197764384203095,23.407266048393822
8098.8429999999935,0.05516811352950755,4.197570680401322,23.402950328174082
8104.0929999999935,0.05695123952359044,4.197766236961837,23.400145045011037
8109.3429999999935,0.059111379470583494,4.197711956896965,23.39605551867355
8114.531000000003,0.05943039204741816,4.1977711986511945,23.401200471863145
8119.781000000003,0.057784328082947915,4.197686675273005,23.392812731234415
8125.031000000003,0.041349873638672104,4.197314488200564,23.394848507440738
8130.233999999997,0.046682294304286484,4.197187285058719,23.388487509326204
8135.5,0.0461470253044916,4.196840825590641,23.395692871753525
8140.7179999999935,0.04540561997453068,4.197008045842169,23.39636966124903
8145.937000000005,0.04547205381121315,4.1968672143407515,23.3983189078554
8151.202999999994,0.035577937019104375,4.195904588421473,23.3987899325137
8156.406000000003,0.03836238271729198,4.196038230949733,23.3930496099527
8161.5929999999935,0.0412368874640039,4.195753358917233,23.389571188107116
8166.8429999999935,0.03899254170201916,4.195751762648935,23.389060150875412
8172.062000000005,0.03802764356185699,4.1961768927246705,23.393423306260306
8177.25,0.0382396316763199,4.195734416292389,23.390898044529173
8182.5,0.035991565383119845,4.195888285655677,23.386419182337416
8187.733999999997,0.037367619802195655,4.1960372052545765,23.39038655970615
8192.937000000005,0.04206748881922731,4.195960546469684,23.37669575312232
8198.187000000005,0.03736855141085334,4.195750066097332,23.385873336600955
8203.39,0.03890075951104489,4.195791279687272,23.38922703700838
8208.592999999993,0.03900941655411097,4.195784565026835,23.37652468153898
8213.827999999994,0.03804460442790191,4.195417595086444,23.379417215138265
8219.092999999993,0.05195239080383871,4.196242613837006,23.37660319303268
8224.327999999994,0.05915909795218157,4.197242037557409,23.373945842587123
8229.577999999994,0.060752198232185896,4.197657013761896,23.359858729045673
8234.75,0.056519391158928595,4.197615922153235,23.365155107683375
8240.015,0.05874348861934077,4.197679131330792,23.362754659916888
8245.25,0.054786941439331736,4.197866767832421,23.361493267401276
8250.437000000005,0.052564577010314396,4.198023147494171,23.3645127942683
8255.687000000005,0.05725647655200231,4.197846402238278,23.366567865790046
8260.89,0.05754693828092664,4.19795497037071,23.3652217766758
8266.092999999993,0.05269372975954804,4.197866405497788,23.368294681561995
8271.342999999993,0.05431776273146553,4.1980953515194575,23.370913560787194
8276.577999999994,0.04837492212818323,4.197181617074929,23.362921117032954
8281.765,0.03672990686772889,4.196307876570764,23.35549854804593
8287.031000000003,0.036880356299943,4.196175520555364,23.36830317635993
8292.233999999997,0.0383048973382039,4.196063321951513,23.359228733945592
8297.437000000005,0.03817324762834838,4.195928146528301,23.36615270217549
8302.687000000005,0.03510845731487487,4.195924511847691,23.3580238340766
8307.921000000002,0.03687379402028737,4.1961179755683515,23.354221495328147
8313.108999999997,0.037415769233982675,4.195680952892286,23.35732066169769
8318.375,0.03599784717468056,4.19627367783717,23.36863138793526
8323.577999999994,0.03721724788014403,4.195856347097429,23.3807167013062
8328.765,0.038905183926023955,4.1957147506573085,23.379687448895517
8334.031000000003,0.0394010701253135,4.1957435109715755,23.37207921496306
8339.265,0.037292710623560724,4.19601303447629,23.37423192242369
8344.452999999994,0.03810340548894856,4.1961879138305,23.374596278575165
8349.671000000002,0.03628842779898313,4.195913909947124,23.372116874420186
8354.921000000002,0.03631719946532853,4.1960999520543725,23.37358155018135
8360.092999999993,0.0367761870441003,4.195689083400668,23.373146781169133
8365.342999999993,0.03671134763054859,4.196167157016063,23.379854614563243
8370.577999999994,0.03620233327413717,4.195909408752832,23.37402354587584
8375.765,0.037460158604209454,4.196080921180201,23.3673240664537
8380.937000000005,0.037770279503809956,4.1962018147902524,23.36867663970895
8386.187000000005,0.0344511815795822,4.196142964079272,23.365335291467126
8391.406000000003,0.03826837801934436,4.195538524566795,23.359123301192493
8396.577999999994,0.04828196053245675,4.196741366147062,23.371360598199967
8401.781000000003,0.050240873145027426,4.196438412108697,23.36242790031648
8407.046000000002,0.05696921115502421,4.197545833965961,23.35444220723599
8412.25,0.04892424583886281,4.196931388463158,23.35661358914448
8417.421000000002,0.04561662979031081,4.197109156849621,23.35011301024328
8422.656000000003,0.04542491507846273,4.196856399520583,23.35155592912015
8427.906000000003,0.04589525054159272,4.197074737702131,23.355663602245286
8433.108999999997,0.04808652931032911,4.196809245581431,23.350534203526003
8438.358999999997,0.045759248303024476,4.197028771426028,23.34576639918815
8443.608999999997,0.04885592478147467,4.19714738554659,23.351670161511198
8448.842999999993,0.0455395828905613,4.197051989561008,23.347042148994596
8454.092999999993,0.045544594990247725,4.197125019927688,23.339753475544228
8459.265,0.04673385471572942,4.19710619224565,23.339219097380617
8464.5,0.04814364194544913,4.197175164438072,23.345841837139414
8469.75,0.046678823943288476,4.196885743075075,23.343820991910583
8474.921000000002,0.04521528285783683,4.197267394304352,23.339788491916526
8480.156000000003,0.04659349529953909,4.197251582164876,23.33630286628228
8485.406000000003,0.04359834631024186,4.197455267949582,23.341233781859962
8490.592999999993,0.04419266730046842,4.197241224313834,23.334234138333414
8495.842999999993,0.04356357472967276,4.1973738711431405,23.336773450103014
8501.077999999994,0.04648385201762023,4.197076841036286,23.328956018058744
8506.25,0.04658773949830231,4.197119040740115,23.31942455187514
8511.483999999997,0.043501531105372616,4.197466566711243,23.324093787106875
8516.717999999993,0.04434655445683058,4.1973377830223875,23.331435508908644
8521.906000000003,0.04408580172661154,4.197299368936161,23.324709291238687
8527.14,0.04750530478863094,4.197202779891933,23.335239072270284
8532.375,0.04409112914127565,4.197497660489514,23.338841497575583
8537.546000000002,0.046026000964141604,4.197479281534382,23.339884189698783
8542.781000000003,0.047465689509771994,4.197547022134414,23.335801127522007
8548.031000000003,0.0442979999531511,4.197555275577184,23.343133330712238
8553.202999999994,0.04926451560950424,4.197533723540235,23.34672364717756
8558.437000000005,0.046762401207959894,4.197502625266889,23.35042827477158
8563.687000000005,0.04640632813295988,4.197232637962738,23.353055215988107
8568.858999999997,0.04925333285432023,4.197634874034147,23.350390316582622
8574.108999999997,0.04620667044998043,4.197556040078427,23.351463385569428
8579.358999999997,0.04638850516536185,4.197582729694317,23.34441258084616
8584.592999999993,0.047359041652756936,4.197443810850799,23.349266209685876
8589.842999999993,0.044427440562591,4.197667194183679,23.346292884942205
8595.015,0.04456455216264039,4.197590725698805,23.347500886424644
8600.265,0.04662408724965442,4.1975944768407185,23.340091724512817
8605.5,0.043732393999297216,4.197986033036203,23.341091298818334
8610.687000000005,0.046518746284931974,4.197490668964237,23.344231730702095
8615.921000000002,0.04569009884583493,4.197290597632949,23.341915887453784
8621.156000000003,0.04584590096663848,4.19782414142018,23.34977109386345
8626.342999999993,0.04712273466021504,4.19774522638223,23.34069979781169
8631.531000000003,0.04842858504573299,4.197599720340069,23.330732296900358
8636.781000000003,0.04531889289753533,4.197675173811793,23.34496577638925
8641.983999999997,0.03779340232265906,4.196612697618308,23.34394863048185
8647.156000000003,0.034535089821628576,4.196416545150929,23.34160560327623
8652.437000000005,0.038044086008888034,4.196515460898632,23.338928486403546
8657.64,0.03600365493302427,4.196762941205253,23.334708371344117
8662.765,0.03500569489132733,4.1966984633924795,23.333704772011163
8667.875,0.03779163624372803,4.19613037517256,23.334385447733084
8673.0,0.03557702318970828,4.196572011115841,23.333282970049346
8678.125,0.025790680392843806,4.195957846015991,23.33639209712014
8683.233999999997,0.026185625327026528,4.1956410840166924,23.33175757349481
8688.358999999997,0.02528190762030522,4.195617459273359,23.332252234782658
8693.483999999997,0.02608846121620253,4.195759924473138,23.339196027191832
8698.608999999997,0.03102788256513497,4.195254902054635,23.32414597508325
8703.717999999993,0.03913274089872073,4.195995842953644,23.326045969128
8708.842999999993,0.03391657030310213,4.196671892295187,23.329177560121426
8713.952999999994,0.033682255386547164,4.196717955335046,23.325138342588023
8719.077999999994,0.035281259672523275,4.196483773104082,23.32692772596826
8724.217999999993,0.03624106688824721,4.196540923578946,23.322328520437196
8729.342999999993,0.03699045794215392,4.196158881210846,23.311599091543286
8734.452999999994,0.033458992702019304,4.196404834678266,23.31541047700052
8739.577999999994,0.03654051275476338,4.196471000570881,23.322283184963627
8744.702999999994,0.03855813771267178,4.19657237467594,23.324260932768315
8749.812000000005,0.024209493921297193,4.195647712227905,23.317723539715
8754.937000000005,0.030380436832510665,4.195360753358063,23.317842260734235
8760.062000000005,0.03385991199152374,4.1964149939520485,23.324803530411124
8765.187000000005,0.03868540449075188,4.196408834396614,23.328665069773898
8770.327999999994,0.038299487803511514,4.196173876090141,23.320236154185658
8775.452999999994,0.03830468448767202,4.196571537508777,23.307144797171542
8780.562000000005,0.03546901262863554,4.196449869186206,23.32145620257397
8785.702999999994,0.0383449553535264,4.196082560797527,23.31239933108242
8790.827999999994,0.036116734353271104,4.196219006359379,23.312435025292842
8795.952999999994,0.0341007392842697,4.196600682681875,23.315650170494248
8801.062000000005,0.03179257477749414,4.1966341023896065,23.318811254007844
8806.202999999994,0.03413824784868948,4.19659068845592,23.31500904526747
8811.342999999993,0.03463175316616281,4.196720497370954,23.317294417454402
8816.5,0.03471629639409727,4.196519436609713,23.310031983942864
8821.64,0.037986259270997656,4.196081410126155,23.30955489854647
8826.75,0.032565094414120754,4.196322723075613,23.31574713880306
8831.952999999994,0.036575047504419776,4.196747261264834,23.31454993692793
8837.125,0.038301082198749004,4.196433802798403,23.29920373670787
8842.265,0.027556919596174862,4.19573842144032,23.306486990031587
8847.39,0.027650497349471462,4.195492622213701,23.31097475253584
8852.515,0.026304831241475764,4.195517919536109,23.308464494486483
8857.64,0.035087554937295574,4.196675056858222,23.303209182084576
8862.765,0.03231275029030689,4.196773912853619,23.299625120884283
8867.906000000003,0.03752322490216005,4.196463030833827,23.300368557190033
8873.031000000003,0.039046036530910024,4.196356372569163,23.29407801383943
8878.14,0.03725086674079258,4.196510646388312,23.29821599115494
8883.281000000003,0.034776958380493175,4.196839587195346,23.29574348999332
8888.406000000003,0.03856424301910278,4.196516996497175,23.295269267796304
8893.515,0.036628199279277844,4.196398041833129,23.295702954024964
8898.656000000003,0.035485697642275424,4.196640833600892,23.295157666329537
8903.781000000003,0.03334788158190985,4.196793649296596,23.300361371011295
8908.921000000002,0.0399660844836162,4.196543150672978,23.305263512251383
8914.077999999994,0.037681409433154706,4.196455544411755,23.294026961615018
8919.233999999997,0.03388067315549402,4.196572050262934,23.291691734248733
8924.358999999997,0.03757499323615688,4.196809324910443,23.298591441154464
8929.467999999993,0.03795934995629868,4.19665349936277,23.29176070023176
8934.592999999993,0.03528386995148295,4.196809900839347,23.293706038901053
8939.702999999994,0.03108557307833557,4.196807257619994,23.292703336667273
8944.906000000003,0.02472449815144021,4.195749725720688,23.297369103026902
8950.077999999994,0.0266504833978401,4.195736569703406,23.29669429258135
8955.217999999993,0.0250379858868391,4.195461322332776,23.29205031869111
8960.327999999994,0.027067560073544546,4.196166386744247,23.284059760854703
8965.467999999993,0.026699971115033673,4.195630459951934,23.288587351598903
8970.577999999994,0.026892245573265184,4.195693857503479,23.290668572729214
8975.702999999994,0.028978779589113216,4.195510670956376,23.293334636238093
8980.827999999994,0.03812753859102711,4.196088181153292,23.282264878066385
8985.937000000005,0.03302755339706766,4.196651206345776,23.28145534959628
8991.062000000005,0.03130593708393172,4.196940836867914,23.277190588973927
8996.187000000005,0.032352421400894414,4.196816303687198,23.289527267010698
9001.312000000005,0.03718026348525533,4.196330726118408,23.293692116112002
9006.437000000005,0.03412625201784488,4.196826227548234,23.277108626844765
9011.562000000005,0.03555504391545836,4.1966475224802755,23.282129817284382
9016.671000000002,0.03702233720233838,4.196567474354574,23.282164655039626
9021.796000000002,0.037469472222879135,4.196688625546933,23.28298470689799
9026.937000000005,0.030863216917928364,4.197031929619833,23.28337130587762
9032.046000000002,0.03479150484658718,4.19666615105868,23.282407356151044
9037.171000000002,0.03514475446207461,4.1968563294466215,23.27622410012008
9042.296000000002,0.03643229578842715,4.196542004508729,23.290863059444614
9047.421000000002,0.03336995035685571,4.196740301455773,23.272485056546714
9052.531000000003,0.03635693810519009,4.196505992351939,23.27856862394448
9057.687000000005,0.03468596305450373,4.196438037558887,23.27654603572943
9062.796000000002,0.03741610396936833,4.1966683239411235,23.271846008592703
9067.921000000002,0.03781081057854098,4.196760303292799,23.279983424593308
9073.046000000002,0.03451724210779544,4.197002925947384,23.28329754330237
9078.187000000005,0.03440112058267617,4.196981455474236,23.26367024559766
9083.296000000002,0.039561197782561223,4.196506382283573,23.276503233191733
9088.421000000002,0.02814492873694226,4.195942696465113,23.270899760150012
9093.546000000002,0.02559942216100693,4.195811673273589,23.274989272950485
9098.671000000002,0.024084046549441882,4.195946175543051,23.277977840902334
9103.796000000002,0.024067988124170155,4.195952330229148,23.27100332801735
9108.921000000002,0.02900511910615268,4.195705456606887,23.27667977059987
9114.031000000003,0.023760918291157458,4.195954305234601,23.277268320117905
9119.156000000003,0.02493771297626991,4.196071343521633,23.272508154335103
9124.296000000002,0.026158335251234083,4.1958982236092695,23.275475924651484
9129.421000000002,0.02847475928065567,4.195892623173545,23.270522888597824
9134.546000000002,0.025386751687956927,4.195687357236673,23.26707211960668
9139.733999999997,0.026743777927307054,4.195950655994761,23.267748792520813
9145.031000000003,0.0258848541957404,4.195775736641752,23.271431903508333
9150.202999999994,0.03038643255578385,4.195864814769042,23.274012261263298
9155.358999999997,0.022255393362546214,4.196208093386443,23.27918031095588
9160.5,0.023344878929286113,4.195989647625399,23.270320602336692
9165.625,0.02718169541021709,4.1962808977928505,23.26104308355607
9170.75,0.025774160450379772,4.195844185896091,23.268720111509374
9175.89,0.025106394515170015,4.195942861920684,23.270876418483578
9181.25,0.024645001175052365,4.195664709272216,23.265837648709304
9186.842999999993,0.023919550041748505,4.1957341564819535,23.267149429778183
9192.437000000005,0.022943880354143176,4.195929535177973,23.266955056159542
9197.625,0.02743964098312853,4.195666606498644,23.2607079277051
9202.796000000002,0.024667094815723004,4.195272442141089,23.262163291216623
9208.0,0.03719909934791217,4.196430642282533,23.261763342297282
9213.14,0.02425362531013139,4.195816828863695,23.25478981619696
9218.296000000002,0.02745954786003045,4.195871277813975,23.26271717394263
9223.421000000002,0.024615838636593654,4.195902636820326,23.26522593100764
9228.546000000002,0.023206268673564366,4.195757458455904,23.267974530541522
9233.687000000005,0.02595885319134387,4.1956519030736965,23.277049548309524
9238.812000000005,0.02517396452977318,4.195724177569763,23.262062202878244
9243.937000000005,0.02826334471418135,4.1955398926323335,23.262583262998483
9249.062000000005,0.03367216510687959,4.196649039336962,23.26186466434203
9254.171000000002,0.032987647387284685,4.196619377807524,23.26984761489712
9259.296000000002,0.03493749828095708,4.196712086084426,23.266873323611946
9264.421000000002,0.024909962324168377,4.195755940167368,23.276924519925807
9269.546000000002,0.025983550210561156,4.19592859789659,23.27223062834082
9274.671000000002,0.0274779576562295,4.195991913428738,23.272489025181784
9279.781000000003,0.029582449383536442,4.195785744368901,23.273213263217116
9284.921000000002,0.026501385996517277,4.195677205434846,23.271854231870485
9290.046000000002,0.022345227920905743,4.195942850819479,23.27229660700038
9295.171000000002,0.02498016790928748,4.195920405068179,23.270542172200205
9300.296000000002,0.026225797156873523,4.195826242680371,23.272789278897353
9305.421000000002,0.02590338044165651,4.195770681410877,23.280085171601993
9310.562000000005,0.021582221455909392,4.1959446605284185,23.26566184035359
9315.687000000005,0.025326978444531377,4.195820890771238,23.257304361577432
9320.827999999994,0.026004341532385847,4.195649829230827,23.261169646739127
9325.967999999993,0.025903219534852914,4.196149683874417,23.266198691828542
9331.108999999997,0.02467669246922886,4.1961111612056765,23.260866889194993
9336.233999999997,0.024578828795401013,4.195947053898869,23.261925084902177
9341.406000000003,0.025401603289842103,4.195597368901492,23.25536524482859
9346.531000000003,0.024079070412614763,4.19581087733447,23.252376623771152
9351.75,0.026953436610938648,4.195966771784526,23.263362529437103
9356.89,0.022565777989627205,4.195726758907159,23.254069864983872
9362.062000000005,0.02366292976878592,4.19607559613186,23.270157674449543
9367.187000000005,0.026573463372611832,4.19569030578476,23.268228066739344
9372.312000000005,0.027942766900899148,4.195669500306226,23.260997942464925
9377.452999999994,0.028900391123255948,4.195613598028762,23.266471077749248
9382.592999999993,0.024066791217011316,4.196010011676341,23.261029544219497
9387.765,0.02791402751332637,4.195745255400273,23.26473968038773
9392.967999999993,0.024282612440474905,4.195895278476701,23.260225385644496
9398.14,0.02806775481293416,4.195664773162933,23.251923105342403
9403.281000000003,0.026176716060422742,4.195769932711887,23.251158169391164
9408.421000000002,0.026000066600543402,4.195644591582014,23.24389913550197
9413.562000000005,0.024568783267050132,4.195941856799253,23.256235445713603
9418.796000000002,0.022716343059289296,4.1959514512505365,23.25246185761902
9423.983999999997,0.023847257438984262,4.195895319732376,23.255703261666685
9429.156000000003,0.026400014673923135,4.195836063842096,23.249114859512115
9434.25,0.022671073175502782,4.1959650432588385,23.24469724407647
9439.327999999994,0.02543298806507789,4.195806661371867,23.24893575369942
9444.358999999997,0.025437890314644596,4.19593215791625,23.24778349562491
9449.437000000005,0.026769581733079254,4.195994954782313,23.247143591370683
9454.515,0.02442571150075151,4.195815523458246,23.2450147136531
9459.592999999993,0.024307575400344304,4.195824855199368,23.24569919811527
9464.656000000003,0.022320403245895383,4.1955607818436755,23.24060911965169
9469.733999999997,0.029525181361469373,4.195697752773573,23.24311908954938
9474.796000000002,0.02746464547418843,4.195718802137956,23.243950787813883
9479.89,0.026403568153162433,4.195820170029851,23.25093929649762
9484.967999999993,0.027333882330560416,4.195655538068821,23.245224555884576
9490.077999999994,0.025628602183078247,4.195470294563403,23.238568345786327
9495.171000000002,0.03475918224875933,4.19680510220173,23.239692760413
9500.25,0.03295910708732242,4.196798446439978,23.24291655278122
9505.375,0.026681360262989826,4.19586906306024,23.24028957599069
9510.452999999994,0.024416810252172738,4.196041105001671,23.236972624929127
9515.546000000002,0.023465519044025385,4.195910891653806,23.230346846999243
9520.625,0.028402016201915875,4.195809290099321,23.237840176023116
9525.656000000003,0.02616206466716678,4.195704538512071,23.23144721736669
9530.733999999997,0.02422348245789972,4.196006958794818,23.232790076290392
9535.812000000005,0.025359925699463916,4.1956430576776915,23.22510422964949
9540.89,0.024519985032354197,4.195797652315137,23.224447256592097
9545.967999999993,0.024002577124014105,4.1960154454347,23.230677624464988
9551.046000000002,0.02524890735187487,4.195821588129246,23.22819180371968
9556.108999999997,0.025776866007655212,4.195848616855701,23.215208862629883
9561.187000000005,0.026372734865617625,4.195914251553302,23.22009164853569
9566.281000000003,0.02360382765962044,4.196160462567507,23.215604359990472
9571.312000000005,0.0214268831578466,4.196183501393029,23.22103105151517
9576.39,0.02307965935127243,4.195837138591433,23.227863519039165
9581.467999999993,0.02431095333826348,4.19588523366255,23.222295233173597
9586.546000000002,0.023214388210537933,4.19609336798874,23.216545505807936
9591.625,0.029592454744348875,4.195923336391616,23.222791464768488
9596.702999999994,0.02699825762017526,4.195893379496945,23.218095197933426
9601.765,0.026964218344060337,4.195809890479382,23.214796339680383
9606.842999999993,0.025330094130815647,4.195937881957383,23.214124619329237
9611.937000000005,0.027429219279715155,4.196006763373023,23.216508590229527
9617.046000000002,0.026793461049832913,4.195931103898298,23.222978196145753
9622.14,0.022456336177198156,4.1957718792588805,23.22349657138578
9627.217999999993,0.026781280129535408,4.196110240047475,23.221988714386317
9632.312000000005,0.0230911633446968,4.195829542971615,23.221281965027472
9637.342999999993,0.02495762074101317,4.196411712560777,23.216063253477706
9642.421000000002,0.024504367775760084,4.196132510634628,23.207959690265604
9647.5,0.024990759617096892,4.195966045893071,23.218511975036044
9652.577999999994,0.024227016064446955,4.196103435507362,23.224810933864216
9657.656000000003,0.024565603574094267,4.195694312349052,23.224776100965972
9662.733999999997,0.027035047431755367,4.19605922280587,23.23311321575609
9667.827999999994,0.028609028786975334,4.195903473566321,23.238836928986874
9672.906000000003,0.024467714585469154,4.195795803487799,23.240395432088157
9677.983999999997,0.024949467030362615,4.195954285006942,23.227184179369782
9683.077999999994,0.026349925290546274,4.196300021692499,23.223256487109193
9688.156000000003,0.023096924361245625,4.196066952225297,23.23500743794858
9693.233999999997,0.025529148940016476,4.196178722954779,23.23438909050288
9698.312000000005,0.01872034630868418,4.196304382289203,23.22427640190564
9703.327999999994,0.0032303744260168774,4.171420982399324,23.238635680445302
9708.281000000003,0.0007563164686342066,4.180436834620993,23.277562363507673
9713.312000000005,0.0010652131723656966,4.183036338741642,23.300447813675035
9718.265,0.0030239291956171734,4.184252392340665,23.312355341699206
9723.296000000002,-0.004291629530771766,4.1851279028184525,23.32527708091536
9728.312000000005,0.0011824677440785212,4.185988600134937,23.327727844751145
9733.265,-0.003960193258374428,4.186435438078426,23.32447989201347
9738.358999999997,-0.0010927737932560572,4.187026191156778,23.334307880393588
9743.375,0.002330154845566072,4.186779797133084,23.337232007430153
9748.358999999997,-0.002992642236207685,4.187314414906244,23.330400912570123
9753.358999999997,0.0005362489470939149,4.187496502835292,23.3345123906267
9758.375,-0.003710345901358636,4.18761366775491,23.33389791113489
9763.327999999994,0.001045588508254001,4.187585980981421,23.332384061335354
9768.358999999997,0.0025717107053048814,4.1878095918880565,23.31846304119571
9773.312000000005,-0.0031851849764035567,4.187959998128471,23.320857211442547
9778.733999999997,0.00015763393803420935,4.187900641546804,23.316080236519305
9783.733999999997,0.0016900627308847238,4.188365657202971,23.313782319789286
9788.812000000005,0.0014846303468717696,4.188317619727872,23.308614496096094
9793.781000000003,-0.0025191409082284118,4.188341269624823,23.30732864994499
9798.827999999994,-0.00127432262030748,4.188275782203897,23.313141745131862
9803.842999999993,0.0011775859567352302,4.188496579977683,23.314012053887886
9808.827999999994,0.001972188030690395,4.188137259134955,23.304967908277106
9813.842999999993,0.004465315475740798,4.188558010417995,23.30283342651605
9818.858999999997,-0.0029236604296206717,4.188653732037158,23.30442278057782
9823.812000000005,6.90238568192623e-05,4.188527313258498,23.307235614617234
9828.842999999993,-0.0007373829473394136,4.188736510243143,23.307097671066362
9833.858999999997,-0.001456113431083639,4.188456223967614,23.299868000158774
9838.827999999994,-0.0017202032355722152,4.188549700137382,23.2972209525694
9843.842999999993,-0.0029503484129548042,4.188759405696333,23.308920930472485
9848.812000000005,-0.0017094638067259246,4.188799139466281,23.306300277688774
9853.827999999994,-0.0013743181119992376,4.188860831724426,23.304710232288194
9858.858999999997,0.003523264636948839,4.188985232279622,23.303326637309546
9863.812000000005,-0.0036224911771403326,4.1886463592399314,23.295771950240415
9868.842999999993,0.004484372735939312,4.188643611773077,23.294599422841976
9873.858999999997,0.0007079055325796905,4.189021081418107,23.303372201778117
9878.812000000005,-0.001370536747193965,4.18875303130453,23.28809575811717
9883.842999999993,-0.003044791499651598,4.188753090802047,23.29590472194658
9888.906000000003,0.0016611960588519305,4.188947964789595,23.286364909845865
9893.842999999993,0.0023141651005577457,4.1887594740110465,23.28927539206554
9898.875,-0.0020488536851879973,4.188756716756842,23.29423908222116
9903.906000000003,0.003523801684913803,4.188824793373089,23.291620546422
9908.875,-0.0011414084765799361,4.1887728021772395,23.28828847581112
9913.906000000003,-0.0030216269998945724,4.188886511011572,23.28283521390351
9918.921000000002,-0.0012901105082238375,4.188749073007447,23.281744092895384
9923.906000000003,2.9006037120189305e-06,4.188765825624049,23.288219255133207
9928.937000000005,0.0012293593284898852,4.188881338234599,23.275841776564402
9933.952999999994,0.0024198346552402033,4.189209607005932,23.271498686271432
9938.937000000005,0.0017075870183613116,4.188990167197865,23.276011931357186
9943.937000000005,-0.00031548191996155826,4.188996527900574,23.280829227611996
9948.967999999993,0.0026619007494962077,4.1890197434734615,23.27425585856147
9953.937000000005,-0.00275190403043404,4.189057335760457,23.270311684414487
9958.967999999993,-0.0008073557093826799,4.189212643586992,23.27848137357322
9963.983999999997,0.002214236959509167,4.18889716902958,23.273045061415147
9968.967999999993,-0.0033565129785466993,4.189033776617356,23.27744145208512
9974.0,-0.00015712172964241908,4.18892569908687,23.270656998041336
9979.015,0.0010147859321665217,4.188867327780218,23.269246766982523
9983.967999999993,-0.004026880724753362,4.189093659327805,23.27972821767737
9988.983999999997,0.0014904288258666392,4.188819216866312,23.280862290932124
9993.937000000005,-0.0010150807722144016,4.188995014589832,23.272102744931598
9998.967999999993,-0.0018464411326584436,4.188999202409523,23.278300969896318
10004.0,-0.0012577305636175835,4.18882548744,23.273778949644605
10008.952999999994,0.0016048560488440718,4.188808811866863,23.274031609292265
10013.983999999997,0.0010720432909990304,4.189014825276621,23.26837010246878
10019.015,-0.000260308678530797,4.18907614920427,23.273325655596054
10023.967999999993,-0.0009880393174286873,4.188831099355082,23.26985216739731
10029.0,-0.003760502701509944,4.188789680002807,23.262281565030346
10034.015,-0.00018094836970262377,4.18874253886159,23.259059388665044
10038.967999999993,0.0015834206569827806,4.188657220077122,23.260530624810066
10044.0,-0.0010956597419833401,4.188861622687995,23.26498006403795
10049.015,0.0018335865549486267,4.18867195381522,23.25963585933789
10053.983999999997,-0.005747293998048438,4.188877886590878,23.256919570381655
10059.015,0.0009080870761500522,4.188609804933329,23.253140990046692
10064.046000000002,-0.0005273464184025468,4.188889863244797,23.26219625486488
10069.015,-0.0004317876938724886,4.188996991598764,23.259416561952698
10074.046000000002,0.0021073162904136217,4.1888414579136235,23.25407215443065
10079.062000000005,0.00032214569846301694,4.188726738189193,23.259893817124993
10084.015,-0.0031371931897130776,4.188822667171658,23.258417148516212
10089.031000000003,-0.0005208242533053846,4.188928326515048,23.252585935609314
10093.983999999997,-0.001826362825233363,4.188865658021632,23.250657499410252
10099.0,0.0005584463132597893,4.188826318680495,23.260568751283838
10103.952999999994,0.0013411360401034632,4.188561456677128,23.249506193292824
10108.952999999994,-0.002079264272195493,4.188732680050633,23.24933700746937
10113.906000000003,0.004888865872878724,4.188411949177534,23.254566737425765
10118.937000000005,-0.0005198499244013038,4.188653098481978,23.254672811720265
10123.952999999994,-0.0014714943203407939,4.188716601993031,23.241595266744593
10128.937000000005,-0.00030473226569394405,4.188390423408137,23.248844591083742
10133.937000000005,-0.0009684006911434621,4.188477490123245,23.246761475393086
10138.967999999993,-0.0019267815235616986,4.188709285824611,23.241512888069376
10143.921000000002,0.00025101205356886094,4.1887077081488755,23.24106502495688
10148.937000000005,-0.0004330215778246807,4.1885586487874304,23.24428346110797
10153.89,-0.000860599986258287,4.188626603972235,23.247348103333863
10158.921000000002,0.0005804284511010309,4.18847323622319,23.246855208268784
10163.952999999994,0.00036868541594562755,4.188556459901206,23.240268527451548
10168.906000000003,-0.0013707887780312232,4.188740801728792,23.255705318237432
10173.906000000003,-0.0007131525516745371,4.188596321570132,23.254096405696274
10178.858999999997,0.0004993915744543631,4.188662276762089,23.258789699756136
10183.875,-0.0016365270853532798,4.188899045189233,23.257309845797863
10188.89,0.0004417542929273807,4.188599403144726,23.243050729240537
10193.875,-0.0007316069459185288,4.188579379356817,23.25058328951584
10198.875,-0.0005922818873347747,4.188468432501208,23.24997950712823
10203.89,0.00038643211290060074,4.188691260315447,23.25145664695244
10208.875,0.00024746519179127296,4.188489732883229,23.24948282663155
10213.875,-0.0010092353171726731,4.1884652012508425,23.243989705723937
10218.906000000003,-0.0031630516601889942,4.188367801689123,23.238242190417623
10223.858999999997,0.00060690450584949,4.1884786927185305,23.239427899408266
10228.906000000003,0.0008995491275259942,4.188384216252252,23.24994259091958
10233.858999999997,-0.0014403400821538942,4.188295822926989,23.241425958109108
10238.858999999997,-0.0029511561700574225,4.188714140098622,23.23440520108039
10243.796000000002,-0.0008279122758678035,4.188542395636788,23.228288226277094
10248.812000000005,-0.001144268830761226,4.18848334687904,23.222576038644412
10253.827999999994,0.001164416501169818,4.188519218365589,23.224306443484448
10258.796000000002,0.00026674617311299236,4.188496262247687,23.24008800107286
10263.827999999994,-0.000663482560773345,4.188559799314012,23.22815418961155
10268.842999999993,0.0013493427402328805,4.188409192226977,23.2254210169401
10273.827999999994,-0.002847115184796586,4.18865774252372,23.231774169433994
10278.827999999994,-0.00017824054429409523,4.188477172348038,23.232292470275233
10283.765,0.0007601766500517749,4.1883167706366455,23.23090654104997
10288.812000000005,-0.0010224195387788415,4.188372793162037,23.237914151742146
10293.827999999994,-0.0032304939678592945,4.188440122071528,23.2457153113421
10298.796000000002,0.00027424601316206423,4.1884050050175174,23.23721291717643
10303.812000000005,-0.0003679057116340657,4.1881726796332455,23.24954432256487
10308.858999999997,-0.00021824117442200374,4.188397111823151,23.252179915432986
10313.812000000005,-0.0015811499395127749,4.188380240850996,23.243942714609688
10318.842999999993,-0.001094703255200097,4.188410362442816,23.232545307443218
10323.858999999997,0.0005691477740898242,4.188242710565835,23.248840639434075
10328.827999999994,0.0006790472957849336,4.1883304620093025,23.242128876831536
10333.827999999994,0.0010731201893417522,4.188306053893665,23.242648579460024
10338.765,-0.0016434567285194795,4.188292594985567,23.239375533295192
10343.765,-0.0014313720340791147,4.188457057481876,23.24779646255814
10348.781000000003,-0.0006386414940217199,4.188156071491993,23.24273044317579
