time,current,voltage,temperature
0.0,-0.0008657090872617201,3.519190410927073,33.71876019570778
2.4529999999999994,-3.628238174046095,3.200904668646634,33.641058929263814
8.125,1.5137632474233846,3.5944450168624593,33.6512742567673
13.625,1.5157460990438327,3.6401072234820124,33.6250666068678
19.063,1.515051376522209,3.664816144757401,33.58507123814318
24.516000000000002,1.5134430735196571,3.6841068754906887,33.52278060497541
30.016000000000002,1.5124273925294571,3.7009556578763543,33.449115169337944
35.453,1.51849511070134,3.71540838254297,33.3746070536864
40.891000000000005,1.5163674250660515,3.728946211148364,33.29810867465649
46.328,1.514423476671237,3.740959646042915,33.21525957681236
51.813,1.516249444459042,3.7522964078397023,33.12592502988024
57.235,1.5172688532064245,3.7625004752529425,33.0438556086447
62.672,1.5164544150988197,3.771927665924223,32.973427408099305
68.125,1.5170057031147521,3.7807641723876046,32.892077095169455
73.578,1.5155795615734962,3.789243180421008,32.81549463110705
79.016,1.5163562656718208,3.796543232013255,32.738736407118154
84.469,1.5190739591431304,3.8037243588957566,32.67030169559217
89.953,1.5138212371972477,3.8097974256847116,32.60222902543914
95.375,1.5160147506935635,3.8158988989950458,32.53794724847059
100.844,1.5167154680188413,3.8206508176736866,32.45933823743525
106.313,1.5135611976310106,3.825014338590592,32.38768686371426
111.735,1.5147077832337539,3.829071820589058,32.31604367955986
117.219,1.514358877409622,3.8328058809259034,32.249260284252884
122.641,1.5167705278700094,3.8356713021616935,32.17994129828642
128.063,1.51365531580518,3.838414921288641,32.110428669938976
133.485,1.51791155374453,3.8409817875670504,32.053603386100185
138.938,1.516573791536836,3.843202616597959,31.997492969956976
144.36,1.517945242205874,3.8454568644023928,31.93283080700927
149.844,1.516384497702647,3.84747170209303,31.88108245427778
155.25,1.5166492060415695,3.8492904776445647,31.821198557594048
160.703,1.5157166884397257,3.8512952519689447,31.759525243747703
166.14100000000002,1.515751511466864,3.853184553939609,31.716597792914694
171.61,1.517833586769079,3.8549965323335873,31.656607581404927
177.047,1.5181787660829367,3.8567976516633866,31.592559389044617
182.453,1.5157787910774345,3.8587702820068173,31.537951732639876
187.907,1.515978720890902,3.860576356138274,31.495306259617006
193.328,1.5179792389173818,3.862332666293057,31.43910503679335
198.75,1.5121675198871798,3.864235484779987,31.388475259432745
204.203,1.5170601682485034,3.8660856928614984,31.325394156569747
209.61,1.5130494362173397,3.8680876731606073,31.281769242806487
215.03199999999998,1.5132448185925589,3.8698648951494308,31.23930233619082
220.51600000000002,1.5140261598407605,3.871761927369554,31.195124836661442
225.922,1.5151228033183648,3.87312435396211,31.14584454306443
231.344,1.5154297432416566,3.8752942383236917,31.092222294376352
236.828,1.51403917560424,3.8766277503083066,31.04682239413986
242.235,1.5185614659700004,3.8787557851250525,31.01350268096049
247.657,1.5161386751565684,3.8800319317361778,30.96435175462279
253.11,1.5169725912821432,3.8821987645291935,30.904236507175053
258.547,1.514484998284056,3.883690705923658,30.860418953533582
264.016,1.5129816171582524,3.8854742932976714,30.816710409057627
269.453,1.5167545182042996,3.8870532349102533,30.78559824681346
274.875,1.5159223056708044,3.8888659997272357,30.74632516068417
280.282,1.5130170069000342,3.8904165938319215,30.695365709716956
285.703,1.513250375153349,3.8921536994506103,30.657533774095516
291.157,1.5178677621504395,3.8935978911488816,30.620666767680415
296.563,1.515792231362657,3.895397205480376,30.58265413663802
301.969,1.5159974562856695,3.896841218023256,30.55161016722007
307.422,1.5155559860414276,3.898517355772613,30.503315636024723
312.875,1.5144278612140636,3.8999114660116323,30.462102136973442
318.297,1.5170866199199171,3.9016402167595947,30.418792016551443
323.703,1.5161811360090751,3.9032347027635503,30.379481329098812
329.157,1.5119103572501085,3.9047039812329656,30.34722465064526
334.578,1.5177526699858128,3.906133075039191,30.31609819941153
340.0,1.513921362481416,3.9080278307380674,30.275236034435338
345.782,1.5183622668068497,3.909393098792132,30.232347358410877
351.282,1.5140875208625402,3.9110634529297057,30.21232293215334
356.86,1.516933502776502,3.9120615974900437,30.17174637804499
362.5,1.5125166797100569,3.913645176115155,30.14850449274618
368.032,1.5182264947351534,3.915467404402489,30.10787977644885
373.641,1.5150783658268105,3.9167671612511663,30.06502900680709
379.235,1.515988290086293,3.9180484553781088,30.031673216544938
384.782,1.5157085812693356,3.919086715527489,30.004031370398927
390.375,1.5163948882002387,3.920867259029181,29.97043175411658
395.922,1.5169270542056492,3.9219901600521023,29.921949745873036
401.5,1.5151779254717792,3.9233199492313013,29.88802003864027
407.11,1.5140199495931193,3.9247055712364114,29.867884557986645
412.641,1.5159798704855376,3.925893903020092,29.84019166939732
418.219,1.5150398999924297,3.9268308191564514,29.814069987164878
423.828,1.5163169244709893,3.9282176471774353,29.7797704258544
429.375,1.5177795879617182,3.92963165045923,29.75709597584503
434.969,1.5160622842408318,3.9306470616587954,29.714585038569084
440.563,1.514683000178624,3.931964160757876,29.696331927206202
446.11,1.512516689833831,3.933034522340827,29.663412632783924
451.688,1.51443029392853,3.9343751618395286,29.62369968909438
457.297,1.5152590818066691,3.93543995721676,29.606207506927387
462.844,1.512482998083554,3.9363026582265324,29.565824530606356
468.422,1.5149354622273028,3.937563014459767,29.548102433063296
474.032,1.517322385524707,3.9387404307740796,29.51405149648086
479.625,1.5132631619635373,3.9399756798141357,29.49137720818311
485.235,1.5165425387815206,3.9410806321334424,29.45455460967742
490.782,1.515186008517408,3.9421217251375014,29.42263952797277
496.36,1.5149427751235938,3.9433355320931778,29.405907456940508
501.969,1.511914541705411,3.9443284761903725,29.386397612725094
507.485,1.5140714337421908,3.9453986158991916,29.35141659204007
513.078,1.5175409146321217,3.946601952686717,29.320645423470236
518.672,1.5167279685312045,3.947455627299883,29.304556280437943
524.188,1.5163173735491686,3.948521224599692,29.283705792780374
529.766,1.5172970319954757,3.9494111631871167,29.2545746297273
535.375,1.5185004955506938,3.950659904465912,29.234765781976996
540.891,1.5143376024287587,3.9516289606894097,29.20784433602573
546.469,1.5161276716330314,3.952508977265203,29.1952203568035
552.047,1.5155763230003203,3.9535187716772597,29.16008608667343
557.578,1.5167974361412522,3.954644105694731,29.125824692894813
563.172,1.5129722605795468,3.9555563856708313,29.10116113936292
568.75,1.5163648279078064,3.956257650497621,29.09545252575244
574.282,1.5129868372822544,3.957236153439701,29.073393454458966
579.875,1.5141016042054998,3.95828925663605,29.039767186615816
585.438,1.5176315990358296,3.9589584433882417,29.017723817603343
590.985,1.515048789168978,3.9599162203253795,28.998100684615263
596.563,1.5161343900755886,3.9609114597026003,28.978398859688593
602.141,1.515409549176622,3.961936295547703,28.958020059256754
607.672,1.514705400146245,3.9628496073052624,28.935106133112445
613.25,1.5153360620017493,3.963547978331818,28.91840139271959
618.828,1.5183865700139387,3.964145627724796,28.895787079569608
624.36,1.5187620329726852,3.9652122411512347,28.874845467141462
629.969,1.5161762005317663,3.9662647644272138,28.851486751546496
635.578,1.5147559541792797,3.966992875644944,28.828478329077136
641.094,1.5151988337292208,3.9679074617206638,28.796809640487922
646.641,1.5134949885743236,3.9686735163141926,28.782330343889274
652.25,1.5168817878830654,3.969590132348336,28.76638933972654
657.797,1.5144832562335433,3.970517028825402,28.755405650565216
663.344,1.517305927290493,3.9714784616403374,28.722707562237716
668.969,1.5160224236991544,3.9720551523916607,28.714456001592925
674.516,1.5153566704492916,3.973113266930003,28.69370559078321
680.11,1.5156656168891367,3.97403128247307,28.679204994742772
685.657,1.5166334556997807,3.974728637460668,28.676002185209516
691.172,1.5147325652393202,3.9757024303360557,28.65785161887683
696.703,1.5151873157870808,3.976449325420158,28.64363024640709
702.297,1.5152058308606529,3.9771738423849086,28.619529496832254
707.844,1.5150325715401498,3.9780324631387054,28.595475258977658
713.36,1.516705214736027,3.978690399477924,28.58281918578062
718.969,1.516589421912668,3.9796179999967247,28.572037789164344
724.532,1.5145276227153872,3.980531858198963,28.551566905860692
730.11,1.5139435286533678,3.9816467163199025,28.530923337075553
735.657,1.5123783386309109,3.982476461211561,28.51024959180818
741.203,1.5154831861477307,3.9830536083328507,28.503863209576405
746.813,1.5136393551854292,3.984090411945972,28.496954614559517
752.344,1.5165023228760066,3.985021878922017,28.47837412936616
757.86,1.5166720112685643,3.985888781278053,28.465473628366457
763.407,1.5167886522747631,3.98634404046555,28.434610351261217
769.0,1.5168197705259456,3.987348586754225,28.417024995208493
774.547,1.5165721507584873,3.9882721977165065,28.40460824207461
780.078,1.51511333087698,3.989026398736155,28.387189376148573
785.657,1.516818814561838,3.9900463568280187,28.37970311699174
791.203,1.519383178101463,3.990978375962111,28.367081800699392
796.75,1.5169795825509211,3.9917387826545645,28.353409990974487
802.344,1.5159721630117746,3.9925914391751287,28.345239793321483
807.891,1.5163332468515323,3.993243500000998,28.327476721943484
813.407,1.5146770413072017,3.9941669850050574,28.31292848404497
819.0,1.5140564766705966,3.995157415013473,28.29394727141657
824.532,1.5168237165808474,3.9962744562085994,28.288039316269128
830.078,1.5152913830557149,3.996735646114625,28.26908294041992
835.657,1.5141113852583936,3.9975530885107227,28.25323169671688
841.219,1.5160859136886211,3.9980987314680205,28.240618172899957
846.735,1.5153178903392464,3.999212077315259,28.235509759707806
852.25,1.5154060366806357,4.000133687044016,28.234573604701684
857.782,1.5128742578209364,4.000727889440554,28.21946328861394
863.375,1.5127608359714961,4.001813263462071,28.201376943394433
868.922,1.5188143293443566,4.002696569350417,28.187403704345154
874.438,1.5129723393775054,4.00317625528094,28.17447347284911
880.016,1.514040035677341,4.004219125162038,28.15500188768551
885.563,1.5145184277173382,4.005190293919192,28.15206625806778
891.078,1.514970835541819,4.0058031616074015,28.158762491721085
896.641,1.5174710424861257,4.00677583066283,28.1556212109504
902.188,1.5170175397432892,4.007462709621053,28.137459257902407
907.735,1.5169612906155963,4.008295454911447,28.11603177151973
913.344,1.5146172512374028,4.009244263851316,28.10739778006152
918.875,1.5158220037167556,4.010123791423508,28.102017611492535
924.485,1.5142205141068994,4.010878601257697,28.09006126755221
930.063,1.5173771409884826,4.011590949906619,28.074563232969247
935.657,1.51822378994681,4.012460434038284,28.065213897146794
941.219,1.5171533370923849,4.013289845215239,28.063865997449494
946.75,1.5171427829659134,4.014488505399697,28.048625483907752
952.313,1.5167604192729034,4.014810190657093,28.043172633121777
957.86,1.5165489518727813,4.015532442537793,28.033075175254623
963.375,1.51665279243444,4.016528170415965,28.02489404776968
968.938,1.514519226228483,4.017145992564519,28.010874396340405
974.485,1.5112301052581083,4.017958126384226,27.999062604104807
980.047,1.5130663843884273,4.018899412620282,27.995431482624515
985.563,1.5161188784228445,4.019799622368476,27.986139389592967
991.125,1.5134627878564753,4.020512761124483,27.97134454130325
996.672,1.5169198258679797,4.021414139336329,27.959311292450455
1002.188,1.5133713896192642,4.0222221270383285,27.967601889034604
1007.813,1.5158815674139057,4.022802818858679,27.960990988153313
1013.422,1.5148919523576672,4.023537338057007,27.9568982140334
1018.985,1.5136577249681675,4.024440318377104,27.942157003070395
1024.516,1.5160845834375527,4.025250361726666,27.940307591330747
1030.032,1.5190523334970973,4.025813843088734,27.931303434725187
1035.672,1.5174909623598356,4.026968192627571,27.922983878290864
1041.25,1.5166684359387828,4.028040303648655,27.90889696539187
1046.813,1.5174728640925628,4.0283787372319875,27.908185315468206
1052.36,1.5162270015863197,4.029401373885585,27.898919434999762
1057.907,1.513655399930356,4.030241617117184,27.896760475609426
1063.438,1.5158761641199001,4.031182445405574,27.891644410080932
1068.985,1.516241877762318,4.031696642206854,27.88688057718281
1074.547,1.515278339901151,4.032520471150793,27.882189080618833
1080.172,1.5154969313505393,4.033244148487644,27.875309467184575
1085.688,1.5125484666925297,4.03416014517825,27.856497255591908
1091.266,1.518113915677941,4.035054217840435,27.85419668100777
1096.797,1.5154892257442099,4.035673439021923,27.85263697795819
1102.313,1.5132611741663864,4.036786632782674,27.852813594981043
1107.907,1.5144748019051502,4.037367771651122,27.843400697774406
1113.438,1.5145593200668106,4.038167014629434,27.83782216670518
1118.969,1.5159366806602592,4.038836335722824,27.835491637259857
1124.563,1.5150323052085393,4.039860452090377,27.832985982923216
1130.094,1.5157728364642753,4.040470750697684,27.823043482050334
1135.641,1.5175421179157904,4.041199977610358,27.8144740787218
1141.25,1.5179437551904653,4.041997024240736,27.80980212138849
1146.875,1.5187598806639928,4.042857761268514,27.804058595627502
1152.422,1.515962906077875,4.0435146474878785,27.81471147193515
1158.047,1.5163399306164653,4.044663745911567,27.809958102344133
1163.688,1.5173134249045195,4.045284049364325,27.802023100181945
1169.266,1.5170852862483062,4.0460302688198,27.786535456585987
1174.828,1.5159186198333578,4.047228639366351,27.790127760163163
1180.422,1.5186833243604045,4.047751863126633,27.788611854823504
1186.032,1.514560748096267,4.048732722630508,27.79180786872193
1191.61,1.5163520309711396,4.049614472758259,27.79590298518914
1197.219,1.5147142393604778,4.050536783009194,27.78230165592853
1202.75,1.5135751483086335,4.051124397857553,27.77245681669219
1208.297,1.51567421258746,4.051801618242533,27.766004346257517
1213.922,1.5155930518100296,4.0528357035206755,27.764075805770048
1219.5,1.5166523220440475,4.053783439780294,27.771463116675577
1225.047,1.517016584790325,4.054457320473336,27.763454723806746
1230.61,1.5138612884430869,4.055471964212989,27.765545280016468
1236.219,1.5156538396853607,4.056072335975631,27.750518993239766
1241.75,1.5172900666939901,4.057032039218481,27.743530452836044
1247.328,1.5171066725803322,4.057779291394429,27.75380787065737
1252.86,1.5167486002573232,4.058749316527483,27.7497142864102
1258.375,1.514323032384054,4.0593627641562735,27.75653372269437
1263.969,1.5154054719190941,4.060344536026676,27.74296698952564
1269.532,1.5185176330775083,4.061157601425951,27.74076220150479
1275.063,1.516889931092949,4.0620990340683925,27.729854025447562
1280.625,1.5130656336894122,4.062918591737668,27.72795174927673
1286.172,1.5135796653366063,4.063863083491073,27.7315826084111
1291.672,1.513439330729026,4.0645245735886855,27.728757890358
1297.25,1.5176525458035373,4.065522340553915,27.72743485085066
1302.813,1.514436933991143,4.066403020005494,27.732763558927328
1308.328,1.5177567779602852,4.067145715825554,27.72904387243607
1313.907,1.5131671308640204,4.067951500827288,27.72941465701601
1319.453,1.5167238792568674,4.068893286341899,27.733126630684467
1324.969,1.5149151357752468,4.069988134313415,27.726577309954493
1330.547,1.5149729426979168,4.070642006118245,27.730679401974562
1336.078,1.5186603992657244,4.0715988793613205,27.733479139256566
1341.61,1.516088967261013,4.072553452286333,27.725782154572045
1347.125,1.5160709154140197,4.073256652159582,27.724519798801076
1352.703,1.5140305211142917,4.074219037276124,27.720340007338745
1358.25,1.517218317565741,4.075121126741917,27.721307567208054
1363.797,1.513956882454274,4.076251188700407,27.73341897519283
1369.375,1.5169703171203899,4.077125481266107,27.729082937672068
1374.922,1.5166970089500154,4.077948372233189,27.73279808298594
1380.438,1.5141282712852526,4.078785322613521,27.736662941227802
1386.016,1.5171629225169112,4.0794785408283785,27.72901016069797
1391.547,1.5148127019202466,4.08062584825894,27.73219695837114
1397.063,1.5170271437431533,4.081378358073179,27.730947280227078
1402.657,1.5157435249930966,4.082758477664961,27.738734830285075
1408.219,1.515775056732083,4.08304392144686,27.732900912214646
1413.75,1.518335525054935,4.084085364884082,27.736956335101343
1419.313,1.5123282456200886,4.085058193756364,27.736691995961905
1424.86,1.5132720625283993,4.086166383023228,27.73498064945726
1430.375,1.516088999046923,4.0869488397380165,27.74558163459092
1435.938,1.5203788945718653,4.087615888305292,27.73392200671375
1441.516,1.5181116922444695,4.088736426331194,27.73483680300582
1447.032,1.5169037334738287,4.089473489235509,27.74045042878313
1452.61,1.5137219261071302,4.090903753341703,27.740379460661412
1458.141,1.5195141621044241,4.091489201898878,27.746680345349148
1463.657,1.5165647131783413,4.0925053666248195,27.748563711816935
1469.235,1.516457322961439,4.093764921867242,27.73719535527942
1474.782,1.5154249090925047,4.094162866646441,27.740857109027935
1480.297,1.5129228387284035,4.095183575078794,27.74915213173806
1485.875,1.515708854963932,4.096225451160015,27.742822401428562
1491.407,1.515122927814731,4.09696475892646,27.746586361740867
1496.922,1.515412721915993,4.097816459660351,27.748886392649716
1502.5,1.5159989346137979,4.0990989014489045,27.759674209595843
1508.078,1.5141820460969688,4.099958424267158,27.759972466644655
1513.61,1.5132253903298014,4.101145989267932,27.760166519853836
1519.188,1.5118145794636753,4.102047058450955,27.77454583295267
1524.735,1.517814519346166,4.102972684199274,27.77768031746837
1530.25,1.5162734950807462,4.1040727697205694,27.76655880725517
1535.828,1.5136359014991991,4.105069465548833,27.77584681970706
1541.36,1.514291264988485,4.10572756711687,27.77846276957596
1546.875,1.515221493040455,4.1069454176334625,27.788542369277383
1552.453,1.5153425880993372,4.107527945065949,27.78677304196295
1558.016,1.5150998486445657,4.108727406175995,27.78513586466891
1563.563,1.5142552470787847,4.109617681058036,27.793496722992163
1569.125,1.5166711846683714,4.110896537688086,27.799084323820534
1574.672,1.5193636558527532,4.111897421028817,27.80108866541854
1580.188,1.512794742882848,4.1126757339913995,27.79865942107263
1585.735,1.5144375508980026,4.113608692787138,27.79714193898241
1591.25,1.516569287743674,4.114842801805911,27.803894560193257
1596.828,1.5160268080981145,4.115679684484592,27.808368760044132
1602.36,1.515060300774425,4.116533247193738,27.81465130005193
1607.875,1.518429437561591,4.118025142326989,27.808010889934266
1613.453,1.5126782181522656,4.118462774073663,27.818524598525528
1618.985,1.5152198287201621,4.119649758867021,27.830018579653803
1624.516,1.517854854130539,4.12088482513186,27.83276171350632
1630.078,1.5124703058096327,4.121711008849666,27.830452197516856
1635.625,1.512819745249453,4.1226432789743335,27.84860156532952
1641.203,1.51650181330189,4.12367754521592,27.848827106034445
1646.782,1.5156873800065163,4.124947010564285,27.851966636055604
1652.297,1.516130054058449,4.125861004827198,27.850883575583254
1657.875,1.5171704045576662,4.126942491865249,27.858420315522775
1663.407,1.5147331885780142,4.127869645750399,27.859390466605223
1668.922,1.5199953169572225,4.128690405031189,27.86853992243848
1674.516,1.5130691053495007,4.130107208608235,27.87131874185793
1680.047,1.514902686380304,4.131031218822689,27.880437142628484
1685.563,1.5186124483172112,4.131745531562341,27.869522089046203
1691.157,1.5173835645535643,4.1330651684166275,27.881439251926476
1696.688,1.5134422600489867,4.134124623870051,27.895003596626555
1702.203,1.515887138001339,4.134998297492558,27.89367330793829
1707.782,1.5153509926161701,4.1361042236160745,27.89680409940719
1713.328,1.5165655197129346,4.137147685393933,27.906065386408137
1718.875,1.517126588028156,4.137972017732326,27.916414579592892
1724.453,1.5134534232480874,4.139135906555345,27.919533056067337
1730.0,1.5146815052822677,4.140133171094312,27.9278017955183
1735.516,1.5182112031671648,4.141662472092453,27.93092338455082
1741.094,1.5134468882409395,4.14233100297752,27.936589794177685
1746.625,1.5121271628092918,4.143569764826853,27.947519475785896
1752.157,1.5151902540563624,4.144383954970072,27.95292580568247
1757.75,1.5182775725826065,4.145297007999333,27.960849697300144
1763.297,1.5202656204670202,4.146157297046607,27.970436036130366
1768.813,1.5178785136329749,4.147555721104787,27.970640952229996
1774.391,1.5134462973347722,4.148719558463888,27.976551685678697
1779.922,1.5158784370318803,4.149767878471906,27.991292964492143
1785.438,1.5174319087070502,4.150432095072642,27.991889600022336
1791.047,1.5120804725681822,4.1518262074118715,27.99716396413746
1796.594,1.5154728584955426,4.152678021976129,28.01262708327641
1802.125,1.5180189826017796,4.153601131357037,28.020494625281252
1807.688,1.5183786767478695,4.154220143455474,28.02007889844547
1813.235,1.5170964548187356,4.156051647998791,28.03931697111957
1818.766,1.5210267846661543,4.156473057044893,28.039348192058945
1824.297,1.5156411721025296,4.157871114119209,28.04267618053126
1829.813,1.5156162267801792,4.158911104412501,28.052838979015206
1835.391,1.513913252481052,4.160037713901722,28.058459067103385
1840.938,1.5160592457456163,4.160641489283556,28.061129989613136
1846.453,1.51583610356221,4.161763007406111,28.080831482011533
1852.016,1.5158481006648663,4.162716996575105,28.08540855903072
1857.563,1.5166964404266932,4.163617464749664,28.094493541161693
1863.094,1.5199041500155295,4.1646899790143825,28.10412000402812
1868.61,1.5161251870949792,4.165660530394825,28.111143225015052
1874.188,1.516710227643946,4.166996461954658,28.106807211501337
1879.735,1.5169213696882118,4.167659689785999,28.119933767859816
1885.25,1.517464355673276,4.168601065017948,28.12923024756339
1890.86,1.5170255030918056,4.1697179320463125,28.129227878403388
1896.391,1.5176379898561447,4.1707947590950605,28.144715173794335
1901.907,1.5165423747730549,4.171767577267863,28.149773965340867
1907.485,1.5136883755708679,4.17276354759221,28.152700729328743
1913.032,1.5152641742188986,4.173841709080633,28.160784324347635
1918.61,1.5147830462667862,4.174718737931988,28.169954259593123
1924.188,1.513688727870584,4.175437380696889,28.174821514976077
1929.735,1.5139981747349487,4.176588585266425,28.187024974787448
1935.313,1.5147020409214005,4.177476418671105,28.1991592813649
1940.844,1.5186944501081312,4.17842387518738,28.207757234743184
1946.36,1.5145205984782657,4.179644811028054,28.225644863005343
1951.938,1.5138614452207113,4.180573046844673,28.228244657075813
1957.469,1.5155232874075586,4.181704485695791,28.235401291323132
1962.985,1.5141859970115679,4.182288891253172,28.247470826867307
1968.578,1.5176599729043743,4.183495644902364,28.248785047686198
1974.11,1.5161961488230677,4.184045694923882,28.2653780967749
1979.719,1.513934112770552,4.185396916839436,28.283109115633646
1985.266,1.5142639753309126,4.186006028836429,28.299982332614086
1990.797,1.5158513377728826,4.187080678107441,28.297788942128467
1996.375,1.5165689695649875,4.188158595183062,28.308239683535348
2001.907,1.5154874895156785,4.1889962734482395,28.323716504699725
2007.407,1.514714257741889,4.1898973932769685,28.33043533989686
2012.985,1.5156345501998898,4.190819452939062,28.33670534742903
2018.532,1.5164837249956353,4.19201446730379,28.347069607859694
2024.047,1.5138810095224484,4.19254586399272,28.360062755755788
2029.61,1.516005748901405,4.193746842178863,28.37225891784878
2035.172,1.5164272794419869,4.194459927678003,28.386468109458047
2040.688,1.516761564537914,4.195462459481707,28.395816072407435
2046.25,1.5193704608538292,4.196411464047875,28.39888530861233
2051.782,1.5153397873296137,4.197254194851854,28.41632382602612
2057.297,1.5145198285907484,4.198089700297871,28.433747561874156
2062.86,1.5173401205150845,4.1989955232043314,28.44705919714021
2068.407,1.5177796935877774,4.199805743365976,28.45173547850278
2073.922,1.5140145359129027,4.201125620583028,28.465225470066905
2079.828,1.4853765456427794,4.198920489116843,28.480717708242924
2085.453,1.4855056139025207,4.199419991124858,28.48909326921817
2091.125,1.482765798159671,4.200049472127763,28.504997408511834
2096.828,1.472564488525912,4.199636400772467,28.514916078763797
2102.453,1.4636236994587093,4.199417445987901,28.52337374942597
2108.125,1.4614983497935112,4.199822153185051,28.550269174311225
2113.797,1.451030474643067,4.199527776162477,28.55798984227023
2119.422,1.454201752326691,4.199989909619158,28.55797843680255
2125.11,1.4390028877500647,4.1997452867183,28.570609208084853
2130.782,1.431485348799827,4.199147497928695,28.57910430669061
2136.438,1.4255235349530113,4.19960572273624,28.58957839599805
2142.094,1.4158650425932862,4.199171262430081,28.60303953221347
2147.766,1.4137692913092326,4.1997148644244895,28.61175062117018
2153.391,1.4146048503046476,4.200297254252219,28.6221938310076
2159.063,1.4137108639633102,4.200497405251159,28.632791078275066
2164.735,1.4134484047141398,4.200942508459108,28.647372257837393
2170.375,1.4008478603719139,4.200743112329966,28.658039106133003
2176.047,1.39344343530537,4.2003970053189885,28.66330612788586
2181.703,1.3919704532464807,4.200674866685621,28.670651737488257
2187.375,1.3805915501771167,4.200310182635976,28.678384296844655
2193.047,1.3685814512783467,4.199810900418878,28.693285844939275
2198.703,1.3700690038902765,4.200105693233384,28.692602359048234
2204.375,1.3684273043124842,4.200599272215211,28.70966373965459
2210.203,1.3543934898819439,4.200068799763148,28.713308432653662
2215.891,1.3591532548339122,4.200583093747248,28.735932610814405
2221.594,1.341990179223741,4.200215905917123,28.7334298530584
2227.297,1.3445829918838914,4.200691984496189,28.740416638548798
2232.938,1.3354472455264819,4.200450666917038,28.750022260231635
2238.625,1.334813435171594,4.200702319605202,28.755947620356174
2244.328,1.3236445753970079,4.200724154200687,28.76392674776915
2250.032,1.3114342346690726,4.200099216843466,28.76612590780664
2255.735,1.3099409254400465,4.200275222182246,28.772016245699003
2261.375,1.3122776563004626,4.2006369445246285,28.771670848582783
2267.063,1.297624261956606,4.200369035970857,28.783837664756515
2272.766,1.2978585222013757,4.201058819441111,28.794974814211802
2278.453,1.2872390387471084,4.200756482713238,28.794252401318325
2284.094,1.27520314715086,4.200256165523969,28.798491363670504
2289.782,1.2764453132312084,4.200444923348282,28.79935674680957
2295.469,1.2776991077439321,4.200709178105881,28.806015182756713
2301.157,1.2634721370833017,4.200241042328165,28.811678295481325
2306.813,1.2649500040239945,4.201121673562302,28.818717313391698
2312.485,1.2506252052705193,4.200518912938462,28.81615368861886
2318.172,1.250699193205704,4.201274566056568,28.80906919416311
2323.891,1.2400505301187483,4.20028860421758,28.823335439820127
2329.594,1.2378041739833316,4.20092253896312,28.82102590933528
2335.235,1.2396353315138013,4.201580431630955,28.82247086257096
2340.907,1.2275324440007247,4.20125758175753,28.823379782992507
2346.61,1.215970738485698,4.200800994211738,28.81745518695833
2352.282,1.2164530827789315,4.2011096668631405,28.822676929674127
2357.907,1.2195621381868025,4.2016758355496,28.822124615447482
2363.594,1.2022108017862778,4.2016645040500435,28.82113450907578
2369.282,1.194799720426295,4.201279162840718,28.82248896575129
2374.953,1.1816639689070076,4.2008953202256665,28.817764158944232
2380.922,1.1837163888390634,4.201078897044171,28.821247804421624
2386.703,1.1799472886734137,4.201728276756893,28.825864054809713
2392.469,1.1705910386218252,4.201327221868685,28.820622042005617
2398.25,1.1561751338889454,4.201101966053462,28.82143393789661
2404.016,1.1577537881057833,4.201479632457293,28.80652557987897
2409.766,1.1343431867488196,4.200394695820668,28.814227141433904
2415.532,1.1351410155418813,4.200780030505789,28.80767577398832
2421.313,1.1328292800650297,4.201326189874115,28.804663837975518
2427.078,1.1301194790391895,4.202085853883175,28.804006662393014
2433.188,1.1230462665715713,4.201701899567464,28.798737377893286
2439.125,1.1127221313752584,4.201251355594456,28.79080348827798
2444.985,1.1111090636075742,4.201726770598156,28.788592448718617
2450.938,1.090642437310498,4.201126382672532,28.777973101219082
2456.813,1.0914579165099736,4.201261907324604,28.766785003238994
2462.735,1.0887413897182552,4.201457863417015,28.76183886824144
2468.672,1.0878012678618123,4.202417929374681,28.758016998803473
2474.61,1.0781781206381253,4.202164519082261,28.75061843975164
2480.485,1.066631119006483,4.201884398138944,28.735725690349653
2486.422,1.0540639077949723,4.201420946071553,28.73768770324767
2492.297,1.0527303073268623,4.202110484762181,28.731451014483255
2498.235,1.033758347725512,4.200857541511057,28.723492071545213
2504.125,1.0202994990331766,4.200129133880824,28.71428574384237
2510.078,1.0201144026407643,4.200692276781177,28.700585487822767
2515.953,1.0122537781694174,4.200136644420603,28.69098275200802
2521.891,0.9982881926572507,4.199971648763703,28.684904957173927
2527.766,1.0034317988993062,4.200576469932931,28.67364312623457
2533.688,0.9907471167399945,4.200287719972023,28.657023545431745
2539.594,0.9877737248888533,4.200135079037001,28.652497341455543
2545.563,0.9850902342773037,4.2007977417145534,28.63706583818951
2551.453,0.9753143320905374,4.200495654091425,28.617075036761328
2557.391,0.9762626966272736,4.201232401665645,28.611078379275416
2563.266,0.9632644453118697,4.200813777868054,28.594619763771988
2569.203,0.9513088108462259,4.200445027519447,28.58575282041373
2575.078,0.9411181581927306,4.200085050155767,28.585395344261926
2581.016,0.9400989982667226,4.2004688388528715,28.570781350811775
2586.907,0.9402463637945075,4.200926707313918,28.56143140019651
2592.86,0.9398289509645569,4.201210851625336,28.54392514605765
2598.735,0.9407578606310493,4.202025348171245,28.532678127750557
2604.657,0.9268408740283863,4.201551380357367,28.50995904184978
2610.532,0.9272880088282945,4.202300122224372,28.504034295009962
2616.469,0.9240765189229897,4.2026495322294055,28.48634355771081
2622.375,0.9036013331950176,4.201284434263141,28.47564577970391
2628.313,0.9062826352155615,4.201346892436708,28.45343110516225
2634.188,0.8913925196826774,4.201473820671694,28.427276837388966
2640.11,0.880970201377128,4.200777186158875,28.4267216915315
2645.985,0.8679083391579058,4.20041337694573,28.401451282127365
2651.922,0.8595046697019374,4.2000989606254295,28.40423056345074
2657.813,0.8627109225052761,4.200030511461799,28.377505249275806
2663.75,0.8593233842664632,4.200348237759403,28.36739610976341
2669.625,0.862447297331795,4.200625075930771,28.336946719728427
2675.563,0.8509158961836477,4.200322506273469,28.334726148955095
2681.453,0.8385409951451748,4.200071117886234,28.30514231009703
2687.391,0.8306188126525501,4.199267304750799,28.292410693398345
2693.266,0.8146182172762096,4.198898813438916,28.276781137111215
2699.203,0.8165430779262568,4.198903245702248,28.260344760850998
2705.078,0.8089844245291626,4.198372316597191,28.240933812328983
2711.016,0.7944985625568423,4.197745549064293,28.22890508257068
2716.922,0.7854008886225887,4.196807838773917,28.210802955428626
2722.875,0.787858390381151,4.197290932632317,28.197220113755314
2728.828,0.7875273897121835,4.1973149537618335,28.17818646771224
2734.766,0.7850454725341159,4.197828525087252,28.165679346664533
2740.641,0.7744499830130246,4.1972083879252615,28.147373793762647
2746.578,0.7841248234262016,4.198116354814571,28.126735776356973
2752.453,0.7711572939761073,4.197739871051159,28.111521929469507
2758.391,0.7716477229872236,4.1980127559441405,28.10045411817185
2764.282,0.7617932844403,4.197340010038952,28.084915604532355
2770.141,0.7652210094887376,4.197674052247051,28.05910649491475
2776.078,0.7653006734224989,4.198026681071843,28.04234292674358
2781.953,0.7667651557012819,4.198318899214382,28.03308231559135
2787.891,0.7594784112750053,4.198340063046634,28.018935881923525
2793.782,0.7589815369540671,4.199178965615657,27.997883027058155
2799.719,0.760629727813827,4.199047812792794,27.980731154228906
2805.594,0.752348083563528,4.198557259890053,27.965749345704253
2811.532,0.7462591426382399,4.199267947591063,27.951108866537304
2817.422,0.7365973643736157,4.198867571995569,27.92531273742496
2823.36,0.7259770771560057,4.198038659107741,27.9038612438718
2829.235,0.717581629430618,4.19699951932206,27.886728524007562
2835.094,0.7177872615831649,4.197338820661528,27.870644419229905
2841.11,0.7168432026944832,4.197506361560643,27.849186803083956
2847.063,0.7201671690420466,4.197582097846512,27.824276391214497
2852.938,0.7183664354638339,4.197928727074852,27.81954276817307
2858.875,0.7151050022582038,4.1983932750018855,27.802521416408812
2864.75,0.7148511458776688,4.198459839612277,27.782415044754373
2870.688,0.7139251347956626,4.1987793095708055,27.768773817827334
2876.547,0.7049065107026397,4.198433473165984,27.74859197047073
2882.485,0.7050253558565628,4.198390532677493,27.73675770636587
2888.391,0.7027675827585415,4.198719735841381,27.71494090303876
2894.313,0.6926656034119796,4.198234006687885,27.69139702178663
2900.188,0.683520216335001,4.197583900257359,27.676544857641847
2906.125,0.6791265391586208,4.197662126622079,27.656855147140774
2912.016,0.6871980139287303,4.197518950763223,27.64516442834094
2917.953,0.6900695487595405,4.1989828803526965,27.618540685161427
2923.844,0.6820077888232938,4.1980355418356226,27.61061512185862
2929.797,0.681283992596253,4.198223030996923,27.600103521895324
2935.703,0.6837863010481251,4.198513620818228,27.576491918459528
2941.641,0.6818594026133419,4.198846761901683,27.555232983909608
2947.516,0.6689422529817016,4.198384457964423,27.5428016227522
2953.453,0.6625091687286159,4.197367926204292,27.51934334016544
2959.328,0.6580821230812667,4.197594613708954,27.503655090827262
2965.266,0.6563126820825707,4.197753816432151,27.480788441250844
2971.157,0.6583613104116034,4.197956609521869,27.46668362942525
2977.094,0.6585038724513658,4.198070433275361,27.441567350441417
2983.0,0.658519928881467,4.198392824467484,27.42432914742824
2988.938,0.6563381835940788,4.198681212995475,27.41313708617419
2994.828,0.645421328785598,4.1980212190223085,27.39876816637484
3000.766,0.6464887342367225,4.198341758810109,27.384962837787583
3006.641,0.6443402293475025,4.198520193223358,27.381322672133237
3012.578,0.6410356177744663,4.198806426964776,27.354392448677725
3018.453,0.6342222717506818,4.197880107165531,27.342011500245686
3024.391,0.633234887537331,4.197946850091858,27.317209579049095
3030.297,0.6348062535068902,4.198116454074385,27.311355109962626
3036.235,0.6337292805656188,4.198384107774604,27.28550375949225
3042.125,0.6342079269422026,4.198306593071112,27.279145011166424
3048.063,0.6332774983998366,4.199257846452274,27.25903453513375
3053.938,0.6207974984813297,4.198333447907429,27.243200427817836
3059.875,0.6247808468196335,4.198392118875527,27.2283574309557
3065.735,0.622419141984023,4.198760366081711,27.21167328661031
3071.672,0.6098462951931458,4.197624280152937,27.20456792291575
3077.563,0.6102371792783545,4.197867030898724,27.186200814241936
3083.563,0.6101527520689296,4.198095975672115,27.17572026684006
3089.516,0.6106103068745851,4.198454104544561,27.15038664772251
3095.407,0.6141702001646562,4.198515009396218,27.136149516683346
3101.344,0.6151507913849333,4.1986978516918505,27.127905845145868
3107.235,0.6039719709932062,4.19761446786709,27.105905804650583
3113.172,0.600512612051213,4.197893698126975,27.0955202172865
3119.047,0.6015024299204279,4.1982623410906275,27.067668471971878
3124.985,0.6020587589148155,4.198044576212758,27.063791661135443
3130.875,0.6016304847790559,4.1986177414225105,27.04570577725087
3136.813,0.590121978839558,4.197773674994555,27.03193668147605
3142.688,0.5870058845127045,4.19799690443492,27.008943789370328
3148.625,0.5880186865625808,4.19836305381032,26.99586464823709
3154.485,0.58847495580993,4.198405452512185,26.983306476928558
3160.422,0.5862764809770209,4.19892852924306,26.963594127512227
3166.313,0.5850302912034421,4.198728407666871,26.943963300856172
3172.25,0.5891182410408732,4.198850480172834,26.94030395068687
3178.125,0.5892956408043821,4.199213370992166,26.91896019296901
3184.063,0.5845249842797713,4.199141110624254,26.904029393831955
3189.938,0.5856397027408357,4.199509108799459,26.89275255699078
3195.86,0.5859951233236838,4.200077673111102,26.866901234547274
3201.766,0.5755534442989595,4.19907709419194,26.86426154151802
3207.688,0.5666091540168872,4.198285960187821,26.8570683371475
3213.563,0.5653318106096111,4.198490144292042,26.84248573723901
3219.5,0.564052104920565,4.19878685579625,26.825466984091214
3225.375,0.5539945950693053,4.197967207477005,26.809116684204273
3231.297,0.5545100087654155,4.198088813614273,26.796714096118293
3237.219,0.5539773870553942,4.197953273570828,26.781010089048408
3243.141,0.5530473379199808,4.1981087634131065,26.777975878250498
3249.016,0.5535247613532194,4.198350853633803,26.759635394596543
3254.969,0.5550127153883425,4.198473679432643,26.744982505998408
3260.86,0.5517171949285402,4.1986854252958326,26.728263995450604
3266.797,0.5423895587738565,4.198181966589981,26.713099310796416
3272.672,0.5432343281143457,4.198269359523035,26.69188766056471
3278.625,0.5427027644676728,4.198651190428103,26.686384534215765
3284.5,0.5345110951307489,4.19785497679628,26.669460777102664
3290.438,0.5338412702526489,4.197681348653403,26.658571635219115
3296.313,0.5322846436843602,4.1978643218301706,26.64657203774967
3302.25,0.5306875237165689,4.197998137163978,26.630141814438737
3308.125,0.5330957332959025,4.198024135325416,26.610362022390547
3314.047,0.5306645708570118,4.198165619841876,26.594741985987863
3319.938,0.5317821922560309,4.198546363561439,26.582304803080607
3325.875,0.5308957089298404,4.198713056417239,26.570834769511144
3331.75,0.5276362996345485,4.1990314876512835,26.56879589221727
3337.672,0.5318371463726004,4.198974656834767,26.54651829629942
3343.563,0.5290116994800987,4.199359888811688,26.53583192398182
3349.516,0.5295452599838211,4.19959035976856,26.53248683311567
3355.391,0.5179905256042948,4.19881608993834,26.518762676630768
3361.328,0.5047890881933914,4.198138793961104,26.502782892530227
3367.203,0.5089236124650862,4.198087270214658,26.484350507498576
3373.141,0.5083728461516479,4.198226018829009,26.4773059127716
3379.032,0.507302373229903,4.198276147480843,26.465357787538544
3384.969,0.5064584850358969,4.19807208890299,26.446708617293865
3390.844,0.5059633318627978,4.198513310378605,26.43691165946848
3396.782,0.5062200325267969,4.198617880856177,26.434569097793418
3402.657,0.5068372689369309,4.198979976603131,26.41114134565637
3408.578,0.5048786291789158,4.198990363404487,26.39646349471962
3414.5,0.5092803675366521,4.199213995624885,26.394539152707463
3420.438,0.5066755233147004,4.19937935871994,26.375487970316513
3426.313,0.5049665467409618,4.199517315280132,26.363649213334718
3432.266,0.505544310133974,4.199820501260124,26.345441805620922
3438.172,0.49341064380327665,4.1989689161081865,26.33874991658419
3444.11,0.48618386603841146,4.198169701873653,26.328578163135482
3449.985,0.4867007432975841,4.1982704765091015,26.305532807003985
3455.922,0.48441439710597023,4.198504367074388,26.29813507739933
3461.797,0.48700870818864617,4.1983570436535365,26.290382858953695
3467.735,0.48615078788601673,4.1986004654643905,26.271196086425892
3473.625,0.484951801375122,4.198869651728466,26.260574477352492
3479.563,0.4818871094296009,4.199084639379821,26.24638063163554
3485.438,0.4833120088775755,4.1990114523832895,26.237783809589484
3491.375,0.48205719264901314,4.199445232910395,26.22566247416129
3497.25,0.47940450592230593,4.199720214786751,26.220589102420767
3503.188,0.4717121888923058,4.1985145396229475,26.20608692226959
3509.094,0.47039106987260354,4.198967966633806,26.19933267628174
3515.032,0.46764512020603327,4.198893653781586,26.18453669591104
3520.907,0.46949335700319195,4.199248976988508,26.177119345041042
3526.844,0.4684445424008283,4.199093467111242,26.161082903339025
3532.719,0.4702519581952185,4.1993597107567,26.150231249461434
3538.657,0.46757706863947396,4.199681206057812,26.128787636239377
3544.547,0.459721011955923,4.198979197958215,26.137021035322515
3550.485,0.45953091469596286,4.199077681355324,26.11841584424078
3556.375,0.4595798476202702,4.19913148638073,26.10189226503599
3562.313,0.4575972151234509,4.1991705061745055,26.095097638271902
3568.219,0.45740331333983286,4.199282819633836,26.084433337206825
3574.157,0.4572199323912858,4.199489766814531,26.073708176421892
3580.047,0.4578561180087283,4.199579717919714,26.052685361069372
3586.016,0.44935973494418086,4.19889099623661,26.046994486005712
3591.891,0.45150638300754214,4.1987629079891295,26.03239631084113
3597.828,0.44836988881205664,4.198882234372024,26.00909660828444
3603.703,0.4431658825824878,4.1998250526045355,26.006518710292095
3609.641,0.43765861916262844,4.198721423506026,25.998458555370757
3615.516,0.42074683954242625,4.197606841524919,25.97472216965193
3621.453,0.4276213254504856,4.197498773905561,25.96748097900202
3627.36,0.4268762728175753,4.197419466840371,25.967494672948863
3633.297,0.42693228228266034,4.197405509420372,25.953919264196497
3639.172,0.42949524342758844,4.197762337907878,25.93686902760671
3645.11,0.4266845104486012,4.197822623864965,25.92747682869484
3651.016,0.42940095706072795,4.197945329772363,25.916871664434478
3656.953,0.4259280197366109,4.198009463911581,25.905857375866784
3662.86,0.4285660070403949,4.1980767691149445,25.904732546191685
3668.766,0.4261237589427773,4.198238754164213,25.896555886906103
3674.75,0.42491723009998994,4.198535631911288,25.887509545895504
3680.672,0.4253078909050335,4.198420094154911,25.875711289683284
3686.563,0.42728476358470474,4.198432729972246,25.872014856092225
3692.485,0.42405181584731383,4.198859223154155,25.853016445390935
3698.375,0.4243923133088186,4.199069349749846,25.841941774448184
3704.313,0.4272231094175429,4.199276984744328,25.838057344609325
3710.188,0.42317793604456494,4.199113985158979,25.826642653169962
3716.141,0.4242341174772779,4.199050766109253,25.821180466721348
3722.032,0.4234643110178198,4.199635009132506,25.798753605386082
3727.969,0.4130007653398975,4.198799204870216,25.78804104714619
3733.86,0.4143204226062905,4.198786202767034,25.779943078720155
3739.797,0.4133813141028081,4.198959513196805,25.77519951368421
3745.688,0.41165802243753785,4.198969826018597,25.761924527117245
3751.61,0.4126504166093287,4.1992830104369006,25.75276867891848
3757.532,0.41413822981446774,4.19931711079883,25.73595905553532
3763.469,0.41125162852919483,4.199431916635497,25.732010506786406
3769.344,0.41232355809592913,4.199549842536965,25.7218938918762
3775.297,0.4083793597744538,4.199793638530298,25.713352107862956
3781.172,0.3995360640324122,4.199187283688594,25.70382114467022
3787.11,0.40256600219044925,4.199177474718433,25.692220713257882
3793.016,0.3992397885210584,4.199340935158686,25.67834731230387
3798.953,0.40004239158039956,4.199375118993725,25.672982451704513
3804.844,0.40068478265940266,4.199246029717736,25.661047166384225
3810.782,0.39808034415719157,4.199607610658791,25.65251495196949
3816.688,0.3909574335831102,4.19883893618596,25.63832219150503
3822.625,0.39121575514997453,4.198900431584848,25.629148830403295
3828.5,0.38835183209740093,4.19887376460971,25.631585427332645
3834.453,0.3912260632656604,4.199087211005644,25.619542297469536
3840.328,0.38726039030849435,4.1990459421521615,25.605973471993135
3846.297,0.3902448877144309,4.199170788525835,25.603028598629184
3852.188,0.38855599353901593,4.199306061775208,25.59115808105437
3858.125,0.38893477981103614,4.199709802364142,25.575831795181298
3864.0,0.37901167275264713,4.198738108158803,25.571030361484578
3869.953,0.3786092398115716,4.19861657874446,25.56410380572278
3875.828,0.3817946170125745,4.198641020249747,25.5589972652888
3881.797,0.38158822569881845,4.198822852283976,25.545434782653896
3887.719,0.37899761893952266,4.199090065450745,25.535587889828115
3893.657,0.37988757783157523,4.198863997825125,25.5293013496917
3899.532,0.38110964224159644,4.198896134868642,25.51908736391662
3905.485,0.3770075093857914,4.199377108779769,25.512426778320044
3911.36,0.3792065634787201,4.199278501273785,25.50935408480368
3917.297,0.3801017566531413,4.19962244450158,25.49403088763626
3923.188,0.36768231082485847,4.198806431468317,25.478570187427067
3929.125,0.36654409703355995,4.198819277172575,25.473894807252815
3935.0,0.3698336581884894,4.198822166425808,25.46040260424174
3940.938,0.3668971121079616,4.199057830623855,25.455792028604616
3946.813,0.3709962745631735,4.199039370780143,25.442401499908986
3952.735,0.3677120094290751,4.19925469381615,25.426280195890683
3958.641,0.3663486356513147,4.19933754836624,25.43130535946721
3964.578,0.37021501891812475,4.1990391680876185,25.41765691732891
3970.453,0.367392903658423,4.199467841843978,25.41452288505837
3976.407,0.36554708544679554,4.199969430731155,25.400494198420002
3982.282,0.3564795643201656,4.198997771291272,25.381246577513853
3988.203,0.3554643991173869,4.198767419155829,25.38329107390876
3994.11,0.3584869326586771,4.19901034437973,25.3800329118709
4000.047,0.357525150136441,4.198937207397547,25.364776970047817
4005.922,0.35667412345647787,4.198936838568793,25.372449558910777
4011.86,0.35714016016825,4.199322408652482,25.35218877496754
4017.75,0.35655672166000313,4.199527883809971,25.345489531566894
4023.688,0.35524396802763697,4.199525713720977,25.339560453393325
4029.578,0.35578242733190857,4.199721883955916,25.327834620543364
4035.516,0.3550882242565279,4.199727015697384,25.317462870797762
4041.407,0.3582700998208826,4.199875514765896,25.30612160508478
4047.375,0.35210790560241756,4.1999422242576765,25.307436857635256
4053.266,0.35688192242813366,4.200050707246158,25.30597235782483
4059.203,0.35437598485164995,4.200248022870168,25.29283727250058
4065.078,0.35303247373582763,4.200250953824352,25.280217148537442
4071.032,0.34876006955642536,4.200635630215431,25.279582453428226
4076.907,0.3471324612388688,4.199704072076968,25.27239872245332
4082.844,0.3333379593297205,4.198725246856721,25.26044139484747
4088.75,0.3318780063139267,4.198917765747283,25.249065539076277
4094.688,0.33375889919197677,4.198893121538129,25.229529842326595
4100.563,0.3319701551836026,4.1988374228545275,25.233940659052607
4106.5,0.3332300005345381,4.198884337777503,25.222987504185873
4112.391,0.3327837256265723,4.198963180054409,25.214687984385442
4118.328,0.33070546376606436,4.199120534470247,25.216171863154326
4124.203,0.33164539891085615,4.199160831950656,25.203655507452662
4130.141,0.33457670522003347,4.1992914914170205,25.194655265777936
4136.032,0.3313862177802305,4.199306005001475,25.196626477320056
4141.969,0.333279983192363,4.199190164011996,25.183371575538356
4147.875,0.3315281654529991,4.199424216380335,25.16597446361629
4153.813,0.33311987257200115,4.199515419486301,25.155419655289936
4159.688,0.3323255462477399,4.199945441690092,25.155340510711863
4165.625,0.33069276023189365,4.19978137720597,25.151700972216933
4171.516,0.3299769471432737,4.199816254328725,25.150080911713385
4177.485,0.3281674784730509,4.199878261304283,25.14225958092586
4183.375,0.3266078494377835,4.200213067793895,25.123618880854586
4189.313,0.3319635551633695,4.200024701456006,25.119131964916736
4195.188,0.3310930006903386,4.200402240050127,25.122147363931973
4201.125,0.3274279677573381,4.2006732170262,25.101395141768396
4207.016,0.31896390315118395,4.199634113625363,25.098237205242796
4212.938,0.3098125749533257,4.199099304516773,25.08963481523834
4218.844,0.3098162465536565,4.1989288121216415,25.086988565918457
4224.782,0.31117388730841,4.199231822654804,25.08484347693037
4230.657,0.3097647286746079,4.198884845588843,25.070352446772294
4236.594,0.3095109132447366,4.199305742937502,25.07656186546794
4242.485,0.3096903193521986,4.199033783520014,25.06349940859047
4248.407,0.30896359312382465,4.199027025725703,25.048391228619483
4254.297,0.3124004270991087,4.19906230337277,25.044077362376516
4260.235,0.3121482358089107,4.199217379686133,25.03408891167053
4266.11,0.3061345672070011,4.199250020600076,25.021736641716274
4272.047,0.3017901228602443,4.199148899881775,25.020589992381634
4277.938,0.30557752855049053,4.199544905969217,25.00857153518817
4283.875,0.30852735992584507,4.199448436663927,24.99629791402179
4289.75,0.309612102048209,4.1995619679646605,24.99212605833555
4295.688,0.29864814368896764,4.19907044828862,24.992335616995042
4301.563,0.2963436232984476,4.198949794861967,24.983001542022116
4307.516,0.2977337895186752,4.198763017634614,24.97556344137382
4313.391,0.2990003309166593,4.19894924194191,24.961709933805103
4319.328,0.30059097090385317,4.199105484691651,24.96078078883021
4325.203,0.30016084846273716,4.199113575494761,24.952438347943023
4331.141,0.2951696948906756,4.199369524484618,24.9538520460961
4337.032,0.2987892478381471,4.199344797037544,24.95596343716619
4342.985,0.29824911136771426,4.199300927155085,24.934829400589457
4348.86,0.2973134761798152,4.199485069145663,24.92714240762858
4354.797,0.29964145178216584,4.199615724502645,24.92958455870032
4360.672,0.29718019901160125,4.199591376580893,24.917476087629247
4366.61,0.2963077400988631,4.19964208727019,24.920120412564213
4372.5,0.298813495918026,4.199799570968729,24.907954885324752
4378.438,0.29812604542471327,4.199941165962163,24.898179666496524
4384.313,0.2954708895128182,4.1999283941990555,24.89530110485862
4390.235,0.2985401072605286,4.200262033939313,24.88453449794303
4396.282,0.2978049707035538,4.200251139041028,24.879538385193317
4402.266,0.2925560155119148,4.2003517813563755,24.87600408970594
4408.203,0.2963817556353731,4.200242848784665,24.86934252823577
4414.078,0.29379647886482974,4.2004722547184725,24.860347222812457
4420.032,0.29322267158994747,4.2007127597147464,24.853472837140515
4425.891,0.28412782469997877,4.199881147524453,24.84774715208925
4431.828,0.2717621656067004,4.198876928791564,24.83879485114757
4437.719,0.27671849631228995,4.198854432797138,24.830473223063873
4443.938,0.2756873694577282,4.198966582309181,24.826815000646835
4450.438,0.27246548756147576,4.198642130363479,24.818203879251488
4456.922,0.2761895417331189,4.198850841377643,24.803687097619907
4462.938,0.2703700013571149,4.198962942938952,24.801313414642664
4468.907,0.2732964600773557,4.1991410917449015,24.796146871908125
4474.797,0.2752394969713012,4.199052218830047,24.79056166084613
4480.719,0.27134004019193203,4.199368839789042,24.78024371378887
4486.61,0.2728107627833262,4.199223825951173,24.77487854621829
4492.578,0.27477577128470815,4.199677077237565,24.76473651149256
4498.438,0.2732899370766231,4.199388911120135,24.754022756319788
4504.375,0.2717391386696192,4.19951361089244,24.76242152420204
4510.25,0.27284293108958363,4.19950703770251,24.753817694414803
4516.188,0.27290396895296676,4.199595680239131,24.74237123716126
4522.063,0.2722169050653007,4.1995313590481835,24.73514957984852
4527.985,0.27483398412732657,4.199526872327149,24.738648817811818
4533.86,0.27392619744178875,4.199553420781453,24.72494282459455
4539.797,0.27096235436294025,4.199898273340069,24.724571723074046
4545.688,0.2738533157972345,4.200150208414535,24.71325772823101
4551.625,0.2735391960674782,4.2001750072692445,24.704353890876426
4557.516,0.273233390964546,4.200356933519266,24.70570280284143
4563.438,0.2722890830279109,4.200368393646016,24.702757115640388
4569.313,0.26756235036021364,4.200471055354243,24.69635090818632
4575.266,0.2721750225983981,4.200523743935656,24.686430075907154
4581.141,0.2702962836978866,4.20050244094021,24.679997565542383
4587.078,0.2726615325210826,4.200757715333528,24.677828433990907
4592.969,0.26015336409084844,4.199914750904768,24.661666365057314
4598.907,0.2520978845551724,4.199171233579026,24.663476307893074
4604.782,0.2557602006140093,4.198975254336087,24.651927717667746
4611.313,0.2520153536529456,4.199066360813926,24.661081270282036
4617.203,0.25175649731612815,4.198981619173935,24.652822618001707
4623.172,0.2552840415129177,4.199241401658042,24.646482243945186
4629.078,0.2524364285484013,4.199289736432799,24.636172016897163
4635.016,0.24948340732565674,4.198812026722817,24.628170811860613
4640.875,0.24940431252950193,4.199135095347292,24.6365925840984
4646.813,0.2531893426668971,4.199244419124742,24.61976344734909
4652.703,0.25085018589541536,4.199363178243228,24.61511963977161
4658.641,0.25058908769181354,4.19963375727241,24.60822060239486
4664.516,0.2503806313209049,4.199428616369866,24.603721570414102
4670.453,0.250984370484478,4.1993329833103425,24.60761983681297
4676.547,0.251025181454471,4.199570693489033,24.594982304920823
4682.422,0.2509644308359354,4.1996643721751585,24.582868698951298
4688.391,0.2488648577554106,4.199695179494729,24.57961469432508
4694.266,0.2505343888131441,4.199728592615431,24.58198463793266
4700.235,0.24935817287161433,4.199861902563546,24.571272415558735
4706.11,0.2506448051330437,4.199926042828199,24.573021983692907
4712.063,0.24786002530392726,4.199755122614777,24.56449706711795
4717.969,0.2517665577933238,4.200255642312956,24.556271662442093
4723.922,0.25075587673335437,4.200047737373255,24.54808769277891
4729.797,0.24903361972420607,4.200385769069698,24.53903668135021
4735.75,0.24952113892002586,4.2003167874361,24.540231046802788
4741.625,0.24675565089855522,4.200246673525543,24.53980861703194
4747.594,0.24730109299463218,4.200529029857608,24.535110371564667
4753.485,0.24889478436831827,4.2007853176657655,24.533913957351302
4759.422,0.23818642089032957,4.199677265833242,24.518603783803222
4765.313,0.2368907888350214,4.199617571172784,24.521442196416647
4771.25,0.23516016850778718,4.199864028138511,24.517769588989573
4777.125,0.23671541821260822,4.199887403483761,24.510303855629157
4783.078,0.23570879880878148,4.199876041060651,24.501776873169568
4788.985,0.2381767934067878,4.199733950514132,24.493903430239993
4794.953,0.23891334852560664,4.200051816311194,24.487529629104536
4800.828,0.23694790420421621,4.199925957827385,24.490582333817045
4806.766,0.23858127855478248,4.200005182103116,24.482378171895533
4812.641,0.23314456044479603,4.200058110790053,24.477715700887163
4818.578,0.239200948250722,4.200272331265659,24.47451927157007
4824.453,0.23497793930150393,4.200328717885055,24.46654378027535
4830.407,0.23801534066651858,4.200587174204079,24.454740327166675
4836.282,0.22749799156477685,4.1994499333248845,24.45262439687661
4842.219,0.22475113208998249,4.199868929272256,24.452839683489596
4848.094,0.22436551237383345,4.199906903139679,24.439402469243547
4854.032,0.2265316065285967,4.19978074467311,24.432859095830477
4859.922,0.23069348209648355,4.199404796252238,24.439929932941425
4865.86,0.22534194341681305,4.199546131472227,24.42515302349191
4871.735,0.2282485671028894,4.199988114479835,24.429246417948097
4877.672,0.2265798680579208,4.199844256806909,24.420211400506297
4883.547,0.2246055493794959,4.200060790957668,24.41625630347523
4889.485,0.225503661787878,4.200042945213195,24.417786091061824
4895.375,0.22434657299444355,4.200170361753366,24.41146010487181
4901.313,0.2285005204561631,4.200182363824542,24.398461267920677
4907.188,0.22456085890146366,4.200249676799237,24.39382478377478
4913.125,0.22859210819400938,4.1999549214786525,24.390166954480513
4919.0,0.22433579803436515,4.200371787066798,24.39279999652717
4924.907,0.2236407360303433,4.2006130269533735,24.382875711191424
4930.813,0.2139012170048234,4.199419238909515,24.377688896628747
4936.75,0.21468633572974655,4.199302281533922,24.374460371321746
4942.625,0.21628127848860917,4.1995375905646135,24.36374154315024
4948.547,0.21422265165113596,4.199949681669273,24.373891824854923
4954.453,0.2150614380925248,4.19965905264181,24.366961957341942
4960.391,0.2101979466211502,4.199385705924242,24.363226722915087
4966.266,0.21448968771871355,4.199711142336442,24.353886103997755
4972.203,0.21446724181149787,4.199606372164667,24.348828247970697
4978.078,0.21344626044464005,4.199866603795422,24.344341772579913
4984.016,0.21149835244512952,4.200151117530854,24.338568415833315
4989.907,0.21853428509127404,4.20006220429925,24.342124302040286
4995.828,0.21570849479288748,4.200172851374611,24.325954631729168
5001.703,0.21051448893248903,4.199924327929506,24.33012134268862
5007.641,0.21258762746887755,4.200130833079257,24.314536405654184
5013.516,0.21392877923820147,4.200039242590798,24.32461199777317
5019.438,0.2137682198548816,4.20031994009606,24.314627761952053
5025.344,0.2140898509170291,4.200377662979422,24.31076408450489
5031.282,0.2114373222881002,4.200379550771487,24.30632615686372
5037.157,0.21216290286949877,4.200664188674813,24.304533837699374
5043.094,0.20200342661342,4.199944097078129,24.296732799846676
5048.969,0.20559429936841037,4.199616665229672,24.298324170693064
5054.875,0.20472728030587706,4.199989133742415,24.298102062229827
5060.766,0.2031970559192229,4.199690496148259,24.293843898123825
5066.703,0.2044693912830465,4.199815385700797,24.286580311353624
5072.594,0.2051374123133362,4.199912083200222,24.284210732571644
5078.532,0.2060839824463394,4.199847640690066,24.27543928228202
5084.438,0.20476345315943137,4.199741870322723,24.27124181914085
5090.36,0.20362474578613438,4.199844532242248,24.26760242566784
5096.235,0.20313875083928862,4.199931833313945,24.2680343936214
5102.172,0.20363786218252078,4.19991408843684,24.26081638348542
5108.047,0.20428417378593294,4.200263214497505,24.24818359369776
5114.016,0.20202190895208388,4.2002870471878015,24.24448756700775
5119.891,0.2004378541449198,4.199959635869428,24.24293208737316
5125.828,0.202750617227367,4.200405804045706,24.228488138249865
5131.703,0.20261846994552418,4.200215870715448,24.24092388833839
5137.641,0.20613771620743337,4.200520921635606,24.242855212629873
5143.516,0.20029790797891303,4.200491309855191,24.23742119695718
5149.438,0.2036828029259936,4.2005478150751365,24.22527153107363
5155.328,0.20342393117484756,4.20070730934419,24.233249027295166
5161.266,0.19236998952861767,4.19950805806331,24.22146262245237
5167.157,0.19327516815990314,4.199727451270764,24.223941129395367
5173.094,0.19207220097528002,4.199669499089494,24.21873797764836
5178.985,0.19106363242662155,4.1998741506149635,24.225118342755593
5184.922,0.18974582761124612,4.199814882946061,24.208421168897935
5190.797,0.19349261193869544,4.199806419275899,24.189721126005985
5196.735,0.19240659775995755,4.199917123997853,24.207650386274164
5202.61,0.1933536460907728,4.200009179184743,24.19470756289507
5208.532,0.1928064258205702,4.199674698101552,24.200922025888037
5214.453,0.18696306627981019,4.199588003060083,24.18872113512225
5220.391,0.1913207286492079,4.1999771281387765,24.184495886168953
5226.266,0.19255453255151256,4.200038892344811,24.170600671108087
5232.203,0.19304780259003573,4.199940867577236,24.183861382088708
5238.063,0.18892755555071403,4.20023269790533,24.177682645008908
5244.0,0.19193395148386522,4.199971092418224,24.1718954276808
5249.891,0.19033691528464203,4.200116195455591,24.159052224559414
5255.813,0.1885714999797734,4.200102213749813,24.164158997321124
5261.688,0.18922691201161926,4.200597148252811,24.15790016989151
5267.625,0.18092923222898932,4.199531419546268,24.156242872305874
5273.485,0.18171601681280433,4.199556663955278,24.150123654790534
5279.407,0.1806881747047837,4.199680327357488,24.15433961814412
5285.313,0.18349075529267433,4.1996760955041665,24.14848163352321
5291.25,0.1808510760583178,4.199646131751188,24.142707456099092
5297.11,0.1828955545671591,4.199754709893719,24.14280050350625
5303.047,0.18058205631373697,4.199792588830572,24.12906119865202
5308.922,0.1801450069114735,4.199868986681733,24.135703921365813
5314.844,0.17928895316102106,4.1996102973205875,24.132496307769006
5320.735,0.18428666700521815,4.199966284754471,24.116101011505695
5326.672,0.18232518630824568,4.199917657449792,24.115518505673222
5332.547,0.1783095621475818,4.19969945191222,24.111843207222314
5338.485,0.1821259572080711,4.199707611767077,24.106351823587534
5344.375,0.18119382214176694,4.200079902438214,24.111143963139863
5350.313,0.18188165086389033,4.200063631632672,24.10501945619806
5356.188,0.18164189370763495,4.200072118725854,24.11047721565205
5362.125,0.1815065187418926,4.200187903187968,24.095932998884805
5367.985,0.17866816900204766,4.200138505226552,24.097872898075128
5373.953,0.17989831268763062,4.200191943830949,24.087799262489842
5379.828,0.181449712551618,4.200598586571655,24.095005712174967
5385.766,0.18078461096470513,4.200416301087186,24.08345294772043
5391.641,0.17836588820164445,4.200462539999115,24.080817841301652
5397.578,0.1794466118296053,4.2002793426898695,24.07855935576198
5403.453,0.1775150690108536,4.200634972898827,24.076390879355603
5409.375,0.17920357253865485,4.200424767856884,24.07138712863242
5415.297,0.18003798716946523,4.200724591754721,24.082200049527607
5421.235,0.1787939591127059,4.200459803884636,24.069036227459435
5427.11,0.17981076336493035,4.200717129393319,24.06894016553767
5433.047,0.17959893967143567,4.200992207089009,24.06539279745863
5438.938,0.1799608826408663,4.200567885039142,24.055725914979984
5444.875,0.17804910962957987,4.200886933514142,24.055568695429642
5450.75,0.1734152906927517,4.2010251142909425,24.056710801994132
5456.688,0.17657577579696299,4.201194567429143,24.04912871278572
5462.563,0.17903422401466335,4.201310898460295,24.045363987627873
5468.5,0.17966366613439558,4.201490707147708,24.04229638415898
5474.391,0.17633850824240732,4.201303296613749,24.036821833844506
5480.328,0.17552577079946807,4.201386809784551,24.032964182289724
5486.203,0.17475909779201998,4.201378861761473,24.031765585382523
5492.141,0.17811477584998506,4.201561655195768,24.026648871225902
5498.016,0.16741612001432007,4.200595559916512,24.021241874395695
5503.938,0.15577740517693847,4.199591402291895,24.02652404568513
5509.844,0.15988446407786008,4.199672696177522,24.0163530855417
5515.782,0.1555260689005743,4.199705110197583,24.017562127990043
5521.657,0.1556375379177392,4.199501956059391,24.007769940004515
5527.594,0.1560415701275944,4.199591260491228,24.012223907365566
5533.5,0.15785406567401689,4.199484160058977,24.008735333950508
5539.438,0.16271376661023673,4.199825397762858,24.01176384803993
5545.313,0.15642044683268713,4.199593973448273,23.997092923867505
5551.25,0.1595531553981979,4.19971346649831,24.00784257595744
5557.125,0.1585497830784508,4.199659922013961,23.998815767040735
5563.063,0.15434939191021654,4.1996941292960095,23.987074546405545
5568.969,0.15626885356339137,4.199958521484478,23.99387727558871
5574.891,0.15687648263200676,4.199953879441476,23.988503134266317
5580.782,0.15803362057489936,4.199841369512744,23.98361065163412
5586.719,0.1579620834941461,4.199625319115588,23.98606599258326
5592.594,0.15879810158115254,4.199949995629769,23.97951911551717
5598.516,0.15391354710013155,4.199825659225051,23.97474660232491
5604.407,0.156885028564925,4.199719284089172,23.97913437850274
5610.344,0.1565098189044822,4.200041855153208,23.981502363699384
5616.25,0.155825054743913,4.199782178052195,23.977884270511055
5622.188,0.15660314494626346,4.2001542197210044,23.972787345542628
5628.063,0.15621940054956823,4.200032143396679,23.97211705416539
5633.985,0.15566212974016486,4.200053895313476,23.964205359430103
5639.875,0.15540490374783933,4.200127695176007,23.95791044936656
5645.813,0.15944038520511278,4.200117643896349,23.949417392807568
5651.719,0.15564152290935515,4.20017362850741,23.95595999263558
5657.657,0.1554849636164581,4.200321452171595,23.948132852771444
5663.547,0.15617616679035914,4.20037621534676,23.955004197065126
5669.5,0.15495969652422764,4.200498455286919,23.96212916266422
5675.375,0.1553856131174586,4.200478731522674,23.943495830775593
5681.313,0.15615166403281275,4.20027759988388,23.941690967754926
5687.188,0.1576169390830533,4.200537711883879,23.942052154388822
5693.157,0.15413248673155977,4.200373164828338,23.944421765550018
5699.032,0.15268052196397347,4.200748171127382,23.943131635128942
5704.969,0.14314097378457388,4.199888418954389,23.945497571077336
5710.844,0.14769154766379877,4.199622378967709,23.941750099645024
5716.782,0.14477537380720884,4.199745777971822,23.934748036140714
5722.672,0.14490391041784784,4.199589421464315,23.924134713074544
5728.594,0.14796687429260874,4.199739042422056,23.925158041717147
5734.5,0.1475763945022767,4.199679500743527,23.91650015363261
5740.438,0.14823337298128414,4.199630479364338,23.919544848668863
5746.313,0.1474417975788019,4.199625915575008,23.91215561430133
5752.25,0.14656095214125803,4.199836489650014,23.90083728708301
5758.141,0.1446374089836373,4.200002425343134,23.90761900342693
5764.078,0.14784202324195134,4.199879353057434,23.90277349532445
5769.985,0.14557170168896913,4.199675950244924,23.903320990135878
5775.922,0.1448843855487453,4.199982148463083,23.905185731582197
5781.797,0.1439140156621645,4.199748380078334,23.89503790814699
5787.719,0.1470534689563823,4.200068624548661,23.893844750052498
5793.594,0.14520745687518619,4.20010970046481,23.889783465967664
5799.532,0.14378740440375348,4.199947812297533,23.885785095618065
5805.422,0.1447032192601076,4.1999797434335,23.88316855904733
5811.36,0.14563846982578305,4.200035112196785,23.880018068335563
5817.219,0.14617081988209138,4.200226416162437,23.877639844969618
5823.157,0.1413709634791754,4.200481260919843,23.88484690071274
5829.032,0.1434829253243821,4.20019114676513,23.877616865536094
5834.953,0.14568864954911254,4.200323024310084,23.87891170509211
5840.844,0.14445949032667202,4.200224755853294,23.88087859972877
5846.782,0.1427800561376826,4.200278947709028,23.873567827616277
5852.657,0.14441967235012923,4.200484404692828,23.860151756751385
5858.594,0.14187019738343937,4.200381036228237,23.86470070709809
5864.469,0.14371086961269466,4.200481298224125,23.86201892618075
5870.391,0.14269971882831356,4.200338194717634,23.855440182934306
5876.282,0.14165072059698663,4.200519440056086,23.86029278102055
5882.235,0.14490709596012663,4.20059636757644,23.854559353207815
5888.11,0.13330510270525756,4.199910099786235,23.856468367065883
5894.047,0.13267941487553953,4.199586292544658,23.847999996217226
5899.922,0.13586903773033426,4.1997013404166275,23.854128805966415
5905.86,0.13485043205767128,4.1994834533878675,23.84071978113579
5911.735,0.1346147048624202,4.199815292602962,23.839033255682807
5917.688,0.1346076648110882,4.199734162431383,23.84573312018765
5923.547,0.13271246456086608,4.1998403603790875,23.834866251740284
5929.516,0.13361059508696818,4.199624427846968,23.83372658862512
5935.391,0.13419685241410084,4.199862333467941,23.83574093855271
5941.328,0.13290765007874142,4.200008377462868,23.833180098754195
5947.203,0.13402568873150195,4.200084783157458,23.83045907300685
5953.141,0.1330650544265867,4.19967719358848,23.833264242580384
5959.016,0.1358085020558209,4.2001249269722996,23.823423722173516
5964.969,0.13350054560702249,4.19999486942343,23.82336850177801
5970.844,0.13442321518252112,4.2000229994164915,23.817341733891237
5976.782,0.13537077667788056,4.200106600978732,23.823096135639833
5982.657,0.13465240851470028,4.200010131092815,23.817684271433787
5988.594,0.13183072996299097,4.200268878696889,23.814143847836036
5994.485,0.13420146633134697,4.20015019807276,23.8173836663816
6000.422,0.13342979216010079,4.200398172445455,23.816144813010418
6006.297,0.13129116367908808,4.200241921479507,23.814408978154248
6012.235,0.13324926958598607,4.200437854334362,23.81020615447893
6018.11,0.1330927476530701,4.200429630477449,23.81335503487289
6024.047,0.13261548800998152,4.20028415448228,23.810530211547015
6029.938,0.13295871278779503,4.200405847867769,23.810456181313796
6035.875,0.12983274982166043,4.200545772599373,23.815112347597953
6041.75,0.1335760215282442,4.20047387761468,23.80899885447291
6047.688,0.13069494224278588,4.200530622788036,23.800182656994455
6053.563,0.13316950499002933,4.200513100429165,23.80508239768297
6059.5,0.13277107275946942,4.200682863993721,23.806791769493717
6065.375,0.12088709304674916,4.199791546858906,23.79416390716514
6071.313,0.12276370518691838,4.199874362961421,23.796363281348807
6077.188,0.12018493816940665,4.1997453781920635,23.79547190206643
6083.125,0.12032433430368013,4.199590235591406,23.793450182467126
6089.032,0.11974295377804424,4.199842127843523,23.78473007641945
6094.969,0.12201486387439774,4.199689792185738,23.779459837875706
6100.844,0.12442358434764382,4.199790398098885,23.779930662885977
6106.782,0.1227644685002836,4.199804345018068,23.780531337965574
6112.657,0.12312560141262112,4.1996077791371,23.778053304238625
6118.594,0.12261713847795856,4.1998266477629285,23.783008882428764
6124.485,0.12327709945575961,4.199773794295408,23.772698883964377
6130.422,0.12062929137553664,4.199988581393966,23.766613705331856
6136.297,0.1214855744101066,4.199827470803086,23.770227547540923
6142.235,0.12241938897233073,4.199655542658025,23.76999568953119
6148.11,0.12306331550006802,4.199908536145824,23.76875602472262
6154.063,0.1192416539026634,4.1998169008223165,23.76883906472667
6159.938,0.12076912258932336,4.200162076387309,23.76713091144509
6165.875,0.12235433130393146,4.199862993098869,23.765307970886305
6171.75,0.12270728469424223,4.199892225291165,23.759337786530523
6177.688,0.12108247767015436,4.200062283595095,23.761434003947464
6183.563,0.12262770691435454,4.200190602638281,23.758439595638958
6189.516,0.1222522036277589,4.199952490877968,23.753708065748928
6195.391,0.12151009690141336,4.200215143146621,23.748991285595547
6201.328,0.12039174561883274,4.2002397291117095,23.74427455614909
6207.203,0.1210814023500822,4.200154632679228,23.752776938382603
6213.141,0.12238148466136958,4.200245329934499,23.75172229652711
6219.032,0.12148322359165936,4.200131793973308,23.747759763586153
6224.969,0.11951090891945793,4.200233873446127,23.747228884828612
6230.844,0.12309044877818928,4.200357342510589,23.750688864492922
6236.782,0.1213809027176187,4.200443776551946,23.74979274173972
6242.657,0.12091649052013706,4.200540323129613,23.747387250207808
6248.625,0.1189756681719879,4.200614993664701,23.74256829669604
6254.5,0.11901435611924756,4.200555703054663,23.734757465653733
6260.438,0.12104799226922576,4.200507565545281,23.734662289922486
6266.344,0.12004799570807723,4.200571199831734,23.736109740034248
6272.282,0.12138672354599603,4.200811341178087,23.7378619209842
6278.282,0.12115480277220146,4.20063772358147,23.73331498398033
6284.219,0.12175107501459247,4.2005354020050865,23.720118591970337
6290.219,0.12111022258561198,4.20099849692599,23.72715863616881
6296.141,0.12043342822020647,4.200883312457313,23.720740680803768
6302.141,0.1173007497629704,4.200802656995766,23.7212821351127
6308.094,0.12130806073062075,4.200861996796531,23.720206163857842
6314.032,0.11959374264799419,4.200980300719537,23.708391056971838
6319.938,0.12026005994052778,4.200957348913335,23.708251750520684
6325.844,0.1190799490851125,4.201060000574568,23.706403388772507
6331.782,0.1166635223967878,4.20118813055352,23.701911496017658
6337.657,0.11868442247218694,4.201113870741899,23.69750703005761
6343.594,0.11893461865785099,4.201109773142423,23.69705961673632
6349.469,0.12028450132321848,4.200974252553894,23.687753040587996
6355.407,0.11620250033514505,4.201275369885762,23.694901130312886
6361.282,0.11914344519409266,4.201414647975609,23.684660949651963
6367.219,0.11748360766501767,4.201448982294977,23.687676035235864
6373.094,0.11907328396521634,4.201374160839405,23.67560999377991
6379.032,0.1176090755112726,4.201439528335974,23.67949411754081
6384.907,0.11551308459992483,4.20152481833562,23.682740560261102
6390.828,0.11844041648596372,4.201575802872669,23.679402759496156
6396.719,0.11151866907554188,4.200700682205186,23.675020975304424
6402.657,0.09929421990367478,4.199564313832901,23.684815090680445
6408.532,0.09926174529207119,4.199569132528223,23.68699506078952
6414.469,0.0988998527166188,4.199490614598576,23.680211017663783
6420.328,0.09850700521346094,4.199454163322801,23.675934513918364
6426.25,0.10037554970324068,4.199417800555356,23.667336056483943
6432.125,0.0999328229246598,4.199464615536677,23.663723336586003
6438.063,0.0985367697900549,4.199380977143478,23.66464880444715
6443.938,0.08949306125068378,4.198343881056994,23.664642167115232
6449.86,0.09077039000599853,4.19837346411998,23.654496426658255
6455.766,0.0905826331613989,4.198599252795958,23.661496791266437
6461.703,0.08917916154845003,4.19829826980246,23.654768535693204
6467.578,0.09062862283516396,4.198342130530354,23.666352389752163
6473.516,0.09201901274418613,4.198357240369199,23.662032120823554
6479.391,0.09144031085044985,4.198207156526692,23.652408014323683
6485.36,0.09126558771743981,4.197925066541545,23.647332021712455
6491.235,0.08304737247994314,4.197351605171008,23.64988188998209
6497.188,0.08129647825297431,4.1972357022054005,23.649310141515414
6503.063,0.08255014274328211,4.1969589257605975,23.638765613668085
6508.985,0.07998435047104664,4.197094525171215,23.629523123744974
6514.875,0.08436091375996296,4.196871948535242,23.640777249493865
6520.735,0.08043923575549604,4.196885812065317,23.642822727578196
6526.657,0.08210463972876246,4.196715279037332,23.64249475007894
6532.532,0.08396278470460646,4.1965712311179955,23.64200158806664
6538.469,0.08133929635686256,4.196730670874192,23.65117269015394
6544.344,0.08458696510872048,4.1967202328922655,23.64118254041646
6550.203,0.08446693606691957,4.196675845856818,23.64325110142348
6556.125,0.08510194607496863,4.196734324561088,23.639698403964434
6562.0,0.08495428193554638,4.196689126462629,23.644021972712974
6567.922,0.08183833824463614,4.196455155398467,23.643429217239653
6573.797,0.0821584443313156,4.196620266573032,23.61861705078899
6579.735,0.08082843695003117,4.196716989688431,23.626428080259874
6585.594,0.08002732185590998,4.1966415503906,23.639207203812465
6591.516,0.08394046238867645,4.196511646999037,23.622696677430486
6597.407,0.08326052756619128,4.19665598094373,23.621921438027673
6603.328,0.08219309283985272,4.196612270997044,23.63313910557845
6609.219,0.08256080222277147,4.196447888977371,23.627518857672413
6615.078,0.07954941650926532,4.19649947610179,23.61679309198501
6621.0,0.0807111131395388,4.196646528176348,23.619689040205124
6626.875,0.08210868757466519,4.19663097931576,23.60948317689791
6632.813,0.08463034657461115,4.19647064978927,23.610564459704722
6638.688,0.0846386412578894,4.196471378658121,23.605182046672738
6644.625,0.085150193602925,4.1965032563377225,23.607499430616823
6650.516,0.08381620964379499,4.196779709370828,23.61101688351261
6656.453,0.0826047704121877,4.196498332244222,23.608349632159527
6662.328,0.08309861348651967,4.1965798252836946,23.600864048583038
6668.266,0.0803380405168221,4.1967349800865055,23.60831724716405
6674.141,0.08262257582417361,4.196662460219368,23.60453403254578
6680.078,0.08371417173402515,4.196630689611994,23.594725778445888
6685.953,0.08378178395340734,4.196660445367434,23.59201939164598
6691.891,0.08309838854375914,4.196620289292943,23.600310470259696
6697.766,0.08326621751247613,4.1966676390687025,23.60347911424564
6703.703,0.08167592752469284,4.196740502548183,23.598645932137416
6709.594,0.08047973916288473,4.196734474555132,23.59523266611709
6715.532,0.08357893986577031,4.196548644689562,23.600674156835687
6721.407,0.08316898248523588,4.196698302004512,23.58884872532807
6727.328,0.085620284922323,4.196765115138951,23.588757628748763
6733.203,0.08270416343501981,4.1968479618066015,23.58907571720591
6739.141,0.08491182055331462,4.196589365947903,23.589465877823997
6745.016,0.08151409296628359,4.1966640050059585,23.584883216166112
6750.938,0.0801477488965838,4.196921331462491,23.58916447842735
6756.828,0.08143842436289662,4.196876089717812,23.59356238177018
6762.766,0.08163790401693725,4.196826859260532,23.590770575969902
6768.672,0.0796760501132721,4.196830877860389,23.590264119344816
6774.625,0.08341270929837277,4.196643850526371,23.582768604089683
6780.516,0.08148541422195682,4.196745835428774,23.577063328264572
6786.453,0.08067279147477742,4.196755369005427,23.569391731362476
6792.328,0.080471676892858,4.196737565446539,23.5716330932516
6798.266,0.08133918431182748,4.19702537797796,23.563736821908687
6804.141,0.07949050804129781,4.196961880382738,23.56491523637292
6810.078,0.08335301790647241,4.196759369781614,23.564428697220904
6815.969,0.08209788740550217,4.1968634066119,23.571562495694955
6821.891,0.08024037426611474,4.196971049207198,23.579602743537375
6827.766,0.08022457889578358,4.196827802091738,23.574890835019165
6833.703,0.08093050682144512,4.19722687622027,23.565690311003262
6839.61,0.0809365147176394,4.197023457143861,23.56834462618844
6845.532,0.08386277704207802,4.19694402669929,23.56239190748449
6851.422,0.07986659536354238,4.19708001980771,23.568879155132706
6857.36,0.08042140337787894,4.197146372601627,23.565136709412254
6863.235,0.07965231391695356,4.196978029123866,23.571719269067536
6869.188,0.08123774918478305,4.196950627179927,23.570083917612433
6875.063,0.08019811191113053,4.19735461685359,23.56450829107873
6880.985,0.08267417087859721,4.197097213524428,23.555621324620077
6886.86,0.07991947739782483,4.197216819286381,23.54793050017325
6892.797,0.08208754475937649,4.197070674696204,23.558991994870144
6898.672,0.08274233063268269,4.197254547221654,23.560062634275063
6904.594,0.08271828614250057,4.197267161301089,23.556294883035868
6910.469,0.08174450725770642,4.197041818464908,23.550182491492922
6916.407,0.08367628449922575,4.197462494751995,23.547279277422923
6922.282,0.08129486533517505,4.197278756522123,23.551575456774255
6928.203,0.08241827962326664,4.197341370930837,23.55466694728674
6934.11,0.08090174044552773,4.197364543805526,23.557366695989238
6940.047,0.0812821056523249,4.1973192529396535,23.542697217391293
6945.938,0.07653298917452586,4.197333769517044,23.54427865961778
6951.86,0.07868539233568426,4.197564555519358,23.552635928451288
6957.766,0.08178352255106262,4.197722350251633,23.54373284912328
6963.703,0.07960835484480218,4.197480496207014,23.532692640619786
6969.594,0.08011737437726327,4.1974978004635,23.534507566472378
6975.532,0.07669217888935981,4.197700979769199,23.533166584804885
6981.407,0.08445679901507477,4.197029968650899,23.53045055481053
6987.375,0.08338986888577471,4.197617140422891,23.537297495420972
6993.25,0.0812798102644988,4.197629926800076,23.53449170945677
6999.172,0.07937413479812781,4.197576518192925,23.528454418023014
7005.063,0.08159412564400878,4.197619969810626,23.538262401999514
7010.985,0.0839465388467216,4.197817648392442,23.527958052848806
7016.86,0.07733295577202037,4.1976746105605445,23.533091869688377
7022.782,0.0791653340128658,4.197717215786263,23.528169136681125
7028.672,0.07827438982842899,4.197724754139278,23.52864378025906
7034.61,0.07929974839474534,4.197999455442838,23.521659082905856
7040.5,0.07752855036466375,4.197675933085594,23.521465827490296
7046.438,0.07914101133960376,4.197740625063872,23.52374570641305
7052.328,0.0796586935582452,4.197707200988517,23.5189042396329
7058.266,0.07979695696918267,4.197829223189331,23.52002497805642
7064.141,0.07757160035779062,4.197994767867419,23.520408164335446
7070.078,0.0792781833582062,4.197960034076448,23.517850265352987
7075.953,0.08078626337121728,4.198052494743856,23.520634884233836
7081.891,0.08175703056462384,4.197903582831189,23.507198941206262
7087.782,0.07786647297380055,4.198052383867343,23.50437090670176
7093.719,0.07841668437239663,4.198107787197222,23.52026683875354
7099.594,0.0785015120330728,4.197849511753464,23.5151328829177
7105.516,0.07686669184663562,4.19801192412991,23.51350330710455
7111.391,0.07905398127668818,4.197944397795862,23.513647693454722
7117.313,0.07829111066412665,4.198209852065002,23.515533792201193
7123.188,0.0745970487325508,4.198215960073901,23.51245353898715
7129.125,0.07951279653650437,4.198455406367628,23.50616375984871
7135.032,0.07993428201169697,4.198215443878853,23.50850100232947
7140.969,0.0813468128365881,4.198306181776483,23.506863828878153
7146.86,0.0796697325913674,4.1982714549354485,23.498884711328767
7152.797,0.0806494975602764,4.198190285035414,23.497628137616466
7158.703,0.07813351402053882,4.198364757172634,23.5009952004878
7164.907,0.07795392887280925,4.198336728808828,23.509582016869494
7170.813,0.07651260498538409,4.19842324823622,23.499485773657824
7176.75,0.07935914755252732,4.19867060328673,23.49541436413247
7182.657,0.0790854874475993,4.198615222974977,23.50007358597477
7188.61,0.0772625372585827,4.198384252791912,23.492653921043868
7194.5,0.07983844431289075,4.198356348190434,23.4993811801979
7200.453,0.07653265384169237,4.198647010360616,23.493003290248332
7206.375,0.07866802786780029,4.198423423787502,23.483720665238568
7212.313,0.08010548048447681,4.198752504943102,23.490806063407764
7218.203,0.07712057210259572,4.1986840110134125,23.488697985687356
7224.141,0.08010607559541293,4.198534608547461,23.487350070721263
7230.032,0.07961791564188554,4.198629821496987,23.477573539470843
7235.953,0.0768005791631077,4.198531122979334,23.485083984827572
7241.828,0.07856500211024771,4.198844827999768,23.487084049589544
7247.782,0.07918332626900128,4.198896750177412,23.47558241156296
7253.672,0.07652424164151526,4.198687472996393,23.476203771652845
7259.594,0.07522145347926809,4.19865933621875,23.47271599223446
7265.469,0.07673830861009284,4.198839288620712,23.473107394813585
7271.407,0.076517998376343,4.1987138687544,23.466042293239635
7277.297,0.07750786138449045,4.198921702523811,23.47840917028061
7283.235,0.07632586244199552,4.19897454279175,23.471193942213162
7289.11,0.07665128536961324,4.198741386283133,23.459124689224126
7295.047,0.07731210815130682,4.1988786861091345,23.476441042528794
7300.922,0.07716829825930732,4.198965916097051,23.47289681029971
7306.875,0.07849455422486033,4.198842583657929,23.466972320067487
7312.75,0.07476914322148284,4.198884279613928,23.472415417514238
7318.688,0.0782762394145799,4.199262013641686,23.464118120119302
7324.563,0.07638183140450538,4.1989067312366455,23.462328955065647
7330.5,0.07924369364569273,4.199375002498261,23.45533329129778
7336.375,0.0781731458228531,4.19927407310889,23.46070520835045
7342.297,0.07722392472728812,4.199230133805672,23.467095981049184
7348.188,0.07570938575573405,4.199437235414682,23.467023190309614
7354.11,0.07570108247350457,4.198981986765577,23.469683746440715
7360.016,0.0768012978956058,4.199052963792123,23.46729840482682
7365.938,0.07692935196834326,4.199183828639561,23.460138232443207
7371.828,0.07526108469945626,4.199389861384287,23.459516799038603
7377.688,0.07698436329642823,4.199354250715642,23.458681293279742
7383.61,0.07747378128563825,4.199393871391951,23.456468398435067
7389.5,0.07585602381203016,4.199391435339459,23.453344595216596
7395.438,0.07715537504793715,4.199526099515873,23.464347267720218
7401.297,0.07687299970800514,4.199464138233605,23.45451237863172
7407.25,0.07743934952068865,4.199528752212551,23.44919000632347
7413.125,0.07511429633563439,4.199301999830371,23.448917856279458
7419.063,0.07850674991485954,4.199576665090408,23.45168121297335
7424.938,0.07582592478591406,4.199441319839628,23.452273781296
7430.953,0.07606993208185901,4.199691506106918,23.461083178577663
7436.844,0.07378103102125373,4.199689823442766,23.454507749399987
7442.766,0.07651338338825228,4.1996891536437975,23.441627585271224
7448.672,0.07437918868565563,4.199541904251322,23.445313320423462
7454.61,0.07483396728235787,4.199644444528994,23.445564926335884
7460.485,0.07421780443972277,4.199734388832292,23.44853328571232
7466.453,0.07674603485785056,4.199761292263962,23.45389384129854
7472.625,0.07570308841364327,4.199862364498525,23.452903936878617
7479.078,0.07635652098640666,4.199962292630996,23.449917601183373
7485.625,0.07530793498149504,4.1999822604765695,23.44821139022091
7491.625,0.07021629184715704,4.199979508375039,23.4488338197151
7497.547,0.07385682514926759,4.199890317886387,23.450549638231326
7503.5,0.07490712444394293,4.200019101817265,23.440543298201067
7509.375,0.07454032481280841,4.20019060093385,23.440098450674245
7515.313,0.0740068605905857,4.200048679783292,23.440265696367604
7521.188,0.07571913149452841,4.200059592080725,23.449358678856843
7527.125,0.07589907418138336,4.200126754674202,23.445114843441804
7532.985,0.07611401647429922,4.200023837761712,23.434391416969206
7538.922,0.07656685466648827,4.199872178452908,23.44204060163165
7544.797,0.0775270197145855,4.2001313722054014,23.43614040982144
7550.719,0.07734600590696983,4.20040707157083,23.4413698234155
7556.594,0.07371441218335884,4.20019351079287,23.428275618033705
7562.563,0.07294945940145477,4.200356088995786,23.430052607222695
7568.438,0.07779483606300276,4.2004194801487085,23.43619509624585
7574.36,0.0736054147620621,4.200412805152752,23.436168492291177
7580.235,0.07424199732985885,4.200471707381011,23.435586839211254
7586.157,0.07283412793864451,4.200275013804552,23.425954063734434
7592.047,0.07312509795973796,4.200427437946259,23.42362892341957
7597.907,0.07365615182987803,4.200562450102341,23.42827919815095
7603.828,0.07311849789748863,4.20050098708862,23.425506194140652
7609.688,0.07520408702063966,4.200499856718794,23.426672754440915
7615.657,0.07507223702919853,4.200786515693038,23.419762267952482
7621.532,0.07604637422936411,4.200618000010351,23.425560495423106
7627.407,0.07287032124867722,4.200407753674097,23.419707132024538
7633.219,0.07466749809862983,4.200570750754637,23.420422938023503
7639.016,0.07309706719080154,4.200689223410538,23.42119744149203
7644.813,0.07794025324156932,4.2006571879138574,23.427033719820795
7650.688,0.07418432638082652,4.200722657048661,23.42302971506851
7656.5,0.07188278592903229,4.200583593695201,23.422237896508207
7662.297,0.07037327293766862,4.200732491611669,23.423191386705017
7668.125,0.07730562336173723,4.200839606495903,23.42494167350766
7674.0,0.07348513423459982,4.20099730258523,23.418980759030624
7679.813,0.07297770781387942,4.200836909790975,23.417282205491134
7685.641,0.07250993703040168,4.200698575262375,23.419969339092976
7691.453,0.07310847734453603,4.200876728459313,23.411110046027037
7697.344,0.07107569276761289,4.200616705584029,23.4146792329965
7703.157,0.0753312856021923,4.200858557786147,23.412696043860805
7708.969,0.07490832876464523,4.200662735222774,23.417466868715422
7714.797,0.0730557990073895,4.200923316966523,23.41522349275181
7720.672,0.06896598136892224,4.201011879049838,23.415062490901107
7726.469,0.07310880227924324,4.201043512506489,23.404542874877382
7732.266,0.07125016522217426,4.201334533281501,23.41506864880104
7738.094,0.07217129072263498,4.201085132943037,23.403181240270733
7743.953,0.07087100364000781,4.200965384238604,23.403045058692033
7749.782,0.07453216230438718,4.201011780346663,23.39705641337127
7755.594,0.07241389377311225,4.201071624364754,23.39934441882434
7761.469,0.07169652894604692,4.201147753890172,23.393511140749474
7767.282,0.07499010354065087,4.2010777055659645,23.40350153197969
7773.094,0.07390574408986068,4.201176988420592,23.40630265874022
7778.907,0.07218060281008122,4.201286506608489,23.404452635357856
7784.782,0.07461407811863546,4.2013597238919225,23.402732853438767
7790.594,0.0712369842857149,4.201519789917742,23.396861543191037
7796.407,0.0726182053220091,4.201303375825005,23.405212485952376
7802.219,0.07165127639735559,4.201366991231173,23.401847470315545
7808.094,0.07184628332985274,4.201352764028027,23.395098421055483
7813.891,0.07195876338403843,4.201268022287443,23.400467508647463
7819.703,0.06918889605528458,4.201494881849634,23.404691947226393
7825.516,0.0726447851336005,4.201445330124916,23.402693587730706
7831.391,0.07204199080724477,4.201719094767588,23.397126673663916
7837.203,0.062358783282404864,4.200770365298635,23.39574600752439
7843.0,0.05909697540365215,4.200720100515504,23.400584409116302
7848.797,0.05984388896947202,4.200540242773542,23.39639967183048
7854.594,0.06272157220704694,4.200643892273254,23.390736427723592
7860.469,0.059847440486409255,4.200457615075992,23.392944260548237
7866.282,0.061725068821059874,4.200705775894801,23.397759108074823
7872.078,0.05259972813599855,4.199834365612825,23.393923762473236
7877.875,0.05158224241791183,4.199447047439938,23.399580972532817
7883.703,0.043776111468448134,4.198879026013774,23.395802948364125
7889.578,0.043238684497285844,4.198497481189517,23.384038626564855
7895.391,0.04287893594721827,4.19834550624939,23.39272565447845
7901.188,0.04433533473091654,4.198254829502523,23.390734611863454
7907.016,0.04336177576669185,4.198089483960748,23.390814462325814
7912.891,0.04319285743943387,4.198350375342989,23.38900592438427
7918.703,0.0448982649401262,4.198285807461917,23.384533033268486
7924.5,0.04452342522049933,4.197975876976059,23.3858547571889
7930.313,0.033239028967777556,4.197104353197229,23.386520167160484
7936.188,0.034403712538702384,4.197019137439642,23.38711648232496
7942.016,0.034748654871478414,4.196971728816992,23.387243610334966
7947.813,0.03712922903925368,4.1966832621466175,23.38787801418182
7953.641,0.03471856217229724,4.19682512015824,23.37591964007442
7959.516,0.03615433071250988,4.19656071359574,23.372606353949756
7965.328,0.0352506120593609,4.1967214320491,23.378499624190866
7971.141,0.03687158200823689,4.196290742398405,23.37998049739871
7976.953,0.03663605573013858,4.196399265785099,23.378926333560536
7982.828,0.03606383727861367,4.196502224247804,23.37889871359764
7988.657,0.03629935730005561,4.196475272904703,23.377989912444303
7994.485,0.03848529557696012,4.1966060015945645,23.38542735902414
8000.36,0.03506241808628072,4.196462026499644,23.383593797623053
8006.172,0.03660454787855458,4.196326348990039,23.375100540156073
8011.985,0.03586334495290141,4.196087679079436,23.373801556254097
8017.797,0.035277371666822634,4.1963628586918365,23.37634250344075
8023.672,0.034917032275936885,4.196231762469677,23.366638713309378
8029.485,0.03746350124249804,4.1961844740692404,23.371269483911394
8035.313,0.033317413663063705,4.196127643398719,23.372203913108567
8041.11,0.03763310349675213,4.196483140933896,23.367712086071116
8046.985,0.03624487255165952,4.196158454027772,23.36308318398641
8052.828,0.03511118970928574,4.196156031115526,23.36618016378902
8058.657,0.03484512169341951,4.196164542153446,23.364350323080497
8064.516,0.035071434926479635,4.196147239253323,23.36333584994126
8070.328,0.03807225143501183,4.195994936333894,23.363973470266433
8076.125,0.02803225975795447,4.1952385107603964,23.36406653470503
8081.938,0.03574717662799619,4.19564052374448,23.358141712331268
8087.813,0.03601879061650758,4.195955192640154,23.360182358059554
8093.625,0.03359240970290476,4.195662657470636,23.36403116083825
8099.453,0.037211853685994126,4.196010980374126,23.363468274305685
8105.25,0.03544808350700386,4.19598658355308,23.36461735489622
8111.125,0.041665701872028775,4.195701095093516,23.355837301568187
8116.922,0.03672347951927179,4.196161129850265,23.363122485918435
8122.719,0.038709672212498096,4.195753935700507,23.359957216091303
8128.547,0.03791235317631516,4.195914026122578,23.359723263934026
8134.422,0.03481865763580103,4.196269002151834,23.362098090130342
8140.235,0.03532604200268136,4.195959791400103,23.36676215099142
8146.047,0.038900707862570334,4.195832255448955,23.360295348229204
8151.938,0.03693018304847087,4.196018154819918,23.365549323769947
8157.75,0.036840640344825835,4.195795336782458,23.363808911626897
8163.735,0.03594713114239182,4.19607101542839,23.36770701397395
8169.563,0.037763684868792995,4.1958766932122655,23.35747854707759
8175.407,0.03752729828494412,4.196012524858756,23.365031648948456
8181.282,0.03507104842504771,4.19614639898733,23.363255408994245
8187.703,0.03747749876827212,4.195946862853194,23.351075774103805
8193.516,0.0392660918753808,4.196145899380246,23.359032423180675
8199.422,0.03572775314468841,4.19585689328319,23.350572181576783
8205.235,0.03558208638185748,4.196132546754354,23.35882443242437
8211.032,0.03667582741955367,4.19596674558505,23.35386210040564
8216.844,0.04062896847442736,4.195952505087594,23.374214870169112
8222.719,0.038199580234573094,4.195928879896108,23.361880450238626
8228.547,0.036035506577848556,4.195824134610164,23.364922289249872
8234.36,0.03957556630422231,4.196043947320992,23.37011296522038
8240.25,0.03786351979285871,4.195961992466769,23.359080317613007
8246.063,0.036590616943581615,4.195842045447104,23.3546379754263
8251.891,0.03742797826486163,4.1959776547205605,23.36497119995234
8257.766,0.03661584583549398,4.195723944856783,23.35727352755021
8263.578,0.04092078774586173,4.195936609456385,23.34875092323374
8269.407,0.039668934649444064,4.195934962964642,23.358664012974696
8275.266,0.036732082633598485,4.1958638791671365,23.355565178684316
8281.094,0.03746038764842679,4.195845716343155,23.34886591169684
8286.907,0.03637864223071155,4.19585842307909,23.35083922368389
8292.719,0.03657078028542435,4.195951228317127,23.355995062457716
8298.594,0.03946861695458196,4.195711796958489,23.340616613938874
8304.407,0.03770211053484085,4.195808179127038,23.349978132331504
8310.235,0.03929153160464672,4.196289538249501,23.345791172749067
8316.11,0.035250869373894995,4.195786795981402,23.35063697291601
8321.922,0.0377209446388925,4.195777852450034,23.337994082728084
8327.75,0.03620014591326029,4.195645697449172,23.35077895531418
8333.625,0.0363525481900373,4.195948878355385,23.349847287236464
8339.453,0.0354873522285249,4.196134130175077,23.347676003858275
8345.266,0.03834122682174186,4.196081458820993,23.34153895588467
8351.141,0.03849727856945853,4.19591241968024,23.344204126870675
8356.969,0.039444875034013054,4.195778419344925,23.341408066743377
8362.766,0.030188712874277438,4.195170302695915,23.341740792652075
8368.594,0.02600809919463571,4.194872593313422,23.34554684751742
8374.469,0.03885220865301541,4.195699960785511,23.34742729316935
8380.282,0.03581856639928254,4.19605653510485,23.34848629102597
8386.094,0.03968679829293753,4.195905909860763,23.341822113949114
8391.907,0.036308837502536016,4.19593064335654,23.344778174530056
8397.797,0.039788371064341556,4.196176607928673,23.338222026381285
8403.657,0.028567284580465143,4.195093416696965,23.340349944127922
8409.485,0.036365599835234526,4.1961318366663285,23.336558381523215
8415.36,0.035947240989907564,4.195803279245325,23.339713533446446
8421.188,0.03781654778711249,4.195837947928344,23.336488417992495
8427.032,0.03932309999156998,4.196052909628232,23.333162565688625
8432.907,0.03745835468484533,4.19589563610525,23.32757621501607
8438.719,0.03907207723746194,4.1958503246247805,23.326824686128333
8444.547,0.03920608169709195,4.195790860222112,23.32892236765126
8450.422,0.03684484828723798,4.196080089731645,23.330207100693887
8456.25,0.0370088275306768,4.195949394998282,23.330766158974157
8462.063,0.0380290671385604,4.195819177683214,23.324319218294544
8467.875,0.038503746475503066,4.195814817320161,23.329954336751925
8473.75,0.03464543601026714,4.195918417840517,23.327642181270267
8479.578,0.04024047023607248,4.19579098344806,23.326438095448356
8485.422,0.03809875312384225,4.195960326151531,23.326139225552904
8491.297,0.03597260771689756,4.195949607260351,23.330286727269453
8497.125,0.03988130489600744,4.19584038063519,23.320126620138414
8502.969,0.037817212043074686,4.195860821533362,23.325882203961264
8508.828,0.03556296844902351,4.196304376030113,23.330842018503027
8514.657,0.034775253922486954,4.1956892904521,23.328296500611614
8520.485,0.03024512041523534,4.1962887911302245,23.325627994581712
8526.36,0.03853185106378851,4.195849693757691,23.33278171165914
8532.172,0.03850948016296993,4.195846001931336,23.330544546811048
8538.0,0.03673153261456156,4.195965605431632,23.325351693446056
8543.875,0.03814398237279889,4.196057800339302,23.324232279198313
8549.703,0.03666400857922085,4.196067533815483,23.32052059360013
8555.516,0.03939196843665049,4.196103339786598,23.323895799640063
8561.407,0.03710858224389497,4.196143802085989,23.316925992981556
8567.219,0.037534236943277864,4.195726538860001,23.315167661718878
8573.032,0.035502156750765894,4.196196071790208,23.311041270711737
8578.891,0.03455012447709063,4.196253013589234,23.32258534931743
8584.75,0.0349822392893471,4.1960965837704824,23.32274174715697
8590.578,0.03936551730775247,4.195875447086763,23.30898576540969
8596.422,0.03604069042122888,4.195874021543014,23.31821190362758
8602.282,0.03771041557950744,4.196181497426097,23.31386097146659
8608.11,0.02719122402312152,4.19527620735754,23.316594702953243
8613.907,0.036909892971325284,4.196084426078354,23.31364255097382
8619.719,0.03851406649238148,4.196282994027778,23.315192539007345
8625.594,0.03867891304633619,4.196087131801996,23.30880678493337
8631.407,0.037194306747895735,4.1962558461261565,23.302350700726706
8637.235,0.038683836145582316,4.196050760354512,23.305937191288145
8643.141,0.02773006426725076,4.1950735795094385,23.310136140398726
8648.953,0.035956722568532246,4.196055080132447,23.30880017813061
8654.782,0.034662568707973136,4.196074523268139,23.306808476300226
8660.594,0.036271560626659864,4.196063647259326,23.301161771929564
8666.453,0.034964567692878104,4.196257596481518,23.31012101100492
8672.266,0.037507820352865956,4.196027772993156,23.309550101857614
8678.11,0.03627454572967439,4.196254222607632,23.312228959774178
8683.985,0.03607445960226599,4.195864219223757,23.306532664787444
8689.797,0.03882960471409278,4.195710078689196,23.310973034226812
8695.625,0.03427109031263053,4.196081847055284,23.301045654425675
8701.5,0.036908872584883415,4.196324787293073,23.298715363505792
8707.328,0.03407767552989294,4.196052039606908,23.304253423711593
8713.141,0.03837279025430476,4.196121370183111,23.296236713271416
8718.969,0.03586876669744792,4.195850597453496,23.300480957326737
8724.844,0.03511151580253777,4.196353282679997,23.299230329058634
8730.672,0.035954509664058665,4.196371574545353,23.29541204838404
8736.485,0.03625919526856862,4.196340181891718,23.29037318332838
8742.375,0.03731264441010972,4.196427055090857,23.295402851431668
8748.188,0.03959275141363854,4.196162756148237,23.292364547910292
8754.016,0.03637970810868736,4.196411388531781,23.296823630599548
8759.907,0.03611474872518042,4.196251367180509,23.294811419724077
8765.719,0.037348875686232956,4.196291593127995,23.295499954825182
8771.532,0.03471624052099234,4.196305138433947,23.302300323600964
8777.36,0.03818619033346052,4.196334544297163,23.301082492644117
8783.219,0.03544024742653487,4.196307781958456,23.301047599003468
8789.047,0.03400427887566415,4.196193627190997,23.30863957249151
8794.875,0.03899522090857436,4.196359858029535,23.298875639236062
8800.75,0.03634936873463541,4.196268874037166,23.29723654735461
8806.563,0.034031450135612505,4.196226997222597,23.28874582992666
8812.391,0.03874500919624847,4.196312938040659,23.29565834443684
8818.297,0.038329170774794086,4.196448590395466,23.29191112536554
8824.11,0.0350862793973,4.196436275366546,23.294159534830232
8829.922,0.03539767212428367,4.196370510399312,23.29071308489381
8835.75,0.03757669977169546,4.196398223972205,23.287177819383366
8841.625,0.038959679557348546,4.196547969839728,23.289670433011544
8847.438,0.039947292979544476,4.196403447504057,23.29099232333499
8853.266,0.03722763655986194,4.196361283599021,23.29124223191478
8859.078,0.03260534715149394,4.19622819505137,23.289335217473248
8864.953,0.03558214451209724,4.196486120481649,23.28901363126304
8870.782,0.03982526666493256,4.196324763696288,23.284485072597544
8876.594,0.03777933441593389,4.196641977224325,23.27609107788556
8882.453,0.034744160885691974,4.19653731543609,23.281689081550414
8888.313,0.0362278274873829,4.19668810414219,23.286521559602566
8894.141,0.03320985075245547,4.196332725492083,23.274510955307974
8899.969,0.035196619431774705,4.196279426631343,23.27936573641158
8905.844,0.034862431654473613,4.196433798981949,23.273786081467378
8911.672,0.035487753558915806,4.196644650303162,23.27949900046196
8917.485,0.035829408633215126,4.196504625921316,23.276919566028514
8923.297,0.03333388392307772,4.1967834797703985,23.276068252164514
8929.188,0.032728661658924234,4.196617555002832,23.268326302405463
8935.0,0.03526033274696857,4.196646012774834,23.277666575571153
8940.813,0.03752141668327179,4.196505182786183,23.28252432257242
8946.625,0.037911879073319596,4.196403230209558,23.28930229604837
8952.516,0.04115809644791439,4.196606693084374,23.279081096701397
8958.328,0.033235158666495054,4.196658623704313,23.283047027608447
8964.157,0.03596384874644873,4.196686707808042,23.27664224122765
8969.985,0.037037103026422984,4.196988308854245,23.269142078439323
8975.86,0.04037474482220857,4.196665407160451,23.272223749546953
8981.672,0.03856851059521473,4.196616177071918,23.269991252230735
8987.5,0.03186805499339743,4.196669227903767,23.27266767126251
8993.391,0.03560173299867246,4.1966387352612164,23.273811864251268
8999.219,0.033363950149513794,4.196752457262274,23.265044466218825
9005.047,0.03636673256876892,4.196698369569315,23.25750229285398
9010.938,0.03535544726671369,4.1968175180694205,23.270259078266708
9016.75,0.03666182207594221,4.19664027461882,23.258416612889896
9022.578,0.037798775589580384,4.19671460271163,23.26341480552025
9028.469,0.03383999448266051,4.196941220477523,23.263604511546454
9034.282,0.026954481195450183,4.195861285410882,23.271357165577033
9040.141,0.026798524375932557,4.195721286460739,23.268591712988304
9046.016,0.026103557939345993,4.195683180629959,23.263529576497024
9051.828,0.028623603470367038,4.1956018428443,23.271231706735797
9057.657,0.02779236457909606,4.195255747250877,23.264667656331145
9063.485,0.03403303148552964,4.1965913365962875,23.263119836364716
9069.36,0.038909427663113186,4.196550674754533,23.270458455801204
9075.172,0.037546935819882644,4.19665388837067,23.26858986322094
9081.0,0.02473056661037086,4.1958599984168865,23.25870761263499
9086.875,0.028271769466531,4.195366488844666,23.258543122429078
9092.688,0.035640005598356055,4.196481296443433,23.267121809386794
9098.532,0.03555205365536618,4.196760964509503,23.270363792305968
9104.407,0.035898447390546206,4.1966393285681916,23.26884368969406
9110.235,0.033218236620281505,4.196597686956094,23.26798219476993
9116.078,0.02190118249399669,4.195739185212333,23.26693828015932
9121.985,0.025759508559725898,4.195593837611135,23.26679783991026
9127.797,0.0236766574595883,4.195851444181147,23.267366935733442
9133.625,0.025906062282100274,4.195530780793341,23.264115514390188
9139.532,0.02405184885804036,4.195617837917675,23.265294513217146
9145.36,0.023030170779753886,4.19560470947137,23.25927164250122
9151.188,0.023683288003361096,4.195750413415459,23.25601234044149
9157.063,0.025393506847150197,4.195748477161499,23.26237766685024
9162.891,0.026823365504378822,4.1956052308802265,23.25812932032527
9168.719,0.022060537116818272,4.1955094182795465,23.253507028548803
9174.61,0.04029562591941038,4.196410323789392,23.257845676001885
9180.422,0.03766414464688122,4.196681600928026,23.266096862808045
9186.235,0.0338656873673517,4.1964196200082,23.260796792288517
9192.063,0.03574081308981343,4.196978830251858,23.263385667984668
9197.953,0.040798467691977106,4.196459634559033,23.258136632564163
9203.766,0.03457103213815716,4.196644703401338,23.25987141970042
9209.625,0.035017742392421926,4.196469021263119,23.260492571913407
9215.5,0.03558753420548493,4.196877516426637,23.2531421117884
9221.453,0.03611113986083277,4.19681257085802,23.262530208255484
9227.5,0.03681263006649558,4.1966706835647,23.259828173006653
9233.391,0.02358576144160335,4.195803993318242,23.255615185567578
9239.219,0.028519532247637095,4.195635460939425,23.25961794050872
9245.047,0.030593326457447244,4.195786827897489,23.25995507352722
9250.922,0.02733000981859165,4.1959489587484455,23.252761599994937
9256.735,0.025737687315091445,4.195752383178376,23.25489175110478
9262.578,0.024663284744458072,4.196067997007313,23.252516113964383
9268.453,0.024904162969298878,4.195790450035376,23.25476291373832
9274.266,0.024819306519654822,4.19564082977136,23.256126009694444
9280.094,0.0277914981603282,4.1958576593103345,23.253311891769464
9285.907,0.026266383551586087,4.195631287888848,23.25703647726763
9291.797,0.026690957962162722,4.195941793385545,23.252829211835984
9297.61,0.02459731150484583,4.195932830747611,23.262419587864013
9303.438,0.02792390432926194,4.19582714280769,23.25612541577999
9309.328,0.02377005402445188,4.195738822832749,23.251494437997263
9315.141,0.023440727977546903,4.195621361093192,23.255557590125093
9320.985,0.027690594531801952,4.195550084212402,23.254991005984728
9326.875,0.026538712515764583,4.19578452019097,23.253036022854722
9332.688,0.02924390224708199,4.19571261939542,23.254449293281105
9338.516,0.026632914681223228,4.19572300425484,23.24781204846008
9344.391,0.026892843989012524,4.195652579760246,23.250425227553542
9350.219,0.02792758457623342,4.195534017741098,23.250567280044617
9356.032,0.03477749088780017,4.196343991213116,23.250025401796304
9361.844,0.03411671817584378,4.196608466518515,23.25103454735239
9367.657,0.03701535746917521,4.196864895087367,23.250263538231767
9373.532,0.03381398793740039,4.1966540262096,23.24621500439685
9379.344,0.03476773108120419,4.196856005383741,23.253725758182718
9385.141,0.036481530359237964,4.196781328459903,23.252121167360784
9390.969,0.03469233700763837,4.196634620973861,23.251762009962345
9396.844,0.03348985476243052,4.196721818419685,23.243929702062317
9402.657,0.032605415059421286,4.196865388873329,23.24891719549761
9408.485,0.032163199798478544,4.19705983256071,23.244796202613752
9414.297,0.03415654023875433,4.197009678651647,23.25106480164824
9420.188,0.03409698208128717,4.197073341508366,23.258692818480075
9425.985,0.03530211298134901,4.197150093019941,23.25638551474501
9431.797,0.033455377417238315,4.197164186741771,23.245365266205642
9437.625,0.032324604942289524,4.197130587853152,23.2518068942726
9443.5,0.03384675618425155,4.196798571101648,23.243405045082284
9449.313,0.03878024980694416,4.197258917429736,23.24853293785439
9455.125,0.038494947253757135,4.197051085030732,23.256560563018844
9460.969,0.033044877108210254,4.197079083052902,23.251676387807546
9466.844,0.03513896156381635,4.197124959191923,23.253909984473403
9472.688,0.03367616577659618,4.197174185667952,23.24656981672801
9478.516,0.0337657978855151,4.197176715795313,23.25093668934269
9484.391,0.03315326052409815,4.1973434773145,23.24878931121858
9490.203,0.034212090740082045,4.1973503074986604,23.23854964300067
9496.032,0.033956416115437066,4.197209415076541,23.23384567962064
9501.907,0.03504938251941822,4.197301768667965,23.245336821193984
9507.86,0.034298702648827464,4.197307615874805,23.240725331375163
9513.75,0.032151667443956394,4.19740577576183,23.244241762418753
9519.578,0.03697187557548281,4.197812847874468,23.234425059232883
9525.422,0.03143949589675495,4.197480876820202,23.239998105518932
9531.313,0.029138225230601174,4.197335699094243,23.235311405951116
9537.172,0.035054334195858586,4.197252926764719,23.242498893217427
9543.0,0.0329575098191384,4.197675847896085,23.2351296251505
9548.891,0.03555736474150453,4.197116505440156,23.223133560259434
9554.672,0.035578884047479796,4.197482459285382,23.22760024577434
9560.453,0.03226665710946405,4.197452512183732,23.23427838540927
9566.219,0.03588090177099756,4.1971858494193555,23.23744579086986
9572.0,0.034954310052010336,4.197397571031025,23.24130946495974
9577.766,0.03329507272503334,4.197321854174874,23.227026271269594
9583.532,0.02806550165429761,4.197410411358041,23.227524716126737
9589.313,0.03440306423548043,4.197340775550446,23.226283281137235
9595.078,0.035769362727955084,4.197437523278492,23.231647362408022
9600.86,0.03585887272764126,4.197229264531698,23.228918952594395
9606.625,0.023866662635501044,4.196667910821389,23.222739899819864
9612.391,0.023668686575485914,4.196497830866897,23.226880711137532
9618.157,0.02473380359858562,4.196451908351859,23.229506989454674
9623.922,0.025875579974984717,4.1965026289719285,23.23112174350738
9629.688,0.02537589548393151,4.1963506259392815,23.241352792605685
9635.453,0.02544767195943311,4.1966669566731225,23.229252301342086
9641.219,0.027511740172375503,4.196595371976051,23.232747193827844
9646.985,0.02363754720216183,4.196710438506589,23.23935742245066
9652.75,0.023803198874473065,4.19623368924471,23.235606394162577
9658.516,0.02828133073565464,4.19629508353271,23.23356591096728
9664.282,0.0228370309013528,4.196264900212373,23.237870735639394
9670.047,0.025767076943125918,4.195974590812741,23.23632066970397
9675.813,0.026662129491471363,4.196390529284415,23.23406258790466
9681.578,0.022707560431044837,4.19643899615093,23.23361093385146
9687.328,0.02375995696805396,4.19608186539483,23.228914090886608
9693.094,0.024956160753563217,4.196417528075418,23.228660947303894
9698.875,0.024305719724006254,4.196386545804496,23.234337065519725
9704.625,0.02443622790893237,4.196161840313305,23.23959995255205
9710.391,0.02479225148878275,4.196125032092956,23.228276876946534
9716.141,0.024122171785191826,4.196215615546804,23.23425007346671
9721.907,0.027683896846289812,4.196426992193677,23.22970428081337
9727.657,0.02182588848300037,4.196236762207936,23.22554797052033
9733.422,0.024538584311267896,4.195948440616412,23.224551416821086
9739.188,0.024851801755220188,4.1963008738413325,23.231096012640727
9744.969,0.024656267051889953,4.196236311471247,23.22117556232988
9750.735,0.021995144390972075,4.196089145913603,23.21914901809159
9756.5,0.02624733491935466,4.196077589063938,23.220670756615434
9762.25,0.026072301662718605,4.196369260565724,23.223311884905595
9768.016,0.024661444816545468,4.1962595192958245,23.233424228256286
9773.782,0.022919266004290527,4.196324917948898,23.223087747629144
9779.532,0.02666681471654728,4.196200590283862,23.22314143464123
9785.297,0.022855650644108858,4.1963007723455314,23.22342568604201
9791.063,0.02639312412110472,4.196066980043265,23.215794200535235
9796.813,0.024024354162370927,4.19605975741335,23.215269662354288
9802.578,0.023385802965439673,4.196292867648779,23.222532500623718
9808.36,0.023621526369369244,4.196328677201908,23.215600994686273
9814.11,0.020992649534248793,4.196362818175907,23.219202976699698
9819.875,0.02604553584979693,4.196180120283006,23.222425227734572
9825.641,0.025852401359306176,4.196255062323536,23.21257539589184
9831.391,0.022197963256502067,4.196453146367677,23.219088634227372
9837.172,0.025801316566198797,4.196224373860011,23.21358275022227
9842.922,0.021897471841875103,4.196175924108012,23.224686401927173
9848.688,0.024992068780177304,4.196152090068737,23.23513305877599
9854.453,0.022625333507283636,4.196190673774929,23.223499701805125
9860.219,0.024587187693486248,4.195996483163869,23.218203883960474
9865.969,0.02870468459052494,4.196430952164398,23.21666553059309
9871.735,0.02427820844453146,4.196168461490039,23.224436492352332
9877.485,0.022967140215600337,4.196189705929773,23.220550572796252
9883.25,0.024553515713274136,4.196361702515132,23.21864896203004
9889.032,0.023649909270607648,4.196443638745135,23.214038416207007
9894.813,0.023163319002984278,4.19617421356344,23.222136544683707
9900.563,0.02349839773543253,4.196344800980669,23.213879534111594
9906.328,0.023745466007411502,4.196404846118745,23.2091217184924
9912.094,0.027707655767910958,4.196355835883826,23.20981817034877
9917.953,0.024043678808977762,4.196360294376765,23.212882686170758
9923.719,0.023245742583275587,4.1963544072389976,23.206078658766863
9929.469,0.0227643694586911,4.196295597500023,23.211686775082
9935.235,0.026136295509053446,4.196336134539716,23.20940648450662
9940.969,0.023124123470322003,4.196697936045861,23.207245754584644
9946.735,0.021776763675858474,4.196450761985366,23.204958356220985
9952.485,0.02616520024965802,4.196298487343917,23.206960262804696
9958.25,0.022206816785541813,4.196313617593003,23.200873258017772
9964.594,0.022325720227536785,4.196446746107471,23.20637288173916
9970.344,0.02388374641594948,4.196365579083284,23.20388468622984
9976.172,0.02033593925729741,4.196517382532424,23.211755893633242
9981.938,0.021784245644910175,4.196395725277156,23.20134069517285
9987.735,0.02528945230065469,4.196516507684368,23.195128135391016
9993.485,0.02232692546977688,4.19623762519852,23.205702717919877
9999.266,0.023130514671564045,4.196487516583624,23.20702196334952
10005.016,0.02427374961908689,4.196457558642001,23.21154026108558
10010.782,0.02409709750489127,4.196560371011746,23.211687670200355
10016.547,0.024879504099057228,4.19646979027476,23.206697419792125
10022.313,0.02566038198349261,4.1965725199301795,23.20094161527898
10028.063,0.027960528599231347,4.196133297081687,23.205104479624662
10033.828,0.030572601059862828,4.196509107356128,23.204177048229745
10039.578,0.02473611542509867,4.196338622573141,23.204964686422816
10045.344,0.024096887632728808,4.1966456048087295,23.211316408834783
10051.094,0.023581083980904805,4.1966707194134365,23.201809150869888
10056.844,0.02687828119128955,4.196228998403352,23.199409808279153
10062.61,0.023220139756416326,4.196409401470676,23.200427233399164
10068.36,0.028461631096529452,4.196500189570477,23.203095712547675
10074.11,0.024110984597358266,4.196546529396664,23.19608122172363
10079.875,0.02511879785009308,4.196467686873287,23.191026793342143
10085.625,0.025092997933478356,4.196408622728253,23.200980835107792
10091.391,0.02179113578459971,4.196374348837086,23.19726865354735
10097.141,0.02379128629247716,4.196530238861583,23.203438577757584
10102.907,0.02451696656260955,4.196168002741788,23.195260323491176
10108.672,0.025103300747524527,4.196566550202789,23.204016982277118
10114.438,0.013883853986664188,4.195888255283023,23.200250674567627
10120.141,0.0004934154568023828,4.164968469016413,23.227332974450633
10125.86,-0.0023256894133390884,4.176729067030829,23.26577249509977
10131.485,-0.0023973621742934127,4.180212175695096,23.296934509521115
10137.172,-0.001342032242627496,4.18198768329393,23.308961546734317
10142.86,0.003631544635275924,4.1831474308855,23.31584185145026
10148.594,-1.9272336608895384e-05,4.183865114496237,23.311923004229293
10154.282,-0.003123872086346965,4.1846262649435575,23.317514934353905
10159.985,-0.001695653601121932,4.184981519431225,23.316915299236726
10165.61,-0.003256071672208306,4.185498794607835,23.315123228422742
10171.297,-0.0016619204986414722,4.185786462200215,23.31010438820182
10177.016,-0.0020979508563467386,4.186163427774931,23.31030487669718
10182.719,-0.003268629181684595,4.186467958925868,23.317069444065666
10188.438,-8.494084024743174e-05,4.186752121625615,23.30106525067402
10194.141,-0.0016971677240049225,4.186998509108543,23.309865959132626
10199.844,0.0041260457054106995,4.186882692381084,23.307916248253676
10205.563,-0.0011817568851638927,4.187231462250448,23.300437991805317
10211.203,-0.004714359841051948,4.187430786928194,23.306006909938368
10216.907,-0.003638154213560886,4.187237903439076,23.290408040940157
10222.61,0.0005292097637507135,4.187425856870173,23.29297605414992
10228.328,-0.0043726802892767366,4.187826283206946,23.289702554110487
10234.047,-0.0002555711038003472,4.187781733351859,23.282099776041623
10239.75,-0.0015472598953607298,4.18783347130574,23.284942367418893
10245.485,-0.002084002649765744,4.187796276340648,23.277118843081087
10251.188,0.0011386838372042022,4.187923175974798,23.294281095160567
10256.891,0.0012534892196897289,4.187802476787015,23.280522748586865
10262.61,0.0002295512220186399,4.18810357766786,23.282149124096506
10268.313,-0.0007463324063855815,4.187997796579829,23.27938209063185
10273.953,-0.005212278087114275,4.188181471179454,23.276821085205896
10279.657,0.004158436811560839,4.188139962985834,23.2809867671759
10285.36,-0.0017998782344619741,4.188011019377581,23.276484272980834
10291.063,0.0022958687616375776,4.188132621384819,23.269911228119863
10296.766,-0.003460583582874955,4.188240126741503,23.26987786593463
