time,current,voltage,temperature
0.0,-0.002405997025331174,3.4503044215845797,33.6468535523426
2.4529999999999994,-3.546790523849352,3.1465855130636466,33.595519234399035
6.891000000000002,1.5146281642003196,3.5364562288452066,33.587060373722444
11.094000000000001,1.5169524453951337,3.5695247016291147,33.5696760196462
15.297,1.5158465784700625,3.5900987766216055,33.523613276094295
19.5,1.5138839835294828,3.6061763280331562,33.48125348743285
23.735000000000003,1.5146003515575612,3.620808817377802,33.424228410097804
27.922,1.5163067537593862,3.6336002094618634,33.37319611541287
32.188,1.5165520757876347,3.6458881924130004,33.3070359000231
36.391000000000005,1.5164036622233485,3.6568518153554193,33.23685744652702
40.578,1.5181969190159708,3.6672313667496947,33.18003585178979
44.86,1.5099110349512568,3.6775847693440853,33.11302644341414
49.047,1.5162996340502548,3.685964801660245,33.054461098994196
53.235,1.5137378041188942,3.6947876186295168,32.99858158201975
57.485,1.5173938804044176,3.7027661677197803,32.91875201994289
61.688,1.514838123716101,3.710379133337382,32.85554491957258
65.922,1.5127035951680021,3.7180439452583225,32.796181043815494
70.125,1.5136887986214405,3.7247108862108567,32.738909110355365
74.375,1.5185901403260798,3.731222727820573,32.67517475851116
78.563,1.5138057430058482,3.7376593036383117,32.613574277172965
82.75,1.5144215782839754,3.743673471594042,32.54853270134379
87.047,1.5145027341837622,3.7496525622113226,32.49696274887691
91.25,1.5132504659022656,3.754964776073218,32.427276817439015
95.485,1.5137592637190644,3.7605069248475416,32.36383810975079
99.672,1.515600125709848,3.7655353503995834,32.31269348879591
103.86,1.5150419942064315,3.7704744190187793,32.2619330624731
108.078,1.5158836208652486,3.7748473320544056,32.19684342944741
112.282,1.5126705779198943,3.7791881024898593,32.13327607464164
116.516,1.5130206735577165,3.7840369166007077,32.077938227799194
120.703,1.515044169297561,3.7876532299112804,32.02935363120156
124.907,1.5150634734551982,3.7915589482121175,31.966084244882083
129.141,1.5153390018232737,3.795187428404276,31.927821731343997
133.344,1.5160424209125383,3.798763058997377,31.88027016258115
137.578,1.514209422890038,3.8023759669522814,31.828577908841506
141.782,1.5137650435140682,3.805189707583806,31.772734534026604
146.016,1.5132798592227676,3.808155756063302,31.72075688015676
150.25,1.5117440149377692,3.8111334936474104,31.664960321187962
154.453,1.51573519806119,3.8137564407168543,31.611041743014194
158.688,1.5140636796678932,3.8158372659417807,31.559088823699625
162.89100000000002,1.5162478892631102,3.8179706842468635,31.507975039669777
167.125,1.51407862792608,3.8201633957664156,31.465531854377005
171.328,1.5140204683735452,3.8217048113806924,31.413913977850623
175.547,1.511635078681834,3.823877684357388,31.370524864130125
179.75,1.5154118674454304,3.8252207844530695,31.327395579288208
183.969,1.5173530932329125,3.82658892015772,31.27279754769038
188.157,1.5161540740709487,3.828154845967491,31.23103627506983
192.407,1.513900545214568,3.8293615206441602,31.184496061975576
196.61,1.5160384110939011,3.8306579971052357,31.147595385581507
200.828,1.5117663089064146,3.8315845917598406,31.109064944915644
205.032,1.5169105735723052,3.8328631671990028,31.07639063062
209.266,1.5131995243424574,3.834321999656622,31.026032053790274
213.469,1.5138914568322785,3.835115130044173,30.981466958813247
217.719,1.5165392348684819,3.8363838235671146,30.9318762616203
221.953,1.518768411019613,3.837854106883231,30.881816290149416
226.14100000000002,1.5137332416334106,3.8382108688255148,30.851277917067197
230.328,1.508416936758253,3.8397727438457943,30.81100638172357
234.516,1.5162866830994421,3.840508836592953,30.761848023067287
238.719,1.5140830814270154,3.8416819524877956,30.735512427559733
242.922,1.516616468910789,3.8426914674432227,30.69480022355573
247.157,1.5112901944979447,3.844361537144236,30.64999853010288
251.36,1.517613325227211,3.84478543728325,30.61974885409416
255.594,1.518002598976648,3.846025849051221,30.570921179337226
259.782,1.5119432766415293,3.84715820892227,30.534277272551446
263.969,1.517769406135435,3.8481520708946615,30.492945222176726
268.157,1.5136545543834619,3.849345432554089,30.464333832409718
272.407,1.5153439030128666,3.8506371117550753,30.4320584753896
276.61,1.514076033999188,3.8516556940535116,30.394816247815207
280.844,1.5155881159572855,3.8530315093986047,30.356261798850436
285.047,1.5152519537049538,3.853832226738907,30.31850655124082
289.282,1.5145723108032143,3.8552915605067963,30.282042938213262
293.485,1.5166132049710073,3.85602989811342,30.24728505043063
297.75,1.515126895159021,3.8572066890421763,30.229652070639364
301.953,1.5185132443844076,3.8582769481155803,30.192051516672123
306.203,1.5175520654352752,3.859374294140003,30.164569830781264
310.407,1.5177574828582483,3.860488252691556,30.12453964633958
314.625,1.5113839166534637,3.8615918827787383,30.097107012583276
318.813,1.5153820862086977,3.862589330085781,30.05871743504586
323.0,1.5172696264832293,3.863872273638905,30.030235888451315
327.188,1.5180723229191957,3.8650649312377685,29.993736819497748
331.407,1.515857181741237,3.8659142771582786,29.965909409041384
335.594,1.5149883790558059,3.8669023374461706,29.932378460269586
339.828,1.5134527371209905,3.8681754382236164,29.905226890049157
344.016,1.51445436839001,3.869302581570959,29.87613928539024
348.203,1.5155061268968855,3.8701231497443507,29.837342804091115
352.391,1.5165483556068726,3.87128208839357,29.80768123271829
356.641,1.5175054321581147,3.872118097249743,29.778834796613186
360.828,1.5151841999147804,3.8732492761213018,29.752577217259773
365.063,1.5177930980208412,3.8744079300594945,29.73337807303584
369.25,1.514563197126043,3.875404185766193,29.70463397729836
373.438,1.516148754708818,3.876432574678109,29.66543674149804
377.657,1.516105715645054,3.8772816802945083,29.648552784293678
381.844,1.5160687863005942,3.8782428745356587,29.618853822045512
386.016,1.5161379379672841,3.8793013609660463,29.58882026508616
390.235,1.5140056438596472,3.880592726967374,29.56445416540354
394.438,1.5144895689100097,3.881626875397872,29.5319240141585
398.672,1.5171852369047323,3.882311487984389,29.50182459124409
402.922,1.5157549488728292,3.883569083220499,29.47327846787376
407.11,1.5184492737227884,3.8845379464748286,29.453149395053295
411.297,1.5158052570935265,3.885441676483389,29.428603703159606
415.516,1.5139714429687912,3.8864970466474484,29.393459451750626
419.703,1.5150283312921187,3.8872543066745084,29.372037410429947
423.938,1.5147795339409171,3.8883798879474054,29.342294518232123
428.125,1.5178153829756884,3.8891453321747393,29.320624915863366
432.313,1.5140031486593581,3.8903806220635713,29.302389374034096
436.563,1.5137778933574457,3.8912199240512453,29.287787919927894
440.75,1.5158374043906464,3.8920373636999783,29.256893850939132
444.985,1.5157555995037095,3.8930554164710767,29.238838031008388
449.172,1.5154276074661468,3.8940877350526324,29.205271169687787
453.36,1.5152361117645508,3.8949819567126007,29.169749829163273
457.578,1.5154204713973733,3.8960179845427394,29.139873696722262
461.766,1.5150762984909254,3.896759152625695,29.12138352738639
465.953,1.5143642138677944,3.8976081977786277,29.102378772435014
470.188,1.5131259288397119,3.8987549474597714,29.080818541522206
474.375,1.5164341806925203,3.899533272680247,29.055339143401923
478.61,1.5147074253886208,3.9001702502231272,29.037276599050532
482.797,1.512750231245495,3.9013378138650583,29.01871232993274
486.985,1.51670624211604,3.90217276820278,28.987722774261655
491.203,1.5163355970980006,3.903083538130752,28.964546075739904
495.391,1.5157103594282282,3.903811715127441,28.941511509876474
499.578,1.5182158094446416,3.9049377669898337,28.929453352476703
503.782,1.5176020056268464,3.9056550361252946,28.907854328469124
507.985,1.513600873518119,3.906583357274066,28.88620070850569
512.219,1.5161891631885132,3.907363570899411,28.8635847609499
516.438,1.518113510141549,3.908108845017341,28.835014956932206
520.625,1.5176983492166134,3.9088858655109644,28.818415560639288
524.813,1.5139667046311633,3.9096976939291728,28.802730190664466
529.0,1.5137736643320798,3.9106206470564366,28.78597469644187
533.219,1.5145939170349325,3.9113517021103323,28.770117599177812
537.407,1.5166861195678438,3.9120419031583924,28.748646864172894
541.657,1.515686423485668,3.9130026371037725,28.720291376458647
545.844,1.515901579235691,3.9135381363436474,28.697333598565294
550.032,1.5145215389828346,3.9145775247248684,28.673195822446754
554.25,1.5146872819643034,3.9153046091997528,28.647483801652108
558.438,1.514966072254682,3.916015149412171,28.631345970478314
562.625,1.5139241395481424,3.9165850347464866,28.62692375190714
566.844,1.517167831667234,3.917419883606474,28.59959729898504
571.032,1.5170470578106119,3.918002422683346,28.580800664332642
575.266,1.5140163023336726,3.9189376174470696,28.56266205385703
579.485,1.5178141192855017,3.9196011051774087,28.550861598712654
583.688,1.5132492648316989,3.9197703534633357,28.52397602651536
587.875,1.5190174062107444,3.9210969527806254,28.49983621901806
592.094,1.5122197731396323,3.9217838618854355,28.490407876043836
596.297,1.5127495048661717,3.9225346857022303,28.472443454205713
600.516,1.5157861481191748,3.9229069252040496,28.461835988479887
604.719,1.5155359677410514,3.9237139182744256,28.439439955565682
608.953,1.513039005478271,3.9244362504198187,28.41408211048452
613.141,1.5150486813229866,3.924835650964056,28.39809824605727
617.328,1.5150529942471684,3.925728313086212,28.38244616285262
621.547,1.5174931792274138,3.926537017464801,28.366890824026182
625.75,1.5154616392056204,3.9272337065329874,28.352889831070453
629.985,1.5168532607826946,3.9278949580254774,28.326655368289774
634.188,1.5150114313185792,3.9283317328685805,28.312875978295892
638.375,1.5171416928731862,3.9289311596354377,28.305780861427202
642.625,1.5149553668404092,3.929574314391568,28.277902236530203
646.813,1.513444785100521,3.9302109221164674,28.263462927692743
651.0,1.5119359248672586,3.9308153340636283,28.25677025930875
655.219,1.515034589076022,3.931358724045506,28.230329250480455
659.422,1.514425283391413,3.9317877718739407,28.21258551596144
663.657,1.5180641181575882,3.932430435051659,28.196997616262752
667.891,1.5162680575880678,3.933099732069601,28.173354782280356
672.094,1.5176176866810407,3.933684659702638,28.157553798316297
676.328,1.5183153464984003,3.9344343229931154,28.151951163085386
680.532,1.5116071511165479,3.9348325693551938,28.134454783536118
684.766,1.515343567293089,3.935688542768403,28.115624260833066
688.969,1.5165690581814966,3.9363393330514285,28.112023428774297
693.203,1.5150308140232365,3.9366004018738048,28.09452130651817
697.407,1.5178724982902037,3.9372094253348595,28.078861996277514
701.657,1.5130364179772877,3.937668423192541,28.053059142080834
705.844,1.515664107002742,3.9383222654616765,28.033990059028852
710.032,1.516847975532861,3.9389531000650666,28.013924596984648
714.235,1.5156636813317315,3.9395291801123173,28.006919736013696
718.438,1.5180792314606089,3.939728144908177,27.998404136941737
722.688,1.5168474996871046,3.940601810172156,27.98956897111184
726.938,1.5169701975619312,3.941241763720401,27.976592774067292
731.141,1.5139543837187055,3.9413990212217995,27.965908216214974
735.375,1.5165962935269217,3.941974648290983,27.95135359374026
739.578,1.515852017768933,3.942468441456923,27.929842418323904
743.844,1.5169382640574596,3.9431333138402813,27.908324928653336
748.032,1.5132379320233236,3.9433030291223923,27.90177184672047
752.25,1.5169339229161096,3.9441015413602676,27.895148488716597
756.453,1.5168393786889591,3.9446192903160466,27.88463197530666
760.703,1.5129785978182075,3.944943411267087,27.87270291837585
764.891,1.5140882152482877,3.945585813700663,27.8594682983633
769.078,1.5140312630370563,3.9461399546486216,27.8467868415788
773.297,1.5178259880317795,3.9464346704479834,27.826649207169876
777.5,1.5166318039403324,3.946938352364828,27.81489493135474
781.719,1.5150902812065934,3.9474789785092863,27.800926039472607
785.907,1.5164597749058837,3.947992768011289,27.785448705947292
790.11,1.514450329060257,3.9485361967905175,27.782134148429815
794.297,1.514429905417372,3.948935363097919,27.765960418697716
798.5,1.5150894048482788,3.949532476022539,27.754864530150876
802.703,1.5171151820488187,3.9498464054868663,27.74613856027714
806.938,1.5148427318550046,3.9501781375240848,27.72728543680786
811.141,1.5129295574193644,3.9508688852649425,27.716421260374442
815.375,1.5175252100659846,3.9512040992750426,27.700730369563068
819.563,1.5163234955405924,3.951757846258975,27.69028099160415
823.75,1.5141793956848952,3.952441290819468,27.685345150195964
827.969,1.5164681769886195,3.952706002527556,27.674235156692035
832.157,1.5165764960856152,3.953288496652115,27.671075224373553
836.391,1.5162320545995664,3.9538251051834132,27.65913484103509
840.625,1.5144631879005994,3.954112337571974,27.638220128909197
844.813,1.5179927433760914,3.9545814841549936,27.623845050116515
849.063,1.5163682626004216,3.9549867411375526,27.61574467240295
853.25,1.514866681360014,3.9555115004700605,27.604293011461785
857.438,1.5156535230767922,3.9559014892868984,27.59907997121414
861.657,1.5119009604159785,3.9564763887394006,27.580579331719186
865.844,1.5149122510688153,3.9571020090379303,27.579685687951248
870.078,1.5160565798444652,3.957389147187431,27.56138403374098
874.282,1.517745650357136,3.957990030670734,27.55612189386797
878.532,1.5181733758144722,3.958449357098963,27.545980963636982
882.719,1.5171917350213975,3.958536796552358,27.538939346137827
886.907,1.51508566295896,3.959450745321924,27.526373450099
891.125,1.5136525713149722,3.959690881490098,27.50587443265821
895.313,1.5160255927641269,3.960260086109525,27.500801206297844
899.516,1.514538963007657,3.9605560281312626,27.491948860432178
903.719,1.513632127543988,3.96100750194314,27.490703919168908
907.922,1.5139164519218207,3.9616411884274916,27.47376414117634
912.125,1.5167474512673371,3.9622086382556945,27.46920005831928
916.36,1.5170838057724487,3.962481658257012,27.45161848454814
920.563,1.5162207380909594,3.9630888305764533,27.43909414454104
924.797,1.515931825720269,3.9634044589914,27.432122714390832
929.0,1.516600669253179,3.9641788923404415,27.430471612836534
933.25,1.5131572970157237,3.9644423093772647,27.430599689886122
937.438,1.5175778987892046,3.965120255751925,27.417638118301504
941.625,1.518421865105328,3.9653377451786755,27.412676028099835
945.844,1.514796406356555,3.9659916246892903,27.405039730935194
950.032,1.5146066455883411,3.96669408406288,27.38978136296276
954.219,1.5203071267491775,3.96690814531032,27.38304355441689
958.407,1.5183560790971984,3.967619801990496,27.37949552378414
962.625,1.517011978906596,3.9676766420173673,27.369747229889306
966.828,1.5180673549923636,3.968569672749,27.35514326366439
971.063,1.5182229556174185,3.9688705959778416,27.353601980431083
975.266,1.5163993089121979,3.9694008211001104,27.347024774047473
979.5,1.5140368608801766,3.9698770333249076,27.343098571580413
983.688,1.514074739725212,3.970424751912374,27.339208874948277
987.938,1.5156628173652096,3.971077478661476,27.32859748568631
992.141,1.5168489377452512,3.971465310760822,27.328175599643686
996.328,1.515455309774188,3.9716113947526206,27.311541857456138
1000.547,1.5166741273007667,3.9721068153579755,27.304372120831246
1004.75,1.5136880818385503,3.97265202146511,27.299713575246116
1008.938,1.515103308930972,3.9732299227286165,27.288517422612294
1013.141,1.5177044252596654,3.9737576897945948,27.282119297431688
1017.375,1.5153040795794936,3.974178652314616,27.280705406567538
1021.578,1.5175745511855319,3.9747506422005223,27.27693532733792
1025.813,1.513269068507923,3.975222634060626,27.263729240877904
1030.016,1.516350418461087,3.9756361718593918,27.25663534831215
1034.235,1.5139917006488512,3.9759877796590044,27.255633843335602
1038.5,1.5174769232088055,3.976662750235945,27.24456474374068
1042.688,1.5146141415521015,3.9769516903962914,27.238896443049175
1046.891,1.5142119817180058,3.9774755661242844,27.232335894399213
1051.11,1.5133914404270168,3.9780764157804125,27.221665820244443
1055.313,1.5177186921983203,3.9787876744507464,27.220055703831434
1059.547,1.5178548590671468,3.979004703475469,27.22131552489717
1063.75,1.5141672646284705,3.979462317083196,27.215830834527214
1068.0,1.5159549777485803,3.980091175127975,27.210032591724303
1072.188,1.516789075329793,3.9808878231095557,27.200283750946276
1076.375,1.5196592079538718,3.9807384016582636,27.1792751354898
1080.594,1.5171644253477448,3.981439982163575,27.19427635348396
1084.844,1.5145511682961421,3.9820583827711147,27.183116296033017
1089.063,1.5162215203979332,3.9825340715075725,27.186071698354922
1093.25,1.5134157726749093,3.9828197377954186,27.174928797360025
1097.485,1.5180768366143798,3.983379012495797,27.166366804802887
1101.688,1.5156507790797515,3.98390981991713,27.15705015146612
1105.922,1.5178834528531533,3.9843656529779055,27.151908323614283
1110.125,1.5143644934558274,3.9850142417822725,27.150553111834245
1114.344,1.5154287918207747,3.985339355214716,27.144621286555786
1118.547,1.5161028825545437,3.985908752965923,27.14218237101537
1122.797,1.5155831386830485,3.986347789524072,27.13110358217813
1126.985,1.5158679322999165,3.9867738671271025,27.132601325087645
1131.172,1.5160691927108794,3.9872027038237916,27.134831677013082
1135.391,1.5135928523638356,3.9876386597003908,27.121930739296506
1139.578,1.5124176077112832,3.9880067029261883,27.11494579403452
1143.813,1.5153076667926495,3.9886035397001804,27.11875316357372
1148.0,1.5163542086133204,3.9892285334845012,27.113218008301168
1152.219,1.5163408854612186,3.9895979347565635,27.10600533862313
1156.422,1.5179038589693463,3.990019391306581,27.09581378234872
1160.641,1.5142107967846528,3.9905718254703078,27.094313826951428
1164.844,1.5145803553664388,3.990854812983017,27.088754777748566
1169.078,1.5154564453484491,3.991498028218534,27.08609030190304
1173.282,1.5136918634479517,3.9920475942167593,27.088086523594818
1177.532,1.5174683754339158,3.9923515721700826,27.071860301151016
1181.735,1.514665198904194,3.992945883056843,27.08272138163229
1185.922,1.5153432538873477,3.9932185143246106,27.066665377922245
1190.125,1.5139252663092397,3.9935524335669395,27.073228035670823
1194.344,1.5156719137842398,3.994057625509341,27.067157659136367
1198.532,1.5151895235495625,3.9947133041011034,27.06407929607111
1202.735,1.5131508109962333,3.9950163599216864,27.058944399136024
1206.953,1.5159097307610865,3.9953720235490517,27.0567654610745
1211.141,1.5148251499027054,3.9959278074910785,27.048302671455072
1215.375,1.5154330342539486,3.996432621981578,27.04497101457995
1219.578,1.5173815690085557,3.996831202837095,27.03695157037489
1223.828,1.5130893840631185,3.9972721763321846,27.035943144080758
1228.016,1.516847868544036,3.9979071530567025,27.0254680180706
1232.219,1.5150361558342595,3.998289873596886,27.027099749026032
1236.422,1.5173578643149253,3.998569139911046,27.021794735367344
1240.641,1.5176832580418549,3.999143549284089,27.02012780842451
1244.875,1.5179152682374766,3.9995954851295434,27.01704323582589
1249.078,1.5151340221709633,3.999684087362986,27.010897292332317
1253.36,1.5162184416110787,4.000401012508895,27.007634923858433
1257.61,1.5169313819456411,4.000892445827333,27.002798138121104
1261.813,1.514931192904022,4.001410868136374,26.999115256006608
1266.063,1.5169886803259476,4.001943485100442,26.998451591219126
1270.266,1.5158012392227909,4.002320232609205,27.000631771270694
1274.532,1.5174895712392027,4.002527608586405,27.00649078985665
1278.735,1.5137995593910254,4.003111220368527,26.998450644808305
1282.985,1.511930978409494,4.003809705647455,27.00011355364767
1287.188,1.5164051225467883,4.00395673308728,27.00111622949903
1291.391,1.5140480956473343,4.004667030394494,26.99964296407864
1295.61,1.5143842664843274,4.004829478430503,26.99056356669156
1299.813,1.5139040719224415,4.005502455601623,26.985364233466196
1304.063,1.5161056465759168,4.006144292966832,26.9910906730026
1308.266,1.5200952913515058,4.006112864814615,26.978048764474224
1312.5,1.5141522934366756,4.006864301425025,26.979512407364812
1316.703,1.5161187045072033,4.007265464274241,26.980806823828836
1320.907,1.5158174078866127,4.0080609883889835,26.979941704830953
1325.125,1.5163677046758528,4.008092769524691,26.97892404808868
1329.328,1.5158314452711972,4.008483283316445,26.975602150119187
1333.563,1.5204926301557147,4.008894772279536,26.974898071698036
1337.766,1.5129200730678969,4.009473739685076,26.97364262215024
1342.016,1.5142299844524425,4.009929466683312,26.97062836794964
1346.219,1.5150167672719266,4.010441291701188,26.962641033114103
1350.469,1.514567764380106,4.010641669263744,26.965682259720964
1354.672,1.516936409448476,4.011266095805237,26.96097335076385
1358.922,1.5139461974959667,4.011691393367634,26.959490410858972
1363.125,1.5173727041710154,4.012078565607507,26.95748243283288
1367.375,1.5178180130538046,4.012979661928947,26.952348688907385
1371.578,1.5158576321769393,4.013255835273102,26.942111685033385
1375.844,1.5159476127742681,4.013623917496418,26.954094767653977
1380.032,1.515598262642992,4.014066524821903,26.955362140793326
1384.235,1.516375717404275,4.014532096678801,26.95486730901764
1388.532,1.517497323729248,4.014811458593417,26.95925276879861
1392.719,1.5152497627833255,4.015626768314679,26.94615325850802
1396.985,1.5158354956347222,4.015734573398421,26.94917341379598
1401.172,1.5162778559020997,4.016299013679482,26.943084545429027
1405.375,1.515246955614617,4.01668495900621,26.94065007195068
1409.594,1.5180118922755594,4.017362425428916,26.94315399972129
1413.797,1.5144011371433201,4.017761278050579,26.94150189855378
1418.094,1.516161745934157,4.018030407706445,26.943385326487647
1422.297,1.5179574119370993,4.01862424162735,26.9279742335442
1426.563,1.5134401453914692,4.019294083967989,26.929462212414474
1430.766,1.5153315684045918,4.019474804386856,26.93120383293594
1435.016,1.5169564404636795,4.019982937626888,26.933115380783313
1439.219,1.5133561178167847,4.020520700482165,26.930319797923065
1443.422,1.5116451871140082,4.021042274946307,26.929158511562125
1447.625,1.5182292296097082,4.021261744599211,26.938292215568502
1451.828,1.5171528089878246,4.022076556172499,26.930558876527922
1456.094,1.5172864286671992,4.022568629759126,26.93877229844882
1460.297,1.5158554617542266,4.02285988065196,26.940426458589062
1464.563,1.5183201519919762,4.023295418623735,26.934765069001106
1468.766,1.5134569562548807,4.023891299115547,26.930501758266075
1472.953,1.5175152659505435,4.024188092116745,26.933889741809804
1477.172,1.5136643892137565,4.024814104995521,26.919417233032405
1481.375,1.519099771491335,4.025199116720371,26.921756875630976
1485.625,1.5169784465766882,4.025499246207982,26.92096519241204
1489.828,1.5162647306983545,4.026168532893327,26.91961254202471
1494.141,1.514041721224004,4.026840793464063,26.923742077695213
1498.375,1.51479116144782,4.027255598075845,26.926233114417176
1502.688,1.5136433497447663,4.02751027774816,26.92388283766131
1506.891,1.5185779468793221,4.028027993022176,26.921627866055797
1511.453,1.5148589318973902,4.028699521646625,26.92756529104368
1515.813,1.514899430340999,4.029137298509992,26.924098775231776
1520.094,1.5120292024077244,4.0295550390087085,26.930669463216304
1524.407,1.5164675533741045,4.029910991543354,26.93656537389129
1528.75,1.513139322337185,4.030580185648493,26.930368739519057
1533.032,1.5144356948914313,4.03107498539358,26.92532827118636
1537.36,1.511817078769194,4.031858562471894,26.916851250859047
1541.703,1.5172622324324236,4.031946863921354,26.90828242769209
1546.047,1.515014828899779,4.032658554456015,26.91291516542286
1550.391,1.5162534569486505,4.033036718803457,26.91670042215766
1554.703,1.5156569201912227,4.033494651885255,26.924300388000482
1559.016,1.5150465288053612,4.034199671465028,26.92278431894436
1563.36,1.515112800254107,4.034696030779757,26.926961195277336
1567.672,1.5130577809088168,4.035144094359045,26.927926791296684
1572.016,1.5144991694076297,4.035680489612393,26.920436889049903
1576.375,1.5123165367035465,4.0361948857269985,26.9319804817622
1580.719,1.5164873342751384,4.036633787700867,26.926051598877233
1585.016,1.5179907867004991,4.0371127287160915,26.924181915435568
1589.36,1.5168181863785817,4.037762439340185,26.931732237235117
1593.75,1.5160238088769447,4.038303636470706,26.937527685082912
1598.11,1.5156664075475756,4.038774535844178,26.936292989209516
1602.407,1.5164506786326628,4.039444092564869,26.932465120200924
1606.719,1.514705894705373,4.039733373896556,26.921119159748617
1611.094,1.5207744658196736,4.040332228170309,26.917360820211368
1615.407,1.5161590736264274,4.040761897009709,26.931212279163447
1619.719,1.5131973502422047,4.041337967450213,26.93269591398496
1624.063,1.5167312814094365,4.042041008674979,26.939956158372816
1628.344,1.5130208067166901,4.042454595553817,26.943411014867046
1632.672,1.5142822592545762,4.043061998403747,26.95722434894088
1637.047,1.515224801185125,4.043632979049071,26.954865259834175
1641.328,1.5161404697956453,4.044042732837024,26.952747431002003
1645.641,1.5136910130505794,4.0446111187860625,26.949958279429545
1650.016,1.5143415720601165,4.04500354789458,26.941341291895274
1654.328,1.5148262976197473,4.045784694969696,26.949191482611695
1658.641,1.5123888663883795,4.046225624463699,26.9428008751343
1662.985,1.5197981073296216,4.046999941020047,26.9466913263426
1667.266,1.5197343574154492,4.047237192212987,26.947511539442807
1671.61,1.5138228197047916,4.047782557902924,26.955504795770235
1675.985,1.5147679137315329,4.048482759822621,26.954741441624964
1680.266,1.5142555771267727,4.048813381307547,26.95906091448601
1684.61,1.51521978183321,4.049420021817517,26.967843529146922
1688.891,1.517393432559954,4.049830311160576,26.97047607003083
1693.235,1.5141392085293846,4.050554978382268,26.966555158801274
1697.578,1.5182532594744391,4.051332448588626,26.96008352992614
1701.875,1.5174701452387074,4.051841743605701,26.965275845852467
1706.219,1.5113511240294388,4.052123615581626,26.965576140810942
1710.563,1.5171720596731835,4.053004340761755,26.960161512155025
1714.922,1.5156441415953903,4.052964371588396,26.972950862437123
1719.203,1.5146419756287368,4.053852241683772,26.976544605167277
1723.547,1.513811534806667,4.0545813749499615,26.966175365993003
1727.938,1.5152577366910993,4.055049968329828,26.967345135897915
1732.235,1.5154574355397972,4.055703594701652,26.97352247739442
1736.547,1.508800175596081,4.0562014157663695,26.971124847403797
1740.891,1.5160762332851487,4.056979833219946,26.980621586806944
1745.203,1.515835682531002,4.057355411287785,26.986755826595136
1749.532,1.5148485895559112,4.057792410751215,26.98620847416122
1753.907,1.517451569942826,4.058357871342184,26.99093104602568
1758.188,1.5187346318266595,4.059224550384604,26.98223595403581
1762.594,1.5169860097383654,4.059825918863097,26.9862017054843
1766.938,1.5189337477341578,4.060310197081006,26.99446440456218
1771.235,1.518309322442258,4.0608689068533135,26.999051831619425
1775.547,1.5175877694979474,4.06149473339273,26.998291546882655
1779.922,1.5155075777083686,4.062208275982372,26.98800947434708
1784.235,1.5142426075811652,4.062517315795161,26.999647641538203
1788.578,1.5162907931753462,4.063121942744255,26.99995180741934
1792.922,1.5126074761297075,4.063834288693032,26.998446473269237
1797.203,1.5173797559448374,4.064357209342735,27.005906926268256
1801.532,1.5166521104967838,4.064870386585455,27.006647065170686
1805.875,1.5177520397636093,4.065410606609492,27.011068726517248
1810.188,1.5151269334443505,4.066175839355381,27.011701826898538
1814.516,1.5165194033403302,4.066696726167014,27.018593141507278
1818.86,1.5168762686339472,4.066989759997006,27.01564661312247
1823.141,1.5187666423628592,4.067761699077819,27.021666416275504
1827.453,1.5154299498469217,4.068349222235242,27.026928572517768
1831.813,1.5143845678920087,4.069052869767927,27.03119359243287
1836.094,1.5164871934120296,4.069715148206145,27.030536365237833
1840.469,1.5149979372767537,4.070280028987658,27.0318077740248
1844.782,1.5171735775290356,4.0709092055592615,27.030768903260054
1849.094,1.5116013663735464,4.071715636578931,27.024498992373722
1853.453,1.517926146022042,4.0720917656969755,27.035124974255226
1857.797,1.5166153984838697,4.072725098092086,27.032218912051665
1862.125,1.5159110108276257,4.0734521770983365,27.035994694704602
1866.469,1.5176246093992685,4.073974132423376,27.040036411538967
1870.813,1.5145358504623758,4.074629452120159,27.049895942622086
1875.11,1.5163979760750983,4.0751135167773995,27.049266452056884
1879.422,1.5169068367670988,4.075810094355621,27.054531632586123
1883.813,1.5161600693861,4.076411536653617,27.05107913050824
1888.172,1.5180324644489807,4.076940187098529,27.05215112304448
1892.485,1.517678188385934,4.0776957031651575,27.05217931973173
1896.813,1.5184183754707923,4.077979037583851,27.063786195236826
1901.157,1.512679224970656,4.078908108766984,27.06584583637745
1905.438,1.5168438899712813,4.079543891908976,27.071417546933436
1909.75,1.5154580314197317,4.080326122157834,27.064000827566623
1914.094,1.5156019102493539,4.080820902870464,27.067877740392003
1918.485,1.5159942746212924,4.081667203692084,27.066382693903513
1922.86,1.5171590939429964,4.08207112294822,27.075159196220277
1927.141,1.5172416978358587,4.082719702724852,27.080352818306174
1931.453,1.5153735232668084,4.083444790861202,27.09064963621944
1935.797,1.5161884058884543,4.083995273994648,27.083001013779256
1940.157,1.5151915316509124,4.084585058913251,27.08798575470246
1944.469,1.5142343456832827,4.085445940915864,27.078490810212752
1948.797,1.5177277516911307,4.086019619245602,27.083499036588222
1953.188,1.5185436746432746,4.086648445205621,27.083868086944115
1957.547,1.5182126788531587,4.087261319384445,27.08958846603534
1961.86,1.513828483658398,4.087828489524329,27.07890168274043
1966.188,1.5153919633484985,4.088768053240149,27.07892573163259
1970.532,1.517916246250441,4.089321592487759,27.092224261531825
1974.844,1.5146186136921704,4.08980186820936,27.10087925678118
1979.157,1.5203098596689912,4.090576194182586,27.106269374345512
1983.532,1.5169455924872841,4.091222344012494,27.11686113812447
1987.891,1.5190105122571957,4.091792411357442,27.12068313844305
1992.188,1.517436619629268,4.092503612036388,27.12938407060444
1996.469,1.5156949017503758,4.093184772190381,27.1344219909043
2000.844,1.5170475989261387,4.094074508590518,27.12225701578226
2005.188,1.5150152608936993,4.0945914192652255,27.13450627174513
2009.469,1.518320939832497,4.095083602799302,27.137510755447664
2013.782,1.5172881301829386,4.096100597018916,27.134695993545254
2018.125,1.515546887111163,4.096391954865453,27.134293103807444
2022.438,1.5191423000353377,4.097185004193476,27.14081864683958
2026.782,1.5147498028502655,4.098052927610114,27.150514240786045
2031.125,1.5155971152714929,4.098691209302074,27.155947063460438
2035.422,1.5130516044729578,4.099293578235321,27.158646176258802
2039.735,1.5179667720969519,4.10003186951848,27.163227431269625
2044.11,1.5179937765433664,4.100508991687631,27.171500321068965
2048.422,1.5162385882709524,4.1012203849657904,27.177601639737663
2052.766,1.5192258786548152,4.101994606332918,27.173072450593146
2057.11,1.5159169677835618,4.102684488638863,27.170312287564215
2061.422,1.519947347652011,4.103348924195576,27.166892436817523
2065.703,1.5173517688610838,4.104079866813617,27.182738303145882
2070.078,1.5172824292502667,4.104784088456619,27.181091758531192
2074.485,1.5159943155511881,4.105562694675419,27.182978035388143
2078.985,1.5155147084905987,4.106276203946955,27.183319573208703
2083.36,1.5160414594798228,4.106880387360374,27.19240634978851
2087.797,1.5171221526873273,4.107510942856649,27.194229879715284
2092.25,1.5156561089915253,4.108430659836487,27.204295611618473
2096.719,1.5193717009196328,4.108782579838675,27.21301989920506
2101.219,1.5158561692080836,4.109757490515007,27.2171865774992
2105.735,1.5173470996161096,4.110488203889616,27.21713271062624
2110.344,1.5145164353173899,4.11147220542476,27.218060164973963
2114.969,1.5173386358501715,4.111906449315653,27.233467396154445
2119.266,1.516834858838304,4.11273134152135,27.233732751056216
2123.61,1.5152116434525313,4.113469853379257,27.234945578104576
2127.907,1.5142423739421234,4.114441578306291,27.23672192526216
2132.282,1.516416321676192,4.114887234102995,27.237274124453858
2136.578,1.514749252087217,4.115604794556454,27.244229446488326
2140.891,1.5124663685875765,4.116776968180435,27.251041093998634
2145.25,1.5177907415855503,4.117029709376428,27.255038432692146
2149.547,1.51616406148591,4.117676627965913,27.260325420027975
2153.938,1.5144104515587822,4.1184457891329584,27.25719610367711
2158.219,1.517285924541545,4.118898638410664,27.26620358325587
2162.563,1.5151711027104129,4.119898363472758,27.269928411857276
2166.875,1.5153625948654748,4.1208935406784475,27.269423155836883
2171.219,1.5160451035281335,4.121639173320985,27.2782362535763
2175.5,1.5179328131720609,4.122203255369698,27.28673546806173
2179.891,1.515354885897497,4.122666995785778,27.282834426732574
2184.172,1.5147530372717557,4.123436163936446,27.293138335446738
2188.516,1.5154279075249166,4.124196360523985,27.292947012919914
2192.844,1.515464709879856,4.124908817509347,27.300407951596902
2197.188,1.5146692621123947,4.125661725808558,27.298659265790686
2201.469,1.5187449007515814,4.126393592209849,27.29903024871312
2205.844,1.5143848200080838,4.127220811111015,27.30629063400145
2210.141,1.5163048299887971,4.127998879425148,27.317670150786004
2214.485,1.5159300314125381,4.128616525118997,27.318805888793626
2218.766,1.5157773440278528,4.129358333611529,27.321173079459136
2223.141,1.510929222608085,4.130135935384133,27.3334094716974
2227.438,1.51097096752017,4.131404635834031,27.322892892431685
2231.782,1.5150275581316033,4.13148674377053,27.32903881976051
2236.11,1.5163089393654712,4.132667036547426,27.331292767087234
2240.469,1.5149838768828976,4.1329232625901104,27.342271746750402
2244.782,1.5152289860916743,4.133750107163696,27.34173637813072
2249.063,1.5165063488846682,4.13486685745068,27.35135716304593
2253.407,1.515344743643793,4.1354291992094865,27.353153879264564
2257.688,1.5121874271960813,4.136245690999405,27.348287407501818
2262.032,1.5155388428032812,4.136621032887922,27.353753023945096
2266.391,1.5184665156249948,4.137441147816832,27.366872730497377
2270.688,1.5136199308694211,4.138366830132764,27.370066979268728
2275.032,1.5160872777508065,4.139059671600337,27.377313227482237
2279.344,1.5161140901693995,4.13942811913484,27.379273866218234
2283.75,1.5130166110316974,4.140453555128063,27.396612394904185
2288.125,1.5160572849997709,4.141382544916443,27.392225974212156
2292.469,1.5131152889567236,4.1425437345290845,27.395930984016214
2296.782,1.512937633153305,4.142556518542978,27.398295224576025
2301.094,1.5160240725612177,4.1432906289918385,27.415117963823413
2305.438,1.514585807390652,4.1442400333749765,27.410519885269228
2309.719,1.5176166946511054,4.144665548081645,27.423461553015557
2314.063,1.5152303829631095,4.145829441779608,27.42138907998161
2318.36,1.5185829505485202,4.146141750092513,27.430422492979257
2322.657,1.5162159620076645,4.147065843646648,27.426579409362933
2327.032,1.5142430999292522,4.14800960068173,27.429743634983947
2331.344,1.5123012586486804,4.148765617079188,27.44122092140859
2335.735,1.5156312692733984,4.14928716994692,27.4438265735909
2340.11,1.51560099461406,4.150116165933367,27.45415138243361
2344.453,1.5151377556728118,4.1511381586272265,27.454249271951664
2348.75,1.5161785899797833,4.151504884420809,27.468212852146106
2353.094,1.513801173657653,4.1525268926651195,27.462773228049652
2357.391,1.5153314494976784,4.1529740811640465,27.472485448945715
2361.735,1.5166945405501853,4.153678886701038,27.47220587450631
2366.016,1.5174372618651844,4.154636833611234,27.47736825796809
2370.391,1.5128318392362687,4.155338402687304,27.481881106959218
2374.719,1.5154532224098098,4.155919683525121,27.486500346764963
2379.047,1.5142443302603734,4.156835901351005,27.49239632163177
2383.391,1.5159246638937538,4.157602463537363,27.499340321518186
2387.703,1.5164180216046173,4.15808873795642,27.49958562666162
2392.0,1.5176418552835278,4.158925084237367,27.507983905679254
2396.344,1.517073096124606,4.15971913381427,27.512951917663184
2400.672,1.5142505963240072,4.16062446782862,27.514672808427314
2405.016,1.5161672020553425,4.160991541124623,27.51878266880336
2409.344,1.515356967491519,4.161914313351544,27.516080199448744
2413.672,1.5141512547950582,4.162869503865442,27.524886427739577
2418.016,1.5154611688861106,4.163322687400046,27.530021357825184
2422.297,1.518211120995568,4.164154893906695,27.54138835750968
2426.61,1.514476898323583,4.1648144463804435,27.55414088943205
2430.938,1.516407378325274,4.1654350292830165,27.55892487382304
2435.25,1.5146512341503722,4.166481106006549,27.567508968660416
2439.594,1.5136332117186506,4.1668515823944965,27.57523970383383
2443.953,1.5142363789607154,4.167757117072623,27.57516293270083
2448.235,1.5144523895267297,4.16830870690355,27.574727151052244
2452.578,1.5168136401772092,4.169038498154232,27.58470201743504
2456.86,1.5165075644660255,4.169710194014182,27.591421113062992
2461.25,1.5158835638781771,4.170334794244391,27.599570924001274
2465.563,1.516077836964476,4.171192422081887,27.608776156013754
2469.969,1.5163772734765455,4.172040954816322,27.601369984094653
2474.313,1.5156315387668426,4.172544362534038,27.616507646280144
2478.688,1.5160586179056716,4.1733993388939234,27.621224789295834
2483.0,1.5165153374739218,4.173986399681795,27.62333377145227
2487.297,1.5176003305605965,4.174564822641317,27.636288210528086
2491.641,1.5161014269399218,4.1752540956946875,27.643792377973792
2495.953,1.5150330725047492,4.176122371191426,27.651621375514896
2500.297,1.5169729490206239,4.176761007342339,27.653974631763152
2504.594,1.5162198182780868,4.177335718921611,27.663697476868407
2508.938,1.5182835372740218,4.178180205057864,27.672411369463433
2513.219,1.516266514534344,4.178751410124261,27.684106018479667
2517.563,1.5141509921314826,4.17965029679965,27.68987807561613
2521.86,1.5167724331906105,4.1803760878623555,27.69657909105507
2526.203,1.515888723218828,4.180918079944714,27.707685979475947
2530.5,1.5151045588963719,4.1815235470350665,27.710971750668726
2534.907,1.5156916919457113,4.1822712109219795,27.708475903453873
2539.235,1.5149173373024973,4.182752056818842,27.70943675090464
2543.563,1.516201239288182,4.183625873837779,27.722395842606304
2547.86,1.5141868252688706,4.184372898498001,27.736237855197672
2552.141,1.5165551591403261,4.184871679211236,27.74252189486451
2556.453,1.5187514821820864,4.18551384075764,27.75080024597116
2560.875,1.5173352555507096,4.186306840879042,27.75878892634573
2565.25,1.5177673828388438,4.186734370502025,27.760511980694222
2569.625,1.5160500804604906,4.187707830896649,27.76567258805882
2574.016,1.5165077558341675,4.188493748736165,27.777490485762872
2578.313,1.51737932591518,4.1887334210294975,27.779516981438146
2582.657,1.5136049051822398,4.189578630176217,27.790862623031213
2586.938,1.5169164543259472,4.1905500687731365,27.80242509275822
2591.282,1.5176015041439395,4.190903683871217,27.81050216942449
2595.578,1.517229789128354,4.191599303968218,27.823999363774988
2599.922,1.5156767949573868,4.192399483629027,27.835946395453956
2604.203,1.5173586284147458,4.192997608309006,27.83699518044116
2608.547,1.518555973419706,4.193582155152464,27.841248501361598
2612.875,1.5167214954101558,4.194393067455479,27.83909939067192
2617.188,1.5164494051533437,4.194917490548414,27.85274712373674
2621.516,1.5176368670066047,4.195650867833897,27.86554589052357
2625.86,1.519342017653568,4.1961846590029666,27.873584619776373
2630.157,1.5155903337873178,4.196767388049364,27.88850170710481
2634.5,1.5161688564392568,4.1975403937266575,27.89489055681918
2638.797,1.5135050502320793,4.198258909457378,27.901641504116412
2643.172,1.5164778550897589,4.198931398237287,27.907523685762502
2647.469,1.516943652896912,4.199733729204311,27.916096256695614
2651.797,1.5150716667141675,4.200406171721434,27.932047836095776
2656.453,1.4887808333297161,4.19859761723303,27.936184454855084
2660.891,1.4874724223981488,4.198935720916751,27.943647742224297
2665.36,1.4842392041386594,4.199483059504342,27.957787375390037
2669.844,1.4847517723868071,4.199783055674404,27.965153177767892
2674.328,1.4718250594550886,4.199789217015593,27.971625641309824
2678.813,1.4650570417268072,4.198897335995886,27.97975294633013
2683.219,1.4609403910330436,4.199292143462786,27.99654131371883
2687.703,1.4638807788331196,4.199918601749382,28.00517590797289
2692.172,1.4540073265049818,4.199223307546858,28.01073135044615
2696.641,1.4523069989998565,4.199669820897699,28.01433678100227
2701.11,1.4387832136385534,4.199407015461879,28.01940254448298
2705.547,1.4384341478561327,4.199576040627344,28.02778659722136
2710.0,1.427199131529065,4.1992136018400315,28.041111185906345
2714.453,1.4283362069212147,4.199623424455303,28.04130808606146
2718.922,1.4192568643018233,4.199304298461966,28.05748629954232
2723.344,1.4168850132760595,4.199732955041691,28.068186307321564
2727.813,1.4180344978783657,4.199660337382095,28.07545852496893
2732.203,1.4153509370909163,4.200093399084624,28.082236652953082
2736.657,1.4159360104252205,4.200363888979822,28.081643408226896
2741.125,1.4142343148163101,4.200847285428291,28.087518468562177
2745.547,1.407150495542791,4.200605232478821,28.100608391819023
2749.985,1.3900517099470322,4.200096458766883,28.112759927196528
2754.438,1.3911078902880385,4.200446510104958,28.11222594655125
2758.828,1.391302825603652,4.200886352096983,28.118589370722823
2763.25,1.3794465629088402,4.20035830789729,28.12498530111472
2767.703,1.3705567430053087,4.1998956965445355,28.1314752323434
2772.157,1.37122257330382,4.1999401281374364,28.13931430174224
2776.594,1.3701480875872563,4.200451056351332,28.150411508138696
2781.032,1.367321578427829,4.201009942378206,28.151968095526943
2785.422,1.3605241894603717,4.20048193631642,28.15598771308211
2789.875,1.359800654712387,4.200773827124918,28.160111879714776
2794.344,1.3464798108342424,4.20019001899605,28.173818596389438
2798.782,1.3430936116946595,4.200646059727795,28.172343395077338
2803.172,1.332824039423507,4.200114488707418,28.176868227255277
2807.657,1.3339687687105242,4.200432326318664,28.180061973304657
2812.141,1.3335356042526345,4.200762801560198,28.184869033060178
2816.578,1.3222100789661266,4.200335538966764,28.19322337664361
2820.969,1.3136826764853196,4.200144684707203,28.194874697825956
2825.422,1.3101370255868399,4.20038866032614,28.204255656572624
2829.86,1.3112586469996863,4.200674795146083,28.213489890952538
2834.297,1.3010766959641449,4.199972280996631,28.21100329210969
2838.735,1.2992522855662507,4.200233440544663,28.212854557836724
2843.172,1.2974843577110358,4.200908620609151,28.21993359292525
2847.578,1.2896346978103852,4.200445808692213,28.21272125996711
2852.016,1.290610074675207,4.200399444039725,28.22368316749072
2856.453,1.289052337184521,4.200873084354712,28.225696050593157
2860.907,1.277158786683283,4.200288173156805,28.230211705899624
2865.344,1.2782334750718443,4.201003946208532,28.23387647799082
2869.782,1.2647162721828324,4.200495789218262,28.241642227461952
2874.172,1.2640525700462955,4.200667070105071,28.23933530874523
2878.641,1.2553993024403327,4.200145721232056,28.236954918650564
2883.141,1.253117448046234,4.200290318517592,28.240933275928192
2888.297,1.2541895612458573,4.201006117697009,28.24335264199205
2893.016,1.2439521730361138,4.200413549204602,28.242072549135738
2897.657,1.242530268096058,4.2007965962761915,28.24171464737926
2902.36,1.2411731616602593,4.201388272334955,28.235975667684762
2907.016,1.2418730242862666,4.201525280364515,28.24323388879175
2911.719,1.2391145275123434,4.202109278688379,28.246727311016663
2916.375,1.2257271045183216,4.201580228074155,28.245535217521596
2921.078,1.2164917621157458,4.2014088764474735,28.2465598162979
2925.703,1.2184811640886197,4.201638133808789,28.251320636718862
2930.407,1.2054640076306,4.201396022879997,28.25306841341221
2935.063,1.1973571183489726,4.200534379408387,28.25578874136024
2939.766,1.1970871611723342,4.201031694537176,28.251606013524658
2944.407,1.1843788782864404,4.200599890385219,28.24511815201578
2949.11,1.1837088354544976,4.201027153132938,28.245919067845918
2953.75,1.1824728082688185,4.2012094501564805,28.248743765681457
2958.453,1.1814196188181179,4.201520917770089,28.24469424343128
2963.125,1.1821107052339646,4.201951895280699,28.238130579695806
2967.86,1.1698038386721397,4.201564970813687,28.249250203020427
2972.5,1.1598128772223417,4.201230627884091,28.24173228865752
2977.203,1.15929028801261,4.2015149800496685,28.233475156954817
2981.844,1.1590104312285396,4.201988194525392,28.236821148544724
2986.547,1.140002176230941,4.200758031259442,28.23180889017743
2991.188,1.1364633080307642,4.201012568367526,28.228958462820426
2995.875,1.1373569122408178,4.200927650477763,28.230202717189265
3000.516,1.1347621961387808,4.201801085317619,28.22077813510775
3005.266,1.1230937166514048,4.201339718933149,28.214130048793496
3010.047,1.1272106772444412,4.201715100616415,28.215124090150738
3014.735,1.1140761424997148,4.20109079278981,28.21294580876097
3019.391,1.1138797241504164,4.201669174369761,28.2013462201357
3024.078,1.1047850037538507,4.201302142388254,28.200511160923618
3028.735,1.1037182291473455,4.20165297200965,28.199337399018376
3033.438,1.0910613660913593,4.201107808418136,28.195504895900232
3038.078,1.0828312605134334,4.200422575284513,28.185597153917634
3042.797,1.0792936113175386,4.201174405353658,28.173344770717954
3047.485,1.079529142711586,4.201417731050669,28.17973189647748
3052.172,1.079493301328144,4.201466527391538,28.16198445136623
3056.828,1.0783600590390265,4.202070898331855,28.16006162182614
3061.532,1.0670389983841544,4.201828022129793,28.1545417759939
3066.157,1.0564723520673562,4.201448670229368,28.144266372799763
3070.844,1.0546174121015417,4.201554333234622,28.14341699028898
3075.5,1.0463771917802904,4.201489493714595,28.12664613919824
3080.203,1.0336896587425428,4.200725656734385,28.12778826147603
3084.844,1.0355263999532671,4.200914688638213,28.121654734732346
3089.547,1.0301972616641966,4.20138831206874,28.11043115354591
3094.188,1.0346068041510454,4.201723214351222,28.095695787040317
3098.891,1.0220465416233135,4.201195606716799,28.092817107205676
3103.532,1.0195820073589963,4.201558922053237,28.091453026573003
3108.235,1.0056977335817838,4.200756318127859,28.08573386306016
3112.86,0.9979586899752464,4.200466127141965,28.08568741061604
3117.563,0.9965216276704635,4.200605246035875,28.071602317988003
3122.203,0.9992254988812587,4.201114524257232,28.071449491482586
3126.922,0.9948463453778028,4.201358839014545,28.059529630433158
3131.563,0.9976285778443437,4.201592929513415,28.04466024045576
3136.266,0.9887245091320618,4.20132378997729,28.030868901562748
3140.891,0.9931453324231199,4.201563136600253,28.02340081824825
3145.594,0.9911536601226578,4.20194442216388,28.01500102330888
3150.219,0.9904575385621308,4.2026405731594165,28.00474954203482
3154.922,0.9746247286385973,4.201784859701519,27.99997824092727
3159.563,0.966315431580645,4.201474619867667,27.990480314692146
3164.282,0.949253869328346,4.201338514655894,27.979015535513792
3168.922,0.9408478735384088,4.200673341112188,27.96427234622719
3173.625,0.9315492867716256,4.199782054015523,27.953825858879657
3178.266,0.931337258763631,4.199917345448868,27.942146651628736
3182.969,0.9185987228834327,4.199393596937281,27.942013105325827
3187.594,0.9128285455503393,4.198644592741769,27.926024529911952
3192.297,0.9011907481039471,4.198465974671861,27.906027280061018
3196.922,0.9000640799431444,4.198241782895494,27.899147002309856
3201.657,0.9035893735256011,4.198876558485537,27.884534581195112
3206.282,0.9002944595068689,4.198715639759434,27.869859299583915
3210.985,0.8988991205253012,4.199210516960421,27.8654621435214
3215.61,0.8989414184780159,4.19952783806983,27.858328893592837
3220.313,0.9006459924184861,4.19953360892037,27.846244799011796
3224.938,0.896440490342794,4.200205821028095,27.835022562831927
3229.641,0.897373761699567,4.200381958170813,27.81092922651159
3234.282,0.8953717446371767,4.200728143155829,27.80677195027625
3238.938,0.8969266988683443,4.201152103454784,27.78629565636166
3243.641,0.8955420726896737,4.201363009382744,27.775343858919364
3248.297,0.8942657219618302,4.201756162325621,27.768310455803686
3252.985,0.8936748599999291,4.201955042529704,27.7531643717083
3257.641,0.8816999774093947,4.201868262610102,27.748985973900588
3262.344,0.8724880619039802,4.200792813407738,27.741715452690645
3267.016,0.8634973094532697,4.200632103293556,27.73139923443733
3271.657,0.853417674035071,4.199822180320928,27.71599049448983
3276.36,0.8520910167098107,4.200221955155463,27.70106604430588
3281.0,0.8403341974211769,4.199600732794532,27.693796600952595
3285.703,0.8400264770869947,4.199802029957652,27.67160302856281
3290.344,0.8295972009399615,4.199285486897616,27.66269413787784
3295.032,0.8209872667753162,4.198502807580089,27.643346126643348
3299.672,0.8106890453211841,4.197625455416967,27.63718906616907
3304.391,0.7972119367071866,4.197129881946821,27.615051592153733
3309.032,0.7993086504440886,4.1972272395382655,27.609152747326007
3313.735,0.7989876944218027,4.197304977744084,27.597926247652058
3318.375,0.7993764112517784,4.197553416297945,27.57806546927875
3323.063,0.7890099221039535,4.196843601155316,27.571150137763208
3327.703,0.7857858988955058,4.197036419130606,27.556701295116525
3332.391,0.7871540698033169,4.19721216761632,27.538255135771045
3337.032,0.7864445329864214,4.197325941017029,27.52903544655382
3341.719,0.7883393166173572,4.197545101106767,27.51005841391468
3346.36,0.788982912624096,4.197855065850067,27.49606364705695
3351.063,0.7764936087038922,4.197348219304367,27.487347372826015
3355.703,0.7771487183992978,4.197477626993862,27.48119515757135
3360.422,0.7828949305265201,4.198422202539225,27.46535554212289
3365.063,0.7745983348785893,4.198038165411858,27.45311399712103
3369.75,0.7728500565585817,4.197919839556212,27.445114676848558
3374.375,0.7622700775698001,4.197611701532179,27.423205861084114
3379.063,0.7647678151571369,4.197487621399688,27.41051088932017
3383.719,0.7636478970825802,4.197934135744725,27.39784972670359
3388.407,0.7601798642508902,4.1980638918354005,27.391512081714605
3393.047,0.7630759023717463,4.198092692506672,27.375264268545415
3397.766,0.762763591133471,4.198629272109144,27.361564024943224
3402.391,0.7490764778743555,4.198143479679366,27.345577702085674
3407.094,0.7414590617620154,4.197494303838477,27.333807803062587
3411.735,0.7408549851540132,4.197555053919254,27.323527125593024
3416.438,0.7386426878370934,4.197684644114763,27.313014705763
3421.078,0.7387099283974308,4.198091885541344,27.30156495842357
3425.766,0.7392608659758723,4.198395219940298,27.281119715148993
3430.407,0.7411235781387339,4.198527501830552,27.274147183761148
3435.094,0.7385329616982328,4.1985186867787085,27.259450198766697
3439.75,0.7334456956954496,4.199071716852157,27.250469405698826
3444.438,0.7260307620926932,4.198384201061478,27.239473639268482
3449.063,0.7193366583242695,4.197637986848053,27.21749163587849
3453.766,0.7182936249039914,4.197859673606508,27.20935477304199
3458.422,0.7190540269091285,4.1980289736925185,27.189571075899703
3463.11,0.7195575411342494,4.198303942118577,27.1786762255767
3467.735,0.7150018417855221,4.198296287686764,27.172576493544746
3472.422,0.7162074675450552,4.198566144888253,27.154417884994768
3477.063,0.7041864001161849,4.198203338413996,27.135627142838423
3481.75,0.7044392502256285,4.198184386793482,27.134089967867993
3486.407,0.7062555533407834,4.198462081985009,27.122762280010598
3491.078,0.7048001285595415,4.1987669707113895,27.105220968177917
3495.719,0.6957664653673539,4.197930833844165,27.09927313246591
3500.422,0.6848675480240878,4.197322625012623,27.083046487542944
3505.063,0.6839273229021192,4.197684507213469,27.067300317187858
3509.782,0.682363314435833,4.197851053187292,27.05184314331133
3514.485,0.6818692350902272,4.198033684280769,27.03917716465199
3519.125,0.6847794102506346,4.19796647608708,27.028288970887402
3523.86,0.6820667012717591,4.1982615133456225,27.017853505936248
3528.5,0.6776032686369706,4.198292792946696,27.00222213839634
3533.203,0.6818349280666636,4.198605919653165,26.98735680284974
3537.891,0.6741198840930177,4.197755905457029,26.98030658428376
3542.547,0.6606309546471729,4.197299571312084,26.97557806499563
3547.235,0.6634795068030575,4.197181753820555,26.95900478920807
3551.875,0.6588693630393743,4.197471902885023,26.94760394124423
3556.578,0.6578676096139039,4.197586595822867,26.93743560435865
3561.203,0.6588184857607291,4.197691140945051,26.928785900676562
3565.907,0.6603573194252775,4.197707915403047,26.910470497514822
3570.547,0.6578929160532643,4.197952797355326,26.901518473576335
3575.235,0.6554114438412503,4.198248557540311,26.877564420706438
3579.875,0.6584496999312975,4.198628568821652,26.87044716576483
3584.563,0.6500062068449346,4.197537916220848,26.850386649587385
3589.235,0.6467656844016352,4.197990352058937,26.84523494616895
3593.985,0.6464847452223904,4.198198397753329,26.841828648683997
3598.75,0.6484461977193089,4.198171058353294,26.82499636177256
3603.407,0.6458163770287049,4.198524276664049,26.80917910431575
3608.11,0.6452701623455075,4.198685394548134,26.800126043280468
3612.75,0.6354882356919941,4.198021462897532,26.77687247608605
3617.438,0.6348718732569693,4.198579979150926,26.780107139209605
3622.078,0.6266517631136138,4.197567740592534,26.76476173321922
3626.782,0.6252998908195758,4.197630973508923,26.75772066015086
3631.422,0.6245771873626229,4.1978264646915715,26.74714409194843
3636.141,0.6234663063223485,4.19789143498017,26.728583494050564
3640.844,0.6226926602267279,4.198148974796973,26.709058926875795
3645.516,0.6214653775631227,4.19812616204617,26.707044529226362
3650.235,0.6223777816827069,4.198662255289113,26.69380734088025
3654.969,0.6127105242331438,4.197912499215846,26.69046650836694
3659.625,0.6109796263851816,4.198047088432096,26.66850241874548
3664.313,0.6114963942261474,4.198018298494012,26.65165559880318
3668.953,0.6105125437873623,4.1983686823089625,26.651866510459868
3673.657,0.611157465268586,4.197971422375212,26.634472015105477
3678.297,0.6089809103992603,4.198679113176808,26.62700657015414
3682.985,0.5996793548058873,4.197788759902575,26.61322448058411
3687.641,0.6009210456362593,4.197949365434747,26.600370191114845
3692.328,0.6009577269389538,4.198036300433915,26.59289345189974
3696.953,0.5994442472874664,4.198624921704342,26.582706581681304
3701.657,0.5883169553549554,4.1978498833749605,26.5723708982082
3706.313,0.5885933250707045,4.19766800889734,26.561789081875652
3711.0,0.5893487137536266,4.197731525495191,26.54763989667915
3715.625,0.5909083892609029,4.1981537973859835,26.532856592726024
3720.328,0.5890678588439662,4.19822465451505,26.525994590200522
3724.969,0.5877953098289022,4.198326645809689,26.51980825928821
3729.672,0.5883469789688565,4.19849108545552,26.503862946068644
3734.313,0.5856277939535911,4.198709250715104,26.495135802789115
3739.016,0.5871432720094877,4.198929210061011,26.483219245711854
3743.641,0.5893412215475589,4.1990686834891475,26.482478210153204
3748.344,0.5855578984500786,4.1990464782858385,26.461563360824098
3753.0,0.5825090214282523,4.19968026644734,26.456822880784504
3757.688,0.5748358572030379,4.198804361156767,26.44224539981722
3762.313,0.567601432695993,4.198008647202511,26.433726675535294
3767.0,0.565488339932842,4.19796020442026,26.413407403402342
3771.641,0.5658735850288766,4.1983041491751285,26.404723539454636
3776.344,0.5644348300693522,4.198419544237754,26.39984766101771
3781.016,0.5638008186671833,4.198668488649215,26.39133360867736
3785.75,0.5570426687019558,4.197905246527256,26.38269134985431
3790.438,0.5560363698867254,4.197939015756281,26.358033587639582
3795.094,0.5566155013250815,4.197913617294991,26.355128361793682
3799.797,0.5543945239920327,4.198261578593427,26.35257967005741
3804.438,0.5546963732661775,4.198387244230146,26.350065975579724
3809.141,0.5514181886476004,4.198430968506794,26.344356510439024
3813.844,0.5517314683497125,4.198612757505555,26.329474989686034
3818.516,0.5450431785960266,4.198207556122949,26.30584285585879
3823.219,0.5407629315154109,4.198289365098362,26.306954987423783
3827.86,0.5457954327513038,4.197937051664657,26.30523376770711
3832.547,0.5435878326811087,4.198441359553773,26.285328758232378
3837.203,0.5447794941713309,4.198498011371334,26.278779831172628
3841.891,0.5402967741616079,4.198647765260182,26.276138203270893
3846.532,0.5334333890078657,4.198053032248149,26.2664956770318
3851.235,0.5311036578148014,4.197925068192614,26.25092519997372
3855.875,0.5307832247895281,4.19806261539399,26.242548025220287
3860.563,0.5307719214567428,4.1982394462597075,26.222742914905844
3865.219,0.5291361791453082,4.1985086630187265,26.22590655430725
3869.907,0.5301389074075785,4.198603939259402,26.2077297260996
3874.547,0.5296877025838161,4.198572234981921,26.20060259783871
3879.25,0.5312647100527538,4.198931689802211,26.19555185192532
3883.891,0.5320957568589912,4.199108649842828,26.18639069311877
3888.578,0.5297755282990417,4.199075293096427,26.181746472133568
3893.219,0.5313281452310822,4.19937425925659,26.169182116621514
3897.938,0.5304121779320031,4.199355141785571,26.15502338681694
3902.657,0.5273855718403363,4.199742055646236,26.160447546921535
3907.282,0.5175855033037611,4.198977704780411,26.148187549296498
3911.985,0.506079294317083,4.198091202996605,26.130869397384963
3916.625,0.5074148484862059,4.198285898532712,26.12381172222355
3921.328,0.5089122810705258,4.1981980711484175,26.121144132533882
3925.969,0.5088370569831685,4.1984740380521135,26.10636507811969
3930.688,0.5094614233679366,4.198524639597909,26.096701824132435
3935.407,0.5076210433222288,4.198652376507017,26.084194368255766
3940.078,0.5055944416749703,4.198752125474392,26.08369348819384
3944.813,0.5095362112952871,4.19919251914353,26.064479192450055
3949.5,0.5065429151498849,4.199146221637574,26.062114349508562
3954.157,0.5084008482400286,4.199293740249357,26.049100991186418
3958.844,0.5037819417024756,4.19936189626267,26.037191446437006
3963.485,0.5057706833597547,4.199645191101117,26.0236098703646
3968.203,0.4946855067697736,4.1990948478386585,26.01583614924808
3972.891,0.4869156826394546,4.19817231923706,26.010728720730228
3977.563,0.4850259701845555,4.198333290948822,26.001665513461933
3982.25,0.48577288966895155,4.1984873870667085,25.99740035402089
3986.907,0.48443083038632234,4.198606559665658,25.99447944322704
3991.61,0.48699555422416707,4.198522050120535,25.99064228120631
3996.328,0.4823515566258441,4.198428497904127,25.96837100896153
4000.969,0.48264515124151147,4.198603999050024,25.967044630904468
4005.688,0.48441496457412053,4.1990039977478215,25.961356836327933
4010.391,0.4818931262323577,4.1991217063074435,25.95758451411326
4015.032,0.48144974476798347,4.19925912195583,25.944291708152473
4019.735,0.4838399330733436,4.199113620723244,25.937231472551762
4024.375,0.48263762628898665,4.199561763271152,25.924471189919174
4029.094,0.47289052225052025,4.198802835526055,25.915551563404826
4033.813,0.4731302038831587,4.198725380910116,25.906809473641168
4038.453,0.47142807573418527,4.199259335299936,25.904466248643928
4043.157,0.4715568775318146,4.199199393645431,25.894231316901617
4047.813,0.4667944823893536,4.19908107199836,25.880778303986833
4052.516,0.46894304306827905,4.199379442609237,25.884897357752994
4057.235,0.46835875043490005,4.199142055568641,25.87184301346548
4061.875,0.4688352527402701,4.199540992004764,25.863683674739924
4066.578,0.4710125385325055,4.199510160604688,25.853561952115264
4071.313,0.4704688668137089,4.199836849635051,25.84270491606623
4075.985,0.4588006854336372,4.199167757382387,25.836487560052312
4080.703,0.4602190858216051,4.199117002796638,25.827933117278636
4085.344,0.458462666909958,4.19908922428092,25.82151749195527
4090.063,0.45617019654498436,4.199414928892541,25.81653290358827
4094.782,0.45984622615117127,4.199764492127039,25.80480122244375
4099.422,0.45165959186995663,4.19894006993857,25.798945614837336
4104.141,0.449441861166152,4.198824018780706,25.78848811841047
4108.86,0.4467701249753912,4.199101294393134,25.78649533777671
4113.5,0.4494128714936611,4.199092772342655,25.76928396496863
4118.188,0.4503984208716924,4.199229801741586,25.767360305139675
4122.828,0.45039539056877276,4.199405582762222,25.76441817612382
4127.547,0.4488959665904748,4.199497530984531,25.754337549167744
4132.266,0.4477555363454297,4.199501209818233,25.752128618907914
4136.938,0.4476196916541518,4.199542615409179,25.752705283479262
4141.641,0.44705628896666133,4.1996506959680255,25.742082195199707
4146.36,0.43816893713590915,4.199267991113488,25.722727878987282
4151.0,0.42584566354272874,4.197969600486888,25.724228043003027
4155.719,0.4265252947579078,4.198196173712638,25.712197314687057
4160.438,0.42932489391835194,4.198241925122221,25.702454639279733
4165.078,0.42612348726210814,4.198357415150921,25.692858903664657
4169.797,0.4266874894122843,4.198469648020784,25.68290190846095
4174.438,0.42315364574346914,4.198414452466565,25.686167227309582
4179.157,0.42493646938461965,4.198472448197355,25.677464645604392
4183.875,0.4262670329449791,4.198574804443028,25.675096178903654
4188.532,0.42708149951589813,4.198802371329893,25.664339538405205
4193.25,0.4278250864264665,4.198805843864739,25.656083608582787
4197.969,0.42408814603621275,4.199144388412208,25.655223759994723
4202.61,0.42529058570395784,4.198934843035621,25.645173064556527
4207.328,0.4269853060955859,4.199465059245312,25.62753060492396
4211.969,0.42515328742055214,4.199590977013669,25.627148080887967
4216.719,0.4149747523992914,4.198715503798256,25.61820619807431
4221.469,0.4143587708121965,4.198655969960138,25.61212538434681
4226.11,0.4128089382610343,4.199169820741206,25.610328408528574
4230.828,0.41229214227675,4.198894725316079,25.6053295097857
4235.547,0.41061782142922426,4.199076516946606,25.595551946241766
4240.188,0.41127843027216404,4.1992946455407925,25.591576003021185
4244.907,0.4135227691537473,4.199281086932483,25.57930845924869
4249.625,0.41222921876910906,4.199315391045302,25.574667370854748
4254.282,0.41014075950398265,4.19939787623109,25.56259396315245
4259.0,0.41084362717973644,4.199638768436712,25.54937009096264
4263.719,0.4006114302582558,4.198894571974228,25.546830810776374
4268.36,0.40286134751938757,4.198828788957729,25.543160786870367
4273.078,0.40206075873042835,4.199121842199341,25.537452105561293
4277.797,0.40000872974965507,4.198873661972496,25.53563853303171
4282.438,0.40084181912010125,4.199238341750321,25.53331551939748
4287.157,0.40131167283693914,4.1992050161578875,25.512573235999287
4291.813,0.39822957666881703,4.1994513212140685,25.51923323422462
4296.532,0.3998253318307002,4.1994608612524305,25.506291627595765
4301.25,0.4006665267532365,4.1995507451551894,25.50047434755006
4305.907,0.3907383984558842,4.198909988866757,25.494726371538132
4310.625,0.38901679588370247,4.199026127221555,25.484705237531227
4315.344,0.3874489982008103,4.199117858001117,25.486094776839362
4319.985,0.39050718246711197,4.199157372929718,25.46991315030705
4324.703,0.3927930271663079,4.19910706547451,25.474237804338948
4329.36,0.3928686662539069,4.1990126391473765,25.467974294758083
4334.078,0.3886675099125339,4.199245981408514,25.459879881273004
4338.813,0.3877889158030502,4.19950014967538,25.449527829759756
4343.766,0.3890143139836807,4.199526844439125,25.445341151038846
4348.5,0.38940620890258365,4.199514259889155,25.438132287090397
4353.219,0.3870611255350584,4.199758845283149,25.439575942539104
4357.875,0.3782539142699696,4.199114625735358,25.42484218979998
4362.578,0.37674311774921626,4.198838046726569,25.414416426401736
4367.235,0.3769960109437727,4.199191672413213,25.404987935333732
4371.953,0.37923897363844095,4.199108497439582,25.39966637960364
4376.672,0.3772904640979244,4.199257518662241,25.402154813804582
4381.36,0.37684980096761356,4.199411263930765,25.39432773745931
4386.078,0.37647394586625804,4.1996614932711545,25.384669266514372
4390.797,0.3700396905558785,4.19878337161094,25.379177183602085
4395.453,0.36776187392904586,4.198726209556899,25.377839022599908
4400.172,0.3671898573402538,4.198945726066079,25.367891894386617
4404.891,0.36633963382315515,4.199130772278219,25.36077284881605
4409.547,0.367159079429164,4.199063187379311,25.355622588994077
4414.266,0.36869942021149266,4.199103731425692,25.357886005758093
4418.907,0.3643880696931913,4.199101201539797,25.346720381512768
4423.641,0.36992131568625647,4.199255541815563,25.34262226029355
4428.36,0.3715831372411375,4.199424708207115,25.3413614029844
4433.0,0.3646673083142972,4.199565449956297,25.341242436967807
4437.719,0.35610276883002273,4.198646665367786,25.321483365805438
4442.453,0.35717347063227595,4.198667743166516,25.315221306483828
4447.094,0.3561525011120022,4.198611330498452,25.316521050687783
4451.813,0.360539795323367,4.19880901629618,25.316650689215432
4456.453,0.3547188102887744,4.198935679136091,25.30296989830349
4461.188,0.356708004185175,4.199138466087079,25.29975781860113
4465.907,0.35721822759471816,4.199111255342893,25.287148996991426
4470.578,0.3578839919185067,4.199210718043196,25.290361597485848
4475.328,0.3555945635483904,4.1990929667493315,25.286973913750348
4480.047,0.35560106279628023,4.199664946243605,25.274518191109358
4484.703,0.35473506824079043,4.1993784924155335,25.27643551156137
4489.422,0.35695693165186043,4.199569281478904,25.269028812823038
4494.157,0.35528297171990225,4.199541351275012,25.26000315123878
4498.813,0.35706035718387585,4.199663478904821,25.262348459240496
4503.532,0.3534005928733901,4.19958629638618,25.25458639224092
4508.25,0.35475359503992426,4.1998396287126,25.24067417818693
4512.891,0.3582152501842668,4.2001081310513815,25.240219031236787
4517.61,0.352929470530308,4.20017560871945,25.24044984348707
4522.266,0.35452615955151795,4.200212423082402,25.22998476925253
4526.985,0.3541349589711664,4.200242302004606,25.21580437295363
4531.703,0.35428771054865854,4.2006465073925305,25.215987572907174
4536.36,0.34440035273606967,4.200049409831633,25.204236403141504
4541.078,0.33525300358939225,4.198758394447216,25.20724615762307
4545.813,0.3344929210395163,4.198708281417807,25.20273576188656
4550.469,0.3357491851470428,4.198964974800811,25.197019319003306
4555.188,0.33386022353094613,4.199053144478335,25.183733365363608
4559.907,0.332362264727823,4.198822920604651,25.190844796164686
4564.563,0.3334898994523222,4.198871704540617,25.172942902576008
4569.282,0.3337794463252823,4.19921541687234,25.17427645645705
4574.0,0.33240537457809577,4.199191550218989,25.168951355811124
4578.657,0.3335540463684124,4.199223259281852,25.164989142608725
4583.375,0.332880569348938,4.1993338895000045,25.147779169154973
4588.032,0.3330776125348977,4.199209407430919,25.145594495779683
4592.75,0.3275593049109891,4.199523334747353,25.14678269688037
4597.469,0.3330302023499662,4.199663774369764,25.145039412012753
4602.125,0.3306440065377181,4.199689308745214,25.136253423519463
4606.844,0.33266606987317215,4.199479491341116,25.125881098675418
4611.485,0.3324282298599617,4.1998137692742805,25.11992589746518
4616.219,0.3346160990063362,4.199653498203417,25.117091127293893
4620.938,0.3299415896716448,4.199857424401873,25.11153919194338
4625.594,0.32904387463017903,4.199970851297709,25.111056228759814
4630.313,0.33367808924936687,4.1998958123418735,25.100359593528058
4635.016,0.33058796776898436,4.2002388856676145,25.093250847756828
4639.672,0.33312419154009915,4.199959860600276,25.100829877905618
4644.36,0.32963479544343177,4.200504020053601,25.084186220364867
4649.016,0.329359519372379,4.200550832130012,25.084353802472638
4653.719,0.3211516808414349,4.199933508239233,25.080488411164332
4658.438,0.3119973185459343,4.198895012673244,25.079496463717096
4663.078,0.30815748706071616,4.198816267458459,25.070317268296485
4667.828,0.30889156766294984,4.19888242921604,25.060484183618815
4672.532,0.3085436468148649,4.198770515590423,25.05653380767945
4677.188,0.3100177024502448,4.198543708592127,25.051473804077517
4681.891,0.3104599140462676,4.199086261078912,25.05137961640014
4686.61,0.30799193259894797,4.198998608442672,25.03555222175483
4691.25,0.31049104520941767,4.199070333793071,25.03674686686942
4695.953,0.309894831680916,4.199071799629747,25.040970703265582
4700.672,0.31068477632850106,4.199191975377453,25.03254740112487
4705.313,0.30768389470967705,4.199363009318403,25.022243231374762
4710.016,0.30798627998291356,4.199472033844993,25.016717902174808
4714.657,0.30800884698494346,4.199634911729509,25.017824565835653
4719.375,0.2993621033719835,4.198809376720239,25.00987939451531
4724.094,0.3035495800920187,4.198837877703056,25.00363709879664
4728.735,0.29880684343453356,4.198980218252878,25.003440771182042
4733.422,0.2998884398560788,4.198621166588235,24.993668601493788
4738.063,0.2983217282566837,4.198744004364939,24.998995202597982
4742.782,0.2983127606099873,4.199053895912047,24.991394304557492
4747.5,0.29786549497426745,4.198685306016263,24.986238383542034
4752.157,0.2969407684330147,4.1990163976673776,24.974517775321882
4756.875,0.29838937785821823,4.198722343113938,24.978253062131426
4761.594,0.2994024353705037,4.199006474002581,24.976275822722577
4766.25,0.29888459847856563,4.199189285947428,24.96947153420308
4770.953,0.2950812371496288,4.199292819863431,24.968389321177295
4775.672,0.2944985988804032,4.1992086954336125,24.958761602194247
4780.328,0.2995799507270345,4.199383629019211,24.960194431859566
4785.047,0.29726388724074354,4.199568726301332,24.952892521699262
4789.75,0.29202480941831527,4.199653735749419,24.950557194907542
4794.391,0.2951366010220302,4.199418074524396,24.944333614883778
4799.11,0.2928878163995672,4.199671211982316,24.942384442931928
4803.75,0.29752055668169775,4.200145165486317,24.936322551433303
4808.485,0.2947894579945131,4.199578228823594,24.93255960615816
4813.188,0.2947501927130873,4.200026343143178,24.92975195128995
4817.844,0.2960994112456996,4.199772214527683,24.923348270037863
4822.563,0.2969836464291444,4.199976565075606,24.922203111928763
4827.203,0.29548919545612773,4.200322997330075,24.909728490652952
4831.922,0.29439643950002187,4.200110936222213,24.913536974736928
4836.641,0.2943212159038787,4.199984328653813,24.893923109826794
4841.297,0.29582552794825484,4.200372157582852,24.897355116084587
4846.032,0.2917484434481316,4.20038810892875,24.880797082985236
4850.797,0.2970140531525584,4.200686153286288,24.883985742751026
4855.516,0.2838530856765742,4.199924953347912,24.88360382146458
4860.219,0.27298907495899977,4.199056999064747,24.86521582535874
4864.875,0.27424443049692176,4.198800182740375,24.868178170078757
4869.578,0.2736399461236163,4.19914337205711,24.867587802388613
4874.219,0.2724274465494069,4.198886469481467,24.85730691161685
4878.938,0.2749388675679625,4.199072960012833,24.863247220570884
4883.657,0.2786210931813683,4.198969639190861,24.861927805334776
4888.328,0.2745258940263728,4.1990820376755895,24.85376881722634
4893.047,0.2720255807554803,4.199118176939787,24.8416950612311
4897.75,0.27375284366584746,4.199063720318222,24.837927792207097
4902.391,0.2754717181062864,4.199374346066639,24.83748585891924
4907.11,0.27095989976776713,4.198959553799803,24.83229123201475
4911.828,0.27493027905158507,4.199133511022026,24.817698856531457
4916.578,0.27342717636313496,4.199301895560893,24.803820619435047
4921.266,0.2744975576478423,4.199340048018267,24.81563271369071
4926.0,0.27144882082007366,4.199503211779121,24.81612423991697
4930.797,0.2725736217031442,4.199509994114194,24.802555430263734
4935.578,0.272074365783884,4.199631388516527,24.799655089569686
4940.328,0.2733446174738477,4.199335401943346,24.797607100987527
4945.11,0.27564777985685057,4.199676790930034,24.79632233852959
4949.875,0.27240935353851276,4.200015634428424,24.789855147119383
4954.688,0.2717689462770099,4.199640683338927,24.788310986846778
4959.453,0.2727967753805829,4.200136610408735,24.788925498499164
4964.25,0.271809527313546,4.2001822401289735,24.772904598197865
4969.25,0.2707858054376074,4.200413307094374,24.77146039955385
4974.203,0.27323877049397466,4.200187653230178,24.773156669144814
4978.907,0.273027006743079,4.200371874562189,24.766021865939152
4983.657,0.2738261592819214,4.2002094964037955,24.759953023844353
4988.297,0.2705183189658595,4.20044082104276,24.756900955789902
4993.016,0.27108840056245614,4.200482609071109,24.747547701314023
4997.719,0.2715689945305191,4.200832418330299,24.745354572482785
5002.375,0.2640737652802104,4.199696750058679,24.743522297043167
5007.125,0.2537390145342193,4.199094597214264,24.732929722960616
5011.844,0.2521801121419192,4.198676875121653,24.7306538438807
5016.547,0.25209293144154465,4.19874169031674,24.725150915159862
5021.188,0.25337945354202573,4.1989634306843,24.725648625571903
5025.891,0.2552680886090849,4.198723788171669,24.71441254289951
5030.532,0.25270638611699087,4.199014057773509,24.714637179563884
5035.25,0.2525571581894125,4.198949619044239,24.705985771984714
5039.953,0.25599986037506356,4.198887160928135,24.699846161703213
5044.625,0.25198852964451796,4.199089538665911,24.69100870151107
5049.344,0.2517283595386563,4.199219998244037,24.689678515435507
5054.047,0.2530737702118222,4.198904312129331,24.691545270626996
5058.688,0.24989203377368854,4.199065922320556,24.699062687323423
5063.407,0.2528011043303,4.1991465360959435,24.686335345344144
5068.11,0.2525129124531961,4.199276056521192,24.68251887019462
5072.766,0.2509430580258872,4.199286266423493,24.678506105128204
5077.469,0.2514267717818941,4.199457774617788,24.677564302226628
5082.11,0.2537021186522397,4.199471167519385,24.67175688879324
5086.813,0.2501612139974997,4.199264188953487,24.671297750544444
5091.532,0.25025238629539936,4.199718183558932,24.659585807796436
5096.172,0.2527504339438096,4.199575203727628,24.661570847617067
5100.875,0.24984284764426365,4.1996124148541965,24.65870034652257
5105.594,0.2499341842957104,4.199674668555565,24.650356288119205
5110.235,0.2516222256325634,4.199854465290554,24.646997658272866
5114.938,0.2460929984644914,4.199916895645644,24.63798731183526
5119.594,0.2523228276421259,4.199951124154801,24.644711456143604
5124.297,0.25045113197726065,4.199946784146146,24.63885364385769
5129.016,0.24781764432292552,4.2000816230951195,24.638136774921627
5133.657,0.25238978245511035,4.200129519986048,24.634197746562066
5138.375,0.24865257337424834,4.200143572214946,24.63045821779255
5143.078,0.25202089484866513,4.200253361432485,24.626924979141855
5147.719,0.24788306155898857,4.200372440693147,24.61406809036789
5152.422,0.24989835223128318,4.200290058058807,24.61641220023594
5157.078,0.25099552217471544,4.200291047103842,24.609006810157375
5161.797,0.24942262549913502,4.200490326191391,24.608395407102474
5166.5,0.24927644431084917,4.200456269521398,24.607448961101237
5171.157,0.24821274671743507,4.2006000711653915,24.598822029290343
5175.86,0.23792253543425324,4.199915779499522,24.59209550543971
5180.5,0.23563220650467934,4.199797181965074,24.582857743761448
5185.219,0.23890478361383638,4.199781092181951,24.58272814766244
5189.938,0.24045003780496255,4.199834940308871,24.587056364646337
5194.578,0.2375195869262893,4.199972829040017,24.577562979488878
5199.297,0.23860416282445882,4.199872256011214,24.574737680612753
5204.0,0.23618234744936684,4.199918248134915,24.576011694004528
5208.641,0.2421668800433559,4.200112938033339,24.56642085397504
5213.36,0.23794351648279966,4.200206329923914,24.561744399422494
5218.0,0.23826738850724855,4.200330082040443,24.563350642589175
5222.735,0.23700110563605198,4.2002610636708955,24.55723460853643
5227.453,0.23772213595618388,4.200087352093641,24.55637721431938
5232.094,0.23846094454086877,4.200333285447842,24.561038850978505
5236.797,0.23644960544006752,4.200477440608889,24.550538954641294
5241.516,0.23654085403855257,4.20052811585071,24.540109613817755
5246.157,0.23735852504159077,4.200250820277234,24.53891659882401
5250.875,0.23496968056391862,4.20056891585734,24.540014675974554
5255.578,0.22658892879898396,4.199770895909933,24.53372469128485
5260.219,0.2238805461289036,4.199779647740477,24.53702814286171
5264.922,0.22636811049092023,4.199513952910919,24.527737604644177
5269.563,0.22740039621968483,4.199753456782817,24.52508865673924
5274.282,0.2283683733881502,4.199532088216014,24.52453973149417
5279.0,0.22545936819120854,4.199734356363271,24.51748219130434
5283.641,0.22516060598996526,4.199863475764681,24.51486177934614
5288.344,0.22552694299334247,4.199975977716592,24.506422113822616
5292.985,0.23008296333217118,4.199805890120375,24.505243693523163
5297.688,0.2278644714356565,4.199962750768911,24.49990413359888
5302.407,0.22641332712265808,4.200160794665182,24.504318663404494
5307.047,0.22692904092866154,4.200059473198087,24.494323855649572
5311.766,0.22632936982821483,4.200226662742261,24.49916495733073
5316.469,0.2248485579415864,4.200379709363961,24.497230010710577
5321.11,0.22724093919962976,4.200342970800624,24.49052978623107
5325.828,0.22596761375915783,4.2003984424590755,24.483335068681985
5330.469,0.22596066136112913,4.200615990329575,24.478755005462972
5335.188,0.21432276188074212,4.199577282604186,24.46645581341413
5339.891,0.21400352567958586,4.199422021417886,24.4704371131981
5344.532,0.21705788037177176,4.199724844024451,24.46499605703766
5349.25,0.21634167547463226,4.1996961838360845,24.466630595202798
5353.953,0.21629197704040523,4.199525454752163,24.45692817134211
5358.594,0.2132292226384657,4.199871828728109,24.45702038685655
5363.313,0.21496447389412196,4.199704215680345,24.456676219646674
5367.953,0.21432813597340647,4.199714317637786,24.454413648370817
5372.672,0.2162326869396023,4.199777783695417,24.454286598600543
5377.375,0.2155695282661428,4.1996780070675035,24.454884065531242
5382.032,0.21785907443508123,4.1995293132193545,24.449692988106257
5386.766,0.22212322469091778,4.19983300024016,24.437792429321533
5391.407,0.2146062060453861,4.199948104456806,24.43510422245287
5396.125,0.21472468788764712,4.199908084530758,24.43815459235391
5400.844,0.21153874189509042,4.200019260430218,24.43435502522548
5405.485,0.2160528301965011,4.200085336409078,24.428389078570692
5410.188,0.2128649780621396,4.200022631263541,24.426317895690875
5414.907,0.2109516816413312,4.200303969344554,24.425964598233065
5419.547,0.21830121625388704,4.200148148299899,24.418079964500112
5424.25,0.21139722326019778,4.200342247550271,24.421964189690485
5428.907,0.21059187842584684,4.200224977555079,24.414972791183185
5433.61,0.21102567665321198,4.200716745861153,24.404418418199324
5438.313,0.20369503104981757,4.199495420612959,24.409536294127978
5442.969,0.20274214435716806,4.199757587557031,24.408364830961435
5447.672,0.20107484954527932,4.199562803808156,24.401516949996203
5452.391,0.20527680484480806,4.199579682240639,24.406172152124835
5457.032,0.2040540855913188,4.199638301692021,24.406616041827434
5461.735,0.2022176737120388,4.199576698103029,24.396709869178522
5466.375,0.20233221448896022,4.1997953986203695,24.388802504897075
5471.094,0.2027089109215924,4.199837596063353,24.38803037707699
5475.813,0.20321278033881573,4.200093440466142,24.375444009626285
5480.453,0.2071289273963696,4.19954378242918,24.380147209643983
5485.157,0.20450299886359513,4.1999630921712745,24.37497920980641
5489.813,0.19994991651288632,4.200726308501828,24.379927750494826
5494.532,0.19283150640071392,4.199236029900651,24.3688244197349
5499.235,0.19314850588269392,4.199349840564399,24.363153794774522
5503.891,0.19421943509985692,4.1990390091125285,24.359621821388643
5508.61,0.19424777020981873,4.199114625987027,24.357080550440873
5513.313,0.1962738970137978,4.199089981925421,24.365878782830354
5517.953,0.19365919768114268,4.199249794788917,24.35781097181161
5522.672,0.19249777063911042,4.199367929346609,24.36173260071359
5527.313,0.18790305131955118,4.199280046355905,24.360075820315505
5532.032,0.19916799802190135,4.198983051599845,24.35470763410685
5536.75,0.1884275311249158,4.1993645259146755,24.343543514110923
5541.391,0.19401035386205057,4.199033157944265,24.34049355138266
5546.11,0.19325924413390685,4.199264605799864,24.342700265053484
5550.813,0.19055989130953382,4.1991436218024845,24.337842817525694
5555.453,0.205417188687596,4.199240114785997,24.340159035132004
5560.172,0.19139037477935428,4.199264068741618,24.346914461947822
5564.813,0.19361564983400487,4.199392719193878,24.332141792685263
5569.532,0.1866794804967107,4.199540246677537,24.330744627107173
5574.235,0.19306264292831135,4.199285151134507,24.319520954957785
5578.907,0.18560291280159824,4.199703460178575,24.324418428979556
5583.625,0.19163764927223173,4.199351738723448,24.319570489092364
5588.328,0.19265451794271282,4.199369494906337,24.314901397585423
5592.969,0.1905275841296853,4.199996939715323,24.31294394907839
5597.688,0.1964327776066338,4.199715781917568,24.317607237087966
5602.391,0.1936201190903268,4.199765204190016,24.30914081206903
5607.032,0.1941939998157796,4.199860234278207,24.303607580239447
5611.75,0.19267860723364913,4.199775244337486,24.301964810859648
5616.391,0.19550533798334882,4.199736730161131,24.306307462966295
5621.11,0.19116337806589895,4.199851997681891,24.298606468757605
5625.813,0.19518056730886657,4.1998011405528555,24.291588032845578
5630.453,0.19592824967071903,4.200027146302207,24.288905633340526
5635.172,0.189391997541083,4.1999514579224515,24.28603089277373
5639.875,0.1908666637797144,4.200181885845993,24.280366280712208
5644.532,0.1887152844304314,4.200201000214151,24.283350921975053
5649.235,0.19007969617725212,4.200209783651469,24.27516457310117
5653.875,0.1938758370192891,4.200182051466731,24.276682166104887
5658.578,0.19070198774070893,4.200472671922667,24.28339233915419
5663.297,0.19162327987250682,4.2004608083994395,24.27549764479484
5667.969,0.1905789665903979,4.200370076181326,24.267997495366433
5672.688,0.19001340871632508,4.2002847585321526,24.26595701540558
5677.407,0.19028423502201314,4.200462738251605,24.265165820965624
5682.047,0.18814326335650097,4.200601579524662,24.267133329973635
5686.766,0.18195242651595653,4.199588339965673,24.26340701899749
5691.469,0.17913545744502124,4.19967151528728,24.263779222861118
5696.125,0.18228102789533424,4.19959426074923,24.246592770887098
5700.828,0.17839479346222398,4.1998920847513945,24.253515953712594
5705.485,0.17977140358877863,4.199511275345629,24.243186829518365
5710.188,0.1838700041009801,4.199878839911025,24.244386330799696
5714.907,0.17960835672854164,4.200036581303697,24.23871380110835
5719.563,0.17987728091677088,4.199819905225583,24.23569108071716
5724.282,0.17960270215595228,4.199839336236722,24.247417120905673
5728.985,0.17847815453498045,4.200037079104334,24.242460924354575
5733.641,0.17928910634399545,4.199833319833991,24.23691905441276
5738.344,0.1800984820147594,4.199995145799812,24.23050999087711
5742.985,0.1814145125517443,4.200087528941019,24.226961454870846
5747.703,0.179640710395947,4.199958951998744,24.220868319936226
5752.407,0.17899769780813862,4.200247050562405,24.21993918674108
5757.063,0.18001993341450173,4.200053345316107,24.21968228154963
5761.766,0.1776093990792832,4.199596768820223,24.218878987712163
5766.485,0.17976415898830553,4.200236406198308,24.221524440681605
5771.141,0.17786825543055243,4.200153457000422,24.208811718787388
5775.844,0.18034393972128593,4.200102509233077,24.202861465414465
5780.485,0.18222215211138018,4.200373667496242,24.20408674934415
5785.203,0.18023608154957838,4.200421677255111,24.207486591483036
5789.922,0.18091039624099517,4.200270036019898,24.2030716144251
5794.563,0.17885859087029748,4.200612468471586,24.204378243185836
5799.282,0.1796880383440469,4.200599160077473,24.194351939186703
5803.922,0.1812041296560521,4.200678092240319,24.190718174368552
5808.641,0.17903870158445143,4.2005974230950835,24.187550167533267
5813.344,0.17778205355197155,4.200786248085965,24.195879715357528
5818.0,0.17735954888954072,4.2007154296264515,24.190663159762323
5822.719,0.18031329606408844,4.200782040573297,24.18012656055013
5827.422,0.1787314344431409,4.200922580176963,24.17523718603023
5832.063,0.17416127007558174,4.200929823287615,24.18099835155738
5836.782,0.17663414838497535,4.200977567426303,24.17683266377708
5841.438,0.17836170075656568,4.20078748342039,24.17057647543635
5846.141,0.17740611867832182,4.201153420035103,24.168457464629643
5850.86,0.17876993228926352,4.201253387137971,24.17466329729551
5855.516,0.1787057323966368,4.200823564670873,24.16391836050735
5860.25,0.17581368605197722,4.201110436078737,24.1564581150218
5864.969,0.17635709470164612,4.201189426232289,24.161515592007298
5869.61,0.17910396029019443,4.2013102067953945,24.156509299024275
5874.328,0.17618517475680967,4.201190706258048,24.16517911859783
5879.032,0.17730004900916882,4.201324199233154,24.162567490935988
5883.688,0.17614244619634567,4.20137949451648,24.15897361152513
5888.407,0.17914681910810926,4.201558070125212,24.148261378962324
5893.11,0.16548554199135349,4.200704906227012,24.148300030392775
5897.75,0.15598390503264625,4.200101148391279,24.141435155886647
5902.453,0.15912275754152921,4.199808476002309,24.148094647565994
5907.094,0.15842444535788044,4.199756774015103,24.135158309453853
5911.813,0.16067470678390564,4.199383967779447,24.139193249834037
5916.532,0.15696225818819226,4.199773495816907,24.134416598971846
5921.188,0.1565233710625541,4.199413706930306,24.127409957414496
5925.907,0.1605626990345348,4.199644666129618,24.1310060896311
5930.672,0.15791500344136544,4.19982713681526,24.128073936525887
5935.375,0.15724878029599218,4.199860236474252,24.119872242084732
5940.157,0.15637169326288972,4.199534927961094,24.12381460177975
5944.813,0.1567671955294645,4.199703701494706,24.12428160555334
5949.516,0.15816905368333775,4.2000427753670655,24.119602856951296
5954.157,0.15687798463692948,4.1998677166310605,24.119222666846508
5958.875,0.157882146972303,4.1996911802351,24.117768746999403
5963.578,0.15736805089543351,4.199953984118282,24.11762652589129
5968.235,0.15756066089275855,4.199835485590866,24.129239704854623
5972.938,0.15632888563496136,4.2000051102488,24.121239914201862
5977.657,0.15621106262544524,4.200207209437736,24.113871286169932
5982.297,0.15462219814533557,4.1999575373258295,24.10785187159703
5987.0,0.15657057284245962,4.199985046256854,24.10362420735085
5991.657,0.1549873093415069,4.199978357223428,24.112710750933662
5996.36,0.1565026090276581,4.200004819756268,24.10967774623396
6001.11,0.154649540623031,4.200020890152673,24.09993993310373
6005.75,0.16046522842330105,4.200199388779585,24.09839616443589
6010.453,0.15634820075841252,4.1998579936141445,24.090233449460516
6015.172,0.15258539561435924,4.200513311593464,24.092796883122297
6019.813,0.15661004396938982,4.200284758012205,24.083376372704674
6024.532,0.15592410323778405,4.200065920882325,24.094695287376517
6029.25,0.15565789787651463,4.200406518101208,24.096480663488883
6033.891,0.15805588997529943,4.200431578676769,24.07464322059059
6038.594,0.15601949427494682,4.200299752072315,24.075649769661577
6043.25,0.15697660986656561,4.2001201822843734,24.062196730305896
6047.953,0.15668576400111991,4.200349775826283,24.068679898529822
6052.672,0.15860299263771035,4.20026381360409,24.070176772375568
6057.313,0.156711901196974,4.2002746769876635,24.06001776068834
6062.032,0.15763802839077312,4.200431467298932,24.073406613817934
6066.782,0.15550843585852253,4.200694032999397,24.065764762666106
6071.438,0.14338175448295387,4.199606045671414,24.068663425030724
6076.141,0.14312055818756184,4.199858428554917,24.05727581938175
6080.797,0.14350288779544038,4.199940813864037,24.056753061309024
6085.5,0.1476461628221189,4.199322752074034,24.051161558752337
6090.219,0.1452908765700935,4.199505421670355,24.047312313387156
6094.875,0.1434441447927484,4.1995680937321875,24.047142048593447
6099.578,0.14453226583800005,4.1995962375313205,24.046356603608288
6104.235,0.14561228101165696,4.199656501934117,24.04681862358721
6108.938,0.14456142732276273,4.1995065416289465,24.055323081316033
6113.657,0.147218492000099,4.199687226307267,24.04060463481297
6118.313,0.14492594131550446,4.199681791860182,24.042438106035927
6123.016,0.14677218875166356,4.199867863113322,24.042677738936913
6128.063,0.1443887707585452,4.19953016337339,24.04049517051664
6132.719,0.14596536454723974,4.199848709678582,24.0334208259983
6137.438,0.14440422908815867,4.199691653746997,24.042692558569783
6142.094,0.14406300441200012,4.199751232708148,24.03454742211065
6146.813,0.14865776204588685,4.199805945466726,24.028501874839403
6151.547,0.142880900798908,4.199763237594852,24.03099177210138
6156.203,0.1450807111595302,4.1998541806709655,24.033172293232465
6160.938,0.14701557070469662,4.199824808572318,24.018540630422027
6165.657,0.14365024155407008,4.200119662345612,24.020197846765196
6170.313,0.14426500789507773,4.199918728323263,24.02022652639074
6175.032,0.14550800121969404,4.199976633622288,24.02113438058764
6179.688,0.14445895264199196,4.200019230303603,24.01299204383716
6184.407,0.14519392008807705,4.200154137750977,24.01297498012386
6189.125,0.14613792865317451,4.200006573561359,24.021772170263038
6193.782,0.1461448986807496,4.20000248396049,24.013908247166786
6198.485,0.14503822124425733,4.200226284262148,24.001779111026398
6203.141,0.1442320363223368,4.200171528265277,24.001641265754273
6207.86,0.14455582183938478,4.200337538980488,24.006959965737018
6212.578,0.14233144240257234,4.200385282632663,23.996917043525123
6217.235,0.1428934905418812,4.200406676423162,23.993157629867625
6221.953,0.1433983022127118,4.200215368844559,24.00382553816401
6226.735,0.14400380882338587,4.200495444653307,23.993460825554727
6231.391,0.14426688929392423,4.200262264207572,23.99131619457091
6236.047,0.14284508674127097,4.20035650187099,24.003352250789273
6240.719,0.14412039640012214,4.200754780715514,23.9927816976456
6245.422,0.13638515079834615,4.1996983334813605,23.98890069634616
6250.157,0.13381876428047462,4.199691489848965,23.98698796435342
6254.938,0.13469612076596657,4.199594734029862,23.981564063325767
6259.703,0.1344595038887447,4.199815352979948,23.979534427221434
6264.36,0.13401598328257308,4.199755492119822,23.975556699283715
6269.078,0.13400304277235767,4.19980315328478,23.979109770989854
6273.797,0.13393617484615208,4.199842402143925,23.97816347842607
6278.453,0.13511262632937449,4.199618173971784,23.969829829498863
6283.172,0.13276001429596634,4.199695568679611,23.96502570265672
6287.891,0.1321994493397697,4.199878531131002,23.969335889864848
6292.532,0.1343473826848376,4.199642791969807,23.97291575119666
6297.25,0.13270272824534454,4.1997274977688255,23.965064443779607
6301.907,0.1336376528033392,4.199783077400873,23.962551261753134
6306.625,0.13376156901872832,4.199722000811631,23.959681205266023
6311.344,0.1326114484647409,4.19995118710318,23.957567639609987
6315.985,0.13384172565177022,4.19982544919006,23.96539934148204
6320.703,0.1340379404782344,4.199911223474184,23.95612033590148
6325.407,0.134902885877422,4.199789527539668,23.95393236025131
6330.047,0.1340247569616051,4.1999663332671995,23.95379853044383
6334.75,0.1344219942492326,4.200210341429546,23.939945405276784
6339.407,0.1338618367851663,4.20002992052211,23.945958073944055
6344.125,0.13090111553391845,4.19980042089335,23.953722742656975
6348.844,0.13168794689979677,4.2001802014270195,23.94754042245162
6353.5,0.13661448824426461,4.200184840199423,23.953955851366324
6358.219,0.13129762657430344,4.2001738272584115,23.93647357382047
6362.938,0.13326075702361911,4.200304065659111,23.930398772751094
6367.594,0.13340566849289243,4.200152608937139,23.935645475393667
6372.313,0.13183149447938364,4.200043097706127,23.94764275841451
6377.016,0.13357970911107242,4.200327107018824,23.92795478420632
6381.672,0.13181930014196494,4.200468522294515,23.928226646832755
6386.391,0.13390097130557552,4.200324196161863,23.933983100702807
6391.094,0.13229861080526809,4.20039286000025,23.922512006005892
6395.735,0.13421590005692752,4.2004517579118765,23.920538946011582
6400.453,0.13310142125060628,4.2003861306627295,23.924461602985154
6405.094,0.13396167696013442,4.200284153039103,23.91692602647549
6409.813,0.13172376294022276,4.2004895594216665,23.916559357897707
6414.532,0.13026649465138598,4.200512467371708,23.920996161160407
6419.188,0.13292540858355584,4.2005019955968965,23.91305664250867
6423.891,0.13398727793954818,4.200565514202145,23.911589923610016
6428.547,0.12117321748335971,4.199771016189833,23.914207723273986
6433.266,0.12238697443817464,4.200061819310652,23.907522399312313
6437.985,0.12274950493785822,4.19961420380912,23.918396462805326
6442.657,0.1232120971294164,4.199848960752369,23.911929630611716
6447.375,0.12470378922441107,4.199753163276124,23.9073023604532
6452.094,0.12134159437578808,4.199969971495161,23.908626816517522
6456.75,0.1227805466572085,4.199575013764933,23.901933590954243
6461.469,0.12189880031730718,4.19969826665979,23.908079033789974
6466.188,0.12146623021363562,4.199764385917789,23.89958637585371
6470.844,0.12291455249394787,4.199965889478085,23.898157997798997
6475.563,0.12278207762546339,4.1996806704670915,23.888831942658214
6480.282,0.12263047853857509,4.199908716485357,23.895772216187062
6484.938,0.12379142904576289,4.199894875014966,23.905431858885787
6489.657,0.11888327314561195,4.200238469537372,23.899100055923373
6494.375,0.12096509069027911,4.199861727233072,23.895495753346523
6499.016,0.12163388657779062,4.199781421191162,23.896833547072237
6503.735,0.12093624236033902,4.200115323948867,23.894488348775166
6508.453,0.1211864048178668,4.199872097425433,23.883306950590946
6513.11,0.12054087856180508,4.200047287127928,23.883151729870246
6517.813,0.1195739824452846,4.199812308382505,23.882201271647325
6522.453,0.12189724396558779,4.199901872396219,23.879681781349753
6527.172,0.11990667968953664,4.2000710675067605,23.88206025588284
6531.891,0.12128781512263892,4.200361399849987,23.883202727245994
6536.547,0.12223998150760224,4.20009018482188,23.88026357807854
6541.266,0.12179798860327666,4.200046265040539,23.88454650176625
6545.985,0.12214409232375595,4.20033771627898,23.887617417940803
6550.641,0.11966514476265144,4.200287957640349,23.880190943150396
6555.344,0.1228706498775215,4.200152203981478,23.878831231154212
6560.063,0.12108428886777248,4.200456244112127,23.879217451760635
6564.719,0.12237603352987839,4.200368031301597,23.87170907563777
6569.438,0.12476815899752057,4.200346671766616,23.85822036440861
6574.157,0.12175870633609864,4.200159252825268,23.86367163195085
6578.797,0.12026114660143597,4.200722616945752,23.86107530245465
6583.5,0.12219129716286033,4.200530625714814,23.863569105701124
6588.157,0.12116534114703352,4.200648381689977,23.853942011664127
6592.875,0.11957907591576379,4.200457154100973,23.85321859464029
6597.594,0.12107971095865103,4.200682644435511,23.849996910862952
6602.25,0.12146992264775776,4.200584676989123,23.851778634766795
6606.969,0.12123934787493769,4.200419092426389,23.854207147363407
6611.688,0.1191385334805309,4.200541720940118,23.842626543408027
6616.344,0.12040878093662007,4.200756947558966,23.844141200002834
6621.063,0.12071193166643457,4.200695465915835,23.84964443249883
6625.782,0.12158159286592492,4.20083260736027,23.85015245119741
6630.422,0.12107779241686835,4.20056290968292,23.847515979342475
6635.172,0.12063648805766311,4.200814160741563,23.846460387462272
6639.891,0.12239285620608072,4.200829677503428,23.840591704335687
6644.547,0.11823811583302733,4.200635378793189,23.846745143770192
6649.266,0.11771104096052423,4.201154658771789,23.84170403551177
6653.985,0.12172965327332168,4.2006800975313245,23.845760884265008
6658.641,0.11806606481738201,4.20100389702602,23.836631952615665
6663.344,0.12025096246973192,4.201064587385885,23.826628611567294
6668.063,0.11733342562686742,4.200920734418052,23.83515575557403
6672.703,0.11927834703132012,4.2012862502191375,23.8315155699589
6677.422,0.11894288429023894,4.200926708179407,23.825345027381868
6682.063,0.11923635251940692,4.201423125851192,23.823620582732936
6686.782,0.11599489199427997,4.201364316599714,23.83012192454132
6691.485,0.1194900516035939,4.2010826454681895,23.828559937604997
6696.141,0.12036566484182797,4.201157327612323,23.829790217521293
6700.86,0.1197520697337518,4.2010762880109285,23.82652924754813
6705.578,0.118813609315623,4.201173204262293,23.829738573588607
6710.235,0.12031313282278586,4.20133908547234,23.813436637186538
6714.953,0.11962457643310609,4.201112837770359,23.82394365005124
6719.672,0.12194934207269625,4.201246303913751,23.820888277405842
6724.328,0.11840229978943037,4.2015677975699965,23.810824838622263
6729.047,0.1108928828849047,4.20042254309968,23.81739552885663
6733.75,0.10653876972509087,4.200253196086073,23.812862512718
6738.407,0.10680381105010497,4.200688150865502,23.811067026695934
6743.11,0.09792182053845047,4.199564081591296,23.814507745608353
6747.766,0.09931693738012001,4.199689389072039,23.81130423789067
6752.485,0.10011096904388743,4.199392885203176,23.814899039200412
6757.203,0.09835948364140473,4.199465132008261,23.803172677281047
6761.86,0.10129295346567953,4.199414257068821,23.807058856452976
6766.563,0.10061408696402134,4.1996786300116336,23.81307024327702
6771.282,0.09791846765901703,4.1994252846543585,23.813781331086155
6775.938,0.0977578460228975,4.199376042506944,23.806626359980697
6780.641,0.09864379676258563,4.199377374444122,23.804719906474
6785.282,0.10011486986323606,4.199386040644625,23.79679882422812
6790.032,0.0974216943608207,4.199571382098615,23.794484155452114
6794.75,0.09824824808855402,4.199325258390196,23.792816524026552
6799.407,0.09990092743699394,4.199448668529668,23.795506530778333
6804.11,0.0989956607722635,4.199602034301541,23.797848783115196
6808.828,0.10137506361225676,4.199276362805282,23.791962163911435
6813.485,0.0972275816752752,4.19959947754044,23.786818797528067
6818.203,0.09883429173037356,4.199502757818718,23.78835787171267
6822.907,0.10153686307679385,4.199207035795791,23.78775380859993
6827.563,0.0973504117274968,4.199426243024265,23.785090445148594
6832.266,0.1012443109987894,4.19935976535534,23.78881099777265
6836.922,0.10032264309277161,4.199507629743648,23.784390529868798
6841.641,0.09984940082704798,4.199631571824128,23.785199317177646
6846.36,0.0975698343851753,4.199442209773552,23.78178264925144
6851.016,0.09719389543481327,4.199515514990981,23.77976233282323
6855.719,0.10028658429186445,4.199662088583129,23.782680874632423
6860.375,0.09932781424209663,4.1995934347320505,23.79051234773728
6865.094,0.09864386501908923,4.199432101325907,23.79265440108772
6869.813,0.10010987232934934,4.199568899863426,23.77107346358251
6874.469,0.09169905103846102,4.198663826657557,23.766980399738376
6879.172,0.09435906155161801,4.198620103334761,23.77058003774186
6883.828,0.0907884519189545,4.198464031459735,23.76972382379123
6888.532,0.0872448857095037,4.198651442962694,23.777010307566616
6893.188,0.07845041784619822,4.19762292347578,23.777074946805865
6897.907,0.07886885248651859,4.197717887996777,23.770842790973642
6902.625,0.08028450935475345,4.19754785978479,23.76954559838777
6907.282,0.07906613360845698,4.197491597830161,23.77191767643771
6911.985,0.08005668895189212,4.197506074163706,23.75968765857482
6916.703,0.07923600855123851,4.197459972764003,23.76052168069223
6921.36,0.07902908992284305,4.197430587131642,23.75702810719672
6926.063,0.07948578549041668,4.1974616684611785,23.75182625681708
6930.719,0.07968937689968654,4.197575055909692,23.758309050916257
6935.438,0.08088693606323875,4.197476711843315,23.75507232904912
6940.172,0.08177043170868412,4.197399826952895,23.75653620047991
6944.828,0.08009780829993124,4.197372678550231,23.760357570753325
6949.532,0.08187363170849771,4.197375892001752,23.74831201281668
6954.25,0.08220602535822612,4.1974061670598966,23.748954558439976
6958.891,0.08108713027536965,4.197442501980216,23.74337377470299
6963.594,0.0823312260121917,4.197353303799314,23.75156479332175
6968.25,0.07947081172826112,4.197351153811557,23.749907971811254
6972.969,0.08224732596866673,4.197221082406799,23.74603088572852
6977.688,0.08159383194927732,4.197456603498826,23.74542865560807
6982.36,0.07888639245410436,4.197403194024218,23.739015445127215
6987.063,0.08085611692812057,4.1973478068946415,23.744745468267052
6991.719,0.08352038071224173,4.197395446366191,23.734119994804534
6996.438,0.0796328677298519,4.197302768275444,23.738421007217212
7001.141,0.07999421979666987,4.197454992790295,23.744788428421426
7005.797,0.08153585593398585,4.197497605651472,23.739892625038173
7010.516,0.08202599802971763,4.19750195420775,23.72584162244035
7015.219,0.08084728724684005,4.1972056284774215,23.734773180148874
7019.875,0.08231932641524024,4.197447008119384,23.73521522370567
7024.578,0.07838949485080163,4.197295477584096,23.729057822915927
7029.235,0.07158308807890898,4.196640419388647,23.726436209973496
7033.953,0.0703134369537496,4.1962160764837035,23.725272140536152
7038.657,0.08201507530402544,4.1973542678705265,23.72576350846337
7043.313,0.07983499088071813,4.197233465435915,23.717136633955068
7048.032,0.08059653682435619,4.196992488428547,23.72145858658822
7052.75,0.08180777960605884,4.197336513705609,23.72472262643363
7057.407,0.08088946458612473,4.19742428610165,23.726141500524857
7062.11,0.07972201281150729,4.197275073595228,23.72108263316122
7066.828,0.07730863592280138,4.197449672550271,23.721046486105365
7071.485,0.08113984707746527,4.197447084346594,23.71097538281682
7076.188,0.08016768039875055,4.197495310623419,23.72007912828994
7080.891,0.08130616518297613,4.197411181544522,23.720229431162114
7085.547,0.0817524524331865,4.197462752645683,23.719196461127215
7090.266,0.08086174358175062,4.19752844229949,23.721017102799586
7094.922,0.080290844465541,4.197527960613049,23.719904252538594
7099.641,0.08107285762923133,4.1974962883518785,23.717959114996365
7104.36,0.08161560031388902,4.1975543082113695,23.714259073705424
7109.016,0.08137603314029053,4.197533441548582,23.70905959247318
7113.719,0.08201103290395338,4.197514357934199,23.714429330940664
7118.36,0.08072226115312096,4.197374395288529,23.706895267422873
7123.078,0.08036580752080981,4.197449804118029,23.71131007785133
7127.797,0.07876155553197504,4.197625431739174,23.705574363695803
7132.453,0.08149500547987489,4.197529861898805,23.711990050356167
7137.172,0.08057417238300106,4.197620110987068,23.704448098568083
7141.891,0.0781105315465631,4.197876435150673,23.703331391117718
7146.547,0.08191486227361817,4.19764444386496,23.700574770205755
7151.266,0.07801717580724145,4.197588285383016,23.700885700216872
7155.985,0.08133501176704597,4.197606481443269,23.698301103640453
7160.641,0.07978867825516414,4.197601702141554,23.68986793452562
7165.36,0.07994542403849833,4.197722007487586,23.696999956615727
7170.078,0.07841829670717843,4.197848112705878,23.700488961642698
7174.766,0.08016340925192204,4.197605281082467,23.6926661259258
7179.485,0.07987462384827373,4.197681845750984,23.703646511793455
7184.203,0.08052802381011806,4.197751567696814,23.699392211602735
7188.86,0.08128462871705293,4.197795226651399,23.700316136655662
7193.578,0.08030929723769371,4.19776667722051,23.69130888520813
7198.313,0.07887718518688433,4.197880249372148,23.693337874420457
7202.969,0.07919836170618842,4.197741860251849,23.69739798836935
7207.672,0.07949332394513985,4.198091399872462,23.68818625643689
7212.328,0.08169088104504844,4.197735597021274,23.689567314328738
7217.063,0.07913066200425083,4.19778918856482,23.694110810268782
7221.797,0.08042891305157655,4.19793566021212,23.686198424910653
7226.453,0.07812309071641023,4.198065061913628,23.68964068123302
7231.157,0.08008287082058778,4.197899564349143,23.690938572251817
7235.813,0.07799370721377283,4.197959203990845,23.67316147944207
7240.532,0.08017738160360006,4.197855865935401,23.673346565637257
7245.25,0.07956832526035298,4.19777334635343,23.681336912480887
7249.907,0.07896623300085127,4.197941007989458,23.67884692878277
7254.61,0.07946669332319954,4.197722687570262,23.672779904856586
7259.266,0.07930929049444206,4.198026259643066,23.68182312033598
7264.0,0.07980154743775812,4.197972694340955,23.676549762919308
7268.703,0.07804710213754336,4.1979152357728315,23.675691803763137
7273.36,0.07752846143133375,4.198084222640827,23.67805527557553
7278.078,0.07940381133367215,4.197988750630837,23.667838315539854
7282.797,0.07717311130252237,4.198147664230234,23.67321647050559
7287.469,0.07710816074325172,4.198230278256149,23.666666210718883
7292.188,0.07630398860928575,4.198193298755377,23.666659041057866
7296.907,0.07780297294350717,4.198089237240152,23.669288800824898
7301.563,0.0785214037008138,4.19816747439028,23.66190860284442
7306.282,0.07886946880771459,4.198197789857573,23.667171607305157
7311.0,0.08151742197283883,4.198068757355765,23.666073702953994
7315.657,0.07802894495670806,4.198139538576295,23.661008571246
7320.375,0.07887808969963005,4.198200963248195,23.659514613452664
7325.094,0.07742638105685867,4.198296563944774,23.65663526517193
7329.75,0.07836381280328436,4.19830632288105,23.65328339953608
7334.469,0.08057227920857081,4.198224737575171,23.66622867454167
7339.188,0.07953757353643545,4.198290470378485,23.662167159349046
7343.844,0.08128800933858954,4.198146897926095,23.657825627886144
7348.578,0.07793659820557745,4.19832006164095,23.656186193840874
7353.282,0.07927715004936402,4.198358487638103,23.659745719131283
7357.938,0.07710090276696693,4.19839153400313,23.648088428680104
7362.672,0.08071661490805242,4.198336450380337,23.65203718238302
7367.391,0.07950251821544345,4.1982789999149235,23.64936119937483
7372.063,0.07661174262722992,4.198598634485486,23.652287173044698
7376.782,0.07805318023635717,4.198531914416545,23.652615585061586
7381.532,0.07700575742600094,4.19868808032574,23.646669253087136
7386.188,0.07062344951546094,4.1975645128010814,23.638445222152736
7390.922,0.06954349781980386,4.1975288521256795,23.643223294330774
7395.641,0.06874640406991463,4.1976403262828015,23.643306527716597
7400.297,0.06804045408501717,4.197555160635953,23.644485917799656
7405.016,0.06877556810214593,4.197293899770084,23.63352733466678
7409.75,0.07064022750380224,4.197546075383665,23.641899298771825
7414.407,0.06992734475547223,4.197467015706257,23.641342538279815
7419.125,0.06959875219803123,4.1975065967489495,23.63650239404634
7423.86,0.0681178394262841,4.197372160865789,23.635278233750018
7428.5,0.0672768412426892,4.197443500482817,23.63126592067502
7433.219,0.06839097038168789,4.197672793852764,23.6314325246305
7437.953,0.07084771092111883,4.19755868140874,23.63051255990479
7442.61,0.06736338151735938,4.19752605379532,23.62441440366231
7447.313,0.06903674978722885,4.19745948937114,23.635882606249062
7452.032,0.06909515815869804,4.197383534010786,23.63116575219549
7456.688,0.06948746246610751,4.197501262589016,23.628802710929065
7461.391,0.07075731048685349,4.197565226814535,23.634240957592382
7466.11,0.06948917540600552,4.197438647224378,23.630334726083493
7470.766,0.06892543957825475,4.197499478112244,23.625412881169435
7475.5,0.0694548924065687,4.197401962725214,23.628453869243423
7480.203,0.06758304149610693,4.1975499745087435,23.63136017259007
7484.86,0.07053492046071773,4.197464723772039,23.626033651508152
7489.578,0.06857445672829027,4.197533650629063,23.630492805663906
7494.297,0.07082282852427371,4.1975694098049905,23.63267799653365
7498.953,0.06917480270489836,4.197805955923701,23.63308948708832
7503.672,0.06676085812170274,4.197651469399587,23.63181296483363
7508.391,0.07060621979617453,4.197220450229669,23.631145153294618
7513.063,0.06923962974976465,4.197498278434434,23.629383705315025
7517.782,0.06886952032542507,4.197642522801128,23.625172784987015
7522.5,0.06941611214616045,4.197386038530361,23.626884979831015
7527.157,0.06693642720359516,4.1978072861635845,23.62987154498653
7531.875,0.06765380778244658,4.197265210414548,23.62273895745509
7536.61,0.07077651021637868,4.1974037168865275,23.621629265277274
7541.25,0.06107621074188633,4.196649247588997,23.623414823819328
7545.969,0.05869633090647593,4.19678919911178,23.618922443643605
7550.688,0.050332900792420567,4.195936614786132,23.6175860348818
7555.344,0.05742546533742373,4.196600113257822,23.626483174413156
7560.063,0.05742376792282325,4.196743102974015,23.62381694931555
7564.797,0.06060420739988082,4.196366058389233,23.61634528085985
7569.438,0.05916199641717494,4.196484004909818,23.61819005810332
7574.203,0.05983513903262984,4.196613230382802,23.614214032265163
7578.907,0.05756553676046894,4.1965544688737815,23.614253922505565
7583.563,0.057787180506691974,4.196607394698029,23.620735704500223
7588.282,0.058565545428969495,4.196473685355193,23.617855762271745
7593.016,0.0630555577355417,4.196260972236893,23.617667867939378
7597.672,0.058903595672690524,4.196558743793045,23.61092081022449
7602.391,0.06108123537104172,4.196683909617506,23.6125369897064
7607.125,0.05872853096235013,4.196847742945594,23.605560109758223
7611.782,0.059453603173084756,4.196583612357979,23.595607373452196
7616.5,0.05683790489452157,4.196449492371486,23.608977166360912
7621.219,0.057216605534495264,4.196862823510527,23.609445917577215
7625.875,0.05811963698320057,4.196548277865945,23.606488960156955
7630.594,0.05799585829633387,4.196564980666268,23.607512374239235
7635.36,0.057789862914978285,4.19671720313348,23.60340689283472
7640.0,0.06074096267093013,4.196762411458216,23.600363896441884
7644.735,0.058265681944759506,4.196363656313104,23.59940329910456
7649.469,0.058930004492449645,4.196421484867942,23.595079912511746
7654.125,0.058172266400561765,4.1965084093763405,23.596461390177826
7658.844,0.05760992829138346,4.1966450118899035,23.59458039342193
7663.578,0.04797376600104269,4.195701644285316,23.592543631920893
7668.235,0.05746633622033838,4.196468226447881,23.587966914446177
7672.938,0.05951512798195377,4.196538384977093,23.591693590402887
7677.61,0.05736929886910288,4.19675422662207,23.58792762154918
7682.344,0.05862582623932753,4.196779199664749,23.578210542679663
7687.063,0.060228554779625146,4.196503651740144,23.587735508678897
7691.719,0.05789719181728265,4.196389659723079,23.595007607672695
7696.438,0.05719437864982874,4.196529328965974,23.583728084816958
7701.141,0.060628659230863115,4.196805696775507,23.580975578560746
7705.797,0.06008279422216334,4.196615690672974,23.580181102804637
7710.532,0.056605251797236314,4.196831431320259,23.580514246032934
7715.25,0.057333483276721185,4.19674362571083,23.582710876256467
7719.907,0.05657069661587302,4.196619054973428,23.579350556105528
7724.641,0.05822365701459137,4.196931731067257,23.579323286926932
7729.36,0.05461550657408403,4.196635109693259,23.578801110646456
7734.032,0.04685453658923945,4.195757413216094,23.5773410440036
7738.75,0.05901904110054393,4.196699128018552,23.57795521818749
7743.469,0.05839094902402331,4.196695226339662,23.569816976260693
7748.125,0.059493650682797945,4.196774712302217,23.567878267231727
7752.86,0.05751428879478442,4.196848361205406,23.57402365895766
7757.594,0.05592704085309011,4.196613424730063,23.573004272610696
7762.25,0.059613411792111104,4.19680329450691,23.56374506919319
7766.969,0.060219768294022535,4.196870102290715,23.5661000609557
7771.703,0.05798011091153053,4.196900803153356,23.56997291636143
7776.36,0.05126637722039097,4.195827777159253,23.56676308867961
7781.078,0.06102455712874394,4.196457724865137,23.558134756920623
7785.813,0.05762719397200067,4.196697730533299,23.566892737464563
7790.469,0.058169677944950614,4.196761218535898,23.56206643318199
7795.235,0.05898355131016519,4.197026218153754,23.56841976105731
7799.953,0.06052658390463626,4.197179466333625,23.5552718321066
7804.625,0.05770994247978285,4.196582509840357,23.55848298363926
7809.344,0.056892916341253215,4.197032430433281,23.558442587318023
7814.078,0.05989463617283719,4.197067611539076,23.548886754494593
7818.735,0.04930975564815691,4.1961553580257025,23.55670168577109
7823.453,0.05574803145792108,4.196969543467829,23.556905054489388
7828.172,0.055273355214493634,4.196809028979455,23.560037563086716
7832.828,0.045781236812818565,4.196048428727437,23.57114143431266
7837.563,0.03848316278396944,4.195245601474844,23.566164694092286
7842.282,0.048070204971217924,4.195767298393661,23.557052729994254
7846.953,0.0573255117965676,4.19691254713433,23.56232099955035
7851.672,0.06008820429356524,4.1968337591876965,23.554025232941402
7856.407,0.05824189165715365,4.196791262264869,23.554878869920767
7861.063,0.05807699782663266,4.1968465880215895,23.56331936942873
7865.797,0.0563731212603641,4.197093655796567,23.552328162231486
7870.532,0.06040087936431616,4.196898729609287,23.55031098702209
7875.188,0.06008226217469415,4.196694856637832,23.553985387859353
7879.922,0.05671532226654168,4.197118729164771,23.553657532974597
7884.657,0.06109299144540593,4.19673967124314,23.563374494026984
7889.313,0.05899844428108961,4.196744055874602,23.544100319102405
7894.0,0.05662119922375524,4.196966160225636,23.542282080222474
7898.657,0.060945451728242256,4.197082049561794,23.548138399927158
7903.375,0.05900797523201456,4.196681614660186,23.54541283287862
7908.094,0.057281394381784694,4.197110242806516,23.537912976693754
7912.75,0.05611048859745687,4.197130158099963,23.548090983794374
7917.469,0.05907062844409656,4.196780449460853,23.546940444919368
7922.172,0.0467666465249907,4.196439366168667,23.54355837986442
7926.828,0.05838113288588664,4.196939837247302,23.540874162270526
7931.532,0.056118960606943144,4.197273977170585,23.5320370080847
7936.188,0.05419782736482312,4.197026521864723,23.5323665454273
7940.907,0.048813363044637605,4.196158197970441,23.540033808638356
7945.625,0.05876656150899717,4.197297213031733,23.541516311494984
7950.282,0.05587379033937863,4.1969899799878965,23.541423220023677
7954.985,0.05861128141979972,4.197184171676139,23.542330188730634
7959.703,0.06041429162862709,4.197355411880303,23.53448867945946
7964.344,0.05864479698379369,4.197320101131033,23.5435942647203
7969.063,0.05924879876163365,4.197406910452651,23.533853888463614
7973.719,0.047326727457816596,4.196135512302087,23.543727543896697
7978.422,0.057354087767481236,4.196942620169246,23.55071652524331
7983.141,0.05650879077716471,4.197203722449907,23.53993255683691
7987.813,0.05597414383044394,4.197082474356302,23.534174887113554
7992.516,0.05874638235542963,4.197113210077664,23.52323096469742
7997.172,0.056485453216543025,4.197323693567591,23.537129025836148
8001.891,0.04704664582181719,4.196394961272252,23.535784621262206
8006.61,0.05427758553251546,4.197030730207386,23.534836182357424
8011.25,0.05665431585646942,4.197262060501886,23.534677502021513
8015.969,0.05990081992045481,4.197607941340286,23.534317255262966
8020.672,0.03938123964264428,4.196751915616054,23.536104579003457
8025.328,0.04944212794203674,4.196513249620426,23.53373007547252
8030.032,0.03695590710321693,4.195612493322414,23.524769252647122
8034.688,0.03809240616169131,4.1955729619431095,23.523086674170106
8039.407,0.03801998651373111,4.195576898212351,23.53405019973928
8044.125,0.03742467532323049,4.195224515688404,23.529410581624855
8048.782,0.047459671209662636,4.196116858215246,23.526810186963313
8053.485,0.05889666225757163,4.196630445163032,23.52030450481437
8058.219,0.05569129508344365,4.196950050134897,23.525602300448547
8062.86,0.058402900314030726,4.197449823037634,23.52674546534389
8067.578,0.05438880407581399,4.197508866136349,23.521312749817547
8072.313,0.0558533390237806,4.197156687189955,23.5236579910578
8076.969,0.05743579407699603,4.19720371104925,23.51840106535133
8081.672,0.04688142529144091,4.196632593885584,23.524743538104907
8086.391,0.04829848172999979,4.196597060957076,23.532871381322234
8091.032,0.04768988045908293,4.1961919661114235,23.53187675697877
8095.766,0.05721450038300741,4.19713922508673,23.526476243893594
8100.485,0.051067972891572236,4.196508850436038,23.52384417471631
8105.141,0.0563036071782288,4.1972271082960075,23.50676897333566
8109.86,0.05784282139893684,4.197418805765939,23.51549795283024
8114.563,0.057905622753767164,4.197313688080976,23.503260079850097
8119.219,0.05852482128063817,4.197399563967268,23.514235117630665
8123.922,0.05808236851859737,4.197357392411902,23.505314413055437
8128.578,0.057814396243375775,4.197699405218956,23.507426732699855
8133.282,0.05461235134356164,4.197285133768204,23.50563000650318
8138.0,0.05454652816848873,4.198137700960993,23.511370695454623
8142.766,0.0564866176937042,4.197511054811609,23.50299609049777
8147.422,0.05799419121235586,4.197570510326563,23.503196786446104
8152.125,0.06602830387257869,4.19731143546242,23.49827002377231
8156.813,0.05363253541632831,4.197829184021117,23.48909277177998
8161.547,0.05647992419788412,4.197625595833975,23.490487194144322
8166.282,0.06239758279132637,4.197603825588566,23.50285869188634
8171.032,0.054945731889145734,4.197911811932726,23.504004216855552
8175.828,0.059811296591113165,4.197854141434414,23.503431665931014
8180.657,0.05847096100748539,4.197363844228986,23.504886854723146
8185.469,0.0583138130670469,4.197909161004761,23.496556268388847
8190.313,0.060835714393347666,4.197794425433697,23.499506445177186
8195.125,0.05762221695664644,4.197427930935997,23.484606880627606
8199.985,0.05909680713729573,4.197490793201857,23.497279679662896
8204.797,0.056660864950610894,4.197706752897113,23.4976347495889
8209.61,0.04665013588716711,4.196593675535315,23.48948651656718
8214.5,0.035144267690666066,4.196196495000095,23.49478212267755
8219.453,0.037835509932691205,4.196125991482455,23.48868873846096
8224.11,0.03671582708458698,4.196222550135236,23.487832309453648
8228.813,0.03781150724030782,4.195831121686218,23.493441631320923
8233.453,0.03710628112066511,4.1957179864008625,23.489528754448187
8238.172,0.037251717123024206,4.195632831866952,23.482234238405393
8242.891,0.037994352007311535,4.195808798195756,23.490982493427705
8247.532,0.0371350655439366,4.195730189347281,23.485465618178342
8252.25,0.035839198209757145,4.195948354832022,23.488835107642647
8256.953,0.03778263380125704,4.195884202303306,23.488023465421968
8261.61,0.039900876556096546,4.1957275637775115,23.485234972335256
8266.313,0.036791791643613236,4.195639320557906,23.48484241761623
8270.969,0.037639242910214935,4.195541188043597,23.483344628979168
8275.657,0.04511448276013779,4.196660095469121,23.484528263850425
8280.375,0.048962761656583385,4.196457725418829,23.479331502002783
8285.063,0.05377786301393426,4.197503003751861,23.479750118793053
8289.782,0.0569266760269486,4.197679031109358,23.487030027291283
8294.5,0.05573894167640405,4.197645515122107,23.47281933138744
8299.157,0.056053476287116384,4.197626668315769,23.479606829251946
8303.86,0.05878582492659096,4.19769695153925,23.481403507076642
8308.578,0.05321302651091114,4.197976412347133,23.484135969012016
8313.235,0.05423114893470331,4.197859107700421,23.482167049222163
8317.953,0.05538288728623446,4.197673849581217,23.465843480669047
8322.672,0.057582294530719794,4.197797238158375,23.480017733303477
8327.328,0.057031810584447895,4.1979488575879,23.472285884079078
8332.032,0.05822533251874727,4.197918009073612,23.47564898660149
8336.75,0.055394755734753276,4.19799602128234,23.476797952975563
8341.407,0.056218040440412405,4.197991183332341,23.471421997976993
8346.125,0.056857615487459864,4.198163225456991,23.468485571458817
8350.828,0.056050827715845734,4.198145968119156,23.47417012269827
8355.469,0.052473823335427966,4.19799501443852,23.474427892759696
8360.172,0.058225687867587396,4.198135703724022,23.46884226620019
8364.828,0.05412631148107778,4.1980911966267564,23.470668504172448
8369.547,0.057233789804568315,4.198368676615169,23.466351800458717
8374.266,0.05615108801050406,4.198207373369327,23.465964367383823
8378.922,0.05421687073327978,4.197957081889495,23.467306858759656
8383.641,0.047638565645463524,4.19740167215288,23.469495750621576
8388.36,0.046060401044795064,4.197209122445823,23.461931488509542
8393.016,0.04418214855135216,4.197398677594916,23.463571936625662
8397.735,0.045448071892503925,4.197368557118461,23.46473535366761
8402.453,0.0445578784829954,4.197431678822199,23.45913848926953
8407.11,0.04623800624315577,4.197329122233938,23.45935257417723
8411.828,0.04667122889221051,4.197125184523306,23.455346543930517
8416.532,0.04731633214354736,4.1971388338974,23.46319926166762
8421.188,0.045031477914791354,4.197274454884328,23.450535539716306
8425.891,0.046986242884707985,4.197338651289208,23.45684551287544
8430.547,0.04753822695453919,4.1969812027384865,23.454759059657597
8435.266,0.04396859870617756,4.197332519435146,23.465693192334573
8439.985,0.04527287779799012,4.19689121545766,23.46279942656047
8444.625,0.04626178597821532,4.19714964876039,23.4581658494111
8449.344,0.04829196805632162,4.197317577996669,23.458442674785136
8454.063,0.04616592364849151,4.19721890476021,23.46345954815302
8458.719,0.04647582108139713,4.197254971922719,23.46603975994763
8463.438,0.04727835475034454,4.197310647347527,23.46326311941591
8468.157,0.04633232503109899,4.197349449331396,23.458035425137396
8472.813,0.04577503846872691,4.197394885953525,23.4610075522933
8477.563,0.04749686352141805,4.197171370483701,23.452437607421533
8482.282,0.046308670954520216,4.197296200480016,23.457472100028436
8486.938,0.0338877338840018,4.196613063153787,23.457394828612504
8491.657,0.03489299071305576,4.196483806990988,23.460125152543302
8496.375,0.036441255093627244,4.196364499424338,23.462525276926446
8501.032,0.025834283305644593,4.195455601099852,23.461053743708227
8505.75,0.03584926678426825,4.196446790759661,23.457617964052144
8510.453,0.027733517617269672,4.195335252093931,23.45473977299461
8515.094,0.03823658034762188,4.19624287064765,23.454001713572165
8519.813,0.03688981995394675,4.196313636065718,23.460017188551163
8524.453,0.03542507488096468,4.196180767110595,23.457022647638627
8529.172,0.039266481277870025,4.196101574221841,23.44508358960579
8533.891,0.038002689925936355,4.196225102372518,23.441987274586708
8538.547,0.03562679324277285,4.1961727935729565,23.44932518803075
8543.25,0.034652415781154654,4.196239943007362,23.443765839050823
8547.907,0.0385859218803221,4.196359514591479,23.453061662443957
8552.625,0.03606546524222412,4.196125960470583,23.452526742016605
8557.344,0.03710007826444384,4.19603079663256,23.45115782874917
8561.985,0.036459824381267,4.196134566005033,23.449020437333463
8566.688,0.0374100932424509,4.1960537549837005,23.44586824377287
8571.344,0.03613225254344638,4.1963648893550305,23.448579423475028
8576.063,0.035305745776712874,4.196040691992828,23.44768839402513
8580.766,0.03497739997531229,4.1963163627979885,23.447456408549304
8585.422,0.03396122075348053,4.1961738304111815,23.448254741798383
8590.141,0.03869635644469467,4.196227469780278,23.442946736693344
8594.86,0.035221792534242555,4.1962720962943765,23.44832270534878
8599.5,0.03531013346784549,4.19601957955124,23.44021090404127
8604.203,0.0385954523742666,4.195999772833544,23.449860737959323
8608.844,0.03664819697963044,4.196235458290794,23.448223652721378
8613.547,0.03700759356222913,4.196087198157342,23.447287526503096
8618.203,0.03552563187681157,4.196107540434396,23.450809012472472
8622.922,0.037655463709234165,4.196188940372492,23.44381904750964
8627.641,0.02723409548951129,4.195336288840836,23.444150170410207
8632.282,0.039021249013743195,4.19608497375854,23.446287912549156
8636.985,0.03580464278716356,4.196305184711658,23.454183717085353
8641.641,0.03927804533462342,4.1961867756316,23.44148960621836
8646.36,0.03554925422450105,4.1964117524699365,23.44442842053888
8651.078,0.03442154321975772,4.195949180214841,23.44534826704543
8655.719,0.03653950332887189,4.196241021510101,23.436330750145977
8660.438,0.03677085812352821,4.19629316472661,23.432059663442146
8665.157,0.03444054374608165,4.196065390234643,23.439102262879196
8669.828,0.037180818700510654,4.196378656144032,23.440058047864163
8674.532,0.036201392179167895,4.196312953751574,23.445298715948876
8679.188,0.03493553216646535,4.196377734955905,23.435872062142714
8683.907,0.03744933502347876,4.196235011038599,23.435376633586383
8688.625,0.03908043308621394,4.196333203957818,23.430952678955233
8693.266,0.035371203322431995,4.196232551399781,23.434631769063504
8697.985,0.03769489621885082,4.196261489549133,23.436909109442745
8702.688,0.036836168886443484,4.19634145735914,23.43621855125123
8707.344,0.03609116729647183,4.196281739821976,23.436190773073253
8712.047,0.036744853691838386,4.196271596566622,23.429519861860868
8716.703,0.035789234174876255,4.196286372229473,23.43166114163169
8721.422,0.03769417185813354,4.1961780230418535,23.43370113140863
8726.125,0.03720539450694429,4.196243921218875,23.426632746311284
8730.782,0.034388095705573454,4.196474036959208,23.428329810542326
8735.5,0.036378901702440396,4.1961089055255645,23.428041911045018
8740.219,0.03878662846248814,4.196175714194118,23.429330113335876
8744.875,0.03631675975112122,4.19634164052444,23.42757899542397
8749.594,0.03797286455508872,4.196349792935986,23.428174154760065
8754.313,0.036636423501970335,4.196260558853512,23.4163198868026
8758.969,0.036493849777211644,4.19629103536463,23.421487912684885
8763.688,0.037881421156125014,4.1961255737626955,23.41893915837319
8768.391,0.038270830941505865,4.196341350264191,23.420977144644606
8773.047,0.0360124429942477,4.196227300943531,23.412816679820896
8777.75,0.035277974077313035,4.196190010654866,23.422157584080175
8782.407,0.03630196169778025,4.196422126905961,23.419481135804425
8787.11,0.033270453494918834,4.196278050924543,23.42409374986681
8791.828,0.03823146222876476,4.196335260731411,23.418734858079798
8796.485,0.03668968401997344,4.196602142903474,23.417523267317588
8801.203,0.03512167695258063,4.196538007702589,23.41961181932304
8805.922,0.02585457414295369,4.195625423563192,23.41014937552881
8810.578,0.028842074602552722,4.195518400806258,23.411316938052767
8815.297,0.03363754652997696,4.19608612493439,23.418658284227142
8820.016,0.038859037456564854,4.196214141827799,23.410600252593426
8824.657,0.03478285134218615,4.196461863818952,23.414250010623828
8829.375,0.03840166643152913,4.196380968989158,23.417149253998005
8834.078,0.03625118044180944,4.196284748832186,23.415105998383172
8838.735,0.038670630663039024,4.19634930693664,23.410743135045838
8843.438,0.03610101145248074,4.196388215793733,23.422961090828018
8848.094,0.03429755416306392,4.1964245319590185,23.420205752969824
8852.813,0.036080551403149655,4.196515890965738,23.42044418987631
8857.532,0.03707827391194377,4.196227855856844,23.419110593830244
8862.203,0.02660821276733309,4.195285596094712,23.419929408914086
8866.922,0.037111055438278695,4.196243081437616,23.414141589882302
8871.641,0.03588344604142744,4.19642578419125,23.41163816909588
8876.297,0.039134726246788654,4.196477428355122,23.415898097263398
8881.016,0.03391954022928135,4.196369331478076,23.411492691685336
8885.735,0.035108986950859455,4.196408164080439,23.4113977881867
8890.391,0.034155977078961536,4.196387201921558,23.408983020518768
8895.11,0.03822865632716617,4.196498531949722,23.40947749863226
8899.828,0.036841641969321715,4.196342404225841,23.406815490563236
8904.485,0.03650137247467697,4.196866452157394,23.403703584199228
8909.203,0.036219390155506924,4.196487000698957,23.413197393215015
8913.907,0.03577881737109005,4.196638812461034,23.411041591495287
8918.563,0.03641606439937645,4.196748262701395,23.40346884734187
8923.282,0.03631967324954441,4.196670018424399,23.407575661844824
8927.985,0.024410272268030973,4.195602468436519,23.4028628661793
8932.641,0.026827821622400008,4.195671891285789,23.40533728317316
8937.344,0.02954116201120688,4.195249234975576,23.406651830586835
8942.0,0.033829213241469085,4.196401418230041,23.40190890011608
8946.719,0.039310365351341976,4.196590964341641,23.4056724608188
8951.438,0.035452805555427444,4.196344761220082,23.409874623976602
8956.094,0.03520295253096758,4.196507099718071,23.398015685631098
8960.813,0.03537713130238521,4.196939163659972,23.40207236023889
8965.532,0.036188037335992095,4.196457781743281,23.40959130686347
8970.188,0.035139854325491715,4.196456909505063,23.405286289904932
8974.907,0.03560784521046109,4.196768106148269,23.40252849652039
8979.625,0.02679128609767462,4.195698406959945,23.395571881703802
8984.282,0.02577331133141642,4.19561408800413,23.405248507352873
8989.0,0.027585663604079276,4.1955221313383895,23.40012203862099
8993.719,0.03678192333180747,4.196591580001014,23.399022166631706
8998.375,0.036754374236091215,4.196615939888795,23.39508407255
9003.078,0.036430644910861766,4.196472397993126,23.39688374928619
9007.735,0.03725924926343109,4.196464772901419,23.39241191170994
9012.453,0.03491961120848252,4.196519226789881,23.392056904210442
9017.172,0.034167062596289655,4.196358163400433,23.388555059601586
9021.828,0.035212320065482576,4.1964638066708595,23.39936519221702
9026.547,0.03576931689146086,4.196473442053551,23.39671894487127
9031.266,0.03819892885728378,4.196577545194655,23.396449493382935
9035.922,0.035650512293753094,4.19696687614935,23.39851837674715
9040.641,0.035665697215111654,4.196724174598397,23.390026819449265
9045.36,0.036156133598395125,4.196711418778283,23.396029263574952
9050.016,0.026595822439546297,4.195859596850018,23.402140938347458
9054.782,0.028550396264599466,4.195952006992694,23.405618564224795
9059.485,0.025595739977269293,4.195691242190962,23.405178071524205
9064.141,0.02743575975366939,4.195774662361931,23.396083228054245
9068.86,0.02711194756966325,4.195531480173162,23.39898827164742
9073.578,0.03440660541290074,4.196473646292528,23.400065508423513
9078.235,0.0349185666827099,4.196528589636825,23.39143866126689
9082.953,0.033627705767426866,4.196594571425353,23.390337239068703
9087.657,0.0254229539377658,4.195974460961596,23.395933655411184
9092.313,0.027660493952855997,4.1956069873841315,23.39149734114314
9097.016,0.02436416258679968,4.195645468947069,23.394700952725138
9101.672,0.024327129187643588,4.195842650118336,23.38959847435591
9106.375,0.02436759183047037,4.195464137802937,23.385123120336992
9111.11,0.03899409162394368,4.196383841924829,23.387781625702246
9115.766,0.03466132820599688,4.196512748390848,23.395412111064168
9120.469,0.0339072107190276,4.196600794486723,23.3897171802401
9125.125,0.036365636270850286,4.1964367265967475,23.388575010990788
9129.844,0.03707997484289836,4.1966569412199854,23.394767412163095
9134.563,0.037211611312025036,4.196690779715612,23.383519211551977
9139.25,0.036608166657709336,4.196534417064531,23.381715231117433
9143.969,0.03542972379811829,4.196768199131554,23.38714404265337
9148.688,0.03541033414599573,4.196851209366854,23.38287290344525
9153.422,0.03696634221734181,4.196891340591941,23.385813072437152
9158.172,0.0354040824984492,4.196666163508478,23.38598056134721
9162.938,0.034917463626550356,4.197017581761413,23.387378783318205
9167.688,0.035417589144766067,4.1969459266059825,23.384427235562818
9172.407,0.03564748714275105,4.196800497691163,23.383226891904727
9177.141,0.025477821063084716,4.19602653912904,23.382659440850706
9181.828,0.024489175024898998,4.1959669885126,23.384605544853915
9186.594,0.025563365889742798,4.195956441542139,23.395945364587284
9191.25,0.0268209959573527,4.1957954818973375,23.38311080639166
9195.969,0.024976828420225288,4.195988671298899,23.369593370220297
9200.688,0.026239421453741828,4.195825461628862,23.378093840007285
9205.344,0.026237244171822764,4.1959420927082975,23.380141165644275
9210.063,0.027194032523090054,4.195747178016542,23.378314878713823
9214.782,0.02671742524476565,4.195752309016963,23.37225520316023
9219.438,0.02675371360254849,4.19566712732803,23.381366336516464
9224.157,0.028292828913238862,4.195848748416526,23.383065110130353
9228.875,0.024872231286564864,4.195854584369944,23.381345545405168
9233.563,0.026170386182106913,4.195617206993832,23.378706666541834
9238.282,0.027047462278185885,4.195830803398102,23.381895282801306
9243.0,0.025472895881080097,4.195797269613026,23.379025425879448
9247.657,0.027388729724160933,4.195914052613476,23.3709663595864
9252.391,0.027172064805500246,4.195616830423776,23.371817595663966
9257.094,0.024212226517517057,4.195711553908972,23.379753666809453
9261.75,0.02447056367721217,4.195882994068601,23.37009258517576
9266.469,0.02630252711192101,4.195762936558329,23.376105598215688
9271.203,0.027384297600324244,4.195559353951474,23.367463810163652
9275.844,0.02669145392000703,4.195924449401161,23.374062078967185
9280.563,0.02908865897135693,4.1956183816601,23.380103765113166
9285.266,0.025095071937740483,4.195730507064727,23.378169560853333
9289.938,0.026025393697187024,4.195724026281374,23.374288379641882
9294.657,0.024722609117561994,4.195685385439102,23.36490825295668
9299.36,0.027125453947896783,4.195545491525473,23.370899395990797
9304.016,0.036583100357724,4.196463233290075,23.36752180941712
9308.735,0.034194814242046956,4.19642953199701,23.368279823446777
9313.453,0.024562024501396655,4.195953197281023,23.368841007280476
9318.11,0.025549309999490122,4.195722928677487,23.37062860618684
9322.828,0.02580014045898924,4.195697020857602,23.360852160349808
9327.547,0.026276245728956885,4.195755888353712,23.364533325714024
9332.188,0.026186719718035004,4.195734144025804,23.361996472611587
9336.907,0.025362116359902515,4.195775138234791,23.354953899521426
9341.641,0.027196963563282234,4.195710962194001,23.358836765311587
9346.282,0.026469693480636002,4.19557179193104,23.35433617339644
9351.0,0.025690738488656592,4.195961911057539,23.363751387377437
9355.735,0.025241801494246364,4.195858172416544,23.365733411661854
9360.375,0.02693494206253967,4.195858771449267,23.357379907067937
9365.11,0.02513726163454248,4.195826478358776,23.35868064576852
9369.828,0.024855224697427132,4.195823710666643,23.367451802642286
9374.813,0.026956506218207835,4.1956329699833965,23.356116233571807
9379.532,0.02822430689069799,4.195877287129859,23.359585819712596
9384.25,0.0271659217554885,4.195714059342939,23.358406044768383
9388.922,0.02632542280032649,4.196041222276153,23.358412349832978
9393.688,0.025751027682168692,4.195765866863236,23.36790180995003
9398.422,0.024239156930130974,4.195710058622687,23.36868592740476
9403.141,0.025998049335519212,4.195752426522754,23.360073956499836
9407.813,0.02733435187138958,4.195775631995561,23.360431216765804
9412.532,0.023962782755938484,4.195831496533995,23.357473317036195
9417.25,0.024633624561590368,4.1957783850169905,23.36339276763907
9421.922,0.025357515765257185,4.195561786203967,23.358734603836464
9426.657,0.0240461093689674,4.195896398732586,23.35682441161257
9431.375,0.02678190310003107,4.195651060412757,23.357713607984397
9436.032,0.024679264414854272,4.195668801881725,23.3513694786887
9440.75,0.026269787707420306,4.19583695143522,23.35594658074637
9445.469,0.025985210110720428,4.19573835568346,23.353609545950007
9450.125,0.026966602476061054,4.195790238671329,23.35305159425083
9454.844,0.02588698589147408,4.195879285802669,23.353317610001582
9459.578,0.026759482150294406,4.195925861678646,23.35398994829809
9464.235,0.026312555672980274,4.195566234625977,23.346746746171405
9468.953,0.026661715070932224,4.195945119843537,23.356569386366164
9473.672,0.026447221222566195,4.1958238570249184,23.36075166337656
9478.328,0.025692681280286598,4.1959972214939,23.34620138959596
9483.063,0.027133233760718425,4.19557398558735,23.346763650737195
9487.782,0.02545937559850709,4.1960402983400025,23.34477120419952
9492.516,0.027648627756805426,4.195632862225683,23.351803149683644
9497.172,0.024711995325615195,4.19568145498267,23.34666822536564
9501.891,0.02500136409353133,4.195816885011212,23.3451899082493
9506.61,0.024969284079423705,4.1957778234143115,23.351272778751326
9511.266,0.023699617939571656,4.196005807048332,23.33753857013952
9516.0,0.027019540436086373,4.195971251762065,23.34238256087531
9520.703,0.031103237783304538,4.195824608040147,23.34344869509265
9525.375,0.02895593841281427,4.195875150248399,23.347655592924124
9530.094,0.028952996003896364,4.195833709576594,23.34881190200482
9534.813,0.028884045767305508,4.195935912298144,23.353005724255755
9539.469,0.026579755446090043,4.1956972224958005,23.341135708194365
9544.188,0.024909807577525197,4.196067978494048,23.3413169823995
9548.907,0.026328196815070745,4.195867059868158,23.34388195182605
9553.563,0.025381016946349533,4.195803704922788,23.34181193993735
9558.282,0.026642166858742128,4.195933832096087,23.33891160599546
9562.875,0.027849482976298797,4.1959098242477015,23.334163177624458
9567.532,0.02713647018139915,4.196170356635958,23.34452161382366
9572.141,0.023393877405631962,4.19565215525588,23.34652691988126
9576.797,0.028773885228342472,4.1958732774402465,23.34340615397413
9581.407,0.02616248446464384,4.195985661170691,23.337884423012746
9586.032,0.026656334226229934,4.195742203930658,23.344391506634192
9590.703,0.024630337596159003,4.196062657875895,23.344952994804917
9595.344,0.024337057692661663,4.196013688263521,23.334823706679263
9599.953,0.027122647099030662,4.196034184984975,23.33757606671092
9604.563,0.02690004034897217,4.196102778206762,23.34122881265651
9609.219,0.02663924629595755,4.195766987526336,23.33569297815373
9613.828,0.028262526853258356,4.195867280474284,23.333784638787467
9618.453,0.026079331930014413,4.196029217874152,23.335542681418758
9623.11,0.025075959211376057,4.196045839345261,23.330545409245964
9627.719,0.02476446765390823,4.196176893949685,23.337739171466673
9632.375,0.02456063829358797,4.195847196428865,23.334251709294353
9636.985,0.023390301646709914,4.196215527217782,23.335356797202934
9641.594,0.02699891052473509,4.196068170569214,23.334242022440147
9646.235,0.02544546075297515,4.19584500866152,23.32402580465215
9650.844,0.02668923385390223,4.195908346880117,23.33119254849242
9655.453,0.023730958156281297,4.195802997277198,23.335776398100265
9660.11,0.026347353315286468,4.195820912269494,23.33194492061217
9664.719,0.027574132210987336,4.19597877366359,23.33062951754776
9669.375,0.02786436854294365,4.195917545271875,23.327842809941984
9673.969,0.025812650378808782,4.196365220193011,23.33790065090363
9678.578,0.025720650475382204,4.196205186826017,23.33317137826404
9683.235,0.02630258238014389,4.1961387327845046,23.342315831851373
9687.844,0.025899114681795156,4.195942510541794,23.328107624485412
9692.453,0.027216674342695223,4.196096962463138,23.329776351924348
9697.11,0.028329960073153016,4.195999483833143,23.3270505578312
9701.703,0.02247988924931688,4.196278567854493,23.328893322121107
9706.375,0.026332210876900835,4.196054091838168,23.32098904368619
9710.969,0.02428484269116314,4.195984390904948,23.334354184386136
9715.578,0.02554455581870763,4.19608426411113,23.332280229267933
9720.235,0.026513729414829577,4.195918139340782,23.33099504818502
9724.844,0.027217906926418633,4.195820472515927,23.338665373014795
9729.5,0.02539526057742285,4.195958360221435,23.336550556833103
9734.11,0.028371401321470074,4.196018475552806,23.329419775317994
9738.766,0.02595333748349353,4.195847717621278,23.337060887320494
9743.375,0.023575163817053046,4.196083112466681,23.33323655119387
9747.985,0.02446289485941619,4.196300602267656,23.34089828886795
9752.641,0.02435810930831859,4.195980250257693,23.335324596420108
9757.235,0.022370171857540876,4.195928464850578,23.332212014198902
9761.891,0.02604914284052255,4.196042778278989,23.344273986012045
9766.516,0.02537813385483772,4.196175617640208,23.337691371183315
9771.172,0.022465026379590115,4.196376106847907,23.329307275055402
9775.766,0.024243442273666538,4.19620988864955,23.32862548018392
9780.375,0.023968394024133987,4.1962408545304255,23.331496602303353
9785.063,0.02712713008926259,4.196066463250772,23.331481649524573
9789.672,0.0256314454381343,4.196099516338012,23.324010708076514
9794.344,0.02715914333422584,4.196200061688949,23.335956168876226
9798.938,0.026714410232174145,4.196091251630754,23.32427592094645
9803.547,0.02565865459122083,4.195900783858433,23.32231007547309
9808.203,0.02504211398459305,4.1963053452129095,23.334393452859985
9812.813,0.024364785274870418,4.196279594131207,23.33408314045098
9817.407,0.02418925506338546,4.1961859636467365,23.33451755018936
9821.907,0.027965779650930365,4.195948044047377,23.327961987026352
9826.407,0.026989543149480655,4.195873797278006,23.325151391299034
9830.907,0.025403648884567094,4.195995611106736,23.322157464642576
9835.422,0.025673267900670482,4.195968303056092,23.31574929852466
9839.922,0.025021889077298597,4.19576376601702,23.311098970009873
9844.438,0.02488818352993981,4.196007032080926,23.315058597762913
9848.938,0.02406017616004264,4.196099595238561,23.316960982086318
9853.453,0.02775489256354204,4.196074747117711,23.31883562328166
9857.953,0.02290793544560501,4.19615483505438,23.322762245867096
9862.453,0.023846648395908526,4.196025630578968,23.329776953976
9866.969,0.022014732500601916,4.196232079673857,23.326184581328665
9871.469,0.021877974358990738,4.196369580620785,23.325260230696664
9875.969,0.0277161171926679,4.196045234997268,23.326666359629883
9880.469,0.025391603597188433,4.196158125333633,23.319658442105
9885.0,0.02289789522320901,4.196046812570439,23.33248711408003
9889.485,0.02624125353972707,4.196144805431713,23.318963603443056
9893.985,0.02669562726091565,4.196028307053709,23.31934762967931
9898.5,0.024035809457620835,4.196105677843034,23.31827400719349
9903.016,0.024360391025866453,4.196017013698606,23.32081760762779
9907.516,0.020584593748558127,4.196137130589152,23.32518984299072
9912.0,0.023358999612793304,4.196191606197269,23.319872610536176
9916.516,0.025872715421767594,4.1958336638559635,23.322420067756443
9921.016,0.02553156566915599,4.196145972251514,23.325228608964792
9925.516,0.025891915479360428,4.1960268526016895,23.32027330543627
9930.047,0.025256989959135702,4.196062903035322,23.31893429437311
9934.547,0.02044733406363018,4.19612212424575,23.315554488507576
9939.047,0.025241577326621696,4.196101778934674,23.316879415500463
9943.547,0.025250434733797497,4.196102810391744,23.312690936993974
9948.063,0.025671802014843904,4.19622506178177,23.306653200385792
9952.563,0.023216175692147036,4.196027582866496,23.321960403432055
9957.063,0.02434928041339788,4.195932488131562,23.310265611188562
9961.563,0.02113124943358458,4.196279126397984,23.313365916568127
9966.063,0.021497338329807728,4.195971798571737,23.31759677892186
9970.578,0.025448242558004913,4.196072960025328,23.316649725604467
9975.078,0.02504531322219088,4.196469824278056,23.324392344806803
9979.594,0.024031694340233153,4.196268818189615,23.320864900036042
9984.094,0.02403936911729933,4.195855987509474,23.322032269751706
9988.594,0.02741754118663789,4.196113748131858,23.328661621252152
9993.094,0.02516423027240756,4.195957339525774,23.32522193737802
9997.61,0.02485938562763053,4.196149730518185,23.31460485692409
10002.11,0.022743523738294406,4.19624585084626,23.319345930365056
10006.61,0.023243258500529006,4.196160289449175,23.319367339732437
10011.125,0.021886889703112106,4.196263093030275,23.319025029320446
10015.625,0.024782552759539035,4.196117870538988,23.31802263206223
10020.125,0.02302683272017473,4.195936004064864,23.32308292294929
10024.625,0.023029509097344268,4.196269048804092,23.316036102615637
10029.141,0.02051190538096865,4.1960490483394075,23.318500268109027
10033.641,0.026228677906310383,4.196477375466877,23.316936684557145
10038.219,0.024300492881753653,4.195822614802181,23.321740479708584
10042.797,0.021197505624336793,4.196138997745632,23.31448157993311
10047.344,0.02708403940865177,4.196444176737649,23.318254338998617
10051.875,0.023281751235348105,4.196433691682567,23.312451386615983
10056.453,0.024746253754853068,4.1964252088198215,23.313657220260833
10060.985,0.024670122162792036,4.196234703640971,23.314544624619707
10065.547,0.02432881415681936,4.196473627959725,23.308930724238042
10070.094,0.023205332082662004,4.196387240838024,23.303582526062257
10074.657,0.02597342717540458,4.196195107197643,23.31642646745407
10079.141,0.023480969883098092,4.196113324134629,23.31193686023698
10083.657,0.022999205419638243,4.196133871577357,23.312587062162205
10088.157,0.022241817363771316,4.196305071232242,23.311079017164495
10092.672,0.020502831993369483,4.196509135006926,23.312970639372043
10097.172,0.021771407514005702,4.196545117643506,23.31399863863473
10101.672,0.022902428227556,4.196369903475789,23.317841471906515
10106.172,0.022179179651973788,4.196407807897532,23.30617998553328
10110.688,0.022759437826453965,4.19653261664448,23.303310430229093
10115.188,0.0266182287855474,4.196450295155045,23.29969313192139
10119.688,0.026608767544778734,4.196491996611742,23.301096039960584
10124.219,0.020636680566417265,4.196403059803382,23.304332629381538
10128.719,0.022789563963773015,4.1963512231534,23.30301571294644
10133.219,0.024665241454421193,4.196111268592364,23.30723885021743
10137.719,0.022755381186187192,4.196585228526497,23.295257596306524
10142.235,0.02024863880870746,4.196075186208467,23.303168041880046
10146.75,0.025031282481376024,4.196527331589487,23.3001421567729
10151.25,0.024493599772514543,4.196631107535473,23.308149010561902
10155.766,0.0230012494515839,4.196558768257416,23.296876420009287
10160.266,0.023902690136125334,4.196394478953166,23.301878808061385
10164.766,0.02235127670124521,4.196491990527823,23.292207597442506
10169.266,0.02154209486430259,4.196475686186295,23.29939762803669
10173.797,0.020725950205258754,4.196592711177778,23.303617270452502
10178.297,0.019678308348307326,4.196451102013103,23.304195707386206
10182.735,-0.0006236941044810029,4.17645753791666,23.311943401373657
10187.203,-0.0010100217202723993,4.183299581590844,23.33161414791537
10191.657,0.0018735460969240396,4.185575544263265,23.343693034611917
10196.11,-0.00205681755413638,4.186274368082078,23.353087113992846
10200.563,-0.001480983991670144,4.187451420962203,23.358102942689644
10205.047,0.0012641336612726867,4.1877459426193875,23.35845822682349
10209.5,-0.001701433245362177,4.188284397797916,23.362394022226344
10213.969,0.0017010750621520685,4.188317211655363,23.36397350613485
10218.438,-0.00010060678806123827,4.189072537389034,23.365894799594567
10222.922,-0.00031243917280546495,4.189087388194332,23.374256985483427
10227.391,0.0018540068901858483,4.189072432676637,23.37423367897739
10231.844,0.000756454361375399,4.1894436485614435,23.373657773022856
10236.328,0.0005889905762340319,4.189502092666477,23.362533726270648
10240.782,-0.001471425108040443,4.189379921975645,23.36433050014498
10245.25,0.00033821004237449175,4.189526683355145,23.364538134132196
10249.719,-0.0009253803591128327,4.189594053973964,23.35644776923693
10254.188,-0.0008173330323769554,4.189802256912939,23.363343856791875
10258.657,0.0008007597560705292,4.1897706243958535,23.371826445074827
10263.125,0.0019588536239385176,4.18991264693559,23.369883285471236
10267.594,-0.004032896632246842,4.190181505542654,23.363598342948354
10272.063,-0.0013535932096883992,4.1901127803882465,23.364980804009026
10276.532,-0.00022836451375354797,4.18993109007625,23.362471532407575
10280.985,-0.0004252842924766542,4.190011080549372,23.364594585623433
10285.469,0.0031741053540331153,4.190321968100019,23.35720115149846
10289.922,-0.0012925383894200058,4.190203711768518,23.35618664922312
10294.391,-0.002209161990049913,4.190309457938191,23.348703996540383
10298.875,0.0007910619444230215,4.19049817614165,23.3541637550256
10303.344,0.0005506416078701944,4.190053001996664,23.355511973632535
10307.797,-0.00010979795255773144,4.190318063046086,23.360237536898527
10312.266,-0.0025635784715683997,4.190229457197649,23.35069186231674
10316.75,-0.0004444662998318,4.190262062379431,23.35245266471328
10321.219,0.0012622395913890869,4.190358759125175,23.342361088446694
10325.672,0.0009359273533576524,4.1906050339960315,23.350026551902733
10330.125,-0.0006064938832892639,4.190534890949953,23.353385468669668
10334.61,-0.00032678272476813306,4.190543281674894,23.358918711270213
10339.078,0.0022663202855813373,4.190502149412085,23.354909334158744
10343.532,0.0008598734539595662,4.190242343856202,23.34678275249701
10348.016,-0.001178445866080393,4.190340570439341,23.342091030181614
10352.485,-0.0006979805663819863,4.190393914186704,23.358842281430196
10356.938,-0.0014507678972111976,4.190401070154271,23.355779579544187
10361.407,-0.0002866015956680968,4.190513634067314,23.35342067083672
10365.875,0.0008904894993602401,4.190254308053731,23.347758234030806
10370.344,0.0026881062548335098,4.19045076249233,23.345482171298347
10374.813,-0.004755358601874491,4.1900653840366955,23.349024564256663
10379.282,0.002080131810767138,4.190391622148206,23.35053779125538
10383.75,-0.0024341244293760163,4.190377875486395,23.3481444291833
10388.219,0.0022919538557240227,4.190147832164373,23.348010580304116
10392.672,-0.0023506984234569527,4.190345072299222,23.347145823782384
10397.157,-0.001236266865223926,4.190372727741517,23.346047614681268
10401.61,-0.0020027561474563844,4.190485019703042,23.341831676099122
10406.078,-0.0007192046003530137,4.190443958726786,23.34564850335231
10410.578,-0.0017428911700983526,4.190211378887931,23.342814175943552
10415.032,-0.0010990224572804631,4.190505357331823,23.338668374549155
10419.5,-0.002800707435461923,4.190576517194796,23.342659424137196
10423.953,-0.000907441707225097,4.190442326510226,23.331950144410285
10428.438,0.0025833049913331204,4.19045562726107,23.34126634531477
10432.891,0.00027990874913398606,4.190435263489746,23.338086872638364
10437.36,0.0009803542340509738,4.190418969645613,23.33142157023548
10441.828,0.00019679350843786436,4.190366256459904,23.33425318150627
10446.297,0.004024071929644289,4.190722416402892,23.341433599595643
10450.766,0.0007833825246066439,4.190487887752158,23.341289409925395
10455.219,0.0008126863920342984,4.190210123003966,23.341103561809106
10459.688,-0.0033373101052469882,4.1902435918915995,23.341002456146025
10464.157,0.002336809607717901,4.190486220303522,23.338682190897657
10468.61,0.00014336330015186485,4.190270006988519,23.34311244646284
10473.078,0.00410206602921637,4.190573106950091,23.340837734016315
10477.563,-0.0006567968618625185,4.190392814567802,23.337140809360438
10482.016,-0.0029123825653544714,4.190511351593956,23.33404247262994
10486.485,0.0024929984141003956,4.190334685040891,23.330819406934097
10490.953,-0.001032712585165523,4.19044127584583,23.33187257661876
10495.422,-0.00020854885403580656,4.190028847484421,23.337001227156755
10499.875,0.000473854104096568,4.1902966533137,23.332291247706944
10504.344,-0.002620810959840839,4.189996767036135,23.33172512352469
10508.828,4.336278312488787e-05,4.190438037575805,23.33678092174599
10513.282,-0.004321921910178473,4.190200000922463,23.332594825490997
10517.75,-0.00047987503073829624,4.190350061751057,23.32718235959519
10522.235,-0.0008478029191475182,4.19010870128081,23.328602621436886
10526.703,0.0016944515449799713,4.190277099809835,23.32257631395336
10531.157,-0.0004417389010183004,4.190393284681203,23.324868934790217
10535.625,-0.00196631847319148,4.190308708884058,23.317893936882538
10540.11,-0.003256942788310581,4.189817554706016,23.322969126858474
10544.563,-0.00043858040020229995,4.190279732008117,23.313781742337056
10549.032,0.0008774303258522822,4.190120205471318,23.32281927124744
10553.485,0.0036539056467658035,4.190014353075924,23.32620871360398
10557.985,-0.0024369327186427605,4.190088076950879,23.313090085351572
10562.438,-0.002349659776571278,4.1902318321650185,23.323541047140594
10566.891,-0.0016483559780438323,4.190355361105372,23.320151572223
10571.375,0.000634391349408713,4.190061034086525,23.320366257358174
10575.828,-0.0010869153444602805,4.190196387902568,23.316996264857657
10580.297,-0.0014373597734590653,4.190148809417701,23.31665665408257
10584.766,-0.0006384493564894067,4.190177081078548,23.31258063863998
